"Source";"Language";"Date";"Title";"URL"
"VRT NWS (EN)";"EN";"2026-09-09";"Kijk nu: Kristel Verbeke over de tweede aflevering van 'Kristel' in 'De Afspraak'";"https://www.vrt.be/vrtmax/a-z/de-afspraak/2026/de-afspraak-d20260907/"
"VRT NWS (EN)";"EN";"2026-09-09";"Ook jonge mannen getroffen: enorme oversterfte bij hittegolf van juni verrast zelfs experts";"https://www.vrt.be/vrtnws/nl/2026/09/09/hittedoden-sciensano-verbaasd-rmg-vandenbroucke-hitteplan/?utm_source=corporate&utm_medium=referral&utm_campaign=rssfeed&utm_content=vrt-nws"
"VRT NWS (EN)";"EN";"2026-09-09";"Ook 'ching chang chong' op de muziekschool: academie in Aartselaar past liedjestekst aan";"https://www.vrt.be/vrtnws/nl/2026/09/09/liedjestekst-academie-aartselaar-ching-chang-chong/?utm_source=corporate&utm_medium=referral&utm_campaign=rssfeed&utm_content=vrt-nws"
"VRT NWS (EN)";"EN";"2026-09-09";"Dronken twintiger ramt gevel van bakkerij in Herent: ""We bedienen klanten nu via de achterdeur""";"https://www.vrt.be/vrtnws/nl/2026/09/09/auto-ramt-gevel-bakkerij-herent/?utm_source=corporate&utm_medium=referral&utm_campaign=rssfeed&utm_content=vrt-nws"
"VRT NWS (EN)";"EN";"2026-09-09";"VRT werkt mee aan 'King of hearts', een nieuwe dramaserie over koning Boudewijn";"https://www.vrt.be/vrtnws/nl/2026/09/09/_king-of-hearts_-serie-over-boudewijn/?utm_source=corporate&utm_medium=referral&utm_campaign=rssfeed&utm_content=vrt-nws"
"VRT NWS (EN)";"EN";"2026-09-09";"Trump zegt dat 2 brandweermannen hem na 9/11 wegdroegen, CNN vindt geen bewijs";"https://www.vrt.be/vrtnws/nl/2026/09/09/uitspraken-trump-over-aanwezigheid-9-11/?utm_source=corporate&utm_medium=referral&utm_campaign=rssfeed&utm_content=vrt-nws"
"VRT NWS (EN)";"EN";"2026-09-09";"Artificiële intelligentie lost een van de grootste wiskundige raadsels ooit op in 4 dagen";"https://www.vrt.be/vrtnws/nl/2026/09/09/ai-lost-navier-stokes-probleem/?utm_source=corporate&utm_medium=referral&utm_campaign=rssfeed&utm_content=vrt-nws"
"VRT NWS (EN)";"EN";"2026-09-09";"Trump gaf assistente Natalie Harp en 2 andere medewerkers 45.000 dollar cash als ""kerstcadeau""";"https://www.vrt.be/vrtnws/nl/2026/09/09/trump-schenkt-geld-aan-medewerkers/?utm_source=corporate&utm_medium=referral&utm_campaign=rssfeed&utm_content=vrt-nws"
"VRT NWS (EN)";"EN";"2026-09-09";"Chocolademousse die mogelijk met listeria is besmet uit de handel gehaald";"https://www.vrt.be/vrtnws/nl/2026/09/09/chocolademousse-listeria-alfiero/?utm_source=corporate&utm_medium=referral&utm_campaign=rssfeed&utm_content=vrt-nws"
"VRT NWS (EN)";"EN";"2026-09-09";"Nieuwe Apple-CEO John Ternus komt vanavond mogelijk met eerste vouwbare iPhone";"https://www.vrt.be/vrtnws/nl/2026/09/09/surprise-and-shine-apple-nieuwe-opvouwbare-iphone/?utm_source=corporate&utm_medium=referral&utm_campaign=rssfeed&utm_content=vrt-nws"
"VRT NWS (EN)";"EN";"2026-09-09";"'Man met rode bandana' krijgt 25 jaar na 9/11 eremedaille: hoe 24-jarige held 18 mensen redde en zelf het leven liet";"https://www.vrt.be/vrtnws/nl/2026/09/09/welles-crowther-9-11-aanslagen-rode-bandana-medal-of-freedom/?utm_source=corporate&utm_medium=referral&utm_campaign=rssfeed&utm_content=vrt-nws"
"VRT NWS (EN)";"EN";"2026-09-09";"Verdachte met kalasjnikov in Zuidstation ontkent criminele banden: ""Wapen 'per toeval' gestolen tijdens verhuis""";"https://www.vrt.be/vrtnws/nl/2026/09/09/verdachte-die-werd-opgepakt-met-geladen-kalasjnikov-ontkent-band/?utm_source=corporate&utm_medium=referral&utm_campaign=rssfeed&utm_content=vrt-nws"
"VRT NWS (EN)";"EN";"2026-09-09";"""Zo verdrietig dat we niet tot verdict konden komen"": 3 juryleden over hoe proces tegen Lindsay Clancy helemaal vastliep";"https://www.vrt.be/vrtnws/nl/2026/09/09/jury-lindsay-clancy-moord-kinderen/?utm_source=corporate&utm_medium=referral&utm_campaign=rssfeed&utm_content=vrt-nws"
"VRT NWS (EN)";"EN";"2026-09-09";"'South Park' herdoopt zichzelf tot 'South America' uit protest tegen Trump";"https://www.vrt.be/vrtnws/nl/2026/09/09/south-park-spot-met-trump-en-doopt-zichzelf-om-tot-south-amer/?utm_source=corporate&utm_medium=referral&utm_campaign=rssfeed&utm_content=vrt-nws"
"VRT NWS (EN)";"EN";"2026-09-09";"Van superspaarder naar superbelegger? Belgen beleggen nu meer dan dat ze sparen";"https://www.vrt.be/vrtnws/nl/2026/09/09/van-superspaarder-naar-superbelegger-belgen-beleggen-nu-meer-da/?utm_source=corporate&utm_medium=referral&utm_campaign=rssfeed&utm_content=vrt-nws"
"VRT NWS (EN)";"EN";"2026-09-09";"Villa van Nicolas Cage in Malibu bedreigd door groot zinkgat op oprit";"https://www.vrt.be/vrtnws/nl/2026/09/09/nicolas-cage-villa-malibu-zinkgat/?utm_source=corporate&utm_medium=referral&utm_campaign=rssfeed&utm_content=vrt-nws"
"VRT NWS (EN)";"EN";"2026-09-09";"""Leerlingen kennen woorden als 'petanque' en 'oever' niet meer"": deze leerkrachten schrikken niet van PISA-resultaten";"https://www.vrt.be/vrtnws/nl/2026/09/09/reacties-leerkrachten-pisa/?utm_source=corporate&utm_medium=referral&utm_campaign=rssfeed&utm_content=vrt-nws"
"VRT NWS (EN)";"EN";"2026-09-09";"Leidt 'zwak sperma' tot zwangerschapsmisselijkheid? En wat met ijs op je teelballen? Dit zijn de mythes rond 'spermmaxxing'";"https://www.vrt.be/vrtnws/nl/2026/09/07/factcheck-leidt-zwak-sperma-tot-moeilijke-zwangerschap-en-wat-m/?utm_source=corporate&utm_medium=referral&utm_campaign=rssfeed&utm_content=vrt-nws"
"VRT NWS (EN)";"EN";"2026-09-09";"Vijftig jaar dood, en nog altijd overal: hoe Mao voortleeft in het China van Xi Jinping";"https://www.vrt.be/vrtnws/nl/2026/09/08/vijftig-jaar-dood-en-nog-altijd-overal-hoe-mao-voortleeft-in-h/?utm_source=corporate&utm_medium=referral&utm_campaign=rssfeed&utm_content=vrt-nws"
"VRT NWS (EN)";"EN";"2026-09-09";"Spanjes meest bizarre tv-hit is eindelijk ook bij ons te zien";"https://www.vrt.be/vrtnws/nl/2026/09/08/streamingtip-la-mesias-robin-broos/?utm_source=corporate&utm_medium=referral&utm_campaign=rssfeed&utm_content=vrt-nws"
"VRT NWS (EN)";"EN";"2026-09-09";"""Mensen werden ziek omdat leiders logen"": New York verzweeg gevaar van giftige lucht na 11 september";"https://www.vrt.be/vrtnws/nl/2026/09/08/duizenden-documenten-vrijgegeven-over-aanwezigheid-giftige-luch/?utm_source=corporate&utm_medium=referral&utm_campaign=rssfeed&utm_content=vrt-nws"
"VRT NWS (EN)";"EN";"2026-09-09";"""Vorm van discriminatie"": jullie reageren massaal op de discussie over salariswagens";"https://www.vrt.be/vrtnws/nl/2026/09/08/massaal-reacties-salariswagen/?utm_source=corporate&utm_medium=referral&utm_campaign=rssfeed&utm_content=vrt-nws"
"VRT NWS (EN)";"EN";"2026-09-09";"Zou jij slagen voor PISA? Test je kennis met deze 10 vragen";"https://www.vrt.be/vrtnws/nl/2026/09/08/zou-jij-slagen-voor-pisa-test-je-kennis-met-deze-10-vragen/?utm_source=corporate&utm_medium=referral&utm_campaign=rssfeed&utm_content=vrt-nws"
"VRT NWS (EN)";"EN";"2026-09-09";"Hoe werkt het fiscale voordeel voor salariswagens en wat kan de regering ermee doen?";"https://www.vrt.be/vrtnws/nl/2026/09/08/de-salariswagen-ligt-op-de-begrotingstafel-dit-staat-er-op-het/?utm_source=corporate&utm_medium=referral&utm_campaign=rssfeed&utm_content=vrt-nws"
"VRT NWS (EN)";"EN";"2026-09-09";"Bijna 1 op de 3 jongeren haalt basisniveau lezen niet: ontdek hier de PISA-resultaten voor Vlaanderen";"https://www.vrt.be/vrtnws/nl/2026/09/07/nieuw-pisa-onderzoek-bevestigt-dalende-trend-voor-wiskunde-en-le/?utm_source=corporate&utm_medium=referral&utm_campaign=rssfeed&utm_content=vrt-nws"
"VRT NWS (EN)";"EN";"2026-09-09";"'Missing man', geen paraplu's en graf van 1,8 miljoen: zo verloopt uitvaart van Noorse koning Harald vandaag";"https://www.vrt.be/vrtnws/nl/2026/09/08/voorbeschouwing-uitvaart-noorse-koning-harald/?utm_source=corporate&utm_medium=referral&utm_campaign=rssfeed&utm_content=vrt-nws"
"VRT NWS (EN)";"EN";"2026-09-09";"Nieuwe verpakking Coca-Cola Zero lijkt sterk op klassieke Coca-Cola en dat is geen toeval";"https://www.vrt.be/vrtnws/nl/2026/09/07/nieuwe-verpakking-coca-cola-zero-frustratie-diabetes/?utm_source=corporate&utm_medium=referral&utm_campaign=rssfeed&utm_content=vrt-nws"
"VRT NWS (EN)";"EN";"2026-09-09";"Meer dan alleen migratie: ook economische zorgen en DDR-nostalgie doen Saksen-Anhalt massaal voor AfD kiezen";"https://www.vrt.be/vrtnws/nl/2026/09/07/jeroen-reygaert-over-overwinning-afd-in-saksen-anhalt/?utm_source=corporate&utm_medium=referral&utm_campaign=rssfeed&utm_content=vrt-nws"
"VRT NWS (EN)";"EN";"2026-09-09";"Wat bezielt massadonoren? ""Mannen doneren vaak sperma omdat ze eigen genen willen doorgeven""";"https://www.vrt.be/vrtnws/nl/2026/09/07/waarom-verwekt-massadonor-honderden-kinderen-spermadonor-zaaddon/?utm_source=corporate&utm_medium=referral&utm_campaign=rssfeed&utm_content=vrt-nws"
"VRT NWS (EN)";"EN";"2026-09-09";"Oversized is 'uit', skinny is weer 'in': ""Zelfs de skinny jeans komt terug""";"https://www.vrt.be/vrtnws/nl/2026/09/04/oversized-kleding-mode-skinny-jeans-nieuwe-trend/?utm_source=corporate&utm_medium=referral&utm_campaign=rssfeed&utm_content=vrt-nws"
"VRT NWS (EN)";"EN";"2026-09-09";"Al meer dan 1 miljard euro naar nieuwe staatsbons: hoe reageren banken en hoe kan jij profiteren?";"https://www.vrt.be/vrtnws/nl/2026/09/02/banken-reageren-op-staatsbon-spaarrekening-termijnrekening/?utm_source=corporate&utm_medium=referral&utm_campaign=rssfeed&utm_content=vrt-nws"
"VRT NWS (EN)";"EN";"2026-09-09";"""Om 4.30 uur gaat de wekker om te gaan werken"": jullie delen massaal jullie 'pendelverhalen'";"https://www.vrt.be/vrtnws/nl/2026/09/02/lezers-over-pendeltijd-toppendelaars-belgie/?utm_source=corporate&utm_medium=referral&utm_campaign=rssfeed&utm_content=vrt-nws"
"VRT NWS (EN)";"EN";"2026-09-09";"Waarom horen we zo weinig over overstromingen in Tibet? ""Journalisten niet welkom, China controleert informatiestroom""";"https://www.vrt.be/vrtnws/nl/2026/09/02/china-overstromingen-geen-nieuws/?utm_source=corporate&utm_medium=referral&utm_campaign=rssfeed&utm_content=vrt-nws"
"VRT NWS (EN)";"EN";"2026-09-09";"Van ""ongeziene"" en ""on-Nederlandse"" strafexpeditie tot dreigvideo: dit gebeurde er in Overasselt";"https://www.vrt.be/vrtnws/nl/2026/09/02/overasselt-reconstructie/?utm_source=corporate&utm_medium=referral&utm_campaign=rssfeed&utm_content=vrt-nws"
"VRT NWS (EN)";"EN";"2026-09-09";"Help, de gasprijzen blijven stijgen: heeft het zin om nog van contract te veranderen?";"https://www.vrt.be/vrtnws/nl/2026/09/02/gasprijzen-blijven-stijgen-heeft-het-zin-om-nog-van-contract-te/?utm_source=corporate&utm_medium=referral&utm_campaign=rssfeed&utm_content=vrt-nws"
"VRT NWS (EN)";"EN";"2026-09-09";"Een schandaal bij de start en een sputterend hart: het bewogen parcours van kampioenenmaker Marc Overmars bij Antwerp";"https://sporza.be/nl/2026/09/09/een-schandaal-bij-de-start-en-een-sputterend-hart-het-bewogen-parcours-van-kampioenenmaker-marc-overmars-bij-antwerp~1788941843092/"
"VRT NWS (EN)";"EN";"2026-09-09";"LIVE Vuelta: Slechts een tweetal trekt ten aanval, ideaal scenario voor Matthew Brennan en de andere sprinters";"https://sporza.be/nl/matches/wielrennen/vuelta-a-espana/2026/vuelta-a-espana-2026-rit-17-live-vuelta-slechts-een-tweetal-trekt-ten-aanval-ideaal-scenario-voor-matthew-brennan-en-de-andere-sprinters~1759432504454/"
"VRT NWS (EN)";"EN";"2026-09-09";"Volgende generatie dient zich aan: Räikkönen junior tekent bij Red Bull";"https://sporza.be/nl/2026/09/09/volgende-generatie-dient-zich-aan-raikkonen-junior-tekent-bij-red-bull~1788952753287/"
"VRT NWS (EN)";"EN";"2026-09-09";"""Het was best deprimerend"": Thibau Nys herstelt van koorts in de Vuelta, maar ""we moeten niet panikeren""";"https://sporza.be/nl/2026/09/09/-het-was-best-deprimerend-thibau-nys-herstelt-van-koorts-in-de-vuelta-maar-we-moeten-niet-panikeren~1788950754420/"
"VRT NWS (EN)";"EN";"2026-09-09";"Arsenal lijkt na bevrijdende titel nog sterker te zijn: ""Het is beter dat ze Vinicius niet gehaald hebben""";"https://sporza.be/nl/2026/09/07/arsenal-lijkt-na-bevrijdende-titel-nog-sterker-te-zijn-het-is-beter-dat-ze-vinicius-niet-gehaald-hebben~1788808455650/"
"VRT NWS (EN)";"EN";"2026-09-09";"De krachtpatser die niet wegblijft van controverse: deze boomlange Rus met 7 titels staat tussen Blockx en historische halve finale";"https://sporza.be/nl/2026/09/08/de-krachtpatser-die-niet-wegblijft-van-controverse-deze-boomlange-rus-met-7-titels-staat-tussen-blockx-en-historische-halve-finale~1788877935570/"
"VRT NWS (EN)";"EN";"2026-09-09";"Comeback en contractverlenging voor pechvogel Sarah Gigante bij AG Insurance-Soudal";"https://sporza.be/nl/2026/09/09/comeback-en-contractverlenging-voor-pechvogel-sarah-gigante-bij-ag-insurance-soudal~1788947417343/"
"VRT NWS (EN)";"EN";"2026-09-09";"Cruciale Courtois overladen met lof, maar Mourinho vindt dat zijn redder nog extra erkenning verdiende: ""Lagen ze te slapen?""";"https://sporza.be/nl/2026/09/09/cruciale-courtois-overladen-met-lof-maar-mourinho-vindt-dat-zijn-redder-nog-extra-erkenning-verdiende-lagen-ze-te-slapen~1788913802830/"
"VRT NWS (EN)";"EN";"2026-09-09";"Marc Overmars neemt in lange brief onverwacht afscheid van Antwerp: ""Mijn energie is vandaag volledig op""";"https://sporza.be/nl/2026/09/09/marc-overmars-neemt-in-lange-brief-onverwacht-afscheid-van-antwerp-mijn-energie-is-vandaag-volledig-op~1788941153588/"
"VRT NWS (EN)";"EN";"2026-09-09";"Tom Boudeweel fileert Champions League-start van Club Brugge, dat werd afgestraft: ""Het ziet er een beetje naïef uit""";"https://sporza.be/nl/2026/09/09/tom-boudeweel-fileert-champions-league-start-van-club-brugge-dat-werd-afgestraft-het-ziet-er-een-beetje-naief-uit~1788936155737/"
"VRT NWS (EN)";"EN";"2026-09-09";"Ex-bondscoach Domenico Tedesco mag twee matchen niet coachen door ""uiterst respectloos gedrag""";"https://sporza.be/nl/2026/09/09/ex-bondscoach-domenico-tedesco-mag-twee-matchen-niet-coachen-door-uiterst-respectloos-gedrag~1788938786878/"
"VRT NWS (EN)";"EN";"2026-09-09";"Gastland Duitsland walst over Zuid-Korea en maakt zich op voor krachtmeting met Belgian Cats in kwartfinales";"https://sporza.be/nl/2026/09/08/gastland-duitsland-walst-over-zuid-korea-en-maakt-zich-op-voor-krachtmeting-met-belgian-cats-in-kwartfinales~1788896439362/"
"VRT NWS (EN)";"EN";"2026-09-09";"Via drie stations naar gedroomde eindbestemming? Blik op het EK volleybal van de Red Dragons, live bij Sporza";"https://sporza.be/nl/2026/09/03/via-drie-stations-naar-gedroomde-eindbestemming-blik-op-het-ek-volleybal-van-de-red-dragons-live-bij-sporza~1788437315130/"
"VRT NWS (EN)";"EN";"2026-09-09";"""Ik vond dat geen fairplay"": zorgde dit twijfelmoment ervoor dat Club zich compleet liet ringeloren bij openingsgoal?";"https://sporza.be/nl/2026/09/08/-ik-vond-dat-geen-fairplay-zorgde-dit-twijfelmoment-ervoor-dat-club-zich-compleet-liet-ringeloren-bij-openingsgoal~1788898716398/"
"VRT NWS (EN)";"EN";"2026-09-09";"Thibaut Courtois past voor Nations League na gesprek met Van Bommel, maar blijft Rode Duivel: ""Bondscoach snapt mijn keuze""";"https://sporza.be/nl/2026/09/09/thibaut-courtois-past-voor-nations-league-na-gesprek-met-van-bommel-maar-blijft-rode-duivel-bondscoach-snapt-mijn-keuze~1788908391488/"
"VRT NWS (EN)";"EN";"2026-09-09";"VIDEO - Sterke Van Aert loodst Brennan perfect op weg naar nieuwe sprintzege in de Vuelta";"https://sporza.be/nl/2026/09/08/video-sterke-van-aert-loodst-brennan-perfect-op-weg-naar-nieuwe-sprintzege-in-de-vuelta~1788880587281/"
"VRT NWS (EN)";"EN";"2026-09-09";"Remco Evenepoel is de headliner, maar welke (WK-)concurrenten komt hij tegen in Québec en Montréal?";"https://sporza.be/nl/2026/09/08/remco-evenepoel-is-de-headliner-maar-welke-wk-concurrenten-komt-hij-tegen-in-quebec-en-montreal~1788851873872/"
"RTBF Actus (FR)";"FR";"2026-09-09";"Ça part en fugue ! Festival Musiq3 BW 2026";"/article/coupe-du-monde-de-basket-les-cotes-des-cats-par-marjorie-carpreaux-apres-le-premier-tour-11781782"
"RTBF Actus (FR)";"FR";"2026-09-09";"Crash Test : ""Valheim 1.0""";"/article/ring-de-bruxelles-un-impressionnant-gouffre-s-ouvre-pres-de-grimbergen-11782433"
"RTBF Actus (FR)";"FR";"2026-09-09";"Et si la météo décidait de la guerre ?";"/article/incendie-dans-les-fagnes-anne-catherine-dalcq-veut-beaucoup-plus-de-coherence-dans-les-decisions-du-dnf-11782430"
"RTBF Actus (FR)";"FR";"2026-09-09";"Team mitraillette, routier ou pain spécial ?";"/article/25-ans-des-attentats-du-11-septembre-2001-comment-cet-evenement-a-bouscule-l-ordre-mondial-11782340"
"RTBF Actus (FR)";"FR";"2026-09-09";"Les premières images de louveteaux en forêt d'Anlier";"/article/vuelta-2026-wout-van-aert-avant-la-derniere-etape-pour-les-sprinteurs-tous-les-regards-sont-braques-sur-nous-11782425"
"RTBF Actus (FR)";"FR";"2026-09-09";"Allemagne: plusieurs milliers de personnes ont défilé contre l’AfD";"/article/vuelta-2026-wout-van-aert-avant-la-derniere-etape-pour-les-sprinteurs-tous-les-regards-sont-braques-sur-nous-11782425"
"RTBF Actus (FR)";"FR";"2026-09-09";"La vie dingue de Catherine de Médicis";"/article/diables-rouges-lammens-penders-sels-ou-vandevoordt-qui-pour-remplacer-thibaut-courtois-au-poste-de-gardien-11782271"
"RTBF Actus (FR)";"FR";"2026-09-09";"Naruto : un regard peut tout changer";"/article/ou-trouver-du-bon-pain-pres-de-chez-vous-voici-les-100-boulangeries-patisseries-preferees-de-wallonie-carte-interactive-11782318"
"RTBF Actus (FR)";"FR";"2026-09-09";"""On n’a rien à envier à la télé-réalité"" : l’ouverture du centre Fedasil d’Uccle vue par Alba";"/article/ne-soyez-pas-vexes-tame-impala-annonce-qu-il-ne-signera-plus-d-autographes-et-ne-fera-plus-de-photos-11782328"
"RTBF Actus (FR)";"FR";"2026-09-09";"Potager d’automne : que semer et planter en septembre ?";"/article/kalachnikov-a-bruxelles-midi-les-deux-suspects-entendus-11782346"
"RTBF Actus (FR)";"FR";"2026-09-09";"La Tribune : Lance Kawaya donne son avis sur Kylian Mbappé potentiel Ballon d'Or";"/article/deces-du-roi-harald-v-la-procession-funeraire-du-roi-harald-v-a-debute-11782395"
"RTBF Actus (FR)";"FR";"2026-09-09";"L'extrême droite au pouvoir en Allemagne ?";"/article/deces-du-roi-harald-v-la-procession-funeraire-du-roi-harald-v-a-debute-11782395"
"RTBF Actus (FR)";"FR";"2026-09-09";"Coupe du monde de basket : les cotes des Belgian Cats après le premier tour";"/article/l-epidemie-n-est-pas-terminee-318-personnes-malades-apres-avoir-consomme-des-ufs-contamines-a-la-salmonelle-11782360"
"RTBF Actus (FR)";"FR";"2026-09-09";"Ring de Bruxelles : un impressionnant gouffre s’ouvre près de Grimbergen";"/article/des-logements-abordables-l-ue-veut-soutenir-les-villes-face-a-la-plateforme-airbnb-dans-un-contexte-de-crise-sociale-11782184"
"RTBF Actus (FR)";"FR";"2026-09-09";"Incendie dans les Fagnes : Anne-Catherine Dalcq lance une nouvelle enquête et veut ""beaucoup plus de cohérence"" dans les décisions du DNF";"/article/clement-geens-un-belge-qui-brille-a-roland-garros-en-padel-11782376"
"RTBF Actus (FR)";"FR";"2026-09-09";"25 ans du 11 septembre 2001 : plus que les attentats, c'est la réponse américaine qui a bousculé le monde, selon des experts";"/article/en-guadeloupe-la-secheresse-met-en-peril-la-future-recolte-de-canne-a-sucre-les-plantules-bruleraient-11781245"
"RTBF Actus (FR)";"FR";"2026-09-09";"Vuelta 2026 – Wout van Aert avant la dernière étape pour sprinteurs : ""Tous les regards sont braqués sur nous""";"/article/eddy-de-pretto-de-la-scene-au-grand-ecran-un-premier-role-sombre-et-assume-11781977"
"RTBF Actus (FR)";"FR";"2026-09-09";"Vuelta 2026 – Wout van Aert avant la dernière étape pour sprinteurs : ""Tous les regards sont braqués sur nous""";"/article/qr-le-debat-prix-de-l-energie-un-hiver-sous-haute-tension-votez-et-commentez-11781676"
"RTBF Actus (FR)";"FR";"2026-09-09";"Diables Rouges - Lammens, Penders, Sels ou Vandevoordt : quel gardien pour remplacer Thibaut Courtois ?";"/article/m-neskin-a-sanremo-2027-stefano-de-martino-tempere-la-reformation-n-est-pas-encore-confirmee-11782279"
"RTBF Actus (FR)";"FR";"2026-09-09";"Où trouver du bon pain près de chez vous ? Voici les ""100 boulangeries-pâtisseries préférées de Wallonie"" (carte interactive)";"/article/salome-saque-critique-envers-la-neutralite-journalistique-cela-suppose-de-pouvoir-qualifier-qui-est-neutre-et-qui-ne-l-est-pas-11781941"
"RTBF Actus (FR)";"FR";"2026-09-09";"""Ne soyez pas vexés"" : Tame Impala annonce qu’il ne signera plus d’autographes et ne fera plus de photos";"/article/investigation-dans-5-ans-si-ca-tombe-on-ne-parlera-plus-de-la-fraise-de-wepion-11781944"
"RTBF Actus (FR)";"FR";"2026-09-09";"Kalachnikov à Bruxelles-Midi : les deux suspects entendus";"/article/investigation-dans-5-ans-si-ca-tombe-on-ne-parlera-plus-de-la-fraise-de-wepion-11781944"
"RTBF Actus (FR)";"FR";"2026-09-09";"Norvège : les funérailles du roi Harald V ont débuté, en présence de nombreuses personnalités et sous très haute sécurité";"/article/spa-en-plein-festival-de-theatre-la-comedienne-genevieve-damas-decouvre-qu-un-enfant-juif-a-ete-cache-dans-sa-famille-pendant-la-guerre-11782017"
"RTBF Actus (FR)";"FR";"2026-09-09";"Norvège : les funérailles du roi Harald V ont débuté, en présence de nombreuses personnalités et sous très haute sécurité";"/article/marine-le-pen-et-jordan-bardella-le-couple-executif-du-rn-deja-rattrape-par-ses-divergences-11781913"
"RTBF Actus (FR)";"FR";"2026-09-09";"L’épidémie n’est pas terminée : 318 personnes malades après avoir consommé des œufs contaminés à la salmonelle";"/article/oasis-a-paris-en-2027-un-nouveau-teaser-relance-la-piste-d-un-concert-en-france-11782278"
"RTBF Actus (FR)";"FR";"2026-09-09";"Des logements abordables : l’UE veut soutenir les villes face à la plateforme Airbnb dans un contexte de crise sociale";"/article/pourquoi-les-series-sur-la-royaute-nous-fascinent-elles-autant-11781749"
"RTBF Actus (FR)";"FR";"2026-09-09";"Clément Geens, un Belge qui brille à Roland-Garros… en padel";"/article/exclusif-l-affaire-refaelov-va-connaitre-son-denouement-vers-un-gouffre-financier-pour-l-union-belge-11781973"
"RTBF Actus (FR)";"FR";"2026-09-09";"En Guadeloupe, la sécheresse met en péril la future récolte de canne à sucre : ""Les plantules brûleraient""";"/article/no-ice-in-belgium-des-activistes-opposes-aux-visites-domiciliaires-chez-maxime-prevot-a-namur-11782214"
"RTBF Actus (FR)";"FR";"2026-09-09";"Eddy De Pretto : de la scène au grand écran, un premier rôle sombre et assumé";"/article/coupe-du-monde-de-basket-l-allemagne-pays-hote-sera-l-adversaire-des-belgian-cats-en-quarts-de-finale-11782126"
"RTBF Actus (FR)";"FR";"2026-09-09";"""QR le débat"" : prix de l'énergie, un hiver sous haute tension ? Votez et commentez";"/article/dossier-dexia-belfius-les-cooperateurs-arco-attendent-toujours-des-dedommagements-du-federal-et-menacent-11781870"
"RTBF Actus (FR)";"FR";"2026-09-09";"Måneskin à Sanremo 2027 : Stefano De Martino tempère, la reformation n’est pas encore confirmée";"/article/guerre-en-ukraine-une-frappe-russe-vise-une-chaine-de-television-creee-au-debut-de-l-invasion-cinq-personnes-blessees-11781975"
"RTBF Actus (FR)";"FR";"2026-09-09";"Salomé Saqué critique envers la neutralité journalistique : ""Cela suppose de pouvoir qualifier qui est neutre et qui ne l’est pas""";"/article/royaume-uni-plus-de-1000-vols-annules-apres-une-panne-du-controle-aerien-11782121"
"RTBF Actus (FR)";"FR";"2026-09-09";"""Dans 5 ans, si ça tombe, on ne parlera plus de la fraise de Wépion"": notre investigation au cœur de la filière de la fraise belge";"/article/le-biopic-sur-snoop-dogg-se-devoile-on-sait-qui-va-jouer-the-notorious-b-i-g-11782264"
"RTBF Actus (FR)";"FR";"2026-09-09";"""Dans 5 ans, si ça tombe, on ne parlera plus de la fraise de Wépion"": notre investigation au cœur de la filière de la fraise belge";"/article/pourquoi-les-series-sur-la-royaute-nous-fascinent-elles-autant-11781749"
"RTBF Actus (FR)";"FR";"2026-09-09";"La comédienne Geneviève Damas lance un appel pour recoller des morceaux oubliés de son histoire familiale qui remonte à la Seconde Guerre mondiale";"/article/don-t-look-back-in-anger-15-ans-de-silence-une-reconciliation-et-un-film-oasis-s-offre-un-retour-en-imax-11764516"
"RTBF Actus (FR)";"FR";"2026-09-09";"Marine Le Pen et Jordan Bardella : le couple exécutif du RN déjà rattrapé par ses divergences ?";"/article/interview-pressure-quand-la-meteo-decide-de-la-guerre-un-film-d-anthony-maras-avec-andrew-scott-11781956"
"RTBF Actus (FR)";"FR";"2026-09-09";"Oasis à Paris en 2027 ? Un nouveau teaser relance la piste d’un concert en France";"/article/les-critiques-d-hugues-dayez-avec-pressure-un-passionnant-bras-de-fer-psychologique-autour-du-d-day-11782218"
"RTBF Actus (FR)";"FR";"2026-09-09";"Pourquoi les séries sur la royauté nous fascinent-elles autant ?";"/article/herbert-blomstedt-le-doyen-des-chefs-d-orchestre-recoit-le-prix-nobel-des-arts-aux-cotes-de-cate-blanchett-11781896"
"RTBF Actus (FR)";"FR";"2026-09-09";"L’affaire Refaelov va connaître son dénouement : vers un gouffre financier pour l’Union Belge ?";"/article/dix-pour-cent-le-film-les-celebres-agents-de-stars-font-leur-comeback-11781628"
"RTBF Actus (FR)";"FR";"2026-09-09";"No ICE in Belgium : des activistes opposés aux visites domiciliaires chez Maxime Prévot à Namur";"/article/l-actrice-cate-blanchett-recompensee-par-le-prix-praemium-imperiale-le-nobel-des-arts-11781819"
"RTBF Actus (FR)";"FR";"2026-09-09";"Coupe du monde de basket : l’Allemagne, pays hôte, sera l’adversaire des Belgian Cats en quarts de finale";"/article/une-affaire-de-details-denzel-washington-rami-malek-et-jared-leto-dans-un-thriller-anxieux-11140819"
"RTBF Actus (FR)";"FR";"2026-09-09";"Dossier Dexia/Belfius : les coopérateurs Arco attendent toujours des dédommagements du fédéral et menacent";"/article/edito-belgian-cats-tous-les-espoirs-sont-desormais-permis-pour-cette-generation-adoree-11781777"
"RTBF Actus (FR)";"FR";"2026-09-09";"Guerre en Ukraine : une frappe russe vise une chaîne de télévision créée au début de l’invasion, cinq personnes blessées";"/article/coupe-du-monde-de-basket-l-allemagne-pays-hote-sera-l-adversaire-des-belgian-cats-en-quarts-de-finale-11782126"
"RTBF Actus (FR)";"FR";"2026-09-09";"Royaume-Uni : plus de 1000 vols annulés après une panne du contrôle aérien";"/article/coupe-du-monde-de-basket-l-hotel-des-belgian-cats-une-seconde-fois-evacue-par-une-alarme-incendie-11782010"
"RTBF Actus (FR)";"FR";"2026-09-09";"Le biopic sur Snoop Dogg se dévoile : on sait qui va jouer The Notorious B.I.G";"/article/marjorie-carpreaux-le-quart-de-finale-des-belgian-cats-se-jouera-au-mental-11781404"
"RTBF Actus (FR)";"FR";"2026-09-09";"Pourquoi les séries sur la royauté nous fascinent-elles autant ?";"/article/coupe-du-monde-de-basket-les-belgian-cats-affronteront-l-allemagne-ou-la-coree-du-sud-en-quarts-de-finale-11781141"
"RTBF Actus (FR)";"FR";"2026-09-09";"Cathy Immelen vous donne son avis sur le documentaire Oasis : ""Don’t Look Back in Anger""";"/article/les-belgian-cats-profiteront-bien-des-jours-de-repos-mais-continuent-de-rever-attention-a-ne-pas-trop-relacher-la-pression-11781128"
"RTBF Actus (FR)";"FR";"2026-09-09";"Interview : ""Pressure"", quand la météo décide de la guerre, un film d’Anthony Maras avec Andrew Scott";"/article/julie-allemand-devient-la-meilleure-passeuse-de-l-histoire-de-la-coupe-du-monde-cela-represente-bien-notre-equipe-11781203"
"RTBF Actus (FR)";"FR";"2026-09-09";"Les critiques d’Hugues Dayez avec ""Pressure"", un passionnant bras de fer psychologique autour du D-Day";"/article/les-belgian-cats-en-quarts-de-finale-de-la-coupe-du-monde-apres-leur-prestation-majuscule-contre-l-australie-11781127"
"RTBF Actus (FR)";"FR";"2026-09-09";"Herbert Blomstedt, le doyen des chefs d’orchestre, reçoit le ""Prix Nobel des Arts"", aux côtés de Cate Blanchett";"/article/marjorie-carpreaux-pas-entierement-rassuree-par-la-victoire-des-cats-pas-eu-les-sensations-dont-j-avais-besoin-11780901"
"RTBF Actus (FR)";"FR";"2026-09-09";"""Dix pour cent – le film"" : les célèbres agents de stars font leur comeback";"/article/vuelta-2026-wout-van-aert-avant-la-derniere-etape-pour-les-sprinteurs-tous-les-regards-sont-braques-sur-nous-11782425"
"RTBF Actus (FR)";"FR";"2026-09-09";"L'actrice Cate Blanchett récompensée par le prix Praemium Imperiale, le Nobel des arts";"/article/vuelta-2026-17e-etape-derniere-chance-de-victoire-pour-les-sprinteurs-direct-video-a-11768718"
"RTBF Actus (FR)";"FR";"2026-09-09";"""Une affaire de détails"" : Denzel Washington, Rami Malek et Jared Leto dans un thriller anxieux au casting 5 étoiles";"/article/malgre-les-mondiaux-wout-van-aert-veut-finir-la-vuelta-a-fond-il-reste-des-etapes-qui-me-plaisent-11782103"
"RTBF Actus (FR)";"FR";"2026-09-09";"Edito : tous les espoirs sont désormais permis pour cette génération adorée des Belgian Cats";"/article/vuelta-2026-un-bilan-parfait-un-travail-remarquable-gerard-bulens-impressionne-par-la-visma-11782003"
"RTBF Actus (FR)";"FR";"2026-09-09";"Coupe du monde de basket : l’Allemagne, pays hôte, sera l’adversaire des Belgian Cats en quarts de finale";"/article/visma-applique-son-plan-a-la-lettre-la-chaleur-persiste-une-jolie-3e-place-pour-vito-braet-les-faits-marquants-de-la-16e-etape-11781764"
"RTBF Actus (FR)";"FR";"2026-09-09";"Coupe du monde de basket : l'hôtel des Belgian Cats une seconde fois évacué par une alarme incendie";"/article/vuelta-2026-parcours-etapes-directs-video-et-resultats-notre-tableau-pour-ne-rien-manquer-du-tour-d-espagne-11771926"
"RTBF Actus (FR)";"FR";"2026-09-09";"Marjorie Carpréaux : ""Le quart de finale des Belgian Cats se jouera au mental""";"/article/vuelta-2026-les-classements-apres-la-16e-etape-avec-3-belges-dans-le-top-6-de-l-etape-enric-mas-toujours-en-rouge-11781760"
"RTBF Actus (FR)";"FR";"2026-09-09";"Coupe du monde de basket – Les Belgian Cats affronteront l’Allemagne ou la Corée du Sud en quarts de finale";"/article/vuelta-2026-brennan-remercie-van-aert-il-n-y-a-pas-de-meilleur-poisson-pilote-que-lui-11782007"
"RTBF Actus (FR)";"FR";"2026-09-09";"Les Belgian Cats profiteront bien des jours de repos mais continuent de rêver : ""Attention à ne pas trop relâcher la pression""";"/article/vuelta-matthew-brennan-remporte-une-16e-etape-previsible-geree-par-les-visma-11781751"
"RTBF Actus (FR)";"FR";"2026-09-09";"Julie Allemand devient la meilleure passeuse de l’histoire de la Coupe du monde : ""Cela représente bien notre équipe""";"/article/on-n-a-rien-a-envier-a-la-tele-realite-l-ouverture-du-centre-fedasil-d-uccle-vue-par-alba-11781647"
"RTBF Actus (FR)";"FR";"2026-09-09";"Les Belgian Cats en quarts de finale de la Coupe du monde après leur prestation majuscule contre l’Australie";"/article/jerome-de-warzee-a-propos-des-travaux-sur-les-autoroutes-il-ne-se-passe-rien-mais-activement-11781632"
"RTBF Actus (FR)";"FR";"2026-09-09";"Marjorie Carpréaux pas entièrement rassurée par la victoire des Cats : ""Pas eu les sensations dont j’avais besoin""";"/article/la-revue-de-presse-de-wever-et-sa-grande-amie-post-fasciste-11781618"
"RTBF Actus (FR)";"FR";"2026-09-09";"Vuelta 2026 – Wout van Aert avant la dernière étape pour sprinteurs : ""Tous les regards sont braqués sur nous""";"/article/confrontation-plutot-que-soumission-les-armes-du-canada-dans-la-guerre-commerciale-avec-les-etats-unis-11781587"
"RTBF Actus (FR)";"FR";"2026-09-09";"Vuelta 2026, 17e étape : dernière chance de victoire pour les sprinteurs (Direct vidéo à 14h50)";"/article/investigation-dans-5-ans-si-ca-tombe-on-ne-parlera-plus-de-la-fraise-de-wepion-11781944"
"RTBF Actus (FR)";"FR";"2026-09-09";"Malgré les Mondiaux, Wout van Aert veut finir la Vuelta à fond : ""Il reste des étapes qui me plaisent""";"/article/mon-nom-est-personne-le-dernier-duel-entre-deux-generations-du-western-11777193"
"RTBF Actus (FR)";"FR";"2026-09-09";"Vuelta 2026 – ""Un bilan parfait"", ""un travail remarquable"", Gérard Bulens impressionné par la Visma";"/article/l-attentat-du-11-septembre-2001-minute-par-minute-recit-d-une-matinee-qui-a-change-le-monde-11774670"
"RTBF Actus (FR)";"FR";"2026-09-09";"Visma applique son plan à la lettre, la chaleur persiste, une jolie 3e place pour Vito Braet : les faits marquants de la 16e étape";"/article/le-mystere-de-la-chambre-jaune-la-serie-qui-depoussiere-le-roman-culte-de-gaston-leroux-11775389"
"RTBF Actus (FR)";"FR";"2026-09-09";"Vuelta 2026 : parcours, étapes, directs vidéo et résultats… Notre tableau pour ne rien manquer du Tour d'Espagne";"/article/que-fait-la-rtbf-de-vos-donnees-collecte-algorithmes-et-protection-de-la-vie-privee-decryptes-11776913"
"RTBF Actus (FR)";"FR";"2026-09-09";"Vuelta 2026 - Les classements après la 16e étape, avec 3 Belges dans le Top 6 de l'étape, Enric Mas toujours en rouge";"/article/enfant-illegitime-un-terme-a-eviter-sur-nos-antennes-11776723"
"RTBF Actus (FR)";"FR";"2026-09-09";"Vuelta 2026 – Brennan remercie van Aert : ""Il n’y a pas de meilleur poisson-pilote que lui""";"/article/les-jeunes-et-l-actu-plus-informes-qu-on-ne-le-pense-mais-pas-a-l-abri-de-pieges-11763284"
"RTBF Actus (FR)";"FR";"2026-09-09";"Vuelta : Matthew Brennan remporte une 16e étape prévisible, gérée parfaitement par les Visma";"/article/moderation-sur-les-reseaux-sociaux-le-defi-quotidien-de-la-rtbf-11758876"
"RTBF Actus (FR)";"FR";"2026-09-09";"""On n’a rien à envier à la télé-réalité"" : l’ouverture du centre Fedasil d’Uccle vue par Alba";"/article/age-conseille-contenus-sensibles-une-nouvelle-signaletique-tele-des-le-1er-juillet-11745979"
"RTBF Actus (FR)";"FR";"2026-09-09";"Jérôme de Warzée à propos des travaux sur les autoroutes : ""Il ne se passe rien, mais activement""";"/article/bivouacs-du-journalisme-les-contacts-avec-le-public-sont-extremement-enrichissants-on-retire-le-micro-la-camera-jean-pierre-jacqmin-ancien-directeur-de-l-info-de-la-rtbf-11746010"
"RTBF Actus (FR)";"FR";"2026-09-09";"La revue de presse : De Wever et sa ""grande amie"" post-fasciste";"/article/coupe-du-monde-les-matchs-des-diables-rouges-aussi-pour-les-malvoyants-11743270"
"RTBF Actus (FR)";"FR";"2026-09-09";"David contre Goliath ? Les armes du Canada dans sa guerre commerciale avec les États-Unis";"/article/les-eleves-relevent-les-pieges-du-quiz-concentration-reflexion-et-collaboration-en-equipe-c-est-le-secret-de-la-reussite-dans-les-faky-d-or-11719914"
"RTBF Actus (FR)";"FR";"2026-09-09";"""Dans 5 ans, si ça tombe, on ne parlera plus de la fraise de Wépion"": notre investigation au cœur de la filière de la fraise belge";"/article/table-media-donnez-votre-avis-sur-la-rtbf-11735043"
"RTBF Actus (FR)";"FR";"2026-09-09";"Henry Fonda face à Terence Hill : le face-à-face qui marque la fin d'une époque du western";"/article/tentez-de-remporter-vos-places-pour-l-avant-premiere-de-chopin-chopin-11782414"
"RTBF Actus (FR)";"FR";"2026-09-09";"L’attentat du 11 septembre 2001 minute par minute : récit d’une matinée qui a changé le monde";"/article/remportez-vos-places-pour-le-concert-de-cloture-du-festival-mozart-11782381"
"RTBF Actus (FR)";"FR";"2026-09-09";"""Le mystère de la chambre jaune"" : la série qui dépoussière le roman culte de Gaston Leroux";"/article/gagnez-vos-places-pour-le-recital-de-jeanine-de-bique-a-la-monnaie-11781996"
"RTBF Actus (FR)";"FR";"2026-09-09";"Que fait la RTBF de vos données ? Collecte, algorithmes et protection de la vie privée décryptés";"/article/tentez-de-gagner-vos-places-pour-la-cinquieme-de-beethoven-avec-alain-altinoglu-11781985"
"RTBF Actus (FR)";"FR";"2026-09-09";"""Enfant illégitime"" : un terme à éviter sur nos antennes";"/article/concours-la-trois-notre-salut-le-nouveau-film-d-emmanuel-marre-11781804"
"RTBF Actus (FR)";"FR";"2026-09-09";"Les jeunes et l’actu : plus informés qu’on ne le pense mais pas à l’abri de pièges";"/article/concours-la-trois-manicomio-ou-le-plaisir-d-etre-inutile-au-theatre-de-poche-11781769"
"RTBF Actus (FR)";"FR";"2026-09-09";"Modération sur les réseaux sociaux : le défi quotidien de la RTBF";"/article/concours-agenda-cine-gagnez-vos-places-pour-aller-voir-le-film-vigilante-11776652"
"RTBF Actus (FR)";"FR";"2026-09-09";"Nouvelle signalétique TV : ce qui change ce 1er juillet";"/article/concours-agenda-cine-gagnez-vos-places-pour-assister-a-l-avant-premiere-du-film-chopin-chopin-11776680"
"RTBF Actus (FR)";"FR";"2026-09-09";"Bivouacs du journalisme : ""Les contacts avec le public sont extrêmement enrichissants"", Jean-Pierre Jacqmin, ancien directeur de l’info de la RTBF";"/article/classic-21-vivacite-et-viva-organisent-une-grande-collecte-de-sang-avec-la-croix-rouge-a-mons-11778365"
"RTBF Actus (FR)";"FR";"2026-09-09";"Coupe du monde : les matchs des Diables Rouges aussi pour les malvoyants";"/article/industrie-pharmaceutique-feu-vert-de-la-commission-a-une-subvention-de-400-millions-a-sanofi-pour-l-approvisionnement-europeen-en-insuline-11782038"
"RTBF Actus (FR)";"FR";"2026-09-09";"Les élèves relèvent les pièges du quiz : concentration, réflexion et collaboration en équipe, c'est le secret de la réussite dans les Faky d'Or";"/article/marine-le-pen-et-jordan-bardella-le-couple-executif-du-rn-deja-rattrape-par-ses-divergences-11781913"
"RTBF Actus (FR)";"FR";"2026-09-09";"Table Média : Donnez votre avis sur la RTBF";"/article/exclusif-l-affaire-refaelov-va-connaitre-son-denouement-vers-un-gouffre-financier-pour-l-union-belge-11781973"
"RTBF Actus (FR)";"FR";"2026-09-09";"Tentez de remporter vos places pour l’avant-première de « Chopin, Chopin » !";"/article/25-ans-des-attentats-du-11-septembre-a-new-york-le-maire-mamdani-annonce-la-publication-de-milliers-de-documents-sur-la-toxicite-de-l-air-11781950"
"RTBF Actus (FR)";"FR";"2026-09-09";"Remportez vos places pour le concert de clôture du Festival Mozart !";"/article/voici-les-premieres-images-des-huit-louveteaux-de-la-foret-d-anlier-11781836"
"RTBF Actus (FR)";"FR";"2026-09-09";"Gagnez vos places pour le récital de Jeanine De Bique à La Monnaie !";"/article/homme-abattu-a-eupen-le-parquet-fait-le-point-sur-l-enquete-11781832"
"RTBF Actus (FR)";"FR";"2026-09-09";"Tentez de gagner vos places pour la Cinquième de Beethoven avec Alain Altinoglu !";"https://auvio.rtbf.be/media/meteo-meteo-climat-13h30-3514224"
"RTBF Actus (FR)";"FR";"2026-09-09";"Concours La Trois : Notre Salut, le nouveau film d’Emmanuel Marre";"https://auvio.rtbf.be/media/journal-televise-13h-le-13h-3514222"
"RTBF Actus (FR)";"FR";"2026-09-09";"Concours La Trois : Manicomio ou le plaisir d’être inutile au Théâtre de Poche";"https://auvio.rtbf.be/media/viens-je-t-explique-viens-je-t-explique-3513684"
"RTBF Actus (FR)";"FR";"2026-09-09";"Concours Agenda Ciné : gagnez vos places pour aller voir le film ""Vigilante""";"https://auvio.rtbf.be/media/le-8-9-le-8-9-3514049"
"RTBF Actus (FR)";"FR";"2026-09-09";"Concours Agenda Ciné : Gagnez vos places pour assister à l’avant-première du film ""Chopin, Chopin !""";"https://auvio.rtbf.be/media/un-si-grand-soleil-un-si-grand-soleil-3513572"
"RTBF Actus (FR)";"FR";"2026-09-09";"Classic 21, VivaCité et Viva + organisent une grande collecte de sang avec la Croix-Rouge à Mons";"https://auvio.rtbf.be/media/le-6-8-le-6-8-3514005"
"RTBF Actus (FR)";"FR";"2026-09-09";"Industrie pharmaceutique : feu vert de la Commission à une subvention de 400 millions à Sanofi pour l’approvisionnement européen en insuline";"https://auvio.rtbf.be/media/les-feux-de-l-amour-feux-de-l-amour-s27-3513502"
"RTBF Actus (FR)";"FR";"2026-09-09";"Marine Le Pen et Jordan Bardella : le couple exécutif du RN déjà rattrapé par ses divergences ?";"https://auvio.rtbf.be/media/velvet-le-nouvel-empire-velvet-le-nouvel-empire-3513504"
"RTBF Actus (FR)";"FR";"2026-09-09";"L’affaire Refaelov va connaître son dénouement : vers un gouffre financier pour l’Union Belge ?";"https://auvio.rtbf.be/media/nos-vies-en-l-air-nos-vies-en-l-air-s01-3513185"
"RTBF Actus (FR)";"FR";"2026-09-09";"25 ans des attentats du 11 septembre à New York : le maire Mamdani annonce la publication de milliers de documents sur la toxicité de l’air";"https://auvio.rtbf.be/media/doc-shot-les-enfants-du-11-septembre-3513897"
"RTBF Actus (FR)";"FR";"2026-09-09";"Voici les premières images des huit louveteaux de la forêt d’Anlier";"https://auvio.rtbf.be/media/mcdonald-et-dodds-mcdonald-et-dodds-s01-3464081"
"RTBF Actus (FR)";"FR";"2026-09-09";"Fusillade à Eupen : on en sait plus sur les circonstances, la présence d'un couteau confirmée";"https://auvio.rtbf.be/media/face-a-la-peur-a-la-recherche-de-l-anaconda-le-defi-d-antoine-s2s-jeune-createur-de-contenu-3513466"
"France 24 (EN)";"EN";"2026-09-09";"Eiffel Tower row over Hindu sect BAPS unites French politicians – but divides Indian diaspora";"https://france24.com/en/france/20260909-eiffel-tower-row-over-hindu-sect-baps-unites-french-politicians-%E2%80%93-but-divides-indian-diaspora"
"France 24 (EN)";"EN";"2026-09-09";"Eiffel Tower reopens after Hindu group apologises for 'sidelining' female staff";"https://france24.com/en/france/20260907-strike-closes-eiffel-tower-paris-exclusion-female-staff-hindu-group-visit-baps"
"France 24 (EN)";"EN";"2026-09-09";"Macron hails ‘acceleration’ of France-India ties amid ‘changing international order’";"https://france24.com/en/asia-pacific/20260216-macron-visits-india-defence-ai"
"France 24 (EN)";"EN";"2026-09-09";"Middle East live: Tehran targets US base in Jordan after Washington destroys five Iranian tankers";"https://france24.com/en/middle-east/20260908-middle-east-live-us-destroys-five-iranian-oil-tankers-as-iran-threatens-kuwait-and-bahrain"
"France 24 (EN)";"EN";"2026-09-09";"Russian drone strike near Ukraine-Moldova border kills at least two as Ukraine targets oil terminal";"https://france24.com/en/europe/20260909-russian-drone-strike-near-ukraine-moldova-border-kills-at-least-two-as-ukraine-hits-oil-terminal"
"France 24 (EN)";"EN";"2026-09-09";"US bans Canadian alcohol, motorcycles and dairy products as trade spat escalates";"https://france24.com/en/americas/20260909-us-bans-canadian-alcohol-motorcycles-and-dairy-products-as-trade-spat-escalates"
"France 24 (EN)";"EN";"2026-09-09";"Travellers in UK face ongoing disruption after air traffic control glitch";"https://france24.com/en/europe/20260909-travellers-in-uk-face-ongoing-disruption-after-air-traffic-control-glitch"
"France 24 (EN)";"EN";"2026-09-09";"Rubio hails Colombia's new pro-Trump leader De la Espriella on first stop of Latin American tour";"https://france24.com/en/americas/20260909-rubio-hails-colombia-new-pro-trump-leader-de-la-espriella-first-stop-of-latin-american-tour"
"France 24 (EN)";"EN";"2026-09-09";"OpenAI says its models solved one of math's hardest problems as researchers cry foul";"https://france24.com/en/technology/20260909-openai-says-models-solved-one-of-math-hardest-problems-researchers-cry-foul"
"France 24 (EN)";"EN";"2026-09-09";"France, UK to join 10 other countries in banning goods from Israeli West Bank settlements";"https://france24.com/en/middle-east/20260908-france-and-canada-to-join-uk-in-banning-goods-from-israeli-west-bank-settlements"
"France 24 (EN)";"EN";"2026-09-09";"Iran attacks US base after American strikes on tankers";"https://france24.com/en/video/20260909-iran-attacks-us-base-after-american-strikes-on-tankers"
"France 24 (EN)";"EN";"2026-09-09";"EU wants to edge out China in public contracts";"https://france24.com/en/live-news/20260909-eu-wants-to-edge-out-china-in-public-contracts"
"France 24 (EN)";"EN";"2026-09-09";"Pakistan collapse to 26-4 against England in 3rd Test";"https://france24.com/en/live-news/20260909-pakistan-collapse-to-26-4-against-england-in-3rd-test"
"France 24 (EN)";"EN";"2026-09-09";"Google unveils 13 bn euro AI expansion in Finland";"https://france24.com/en/live-news/20260909-google-unveils-13-bn-euro-ai-expansion-in-finland"
"France 24 (EN)";"EN";"2026-09-09";"Israel to close British consulate in Jerusalem after sanctions on settlements";"https://france24.com/en/middle-east/20260908-middle-east-live-israel-to-close-british-consulate-in-jerusalem-after-sanctions-on-settlements"
"France 24 (EN)";"EN";"2026-09-09";"UAE leader warned Netanyahu of Hamas attack days before October 7, says report";"https://france24.com/en/middle-east/20260908-uae-leader-warned-netanyahu-of-hamas-attack-days-before-october-7-says-report"
"France 24 (EN)";"EN";"2026-09-09";"UN rapporteur says Israeli rubble-clearing in Gaza could erase 'atrocity crimes' evidence";"https://france24.com/en/middle-east/20260907-un-rapporteur-says-israeli-rubble-clearing-in-gaza-could-erase-atrocity-crimes-evidence"
"France 24 (EN)";"EN";"2026-09-09";"Israel warns of 'full-scale war' if Palestinian Authority launches Oct. 7-style attack";"https://france24.com/en/middle-east/20260907-israel-warns-of-full-scale-war-if-palestinian-authority-launches-oct-7-style-attack"
"France 24 (EN)";"EN";"2026-09-09";"How far-right AfD breakthrough may ‘cause absolute chaos’ in Germany";"https://france24.com/en/europe/20260907-how-far-right-breakthrough-may-cause-absolute-chaos-in-germany-afd"
"France 24 (EN)";"EN";"2026-09-09";"Only the beginning? German far right's breakthrough shakes Europe to its core";"https://france24.com/en/tv-shows/the-debate/20260907-only-the-beginning-german-far-right-s-breakthrough-shakes-europe-to-its-core"
"France 24 (EN)";"EN";"2026-09-09";"Germany’s Merz 'deeply shocked' by far-right AfD's historic electoral victory";"https://france24.com/en/europe/20260907-live-europe-reacts-to-germany-far-right-afd-worrying-electoral-victory"
"France 24 (EN)";"EN";"2026-09-09";"Germany: Hans-Thomas Tillschneider, the ideologist behind the AFD’s plans in Saxony-Anhalt";"https://france24.com/en/europe/20260904-germany-hans-thomas-tillschneider-the-ideologist-behind-the-afd-s-plans-in-saxony-anhalt"
"France 24 (EN)";"EN";"2026-09-09";"JNIM jihadists step up incursions into northern Benin";"https://france24.com/en/tv-shows/the-observers/20260909-jnim-jihadists-step-up-incursions-northern-benin"
"France 24 (EN)";"EN";"2026-09-09";"New York City releases post-9/11 air toxicity information kept secret for 25 years";"https://france24.com/en/americas/20260909-key-post-9-11-air-toxicity-information-was-kept-secret-for-25-years"
"France 24 (EN)";"EN";"2026-09-09";"Smithsonian chief steps down amid Trump pressure over how US history is presented";"https://france24.com/en/americas/20260909-smithsonian-chief-lonnie-bunch-steps-down-amid-trump-administration-pressure"
"France 24 (EN)";"EN";"2026-09-09";"Mourinho's Real Madrid edge Inter Milan in Champions League opener";"https://france24.com/en/sport/20260908-mourinho-real-madrid-edge-inter-milan-in-champions-league-opener"
"France 24 (EN)";"EN";"2026-09-09";"Suspected migrant smugglers go on trial in Paris over mass drowning in Channel";"https://france24.com/en/france/20260908-trial-opens-in-france-over-deadliest-channel-migrant-crossing-disaster"
"France 24 (EN)";"EN";"2026-09-09";"French police hunt Renoir thieves after lightning museum heist";"https://france24.com/en/europe/20260908-thieves-steal-works-of-art-worth-9-million-euros-from-france-s-renoir-museum"
"France 24 (EN)";"EN";"2026-09-09";"Trump tells Putin he wants swift end to Ukraine war, Kremlin says";"https://france24.com/en/europe/20260908-trump-tells-putin-he-wants-swift-end-to-ukraine-war-kremlin-says"
"France 24 (EN)";"EN";"2026-09-09";"How France fell in love with Céline Dion";"https://france24.com/en/tv-shows/france-in-focus/20260909-how-france-fell-in-love-with-c%C3%A9line-dion"
"France 24 (EN)";"EN";"2026-09-09";"Champions League: Madrid and Mbappé defeat Inter despite defensive lapses";"https://france24.com/en/tv-shows/sports/20260909-champions-league-madrid-and-mbapp%C3%A9-defeat-inter-despite-defensive-lapses"
"France 24 (EN)";"EN";"2026-09-09";"European space sector in the spotlight as Paris hosts International Space Summit";"https://france24.com/en/tv-shows/business/20260909-european-space-sector-in-the-spotlight-as-paris-hosts-international-space-summit"
"France 24 (EN)";"EN";"2026-09-09";"In Ukraine, teens try to heal from trauma of war at summer camp";"https://france24.com/en/tv-shows/focus/20260908-in-ukraine-teens-try-to-heal-from-trauma-of-war-at-summer-camp"
"France 24 (EN)";"EN";"2026-09-09";"Sounding the fire alarm: Why French firefighters are going on strike";"https://france24.com/en/tv-shows/entre-nous/20260908-sounding-the-fire-alarm-why-french-firefighters-are-going-on-strike"
"France 24 (EN)";"EN";"2026-09-09";"The 'Brenaissance': Brendan Fraser on 'Pressure', winning an Oscar in 'The Whale' and 'The Mummy 4'";"https://france24.com/en/tv-shows/arts24/20260908-the-brenaissance-brendan-fraser-on-pressure-winning-an-oscar-in-the-whale-and-the-mummy-4"
"France 24 (EN)";"EN";"2026-09-09";"Trump threatens ban on Bombardier as Canada's retaliatory tariffs kick in";"https://france24.com/en/tv-shows/business/20260908-trump-threatens-ban-on-bombardier-as-canada-s-retaliatory-tariffs-kick-in"
"France 24 (EN)";"EN";"2026-09-09";"'Be kind with yourself': US expat Robin Allison Davis on surviving cancer in Paris";"https://france24.com/en/tv-shows/perspective/20260908-be-kind-to-yourself-us-expat-robin-allison-davis-on-surviving-cancer-in-paris"
"France 24 (EN)";"EN";"2026-09-09";"Has Iran modified its rocket systems to fire mines into the Strait of Hormuz?";"https://france24.com/en/middle-east/20260903-has-iran-modified-its-rocket-systems-to-fire-mines-into-the-strait-of-hormuz"
"France 24 (EN)";"EN";"2026-09-09";"French-Saudi ‘Dragon Ball’ theme park puzzles Japanese manga fans";"https://france24.com/en/france/20260902-french-saudi-dragon-ball-theme-park-puzzles-japan-manga-fans"
"France 24 (EN)";"EN";"2026-09-09";"Alejandro Betancourt, the controversial Venezuelan oil tycoon Trump is banking on";"https://france24.com/en/americas/20260901-alejandro-betancourt-the-controversial-venezuelan-oil-tycoon-trump-is-banking-on"
"France 24 (EN)";"EN";"2026-09-09";"Raising the Altalena: Netanyahu digs up sunken 1948 arms ship in ‘pre-election stunt’";"https://france24.com/en/middle-east/20260831-raising-altalena-netanyahu-digs-up-sunken-1948-arms-ship-irgun-pre-election-stunt"
"France 24 (EN)";"EN";"2026-09-09";"Egyptian TV presenter Sarah Khalifa sentenced to death in drug case";"https://france24.com/en/africa/20260906-egyptian-tv-presenter-sarah-khalifa-sentenced-to-death-in-drug-case"
"France 24 (EN)";"EN";"2026-09-09";"US envoys bring ‘more effective’ Ukraine peace proposals to Kyiv, official says";"https://france24.com/en/europe/20260907-us-envoys-more-effective-ukraine-peace-proposals-kyiv"
"France 24 (EN)";"EN";"2026-09-09";"Germany’s far-right AfD wins big in key state election but falls short of majority";"https://france24.com/en/europe/20260906-germany-s-far-right-afd-takes-huge-lead-in-key-vote-early-results-suggest"
"France 24 (EN)";"EN";"2026-09-09";"Amazon cargo plane crashes at Miami airport, killing at least five";"https://france24.com/en/americas/20260906-amazon-cargo-plane-crashes-miami-airport-killing-at-least-five"
"France 24 (EN)";"EN";"2026-09-09";"No, UN chief Guterres did not call Francesca Albanese 'out of control'";"https://france24.com/en/tv-shows/truth-or-fake/20260903-no-un-chief-guterres-did-not-call-francesca-albanese-out-of-control"
"France 24 (EN)";"EN";"2026-09-09";"Tunisians tell the story of their summer of shortages";"https://france24.com/en/africa/20260907-tunisians-tell-story-their-summer-shortages"
"France 24 (EN)";"EN";"2026-09-09";"Mass burial reveals hidden toll of Algeria’s deadly ‘Black Wednesday’ wildfires";"https://france24.com/en/africa/20260904-mass-burial-algeria-black-wednesday-deadly-wildfires"
"France 24 (EN)";"EN";"2026-09-09";"Anti-Christian murder in Syria? No indication he was killed because of his faith";"https://france24.com/en/middle-east/20260903-anti-christian-murder-syria-no-indication-killed-faith"
"France 24 (EN)";"EN";"2026-09-09";"The church by the airport: Inside Russia’s suspected spy activities in Sweden";"https://france24.com/en/europe/20250704-the-church-by-the-airport-inside-russia-s-suspected-spy-activities-in-sweden"
"France 24 (EN)";"EN";"2026-09-09";"Searching for radioactive waste in the depths of the Atlantic";"https://france24.com/en/environment/20250607-searching-radioactive-waste-depths-atlantic-france-nuclear"
"France 24 (EN)";"EN";"2026-09-09";"‘Unwavering friendship’: The true story of nine women who escaped a Nazi death march";"https://france24.com/en/europe/20250429-true-story-nine-women-who-escaped-nazi-death-march-ravensbruck"
"France 24 (EN)";"EN";"2026-09-09";"Pope Francis, first Latin American pontiff and champion of the forgotten";"https://france24.com/en/europe/20250421-pope-francis-first-latin-american-pontiff-dies-after-double-pneumonia-battle"
"France 24 (EN)";"EN";"2026-09-09";"Haiti’s independence ransom: Macron offers ‘truth’, Haitians want reparations";"https://france24.com/en/americas/20250417-haiti-independence-ransom-macron-offers-truth-haitians-want-reparations-slavery"
"France 24 (EN)";"EN";"2026-09-09";"Saved from destruction: Paris show offers glimpse of Gaza’s archaeological treasures";"https://france24.com/en/culture/20250403-saved-from-destruction-paris-exhibition-offers-glimpse-of-gaza-archaeological-treasures"
"France 24 (EN)";"EN";"2026-09-09";"'The Bibi Files': Documentary reveals the police interrogations behind Netanyahu’s graft trial";"https://france24.com/en/middle-east/20240910-the-bibi-files-documentary-reveals-the-police-interrogations-behind-netanyahu-s-graft-trial"
"France 24 (EN)";"EN";"2026-09-09";"Wildfires, heatwaves threaten global air quality and health, UN warns";"https://france24.com/en/environment/20260907-wildfires-heatwaves-global-air-quality-health-un"
"France 24 (EN)";"EN";"2026-09-09";"Expert warns of 'hotter summers, more wildfires, more drought and more floods'";"https://france24.com/en/tv-shows/perspective/20260901-expert-warns-of-hotter-summers-more-wildfires-more-drought-and-more-floods"
"France 24 (EN)";"EN";"2026-09-09";"'Glaciers in Himalayas retreating': Nepal floods triggered by 'glacier collapse & massive landslide'";"https://france24.com/en/video/20260901-glaciers-in-himalayas-retreating-nepal-floods-triggered-by-glacier-collapse-massive-landslide"
"France 24 (EN)";"EN";"2026-09-09";"'They were legends': Humpback whales make spectacular comeback off Brazil's coast";"https://france24.com/en/environment/20260828-they-were-legends-humpback-whales-make-spectacular-comeback-off-brazil-s-coast"
"France 24 (EN)";"EN";"2026-09-09";"Spoiler alert: AI in cinema 'just a tool, won’t replace actors and human beings'";"https://france24.com/en/video/20260908-spoiler-alert-ai-in-cinema-just-a-tool-won-t-replace-actors-and-human-beings-1"
"France 24 (EN)";"EN";"2026-09-09";"Céline Dion and Jay-Z bring their hits to Paris";"https://france24.com/en/tv-shows/arts24/20260907-c%C3%A9line-dion-and-jay-z-bring-their-hits-to-paris"
"France 24 (EN)";"EN";"2026-09-09";"Messi, Mbappé and Kane headline Ballon d'Or shortlist, Vozinha named for Yashin award";"https://france24.com/en/sport/20260908-messi-mbappe-kane-headline-ballon-d-or-shortlist-vozinha-named-yashin-award"
"France 24 (EN)";"EN";"2026-09-09";"Before Champions League, Kylian Mbappé campaigns for Ballon d'Or";"https://france24.com/en/tv-shows/sports/20260908-before-champions-league-kylian-mbapp%C3%A9-campaigns-for-ballon-d-or"
"France 24 (EN)";"EN";"2026-09-09";"OpenAI begins rollout of GPT-6 amid growing scrutiny over safety";"https://france24.com/en/technology/20260904-openai-begins-rollout-of-gpt-6-with-focus-on-cyber-security-safeguards"
"France 24 (EN)";"EN";"2026-09-09";"Volkswagen to cut 50,000 more jobs to counter tariffs and Chinese competition";"https://france24.com/en/technology/20260904-volkswagen-to-cut-another-50-000-jobs-to-counter-tariffs-and-chinese-competition"
"France 24 (EN)";"EN";"2026-09-09";"Nvidia to buy Hugging Face for $12.93 billion in major AI expansion";"https://france24.com/en/technology/20260903-nvidia-to-buy-hugging-face-for-12-93-billion-in-major-ai-expansion"
"France 24 (EN)";"EN";"2026-09-09";"‘Was this a state visit?’ Indian opposition leader raises serious questions over Paris BAPS temple";"https://france24.com/en/tv-shows/spotlight/20260908-was-this-a-state-visit-indian-opposition-leader-raises-serious-questions-over-paris-baps-temple"
"France 24 (EN)";"EN";"2026-09-09";"UK, France, ⁠Canada sanction Israeli West Bank goods";"https://france24.com/en/tv-shows/a-propos/20260908-uk-france-canada-sanction-israeli-west-bank-goods"
"France 24 (EN)";"EN";"2026-09-09";"Missiles or mediation? Trump envoys shuttle between Russia and Ukraine";"https://france24.com/en/tv-shows/the-debate/20260908-missiles-or-mediation-trump-envoys-shuttle-between-russia-and-ukraine"
"France 24 (EN)";"EN";"2026-09-09";"Nepal rescuers race to free dozens trapped in hydropower tunnels";"https://france24.com/en/asia-pacific/20260908-nepal-rescuers-race-to-free-dozens-trapped-in-hydropower-tunnels"
"France 24 (EN)";"EN";"2026-09-09";"Eight airports in Indonesia suspend operations after volcanic eruption";"https://france24.com/en/asia-pacific/20260906-six-airports-in-indonesia-suspend-operations-after-volcanic-eruption"
"France 24 (EN)";"EN";"2026-09-09";"'I don't know if I'm dreaming': Rebuilding lives after Nepal's devastating floods";"https://france24.com/en/asia-pacific/20260905-i-dont-know-if-im-dreaming-rebuilding-lives-after-nepal-devastating-floods"
"France 24 (EN)";"EN";"2026-09-09";"Transforming Payments in the DRC: A Leap Towards a Digital Future";"https://france24.com/en/sponsored-content/20250923-transforming-payments-in-the-drc-a-leap-towards-a-digital-future"
"France 24 (EN)";"EN";"2026-09-09";"Africa's $88 billion solutions: How ATAF fights illicit financial flows";"https://france24.com/en/sponsored-content/20250108-africa-s-88-billion-solutions-how-ataf-fights-illicit-financial-flows"
"France 24 (EN)";"EN";"2026-09-09";"Burundi: innovative solutions to fight stunting in children";"https://france24.com/en/sponsored-content/20240122-burundi-innovative-solutions-to-fight-stunting-in-children"
"France 24 (EN)";"EN";"2026-09-09";"Child malnutrition in Burundi: concrete actions to help children";"https://france24.com/en/sponsored-content/20231215-child-malnutrition-in-burundi-concrete-actions-to-help-children"
"France 24 (EN)";"EN";"2026-09-09";"Interview of Anthony Ginter, President & CEO - WEO";"https://france24.com/en/sponsored-content/20230911-interview-of-anthony-ginter-president-ceo-weo"
"France 24 (EN)";"EN";"2026-09-09";"2026";"https://france24.com/en/archives/2026/01/"
"France 24 (EN)";"EN";"2026-09-09";"2025";"https://france24.com/en/archives/2025/01/"
"France 24 (EN)";"EN";"2026-09-09";"2024";"https://france24.com/en/archives/2024/01/"
"France 24 (EN)";"EN";"2026-09-09";"2023";"https://france24.com/en/archives/2023/01/"
"France 24 (EN)";"EN";"2026-09-09";"2022";"https://france24.com/en/archives/2022/01/"
"France 24 (EN)";"EN";"2026-09-09";"2021";"https://france24.com/en/archives/2021/01/"
"France 24 (EN)";"EN";"2026-09-09";"2020";"https://france24.com/en/archives/2020/01/"
"Le Monde (FR)";"FR";"2026-09-09";"Le Monde’s app";"https://www.lemonde.fr/en/about-us/article/2023/09/06/le-monde-in-english-now-available-on-our-mobile-app_6125308_115.html"
"Le Monde (FR)";"FR";"2026-09-09";"Europe falls behind SpaceX as French-German rivalries slow space ambitions";"https://www.lemonde.fr/en/economy/article/2026/09/09/europe-sidelined-by-spacex-s-dominance-in-space-as-french-german-rivalries-deepen_6757325_19.html"
"Le Monde (FR)";"FR";"2026-09-09";"Space: A test of Europe's power";"https://www.lemonde.fr/en/opinion/article/2026/09/09/space-a-test-of-power-for-europe_6757341_23.html"
"Le Monde (FR)";"FR";"2026-09-09";"UAE commits $1 billion to French space AI project";"https://www.lemonde.fr/en/economy/article/2026/09/09/uae-commits-1-billion-to-french-space-ai-project_6757342_19.html"
"Le Monde (FR)";"FR";"2026-09-09";"Trump takes center stage in Republican campaign ahead of US midterms";"https://www.lemonde.fr/en/international/article/2026/09/09/donald-trump-takes-center-stage-in-republican-campaign-ahead-of-us-midterms_6757326_4.html"
"Le Monde (FR)";"FR";"2026-09-09";"Report that Netanyahu was warned before October 7 triggers political earthquake in Israel";"https://www.lemonde.fr/en/international/article/2026/09/09/report-that-netanyahu-was-warned-before-october-7-triggers-political-earthquake-in-israel_6757337_4.html"
"Le Monde (FR)";"FR";"2026-09-09";"UK rejects Israel's 'damaging' retaliation over West Bank settlement sanctions";"https://www.lemonde.fr/en/international/article/2026/09/09/uk-rejects-israel-s-damaging-retaliation-over-west-bank-settlement-sanctions_6757336_4.html"
"Le Monde (FR)";"FR";"2026-09-09";"French billionaire Olivier Bouygues stands trial for killing protected birds";"https://www.lemonde.fr/en/france/article/2026/09/09/french-billionaire-olivier-bouygues-stands-trial-for-killing-protected-birds_6757335_7.html"
"Le Monde (FR)";"FR";"2026-09-09";"In Toulouse, the French government auctions off a historic monument it has held for 70 years";"https://www.lemonde.fr/en/politics/article/2026/09/09/in-toulouse-the-french-government-auctions-off-a-historic-monument-it-has-held-for-70-years_6757321_5.html"
"Le Monde (FR)";"FR";"2026-09-09";"News analysis   Philippe Jacqué Subscribers onlyIceland's no vote does not undermine the EU's appeal  Driven in part by concerns over reopening the issue of fishing rights, the Icelandic referendum at the end of August disappointed supporters of European integration. Yet the EU continues to be seen as a stable regional center of governance that many other partners still want to draw closer to.    3 min read";"https://www.lemonde.fr/en/opinion/article/2026/09/09/iceland-s-no-vote-does-not-undermine-the-eu-s-appeal_6757329_23.html"
"Le Monde (FR)";"FR";"2026-09-09";"Former Paris mayor Hidalgo endorses Glucksmann in French presidential race";"https://www.lemonde.fr/en/politics/article/2026/09/09/former-paris-mayor-hidalgo-endorses-glucksmann-in-french-presidential-race_6757340_5.html"
"Le Monde (FR)";"FR";"2026-09-09";"French presidential election: Philippe's call for unity refused by rivals on center and right";"https://www.lemonde.fr/en/france/article/2026/09/09/presidential-candidate-philippe-s-call-for-unity-refused-by-rivals-on-center-and-right_6757339_7.html"
"Le Monde (FR)";"FR";"2026-09-09";"11 European countries and Canada sanction products from Israeli settlements in West Bank";"https://www.lemonde.fr/en/international/article/2026/09/09/eleven-european-countries-and-canada-impose-sanctions-on-israel-over-products-from-settlements-in-the-west-bank_6757323_4.html"
"Le Monde (FR)";"FR";"2026-09-09";"Former French PM Bayrou returns to court in misappropriation case similar to Le Pen's";"https://www.lemonde.fr/en/france/article/2026/09/09/former-french-pm-bayrou-returns-to-court-in-misappropriation-case-similar-to-le-pen-s_6757322_7.html"
"Le Monde (FR)";"FR";"2026-09-09";"In the French presidential campaign, the issue of wages is no laughing matter";"https://www.lemonde.fr/en/politics/article/2026/09/09/in-the-2027-presidential-campaign-the-issue-of-purchasing-power-is-no-laughing-matter_6757324_5.html"
"Le Monde (FR)";"FR";"2026-09-09";"Trump bans Canadian alcohol in latest trade war salvo";"https://www.lemonde.fr/en/international/article/2026/09/09/trump-bans-canadian-alcohol-in-latest-trade-war-salvo_6757331_4.html"
"Le Monde (FR)";"FR";"2026-09-09";"Iran strikes US base in Jordan following attacks on its oil tankers";"https://www.lemonde.fr/en/international/article/2026/09/09/iran-attacks-us-base-in-jordan-following-attacks-on-its-oil-tankers_6757328_4.html"
"Le Monde (FR)";"FR";"2026-09-09";"Macron rallies to save the movies, imperiled by free platforms and generative AI";"https://www.lemonde.fr/en/culture/article/2026/09/09/macron-rallies-to-save-the-movies-imperiled-by-free-platforms-and-generative-ai_6757332_30.html"
"Le Monde (FR)";"FR";"2026-09-09";"French education minister: 'We should have questioned earlier what measures to take for middle school'";"https://www.lemonde.fr/en/france/article/2026/09/08/pisa-2025-we-should-have-questioned-earlier-what-measures-to-take-for-middle-school-admits-french-education-minister-edouard-geffray_6757294_7.html"
"Le Monde (FR)";"FR";"2026-09-09";"Unprecedented risks shadow Israel's October 27 elections";"https://www.lemonde.fr/en/opinion/article/2026/09/08/unprecedented-risks-shadow-israel-s-october-27-elections_6757288_23.html"
"Le Monde (FR)";"FR";"2026-09-09";"Bishop Etienne Guillet of Saint-Denis, a bridge-builder in the banlieues";"https://www.lemonde.fr/en/france/article/2026/09/08/bishop-etienne-guillet-of-saint-denis-a-bridge-builder-in-the-banlieues_6757312_7.html"
"Le Monde (FR)";"FR";"2026-09-09";"Yemen targeted by more than 30 Saudi airstrikes in retaliation for major Houthi attack";"https://www.lemonde.fr/en/international/article/2026/09/08/houthi-attacks-on-saudi-arabia-set-fire-to-oil-sites-and-wound-73_6757317_4.html"
"Le Monde (FR)";"FR";"2026-09-09";"Editorial Space: A test of Europe's power  European countries continue to approach space as a patchwork of national sovereignties, even as the competition now plays out between global power blocs. If they do not want to fall behind the United States and China, Europe must change its approach.    2 min read";"https://www.lemonde.fr/en/opinion/article/2026/09/09/space-a-test-of-power-for-europe_6757341_23.html"
"Le Monde (FR)";"FR";"2026-09-09";"Feature   Jessica Gourdon Subscribers onlyIn Los Angeles, thousands of Americans are forced to live in their cars  Several thousand people live in a car, van or camper in the city of Los Angeles. The situation highlights the growing difficulties of low-income Americans to find stable housing, a major problem in the United States.    6 min read";"https://www.lemonde.fr/en/economy/article/2026/09/07/in-california-thousands-of-americans-forced-to-live-in-their-cars_6757265_19.html"
"Le Monde (FR)";"FR";"2026-09-09";"In Depth   Marie de Vergès Subscribers onlyWashington's ambitions for Venezuelan oil face setbacks  The terms of the oil deal struck between Washington and Caracas remain unclear. US control over Venezuelan oil reserves will not make up for the barrels lost in the Middle East anytime soon.    4 min read";"https://www.lemonde.fr/en/economy/article/2026/09/08/washington-s-ambitions-for-venezuelan-oil-face-setbacks_6757292_19.html"
"Le Monde (FR)";"FR";"2026-09-09";"Editorial A global warning about children's knowledge   Le Monde";"https://www.lemonde.fr/en/opinion/article/2026/09/08/global-warning-about-children-s-knowledge_6757287_23.html"
"Le Monde (FR)";"FR";"2026-09-09";"Column Subscribe'Fjord,' controversial Palme d'Or winner, sparks debate in culture circles over far right ahead of French elections      Michel Guerrin Columnist";"https://www.lemonde.fr/en/opinion/article/2026/09/05/fjord-controversial-palme-d-or-winner-sparks-debate-in-culture-circles-over-far-right-ahead-of-french-elections_6757189_23.html"
"Le Monde (FR)";"FR";"2026-09-09";"Editorial Germany's political model is threatened by the far right   Le Monde";"https://www.lemonde.fr/en/opinion/article/2026/09/07/germany-s-political-model-is-threatened-by-the-far-right_6757245_23.html"
"Le Monde (FR)";"FR";"2026-09-09";"Iceland summons US ambassador after Trump posts map  including island as part of US";"https://www.lemonde.fr/en/international/article/2026/09/08/iceland-summons-us-ambassador-after-trump-posts-map-including-island-as-part-of-us_6757284_4.html"
"Le Monde (FR)";"FR";"2026-09-09";"12 countries including France, UK announce sanctions on Israeli settlements in West Bank";"https://www.lemonde.fr/en/international/article/2026/09/08/12-countries-including-france-uk-say-to-sanction-trade-from-israeli-settlements_6757291_4.html"
"Le Monde (FR)";"FR";"2026-09-09";"PISA 2025: Unprecedented drop in French students' performance echoes worldwide decline";"https://www.lemonde.fr/en/france/article/2026/09/08/pisa-2025-unprecedented-drop-in-french-students-performance-echoes-worldwide-decline_6757286_7.html"
"Le Monde (FR)";"FR";"2026-09-09";"Netanyahu under fire after report of UAE warning ahead of October 7 attack";"https://www.lemonde.fr/en/international/article/2026/09/08/netanyahu-under-fire-after-report-of-uae-warning-ahead-of-october-7-attack_6757316_4.html"
"Le Monde (FR)";"FR";"2026-09-09";"A global warning about children's knowledge";"https://www.lemonde.fr/en/opinion/article/2026/09/08/global-warning-about-children-s-knowledge_6757287_23.html"
"Le Monde (FR)";"FR";"2026-09-09";"Washington's ambitions for Venezuelan oil face setbacks";"https://www.lemonde.fr/en/economy/article/2026/09/08/washington-s-ambitions-for-venezuelan-oil-face-setbacks_6757292_19.html"
"Le Monde (FR)";"FR";"2026-09-09";"Charte du Groupe";"https://www.lemonde.fr/actualite-medias/article/2010/11/03/la-charte-d-ethique-et-de-deontologie-du-groupe-le-monde_1434737_3236.html"
"Le Monde (FR)";"FR";"2026-09-09";"Group Policy";"https://www.lemonde.fr/en/about-us/article/2022/04/06/groupe-le-monde-s-code-of-ethics-and-professional-conduct_5979823_115.html"
"Le Monde (FR)";"FR";"2026-09-09";"RSS feed";"https://www.lemonde.fr/en/about-us/article/2026/03/27/le-monde-rss-feeds_6751860_115.html"
"RFI Afrique (FR)";"FR";"2026-09-09";"2026";"https://www.rfi.fr/fr/archives/2026/01/"
"RFI Afrique (FR)";"FR";"2026-09-09";"2025";"https://www.rfi.fr/fr/archives/2025/01/"
"RFI Afrique (FR)";"FR";"2026-09-09";"2024";"https://www.rfi.fr/fr/archives/2024/01/"
"RFI Afrique (FR)";"FR";"2026-09-09";"2023";"https://www.rfi.fr/fr/archives/2023/01/"
"RFI Afrique (FR)";"FR";"2026-09-09";"2022";"https://www.rfi.fr/fr/archives/2022/01/"
"RFI Afrique (FR)";"FR";"2026-09-09";"2021";"https://www.rfi.fr/fr/archives/2021/01/"
"RFI Afrique (FR)";"FR";"2026-09-09";"2020";"https://www.rfi.fr/fr/archives/2020/01/"
"Time Magazine World (EN)";"EN";"2026-09-09";"Key Democrat Plans Ballroom Probe If Party Wins House";"https://time.com/article/2026/09/08/exclusive-obscure-committee-set-to-be-at-center-of-trump-fight-if-democrats-win-house/"
"Time Magazine World (EN)";"EN";"2026-09-09";"Iceland Summons U.S. Ambassador Over Trump’s Expansionist Map";"https://time.com/article/2026/09/09/iceland-greenland-us-trump-map-ambassador-summons/"
"Time Magazine World (EN)";"EN";"2026-09-09";"White House Removes ‘Build the Wall’ Game After Tetris Rebuke";"https://time.com/article/2026/09/09/tetris-company-build-the-wall-video-game-trump-white-house/"
"Time Magazine World (EN)";"EN";"2026-09-09";"Yes, There Has Been an Uptick in High-Profile Art Heists. Here’s Why";"https://time.com/article/2026/09/08/-we-are-under-siege-renoir-heist-joins-an-art-thievery-trend/"
"Time Magazine World (EN)";"EN";"2026-09-09";"Mamdani Launches Public Portal With 170,000 Pages of 9/11 Records";"https://time.com/article/2026/09/08/mamdani-to-release-9-11-related-documents/"
"Time Magazine World (EN)";"EN";"2026-09-09";"E.U. Pledges Investments and 'Full Solidarity' With Greenland Amid Trump’s Threats";"https://time.com/article/2026/09/07/greenland-investment-boost-eu-trump-annexation-threats/"
"Time Magazine World (EN)";"EN";"2026-09-09";"Why the U.K., Canada, and France Are Banning Trade With Israeli Settlements";"https://time.com/article/2026/09/08/why-the-u-k-canada-and-france-are-banning-trade-with-israeli-settlements/"
"Time Magazine World (EN)";"EN";"2026-09-09";"Review: Robert Pattinson in 'Primetime'";"https://time.com/article/2026/09/06/primetime-review-robert-pattinson/"
"Time Magazine World (EN)";"EN";"2026-09-09";"How to Support Someone With Postpartum Depression";"https://time.com/article/2026/09/04/how-to-support-someone-postpartum-depression/"
"Time Magazine World (EN)";"EN";"2026-09-09";"Alix Earle's Underwhelming Reality Show";"https://time.com/article/2026/08/28/earle-meets-world-review/"
"Time Magazine World (EN)";"EN";"2026-09-09";"Breaking Down 'Silo' Season 3";"https://time.com/article/2026/09/01/silo-season-3-finale-ending-apple/"
"Time Magazine World (EN)";"EN";"2026-09-09";"The Best TV Shows of 2026 So Far";"https://time.com/article/2026/06/23/best-tv-shows-2026-so-far/"
"Time Magazine World (EN)";"EN";"2026-09-09";"Inside OpenAI’s RebootInside OpenAI’s Reboot";"https://time.com/article/2026/08/26/openai-sam-altman-interview/"
"Time Magazine World (EN)";"EN";"2026-09-09";"Joseph Gordon-Levitt";"https://time.com/collection/time100-ai/2026/joseph-gordon-levitt/"
"Time Magazine World (EN)";"EN";"2026-09-09";"Why America's AI Boom Isn't an Industrial Boom";"https://time.com/article/2026/09/02/why-america-s-ai-boom-isn-t-an-industrial-boom/"
"Time Magazine World (EN)";"EN";"2026-09-09";"The Danger of Ignoring Nepal";"https://time.com/article/2026/09/02/climate-change-melting-glaciers-himalayas-floods-nepal-danger-/"
"Time Magazine World (EN)";"EN";"2026-09-09";"The Hidden Value of Back-to-School Shopping";"https://time.com/article/2026/09/02/the-hidden-value-of-back-to-school-shopping/"
"Time Magazine World (EN)";"EN";"2026-09-09";"Trump’s Head Start Overhaul Borrows a Playbook That Already Failed";"https://time.com/article/2026/09/01/trump-s-head-start-overhaul-borrows-a-playbook-that-already-failed/"
"Time Magazine World (EN)";"EN";"2026-09-09";"TIME Trailblazers: Designing and Making the Future";"https://time.com/collection/time-trailblazers/2026/"
"Time Magazine World (EN)";"EN";"2026-09-09";"Why Reading People's Confessions Online Feels So Good";"https://time.com/article/2026/09/08/why-reading-confessions-online-feels-good/"
"Time Magazine World (EN)";"EN";"2026-09-09";"Write a To-Do List Before Bed";"https://time.com/article/2026/09/08/how-to-fall-asleep-faster-to-do-list/"
"Time Magazine World (EN)";"EN";"2026-09-09";"More Americans Are Losing Health Insurance—And Everyone Will Pay";"https://time.com/article/2026/09/08/losing-health-insurance-affects-everyone/"
"Time Magazine World (EN)";"EN";"2026-09-09";"What is 'Scromiting'? ER Doctors Are Seeing it More";"https://time.com/article/2026/09/02/what-is-scromiting-er-doctors-are-seeing-it-more/"
"Time Magazine World (EN)";"EN";"2026-09-09";"Personality Is Linked to Genes, New Study Finds";"https://time.com/article/2026/09/02/personality-is-linked-to-genes-study/"
"Time Magazine World (EN)";"EN";"2026-09-09";"How Eloy van Hal’s ‘Dementia Village’ Is Transforming Patient Care";"https://time.com/collection/time-trailblazers/2026/eloy-van-hal/"
"Time Magazine World (EN)";"EN";"2026-09-09";"Review: Lee Chang Dong's 'Possible Love'";"https://time.com/article/2026/09/02/possible-love-review-lee-chang-dong/"
"Time Magazine World (EN)";"EN";"2026-09-09";"Review: Werner Herzog's 'Bucking Fastard'";"https://time.com/article/2026/09/04/bucking-fastard-review-werner-herzog/"
"Time Magazine World (EN)";"EN";"2026-09-09";"Review: 'Wild Horse Nine'";"https://time.com/article/2026/09/03/wild-horse-nine-review/"
"Time Magazine World (EN)";"EN";"2026-09-09";"AI Is at a Turning Point";"https://time.com/article/2026/09/09/ai-is-at-a-turning-point/"
"Time Magazine World (EN)";"EN";"2026-09-09";"The Growing Push to Ban Superintelligent AI";"https://time.com/article/2026/09/08/ban-superintelligence-ai-uk-us-lawmakers/"
"Time Magazine World (EN)";"EN";"2026-09-09";"The Leaders AI Innovation Needs";"https://time.com/article/2026/09/08/the-leaders-ai-innovation-needs/"
"Time Magazine World (EN)";"EN";"2026-09-09";"AI Will Transform Work, But It Can't Replace Relationships";"https://time.com/article/2026/09/04/ai-will-transform-work-but-it-can-t-replace-relationships/"
"Time Magazine World (EN)";"EN";"2026-09-09";"How Rogue AI Could Act Like an Invasive Species";"https://time.com/article/2026/09/01/rogue-ai-chatgpt-hugging-face-invasive-species/"
"Time Magazine World (EN)";"EN";"2026-09-09";"The Bigger Bet Behind Nvidia’s Hugging Face Deal";"https://time.com/article/2026/08/28/nvidia-hugging-face-chips-open-source/"
"Time Magazine World (EN)";"EN";"2026-09-09";"Boosting Africa's Farmers Is a Boost to the Economy";"https://time.com/article/2026/09/02/africa-farmers-economy-future/"
"Time Magazine World (EN)";"EN";"2026-09-09";"Why Is Nepal So Vulnerable to Flooding?";"https://time.com/article/2026/09/01/nepal-flooding-risk-climate-change/"
"Time Magazine World (EN)";"EN";"2026-09-09";"How Should You Prepare For A Super El Niño?";"https://time.com/article/2026/08/31/how-to-prepare-super-el-nino/"
"Time Magazine World (EN)";"EN";"2026-09-09";"How to Pack a Low-Waste School Lunch";"https://time.com/article/2026/08/31/how-to-reduce-school-lunch-food-waste/"
"Time Magazine World (EN)";"EN";"2026-09-09";"How Experts Shrink Their Home's Water Usage";"https://time.com/article/2026/08/26/water-experts-s-habits-to-reduce-their-water-footprint/"
"Time Magazine World (EN)";"EN";"2026-09-09";"Companies Are Bracing Themselves For El Niño’s Ripple Effects";"https://time.com/article/2026/08/21/el-nino-economic-business-disruption/"
"Time Magazine World (EN)";"EN";"2026-09-09";"How Climate Change Is Messing With Your Blood";"https://time.com/article/2026/08/19/climate-change-impacting-blood-carbon-dioxide-levels/"
"Icilome (FR)";"FR";"2026-09-09";"Togo- La liberté de la presse en question, la souveraineté numérique en construction Spécial";"https://icilome.com/2026/09/togo-la-liberte-de-la-presse-en-question-la-souverainete-numerique-en-construction-special/"
"Icilome (FR)";"FR";"2026-09-09";"Togo / « Les routes de l’impossible »: Et si le vrai problème n’était pas le visa, mais ce que les caméras allaient montrer?";"https://icilome.com/2026/09/togo-les-routes-de-limpossible-et-si-le-vrai-probleme-netait-pas-le-visa-mais-ce-que-les-cameras-allaient-montrer/"
"Icilome (FR)";"FR";"2026-09-09";"Togo- Enquêtes sur la pauvreté : les Togolais végètent dans la misère, le gouvernement s’intéresse aux chiffres";"https://icilome.com/2026/09/togo-enquetes-sur-la-pauvrete-les-togolais-vegetent-dans-la-misere-le-gouvernement-sinteresse-aux-chiffres/"
"Icilome (FR)";"FR";"2026-09-09";"Prof Wolou : « Si ce régime a un petit amour pour le Togo, il ne doit pas faire de Ferdinand Ayité un ennemi »";"https://icilome.com/2026/09/prof-wolou-si-ce-regime-a-un-petit-amour-pour-le-togo-il-ne-doit-pas-faire-de-ferdinand-ayite-un-ennemi/"
"Icilome (FR)";"FR";"2026-09-09";"KPESOSO et EPE YE KPE, 363e célébration : Rituel politique et religieux de communion du peuple GUIN";"https://icilome.com/2026/09/kpesoso-et-epe-ye-kpe-363e-celebration-rituel-politique-et-religieux-de-communion-du-peuple-guin/"
"Icilome (FR)";"FR";"2026-09-09";"Togo : un journaliste de Tampa Express enlevé et séquestré à Guérin-Kouka, le SYNJIT dénonce un « acte de gangstérisme »";"https://icilome.com/2026/09/togo-un-journaliste-de-tampa-express-enleve-et-sequestre-a-guerin-kouka-le-synjit-denonce-un-acte-de-gangsterisme/"
"Icilome (FR)";"FR";"2026-09-09";"Togo- Port, OTR et SOTOPLA faciliteraient-ils le vol des voitures à Lomé ?";"https://icilome.com/2026/09/togo-port-otr-et-sotopla-faciliteraient-elles-le-vol-des-voitures-a-lome/"
"Icilome (FR)";"FR";"2026-09-09";"Togo- Compte rendu du Conseil des ministres Lomé, 7 septembre 2026";"https://icilome.com/2026/09/togo-compte-rendu-du-conseil-des-ministres-lome-7-septembre-2026/"
"Icilome (FR)";"FR";"2026-09-09";"Le Togo intensifie la lutte contre les faux médicaments";"https://icilome.com/2026/09/le-togo-intensifie-la-lutte-contre-les-faux-medicaments/"
"Icilome (FR)";"FR";"2026-09-09";"Faure Gnassingbé à Londres pour accélérer le développement du nucléaire civil";"https://icilome.com/2026/09/faure-gnassingbe-a-londres-pour-accelerer-le-developpement-du-nucleaire-civil/"
"Icilome (FR)";"FR";"2026-09-09";"Nuisances sonores : le défi de faire respecter le calme";"https://icilome.com/2026/09/nuisances-sonores-le-defi-de-faire-respecter-le-calme/"
"Icilome (FR)";"FR";"2026-09-09";"Rapport 2026 Institut V-Dem sur l’état de la démocratie : Togo parmi les pays très actifs dans le recul";"https://icilome.com/2026/09/rapport-2026-institut-v-dem-sur-letat-de-la-democratie-togo-parmi-les-pays-tres-actifs-dans-le-recul/"
"Icilome (FR)";"FR";"2026-09-09";"CIIE 2026 : le CETEF lance un appel à candidature pour sélectionner les exposants togolais";"https://icilome.com/2026/09/ciie-2026-le-cetef-lance-un-appel-a-candidature-pour-selectionner-les-exposants-togolais/"
"Icilome (FR)";"FR";"2026-09-09";"Togo – L’arrêt de la CEDEAO vu par l’ancien ministre malien de la Justice Ismaïla Konaté";"https://icilome.com/2026/09/togo-larret-de-la-cedeao-vu-par-lancien-ministre-malien-de-la-justice-ismaila-konate/"
"Icilome (FR)";"FR";"2026-09-09";"Togo – Noces de cristal du SYNJIT : hommage aux pionniers et cap sur l’avenir";"https://icilome.com/2026/09/togo-noces-de-cristal-du-synjit-hommage-aux-pionniers-et-cap-sur-lavenir/"
"Icilome (FR)";"FR";"2026-09-09";"Togo – SYNJIT : 15 ans d’engagement syndical, un webinaire pour remobiliser les journalistes togolais";"https://icilome.com/2026/08/togo-synjit-15-ans-dengagement-syndical-un-webinaire-pour-remobiliser-les-journalistes-togolais/"
"Icilome (FR)";"FR";"2026-09-09";"Édito- Au Togo, on n’arrête plus les voleurs, on arrête les vendeurs de journaux";"https://icilome.com/2026/08/edito-au-togo-on-narrete-plus-les-voleurs-on-arrete-les-vendeurs-de-journaux/"
"Icilome (FR)";"FR";"2026-09-09";"Togo- Le PPT dénonce une « caporalisation » de la presse après l’interpellation musclée d’un vendeur de journaux";"https://icilome.com/2026/08/togo-le-ppt-denonce-une-caporalisation-de-la-presse-apres-linterpellation-musclee-dun-vendeur-de-journaux/"
"Icilome (FR)";"FR";"2026-09-09";"Oration On Liberty! Addressed to the People and Governors of Togo";"https://icilome.com/2026/07/oration-on-liberty-addressed-to-the-people-and-governors-of-togo/"
"Icilome (FR)";"FR";"2026-09-09";"Togo- Le SYNJIT prépare ses 15 ans avec de nouvelles cartes de membres";"https://icilome.com/2026/07/togo-le-synjit-prepare-ses-15-ans-avec-de-nouvelles-cartes-de-membres/"
"Icilome (FR)";"FR";"2026-09-09";"Video: Abdoul Aziz Goma Addresses the UN on Repression in Togo";"https://icilome.com/2026/03/video-abdoul-aziz-goma-addresses-the-un-on-repression-in-togo/"
"Icilome (FR)";"FR";"2026-09-09";"Togo – Enquête, pressions et refus de l’exil : le message fort de Roger Amemavoh (Vidéo)";"https://icilome.com/2026/02/togo-enquete-pressions-et-refus-de-lexil-le-message-fort-de-roger-amemavor-video/"
"Icilome (FR)";"FR";"2026-09-09";"Bénin : Le président Talon s’adresse à la nation après la tentative de coup d’État (vidéo)";"https://icilome.com/2025/12/benin-le-president-talon-sadresse-a-la-nation-apres-la-tentative-de-coup-detat-video/"
"Icilome (FR)";"FR";"2026-09-09";"Yves Edoh Agbodjan, alias Togbevi Kpéssé précise les objectifs de la délégation du M66 à New York (Interview)";"https://icilome.com/2025/09/yves-edoh-agbodjan-alias-togbevi-kpesse-precise-les-objectifs-de-la-delegation-du-m66-a-new-york-interview/"
"Icilome (FR)";"FR";"2026-09-09";"Vidéo – Le MO5 rejoint l’appel à la mobilisation du 30 août au Togo";"https://icilome.com/2025/08/video-le-mo5-rejoint-lappel-a-la-mobilisation-du-30-aout-au-togo/"
"Icilome (FR)";"FR";"2026-09-09";"Niger – Les institutions fonctionnent et le pays reste concentré sur sa stabilité malgré tout";"https://icilome.com/2026/09/niger-les-institutions-fonctionnent-et-le-pays-reste-concentre-sur-sa-stabilite-malgre-tout/"
"Icilome (FR)";"FR";"2026-09-09";"« Correct The Map » : l’Union africaine salue le leadership togolais à l’ONU";"https://icilome.com/2026/09/correct-the-map-lunion-africaine-salue-le-leadership-togolais-a-lonu/"
"Icilome (FR)";"FR";"2026-09-09";"Togo : Le tango juridique de maître Gil-Benoit Afangbédji et la déchéance de l’engagement citoyen";"https://icilome.com/2026/09/togo-le-tango-juridique-de-maitre-gil-benoit-afangbedji-et-la-decheance-de-lengagement-citoyen/"
"Icilome (FR)";"FR";"2026-09-09";"Togo- Golfe 1 installe son Cadre de Concertation sur les systèmes alimentaires territorialisés";"https://icilome.com/2026/09/togo-golfe-1-installe-son-cadre-de-concertation-sur-les-systemes-alimentaires-territorialises/"
"Icilome (FR)";"FR";"2026-09-09";"Togo – Madi Djabakate face aux critiques sur l’interprétation de l’arrêt de la CEDEAO";"https://icilome.com/2026/09/togo-madi-djabakate-face-aux-critiques-sur-linterpretation-de-larret-de-la-cedeao/"
"Icilome (FR)";"FR";"2026-09-09";"Diplomatie : À l’ONU, le Togo fait adopter une résolution pour « corriger la carte » du monde";"https://icilome.com/2026/09/diplomatie-a-lonu-le-togo-fait-adopter-une-resolution-pour-corriger-la-carte-du-monde/"
"Icilome (FR)";"FR";"2026-09-09";"Togo : « À nous de dire non », l’appel du Pr Wolou Komi après la décision de la CEDEAO";"https://icilome.com/2026/09/togo-a-nous-de-dire-non-lappel-du-pr-wolou-komi-apres-la-decision-de-la-cedeao/"
"Icilome (FR)";"FR";"2026-09-09";"CEDEAO et réforme constitutionnelle de 2024 au Togo : le CNCC réunit juristes et acteurs politiques autour de l’arrêt";"https://icilome.com/2026/09/cedeao-et-reforme-constitutionnelle-de-2024-au-togo-le-cncc-reunit-juristes-et-acteurs-politiques-autour-de-larret/"
"Icilome (FR)";"FR";"2026-09-09";"Jusqu’où peut-on s’accrocher à un poste politique ?";"https://icilome.com/2026/09/jusquou-peut-on-saccrocher-a-un-poste-politique/"
"Icilome (FR)";"FR";"2026-09-09";"Le Togo lance une nouvelle enquête sur les conditions de vie des ménages";"https://icilome.com/2026/09/le-togo-lance-une-nouvelle-enquete-sur-les-conditions-de-vie-des-menages/"
"Icilome (FR)";"FR";"2026-09-09";"Paris : le parcours du Dr Serge Michel Kodom mis en avant aux Africa Next Awards";"https://icilome.com/2026/09/paris-le-parcours-du-dr-serge-michel-kodom-mis-en-avant-aux-africa-next-awards/"
"Icilome (FR)";"FR";"2026-09-09";"Togo – L’opposition et la société civile dénoncent les menaces contre le journaliste Ferdinand Ayité et lui apportent leur soutien";"https://icilome.com/2026/09/togo-lopposition-et-la-societe-civile-denoncent-les-menaces-contre-le-journaliste-ferdinand-ayite-et-lui-apportent-leur-soutien/"
"Icilome (FR)";"FR";"2026-09-09";"Togo – Arrêt de la CEDEAO : le Réseau panafricain des droits de l’homme charge l’opposition et dénonce une « manœuvre de récupération politicienne »";"https://icilome.com/2026/09/togo-arret-de-la-cedeao-le-reseau-panafricain-des-droits-de-lhomme-charge-lopposition-et-denonce-une-manoeuvre-de-recuperation-politicienne/"
"Icilome (FR)";"FR";"2026-09-09";"Togo – Agression à Lankouvi : la police met la main sur un présumé malfrat";"https://icilome.com/2026/09/togo-agression-a-lankouvi-la-police-met-la-main-sur-un-presume-malfrat/"
"Icilome (FR)";"FR";"2026-09-09";"Togo – Les deux réalisateurs français détenus autorisés à rentrer en France ce jeudi";"https://icilome.com/2026/09/togo-les-deux-realisateurs-francais-detenus-autorises-a-rentrer-en-france-ce-jeudi/"
"Icilome (FR)";"FR";"2026-09-09";"Arrêt de la CEDEAO : Kanka-Malik Natchaba appelle à s’en tenir à la décision et non aux interprétations";"https://icilome.com/2026/09/arret-de-la-cedeao-kanka-malik-natchaba-appelle-a-sen-tenir-a-la-decision-et-non-aux-interpretations/"
"Icilome (FR)";"FR";"2026-09-09";"Sécurité alimentaire, agro-industrie, mines : Lomé et Minsk élargissent leur coopération";"https://icilome.com/2026/09/securite-alimentaire-agro-industrie-mines-lome-et-minsk-elargissent-leur-cooperation/"
"Icilome (FR)";"FR";"2026-09-09";"Togo – Analyses de charge virale : l’INH suspend temporairement certains examens";"https://icilome.com/2026/09/togo-analyses-de-charge-virale-linh-suspend-temporairement-certains-examens/"
"Icilome (FR)";"FR";"2026-09-09";"Togo : De la cartographie considérée comme un art de gouverner";"https://icilome.com/2026/09/togo-de-la-cartographie-consideree-comme-un-art-de-gouverner/"
"Icilome (FR)";"FR";"2026-09-09";"Togo- Le CNCC organise une conférence publique le 4 septembre à Lomé";"https://icilome.com/2026/09/togo-le-cncc-organise-une-conference-publique-le-4-septembre-a-lome/"
"Icilome (FR)";"FR";"2026-09-09";"Togo – « Leur maintien en détention n’est plus nécessaire »";"https://icilome.com/2026/09/togo-leur-maintien-en-detention-nest-plus-necessaire/"
"Icilome (FR)";"FR";"2026-09-09";"Togo – Dans quelles conditions est détenue l’ex-ministre des Armées, Marguerite Gnakadé ?";"https://icilome.com/2026/09/togo-dans-quelles-conditions-est-detenue-lex-ministre-des-armees-marguerite-gnakade/"
"Icilome (FR)";"FR";"2026-09-09";"Médiateur ou preneur d’otage";"https://icilome.com/2026/09/mediateur-ou-preneur-dotage/"
"Icilome (FR)";"FR";"2026-09-09";"Togo – Xénophobie: Une vingtaine de ressortissants rapatriés d’Afrique du Sud";"https://icilome.com/2026/09/togo-xenophobie-une-vingtaine-de-ressortissants-rapatries-dafrique-du-sud/"
"Icilome (FR)";"FR";"2026-09-09";"Togo – Alexander Zingman, l’homme de l’ombre qui gagne du terrain auprès de Faure Gnassingbé";"https://icilome.com/2026/09/togo-alexander-zingman-lhomme-de-lombre-qui-gagne-du-terrain-aupres-de-faure-gnassingbe/"
"Icilome (FR)";"FR";"2026-09-09";"Togo | Culture – À Adangbé, la fête Adjifozan renaît après plus de quarante ans de silence";"https://icilome.com/2026/08/togo-culture-a-adangbe-la-fete-adjifozan-renait-apres-plus-de-quarante-ans-de-silence/"
"Icilome (FR)";"FR";"2026-09-09";"Bible en langues locales : Wycliffe-Togo sonne la mobilisation pour relever le défi";"https://icilome.com/2026/08/bible-en-langues-locales-wycliffe-togo-sonne-la-mobilisation-pour-relever-le-defi/"
"Icilome (FR)";"FR";"2026-09-09";"Togo – Diplomatie: Faure Gnassingbé encore… au Kirghizistan";"https://icilome.com/2026/08/togo-diplomatie-faure-gnassingbe-encore-au-kirghizistan/"
"Icilome (FR)";"FR";"2026-09-09";"UTB-TMI : la justice togolaise bloque l’exécution de l’arrêt de la CCJA";"https://icilome.com/2026/08/utb-tmi-la-justice-togolaise-bloque-lexecution-de-larret-de-la-ccja/"
"Icilome (FR)";"FR";"2026-09-09";"Togo: Nous voulons savoir ce que vous reprochez à Fred Vedomey";"https://icilome.com/2026/08/togo-nous-voulons-savoir-ce-que-vous-reprochez-a-fred-vedomey/"
"Icilome (FR)";"FR";"2026-09-09";"Collecter, tirer, recycler et transformer: ZDP-Togo officiellement lancée pour lutter contre les déchets plastiques";"https://icilome.com/2026/08/collecter-tirer-recycler-et-transformer-zdp-togo-officiellement-lancee-pour-lutter-contre-les-dechets-plastiques/"
"Icilome (FR)";"FR";"2026-09-09";"« Les pleurs du bon Dieu » : Zeus Komi Aziadouvo signe un recueil de nouvelles au vitriol sur l’Afrique du pouvoir";"https://icilome.com/2026/08/les-pleurs-du-bon-dieu-zeus-komi-aziadouvo-signe-un-recueil-de-nouvelles-au-vitriol-sur-lafrique-du-pouvoir/"
"Icilome (FR)";"FR";"2026-09-09";"Tribune/Lomé, ville en coupe réglée : quand la force publique bascule dans le racket institutionnalisé. L’art du filet dérivant à nos carrefours";"https://icilome.com/2026/08/tribune-lome-ville-en-coupe-reglee-quand-la-force-publique-bascule-dans-le-racket-institutionnalise-lart-du-filet-derivant-a-nos-carrefours/"
"Icilome (FR)";"FR";"2026-09-09";"Togo – La CEET annonce des coupures jusqu’au 21 septembre";"https://icilome.com/2026/08/togo-la-ceet-annonce-des-coupures-jusquau-21-septembre/"
"Icilome (FR)";"FR";"2026-09-09";"SudConnect : Les Scènes Art Mobility lance un réseau pour professionnaliser les artistes du Sud";"https://icilome.com/2026/08/sudconnect-les-scenes-art-mobility-lance-un-reseau-pour-professionnaliser-les-artistes-du-sud/"
"Icilome (FR)";"FR";"2026-09-09";"Libre circulation des personnes et des biens dans l’espace CEDEAO : Quittez les discours";"https://icilome.com/2026/08/libre-circulation-des-personnes-et-des-biens-dans-lespace-cedeao-quittez-les-discours/"
"Icilome (FR)";"FR";"2026-09-09";"Togo- Compte rendu du Conseil des ministres du mercredi 26 août 2026";"https://icilome.com/2026/08/togo-compte-rendu-du-conseil-des-ministres-du-mercredi-26-aout-2026/"
"Icilome (FR)";"FR";"2026-09-09";"Interview | Togo – Nathaniel Olympio : « Il faut remettre tout à plat pour que les Togolais définissent ensemble le Togo dans lequel nous voulons vivre »";"https://icilome.com/2026/08/interview-togo-nathaniel-olympio-il-faut-remettre-tout-a-plat-pour-que-les-togolais-definissent-ensemble-le-togo-dans-lequel-nous-voulons-vivre/"
"Icilome (FR)";"FR";"2026-09-09";"Togo – 15 ans du SYNJIT : une enquête accablante révèle la précarité des journalistes du privé";"https://icilome.com/2026/08/togo-15-ans-du-synjit-une-enquete-accablante-revele-la-precarite-des-journalistes-du-prive/"
"Icilome (FR)";"FR";"2026-09-09";"Togo – Loyers à Lomé : le MMLK interpelle le gouvernement";"https://icilome.com/2026/08/togo-loyers-a-lome-le-mmlk-interpelle-le-gouvernement/"
"Icilome (FR)";"FR";"2026-09-09";"Orpaillage clandestin : des Togolais interpellés en Côte d’Ivoire";"https://icilome.com/2026/08/orpaillage-clandestin-des-togolais-interpelles-en-cote-divoire/"
"Icilome (FR)";"FR";"2026-09-09";"Togo – Nathaniel Olympio : « Nous n’attendons plus rien de ce gouvernement … »";"https://icilome.com/2026/08/togo-nathaniel-olympio-nous-nattendons-plus-rien-de-ce-gouvernement/"
"Icilome (FR)";"FR";"2026-09-09";"CETEF Togo 2000 lance « Les Bonnes Affaires de Lomé », un rendez-vous mensuel dès le 29 août";"https://icilome.com/2026/08/cetef-togo-2000-lance-les-bonnes-affaires-de-lome-un-rendez-vous-mensuel-des-le-29-aout/"
"Icilome (FR)";"FR";"2026-09-09";"L’opposition togolaise vers une voix commune ?";"https://icilome.com/2026/08/lopposition-togolaise-vers-une-voix-commune/"
"Icilome (FR)";"FR";"2026-09-09";"Togo – Le Dr Abdallah Ouédraogo, nouvel ambassadeur des Clubs Santé pour l’espace AES";"https://icilome.com/2026/08/togo-le-dr-abdallah-ouedraogo-nouvel-ambassadeur-des-clubs-sante-pour-lespace-aes/"
"Togo First (FR)";"FR";"2026-09-09";"Faure Gnassingbé : « Le nouveau nucléaire mondial ne se fera pas sans l’Afrique »";"https://www.togofirst.com/fr/energies/0909-19995-faure-gnassingbe-le-nouveau-nucleaire-mondial-ne-se-fera-pas-sans-l-afrique"
"Togo First (FR)";"FR";"2026-09-09";"Kennedy Round 2026 : le Japon débloque 800 millions FCFA pour du riz subventionné au Togo";"https://www.togofirst.com/fr/social/0909-19997-kennedy-round-2026-le-japon-debloque-800-millions-fcfa-pour-du-riz-subventionne-au-togo"
"Togo First (FR)";"FR";"2026-09-09";"Antonius “Tony” VERHEIJEN, Représentant Résident du Groupe de la Banque mondiale au Togo";"https://www.togofirst.com/fr/trombinoscope/0909-19993-antonius-tony-verheijen-representant-resident-du-groupe-de-la-banque-mondiale-au-togo"
"Togo First (FR)";"FR";"2026-09-09";"Inclusion : le Togo prépare un nouveau cadre pour renforcer les droits des personnes handicapées";"https://www.togofirst.com/fr/social/0809-19986-inclusion-le-togo-prepare-un-nouveau-cadre-pour-renforcer-les-droits-des-personnes-handicapees"
"Togo First (FR)";"FR";"2026-09-09";"Justice : le Togo prépare la fusion des professions d’huissier et de commissaire-priseur";"https://www.togofirst.com/fr/justice/0809-19985-justice-le-togo-prepare-la-fusion-des-professions-d-huissier-et-de-commissaire-priseur"
"Togo First (FR)";"FR";"2026-09-09";"Togo : les Classes métiers introduites dès la rentrée 2026-2027";"https://www.togofirst.com/fr/education/0809-19984-togo-les-classes-metiers-introduites-des-la-rentree-2026-2027"
"Togo First (FR)";"FR";"2026-09-09";"Fiscalité : à Lomé, la 3è édition de l'Académie francophone de l’OCDE sur la criminalité fiscale et financière";"https://www.togofirst.com/fr/gouvernance-economique/0809-19983-fiscalite-a-lome-la-3e-edition-de-lacademie-francophone-de-l-ocde-sur-la-criminalite-fiscale-et-financiere"
"Togo First (FR)";"FR";"2026-09-09";"Rentrée scolaire 2026-2027 : le Togo va distribuer plus de 150 000 kits scolaires aux filles";"https://www.togofirst.com/fr/education/0809-19982-rentree-scolaire-2026-2027-le-togo-va-distribuer-plus-de-150-000-kits-scolaires-aux-filles"
"Togo First (FR)";"FR";"2026-09-09";"Togo : création d'une Agence nationale de régulation du médicament et autres produits de santé";"https://www.togofirst.com/fr/sante/0809-19981-togo-creation-dune-agence-nationale-de-regulation-du-medicament-et-autres-produits-de-sante"
"Togo First (FR)";"FR";"2026-09-09";"PPP : « la prévisibilité des flux, la clé du financement bancaire », Estelle Komlan";"https://www.togofirst.com/fr/gouvernance-economique/0709-19978-ppp-la-previsibilite-des-flux-la-cle-du-financement-bancaire-estelle-komlan"
"Togo First (FR)";"FR";"2026-09-09";"Santé visuelle au Togo : près d’un patient sur trois présente un besoin de correction, selon Lapaire";"https://www.togofirst.com/fr/sante/0709-19976-sante-visuelle-au-togo-pres-d-un-patient-sur-trois-presente-un-besoin-de-correction-selon-lapaire"
"Togo First (FR)";"FR";"2026-09-09";"Commerce international : l’OTR rappelle l’exclusion de la TPU pour les personnes physiques";"https://www.togofirst.com/fr/finances-publiques/0709-19975-commerce-international-l-otr-rappelle-l-exclusion-de-la-tpu-pour-les-personnes-physiques"
"Togo First (FR)";"FR";"2026-09-09";"Innovations agroécologiques : un programme régional de 20 millions d’euros lancé à Lomé";"https://www.togofirst.com/fr/agro/0709-19973-innovations-agroecologiques-un-programme-regional-de-20-millions-d-euros-lance-a-lome"
"Togo First (FR)";"FR";"2026-09-09";"CIIE 2026 : le CETEF ouvre la sélection des exposants pour le marché chinois";"https://www.togofirst.com/fr/gouvernance-economique/0709-19970-ciie-2026-le-cetef-ouvre-la-selection-des-exposants-pour-le-marche-chinois"
"Togo First (FR)";"FR";"2026-09-09";"Café-cacao : les exportations togolaises chutent sur la campagne 2025-2026";"https://www.togofirst.com/fr/agro/0709-19969-cafe-cacao-les-exportations-togolaises-chutent-sur-la-campagne-2025-2026"
"Togo First (FR)";"FR";"2026-09-09";"Cartographie : à l’ONU, le Togo gagne une bataille pour une Afrique à sa vraie taille";"https://www.togofirst.com/fr/gestion-publique/0609-19967-cartographie-a-l-onu-le-togo-gagne-une-bataille-pour-une-afrique-a-sa-vraie-taille"
"Togo First (FR)";"FR";"2026-09-09";"""Reboisez et gagnez de l'argent"" : entretien avec Dr Oyétoundé Djiwa, FAO - Togo";"https://www.togofirst.com/fr/agro/0509-19965-reboisez-et-gagnez-de-largent-entretien-avec-dr-oyetounde-djiwa-fao-togo"
"Togo First (FR)";"FR";"2026-09-09";"Le Togo lance un Club PPP pour accélérer la mobilisation des investissements privés";"https://www.togofirst.com/fr/gouvernance-economique/0409-19963-le-togo-lance-un-club-ppp-pour-accelerer-la-mobilisation-des-investissements-prives"
"Togo First (FR)";"FR";"2026-09-09";"Salim Tebonou (HORI) : « J'ai dû démissionner moi-même de la structure que j'avais créée pour repartir de zéro »";"https://www.togofirst.com/fr/gouvernance-economique/0208-19767-salim-tebonou-hori-jai-du-demissionner-moi-meme-de-la-structure-que-javais-creee-pour-repartir-de-zero"
"Togo First (FR)";"FR";"2026-09-09";"FIL 2026 : 70 % de réduction sur les stands pour les femmes et jeunes entrepreneurs";"https://www.togofirst.com/fr/gouvernance-economique/2707-19692-fil-2026-70-de-reduction-sur-les-stands-pour-les-femmes-et-jeunes-entrepreneurs"
"Togo First (FR)";"FR";"2026-09-09";"Togo : plus de 8000 entreprises créées en six mois, un rebond après deux années de recul";"https://www.togofirst.com/fr/gouvernance-economique/0707-19479-togo-plus-de-8000-entreprises-creees-en-six-mois-un-rebond-apres-deux-annees-de-recul"
"Togo First (FR)";"FR";"2026-09-09";"Togo : à Di-Kéti, la certification s'impose comme un levier de croissance pour les TPME";"https://www.togofirst.com/fr/gouvernance-economique/0407-19449-togo-a-di-keti-la-certification-simpose-comme-un-levier-de-croissance-pour-les-tpme"
"Togo First (FR)";"FR";"2026-09-09";"Togo : un fonds de 655 millions FCFA pour financer l’installation des diplômés de l’IFAD-Aquaculture";"https://www.togofirst.com/en/gouvernance-economique/0406-19143-togo-un-fonds-de-655-millions-fcfa-pour-financer-l-installation-des-diplomes-de-l-ifad-aquaculture"
"Togo First (FR)";"FR";"2026-09-09";"Togo : l'ATD accompagne neuf startups EdTech vers l'international";"https://www.togofirst.com/fr/education/0306-19125-togo-latd-accompagne-neuf-startups-edtech-vers-linternational"
"Togo First (FR)";"FR";"2026-09-09";"Togo : après la hausse du prix du carburant, le gouvernement baisse les tarifs de péage";"https://www.togofirst.com/fr/transport/0207-19428-togo-apres-la-hausse-du-prix-du-carburant-le-gouvernement-baisse-les-tarifs-de-peage"
"Togo First (FR)";"FR";"2026-09-09";"Togo : les résultats des examens désormais accessibles gratuitement via le Web, WhatsApp et Telegram";"https://www.togofirst.com/fr/education/0806-19171-togo-les-resultats-des-examens-desormais-accessibles-gratuitement-via-le-web-whatsapp-et-telegram"
"Togo First (FR)";"FR";"2026-09-09";"Le Togolais Kodjo Akpatigbe prend la tête de Deloitte au Togo et au Bénin";"https://www.togofirst.com/fr/finance/0207-19423-le-togolais-kodjo-akpatigbe-prend-la-tete-de-deloitte-au-togo-et-au-benin"
"Togo First (FR)";"FR";"2026-09-09";"Gouvernance et financement du secteur routier : le Togo crée l’AGEROUTE et la SONAFIR";"https://www.togofirst.com/fr/transport/2906-19371-gouvernance-et-financement-du-secteur-routier-le-togo-cree-l-ageroute-et-la-sonafir"
"Togo First (FR)";"FR";"2026-09-09";"Lancement d’une mission d’élaboration des normes de certification pour les entreprises de BTP";"https://www.togofirst.com/"
"Togo First (FR)";"FR";"2026-09-09";"Logement : à Kpomé-Dalavé, Adedze annonce le passage du programme des 20 000 unités à sa phase opérationnelle";"https://www.togofirst.com/fr/gouvernance-economique/1206-19219-logement-a-kpome-dalave-adedze-annonce-le-passage-du-programme-des-20-000-unites-a-sa-phase-operationnelle"
"Togo First (FR)";"FR";"2026-09-09";"Togo : pour une fonction publique plus performante, le gouvernement entend mettre en place un plan national";"https://www.togofirst.com/"
"Togo First (FR)";"FR";"2026-09-09";"Restauration des terres : la FAO lance un appel à projets pour des subventions pouvant atteindre 50 000 $";"https://www.togofirst.com/fr/agro/1506-19233-restauration-des-terres-la-fao-lance-un-appel-a-projets-pour-des-subventions-pouvant-atteindre-50-000"
"Togo First (FR)";"FR";"2026-09-09";"Togo AI summer School : 100 jeunes talents formés à l’intelligence artificielle et au Big Data";"https://www.togofirst.com/fr/tic/0409-19958-togo-ai-summer-school-100-jeunes-talents-formes-a-l-intelligence-artificielle-et-au-big-data"
"Togo First (FR)";"FR";"2026-09-09";"Initiative Q-Boost : une nouvelle cohorte d’entreprises fait le point sur son accompagnement";"https://www.togofirst.com/fr/gouvernance-economique/0409-19957-initiative-q-boost-une-nouvelle-cohorte-d-entreprises-fait-le-point-sur-son-accompagnement"
"Togo First (FR)";"FR";"2026-09-09";"Pauvreté, revenus, emploi… l’INSEED sonde les ménages togolais jusqu’en décembre";"https://www.togofirst.com/fr/gouvernance-economique/0409-19954-pauvrete-revenus-emploi-l-inseed-sonde-les-menages-togolais-jusqu-en-decembre"
"Togo First (FR)";"FR";"2026-09-09";"Carburants : le Togo passe au contrôle du marquage dès le 1er octobre";"https://www.togofirst.com/fr/gouvernance-economique/0409-19953-carburants-le-togo-passe-au-controle-du-marquage-des-le-1er-octobre"
"Togo First (FR)";"FR";"2026-09-09";"Décentralisation : Bassar 1 présente son Plan de développement communal";"https://www.togofirst.com/fr/gouvernance-economique/0309-19949-decentralisation-bassar-1-presente-son-plan-de-developpement-communal"
"Togo First (FR)";"FR";"2026-09-09";"Cybersécurité : au Togo, un appel pour rassembler des talents en matière de défense numérique";"https://www.togofirst.com/fr/tic/0309-19945-cybersecurite-au-togo-un-appel-pour-rassembler-des-talents-en-matiere-de-defense-numerique"
"Togo First (FR)";"FR";"2026-09-09";"Formation professionnelle : plus de 50 600 candidats en lice pour le CFA 2026 au Togo";"https://www.togofirst.com/fr/formation/0309-19944-formation-professionnelle-plus-de-50-600-candidats-en-lice-pour-le-cfa-2026-au-togo"
"Togo First (FR)";"FR";"2026-09-09";"Entrepreneuriat féminin : le Togo parmi cinq pays ciblés par un programme de la BAD et d’AXIAN";"https://www.togofirst.com/fr/finance/0309-19943-entrepreneuriat-feminin-le-togo-parmi-cinq-pays-cibles-par-un-programme-de-la-bad-et-d-axian"
"Togo First (FR)";"FR";"2026-09-09";"Togo : la Foire Made in Togo régionale pose ses valises à Aného";"https://www.togofirst.com/fr/gouvernance-economique/0309-19942-togo-la-foire-made-in-togo-regionale-pose-ses-valises-a-aneho"
"Togo First (FR)";"FR";"2026-09-09";"Togo Soja lance sa première exportation de beurre de karité transformé";"https://www.togofirst.com/fr/gouvernance-economique/0309-19941-togo-soja-lance-sa-premiere-exportation-de-beurre-de-karite-transforme"
"Togo First (FR)";"FR";"2026-09-09";"Feuille de route 2026-2031 : la Biélorussie prête à soutenir le Togo";"https://www.togofirst.com/fr/gouvernance-economique/0209-19939-feuille-de-route-2026-2031-la-bielorussie-prete-a-soutenir-le-togo"
"Togo First (FR)";"FR";"2026-09-09";"Petite saison des pluies : l’ANAMET recommande des semences à cycle court aux agriculteurs du sud-Togo";"https://www.togofirst.com/fr/agro/0209-19936-petite-saison-des-pluies-l-anamet-recommande-des-semences-a-cycle-court-aux-agriculteurs-du-sud-togo"
"Togo First (FR)";"FR";"2026-09-09";"UEMOA : avec 40% des actifs bancaires, Lomé s'impose en reine incontestée de la haute finance régionale";"https://www.togofirst.com/fr/finance/0209-19935-uemoa-avec-40-des-actifs-bancaires-lome-simpose-en-reine-incontestee-de-la-haute-finance-regionale"
"Togo First (FR)";"FR";"2026-09-09";"Togo : l’OTR étend le suivi électronique aux camions d’hydrocarbures vers l’hinterland";"https://www.togofirst.com/fr/finances-publiques/0209-19933-togo-l-otr-etend-le-suivi-electronique-aux-camions-d-hydrocarbures-vers-l-hinterland"
"Togo First (FR)";"FR";"2026-09-09";"Numérique agricole : le Tchad s'intéresse au modèle togolais";"https://www.togofirst.com/fr/agro/0209-19930-numerique-agricole-le-tchad-sinteresse-au-modele-togolais"
"Togo First (FR)";"FR";"2026-09-09";"Togo à l'OCS : Faure Gnassingbé plaide pour un multilatéralisme rénové et consolide le partenariat avec Bichkek";"https://www.togofirst.com/fr/gouvernance-economique/0209-19929-togo-a-locs-faure-gnassingbe-plaide-pour-un-multilateralisme-renove-et-consolide-le-partenariat-avec-bichkek"
"Togo First (FR)";"FR";"2026-09-09";"Togo : neuf manuels pour apprendre aux étudiants à lutter contre la corruption";"https://www.togofirst.com/fr/education/0109-19923-togo-neuf-manuels-pour-apprendre-aux-etudiants-a-lutter-contre-la-corruption"
"Togo First (FR)";"FR";"2026-09-09";"Réformes : le Togo affiche un taux d’exécution de 68,4 % à mi-parcours en 2026";"https://www.togofirst.com/fr/gouvernance-economique/0109-19922-reformes-le-togo-affiche-un-taux-d-execution-de-68-4-a-mi-parcours-en-2026"
"Togo First (FR)";"FR";"2026-09-09";"Togo : ce que représente le secteur extractif en termes d’emplois";"https://www.togofirst.com/fr/mines/0109-19921-togo-ce-que-represente-le-secteur-extractif-en-termes-d-emplois"
"Togo First (FR)";"FR";"2026-09-09";"Le Togo se tourne vers l'épargne régionale pour lever 40 milliards de FCFA";"https://www.togofirst.com/fr/finance/0109-19920-le-togo-se-tourne-vers-lepargne-regionale-pour-lever-40-milliards-de-fcfa"
"Togo First (FR)";"FR";"2026-09-09";"Togo : qui a le plus contribué à la croissance au premier trimestre 2026 ?";"https://www.togofirst.com/fr/gouvernance-economique/0109-19919-togo-qui-a-le-plus-contribue-a-la-croissance-au-premier-trimestre-2026"
"Togo First (FR)";"FR";"2026-09-09";"Togo-Brésil : la Commune des Lacs 1 et Cachoeira officialisent leur coopération décentralisée";"https://www.togofirst.com/fr/gouvernance-economique/0109-19916-togo-bresil-la-commune-des-lacs-1-et-cachoeira-officialisent-leur-cooperation-decentralisee"
"Togo First (FR)";"FR";"2026-09-09";"OIT : le Togolais Gilbert Houngbo brigue un second mandat à la tête de l’organisation";"https://www.togofirst.com/fr/gouvernance-economique/0109-19915-oit-le-togolais-gilbert-houngbo-brigue-un-second-mandat-a-la-tete-de-l-organisation"
"Togo First (FR)";"FR";"2026-09-09";"TPME : au Togo, une nouvelle phase de déploiement pour les Centres de gestion agréés";"https://www.togofirst.com/fr/gouvernance-economique/3108-19911-tpme-au-togo-une-nouvelle-phase-de-deploiement-pour-les-centres-de-gestion-agrees"
"Togo First (FR)";"FR";"2026-09-09";"Togo : avec l’appui de la BOAD, KDA-PRO mise sur le mentorat pour préparer les jeunes à la vie professionnelle";"https://www.togofirst.com/fr/gestion-publique/3108-19910-togo-avec-l-appui-de-la-boad-kda-pro-mise-sur-le-mentorat-pour-preparer-les-jeunes-a-la-vie-professionnelle"
"Togo First (FR)";"FR";"2026-09-09";"Route Lomé-Cotonou : le Togo lance l’audit de clôture du plan de réinstallation";"https://www.togofirst.com/fr/btp/3108-19909-route-lome-cotonou-le-togo-lance-l-audit-de-cloture-du-plan-de-reinstallation"
"L'Alternative (FR)";"FR";"2026-09-09";"Togo- Journaliste kidnappé, torturé puis jeté dans la brousse… à qui profite le crime ?";"https://lalternative.info/2026/09/09/togo-journaliste-kidnappe-torture-puis-jete-dans-la-brousse-a-qui-profite-le-crime/"
"L'Alternative (FR)";"FR";"2026-09-09";"Tout voir";"https://lalternative.info/category/opinion/"
"L'Alternative (FR)";"FR";"2026-09-09";"Togo- Enquêtes sur la pauvreté : les Togolais végètent dans la misère, le gouvernement s’intéresse aux chiffres";"https://lalternative.info/2026/09/08/togo-enquetes-sur-la-pauvrete-les-togolais-vegetent-dans-la-misere-le-gouvernement-sinteresse-aux-chiffres/"
"L'Alternative (FR)";"FR";"2026-09-09";"Togo- OTR : Éric Amouzou Folly le mari d’une des inspectrices, arrêté";"https://lalternative.info/2026/09/07/togo-otr-eric-amouzou-folly-le-mari-dune-des-inspectrices-arrete/"
"L'Alternative (FR)";"FR";"2026-09-09";"Togo- Encore un scandale à l’OTR : des cadres de la DGI en garde à vue à la DCPJ";"https://lalternative.info/2026/09/06/togo-encore-un-scandale-a-lotr-des-cadres-de-la-dgi-en-garde-a-vue-a-la-dcpj/"
"L'Alternative (FR)";"FR";"2026-09-09";"Togo- Des partis politiques et OSC apportent leur soutien à Ferdinand Ayité et autres activistes en danger";"https://lalternative.info/2026/09/03/togo-des-partis-politiques-et-osc-apportent-leur-soutien-a-ferdinand-ayite-et-autres-activistes-en-danger/"
"L'Alternative (FR)";"FR";"2026-09-09";"Les conseils d’administration de 10 sociétés d’Etat dissous, Mahama met en garde ministres et directeurs de sociétés";"https://lalternative.info/2026/09/03/les-conseils-dadministration-de-10-societes-detat-dissous-mahama-met-en-garde-ministres-et-directeurs-de-societes/"
"L'Alternative (FR)";"FR";"2026-09-09";"View All";"https://lalternative.info/category/business/"
"L'Alternative (FR)";"FR";"2026-09-09";"La CCJA condamne définitivement l’UTB à verser plus de 2,5 milliards de FCFA à TMI";"https://lalternative.info/2026/07/22/la-ccja-condamne-definitivement-lutb-a-verser-plus-de-25-milliards-de-fcfa-a-tmi/"
"L'Alternative (FR)";"FR";"2026-09-09";"Togo- Scandale à l’OTR : Donko Bileyo et Klouvi Dedegan inculpées par le doyen des juges";"https://lalternative.info/2026/05/17/togo-scandale-a-lotr-donko-bileyo-et-klouvi-dedegan-inculpees-par-le-doyen-des-juges/"
"L'Alternative (FR)";"FR";"2026-09-09";"Togo- OTR : Donko Bileyo virée, plainte contre Ferdinand Ayité retirée";"https://lalternative.info/2026/04/19/togo-otr-donko-bileyo-viree-plainte-contre-ferdinand-ayite-retiree/"
"L'Alternative (FR)";"FR";"2026-09-09";"Togo- OTR : le CENTIF saisit le procureur, le doyen des juges d’instruction ouvre une enquête, un autre compte de 530 millions découverts à NSIA";"https://lalternative.info/2026/04/05/togo-otr-le-centif-saisit-le-procureur-le-doyen-des-juges-dinstruction-ouvre-une-enquete-un-autre-compte-de-530-millions-decouverts-a-nsia/"
"L'Alternative (FR)";"FR";"2026-09-09";"Tour voir";"https://lalternative.info/category/opinion/"
"L'Alternative (FR)";"FR";"2026-09-09";"Tout voir";"https://lalternative.info/category/sports/"
"Fraternité Matin (CI)";"FR";"2026-09-09";"Climat : la Côte d’Ivoire muscle ses négociateurs francophones avant la COP31";"https://www.fratmat.info/article/2644387/economie/climat-la-cote-divoire-muscle-ses-negociateurs-francophones-avant-la-cop31"
"Fraternité Matin (CI)";"FR";"2026-09-09";"Festibo 14 : Bouna se prépare à vibrer au rythme des arts et des traditions";"https://www.fratmat.info/article/2644385/culture/festibo-14-bouna-se-prepare-a-vibrer-au-rythme-des-arts-et-des-traditions"
"Fraternité Matin (CI)";"FR";"2026-09-09";"Pnd 2026-2030 : L'appel du Président Ouattara entendu, les investisseurs étrangers se bousculent à Abidjan";"https://www.fratmat.info/article/2644382/economie/plan-national-de-developpement/pnd-2026-2030-lappel-du-president-ouattara-entendu-les-investisseurs-etrangers-se-bousculent-a-abidjan"
"Fraternité Matin (CI)";"FR";"2026-09-09";"Diaspora ivoirienne : Adama Dosso veut moderniser les services consulaires...";"https://www.fratmat.info/article/2644377/politique/diaspora-ivoirienne-adama-dosso-veut-moderniser-les-services-consulaires"
"Fraternité Matin (CI)";"FR";"2026-09-09";"Croissance, dette, finances publiques… : Le Fmi salue trois années de performances économiques remarquables";"https://www.fratmat.info/article/2644366/economie/croissance-dette-finances-publiques-le-fmi-salue-trois-annees-de-performances-economiques-remarquables"
"Fraternité Matin (CI)";"FR";"2026-09-09";"Portait/De la passion du sport à la rigueur scientifique : Eugène Yao, journaliste devenu docteur...";"https://www.fratmat.info/article/2644372/societe/portaitde-la-passion-du-sport-a-la-rigueur-scientifique-eugene-yao-journaliste-devenu-docteur"
"Le Faso (BF)";"FR";"2026-09-09";"Contact";"https://lefaso.net/spip.php?article64819"
"Le Faso (BF)";"FR";"2026-09-09";"Contactez-nous";"https://lefaso.net/spip.php?article64819"
"Le Faso (BF)";"FR";"2026-09-09";"Industrie textile : TEXFORCES-BF, le pari burkinabè de la transformation locale du coton";"https://lefaso.netspip.php?article149128"
"Le Faso (BF)";"FR";"2026-09-09";"Burkina/Développement : Dans le Gourma, les réalisations de l’ADCT changent le quotidien des populations";"https://lefaso.netspip.php?article149126"
"Le Faso (BF)";"FR";"2026-09-09";"Burkina : La Douane saisit plus de 23 tonnes de riz avarié et un important lot de matériels sensibles à Bobo-Dioulasso";"https://lefaso.net/spip.php?article149111"
"Le Faso (BF)";"FR";"2026-09-09";"Ouagadougou : La mairie appelle au respect des règles encadrant la formation des cortèges";"https://lefaso.net/spip.php?article149119"
"Le Faso (BF)";"FR";"2026-09-09";"Lutte contre les fake news : La BCLCC se dote d’un studio pour renforcer la sensibilisation des internautes";"https://lefaso.net/spip.php?article149120"
"Le Faso (BF)";"FR";"2026-09-09";"Burkina : Ibrahim Traoré à Bobo-Dioulasso pour inaugurer deux infrastructures stratégiques";"https://lefaso.net/spip.php?article149097"
"Le Faso (BF)";"FR";"2026-09-09";"Burkina Faso–Iran : Ouagadougou et Téhéran veulent renforcer leur coopération";"https://lefaso.net/spip.php?article149074"
"Le Faso (BF)";"FR";"2026-09-09";"Santé militaire dans l’AES : Le Burkina Faso prend la présidence du Réseau sahélien de médecine militaire";"https://lefaso.net/spip.php?article149068"
"Le Faso (BF)";"FR";"2026-09-09";"Burkina/ Textile : Le Premier ministre appelle annonce l’inauguration prochaine de TEXFORCES-BF";"https://lefaso.net/spip.php?article149067"
"Le Faso (BF)";"FR";"2026-09-09";"Dialyse au Burkina : La séance réduite à 2 500 FCFA depuis le 1er avril 2024";"https://lefaso.net/spip.php?article149063"
"Le Faso (BF)";"FR";"2026-09-09";"Burkina Faso : Normalisation complète des années académiques dès la rentrée 2026-2027";"https://lefaso.net/spip.php?article149062"
"Le Faso (BF)";"FR";"2026-09-09";"HACKATHON NATIONAL D’INNOVATION CIF-DigiCoop-WA+ 2026 : L’équipe DANNAYA remporte la première édition nationale au Burkina Faso";"https://lefaso.netspip.php?article149125"
"Le Faso (BF)";"FR";"2026-09-09";"Journée de l’excellence scolaire 2026 : Moov Africa-ONATEL encourage dix lauréats et leur ouvre ses coulisses technologiques";"https://lefaso.netspip.php?article149123"
"Le Faso (BF)";"FR";"2026-09-09";"Comment protéger votre vie privée face au traçage massif sur Internet ?";"https://lefaso.netspip.php?article149122"
"Le Faso (BF)";"FR";"2026-09-09";"Recrutement d’un facilitateur pour l’atelier de création du Réseau Ouest-Africain Des Organisations De Personnes Handicapées (…)";"https://lefaso.netspip.php?article149124"
"Le Faso (BF)";"FR";"2026-09-09";"Décès de SAWADOGO Wendata Arsène : Remerciements et faire-part";"https://lefaso.netspip.php?article149127"
"Le Faso (BF)";"FR";"2026-09-09";"Masculinité positive : « Un homme qui écoute, qui pleure et qui partage les tâches n’est pas moins un homme », indique Sabine Gampéné";"https://lefaso.netspip.php?article149102"
"Le Faso (BF)";"FR";"2026-09-09";"Les 100 Visages du Burkina Digital : Lamoussa Oualbéogo, une carrière au service des télécommunications et de la régulation numérique du (…)";"https://lefaso.netspip.php?article149114"
"Le Faso (BF)";"FR";"2026-09-09";"Burkina : La commune de Ouagadougou inaugure plus de 6 km de voiries aménagées dans le Grand-est";"https://lefaso.netspip.php?article149113"
"Le Faso (BF)";"FR";"2026-09-09";"Bankui : À Boromo, le ministre de la Guerre, Célestin Simporé appelle à renforcer la cohésion des forces combattantes";"https://lefaso.netspip.php?article149099"
"Le Faso (BF)";"FR";"2026-09-09";"Efforts de l’institutionnalisation de la zakat au Burkina Faso";"https://lefaso.netspip.php?article149098"
"Le Faso (BF)";"FR";"2026-09-09";"Burkina :  Le projet de contrat-type de concession, de production et de distribution d’énergie électrique en cours de validation";"https://lefaso.netspip.php?article149112"
"Le Faso (BF)";"FR";"2026-09-09";"Ouagadougou : Au quartier Karpala, des femmes font du sport une priorité pour leur santé";"https://lefaso.netspip.php?article149103"
"Le Faso (BF)";"FR";"2026-09-09";"Burkina : Ibrahim Traoré à Bobo-Dioulasso pour inaugurer deux infrastructures stratégiques";"https://lefaso.netspip.php?article149097"
"Le Faso (BF)";"FR";"2026-09-09";"‎Burkina : La Présidence du Faso lance le concours Hakili Mousso pour détecter les talents scientifiques féminins";"https://lefaso.netspip.php?article148857"
"Le Faso (BF)";"FR";"2026-09-09";"Immersion patriotique obligatoire 2026 : Le capitaine Ibrahim Traoré exhorte les jeunes à éviter le chemin de la facilité et à servir la patrie";"https://lefaso.netspip.php?article148839"
"Le Faso (BF)";"FR";"2026-09-09";"Assemblée législative du peuple : Mathieu Boro fait ses premiers pas à l’hémicycle et promet de porter la voix des Burkinabè";"https://lefaso.netspip.php?article148412"
"Le Faso (BF)";"FR";"2026-09-09";"Commémoration du 5 août : Le Chef de l’Etat appelle à un engagement collectif pour un Burkina Faso libre et souverain";"https://lefaso.netspip.php?article148401"
"Le Faso (BF)";"FR";"2026-09-09";"Commémoration du 4 août 2026 : Le capitaine Ibrahim Traoré invite les Burkinabè à poursuivre l’idéal révolutionnaire ‎";"https://lefaso.netspip.php?article148380"
"Le Faso (BF)";"FR";"2026-09-09";"Burkina/Contrat d’objectifs 2026 : Le ministre de l’Économie et des Finances affiche un taux d’exécution de 60,66 % à mi-parcours";"https://lefaso.netspip.php?article148277"
"Le Faso (BF)";"FR";"2026-09-09";"Génération pressée : Le piège de la réussite à tout prix";"https://lefaso.netspip.php?article149116"
"Le Faso (BF)";"FR";"2026-09-09";"Lutte contre les fake news : La BCLCC se dote d’un studio pour renforcer la sensibilisation des internautes";"https://lefaso.netspip.php?article149120"
"Le Faso (BF)";"FR";"2026-09-09";"Ouagadougou : La mairie appelle au respect des règles encadrant la formation des cortèges";"https://lefaso.netspip.php?article149119"
"Le Faso (BF)";"FR";"2026-09-09";"Burkina : La Douane saisit plus de 23 tonnes de riz avarié et un important lot de matériels sensibles à Bobo-Dioulasso";"https://lefaso.netspip.php?article149111"
"Le Faso (BF)";"FR";"2026-09-09";"Burkina/Santé : Le tarif de l’Imagerie par résonance magnétique (IRM) réduit à 40 000 FCFA depuis avril 2024";"https://lefaso.netspip.php?article149096"
"Le Faso (BF)";"FR";"2026-09-09";"Burkina/Universités publiques : La fin des retards académiques annoncée dès la rentrée 2026-2027";"https://lefaso.netspip.php?article149062"
"Le Faso (BF)";"FR";"2026-09-09";"Médecine légale : « Nous sommes dans une société où les pesanteurs socio culturelles ne sont pas favorables à la réalisation des autopsies », indique le Dr Cheick Ahmed Dao";"https://lefaso.netspip.php?article149072"
"Le Faso (BF)";"FR";"2026-09-09";"Wefafa : la super-app « made in Burkina » qui connecte clients, commerçants et livreurs, jusque sur WhatsApp";"https://lefaso.netspip.php?article149100"
"Le Faso (BF)";"FR";"2026-09-09";"Diaspora Bonds : Vista Bank accompagne la première cotation des emprunts obligataires du Burkina Faso";"https://lefaso.netspip.php?article149014"
"Le Faso (BF)";"FR";"2026-09-09";"Vente et relations humaines : Nouhoun Diallo retrace 25 ans d’expérience dans un livre";"https://lefaso.netspip.php?article149008"
"Le Faso (BF)";"FR";"2026-09-09";"Marché financier : Première  cotation à la BRVM  des emprunts obligataires ""Diaspora Bonds"" du Burkina  Faso";"https://lefaso.netspip.php?article148996"
"Le Faso (BF)";"FR";"2026-09-09";"Afrique de l’Ouest : Mam Cherno Jallow, un économiste financier aux commandes de la lutte contre le blanchiment d’argent";"https://lefaso.netspip.php?article148972"
"Le Faso (BF)";"FR";"2026-09-09";"Football : La Ligue des champions est de retour";"https://lefaso.netspip.php?article149104"
"Le Faso (BF)";"FR";"2026-09-09";"Football : Bertrand Traoré rejoint Wolverhampton en Championship";"https://lefaso.netspip.php?article149084"
"Le Faso (BF)";"FR";"2026-09-09";"Campagnes africaines : Le Vitesse FC et le Rahimo FC déjà dos au mur";"https://lefaso.netspip.php?article149069"
"Le Faso (BF)";"FR";"2026-09-09";"Football : Les Étalons défieront l’équipe de l’Argentine au cours d’un match amical";"https://lefaso.netspip.php?article149024"
"Le Faso (BF)";"FR";"2026-09-09";"Mercato : Wrexham, Lyon, Leverkusen… où évoluent désormais les internationaux burkinabè ?";"https://lefaso.netspip.php?article148991"
"Le Faso (BF)";"FR";"2026-09-09";"Burkina/ Religion : La Mission jeunes de la Communauté du chemin neuf célèbre 25 ans de grâces, de mission et d’espérance";"https://lefaso.netspip.php?article149040"
"Le Faso (BF)";"FR";"2026-09-09";"Semaine de l’hôtelier 2026 : Bobo-Dioulasso accueille dix jours de formation, d’innovation et de réseautage";"https://lefaso.netspip.php?article149010"
"Le Faso (BF)";"FR";"2026-09-09";"Burkina/Musique : Nabalüm célèbre ses dix ans de carrière avec un concert live";"https://lefaso.netspip.php?article149026"
"Le Faso (BF)";"FR";"2026-09-09";"Gaël Sawadogo, nouveau bachelier et jeune talent musical : « Pour moi, le Burkina Faso, c’est ma famille »";"https://lefaso.netspip.php?article148940"
"Le Faso (BF)";"FR";"2026-09-09";"Côte d’Ivoire : L’humoriste Zoumana est décédé à Abidjan";"https://lefaso.netspip.php?article148783"
"Le Faso (BF)";"FR";"2026-09-09";"Le Premier ministre burkinabè aux Grandes chancelleries de l’AES : « N’ayons pas peur d’être différents »";"https://lefaso.netspip.php?article148976"
"Le Faso (BF)";"FR";"2026-09-09";"Burkina Faso : L’ONU réaffirme sa volonté d’accompagner les priorités nationales";"https://lefaso.netspip.php?article148936"
"Le Faso (BF)";"FR";"2026-09-09";"Diplomatie : L’ambassade de Türkiye au Burkina célèbre la ""Grande victoire""";"https://lefaso.netspip.php?article148939"
"Le Faso (BF)";"FR";"2026-09-09";"Burkina Faso : L’État exige des Nations unies une coopération davantage alignée sur les priorités nationales";"https://lefaso.netspip.php?article148908"
"Le Faso (BF)";"FR";"2026-09-09";"Burkina/Coopération : Maxime Prévot, ministre des affaires étrangères belge, en visite sur le site agroécologique de Korsimoro";"https://lefaso.netspip.php?article148860"
"Le Faso (BF)";"FR";"2026-09-09";"Les 100 Visages du Burkina Digital : Balkiss Ouedraogo, « Adja Digitale », l’ingénieure qui met la cybersécurité à la portée de tous";"https://lefaso.netspip.php?article149085"
"Le Faso (BF)";"FR";"2026-09-09";"Grande promo Orange Money : Yaguinatou Ouédraogo remporte une voiture MG ONE";"https://lefaso.netspip.php?article149080"
"Le Faso (BF)";"FR";"2026-09-09";"IA et souveraineté numérique : Mahamadi Rouamba veut faire émerger une technologie africaine";"https://lefaso.netspip.php?article149071"
"Le Faso (BF)";"FR";"2026-09-09";"Les 100 Visages du Burkina Digital : Yéri Dorothée Sib, du clic au business, le digital au service des entrepreneurs";"https://lefaso.netspip.php?article149056"
"Le Faso (BF)";"FR";"2026-09-09";"‎Lefaso.net : Les journalistes renforcent leurs compétences en photographie sur smartphone";"https://lefaso.netspip.php?article149060"
"Le Faso (BF)";"FR";"2026-09-09";"Offre de formation en cybersécurité du 15 mai au 20 juillet 2024";"https://lefaso.netspip.php?article130136"
"Le Faso (BF)";"FR";"2026-09-09";"Vœux de nouvel an de Dre Lydia ROUAMBA, Directrice Générale du Centre national de l’Information, de l’Orientation Scolaire et Professionnelle, et des Bourses (CIOSPB)";"https://lefaso.netspip.php?article118725"
"Le Faso (BF)";"FR";"2026-09-09";"CIOSPB : La République de la Tunisie met à la disposition du Burkina Faso des bourses études pour l’année académique 2022-2023";"https://lefaso.netspip.php?article115137"
"Le Faso (BF)";"FR";"2026-09-09";"7e édition de la Semaine nationale de l’Information et de l’Orientation (SIO) : Le Centre National des Œuvres Universitaires (CENOU) communique sur ses prestations aux nouveaux bacheliers";"https://lefaso.netspip.php?article114708"
"Le Faso (BF)";"FR";"2026-09-09";"Année académique 2022-2023 : Le Royaume du Maroc met à la disposition du Burkina Faso, cent-vingt (120) bourses d’études";"https://lefaso.netspip.php?article113781"
"Le Faso (BF)";"FR";"2026-09-09";"Appel à candidatures pour l’admission en master niveau 1 au titre de l’année universitaire 2026-2027";"https://lefaso.netspip.php?article148180"
"Le Faso (BF)";"FR";"2026-09-09";"Appel à candidatures pour l’admission en master niveau 2 au titre de l’année universitaire 2026-2027";"https://lefaso.netspip.php?article148181"
"Le Faso (BF)";"FR";"2026-09-09";"Appel à candidatures pour l’admission en Licence au titre de l’année universitaire 2026-2027";"https://lefaso.netspip.php?article148182"
"Le Faso (BF)";"FR";"2026-09-09";"Analyse de l’adoption des technologies agroforestières dans la zone rurale et périurbaine de Bobo-Dioulasso";"https://lefaso.netspip.php?article148818"
"Le Faso (BF)";"FR";"2026-09-09";"Nouveauté ! Le Faso Loto 5/90, c’est désormais tous les jours du lundi au dimanche";"https://lefaso.netspip.php?article148865"
"Le Faso (BF)";"FR";"2026-09-09";"Musique : L’artiste Tim Winsey dévoile deux nouveaux albums à Ouagadougou";"https://lefaso.netspip.php?article144306"
"Le Faso (BF)";"FR";"2026-09-09";"Dédicace littéraire : Hassane Sawadogo plaide pour une retraite active et épanouie";"https://lefaso.netspip.php?article148321"
"Le Faso (BF)";"FR";"2026-09-09";"Avis de recrutement de deux (02) Responsables d’Unités Techniques (UT).";"https://lefaso.netspip.php?article149095"
"Le Faso (BF)";"FR";"2026-09-09";"Centre américain de langue : Cours d’anglais Intensifs (50H)";"https://lefaso.netspip.php?article149013"
"Le Faso (BF)";"FR";"2026-09-09";"FASO LOTO 5/90 – « CADEAU » : Résultats du tirage du Mardi  8 septembre 2026";"https://lefaso.netspip.php?article149107"
"Le Faso (BF)";"FR";"2026-09-09";"Recrutement d’un Cabinet / Bureau d’études pour assister les acteurs de la filière volaille en gestion technique, (…)";"https://lefaso.netspip.php?article149089"
"Le Faso (BF)";"FR";"2026-09-09";"Faso Loto : Résultat du tirage NEKRE de ce 7 septembre 2026";"https://lefaso.netspip.php?article149079"
"Le Faso (BF)";"FR";"2026-09-09";"PMU’B/LONAB : REPORT ORDRE 4 +1 DU MERCREDI 9 SEPTEMBRE 2026";"https://lefaso.netspip.php?article149061"
"Le Faso (BF)";"FR";"2026-09-09";"Faso Loto : Résultat du tirage BARKA du dimanche 6 septembre 2026.";"https://lefaso.netspip.php?article149054"
"Le Faso (BF)";"FR";"2026-09-09";"Décès de Madame ZOUNGRANA/KABORÉ Dakiswinigda Rose Aïda : Remerciements";"https://lefaso.netspip.php?article148376"
"Le Faso (BF)";"FR";"2026-09-09";"Messe de requiem de Dima Fidéle";"https://lefaso.netspip.php?article148292"
"Le Faso (BF)";"FR";"2026-09-09";"Décès de Sompagnimdi Philippe Honoré OUEDRAOGO : REMERCIEMENTS & FAIRE-PART";"https://lefaso.netspip.php?article148049"
"Le Faso (BF)";"FR";"2026-09-09";"Programme des obsèques de Tapsoba née Nikiema G. Rosalie";"https://lefaso.netspip.php?article148026"
"Le Faso (BF)";"FR";"2026-09-09";"Décès de NABA KOANGA Jean-Pierre Vongologo Tiemtoré : Remerciements";"https://lefaso.netspip.php?article149121"
"Le Faso (BF)";"FR";"2026-09-09";"Décès de Kafando/Zagré Cécile : Remerciements";"https://lefaso.netspip.php?article149106"
"Le Faso (BF)";"FR";"2026-09-09";"Décès de SAWADOGO née OUÉDRAOGO Thérèse : Faire-part";"https://lefaso.netspip.php?article149110"
"Le Faso (BF)";"FR";"2026-09-09";"Décès DE MME DIALLO/TALL JEANNE";"https://lefaso.netspip.php?article149101"
"Le Faso (BF)";"FR";"2026-09-09";"Décès de TOURE Hassane : Remerciements";"https://lefaso.netspip.php?article149083"
"Le Faso (BF)";"FR";"2026-09-09";"IN MEMORIAM : OUEDRAOGO SIBIRI ANTOINE";"https://lefaso.netspip.php?article149064"
"Le Faso (BF)";"FR";"2026-09-09";"Décès de OUEDRAOGO Rimpayaissidé Bonaventure Edgard : Remerciements et faire-part";"https://lefaso.netspip.php?article148956"
"Le Faso (BF)";"FR";"2026-09-09";"In memoria : Dr MILLOGO/SANOU Marie Madeleine";"https://lefaso.netspip.php?article149018"
"Le Faso (BF)";"FR";"2026-09-09";"Natation : Imann Firdaous Kouraogo, de l’amour pour l’eau aux podiums africains";"https://lefaso.netspip.php?article148974"
"Le Faso (BF)";"FR";"2026-09-09";"Coopération : Evelyne Dabiré nommée ambassadrice extraordinaire  et plénipotentiaire du Canada près le Bénin";"https://lefaso.netspip.php?article147766"
"Le Faso (BF)";"FR";"2026-09-09";"Recrutement à l’ONEA : L’institution met en garde contre les arnaques";"https://lefaso.netspip.php?article148665"
"Le Faso (BF)";"FR";"2026-09-09";"Gestion de ressources publiques en Afrique : Au Gabon, la Cour des comptes à la traque de 1 700 milliards de FCFA auprès de 600 personnes";"https://lefaso.netspip.php?article149115"
"Le Faso (BF)";"FR";"2026-09-09";"Effort de paix : La diaspora burkinabè en Éthiopie, Guinée et Libye mobilise plus de 31 millions FCFA";"https://lefaso.netspip.php?article149087"
"Le Faso (BF)";"FR";"2026-09-09";"Résilience climatique et souveraineté financière : Les Tannounyan au cœur de la vulgarisation de l’assurance agropastorale";"https://lefaso.netspip.php?article148990"
"Le Faso (BF)";"FR";"2026-09-09";"Analyse de l’impact de la crise sécuritaire sur les dépenses militaires du Burkina Faso";"https://lefaso.netspip.php?article149066"
"Le Faso (BF)";"FR";"2026-09-09";"Du déchet à la briquette : le charbon écologique comme levier d’autonomisation des femmes au Burkina Faso";"https://lefaso.netspip.php?article149037"
"Le Faso (BF)";"FR";"2026-09-09";"Titre : pluralité des représentations sociales des acteurs politiques et agropasteurs au Burkina Faso";"https://lefaso.netspip.php?article149036"
"Le Faso (BF)";"FR";"2026-09-09";"Burkina/Universités publiques : La fin des retards académiques annoncée dès la rentrée 2026-2027";"https://lefaso.netspip.php?article149062#forum"
"Le Faso (BF)";"FR";"2026-09-09";"Masculinité positive : « Un homme qui écoute, qui pleure et qui partage les tâches n’est pas moins un homme », indique Sabine Gampéné";"https://lefaso.netspip.php?article149102#forum"
"Le Faso (BF)";"FR";"2026-09-09";"Comment protéger votre vie privée face au traçage massif sur Internet ?";"https://lefaso.netspip.php?article149122#forum"
"Le Faso (BF)";"FR";"2026-09-09";"Burkina :  Le projet de contrat-type de concession, de production et de distribution d’énergie électrique en cours de validation";"https://lefaso.netspip.php?article149112#forum"
"Le Faso (BF)";"FR";"2026-09-09";"Burkina : La Douane saisit plus de 23 tonnes de riz avarié et un important lot de matériels sensibles à Bobo-Dioulasso";"https://lefaso.netspip.php?article149111#forum"
"Le Faso (BF)";"FR";"2026-09-09";"Burkina : Ibrahim Traoré à Bobo-Dioulasso pour inaugurer deux infrastructures stratégiques";"https://lefaso.netspip.php?article149097#forum"
"Le Faso (BF)";"FR";"2026-09-09";"Génération pressée : Le piège de la réussite à tout prix";"https://lefaso.netspip.php?article149116#forum"
"Le Faso (BF)";"FR";"2026-09-09";"Gestion de ressources publiques en Afrique : Au Gabon, la Cour des comptes à la traque de 1 700 milliards de FCFA auprès de 600 personnes";"https://lefaso.netspip.php?article149115#forum"
"Le Faso (BF)";"FR";"2026-09-09";"Efforts de l’institutionnalisation de la zakat au Burkina Faso";"https://lefaso.netspip.php?article149098#forum"
"Le Faso (BF)";"FR";"2026-09-09";"Assemblée législative du peuple : Mathieu Boro fait ses premiers pas à l’hémicycle et promet de porter la voix des Burkinabè";"https://lefaso.netspip.php?article148412#forum"
"Le Faso (BF)";"FR";"2026-09-09";"Wefafa : la super-app « made in Burkina » qui connecte clients, commerçants et livreurs, jusque sur WhatsApp";"https://lefaso.netspip.php?article149100#forum"
"Le Faso (BF)";"FR";"2026-09-09";"PMU’B/LONAB : REPORT ORDRE 4 +1 DU MERCREDI 9 SEPTEMBRE 2026";"https://lefaso.netspip.php?article149061#forum"
"Le Faso (BF)";"FR";"2026-09-09";"Le Mouvement raélien réitère son soutien inconditionnel : « L’AES est l’espoir des États-Unis d’Afrique »";"https://lefaso.netspip.php?article149050#forum"
"Le Faso (BF)";"FR";"2026-09-09";"Burkina/Santé : Le tarif de l’Imagerie par résonance magnétique (IRM) réduit à 40 000 FCFA depuis avril 2024";"https://lefaso.netspip.php?article149096#forum"
"Le Faso (BF)";"FR";"2026-09-09";"Burkina/ Textile : Le Premier ministre annonce l’inauguration prochaine de TEXFORCES-BF";"https://lefaso.netspip.php?article149067#forum"
"Le Faso (BF)";"FR";"2026-09-09";"Décès de KY Joseph : Faire part";"https://lefaso.netspip.php?article149077#forum"
"Le Faso (BF)";"FR";"2026-09-09";"Burkina Faso/Universités publiques : La fin des retards académiques annoncée dès la rentrée 2026-2027";"https://lefaso.netspip.php?article149062#forum"
"Le Faso (BF)";"FR";"2026-09-09";"A propos...";"https://lefaso.net/spip.php?article29&rubrique17"
"Le Faso (BF)";"FR";"2026-09-09";"Publicité";"https://lefaso.net/spip.php?article5736&rubrique17t"
"Le Faso (BF)";"FR";"2026-09-09";"Partenariat";"https://lefaso.net/spip.php?article30&rubrique17"
"Le Faso (BF)";"FR";"2026-09-09";"Nous contacter";"https://lefaso.net/spip.php?article32&rubrique17"
"La Nation (BJ)";"FR";"2026-09-09";"Réponse de la Bad face aux chocs énergétiques: Un appui d'environ 5,1 milliards de dollars aux économies";"https://lanation.bj/economie/reponse-de-la-bad-face-aux-chocs-energetiques-un-appui-denviron-51-milliards-de-dollars-aux-economies"
"La Nation (BJ)";"FR";"2026-09-09";"09 sept. 2026";"https://lanation.bj/economie/reponse-de-la-bad-face-aux-chocs-energetiques-un-appui-denviron-51-milliards-de-dollars-aux-economies"
"La Nation (BJ)";"FR";"2026-09-09";"Prélèvement automatique de l'Aib à 5 %: La Dgi serre la vis aux entreprises non conformes";"https://lanation.bj/economie/prelevement-automatique-de-laib-a-5-la-dgi-serre-la-vis-aux-entreprises-non-conformes"
"La Nation (BJ)";"FR";"2026-09-09";"09 sept. 2026";"https://lanation.bj/economie/prelevement-automatique-de-laib-a-5-la-dgi-serre-la-vis-aux-entreprises-non-conformes"
"La Nation (BJ)";"FR";"2026-09-09";"Prélèvement automatique de l'Aib à 5 %: La Dgi serre la vis aux entreprises non conformes
                            
                                                            Lecture de 3 min";"https://lanation.bj/economie/prelevement-automatique-de-laib-a-5-la-dgi-serre-la-vis-aux-entreprises-non-conformes"
"La Nation (BJ)";"FR";"2026-09-09";"Blanchiment de capitaux: Comment les réseaux criminels exploitent l'assurance et les Tpe
                            
                                                            Lecture de 3 min";"https://lanation.bj/economie/blanchiment-de-capitaux-comment-les-reseaux-criminels-exploitent-lassurance-et-les-tpe"
"La Nation (BJ)";"FR";"2026-09-09";"Billet de 5 000 FCFA : les trois gestes pour vérifier son authenticité
                            
                                                            Lecture de 4 min";"https://lanation.bj/economie/billet-de-5-000-fcfa-les-trois-gestes-pour-verifier-son-authenticite"
"La Nation (BJ)";"FR";"2026-09-09";"Entrepreneuriat féminin : Le Bénin mobilise 56,5 milliards F Cfa avec la Banque mondiale";"https://lanation.bj/economie/entrepreneuriat-feminin-le-benin-mobilise-565-milliards-f-cfa-avec-la-banque-mondiale"
"La Nation (BJ)";"FR";"2026-09-09";"Protection sociale des agriculteurs au Bénin: Le pari d'un secteur plus résilient";"https://lanation.bj/economie/protection-sociale-des-agriculteurs-au-benin-le-pari-dun-secteur-plus-resilient"
"La Nation (BJ)";"FR";"2026-09-09";"Lutte contre le blanchiment et le financement du terrorisme: Mam Cherno Jallow nommé directeur général du Giaba";"https://lanation.bj/economie/lutte-contre-le-blanchiment-et-le-financement-du-terrorisme-mam-cherno-jallow-nomme-directeur-general-du-giaba"
"Malijet (ML)";"FR";"2026-09-09";"Politique";"https://malijet.com/actualite-politique-au-mali"
"Malijet (ML)";"FR";"2026-09-09";"Economie";"https://malijet.com/actualite_economique_du_mali"
"Malijet (ML)";"FR";"2026-09-09";"Sports";"https://malijet.com/actualite_sportive_au_mali"
"Malijet (ML)";"FR";"2026-09-09";"Culture";"https://malijet.com/actualite_culturelle_au_mali"
"Malijet (ML)";"FR";"2026-09-09";"International";"https://malijet.com/actualite_internationale"
"Malijet (ML)";"FR";"2026-09-09";"AES";"https://malijet.com/actualite-sur-aes"
"Malijet (ML)";"FR";"2026-09-09";"Afrique";"https://malijet.com/actualite-sur-afrique"
"Malijet (ML)";"FR";"2026-09-09";"Coopération Mali-Banque Mondiale : Le Premier ministre Maïga plaide pour l’alignement sur la « Vision Mali Kura »";"https://malijet.com/actualite_economique_du_mali/311712-cooperation-mali-banque-mondiale-le-premier-ministre-maiga.html"
"Malijet (ML)";"FR";"2026-09-09";"Monnaie unique : La CEDEAO confirme la faisabilité du lancement de l’ECO en 2027";"https://malijet.com/actualite_economique_du_mali/311735-monnaie-unique-la-cedeao-confirme-la-faisabilite-du-lancem.html"
"Malijet (ML)";"FR";"2026-09-09";"Sénégal : Guy Marius Sagna critique la politique du gouvernement et dénonce l’influence du FMI";"https://malijet.com/actualite-sur-afrique/311723-senegal-guy-marius-sagna-critique-la-politique-du-gouverne.html"
"Malijet (ML)";"FR";"2026-09-09";"Coupe du Monde féminine de basketball 2026 : le Mali crée la sensation à Berlin";"https://malijet.com/actualite_sportive_au_mali/311657-coupe-du-monde-feminine-de-basketball-2026-le-mali-cree-la.html"
"Malijet (ML)";"FR";"2026-09-09";"Lavrov : la Russie et la Chine ne se cachent aucun secret technologique";"https://malijet.com/actualite_internationale/311736-lavrov-la-russie-et-la-chine-ne-se-cachent-aucun-secret-te.html"
"Malijet (ML)";"FR";"2026-09-09";"MSF : 1 046 migrants secourus en une semaine sur la route des Canaries";"https://malijet.com/actualite-sur-afrique/311733-msf-1-046-migrants-secourus-en-une-semaine-sur-la-route-de.html"
"Malijet (ML)";"FR";"2026-09-09";"Gambie : la colère gronde face aux coupures d’électricité à répétition";"https://malijet.com/actualite-sur-afrique/311732-gambie-la-colere-gronde-face-aux-coupures-delectricite-a.html"
"Malijet (ML)";"FR";"2026-09-09";"Tour Eiffel : des salariées écartées, une enquête annoncée";"https://malijet.com/actualite_internationale/311731-tour-eiffel-des-salariees-ecartees-une-enquete-annoncee.html"
"Malijet (ML)";"FR";"2026-09-09";"Japon : 41 blessés après de pluies torrentielles dans la ville de Nagoya";"https://malijet.com/actualite_internationale/311729-japon-41-blesses-apres-de-pluies-torrentielles-dans-la-vil.html"
"Malijet (ML)";"FR";"2026-09-09";"France : les prix des carburants atteignent de nouveaux records sur fond de tensions au Moyen-Orient";"https://malijet.com/actualite_internationale/311728-france-les-prix-des-carburants-atteignent-de-nouveaux-reco.html"
"Malijet (ML)";"FR";"2026-09-09";"Tournoi UFOA-A U-17, Sénégal 2026 : le Mali tenu en échec";"https://malijet.com/actualite_sportive_au_mali/311727-tournoi-ufoa-a-u-17-senegal-2026-le-mali-tenu-en-echec.html"
"Malijet (ML)";"FR";"2026-09-09";"Voir tout →";"https://malijet.com/actualite-politique-au-mali"
"Malijet (ML)";"FR";"2026-09-09";"Diplomatie : Le Mali et le Royaume-Uni renforcent leur dialogue politique et économique";"https://malijet.com/actualite-politique-au-mali/311724-diplomatie-le-mali-et-le-royaume-uni-renforcent-leur-dialo.html"
"Malijet (ML)";"FR";"2026-09-09";"Egypte : La ministre Oumou Sall Seck en visite de courtoisie à l’ambassade du Mali au Caire";"https://malijet.com/actualite-politique-au-mali/311722-egypte-la-ministre-oumou-sall-seck-en-visite-de-courtoisie.html"
"Malijet (ML)";"FR";"2026-09-09";"Alger Bamako : La Grande Commission mixte des retrouvailles";"https://malijet.com/actualite-politique-au-mali/311676-alger-bamako-la-grande-commission-mixte-des-retrouvailles.html"
"Malijet (ML)";"FR";"2026-09-09";"Visas Chine-Mali : la CCIM obtient des assurances pour une reprise rapide";"https://malijet.com/actualite-politique-au-mali/311664-visas-chine-mali-la-ccim-obtient-des-assurances-pour-une-r.html"
"Malijet (ML)";"FR";"2026-09-09";"Voir tout →";"https://malijet.com/actualite_economique_du_mali"
"Malijet (ML)";"FR";"2026-09-09";"Côte d’Ivoire : Le FMI salue les performances économiques et le succès du programme financier";"https://malijet.com/actualite_economique_du_mali/311717-cote-divoire-le-fmi-salue-les-performances-economiques-et.html"
"Malijet (ML)";"FR";"2026-09-09";"Mali : l’Office du Niger et l’IER renforcent leur coopération dans la recherche agricole";"https://malijet.com/actualite_economique_du_mali/311702-mali-loffice-du-niger-et-lier-renforcent-leur-cooperatio.html"
"Malijet (ML)";"FR";"2026-09-09";"Voir tout →";"https://malijet.com/actualite_sportive_au_mali"
"Malijet (ML)";"FR";"2026-09-09";"Coupe du Monde féminine de basketball 2026 : fin de l’aventure pour les Aigles du Mali";"https://malijet.com/actualite_sportive_au_mali/311703-coupe-du-monde-feminine-de-basketball-2026-fin-de-laventu.html"
"Malijet (ML)";"FR";"2026-09-09";"Compétitions africaines des clubs : un nul, une défaite et deux victoires pour les représentants maliens";"https://malijet.com/actualite_sportive_au_mali/311680-competitions-africaines-des-clubs-un-nul-une-defaite-et-d.html"
"Malijet (ML)";"FR";"2026-09-09";"CAF WCL : l’USFAS championne de la zone UFOA-A";"https://malijet.com/actualite_sportive_au_mali/311673-caf-wcl-lusfas-championne-de-la-zone-ufoa-a.html"
"Malijet (ML)";"FR";"2026-09-09";"Voir tout →";"https://malijet.com/actualite_internationale"
"Malijet (ML)";"FR";"2026-09-09";"Voir tout →";"https://malijet.com/actualite-sur-aes"
"Malijet (ML)";"FR";"2026-09-09";"Egypte : le Burkina Faso renforce la coordination de l’AES au Caire";"https://malijet.com/actualite-sur-aes/311642-egypte-le-burkina-faso-renforce-la-coordination-de-laes-a.html"
"Malijet (ML)";"FR";"2026-09-09";"AES : Le Burkina Faso, le Mali et le Niger s'attellent à la création d'un ordre du mérite 100 % africain";"https://malijet.com/actualite-sur-aes/311595-aes-le-burkina-faso-le-mali-et-le-niger-sattellent-a-la.html"
"Malijet (ML)";"FR";"2026-09-09";"AES : La délégation malienne du CNT quitte Niamey, forte d’un succès parlementaire confédéral";"https://malijet.com/actualite-sur-aes/311567-aes-la-delegation-malienne-du-cnt-quitte-niamey-forte-du.html"
"Malijet (ML)";"FR";"2026-09-09";"Bamako : la souveraineté au cœur d’une conférence sur l’avenir de l’espace AES";"https://malijet.com/actualite-sur-aes/311493-bamako-la-souverainete-au-coeur-dune-conference-sur-laven.html"
"Malijet (ML)";"FR";"2026-09-09";"AES : Le Burkina Faso, le Mali et le Niger s'attellent à la création d'un ordre du mérite 100 % africain
                
                                    
                il y a 6 jours";"https://malijet.com/actualite-sur-aes/311595-aes-le-burkina-faso-le-mali-et-le-niger-sattellent-a-la.html"
"Malijet (ML)";"FR";"2026-09-09";"Infrastructures : L’Algérie et le Niger scellent un partenariat stratégique pour le développement
                
                                    
                il y a 4 jours";"https://malijet.com/actualite_economique_du_mali/311651-infrastructures-lalgerie-et-le-niger-scellent-un-partenar.html"
"Malijet (ML)";"FR";"2026-09-09";"MSF : 1 046 migrants secourus en une semaine sur la route des Canaries
                                        il y a 2 heures";"https://malijet.com/actualite-sur-afrique/311733-msf-1-046-migrants-secourus-en-une-semaine-sur-la-route-de.html"
"Malijet (ML)";"FR";"2026-09-09";"Gambie : la colère gronde face aux coupures d’électricité à répétition
                                        il y a 2 heures";"https://malijet.com/actualite-sur-afrique/311732-gambie-la-colere-gronde-face-aux-coupures-delectricite-a.html"
"Malijet (ML)";"FR";"2026-09-09";"Sénégal : Guy Marius Sagna critique la politique du gouvernement et dénonce l’influence du FMI
                                        il y a 12 heures";"https://malijet.com/actualite-sur-afrique/311723-senegal-guy-marius-sagna-critique-la-politique-du-gouverne.html"
"Malijet (ML)";"FR";"2026-09-09";"Sénégal : Al Aminou Lô attendu sur la vie chère
                                        il y a 1 jour";"https://malijet.com/actualite-sur-afrique/311711-senegal-al-aminou-lo-attendu-sur-la-vie-chere.html"
"Malijet (ML)";"FR";"2026-09-09";"RDC : incendie lors d'un mariage, la sécurité du bâtiment mise en cause
                                        il y a 2 jours";"https://malijet.com/actualite-sur-afrique/311688-rdc-incendie-lors-dun-mariage-la-securite-du-batiment-mi.html"
"Malijet (ML)";"FR";"2026-09-09";"Cap-Vert : deux jours de deuil national en hommage aux 25 morts d'un accident de bus
                                        il y a 2 jours";"https://malijet.com/actualite-sur-afrique/311687-cap-vert-deux-jours-de-deuil-national-en-hommage-aux-25-mo.html"
"Malijet (ML)";"FR";"2026-09-09";"APR : Double coup dur pour Macky Sall
                                        il y a 2 jours";"https://malijet.com/actualite-sur-afrique/311686-apr-double-coup-dur-pour-macky-sall.html"
"Malijet (ML)";"FR";"2026-09-09";"Guinée : l’ancien avocat général Algassimou Diallo transféré de Coyah à Macenta
                                        il y a 3 jours";"https://malijet.com/actualite-sur-afrique/311666-guinee-lancien-avocat-general-algassimou-diallo-transfere.html"
"Malijet (ML)";"FR";"2026-09-09";"RDC : 20 morts dans un incendie, lors d’un mariage à Kinshasa
                                        il y a 3 jours";"https://malijet.com/actualite-sur-afrique/311662-rdc-20-morts-dans-un-incendie-lors-dun-mariage-a-kinshas.html"
"Malijet (ML)";"FR";"2026-09-09";"Zimbabwe : la belle-fille du président Mnangagwa restera en détention pour trafic de drogue
                                        il y a 3 jours";"https://malijet.com/actualite-sur-afrique/311661-zimbabwe-la-belle-fille-du-president-mnangagwa-restera-en.html"
"Malijet (ML)";"FR";"2026-09-09";"Lavrov : la Russie et la Chine ne se cachent aucun secret technologique
                                        il y a 59 minutes";"https://malijet.com/actualite_internationale/311736-lavrov-la-russie-et-la-chine-ne-se-cachent-aucun-secret-te.html"
"Malijet (ML)";"FR";"2026-09-09";"Tour Eiffel : des salariées écartées, une enquête annoncée
                                        il y a 2 heures";"https://malijet.com/actualite_internationale/311731-tour-eiffel-des-salariees-ecartees-une-enquete-annoncee.html"
"Malijet (ML)";"FR";"2026-09-09";"Japon : 41 blessés après de pluies torrentielles dans la ville de Nagoya
                                        il y a 2 heures";"https://malijet.com/actualite_internationale/311729-japon-41-blesses-apres-de-pluies-torrentielles-dans-la-vil.html"
"Malijet (ML)";"FR";"2026-09-09";"France : les prix des carburants atteignent de nouveaux records sur fond de tensions au Moyen-Orient
                                        il y a 2 heures";"https://malijet.com/actualite_internationale/311728-france-les-prix-des-carburants-atteignent-de-nouveaux-reco.html"
"Malijet (ML)";"FR";"2026-09-09";"La Mecque : ouverture du Forum international sur les miracles scientifiques dans le Coran et la Sunna
                                        il y a 1 jour";"https://malijet.com/actualite_internationale/311699-la-mecque-ouverture-du-forum-international-sur-les-miracle.html"
"Malijet (ML)";"FR";"2026-09-09";"Zhejiang : à Hangzhou, des poissons robotiques biomimétiques patrouillent dans les eaux du lac de l'Ouest
                                        il y a 2 jours";"https://malijet.com/actualite_internationale/311691-zhejiang-a-hangzhou-des-poissons-robotiques-biomimetiques.html"
"Malijet (ML)";"FR";"2026-09-09";"Un « vote de confiance » qui témoigne de la détermination et du sens des responsabilités de la Chine
                                        il y a 2 jours";"https://malijet.com/actualite_internationale/311690-un-vote-de-confiance-qui-temoigne-de-la-determination-et.html"
"Malijet (ML)";"FR";"2026-09-09";"L’Iran condamne les frappes américaines contre des pétroliers comme étant « illégales et agressives »
                                        il y a 2 jours";"https://malijet.com/actualite_internationale/311684-liran-condamne-les-frappes-americaines-contre-des-petrolier.html"
"Malijet (ML)";"FR";"2026-09-09";"Diplomatie à travers le film ""Once Upon a Time in the Middle East"" : superficialité de la diplomatie chinoise ou de la compréhension occidentale ?
                                        il y a 2 jours";"https://malijet.com/actualite_internationale/311675-diplomatie-a-travers-le-film-once-upon-a-time-in-the-middle.html"
"Malijet (ML)";"FR";"2026-09-09";"Leipzig : Lavrov accuse Merz de ""déclarer la guerre"" à la Russie
                                        il y a 2 jours";"https://malijet.com/actualite_internationale/311674-leipzig-lavrov-accuse-merz-de-declarer-la-guerre-a-la-ru.html"
"Malijet (ML)";"FR";"2026-09-09";"Côte d’Ivoire : Le FMI salue les performances économiques et le succès du programme financier
                    2 commentaires
                    il y a 19 heures";"https://malijet.com/actualite_economique_du_mali/311717-cote-divoire-le-fmi-salue-les-performances-economiques-et.html"
"Malijet (ML)";"FR";"2026-09-09";"Économie";"https://malijet.com/actualite_economique_du_mali"
