"Source";"Language";"Date";"Title";"URL"
"VRT NWS (EN)";"EN";"2026-09-30";"Volg alles over De Warmste Week ook via VRT NWS";"https://www.vrt.be/vrtnws/nl/2026/09/25/de-warmste-week-216-projecten-rond-een-warme-thuis-voor-iedereen/"
"VRT NWS (EN)";"EN";"2026-09-30";"'Game of thrones' krijgt een film in 2029: dit zijn de eerste details";"https://www.vrt.be/vrtnws/nl/2026/09/30/film-game-of-thrones-2029/?utm_source=corporate&utm_medium=referral&utm_campaign=rssfeed&utm_content=vrt-nws"
"VRT NWS (EN)";"EN";"2026-09-30";"Sector vreest nieuw 'Ford Genk' door prijsverhoging dienstencheques: ""23.000 jobs dreigen te verdwijnen""";"https://www.vrt.be/vrtnws/nl/2026/09/30/dienstencheques-sector-bezorgd-23-000-jobs/?utm_source=corporate&utm_medium=referral&utm_campaign=rssfeed&utm_content=vrt-nws"
"VRT NWS (EN)";"EN";"2026-09-30";"500 miljoen euro subsidies geschrapt en De Lijn krijgt minder: wat we al weten over het akkoord";"https://www.vrt.be/vrtnws/nl/2026/09/29/wat-staat-in-begrotingsakkoord-vlaamse-regering-inhoud-maatregelen/?utm_source=corporate&utm_medium=referral&utm_campaign=rssfeed&utm_content=vrt-nws"
"VRT NWS (EN)";"EN";"2026-09-30";"""Jammer genoeg doorbijten"": pendelaars teleurgesteld maar begripvol over langere sluiting Antwerpse premetrotunnel";"https://www.vrt.be/vrtnws/nl/2026/09/30/pendelaars-reacties-langere-sluiting-premetrotunnel-trams-antwer/?utm_source=corporate&utm_medium=referral&utm_campaign=rssfeed&utm_content=vrt-nws"
"VRT NWS (EN)";"EN";"2026-09-30";"Achtbaan X2 in Amerikaans pretpark sluit na 2 overlijdens en meer dan 100 klachten over hersenletsels";"https://www.vrt.be/vrtnws/nl/2026/09/30/attractie-in-vs-dicht-na-hersenletsels/?utm_source=corporate&utm_medium=referral&utm_campaign=rssfeed&utm_content=vrt-nws"
"VRT NWS (EN)";"EN";"2026-09-30";"Kim Jong-un weegt meer dan 140 kilogram en is ""extreem zwaarlijvig"", volgens Zuid-Koreaanse inlichtingendiensten";"https://www.vrt.be/vrtnws/nl/2026/09/30/kim-jong-un-extreem-zwaarlijvig-zuid-korea-noord-korea/?utm_source=corporate&utm_medium=referral&utm_campaign=rssfeed&utm_content=vrt-nws"
"VRT NWS (EN)";"EN";"2026-09-30";"Chaos aan boord van vlucht van Dubai naar Tel Aviv: ruzie tussen piloten, bloed in de cockpit en mogelijke kaping";"https://www.vrt.be/vrtnws/nl/2026/09/30/vliegtuig-flydubai/?utm_source=corporate&utm_medium=referral&utm_campaign=rssfeed&utm_content=vrt-nws"
"VRT NWS (EN)";"EN";"2026-09-30";"Verzekeraar 'rotte appartementen' in Sint-Truiden tekent beroep aan: eigenaars moeten langer wachten op vergoeding";"https://www.vrt.be/vrtnws/nl/2026/09/30/verzekeraar-_rotte-appartementen-in-sint-truiden-tekent-beroep-a/?utm_source=corporate&utm_medium=referral&utm_campaign=rssfeed&utm_content=vrt-nws"
"VRT NWS (EN)";"EN";"2026-09-30";"Creatief met eendenkroos: kunstenaar maakt AI-sportvelden van Gentse waterlopen";"https://www.vrt.be/vrtnws/nl/2026/09/30/gent-kunst-fotografie-eendenkroos-creatief-artificiele-intellige/?utm_source=corporate&utm_medium=referral&utm_campaign=rssfeed&utm_content=vrt-nws"
"VRT NWS (EN)";"EN";"2026-09-30";"Ex-leider van Sharia4Belgium Fouad Belkacem vraagt asiel aan in ons land";"https://www.vrt.be/vrtnws/nl/2026/09/30/fouad-belkacam-vraagt-asiel-aan-voor-na-vrijlating/?utm_source=corporate&utm_medium=referral&utm_campaign=rssfeed&utm_content=vrt-nws"
"VRT NWS (EN)";"EN";"2026-09-30";"Clouseau verkoopt in mum van tijd nu ook tweede concert in Koning Boudewijnstadion uit";"https://www.vrt.be/vrtnws/nl/2026/09/30/clouseau-koning-boudewijnstadion/?utm_source=corporate&utm_medium=referral&utm_campaign=rssfeed&utm_content=vrt-nws"
"VRT NWS (EN)";"EN";"2026-09-30";"Kabinetschef Koen Surdiacourt wordt 4 weken waarnemend provinciegouverneur West-Vlaanderen";"https://www.vrt.be/vrtnws/nl/2026/09/30/carl-decaluwe-gouverneur-west-vlaanderen-vervanger-tijdelijk-waa/?utm_source=corporate&utm_medium=referral&utm_campaign=rssfeed&utm_content=vrt-nws"
"VRT NWS (EN)";"EN";"2026-09-30";"Ruzie in Gent over nieuwe wet woonstbetreding: PVDA verlaat gemeenteraad en stapt naar provincie";"https://www.vrt.be/vrtnws/nl/2026/09/30/gent-gemeenteraad-motie-woonstbetreding-pvda-n-va-anneleen-van-b/?utm_source=corporate&utm_medium=referral&utm_campaign=rssfeed&utm_content=vrt-nws"
"VRT NWS (EN)";"EN";"2026-09-30";"Peuter van 1,5 jaar en 5 volwassenen naar ziekenhuis na aanslag met explosief in Antwerpen";"https://www.vrt.be/vrtnws/nl/2026/09/30/antwerpen-luchtbal-aanslag-explosief-6-mensen-waaronder-peuter-z/?utm_source=corporate&utm_medium=referral&utm_campaign=rssfeed&utm_content=vrt-nws"
"VRT NWS (EN)";"EN";"2026-09-30";"2.000 Aziatische hoornaars op speelplaats in Hasselt: ""Mijn collega kreeg gif in de ogen""";"https://www.vrt.be/vrtnws/nl/2026/09/30/2-000-aziatische-hoornaars-op-speelplaats-in-hasselt-ze-spoten/?utm_source=corporate&utm_medium=referral&utm_campaign=rssfeed&utm_content=vrt-nws"
"VRT NWS (EN)";"EN";"2026-09-30";"'Happy 39!' Op Mars vieren ze vandaag al (of pas) nieuwjaar";"https://www.vrt.be/vrtnws/nl/2026/09/30/happy-39-op-mars-vieren-ze-vandaag-al-of-pas-nieuwjaar/?utm_source=corporate&utm_medium=referral&utm_campaign=rssfeed&utm_content=vrt-nws"
"VRT NWS (EN)";"EN";"2026-09-30";"Iconische bakkerij Goossens in Antwerpen krijgt na 142 jaar nieuwe eigenaars: ""Een grote verantwoordelijkheid""";"https://www.vrt.be/vrtnws/nl/2026/09/30/bakkerij-goossens-antwerpen-overnemer-overname-philips-biscuits/?utm_source=corporate&utm_medium=referral&utm_campaign=rssfeed&utm_content=vrt-nws"
"VRT NWS (EN)";"EN";"2026-09-30";"Dertig jaar na eerste waarschuwingen zien we nu eindelijk minder longvlieskanker in Vlaanderen";"https://www.vrt.be/vrtnws/nl/2026/09/29/asbestkanker-mesothelioom-daalt-voor-het-eerst-in-vlaanderen/?utm_source=corporate&utm_medium=referral&utm_campaign=rssfeed&utm_content=vrt-nws"
"VRT NWS (EN)";"EN";"2026-09-30";"Nieuw op 1 oktober: identiteitskaart tonen bij tandarts en geen sjoemelkortingen meer op energiecontracten";"https://www.vrt.be/vrtnws/nl/2026/09/29/nieuw-op-1-oktober/?utm_source=corporate&utm_medium=referral&utm_campaign=rssfeed&utm_content=vrt-nws"
"VRT NWS (EN)";"EN";"2026-09-30";"Oude krokodillen konden 80 miljoen jaar geleden Atlantische Oceaan oversteken";"https://www.vrt.be/vrtnws/nl/2026/09/29/oude-krokodillen-konden-80-miljoen-jaar-geleden-de-atlantische-o/?utm_source=corporate&utm_medium=referral&utm_campaign=rssfeed&utm_content=vrt-nws"
"VRT NWS (EN)";"EN";"2026-09-30";"'NAZA': wat als Israëlische militairen de waarheid vertellen over Gaza in deze film?";"https://www.vrt.be/vrtnws/nl/2026/09/28/naza-wat-als-israelische-militairen-de-waarheid-vertellen-over/?utm_source=corporate&utm_medium=referral&utm_campaign=rssfeed&utm_content=vrt-nws"
"VRT NWS (EN)";"EN";"2026-09-30";"'Digger', met onherkenbare Tom Cruise, is een draak van een film die je móét zien";"https://www.vrt.be/vrtnws/nl/2026/09/24/digger-met-een-onherkenbare-tom-cruise-is-een-draak-van-een/?utm_source=corporate&utm_medium=referral&utm_campaign=rssfeed&utm_content=vrt-nws"
"VRT NWS (EN)";"EN";"2026-09-30";"Dienstencheques stijgen van 10 naar 12 euro: ""Ik vrees bloedbad in onze sector""";"https://www.vrt.be/vrtnws/nl/2026/09/28/poetshulpen-getuigen-over-stijgende-prijs-dienstencheques/?utm_source=corporate&utm_medium=referral&utm_campaign=rssfeed&utm_content=vrt-nws"
"VRT NWS (EN)";"EN";"2026-09-30";"Warmtepompen als vervanging voor gasketels: wat kosten ze en zijn ze een oplossing voor elk huis?";"https://www.vrt.be/vrtnws/nl/2026/09/17/warmtepompen-warmtenetten-of-hout-en-pelletkachels-alternati/?utm_source=corporate&utm_medium=referral&utm_campaign=rssfeed&utm_content=vrt-nws"
"VRT NWS (EN)";"EN";"2026-09-30";"Hoe goed ken jij de verkeersregels? Test je kennis met deze 10 vragen";"https://www.vrt.be/vrtnws/nl/2026/09/25/verkeersquiz/?utm_source=corporate&utm_medium=referral&utm_campaign=rssfeed&utm_content=vrt-nws"
"VRT NWS (EN)";"EN";"2026-09-30";"""Zet die roze bril af, België"": commandant Oekraïense dronetroepen waarschuwt voor Russische dreiging";"https://www.vrt.be/vrtnws/nl/2026/09/24/oekraine-arnaud-magyar-drones-oorlog-rusland/?utm_source=corporate&utm_medium=referral&utm_campaign=rssfeed&utm_content=vrt-nws"
"VRT NWS (EN)";"EN";"2026-09-30";"Ze verbreekt het record van Mariah Carey: wie is Ella Langley die plots een wereldhit op zak heeft?";"https://www.vrt.be/vrtnws/nl/2026/09/25/ella-langley-verbreekt-record-van-mariah-carey-met-choosin-texa/?utm_source=corporate&utm_medium=referral&utm_campaign=rssfeed&utm_content=vrt-nws"
"VRT NWS (EN)";"EN";"2026-09-30";"Mag je met een fatbike rijden als je 10 bent? Politierechter Siegfried Stallaert beantwoordt jouw verkeersvragen";"https://www.vrt.be/vrtnws/nl/2026/09/22/al-uw-verkeersvragen-beantwoord-door-politierechter-siegfried-st/?utm_source=corporate&utm_medium=referral&utm_campaign=rssfeed&utm_content=vrt-nws"
"VRT NWS (EN)";"EN";"2026-09-30";"""Mensen eten gras, duiven en honden"": door Rusland bezet Oekraïens stadje balanceert op rand van hongersnood";"https://www.vrt.be/vrtnws/nl/2026/09/25/oekraine-oleksji-humanitaire-catastrofe/?utm_source=corporate&utm_medium=referral&utm_campaign=rssfeed&utm_content=vrt-nws"
"VRT NWS (EN)";"EN";"2026-09-30";"Brad Pitt drinkt blauwe Chimay in nieuwe survivalfilm, maar de brouwer wist naar eigen zeggen van niets";"https://www.vrt.be/vrtnws/nl/2026/09/25/brad-pitt-drinkt-chimay-blauw-in-nieuwe-film-zonder-dat-de-brou/?utm_source=corporate&utm_medium=referral&utm_campaign=rssfeed&utm_content=vrt-nws"
"VRT NWS (EN)";"EN";"2026-09-30";"Kasteel van Poeke, De Smaakhaven of Hof De Draeck: deze eigendommen zou Vlaanderen van de hand kunnen doen om begroting op orde te krijgen";"https://www.vrt.be/vrtnws/nl/2026/09/24/depraetere-wil-dit-vlaams-eigendom-en-deze-kastelen-mogelijk-ver/?utm_source=corporate&utm_medium=referral&utm_campaign=rssfeed&utm_content=vrt-nws"
"VRT NWS (EN)";"EN";"2026-09-30";"Ze was een zingende superster in China, nu staat ze als first lady naast Xi Jinping: wie is Peng Liyuan?";"https://www.vrt.be/vrtnws/nl/2026/09/24/portret-peng-liyuan-first-lady-china-xi-jinping/?utm_source=corporate&utm_medium=referral&utm_campaign=rssfeed&utm_content=vrt-nws"
"VRT NWS (EN)";"EN";"2026-09-30";"Wie plukt onze tomaten? VRT NWS trekt naar het grootste getto van Europa";"https://www.vrt.be/vrtnws/nl/2026/09/21/moderne-slaven-op-de-tomatenvelden-van-italie/?utm_source=corporate&utm_medium=referral&utm_campaign=rssfeed&utm_content=vrt-nws"
"VRT NWS (EN)";"EN";"2026-09-30";"IN KAART: Hoeveel kost zwemmen in jouw buurt?";"https://www.vrt.be/vrtnws/nl/2026/08/13/zwembaden-vlaanderen-aantal-gemeentelijk-lago-sportoase/?utm_source=corporate&utm_medium=referral&utm_campaign=rssfeed&utm_content=vrt-nws"
"VRT NWS (EN)";"EN";"2026-09-30";"Eerste training, eerste helivlucht: LeBron James pendelt per helikopter tussen Philadelphia en New York";"https://sporza.be/nl/2026/09/30/eerste-training-eerste-helivlucht-lebron-james-pendelt-per-helikopter-tussen-philadelphia-en-new-york~1790754930151/"
"VRT NWS (EN)";"EN";"2026-09-30";"Titelverdedigers Lindsay De Vylder en Fabio Van den Bossche tekenen ook dit jaar present op Gentse Zesdaagse";"https://sporza.be/nl/2026/09/30/titelverdedigers-lindsay-de-vylder-en-fabio-van-den-bossche-tekenen-ook-dit-jaar-present-op-gentse-zesdaagse~1790761392568/"
"VRT NWS (EN)";"EN";"2026-09-30";"Klaar om de klok rond mee te vlammen? Kom tijdens de Warmste 24 uur van Sporza rondjes rijden met Bavo en bekende gasten";"https://sporza.be/nl/2026/09/30/klaar-om-de-klok-rond-mee-te-vlammen-kom-tijdens-de-warmste-24-uur-van-sporza-rondjes-rijden-met-bavo-en-bekende-gasten~1790759542940/"
"VRT NWS (EN)";"EN";"2026-09-30";"Ryotaro Ito heeft nieuwe uitdaging beet: voormalige blikvanger van STVV gaat aan de slag in Spaanse 2e klasse";"https://sporza.be/nl/2026/09/30/ryotaro-ito-heeft-nieuwe-uitdaging-beet-voormalige-blikvanger-van-stvv-gaat-aan-de-slag-in-spaanse-2e-klasse~1790757070159/"
"VRT NWS (EN)";"EN";"2026-09-30";"Slovenen drukken de geruchten de kop in: Tadej Pogacar neemt niét deel aan EK in eigen land";"https://sporza.be/nl/2026/09/30/slovenen-drukken-de-geruchten-de-kop-in-tadej-pogacar-neemt-niet-deel-aan-ek-in-eigen-land~1790759467488/"
"VRT NWS (EN)";"EN";"2026-09-30";"Sporza als gastheer van Sports Next: ontdek sportinnovaties van de toekomst tijdens Flanders Technology & Innovation-festival";"https://sporza.be/nl/2026/09/30/sporza-als-gastheer-van-sports-next-ontdek-sportinnovaties-van-de-toekomst-tijdens-flanders-technology-innovation-festival~1790749396799/"
"VRT NWS (EN)";"EN";"2026-09-30";"Minder zwaar dan het WK, nijdige scherprechter op lokale lus: dit is het parcours van het EK wielrennen";"https://sporza.be/nl/2026/09/29/minder-zwaar-dan-het-wk-nijdige-scherprechter-op-lokale-lus-dit-is-het-parcours-van-het-ek-wielrennen~1790689873704/"
"VRT NWS (EN)";"EN";"2026-09-30";"Minnesota van Delaere kan status van topreekshoofd niet verzilveren en moet inpakken na 1e ronde van WNBA play-offs";"https://sporza.be/nl/2026/09/30/minnesota-van-delaere-kan-status-van-topreekshoofd-niet-verzilveren-en-moet-inpakken-na-1e-ronde-van-wnba-play-offs~1790741659101/"
"VRT NWS (EN)";"EN";"2026-09-30";"Seff Van Kerckhove, de grootste pechvogel van het WK, doet voor het eerst zijn verhaal: ""Plots die auto... Ik kon geen kant meer op""";"https://sporza.be/nl/2026/09/29/seff-van-kerckhove-de-grootste-pechvogel-van-het-wk-doet-voor-het-eerst-zijn-verhaal-plots-die-auto-ik-kon-geen-kant-meer-op~1790686933432/"
"VRT NWS (EN)";"EN";"2026-09-30";"Vangramberen en De Cauwer: ""Sterke prestatie, maar vooral met een geweldig sterke ploeg""";"https://sporza.be/nl/2026/09/27/vangramberen-en-de-cauwer-sterke-prestatie-maar-vooral-met-ee~1790540246945/"
"VRT NWS (EN)";"EN";"2026-09-30";"Brandon McNulty kroont zich verrassend tot wereldkampioen in Montreal";"https://sporza.be/nl/2026/09/27/brandon-mcnulty-kroont-zich-verrassend-tot-wereldkampioen-in-mon~1790539936881/"
"VRT NWS (EN)";"EN";"2026-09-30";"VIDEO - Ruime samenvatting van de East Belgian Rally";"https://sporza.be/nl/2026/09/27/video-ruime-samenvatting-van-de-east-belgian-rally~1790512821956/"
"VRT NWS (EN)";"EN";"2026-09-30";"VIDEO - Tsjechië wint de Billie Jean King Cup! ""Voor het eerst sinds 2018""";"https://sporza.be/nl/2026/09/27/video-tsjechie-wint-de-billie-jean-king-cup-voor-het-eerst-s~1790513261979/"
"VRT NWS (EN)";"EN";"2026-09-30";"VIDEO - Topfavoriete Vollering grijpt eerste wereldtitel in Montreal";"https://sporza.be/nl/2026/09/27/video-topfavoriete-vollering-grijpt-eerste-wereldtitel-in-mont~1790510587562/"
"VRT NWS (EN)";"EN";"2026-09-30";"Dé oefening voor sterke bilspieren: Bavo debuteert op de hip thrust voor IN FORM";"https://sporza.be/nl/2026/09/24/de-oefening-voor-sterke-bilspieren-bavo-debuteert-op-de-hip-thrust-voor-in-form~1790245434595/"
"RTBF Actus (FR)";"FR";"2026-09-30";"""Whitesnake"" de Whitesnake : l'album au line-up fantôme et au tube ressuscité";"/article/eric-dupond-moretti-a-propos-du-rassemblement-national-la-dediabolisation-est-en-realite-une-dissimulation-11792567"
"RTBF Actus (FR)";"FR";"2026-09-30";"Le champ des possibles : Une forêt laboratoire pour anticiper le climat de demain";"/article/france-mediapart-denonce-la-violence-siderante-du-rassemblement-national-apres-ses-revelations-sur-bardella-11792520"
"RTBF Actus (FR)";"FR";"2026-09-30";"Stoemp, pèkèt... et des rawettes !";"/article/accord-sur-le-budget-flamand-l-eleve-modele-rattrape-par-le-retrait-de-vooruit-11792646"
"RTBF Actus (FR)";"FR";"2026-09-30";"Tom Cruise méconnaissable en magnat du pétrole";"/article/thierry-lhermitte-evoque-sa-rencontre-avec-la-troupe-du-splendid-rien-ne-m-interessait-et-tout-a-coup-l-avenir-s-ouvre-11792641"
"RTBF Actus (FR)";"FR";"2026-09-30";"C'est quoi le samusocial ?";"/article/la-revue-de-presse-bardella-budget-flamand-affaire-moinil-aurait-on-vraiment-les-elus-qu-on-merite-11792591"
"RTBF Actus (FR)";"FR";"2026-09-30";"« C’est la plus belle décision que vous pourriez prendre » : Florent Losson aborde l’illusion du bonheur parental";"/article/la-revue-de-presse-bardella-budget-flamand-affaire-moinil-aurait-on-vraiment-les-elus-qu-on-merite-11792591"
"RTBF Actus (FR)";"FR";"2026-09-30";"Le douloureux combat juridique des victimes de l'Église catholique belge dans ""Les Oubliés de Dieu""";"/article/service-militaire-volontaire-125-jeunes-incorpores-a-amay-11792692"
"RTBF Actus (FR)";"FR";"2026-09-30";"BRICS +, les nouveaux maîtres du monde ? (extrait)";"/article/premiere-depuis-2008-refus-de-saluer-les-supporters-discussion-houleuse-que-se-passe-t-il-avec-cristiano-ronaldo-11792571"
"RTBF Actus (FR)";"FR";"2026-09-30";"Pierre de Maere se laisse aller à quelques confidences depuis la Grande Roue de Bruxelles";"/article/les-critiques-de-cathy-immelen-memoire-de-fille-11788799"
"RTBF Actus (FR)";"FR";"2026-09-30";"« Le RN laisse les brebis galeuses au pouvoir. »";"/article/nom-de-dieu-nom-de-dion-en-france-a-quel-saint-se-vouer-11792663"
"RTBF Actus (FR)";"FR";"2026-09-30";"Pourquoi dit-on ""entracte"" ?";"/article/qr-le-debat-qui-va-payer-la-facture-de-la-belgique-votez-et-commentez-11792117"
"RTBF Actus (FR)";"FR";"2026-09-30";"Crash Test : ""EA FC 27""";"/article/qr-le-debat-qui-va-payer-la-facture-de-la-belgique-votez-et-commentez-11792117"
"RTBF Actus (FR)";"FR";"2026-09-30";"Éric Dupond-Moretti à propos du Rassemblement national : ""La dédiabolisation est en réalité une dissimulation""";"/article/recensement-des-feminicides-en-belgique-une-mission-plus-complexe-que-prevu-et-qui-continue-a-prendre-du-retard-11792348"
"RTBF Actus (FR)";"FR";"2026-09-30";"France : Mediapart dénonce la ""violence sidérante"" du Rassemblement National après ses révélations sur Bardella";"/article/il-y-aura-de-la-revanche-dans-l-air-remco-evenepoel-4-courses-4-victoires-inedites-dans-le-viseur-11792607"
"RTBF Actus (FR)";"FR";"2026-09-30";"Accord sur le budget flamand : l'""élève modèle"" rattrapé par le retrait de Vooruit";"/article/wrc-sardaigne-3-pilotes-pour-un-premier-titre-suspense-a-son-comble-pour-le-dernier-rallye-de-l-annee-11791305"
"RTBF Actus (FR)";"FR";"2026-09-30";"Thierry Lhermitte évoque sa rencontre avec la troupe du Splendid : ""Rien ne m’intéressait, et tout à coup, l’avenir s’ouvre""";"/article/game-of-thrones-on-sait-quand-sortira-le-premier-film-sortira-au-cinema-11792574"
"RTBF Actus (FR)";"FR";"2026-09-30";"La revue de presse : Bardella, budget flamand, affaire Moinil… Aurait-on vraiment les élus qu’on mérite ?";"/article/alice-pol-lumineuse-cindy-dans-la-serie-dr-seylan-et-cindy-des-la-lecture-j-etais-emballee-11792702"
"RTBF Actus (FR)";"FR";"2026-09-30";"La revue de presse : Bardella, budget flamand, affaire Moinil… Aurait-on vraiment les élus qu’on mérite ?";"/article/les-premiers-ia-music-awards-debarquent-et-soulevent-deja-beaucoup-de-questions-11792599"
"RTBF Actus (FR)";"FR";"2026-09-30";"Service militaire volontaire : 125 jeunes incorporés à Amay";"/article/ia-la-peur-au-service-des-geants-de-la-tech-11792119"
"RTBF Actus (FR)";"FR";"2026-09-30";"Première depuis 2008, refus de saluer les supporters, discussion houleuse : que se passe-t-il avec Cristiano Ronaldo ?";"/article/pourquoi-google-a-recemment-fait-planter-des-milliers-d-applications-sur-iphone-11792637"
"RTBF Actus (FR)";"FR";"2026-09-30";"Les Critiques de Cathy Immelen : ""Mémoire de fille"", adaptation du récit autobiographique d’Annie Ernaux par Judith Godrèche";"/article/cdj-plainte-fondee-c-c-est-vous-qui-le-dites-vivacite-rtbf-11792604"
"RTBF Actus (FR)";"FR";"2026-09-30";"Nom de Dieu, nom de Dion : en France, à quel saint se vouer ?";"/article/cdj-plainte-fondee-c-c-est-vous-qui-le-dites-vivacite-rtbf-11792604"
"RTBF Actus (FR)";"FR";"2026-09-30";"""QR le débat"" : Qui va payer la facture de la Belgique ? Votez et commentez";"/article/avez-vous-deja-reve-de-voyager-dans-le-temps-decouvrez-l-evolution-de-votre-lieu-de-vie-depuis-le-xviiie-siecle-jusqu-a-2026-11792629"
"RTBF Actus (FR)";"FR";"2026-09-30";"""QR le débat"" : Qui va payer la facture de la Belgique ? Votez et commentez";"/article/primes-a-la-renovation-en-wallonie-contrats-d-energie-dentiste-tout-ce-qui-change-le-1er-octobre-11791175"
"RTBF Actus (FR)";"FR";"2026-09-30";"Recensement des féminicides en Belgique : une mission plus complexe que prévu et qui continue à prendre du retard";"/article/fin-du-projet-territoire-zero-chomeur-en-wallonie-21-personnes-ont-recu-leur-preavis-a-farciennes-11792487"
"RTBF Actus (FR)";"FR";"2026-09-30";"Il y aura de la revanche dans l’air : Remco Evenepoel, 4 courses, 4 victoires inédites dans le viseur";"/article/des-eleves-sans-pique-nique-des-inscriptions-a-la-cantine-en-chute-libre-la-fin-de-la-gratuite-des-repas-scolaires-a-des-consequences-inquietantes-pour-la-ligue-des-familles-11792595"
"RTBF Actus (FR)";"FR";"2026-09-30";"WRC Sardaigne : 3 pilotes pour un premier titre, suspense à son comble pour le dernier rallye de l’année";"/article/irak-fin-de-mission-de-la-coalition-antidjihadiste-dirigee-par-les-etats-unis-11792557"
"RTBF Actus (FR)";"FR";"2026-09-30";"Game of Thrones : on sait quand le premier film sortira au cinéma";"/article/ligue-des-nations-lamine-yamal-et-l-espagne-irresistibles-face-a-la-croatie-pocognoli-battu-pour-sa-premiere-a-domicile-11792507"
"RTBF Actus (FR)";"FR";"2026-09-30";"Alice Pol, lumineuse Cindy dans la série ""Dr Seylan & Cindy"" : ""Dès la lecture, j'étais emballée""";"/article/manchester-city-reconnu-coupable-de-graves-infractions-financieres-par-la-premier-league-11792420"
"RTBF Actus (FR)";"FR";"2026-09-30";"Les premiers ""IA Music Awards"" débarquent, et soulèvent déjà beaucoup de questions";"/article/les-critiques-d-hugues-dayez-avec-digger-quand-tom-cruise-s-essaie-a-la-satire-11792284"
"RTBF Actus (FR)";"FR";"2026-09-30";"Intelligence artificielle : à qui profite la peur ?";"/article/votre-reservoir-est-vide-ou-presque-les-prix-de-l-essence-et-du-diesel-vont-baisser-mercredi-a-la-pompe-11792089"
"RTBF Actus (FR)";"FR";"2026-09-30";"Pourquoi Google a récemment fait planter des milliers d'applications sur iPhone ?";"/article/s-p-confirme-la-note-a-de-la-region-de-bruxelles-capitale-tout-en-maintenant-une-perspective-negative-11792109"
"RTBF Actus (FR)";"FR";"2026-09-30";"CDJ – Plainte fondée c. "" C’est vous qui le dites "" (Vivacité – RTBF)";"/article/les-diables-face-a-la-turquie-une-claque-magistrale-les-boulettes-de-kompany-et-witsel-un-triple-incroyable-pour-oliveira-11790944"
"RTBF Actus (FR)";"FR";"2026-09-30";"CDJ – Plainte fondée c. "" C’est vous qui le dites "" (Vivacité – RTBF)";"/article/beaucoup-de-nonchalance-vraiment-pas-un-bon-match-gill-swerts-mecontent-malgre-la-victoire-des-diablotins-11792523"
"RTBF Actus (FR)";"FR";"2026-09-30";"Avez-vous déjà rêvé de voyager dans le temps ? Découvrez l’évolution de votre lieu de vie depuis le XVIIIe siècle jusqu’à 2026";"/article/en-superiorite-numerique-les-diablotins-s-imposent-sans-convaincre-face-au-pays-de-galles-11792449"
"RTBF Actus (FR)";"FR";"2026-09-30";"Primes à la rénovation en Wallonie, contrats d’énergie, dentiste… tout ce qui change le 1er octobre";"/article/vincent-mannaert-nomme-ceo-de-l-urbsfa-pour-un-mandat-de-4-ans-11792319"
"RTBF Actus (FR)";"FR";"2026-09-30";"Fin du projet ""Territoire Zéro Chômeur en Wallonie"" : 21 personnes ont reçu leur préavis à Farciennes";"/article/martinez-tedesco-van-bommel-les-selectionneurs-changent-mais-la-france-gagne-toujours-a-la-fin-11792300"
"RTBF Actus (FR)";"FR";"2026-09-30";"Des élèves sans pique-nique, des inscriptions à la cantine en chute libre : la fin de la gratuité des repas scolaires a des conséquences inquiétantes pour la Ligue des Familles";"/article/on-pense-offensif-van-bommel-pense-aussi-a-sa-structure-le-dilemme-impossible-face-aux-bleus-11792225"
"RTBF Actus (FR)";"FR";"2026-09-30";"Irak : fin de mission de la coalition antidjihadiste dirigée par les Etats-Unis";"/article/les-diables-degrades-par-les-coiffeurs-francais-la-revue-de-presse-de-belgique-france-11792024"
"RTBF Actus (FR)";"FR";"2026-09-30";"Ligue des Nations : Lamine Yamal et l’Espagne irrésistibles face à la Croatie, Pocognoli battu pour sa première à domicile";"/article/les-mots-forts-de-nathan-ngoy-on-doit-etre-plus-mechants-plus-tueurs-11791963"
"RTBF Actus (FR)";"FR";"2026-09-30";"Manchester City reconnu ""coupable"" de ""graves"" infractions financières par la Premier League";"/article/van-bommel-imperturbable-un-double-flop-une-valeur-sure-5-enseignements-apres-belgique-france-11791904"
"RTBF Actus (FR)";"FR";"2026-09-30";"Les critiques d’Hugues Dayez avec ""Digger"", quand Tom Cruise s’essaie à la satire";"/article/six-jours-de-gand-lotte-kopecky-integre-les-tetes-d-affiche-au-kuipke-11792669"
"RTBF Actus (FR)";"FR";"2026-09-30";"Votre réservoir est vide ou presque : les prix de l’essence et du diesel vont baisser mercredi à la pompe";"/article/il-y-aura-de-la-revanche-dans-l-air-remco-evenepoel-4-courses-4-victoires-inedites-dans-le-viseur-11792607"
"RTBF Actus (FR)";"FR";"2026-09-30";"S&P confirme la note ""A"" de la Région de Bruxelles-Capitale, tout en maintenant une perspective négative";"/article/les-equipes-de-marque-ont-encore-pris-le-dessus-sur-les-equipes-nationales-la-del-toro-ne-roule-plus-comme-mexicain-mais-comme-membre-d-uae-11791815"
"RTBF Actus (FR)";"FR";"2026-09-30";"Les Diables face à la Turquie : une claque magistrale, les boulettes de Kompany et Witsel, un triplé incroyable pour Oliveira";"/article/la-vice-championne-du-monde-kasia-niewiadoma-ouvre-un-nouveau-chapitre-chez-lidl-trek-11792371"
"RTBF Actus (FR)";"FR";"2026-09-30";"""Beaucoup de nonchalance"", ""vraiment pas un bon match"" : Gill Swerts mécontent malgré la victoire des Diablotins";"/article/il-a-ete-trop-dur-avec-lui-meme-paul-seixas-l-auto-flagellation-qu-il-ne-meritait-pas-apres-ses-mondiaux-11791831"
"RTBF Actus (FR)";"FR";"2026-09-30";"En supériorité numérique, les Diablotins s’imposent sans convaincre face au pays de Galles";"/article/le-profitivisme-la-lecon-de-vie-de-gilles-van-der-spek-11788470"
"RTBF Actus (FR)";"FR";"2026-09-30";"Vincent Mannaert nommé CEO de l'URBSFA pour un mandat de 4 ans";"/article/serge-pauwels-est-il-encore-l-homme-de-la-situation-heureusement-que-c-est-du-cyclisme-si-c-est-du-football-il-est-dehors-11791756"
"RTBF Actus (FR)";"FR";"2026-09-30";"Martinez, Tedesco, Van Bommel, les sélectionneurs changent mais la France gagne toujours à la fin";"/article/tadej-pogacar-met-la-pression-sur-son-equipe-uae-pour-etre-au-depart-des-championnats-d-europe-en-slovenie-11791942"
"RTBF Actus (FR)";"FR";"2026-09-30";"""On pense offensif, van Bommel pense aussi à sa structure"", le dilemme impossible face aux Bleus";"/article/lidl-trek-annonce-le-transfert-du-sprinteur-belge-jordi-meeus-de-maniere-originale-11791851"
"RTBF Actus (FR)";"FR";"2026-09-30";"""Les Diables dégradés par les coiffeurs français"" : la revue de presse de Belgique – France";"/article/la-revue-de-presse-bardella-budget-flamand-affaire-moinil-aurait-on-vraiment-les-elus-qu-on-merite-11792591"
"RTBF Actus (FR)";"FR";"2026-09-30";"Les mots forts de Nathan Ngoy après la défaite : ""On doit être plus méchants, plus tueurs""";"/article/thierry-lhermitte-evoque-sa-rencontre-avec-la-troupe-du-splendid-rien-ne-m-interessait-et-tout-a-coup-l-avenir-s-ouvre-11792641"
"RTBF Actus (FR)";"FR";"2026-09-30";"Van Bommel imperturbable, un double flop, un bon placement : 5 enseignements après Belgique - France";"/article/le-cactus-gaetan-delferiere-reagit-aux-propos-antisemites-attribues-a-bardella-11792590"
"RTBF Actus (FR)";"FR";"2026-09-30";"Six Jours de Gand : Lotte Kopecky intègre les têtes d'affiche au Kuipke";"/article/pourquoi-l-affaire-bardella-pourrait-elle-inquieter-les-marches-financiers-11792601"
"RTBF Actus (FR)";"FR";"2026-09-30";"Il y aura de la revanche dans l’air : Remco Evenepoel, 4 courses, 4 victoires inédites dans le viseur";"/article/contrebande-le-double-jeu-des-cigarettiers-11788324"
"RTBF Actus (FR)";"FR";"2026-09-30";"Les équipes de marque ont encore pris le dessus sur les équipes nationales : ""Là, Del Toro ne roule plus comme Mexicain, mais comme membre d'UAE""";"/article/mash-pourquoi-revoir-le-film-culte-de-robert-altman-11789519"
"RTBF Actus (FR)";"FR";"2026-09-30";"La vice-championne du monde Kasia Niewiadoma ouvre un nouveau chapitre chez Lidl-Trek";"/article/qr-le-debat-qui-va-payer-la-facture-de-la-belgique-votez-et-commentez-11792117"
"RTBF Actus (FR)";"FR";"2026-09-30";"""Il a été trop dur avec lui-même"" : Paul Seixas, l’auto-flagellation… qu’il ne méritait pas après ses Mondiaux";"/article/martinique-a-la-recherche-des-origines-d-une-identite-nee-du-brassage-des-peuples-11790431"
"RTBF Actus (FR)";"FR";"2026-09-30";"""Une furieuse envie de vivre"" : leçon de vie et Profitivisme de Gilles Van der Spek";"/article/vous-considerez-que-notre-reportage-est-incomplet-un-droit-de-reponse-est-il-possible-11786650"
"RTBF Actus (FR)";"FR";"2026-09-30";"Serge Pauwels est-il encore l’homme de la situation ? ""Heureusement que c’est du cyclisme, si c’est du football, il est dehors""";"/article/proximite-interaction-et-collaboration-comment-la-rtbf-ancre-ses-contenus-au-c-ur-des-regions-11786513"
"RTBF Actus (FR)";"FR";"2026-09-30";"Tadej Pogacar met la pression sur son équipe UAE, pour être au départ des championnats d’Europe en Slovénie";"/article/que-fait-la-rtbf-de-vos-donnees-collecte-algorithmes-et-protection-de-la-vie-privee-decryptes-11776913"
"RTBF Actus (FR)";"FR";"2026-09-30";"Lidl-Trek annonce le transfert du sprinteur belge Jordi Meeus de manière originale";"/article/enfant-illegitime-un-terme-a-eviter-sur-nos-antennes-11776723"
"RTBF Actus (FR)";"FR";"2026-09-30";"La revue de presse : Bardella, budget flamand, affaire Moinil… Aurait-on vraiment les élus qu’on mérite ?";"/article/les-jeunes-et-l-actu-plus-informes-qu-on-ne-le-pense-mais-pas-a-l-abri-de-pieges-11763284"
"RTBF Actus (FR)";"FR";"2026-09-30";"Thierry Lhermitte évoque sa rencontre avec la troupe du Splendid : ""Rien ne m’intéressait, et tout à coup, l’avenir s’ouvre""";"/article/moderation-sur-les-reseaux-sociaux-le-defi-quotidien-de-la-rtbf-11758876"
"RTBF Actus (FR)";"FR";"2026-09-30";"Le Cactus : Gaëtan Delferière réagit aux propos antisémites attribués à Jordan Bardella";"/article/age-conseille-contenus-sensibles-une-nouvelle-signaletique-tele-des-le-1er-juillet-11745979"
"RTBF Actus (FR)";"FR";"2026-09-30";"Pourquoi l’affaire Bardella pourrait-elle inquiéter les marchés financiers ?";"/article/bivouacs-du-journalisme-les-contacts-avec-le-public-sont-extremement-enrichissants-on-retire-le-micro-la-camera-jean-pierre-jacqmin-ancien-directeur-de-l-info-de-la-rtbf-11746010"
"RTBF Actus (FR)";"FR";"2026-09-30";"#Investigation : clopes de contrebande, le double jeu des cigarettiers";"/article/coupe-du-monde-les-matchs-des-diables-rouges-aussi-pour-les-malvoyants-11743270"
"RTBF Actus (FR)";"FR";"2026-09-30";"""MASH"" : pourquoi faut-il revoir le film culte de Robert Altman ?";"/article/concours-la-trois-gagnez-des-places-pour-aller-voir-si-tu-penses-bien-le-nouveau-film-de-geraldine-nakache-11792656"
"RTBF Actus (FR)";"FR";"2026-09-30";"""QR le débat"" : Qui va payer la facture de la Belgique ? Votez et commentez";"/article/gagnez-vos-places-pour-la-deuxieme-symphonie-de-rachmaninov-a-l-oprl-11792275"
"RTBF Actus (FR)";"FR";"2026-09-30";"Martinique : à la recherche des origines d'une identité née du brassage des peuples";"/article/duran-duran-sur-classic-21-interview-exclusive-et-places-a-gagner-pour-leur-concert-a-bruxelles-11792252"
"RTBF Actus (FR)";"FR";"2026-09-30";"Vous considérez que notre reportage est incomplet ? Un droit de réponse est-il possible ?";"/article/rempotez-vos-places-pour-une-rencontre-surprenante-entre-philip-glass-et-la-cornemuse-11792096"
"RTBF Actus (FR)";"FR";"2026-09-30";"Comment la RTBF ancre ses contenus au cœur des régions : proximité, interactions et collaborations";"/article/remportez-vos-acces-pour-aller-voir-essyla-en-concert-11792019"
"RTBF Actus (FR)";"FR";"2026-09-30";"Que fait la RTBF de vos données ? Collecte, algorithmes et protection de la vie privée décryptés";"/article/museum-night-fever-28-musees-bruxellois-passent-en-mode-nocturne-le-17-octobre-11792026"
"RTBF Actus (FR)";"FR";"2026-09-30";"""Enfant illégitime"" : un terme à éviter sur nos antennes";"/article/concours-agenda-cine-gagnez-vos-places-pour-assister-a-l-avant-premiere-du-film-coward-11790642"
"RTBF Actus (FR)";"FR";"2026-09-30";"Les jeunes et l’actu : plus informés qu’on ne le pense mais pas à l’abri de pièges";"/article/concours-agenda-cine-gagnez-vos-places-pour-assister-a-l-avant-premiere-du-film-si-tu-penses-bien-11787114"
"RTBF Actus (FR)";"FR";"2026-09-30";"Modération sur les réseaux sociaux : le défi quotidien de la RTBF";"/article/concours-agenda-cine-gagnez-vos-places-pour-aller-voir-le-film-digger-11787106"
"RTBF Actus (FR)";"FR";"2026-09-30";"Nouvelle signalétique TV : ce qui change ce 1er juillet";"/article/les-diables-face-a-la-turquie-une-claque-magistrale-les-boulettes-de-kompany-et-witsel-un-triple-incroyable-pour-oliveira-11790944"
"RTBF Actus (FR)";"FR";"2026-09-30";"Bivouacs du journalisme : ""Les contacts avec le public sont extrêmement enrichissants"", Jean-Pierre Jacqmin, ancien directeur de l’info de la RTBF";"/article/un-test-sanguin-pour-detecter-la-maladie-d-alzheimer-une-nouvelle-etape-vers-un-meilleur-diagnostic-11792424"
"RTBF Actus (FR)";"FR";"2026-09-30";"Coupe du monde : les matchs des Diables Rouges aussi pour les malvoyants";"/article/un-ovni-a-bien-survole-teheran-dans-la-nuit-du-19-au-20-septembre-11789487"
"RTBF Actus (FR)";"FR";"2026-09-30";"Concours : gagnez des places pour aller voir ""Si tu penses bien"", le nouveau film de Géraldine Nakache grâce à La Trois";"/article/manchester-city-reconnu-coupable-de-graves-infractions-financieres-par-la-premier-league-11792420"
"RTBF Actus (FR)";"FR";"2026-09-30";"Gagnez vos places pour la Deuxième Symphonie de Rachmaninov à l’OPRL !";"/article/ligue-des-nations-lamine-yamal-et-l-espagne-irresistibles-face-a-la-croatie-pocognoli-battu-pour-sa-premiere-a-domicile-11792507"
"RTBF Actus (FR)";"FR";"2026-09-30";"Duran Duran sur Classic 21 : interview exclusive et des places à gagner pour leur concert à Bruxelles";"/article/les-equipes-de-marque-ont-encore-pris-le-dessus-sur-les-equipes-nationales-la-del-toro-ne-roule-plus-comme-mexicain-mais-comme-membre-d-uae-11791815"
"RTBF Actus (FR)";"FR";"2026-09-30";"Remportez vos places pour une rencontre surprenante entre Philip Glass et la cornemuse !";"https://auvio.rtbf.be/media/le-8-9-le-8-9-3522658"
"RTBF Actus (FR)";"FR";"2026-09-30";"Remportez vos accès pour aller voir Essyla en concert";"https://auvio.rtbf.be/media/un-si-grand-soleil-un-si-grand-soleil-3522170"
"RTBF Actus (FR)";"FR";"2026-09-30";"Museum Night Fever : 28 musées bruxellois passent en mode nocturne le 17 octobre";"https://auvio.rtbf.be/media/le-6-8-le-6-8-3522610"
"RTBF Actus (FR)";"FR";"2026-09-30";"Concours Agenda Ciné : Gagnez vos places pour assister à l’avant-première du film ""Coward""";"https://auvio.rtbf.be/media/les-feux-de-l-amour-feux-de-l-amour-s27-3522094"
"RTBF Actus (FR)";"FR";"2026-09-30";"Concours Agenda Ciné : Gagnez vos places pour assister à l’avant-première du film ""Si tu penses bien""";"https://auvio.rtbf.be/media/velvet-le-nouvel-empire-velvet-le-nouvel-empire-3522097"
"RTBF Actus (FR)";"FR";"2026-09-30";"Concours Agenda Ciné : gagnez vos places pour aller voir le film ""Digger""";"https://auvio.rtbf.be/media/sale-quoi-le-racisme-en-heritage-sale-quoi-3521831"
"RTBF Actus (FR)";"FR";"2026-09-30";"Les Diables face à la Turquie : une claque magistrale, les boulettes de Kompany et Witsel, un triplé incroyable pour Oliveira";"https://auvio.rtbf.be/media/coexistence-mon-cul-un-voyage-entre-rire-et-larmes-dans-la-vie-d-une-stand-uppeuse-israelienne-3522072"
"RTBF Actus (FR)";"FR";"2026-09-30";"Un test sanguin pour détecter la maladie d’Alzheimer : une nouvelle étape vers un meilleur diagnostic";"https://auvio.rtbf.be/media/mcdonald-et-dodds-mcdonald-et-dodds-s02-3472123"
"RTBF Actus (FR)";"FR";"2026-09-30";"Un OVNI a bien survolé Téhéran dans la nuit du 19 au 20 septembre";"https://auvio.rtbf.be/media/victoria-victoria-s01-3522053"
"RTBF Actus (FR)";"FR";"2026-09-30";"Manchester City reconnu ""coupable"" de ""graves"" infractions financières par la Premier League";"https://auvio.rtbf.be/media/au-bout-de-l-enquete-au-bout-de-l-enquete-3522044"
"RTBF Actus (FR)";"FR";"2026-09-30";"Ligue des Nations : Lamine Yamal et l’Espagne irrésistibles face à la Croatie, Pocognoli battu pour sa première à domicile";"https://auvio.rtbf.be/media/partenaires-particuliers-un-voyage-pas-comme-les-autres-partenaires-particuliers-un-voyage-pas-comme-les-autres-3522039"
"RTBF Actus (FR)";"FR";"2026-09-30";"Les équipes de marque ont encore pris le dessus sur les équipes nationales : ""Là, Del Toro ne roule plus comme Mexicain, mais comme membre d'UAE""";"https://auvio.rtbf.be/media/meteo-meteo-climat-20h20-3522463"
"France 24 (EN)";"EN";"2026-09-30";"US forces leave Iraq, raising fears of Iran-backed militias amid power vacuum";"https://france24.com/en/middle-east/20260930-us-forces-leave-iraq-raising-fears-of-iran-backed-militias-amid-power-vacuum"
"France 24 (EN)";"EN";"2026-09-30";"Turkey to hand over military base in northern Iraq to Baghdad";"https://france24.com/en/middle-east/20260924-turkey-to-hand-over-military-base-in-northern-iraq-to-baghdad"
"France 24 (EN)";"EN";"2026-09-30";"Iran got Chinese satellite images before deadly strike on US troops, report reveals";"https://france24.com/en/middle-east/20260912-live-saudi-arabia-oil-pipeline-shut-down-after-drone-attack-launched-from-iraq"
"France 24 (EN)";"EN";"2026-09-30";"Live: Several people killed as Russia launches new round of strikes on Kyiv";"https://france24.com/en/europe/20260930-live-several-people-killed-as-russia-launches-new-round-of-strikes-on-kyiv"
"France 24 (EN)";"EN";"2026-09-30";"US Supreme Court lifts restrictions on third-country deportations";"https://france24.com/en/americas/20260929-us-supreme-court-lifts-restrictions-on-third-country-deportations"
"France 24 (EN)";"EN";"2026-09-30";"Israel-bound flight diverted to Saudi Arabia after brawl between pilots";"https://france24.com/en/middle-east/20260930-israel-bound-flight-diverted-to-saudi-arabia-after-brawl-between-pilots"
"France 24 (EN)";"EN";"2026-09-30";"Manchester City guilty of Premier League financial fraud: What comes next?";"https://france24.com/en/sport/20260929-manchester-city-guilty-of-premier-league-financial-fraud-what-comes-next"
"France 24 (EN)";"EN";"2026-09-30";"Trump’s tariffs loom over talks as G20 meets in US";"https://france24.com/en/americas/20260930-g20-meets-in-us-as-trump-s-tariffs-loom-over-talks"
"France 24 (EN)";"EN";"2026-09-30";"AI companies sign voluntary accord on safety with Trump";"https://france24.com/en/technology/20260929-trump-says-ai-companies-sign-voluntary-accord-on-safety-controls"
"France 24 (EN)";"EN";"2026-09-30";"France to borrow record €340 billion as Covid-era debt comes due";"https://france24.com/en/business/20260929-france-intends-to-borrow-record-340-billion-euros-covid-era-debt-comes-due"
"France 24 (EN)";"EN";"2026-09-30";"Was Netanyahu warned of October 7 Hamas attacks?";"https://france24.com/en/video/20260930-was-netanyahu-warned-of-october-7-hamas-attacks"
"France 24 (EN)";"EN";"2026-09-30";"Tom Kim defies jet-lag, Kho cards ace as Asian Games golf begins";"https://france24.com/en/live-news/20260930-tom-kim-defies-jet-lag-kho-cards-ace-as-asian-games-golf-begins"
"France 24 (EN)";"EN";"2026-09-30";"Energy costs spark inflation surges in France, Italy";"https://france24.com/en/live-news/20260930-french-inflation-jumps-to-3-in-september-on-energy-costs"
"France 24 (EN)";"EN";"2026-09-30";"Morocco's king appoints Marrakesh mayor El Mansouri as first woman prime minister";"https://france24.com/en/africa/20260929-morocco-king-appoints-first-woman-prime-minister-el-mansouri-after-parliamentary-vote"
"France 24 (EN)";"EN";"2026-09-30";"Ethiopia's last Jews dream of visa for Israel";"https://france24.com/en/tv-shows/focus/20260930-ethiopia-s-last-jews-dream-of-visa-for-israel"
"France 24 (EN)";"EN";"2026-09-30";"Still the same far right? Le Pen's National Rally denies fresh anti-Semitism claims";"https://france24.com/en/tv-shows/the-debate/20260929-still-the-same-far-right-le-pen-s-national-rally-denies-fresh-antisemitism-claims"
"France 24 (EN)";"EN";"2026-09-30";"Trump says he doesn't want to work with China on AI safety";"https://france24.com/en/tv-shows/business/20260929-trump-says-doesn-t-want-to-work-with-china-on-ai-safety"
"France 24 (EN)";"EN";"2026-09-30";"'Putin's goal is to prolong his power in Russia': Journalist Roman Badanin";"https://france24.com/en/tv-shows/perspective/20260929-putin-s-goal-is-to-prolong-his-power-in-russia-journalist-roman-badanin"
"France 24 (EN)";"EN";"2026-09-30";"Can Parisians really teach us to be happier?";"https://france24.com/en/tv-shows/entre-nous/20260929-can-parisians-really-teach-us-to-be-happier"
"France 24 (EN)";"EN";"2026-09-30";"Journalism and resistance under Taliban rule";"https://france24.com/en/tv-shows/the-51/20260925-journalism-and-resistance-under-taliban-rule"
"France 24 (EN)";"EN";"2026-09-30";"From 'Jungle' to jungles, migrants in Calais continue to dream of UK";"https://france24.com/en/tv-shows/revisited/20260925-from-jungle-to-jungles-migrants-in-calais-continue-to-dream-of-uk"
"France 24 (EN)";"EN";"2026-09-30";"ICE, Trump and Africa: Secret deals, broken lives";"https://france24.com/en/tv-shows/reporters/20260921-ice-trump-and-africa-secret-deals-broken-lives"
"France 24 (EN)";"EN";"2026-09-30";"Video shows Iranian police beating, sexually humiliating teenage detainee";"https://france24.com/en/middle-east/20260929-iran-police-video-teenage-detainee-abuse"
"France 24 (EN)";"EN";"2026-09-30";"Iran says it expects US response Tuesday on plan to reopen Strait of Hormuz";"https://france24.com/en/middle-east/20260929-iran-says-expects-us-response-tuesday-plan-reopen-strait-of-hormuz"
"France 24 (EN)";"EN";"2026-09-30";"Trump expects Iran talks next week after rejecting seven-day truce proposal";"https://france24.com/en/middle-east/20260927-trump-expects-iran-talks-next-week-after-rejecting-seven-day-truce-proposal"
"France 24 (EN)";"EN";"2026-09-30";"Settler raid on West Bank village injures Israeli forces, drawing rare government rebuke";"https://france24.com/en/middle-east/20260929-settler-raid-on-west-bank-village-injures-israeli-forces-drawing-rare-government-rebuke"
"France 24 (EN)";"EN";"2026-09-30";"Mystery over UK airbase scare as police find petrol but no explosives";"https://france24.com/en/europe/20260929-mystery-over-uk-airbase-scare-as-police-find-quantity-of-petrol-but-no-explosives"
"France 24 (EN)";"EN";"2026-09-30";"Heatwaves, wildfires expose a third of world to extreme ozone pollution";"https://france24.com/en/environment/20260930-heatwaves-wildfires-expose-a-third-of-world-to-extreme-ozone-pollution"
"France 24 (EN)";"EN";"2026-09-30";"French police clash with teens blockading schools as unions stage day of protests";"https://france24.com/en/france/20260929-french-police-clash-with-teens-blockading-schools-as-union-stage-day-of-protests"
"France 24 (EN)";"EN";"2026-09-30";"Legion of Honour: Police investigate corruption claims for France’s top award";"https://france24.com/en/france/20260929-legion-of-honour-police-investigate-corruption-claims-for-france-s-top-award"
"France 24 (EN)";"EN";"2026-09-30";"France's Le Pen vows to 'counterattack' after top ally Bardella hit by anti-Semitism claims";"https://france24.com/en/france/20260929-france-s-le-pen-vows-to-counterattack-after-top-ally-bardella-hit-by-anti-semitism-claims"
"France 24 (EN)";"EN";"2026-09-30";"Burnham sets out 'new path' for Britain, vows to seek consensus on ties with EU";"https://france24.com/en/europe/20260929-burnham-sets-out-new-path-for-britain-vows-to-seek-consensus-on-ties-with-eu"
"France 24 (EN)";"EN";"2026-09-30";"Eiffel Tower chief to step down over removal of women staff during Hindu group's visit";"https://france24.com/en/france/20260929-eiffel-tower-chief-to-step-down-over-removal-of-women-staff-during-hindu-group-visit-baps"
"France 24 (EN)";"EN";"2026-09-30";"Hybrid warfare: The threat of Russia looms over the Mediterranean";"https://france24.com/en/europe/20260928-hybrid-warfare-the-threat-of-russia-looms-over-the-mediterranean"
"France 24 (EN)";"EN";"2026-09-30";"Deported to Africa: An international investigation into Trump’s migrant policy";"https://france24.com/en/africa/20260921-deported-to-africa-an-international-investigation-into-trump-s-migrant-policy"
"France 24 (EN)";"EN";"2026-09-30";"‘Russian sleeper cell’: Can Germany’s far-right AfD be barred from sensitive intel?";"https://france24.com/en/europe/20260927-russian-sleeper-cell-can-germany-far-right-afd-be-barred-from-sensitive-intelligence"
"France 24 (EN)";"EN";"2026-09-30";"'Banking on a national brand': Bolsonaro sons Carlos, Jair Renan run for power in Brazil's south";"https://france24.com/en/americas/20260921-bolsonaro-sons-carlos-and-race-for-power-brazil-south"
"France 24 (EN)";"EN";"2026-09-30";"Trump 'surprised' UK granted bail to suspects in alleged airbase terror plot";"https://france24.com/en/europe/20260929-trump-surprised-uk-granted-bail-to-suspects-alleged-airbase-terror-plot"
"France 24 (EN)";"EN";"2026-09-30";"Gunmen kill at least 27 people in separate mass shootings in South Africa";"https://france24.com/en/africa/20260927-gunmen-kill-27-people-in-separate-mass-shootings-in-south-africa"
"France 24 (EN)";"EN";"2026-09-30";"87-year-old Spanish pensioner whose eviction sparked protests to return home";"https://france24.com/en/europe/20260928-evicted-spanish-pensioner-to-return-home-after-housing-protest-deal-spain-madrid"
"France 24 (EN)";"EN";"2026-09-30";"France’s far-right National Rally gains ground in Senate, forms group for first time";"https://france24.com/en/france/20260927-france-s-far-right-gains-ground-in-indirect-senate-elections"
"France 24 (EN)";"EN";"2026-09-30";"Pope Leo ends France visit with plea for Europe to foster dialogue and peace";"https://france24.com/en/france/20260928-live-pope-leo-xiv-arrives-in-metz-for-final-stop-of-france-visit"
"France 24 (EN)";"EN";"2026-09-30";"Poll shows French far-right leader Marine Le Pen widening lead ahead of 2027 presidential vote";"https://france24.com/en/france/20260928-poll-shows-french-far-right-leader-marine-le-pen-widening-lead-ahead-of-2027-presidential-vote"
"France 24 (EN)";"EN";"2026-09-30";"Ethiopia accuses Eritrea, Sudan of backing Tigray rebels amid clashes";"https://france24.com/en/africa/20260927-ethiopia-accuses-eritrea-sudan-backing-tigray-rebels"
"France 24 (EN)";"EN";"2026-09-30";"Residents in West Bank's Masafer Yatta face Israeli demolitions";"https://france24.com/en/tv-shows/the-observers/20260924-residents-west-bank-masafer-yatta-israeli-demolitions"
"France 24 (EN)";"EN";"2026-09-30";"A look back at Tunisia's summer of shortages";"https://france24.com/en/tv-shows/the-observers/20260924-look-back-tunisiassummer-shortages"
"France 24 (EN)";"EN";"2026-09-30";"No, this video doesn't disprove the 9/11 attack on the south tower of the World Trade Center";"https://france24.com/en/americas/20260923-video-no-proof-plane-hit-twin-tower-9-11"
"France 24 (EN)";"EN";"2026-09-30";"The church by the airport: Inside Russia’s suspected spy activities in Sweden";"https://france24.com/en/europe/20250704-the-church-by-the-airport-inside-russia-s-suspected-spy-activities-in-sweden"
"France 24 (EN)";"EN";"2026-09-30";"Searching for radioactive waste in the depths of the Atlantic";"https://france24.com/en/environment/20250607-searching-radioactive-waste-depths-atlantic-france-nuclear"
"France 24 (EN)";"EN";"2026-09-30";"‘Unwavering friendship’: The true story of nine women who escaped a Nazi death march";"https://france24.com/en/europe/20250429-true-story-nine-women-who-escaped-nazi-death-march-ravensbruck"
"France 24 (EN)";"EN";"2026-09-30";"Pope Francis, first Latin American pontiff and champion of the forgotten";"https://france24.com/en/europe/20250421-pope-francis-first-latin-american-pontiff-dies-after-double-pneumonia-battle"
"France 24 (EN)";"EN";"2026-09-30";"Haiti’s independence ransom: Macron offers ‘truth’, Haitians want reparations";"https://france24.com/en/americas/20250417-haiti-independence-ransom-macron-offers-truth-haitians-want-reparations-slavery"
"France 24 (EN)";"EN";"2026-09-30";"Saved from destruction: Paris show offers glimpse of Gaza’s archaeological treasures";"https://france24.com/en/culture/20250403-saved-from-destruction-paris-exhibition-offers-glimpse-of-gaza-archaeological-treasures"
"France 24 (EN)";"EN";"2026-09-30";"A Green pope? Vatican describes environmental destruction as an 'ecological sin'";"https://france24.com/en/tv-shows/down-to-earth/20260928-a-green-pope-vatican-describes-environmental-destruction-as-an-ecological-sin"
"France 24 (EN)";"EN";"2026-09-30";"When climate mitigation becomes politicised: The Guardian uncovers IPCC links to Saudi oil industry";"https://france24.com/en/tv-shows/spotlight/20260923-when-climate-mitigation-becomes-political-the-guardian-uncovers-ipcc-links-to-saudi-oil-industry"
"France 24 (EN)";"EN";"2026-09-30";"French farmers turn to tropical crops amid rising temperatures";"https://france24.com/en/tv-shows/down-to-earth/20260921-french-farmers-turn-to-tropical-crops-amid-rising-temperatures"
"France 24 (EN)";"EN";"2026-09-30";"Interpol reflect on dystopian times on new album 'This Mirror Weighs a Ton'";"https://france24.com/en/tv-shows/arts24/20260929-interpol-reflect-on-dystopian-times-on-new-album-this-mirror-weighs-a-ton"
"France 24 (EN)";"EN";"2026-09-30";"Author Katie Kitamura on why her book 'Audition' is also 'made by the reader'";"https://france24.com/en/tv-shows/perspective/20260928-author-katie-kitamura-on-why-her-book-audition-is-also-made-by-the-reader"
"France 24 (EN)";"EN";"2026-09-30";"Scottish indie darlings The Snuts return to their roots on 'Joy in Short Moments'";"https://france24.com/en/tv-shows/arts24/20260928-scottish-indie-darlings-the-snuts-return-to-their-roots-on-joy-in-short-moments"
"France 24 (EN)";"EN";"2026-09-30";"Taylor Swift becomes most-awarded artist in MTV VMA history with 31 wins";"https://france24.com/en/culture/20260928-taylor-swift-most-awarded-mtv-vmas-31-wins"
"France 24 (EN)";"EN";"2026-09-30";"2027 AFCON qualifiers: First win for Patrick Vieira and Senegal";"https://france24.com/en/tv-shows/sports/20260930-2027-afcon-qualifiers-first-win-for-patrick-vieira-and-senegal"
"France 24 (EN)";"EN";"2026-09-30";"Nations League: Promising France defeat Belgium thanks to Olise";"https://france24.com/en/tv-shows/sports/20260929-nations-league-promising-france-defeat-belgium-thanks-olise"
"France 24 (EN)";"EN";"2026-09-30";"Nations League: Italy rebound in Turkey as France snatch late win in Belgium";"https://france24.com/en/sport/20260928-italy-rebound-in-turkey-as-france-win-late-in-belgium"
"France 24 (EN)";"EN";"2026-09-30";"Rogue AI accessed federal websites, posted user images online, ChatGPT says";"https://france24.com/en/technology/20260926-chatgpt-says-its-rogue-ai-agents-posted-users-images-online-entered-federal-website"
"France 24 (EN)";"EN";"2026-09-30";"It's not malicious, it's indifference: Thousands of books sent to AI woodchipper";"https://france24.com/en/tv-shows/spotlight/20260917-intent-not-malicious-it-s-indifference-thousands-if-not-millions-of-books-sent-to-ai-woodchipper"
"France 24 (EN)";"EN";"2026-09-30";"French far-right leader Bardella denies anti-Semitism accusations";"https://france24.com/en/video/20260929-french-far-right-leader-bardella-denies-anti-semitism-accusations"
"France 24 (EN)";"EN";"2026-09-30";"Ebola a 'terrifying disease': Conflict-ravaged DRC faces overburdened healthcare system";"https://france24.com/en/video/20260929-ebola-a-terrifying-disease-as-drc-faces-decades-of-conflict-and-overburdened-healthcare-system-1"
"France 24 (EN)";"EN";"2026-09-30";"Ian Bremmer: 'We have passed peak Trump in terms of disruption on the global stage'";"https://france24.com/en/tv-shows/spotlight/20260930-ian-bremmer-we-have-passed-peak-trump-in-terms-of-disruption-on-the-global-stage"
"France 24 (EN)";"EN";"2026-09-30";"OpenAI cancels release of new artificial intelligence model over safety concerns";"https://france24.com/en/americas/20260929-openai-cancels-release-new-ai-model-safety-concerns"
"France 24 (EN)";"EN";"2026-09-30";"Thailand floods: At least 8 die, thousands move to shelters";"https://france24.com/en/video/20260928-thailand-floods-at-least-8-die-thousands-move-to-shelters"
"France 24 (EN)";"EN";"2026-09-30";"Bangkok declares flood disaster after massive 48-hour downpour";"https://france24.com/en/asia-pacific/20260926-bangkok-declares-flood-disaster-after-massive-48h-downpour"
"France 24 (EN)";"EN";"2026-09-30";"Transforming Payments in the DRC: A Leap Towards a Digital Future";"https://france24.com/en/sponsored-content/20250923-transforming-payments-in-the-drc-a-leap-towards-a-digital-future"
"France 24 (EN)";"EN";"2026-09-30";"Africa's $88 billion solutions: How ATAF fights illicit financial flows";"https://france24.com/en/sponsored-content/20250108-africa-s-88-billion-solutions-how-ataf-fights-illicit-financial-flows"
"France 24 (EN)";"EN";"2026-09-30";"Burundi: innovative solutions to fight stunting in children";"https://france24.com/en/sponsored-content/20240122-burundi-innovative-solutions-to-fight-stunting-in-children"
"France 24 (EN)";"EN";"2026-09-30";"Child malnutrition in Burundi: concrete actions to help children";"https://france24.com/en/sponsored-content/20231215-child-malnutrition-in-burundi-concrete-actions-to-help-children"
"France 24 (EN)";"EN";"2026-09-30";"Interview of Anthony Ginter, President & CEO - WEO";"https://france24.com/en/sponsored-content/20230911-interview-of-anthony-ginter-president-ceo-weo"
"France 24 (EN)";"EN";"2026-09-30";"2026";"https://france24.com/en/archives/2026/01/"
"France 24 (EN)";"EN";"2026-09-30";"2025";"https://france24.com/en/archives/2025/01/"
"France 24 (EN)";"EN";"2026-09-30";"2024";"https://france24.com/en/archives/2024/01/"
"France 24 (EN)";"EN";"2026-09-30";"2023";"https://france24.com/en/archives/2023/01/"
"France 24 (EN)";"EN";"2026-09-30";"2022";"https://france24.com/en/archives/2022/01/"
"France 24 (EN)";"EN";"2026-09-30";"2021";"https://france24.com/en/archives/2021/01/"
"France 24 (EN)";"EN";"2026-09-30";"2020";"https://france24.com/en/archives/2020/01/"
"Le Monde (FR)";"FR";"2026-09-30";"Le Monde’s app";"https://www.lemonde.fr/en/about-us/article/2023/09/06/le-monde-in-english-now-available-on-our-mobile-app_6125308_115.html"
"Le Monde (FR)";"FR";"2026-09-30";"France faces historic purchasing power crisis: Since 2024, families have lost €1,200/year on average";"https://www.lemonde.fr/en/economy/article/2026/09/30/france-faces-historic-purchasing-power-crisis-since-2024-families-have-lost-1-200-year-on-average_6758101_19.html"
"Le Monde (FR)";"FR";"2026-09-30";"French inflation jumps to 3% in September";"https://www.lemonde.fr/en/economy/article/2026/09/30/french-inflation-on-energy-costs-jumps-to-3-in-september_6758102_19.html"
"Le Monde (FR)";"FR";"2026-09-30";"French civil servants take to the streets ahead of key budget meeting";"https://www.lemonde.fr/en/france/article/2026/09/30/french-civil-servants-take-to-the-streets-ahead-of-key-budget-meeting_6758100_7.html"
"Le Monde (FR)";"FR";"2026-09-30";"France to end 'one in, one out' immigration agreement with the United Kingdom";"https://www.lemonde.fr/en/international/article/2026/09/30/france-to-end-one-in-one-out-immigration-agreement-with-the-united-kingdom_6758094_4.html"
"Le Monde (FR)";"FR";"2026-09-30";"One in Russia, the other in Ukraine: The Moreau brothers, divided by war";"https://www.lemonde.fr/en/international/article/2026/09/30/one-in-russia-the-other-in-ukraine-the-moreau-brothers-divided-by-war_6758090_4.html"
"Le Monde (FR)";"FR";"2026-09-30";"CMA CGM backs down on promise to register 40 ships under the French flag amid threat of windfall tax on profits";"https://www.lemonde.fr/en/economy/article/2026/09/30/cma-cgm-backs-down-on-promise-to-register-40-ships-under-the-french-flag-amid-threat-of-windfall-tax-on-profits_6758092_19.html"
"Le Monde (FR)";"FR";"2026-09-30";"Morocco appoints its first woman prime minister, Fatima Ezzahra El Mansouri";"https://www.lemonde.fr/en/international/article/2026/09/29/morocco-appoints-its-first-woman-prime-minister-fatima-ezzahra-el-mansouri_6758088_4.html"
"Le Monde (FR)";"FR";"2026-09-30";"In 'A Man of His Time,' Swann Arlaud plays a zealous minor civil servant under the Vichy regime";"https://www.lemonde.fr/en/culture/article/2026/09/30/in-a-man-of-his-time-swann-arlaud-plays-a-zealous-minor-civil-servant-under-the-vichy-regime_6758095_30.html"
"Le Monde (FR)";"FR";"2026-09-30";"Column   Eric Albert Subscribers only'France's debt and economy are clearly taking on Italian characteristics'  What threatens France is not so much the risk of bankruptcy as the prospect of a slow decline similar to Italy's trajectory since the 1980s, writes Le Monde journalist Eric Albert in his column.    2 min read";"https://www.lemonde.fr/en/opinion/article/2026/09/30/france-s-debt-and-economy-are-clearly-taking-on-italian-characteristics_6758097_23.html"
"Le Monde (FR)";"FR";"2026-09-30";"Le Pen defiant after report that ally Bardella wrote antisemitic messages";"https://www.lemonde.fr/en/france/article/2026/09/29/bardella-says-that-antisemitic-accusations-against-him-are-attempt-to-destabilize-presidential-campaign_6758070_7.html"
"Le Monde (FR)";"FR";"2026-09-30";"French teens clash with police as high school protests intensify";"https://www.lemonde.fr/en/france/article/2026/09/29/french-teens-clash-with-police-as-high-school-protests-intensify_6758069_7.html"
"Le Monde (FR)";"FR";"2026-09-30";"French presidential election: Edouard Philippe takes risks to dispel doubts";"https://www.lemonde.fr/en/politics/article/2026/09/30/french-presidential-election-edouard-philippe-takes-risks-to-dispel-doubts_6758093_5.html"
"Le Monde (FR)";"FR";"2026-09-30";"US-led coalition against IS ends mission in Iraq";"https://www.lemonde.fr/en/international/article/2026/09/30/us-led-coalition-ends-mission-in-iraq_6758091_4.html"
"Le Monde (FR)";"FR";"2026-09-30";"Trump hails 'morally binding' AI self-regulation pledge after tech boss lunch";"https://www.lemonde.fr/en/pixels/article/2026/09/29/trump-touts-self-regulation-at-ai-bosses-lunch_6758086_13.html"
"Le Monde (FR)";"FR";"2026-09-30";"Pope Leo XIV clarifies reported description of sexual  abuse in Church as 'systemic'";"https://www.lemonde.fr/en/france/article/2026/09/29/pope-leo-xiv-clarifies-reported-description-of-sexual-abuse-in-church-as-systemic_6758063_7.html"
"Le Monde (FR)";"FR";"2026-09-30";"Pesticides: Scientific community warns of 'dangerous step backward' in European laws";"https://www.lemonde.fr/en/environment/article/2026/09/29/pesticides-scientific-community-warns-of-dangerous-step-backward-in-european-laws_6758058_114.html"
"Le Monde (FR)";"FR";"2026-09-30";"US Supreme Court lifts limits on third-country deportations";"https://www.lemonde.fr/en/international/article/2026/09/29/us-supreme-court-lifts-limits-on-third-country-deportations_6758087_4.html"
"Le Monde (FR)";"FR";"2026-09-30";"Iranians increasingly isolated after US sanctions on country's airlines";"https://www.lemonde.fr/en/international/article/2026/09/29/iranians-increasingly-isolated-after-us-sanctions-on-the-country-s-airlines_6758057_4.html"
"Le Monde (FR)";"FR";"2026-09-30";"The story of Paris's 'cursed' island";"https://www.lemonde.fr/en/m-le-mag/article/2026/09/27/from-renault-factories-to-contemporary-art-center-the-story-of-paris-s-cursed-seguin-island_6758012_117.html"
"Le Monde (FR)";"FR";"2026-09-30";"Column   Solenn de Royer Subscribers onlyFrench presidential election: 'Like a mirror, the pope reveals a number of our failings'  While standing by the Catholic Church's traditional positions, Leo XIV invited people to bring the French republican motto to life. His calm and composed rhetoric resonated powerfully in a polarized country ahead of a major election, writes Le Monde's Solenn de Royer in her column.    4 min read";"https://www.lemonde.fr/en/politics/article/2026/09/29/french-presidential-election-like-a-mirror-the-pope-reveals-a-number-of-our-failings_6758085_5.html"
"Le Monde (FR)";"FR";"2026-09-30";"In Depth   Robin Richardot Subscribers onlyAre protest movements a boon for the French left?  France's left-wing parties are hesitating on how to best engage with protests, aiming to drive social debate without appearing opportunistic.    3 min read";"https://www.lemonde.fr/en/politics/article/2026/09/29/are-protest-movements-a-boon-for-the-french-left_6758075_5.html"
"Le Monde (FR)";"FR";"2026-09-30";"Investigation   Luc Bronner Subscribers only'Factory of targets' and 'collateral damage': Israeli soldiers describe Gaza methods  Israeli officers spoke to Le Monde, in collaboration with the NGO Breaking The Silence, about the military's rules of engagement in Gaza, the acknowledged number of civilian casualties caused by its operations, and the extensive use of artificial intelligence.    11 min read";"https://www.lemonde.fr/en/international/article/2026/09/29/factory-of-targets-and-collateral-damage-israeli-soldiers-describe-gaza-methods_6758083_4.html"
"Le Monde (FR)";"FR";"2026-09-30";"Editorial Leo XIV the European stands against identity-based isolationism   Le Monde";"https://www.lemonde.fr/en/opinion/article/2026/09/29/leo-xiv-the-european-stands-against-identity-based-isolationism_6758068_23.html"
"Le Monde (FR)";"FR";"2026-09-30";"Op-Ed SubscribeLeïla Slimani: 'What can kill literature is not robots, but our lack of humanity'      Leïla Slimani Writer";"https://www.lemonde.fr/en/opinion/article/2026/09/29/leila-slimani-writer-what-can-kill-literature-is-not-robots-but-our-lack-of-humanity_6758059_23.html"
"Le Monde (FR)";"FR";"2026-09-30";"Editorial SubscribeWashington and Moscow are responsible for the energy crisis   Le Monde";"https://www.lemonde.fr/en/opinion/article/2026/09/25/washington-and-moscow-are-responsible-for-the-energy-crisis_6757939_23.html"
"Le Monde (FR)";"FR";"2026-09-30";"Eiffel Tower director steps down after uproar over removing women staff for Hindu group's visit";"https://www.lemonde.fr/en/france/article/2026/09/29/paris-eiffel-tower-chief-to-step-down-after-uproar-over-removing-women-staff_6758076_7.html"
"Le Monde (FR)";"FR";"2026-09-30";"High school protests spread across France, pitting radical left against government";"https://www.lemonde.fr/en/france/article/2026/09/29/high-school-protests-spread-across-france-pitting-radical-left-against-government_6758067_7.html"
"Le Monde (FR)";"FR";"2026-09-30";"French public debt soars to 119% of GDP, highest level since 1946";"https://www.lemonde.fr/en/politics/article/2026/09/29/french-public-debt-soars-to-119-of-gdp-highest-level-since-1946_6758066_5.html"
"Le Monde (FR)";"FR";"2026-09-30";"'Factory of targets' and 'collateral damage': Israeli soldiers describe Gaza methods";"https://www.lemonde.fr/en/international/article/2026/09/29/factory-of-targets-and-collateral-damage-israeli-soldiers-describe-gaza-methods_6758083_4.html"
"Le Monde (FR)";"FR";"2026-09-30";"UK judge refuses bail for far-right activist charged with slashing migrant dinghy";"https://www.lemonde.fr/en/international/article/2026/09/29/uk-judge-refuses-bail-for-far-right-activist-charged-with-slashing-migrant-dinghy_6758081_4.html"
"Le Monde (FR)";"FR";"2026-09-30";"Charte du Groupe";"https://www.lemonde.fr/actualite-medias/article/2010/11/03/la-charte-d-ethique-et-de-deontologie-du-groupe-le-monde_1434737_3236.html"
"Le Monde (FR)";"FR";"2026-09-30";"Group Policy";"https://www.lemonde.fr/en/about-us/article/2022/04/06/groupe-le-monde-s-code-of-ethics-and-professional-conduct_5979823_115.html"
"Le Monde (FR)";"FR";"2026-09-30";"RSS feed";"https://www.lemonde.fr/en/about-us/article/2026/03/27/le-monde-rss-feeds_6751860_115.html"
"RFI Afrique (FR)";"FR";"2026-09-30";"2026";"https://www.rfi.fr/fr/archives/2026/01/"
"RFI Afrique (FR)";"FR";"2026-09-30";"2025";"https://www.rfi.fr/fr/archives/2025/01/"
"RFI Afrique (FR)";"FR";"2026-09-30";"2024";"https://www.rfi.fr/fr/archives/2024/01/"
"RFI Afrique (FR)";"FR";"2026-09-30";"2023";"https://www.rfi.fr/fr/archives/2023/01/"
"RFI Afrique (FR)";"FR";"2026-09-30";"2022";"https://www.rfi.fr/fr/archives/2022/01/"
"RFI Afrique (FR)";"FR";"2026-09-30";"2021";"https://www.rfi.fr/fr/archives/2021/01/"
"RFI Afrique (FR)";"FR";"2026-09-30";"2020";"https://www.rfi.fr/fr/archives/2020/01/"
"RTL (FR)";"FR";"2026-09-30";"Politique";"https://rtl.fr/actu/politique"
"RTL (FR)";"FR";"2026-09-30";"International";"https://rtl.fr/actu/international"
"RTL (FR)";"FR";"2026-09-30";"Justice et faits divers";"https://rtl.fr/actu/justice-faits-divers"
"RTL (FR)";"FR";"2026-09-30";"Conso";"https://rtl.fr/actu/economie-consommation"
"RTL (FR)";"FR";"2026-09-30";"Food";"https://rtl.fr/actu/food"
"RTL (FR)";"FR";"2026-09-30";"Santé";"https://rtl.fr/actu/bien-etre"
"RTL (FR)";"FR";"2026-09-30";"Société";"https://rtl.fr/actu/debats-societe"
"RTL (FR)";"FR";"2026-09-30";"Tech";"https://rtl.fr/actu/sciences-tech"
"RTL (FR)";"FR";"2026-09-30";"Arts Spectacles";"https://rtl.fr/culture/arts-spectacles"
"RTL (FR)";"FR";"2026-09-30";"Ciné Séries";"https://rtl.fr/culture/cine-series"
"RTL (FR)";"FR";"2026-09-30";"Médias et people";"https://rtl.fr/culture/medias-people"
"RTL (FR)";"FR";"2026-09-30";"Musique";"https://rtl.fr/culture/musique"
"RTL (FR)";"FR";"2026-09-30";"Culture Générale";"https://rtl.fr/culture/culture-generale"
"RTL (FR)";"FR";"2026-09-30";"Humour";"https://rtl.fr/culture/humour"
"RTL (FR)";"FR";"2026-09-30";"Histoire";"https://rtl.fr/culture/histoire"
"RTL (FR)";"FR";"2026-09-30";"Football";"https://rtl.fr/sport/football"
"RTL (FR)";"FR";"2026-09-30";"Autres sports";"https://rtl.fr/sport/autres-sports"
"France Inter (FR)";"FR";"2026-09-30";"""Ou Mediapart manipule l'opinion publique ou Mediapart se fait enfumer""";"https://radiofrance.fr/franceinter/podcasts/l-invite-de-7h50/l-invite-de-7h50-du-mercredi-30-septembre-2026-7368111"
"France Inter (FR)";"FR";"2026-09-30";"Aux origines des blocus lycéens à Créteil, ""une réaction spontanée pour se faire entendre""";"https://radiofrance.fr/franceinter/podcasts/le-grand-reportage-de-france-inter/le-grand-reportage-du-mercredi-30-septembre-2026-3748999"
"France Inter (FR)";"FR";"2026-09-30";"""Ou Mediapart manipule l'opinion publique ou Mediapart se fait enfumer"", réagit le député RN Sébastien Chenu";"https://radiofrance.fr/franceinter/podcasts/l-invite-de-7h50/l-invite-de-7h50-du-mercredi-30-septembre-2026-7368111"
"France Inter (FR)";"FR";"2026-09-30";"L'Invité de 7h50";"https://radiofrance.fr/franceinter/podcasts/l-invite-de-7h50"
"France Inter (FR)";"FR";"2026-09-30";"Propos antisémites attribués à Jordan Bardella : l'influence d'Alain Soral sur le Rassemblement national en question";"https://radiofrance.fr/franceinter/podcasts/l-info-de-france-inter/propos-antisemites-attribues-a-jordan-bardella-l-influence-d-alain-soral-sur-le-rn-en-question-2013952"
"France Inter (FR)";"FR";"2026-09-30";"Jane Fonda : ""Aujourd'hui, nous affrontons deux crises existentielles, la crise de la démocratie et la crise du climat""";"https://radiofrance.fr/franceinter/podcasts/le-grand-portrait/le-grand-portrait-du-mardi-29-septembre-2026-8766567"
"France Inter (FR)";"FR";"2026-09-30";"""Gibraltar"" l’album d’Abd al Malik fête ses vingt ans";"https://radiofrance.fr/franceinter/podcasts/musicaline/musicaline-du-mercredi-30-septembre-2026-6212065"
"France Inter (FR)";"FR";"2026-09-30";"Au fait, pourquoi les IA écrivent comme ça ?";"https://radiofrance.fr/franceinter/podcasts/nos-vies-numeriques/nos-vies-numeriques-du-mardi-29-septembre-2026-6481379"
"France Inter (FR)";"FR";"2026-09-30";"""Quand on essaie de parler de nos droits, ça nous gaze"" : des lycéens mobilisés dénoncent des violences policières";"https://radiofrance.fr/franceinter/podcasts/l-info-de-france-inter/l-info-de-france-inter-1955971"
"France Inter (FR)";"FR";"2026-09-30";"La Poste : l'avenir de centaines de bureaux en pointillé";"https://radiofrance.fr/franceinter/podcasts/l-info-de-france-inter/la-poste-l-avenir-de-centaines-de-bureaux-en-pointille-7134040"
"France Inter (FR)";"FR";"2026-09-30";"Nettement moins cher que le diesel, l'Indonésie mise sur le carburant à base d'huile de palme";"https://radiofrance.fr/franceinter/podcasts/l-info-de-france-inter/l-info-de-france-inter-2364822"
"France Inter (FR)";"FR";"2026-09-30";"Désarmer la haine : dans les coulisses d'un programme de déradicalisation";"https://radiofrance.fr/franceinter/podcasts/interception/interception-le-reportage-du-dimanche-27-septembre-2026-8652989"
"France Inter (FR)";"FR";"2026-09-30";"Les prises de position politiques, terrains glissants pour les sportifs";"https://radiofrance.fr/franceinter/podcasts/l-edito-sport/la-chronique-de-nathalie-iannetta-du-vendredi-25-septembre-2026-7260477"
"France Inter (FR)";"FR";"2026-09-30";"Le Grand reportage de France Inter";"https://radiofrance.fr/franceinter/podcasts/le-zoom-de-la-redaction"
"France Inter (FR)";"FR";"2026-09-30";"""On tient deux jours avec le château d'eau rempli au max"", en septembre la sécheresse atteint un niveau record";"https://radiofrance.fr/franceinter/podcasts/l-info-de-france-inter/en-septembre-la-secheresse-atteint-un-niveau-record-6927868"
"France Inter (FR)";"FR";"2026-09-30";"L'info de France Inter";"https://radiofrance.fr/franceinter/podcasts/les-documents-france-inter"
"France Inter (FR)";"FR";"2026-09-30";"Mathieu Plane sur la dette publique : ""On ne sait pas où ça va, où est-ce qu'on va limiter cette augmentation""";"https://radiofrance.fr/franceinter/podcasts/l-invite-du-13-14/l-invite-du-13-14-du-mardi-29-septembre-2026-9769733"
"France Inter (FR)";"FR";"2026-09-30";"L'invité du 13/14";"https://radiofrance.fr/franceinter/podcasts/l-invite-du-13h00"
"France Inter (FR)";"FR";"2026-09-30";"La sécheresse record, épisode cévenol, usines Stellantis à l'arrêt : Le journal de 08h00 du mercredi 30 septembre 2026";"https://radiofrance.fr/franceinter/podcasts/le-journal-de-8h/le-journal-de-08h00-du-mercredi-30-septembre-2026-1283487"
"France Inter (FR)";"FR";"2026-09-30";"Le journal de 8h";"https://radiofrance.fr/franceinter/podcasts/le-journal-de-8h"
"France Inter (FR)";"FR";"2026-09-30";"""La Maison des os et de la pluie"", de Gabino Iglesias, une sombre histoire de vengeance à Porto Rico";"https://radiofrance.fr/franceinter/podcasts/le-polar-sonne-toujours-2-fois/le-polar-sonne-toujours-2-fois-du-jeudi-17-septembre-2026-2291630"
"France Inter (FR)";"FR";"2026-09-30";"Lilia Hassaine";"https://radiofrance.fr/franceinter/podcasts/rien-ne-s-oppose-a-la-nuit/rien-ne-s-oppose-a-la-nuit-du-lundi-31-aout-2026-3444181"
"France Inter (FR)";"FR";"2026-09-30";"Yannick Haenel : ""La rupture, c'est le début de la vocation""";"https://radiofrance.fr/franceinter/podcasts/le-grand-portrait/le-grand-portrait-du-lundi-07-septembre-2026-9287050"
"France Inter (FR)";"FR";"2026-09-30";"""C'était ça ou mourir"" de Thelyson Orélien, exil et résilience";"https://radiofrance.fr/franceinter/podcasts/le-grand-portrait/le-grand-portrait-du-jeudi-03-septembre-2026-5280607"
"France Inter (FR)";"FR";"2026-09-30";"""Une éclaircie"" de Jean-Baptiste Del Amo : comment son corps a changé son regard sur le monde";"https://radiofrance.fr/franceinter/podcasts/l-invite-de-7h50-du-week-end/l-invite-de-7h50-du-we-du-dimanche-30-aout-2026-2767136"
"France Inter (FR)";"FR";"2026-09-30";"Jean-Philippe Toussaint publie ""La Hantise""";"https://radiofrance.fr/franceinter/podcasts/le-grand-atelier/le-grand-atelier-du-dimanche-30-aout-2026-1560875"
"France Inter (FR)";"FR";"2026-09-30";"Adèle Haenel pour son livre ""Viser juste"" : des mots pour penser le réel";"https://radiofrance.fr/franceinter/podcasts/totemic/totemic-du-vendredi-28-aout-2026-9167302"
"France Inter (FR)";"FR";"2026-09-30";"""À voix haute"" : l'enquête familiale de Polina Panassenko à l'époque de la Russie stalinienne a séduit Le Masque";"https://radiofrance.fr/franceinter/podcasts/le-masque-et-la-plume/a-voix-haute-de-polina-panassenko-2511870"
"France Inter (FR)";"FR";"2026-09-30";"""Ce qui nous frôle sous la surface"" de Colum McCann : le Masque a eu du mal à retenir sa respiration";"https://radiofrance.fr/franceinter/podcasts/le-masque-et-la-plume/ce-qui-nous-frole-sous-la-surface-de-colum-mccann-8357623"
"France Inter (FR)";"FR";"2026-09-30";"""Des moyens sinon ça sert à rien !"", les fonctionnaires ont manifesté dans toute la France";"https://radiofrance.fr/franceinter/podcasts/l-info-de-france-inter/des-moyens-sinon-ca-sert-a-rien-les-fonctionnaires-ont-manifeste-dans-toute-la-france-3238069"
"France Inter (FR)";"FR";"2026-09-30";"Salaires des fonctionnaires : la vérité si je mens";"https://radiofrance.fr/franceinter/podcasts/l-edito-eco/l-edito-eco-du-mardi-29-septembre-2026-2581680"
"France Inter (FR)";"FR";"2026-09-30";"L'Édito éco";"https://radiofrance.fr/franceinter/podcasts/l-edito-eco"
"France Inter (FR)";"FR";"2026-09-30";"""On n'y arrive plus"" : les fonctionnaires dans la rue pour dénoncer le gel du point d'indice et les bas salaires";"https://radiofrance.fr/franceinter/podcasts/l-info-de-france-inter/les-fonctionnaires-dans-la-rue-pour-denoncer-le-gel-du-point-d-indice-et-les-bas-salaires-1231997"
"France Inter (FR)";"FR";"2026-09-30";"Recto-Verso";"https://radiofrance.fr/franceinter/podcasts/recto-verso"
"France Inter (FR)";"FR";"2026-09-30";"Le 6/9";"https://radiofrance.fr/franceinter/podcasts/le-6-9"
"France Inter (FR)";"FR";"2026-09-30";"Franc-jeu";"https://radiofrance.fr/franceinter/podcasts/franc-jeu"
"France Inter (FR)";"FR";"2026-09-30";"Franche culture";"https://radiofrance.fr/franceinter/podcasts/franche-culture"
"France Inter (FR)";"FR";"2026-09-30";"Les ailes de géant";"https://radiofrance.fr/franceinter/podcasts/les-ailes-de-geant"
"France Inter (FR)";"FR";"2026-09-30";"Le 18/20";"https://radiofrance.fr/franceinter/podcasts/le-18-20"
"France Inter (FR)";"FR";"2026-09-30";"C'est loin mais c'est beau";"https://radiofrance.fr/franceinter/podcasts/c-est-loin-mais-c-est-beau"
"France Inter (FR)";"FR";"2026-09-30";"Le Billet de Thomas Poitevin";"https://radiofrance.fr/franceinter/podcasts/vero-la-gestionnaire-de-communautes"
"France Inter (FR)";"FR";"2026-09-30";"Rien ne s'oppose à la nuit";"https://radiofrance.fr/franceinter/podcasts/rien-ne-s-oppose-a-la-nuit"
"France Inter (FR)";"FR";"2026-09-30";"La chronique de Samuel Jensky";"https://radiofrance.fr/franceinter/podcasts/la-chronique-de-samuel-jensky"
"France Inter (FR)";"FR";"2026-09-30";"La chronique de Camille Tissot";"https://radiofrance.fr/franceinter/podcasts/la-chronique-de-camille-tissot"
"France Inter (FR)";"FR";"2026-09-30";"Nos vies numériques";"https://radiofrance.fr/franceinter/podcasts/nos-vies-numeriques"
"France Inter (FR)";"FR";"2026-09-30";"La Revue de presse";"https://radiofrance.fr/franceinter/podcasts/la-revue-de-presse"
"France Inter (FR)";"FR";"2026-09-30";"Tout va trop vite";"https://radiofrance.fr/franceinter/podcasts/les-histoires-du-monde"
"France Inter (FR)";"FR";"2026-09-30";"Le Billet de Jessé";"https://radiofrance.fr/franceinter/podcasts/la-chronique-de-jesse"
"France Inter (FR)";"FR";"2026-09-30";"L'édito de Dov Alfon";"https://radiofrance.fr/franceinter/podcasts/dov-alfon-en-toute-subjectivite"
"France Inter (FR)";"FR";"2026-09-30";"Soft planète";"https://radiofrance.fr/franceinter/podcasts/soft-planete"
"France Inter (FR)";"FR";"2026-09-30";"Un jeudi soir sur la terre";"https://radiofrance.fr/franceinter/podcasts/un-jeudi-soir-sur-la-terre"
"France Inter (FR)";"FR";"2026-09-30";"Le petit carnet de campagne";"https://radiofrance.fr/franceinter/podcasts/petits-carnets-de-campagne"
"France Inter (FR)";"FR";"2026-09-30";"Chez la belle-famille";"https://radiofrance.fr/franceinter/podcasts/chez-la-belle-famille"
"France Inter (FR)";"FR";"2026-09-30";"Le jeune homme qui défiait le Kremlin";"https://radiofrance.fr/franceinter/podcasts/serie-le-jeune-homme-qui-defiait-le-kremlin"
"France Inter (FR)";"FR";"2026-09-30";"Comment la mode raconte notre histoire ?";"https://radiofrance.fr/franceinter/podcasts/serie-comment-la-mode-raconte-notre-histoire"
"France Inter (FR)";"FR";"2026-09-30";"Charline au Havre";"https://radiofrance.fr/franceinter/podcasts/serie-charline-au-havre"
"France Inter (FR)";"FR";"2026-09-30";"La forêt française a-t-elle une histoire ?";"https://radiofrance.fr/franceinter/podcasts/serie-la-foret-francaise-a-t-elle-une-histoire"
"France Inter (FR)";"FR";"2026-09-30";"Reines et Rois";"https://radiofrance.fr/franceinter/podcasts/reines-et-rois"
"France Inter (FR)";"FR";"2026-09-30";"Le Masque et la Nouvelle Vague";"https://radiofrance.fr/franceinter/podcasts/serie-le-masque-et-la-nouvelle-vague"
"France Inter (FR)";"FR";"2026-09-30";"Touchant, lumineux, trop sage : que vaut vraiment ""Garance"" de Jeanne Herry selon Le Masque ?";"https://radiofrance.fr/franceinter/podcasts/le-masque-et-la-plume/garance-de-jeanne-herry-7602621"
"France Inter (FR)";"FR";"2026-09-30";"Le Masque et la Plume";"https://radiofrance.fr/franceinter/podcasts/le-masque-et-la-plume"
"France Inter (FR)";"FR";"2026-09-30";"Guerre civile en Birmanie : le récit de l'après-Aung San Suu Kyi";"https://radiofrance.fr/franceinter/podcasts/l-info-de-france-inter/guerre-civile-en-birmanie-le-recit-de-l-apres-aung-san-suu-kyi-4840303"
"France Inter (FR)";"FR";"2026-09-30";"Iyad Ag Ghali, le djihadiste qui défie le Mali";"https://radiofrance.fr/franceinter/podcasts/l-info-de-france-inter/iyad-ag-ghali-le-djihadiste-qui-defile-le-mali-4200074"
"France Inter (FR)";"FR";"2026-09-30";"Poutine, le tsar soviétique";"https://radiofrance.fr/franceinter/podcasts/serie-poutine-le-tsar-sovietique"
"France Inter (FR)";"FR";"2026-09-30";"Alfred Dreyfus, le combat de la République";"https://radiofrance.fr/franceinter/podcasts/serie-alfred-dreyfus-le-combat-de-la-republique"
"France Inter (FR)";"FR";"2026-09-30";"Simone de Beauvoir, itinéraire d'une jeune fille rangée";"https://radiofrance.fr/franceinter/podcasts/serie-simone-de-beauvoir-itineraire-d-une-jeune-fille-rangee"
"France Inter (FR)";"FR";"2026-09-30";"Sigmaringen, le crépuscule des bourreaux";"https://radiofrance.fr/franceinter/podcasts/serie-le-crepuscule-des-bourreaux"
"France Inter (FR)";"FR";"2026-09-30";"Mafia - Meurtres et trahisons : histoires de familles";"https://radiofrance.fr/franceinter/podcasts/serie-mafia-meurtres-et-trahisons-histoires-de-familles"
"France Inter (FR)";"FR";"2026-09-30";"Musique !";"https://radiofrance.fr/franceinter/podcasts/serie-musique"
"France Inter (FR)";"FR";"2026-09-30";"Cache-cache";"https://radiofrance.fr/franceinter/podcasts/serie-cache-cache"
"France Inter (FR)";"FR";"2026-09-30";"C'est la rentrée des P'tits Bateaux";"https://radiofrance.fr/franceinter/podcasts/serie-c-est-la-rentree-des-p-tits-bateaux"
"France Inter (FR)";"FR";"2026-09-30";"Tina et les boucliers de Mars";"https://radiofrance.fr/franceinter/podcasts/serie-tina-et-les-boucliers-de-mars"
"France Inter (FR)";"FR";"2026-09-30";"Les aventures du professeur Caillou";"https://radiofrance.fr/franceinter/podcasts/les-aventures-du-professeur-caillou"
"France Inter (FR)";"FR";"2026-09-30";"Bestioles, nouveaux épisodes !";"https://radiofrance.fr/franceinter/podcasts/bestioles"
"France Inter (FR)";"FR";"2026-09-30";"Une histoire et... Oli, nouveaux épisodes !";"https://radiofrance.fr/franceinter/podcasts/une-histoire-et-oli"
"France Inter (FR)";"FR";"2026-09-30";"Les Odyssées, nouveaux épisodes !";"https://radiofrance.fr/franceinter/podcasts/les-odyssees"
"France Inter (FR)";"FR";"2026-09-30";"Mini vulgaire : les véhicules";"https://radiofrance.fr/franceinter/podcasts/serie-mini-vulgaire-les-vehicules"
"France Inter (FR)";"FR";"2026-09-30";"Chuchote-moi une histoire";"https://radiofrance.fr/franceinter/podcasts/chuchote-moi-une-histoire"
"France Inter (FR)";"FR";"2026-09-30";"L'invité : le journaliste Adrien Durand";"https://radiofrance.fr/franceinter/podcasts/affaires-sensibles/affaires-sensibles-l-invite-du-mardi-29-septembre-2026-5614106"
"France Inter (FR)";"FR";"2026-09-30";"Affaires sensibles";"https://radiofrance.fr/franceinter/podcasts/affaires-sensibles"
"France Inter (FR)";"FR";"2026-09-30";"L'histoire d'un roman sulfureux : American Psycho, de Bret Easton Ellis - le récit";"https://radiofrance.fr/franceinter/podcasts/affaires-sensibles/affaires-sensibles-le-recit-du-mardi-29-septembre-2026-3448082"
"France Inter (FR)";"FR";"2026-09-30";"L’histoire d’un livre choc devenu culte : American psycho - l'Intégrale";"https://radiofrance.fr/franceinter/podcasts/affaires-sensibles/affaires-sensibles-du-mardi-29-septembre-2026-2769949"
"France Inter (FR)";"FR";"2026-09-30";"L'invitée : Lior Lalieu, responsable de la photothèque du Mémorial de la Shoah";"https://radiofrance.fr/franceinter/podcasts/affaires-sensibles/affaires-sensibles-l-invite-du-lundi-28-septembre-2026-8846343"
"France Inter (FR)";"FR";"2026-09-30";"Bestioles";"https://radiofrance.fr/franceinter/podcasts/bestioles"
"France Inter (FR)";"FR";"2026-09-30";"Les concerts d'Inter";"https://radiofrance.fr/franceinter/podcasts/les-concerts-d-inter"
"France Inter (FR)";"FR";"2026-09-30";"Révélations";"https://radiofrance.fr/franceinter/podcasts/revelations"
"France Inter (FR)";"FR";"2026-09-30";"Afghanistan, le tourisme sans les femmes";"https://radiofrance.fr/franceinter/podcasts/interception/interception-du-dimanche-08-mars-2026-4136320"
"France Inter (FR)";"FR";"2026-09-30";"Taylor Swift, le monde, ma fille et moi";"https://radiofrance.fr/franceinter/podcasts/taylor-swift-le-monde-ma-fille-et-moi"
"France Inter (FR)";"FR";"2026-09-30";"Les déportés";"https://radiofrance.fr/franceinter/podcasts/serie-les-deportes"
"France Inter (FR)";"FR";"2026-09-30";"Etats-Unis : ce pays qui marie ses enfants";"https://radiofrance.fr/franceinter/podcasts/interception/interception-du-dimanche-05-mars-2023-8505277"
"France Inter (FR)";"FR";"2026-09-30";"Sur les traces d'Ousmane Dembélé";"https://radiofrance.fr/franceinter/podcasts/serie-sur-les-traces-d-ousmane-dembele"
"France Inter (FR)";"FR";"2026-09-30";"Collégiennes à vendre";"https://radiofrance.fr/franceinter/podcasts/interception/interception-du-dimanche-12-octobre-2025-2574397"
"France Inter (FR)";"FR";"2026-09-30";"Bardella accusé d'antisémitisme, ""j'ai pas confiance en Médiapart"", la communauté juive divisée";"https://radiofrance.fr/franceinter/podcasts/l-info-de-france-inter/il-nous-reste-quoi-au-final-la-communaute-juive-divisee-sur-les-revelations-de-mediapart-9388858"
"France Inter (FR)";"FR";"2026-09-30";"Que sommes-nous devenus ?";"https://radiofrance.fr/franceinter/podcasts/la-revue-de-presse/la-revue-de-presse-du-mercredi-30-septembre-2026-7453195"
"France Inter (FR)";"FR";"2026-09-30";"La Mélodie du bonheur fait fausse note en Autriche";"https://radiofrance.fr/franceinter/podcasts/marie-bonnisseau-l-amie-de-la-franche/marie-bonnisseau-l-amie-de-la-franche-du-mercredi-30-septembre-2026-9275027"
"France Inter (FR)";"FR";"2026-09-30";"Marie Bonnisseau : l’amie de la Franche";"https://radiofrance.fr/franceinter/podcasts/marie-bonnisseau-l-amie-de-la-franche"
"France Inter (FR)";"FR";"2026-09-30";"Daniel Morin en liberté du mercredi 30 septembre 2026";"https://radiofrance.fr/franceinter/podcasts/daniel-morin-en-liberte/daniel-morin-en-liberte-du-mercredi-30-septembre-2026-6330860"
"France Inter (FR)";"FR";"2026-09-30";"Daniel Morin en liberté";"https://radiofrance.fr/franceinter/podcasts/daniel-morin"
"France Inter (FR)";"FR";"2026-09-30";"Tout le monde meurt";"https://radiofrance.fr/franceinter/podcasts/la-chronique-de-samuel-jensky/samuel-jensky-la-franche-touch-du-mercredi-30-septembre-2026-8036106"
"France Inter (FR)";"FR";"2026-09-30";"Le Met au cœur d’un trafic d’antiquités";"https://radiofrance.fr/franceinter/podcasts/la-chronique-de-xavier-leherpeur/face-a-la-franche-xavier-leherpeur-du-mercredi-30-septembre-2026-1088826"
"France Inter (FR)";"FR";"2026-09-30";"La chronique de Xavier Leherpeur";"https://radiofrance.fr/franceinter/podcasts/xavier-leherpeur"
"France Inter (FR)";"FR";"2026-09-30";"Pokémon, attrapez-les tous… et revendez-les";"https://radiofrance.fr/franceinter/podcasts/la-chronique-de-raphaelle-baillot/made-in-franche-raphaelle-baillot-du-mercredi-30-septembre-2026-6478841"
"France Inter (FR)";"FR";"2026-09-30";"La chronique de Raphaëlle Baillot";"https://radiofrance.fr/franceinter/podcasts/la-chronique-de-raphaelle-baillot"
"France Inter (FR)";"FR";"2026-09-30";"Caroline Vigneaux et la presse féminine";"https://radiofrance.fr/franceinter/podcasts/franche-culture/franche-culture-du-mercredi-30-septembre-2026-3921551"
"France Inter (FR)";"FR";"2026-09-30";"Comment le langage tord la réalité.";"https://radiofrance.fr/franceinter/podcasts/grand-bien-vous-fasse/grand-bien-vous-fasse-du-mercredi-30-septembre-2026-1132230"
"France Inter (FR)";"FR";"2026-09-30";"Grand bien vous fasse !";"https://radiofrance.fr/franceinter/podcasts/grand-bien-vous-fasse"
"France Inter (FR)";"FR";"2026-09-30";"Les conflits du Moyen Orient se jouent aussi dans la Corne de l’Afrique";"https://radiofrance.fr/franceinter/podcasts/geopolitique/geopolitique-du-mercredi-30-septembre-2026-9797505"
"France Inter (FR)";"FR";"2026-09-30";"Géopolitique";"https://radiofrance.fr/franceinter/podcasts/geopolitique"
"France Inter (FR)";"FR";"2026-09-30";"Zinédine Zidane, la star des réseaux sociaux";"https://radiofrance.fr/franceinter/podcasts/tout-va-trop-vite/tout-va-trop-vite-du-mercredi-30-septembre-2026-2811000"
"France Inter (FR)";"FR";"2026-09-30";"Emmanuelle Périé-Bardout et Ghislain Bardout, sous les glaces de l'Antarctique";"https://radiofrance.fr/franceinter/podcasts/le-grand-portrait/le-grand-portrait-du-mercredi-30-septembre-2026-2550126"
"France Inter (FR)";"FR";"2026-09-30";"Le Grand portrait";"https://radiofrance.fr/franceinter/podcasts/l-invite-de-9h10"
"France Inter (FR)";"FR";"2026-09-30";"Contexte de la proposition de budget 2027";"https://radiofrance.fr/franceinter/podcasts/l-edito-eco/l-edito-eco-du-mercredi-30-septembre-2026-9673833"
"France Inter (FR)";"FR";"2026-09-30";"Crise des carburants : ça freine toujours sur la vitesse";"https://radiofrance.fr/franceinter/podcasts/histoire-politique/histoires-politiques-du-mercredi-30-septembre-2026-5634609"
"France Inter (FR)";"FR";"2026-09-30";"Histoire politique";"https://radiofrance.fr/franceinter/podcasts/la-question-politique-du-jour"
"France Inter (FR)";"FR";"2026-09-30";"La plus célèbre des megabassines est vide";"https://radiofrance.fr/franceinter/podcasts/c-est-loin-mais-c-est-beau/c-est-loin-mais-c-est-beau-du-mercredi-30-septembre-2026-7567558"
"France Inter (FR)";"FR";"2026-09-30";"Traité international sur le plastique : c'est toujours pas gagné";"https://radiofrance.fr/franceinter/podcasts/debout-la-terre/debout-la-terre-du-mercredi-30-septembre-2026-9661674"
"France Inter (FR)";"FR";"2026-09-30";"Debout la Terre";"https://radiofrance.fr/franceinter/podcasts/la-lutte-enchantee"
"France Inter (FR)";"FR";"2026-09-30";"""Un calvaire, on va pas pouvoir se doucher"", en Bretagne, baisser la pression au robinet pour s'adapter au manque d'eau";"https://radiofrance.fr/franceinter/podcasts/france-inter-sur-le-terrain/reportage-france-inter-sur-le-terrain-du-mercredi-30-septembre-2026-7828718"
"France Inter (FR)";"FR";"2026-09-30";"France Inter sur le terrain";"https://radiofrance.fr/franceinter/podcasts/grand-angle"
"France Inter (FR)";"FR";"2026-09-30";"Corps des mannequins : le mode revient-elle en arrière ?";"https://radiofrance.fr/franceinter/podcasts/le-debat/le-debat-de-la-grand-matinale-du-mercredi-30-septembre-2026-1650807"
"France Inter (FR)";"FR";"2026-09-30";"Le débat";"https://radiofrance.fr/franceinter/podcasts/le-debat-du-7-10"
"France Inter (FR)";"FR";"2026-09-30";"Pourquoi le grand rectangle devant les buts au foot s'appelle la surface de réparation ?";"https://radiofrance.fr/franceinter/podcasts/les-p-tits-bateaux/les-p-tits-bateaux-du-mardi-29-septembre-2026-4208807"
"France Inter (FR)";"FR";"2026-09-30";"Les P'tits Bateaux";"https://radiofrance.fr/franceinter/podcasts/les-p-tits-bateaux"
"France Inter (FR)";"FR";"2026-09-30";"Des radars routiers ciblés par des agriculteurs en colère";"https://radiofrance.fr/franceinter/podcasts/tout-va-trop-vite/tout-va-trop-vite-du-mardi-29-septembre-2026-9206414"
"France Inter (FR)";"FR";"2026-09-30";"De quoi est faite une IA ? Comment ça marche ?";"https://radiofrance.fr/franceinter/podcasts/les-p-tits-bateaux/les-p-tits-bateaux-du-lundi-28-septembre-2026-5629308"
"France Inter (FR)";"FR";"2026-09-30";"Faut-il tous se mettre à la musculation ?";"https://radiofrance.fr/franceinter/podcasts/grand-bien-vous-fasse/grand-bien-vous-fasse-du-lundi-28-septembre-2026-7547788"
"France Inter (FR)";"FR";"2026-09-30";"""La retraite à 13 ans"" de Susie Morgenstern et Sacha Gauthier : une joyeuse coloc intergénérationnelle à l'Ehpad !";"https://radiofrance.fr/franceinter/podcasts/la-bibliotheque-des-ados/la-bibliotheque-des-ados-du-lundi-28-septembre-2026-7069191"
"France Inter (FR)";"FR";"2026-09-30";"La bibliothèque des ados";"https://radiofrance.fr/franceinter/podcasts/la-bibliotheque-des-ados"
"France Inter (FR)";"FR";"2026-09-30";"Pourquoi rêve-t-on la nuit ?";"https://radiofrance.fr/franceinter/podcasts/les-p-tits-bateaux/les-p-tits-bateaux-du-dimanche-27-septembre-2026-2910934"
"France Inter (FR)";"FR";"2026-09-30";"""Le névrosé a laissé sa place au dépressif"", affirment l'analyste Jérôme Fourquet et le psychologue Ruben Rabinovitch";"https://radiofrance.fr/franceinter/podcasts/l-invite-de-8h20-le-grand-entretien/l-invite-de-8h20-le-grand-entretien-du-mercredi-30-septembre-2026-8803719"
"France Inter (FR)";"FR";"2026-09-30";"L'Invité de 8h20 : le grand entretien";"https://radiofrance.fr/franceinter/podcasts/l-invite-de-8h20-le-grand-entretien"
"France Inter (FR)";"FR";"2026-09-30";"""L'occasion d'être aidée"" : un parcours de soin dédié à la ménopause à Lyon";"https://radiofrance.fr/franceinter/podcasts/le-grand-reportage-de-france-inter/le-grand-reportage-du-mardi-29-septembre-2026-8163270"
"France Inter (FR)";"FR";"2026-09-30";"Le petit-dej et le monde du rock, du jazz ou de la soul, ça fait deux";"https://radiofrance.fr/franceinter/podcasts/la-chronique-de-djubaka/la-chronique-musicale-de-djubaka-du-dimanche-27-septembre-2026-9277738"
"France Inter (FR)";"FR";"2026-09-30";"La chronique de Djubaka";"https://radiofrance.fr/franceinter/podcasts/la-chronique-de-djubaka"
"France Inter (FR)";"FR";"2026-09-30";"Alix Van Pée : Dans le détail du samedi 26 septembre 2026";"https://radiofrance.fr/franceinter/podcasts/dans-le-detail/alix-van-pee-dans-le-detail-du-samedi-26-septembre-2026-2682970"
"France Inter (FR)";"FR";"2026-09-30";"Dans le détail";"https://radiofrance.fr/franceinter/podcasts/est-ce-bien-raisonnable"
"France Inter (FR)";"FR";"2026-09-30";"Agathe Gillet, membre de l'équipe de France féminine : ""Je n'ai jamais eu peur du regard des garçons""";"https://radiofrance.fr/franceinter/podcasts/esprit-sport/esprit-sport-du-mercredi-30-septembre-2026-7381967"
"France Inter (FR)";"FR";"2026-09-30";"Esprit sport";"https://radiofrance.fr/franceinter/podcasts/esprit-sport"
"France Inter (FR)";"FR";"2026-09-30";"Hockey sur glace : pourquoi la hype est réelle en France";"https://radiofrance.fr/franceinter/podcasts/l-info-de-france-inter/hockey-sur-glace-pourquoi-la-hype-est-reelle-en-france-5600586"
"France Inter (FR)";"FR";"2026-09-30";"Stéphane Larance, coach: ""On peut se lancer dans le Skateboard très jeune, dès 4, 5 ou 6 ans !""";"https://radiofrance.fr/franceinter/podcasts/esprit-sport/esprit-sport-du-mardi-29-septembre-2026-8051789"
"France Inter (FR)";"FR";"2026-09-30";"Marie-Antoinette avait bon dos";"https://radiofrance.fr/franceinter/podcasts/la-chronique-de-manon-bril/manon-bril-l-amie-de-la-franche-du-mardi-29-septembre-2026-4309496"
"France Inter (FR)";"FR";"2026-09-30";"La chronique de Manon Bril";"https://radiofrance.fr/franceinter/podcasts/la-chronique-de-manon-bril"
"France Inter (FR)";"FR";"2026-09-30";"Emmanuel Marre et que dire de plus sur la Seconde Guerre mondiale ?";"https://radiofrance.fr/franceinter/podcasts/franche-culture/franche-culture-du-mardi-29-septembre-2026-3048550"
"France Culture (FR)";"FR";"2026-09-30";"Ces maires ruraux qui veulent garder des services publics à tout prix, malgré la baisse des dotations de l'État";"https://radiofrance.fr/franceculture/podcasts/le-reportage-de-la-redaction/ces-maires-ruraux-qui-veulent-garder-des-services-publics-a-tout-prix-malgre-la-baisse-des-dotations-de-l-etat-5713897"
"France Culture (FR)";"FR";"2026-09-30";"Javier Milei, l'ultra-libéral argentin";"https://radiofrance.fr/franceculture/podcasts/serie-javier-milei-l-ultra-liberal-argentin"
"France Culture (FR)";"FR";"2026-09-30";"La guerre de demain se jouera-t-elle dans les fonds marins ?";"https://radiofrance.fr/franceculture/podcasts/les-enjeux-internationaux/la-guerre-de-demain-se-jouera-t-elle-dans-les-fonds-marins-4911806"
"France Culture (FR)";"FR";"2026-09-30";"Plusieurs freins neurobiologiques dans le cerveau évitent aux altercations de dégénérer";"https://radiofrance.fr/franceculture/podcasts/avec-sciences/plusieurs-freins-neurobiologiques-dans-le-cerveau-evitent-aux-altercations-de-degenerer-1639924"
"France Culture (FR)";"FR";"2026-09-30";"L’IA signe-t-elle la fin de la littérature ?";"https://radiofrance.fr/franceculture/podcasts/l-invite-e-des-matins/l-ia-signe-t-elle-la-fin-de-la-litterature-2334435"
"France Culture (FR)";"FR";"2026-09-30";"Gadi Eisenkot, le général qui défie Netanyahou";"https://radiofrance.fr/franceculture/podcasts/serie-gadi-eisenkot-le-general-qui-defie-netanyahou"
"France Culture (FR)";"FR";"2026-09-30";"L’Éthiopie au bord d’une guerre de grande ampleur ?";"https://radiofrance.fr/franceculture/podcasts/les-enjeux-internationaux/l-ethiopie-au-bord-d-une-guerre-de-grande-ampleur-7704573"
"France Culture (FR)";"FR";"2026-09-30";"Entre déni et apocalypse, les vraies menaces de l'IA";"https://radiofrance.fr/franceculture/podcasts/la-fabrique-de-l-information/ia-la-fabrique-du-recit-apocalyptique-2669758"
"France Culture (FR)";"FR";"2026-09-30";"IA et littérature : ""On assiste à une paranoïa où tout devient suspect, avec des lecteurs détectives textuels""";"https://radiofrance.fr/franceculture/podcasts/l-info-culturelle-reportages-enquetes-analyses/ia-et-litterature-on-assiste-a-une-paranoia-ou-tout-devient-suspect-avec-des-lecteurs-detectives-textuels-2683800"
"France Culture (FR)";"FR";"2026-09-30";"Marina Vlady : deux ou trois choses qu'on ne savait pas d'elle";"https://radiofrance.fr/franceculture/podcasts/serie-marina-vlady-deux-ou-trois-choses-qu-on-ne-savait-pas-d-elle"
"France Culture (FR)";"FR";"2026-09-30";"""Le Grand Monde"" de Pierre Lemaitre";"https://radiofrance.fr/franceculture/podcasts/serie-le-grand-monde-de-pierre-lemaitre"
"France Culture (FR)";"FR";"2026-09-30";"Aux États-Unis, l'enquête sur les viols de Cornell rouverte après une plainte de la victime contre l'université";"https://radiofrance.fr/franceculture/podcasts/la-revue-de-presse-internationale/la-revue-de-presse-internationale-emission-du-mercredi-30-septembre-2026-3813787"
"France Culture (FR)";"FR";"2026-09-30";"La Revue de presse internationale";"https://radiofrance.fr/franceculture/podcasts/revue-de-presse-internationale"
"France Culture (FR)";"FR";"2026-09-30";"Les Enjeux internationaux";"https://radiofrance.fr/franceculture/podcasts/les-enjeux-internationaux"
"France Culture (FR)";"FR";"2026-09-30";"Sanctions contre l’Iran : la Turquie dans le viseur de Washington";"https://radiofrance.fr/franceculture/podcasts/le-journal-de-l-eco/sanctions-contre-l-iran-la-turquie-dans-le-viseur-de-washington-9211881"
"France Culture (FR)";"FR";"2026-09-30";"Le Journal de l'éco";"https://radiofrance.fr/franceculture/podcasts/le-journal-de-l-eco"
"France Culture (FR)";"FR";"2026-09-30";"Festival Actoral de Marseille : une subvention de 90 000 euros suspendue sur fond de controverse politique";"https://radiofrance.fr/franceculture/podcasts/l-info-culturelle-reportages-enquetes-analyses/festival-actoral-de-marseille-une-subvention-de-90-000-euros-suspendue-sur-fond-de-controverse-politique-1872970"
"France Culture (FR)";"FR";"2026-09-30";"L'Info culturelle : reportages, enquêtes, analyses";"https://radiofrance.fr/franceculture/podcasts/l-actualite-culturelle-reportages-enquetes-analyses"
"France Culture (FR)";"FR";"2026-09-30";"JOURNAL DE 12H30 du mercredi 30 septembre 2026";"https://radiofrance.fr/franceculture/podcasts/journal-de-12h30/journal-de-12h30-du-mercredi-30-septembre-2026-6142190"
"France Culture (FR)";"FR";"2026-09-30";"Journal de 12h30";"https://radiofrance.fr/franceculture/podcasts/journal-de-12h30"
"France Culture (FR)";"FR";"2026-09-30";"Tuer la mère, sauver sa peau, avec Louise Chennevière";"https://radiofrance.fr/franceculture/podcasts/le-book-club/tuer-la-mere-sauver-sa-peau-avec-louise-chenneviere-3624540"
"France Culture (FR)";"FR";"2026-09-30";"Phœbe Hadjimarkos Clarke, écrivaine : “Il m’est impossible d’écrire un roman sans fantastique déguisé”";"https://radiofrance.fr/franceculture/podcasts/les-midis-de-culture-l-invite-e/phoebe-hadjimarkos-clarke-traverse-les-frontieres-avec-le-livre-des-souterrains-1020724"
"France Culture (FR)";"FR";"2026-09-30";"L'or du démon : rencontre avec Ian McGuire";"https://radiofrance.fr/franceculture/podcasts/mauvais-genres/l-or-du-demon-rencontre-avec-ian-mcguire-9391974"
"France Culture (FR)";"FR";"2026-09-30";"Kae Tempest : retour au roman";"https://radiofrance.fr/franceculture/podcasts/le-book-club/kae-tempest-retour-au-roman-2794282"
"France Culture (FR)";"FR";"2026-09-30";"""Nous aussi"" d'Anne Godard : la force du ""on""";"https://radiofrance.fr/franceculture/podcasts/le-regard-culturel/le-regard-culturel-chronique-du-mercredi-09-septembre-2026-5280197"
"France Culture (FR)";"FR";"2026-09-30";"Antoine Volodine et les 11 romans d'Infernus Johannes : le post-exotisme, bouquet final";"https://radiofrance.fr/franceculture/podcasts/mauvais-genres/operation-volodine-le-post-exotisme-bouquet-final-1076220"
"France Culture (FR)";"FR";"2026-09-30";"""Debout dans tes rêves"" d'Abdellah Taïa, une histoire d'amitié";"https://radiofrance.fr/franceculture/podcasts/le-book-club/promesses-avec-abdellah-taia-4947356"
"France Culture (FR)";"FR";"2026-09-30";"""Mais que fait ce sang sur le pull de Jennifer ?"" de Lucie Rico, ou l’obsession d’une phrase inachevée";"https://radiofrance.fr/franceculture/podcasts/le-book-club/lucie-rico-ou-l-obsession-d-une-phrase-inachevee-4284547"
"France Culture (FR)";"FR";"2026-09-30";"Écrire l’inceste selon Daria Marx dans ""Tuer le vieux""";"https://radiofrance.fr/franceculture/podcasts/les-midis-de-culture/tuer-le-vieux-ecrire-l-inceste-selon-daria-marx-8396852"
"France Culture (FR)";"FR";"2026-09-30";"Premier roman : ""Abdallah Superstar"", un conte électro entre la France et Djibouti";"https://radiofrance.fr/franceculture/podcasts/l-invite-e-des-matins-d-ete/abdallah-superstar-un-conte-electro-entre-la-france-et-djibouti-3189093"
"France Culture (FR)";"FR";"2026-09-30";"Les philosophes au pouvoir";"https://radiofrance.fr/franceculture/podcasts/les-philosophes-au-pouvoir"
"France Culture (FR)";"FR";"2026-09-30";"Le Cas de conscience";"https://radiofrance.fr/franceculture/podcasts/le-cas-de-conscience"
"France Culture (FR)";"FR";"2026-09-30";"Grand Angle";"https://radiofrance.fr/franceculture/podcasts/grand-angle-de-plan-large"
"France Culture (FR)";"FR";"2026-09-30";"Classe créative : le manager de la semaine";"https://radiofrance.fr/franceculture/podcasts/classe-creative-le-manager-de-la-semaine"
"France Culture (FR)";"FR";"2026-09-30";"Le Droit d'ailleurs";"https://radiofrance.fr/franceculture/podcasts/le-droit-d-ailleurs"
"France Culture (FR)";"FR";"2026-09-30";"Les Clés de l'enfance";"https://radiofrance.fr/franceculture/podcasts/les-cles-de-l-enfance"
"France Culture (FR)";"FR";"2026-09-30";"Les Mystères des lieux";"https://radiofrance.fr/franceculture/podcasts/les-mysteres-des-lieux"
"France Culture (FR)";"FR";"2026-09-30";"Le Film de la semaine";"https://radiofrance.fr/franceculture/podcasts/le-film-de-la-semaine-de-plan-large"
"France Culture (FR)";"FR";"2026-09-30";"Le Point culture XXL : l'agenda";"https://radiofrance.fr/franceculture/podcasts/le-point-culture-xxl-l-agenda"
"France Culture (FR)";"FR";"2026-09-30";"Au nom du droit";"https://radiofrance.fr/franceculture/podcasts/au-nom-du-droit"
"France Culture (FR)";"FR";"2026-09-30";"Questions du soir : le débat";"https://radiofrance.fr/franceculture/podcasts/le-temps-du-debat"
"France Culture (FR)";"FR";"2026-09-30";"Les Midis de Culture";"https://radiofrance.fr/franceculture/podcasts/les-midis-de-culture"
"France Culture (FR)";"FR";"2026-09-30";"Avec philosophie";"https://radiofrance.fr/franceculture/podcasts/avec-philosophie"
"France Culture (FR)";"FR";"2026-09-30";"Le Point idées : le journal des sciences sociales";"https://radiofrance.fr/franceculture/podcasts/le-point-idees"
"France Culture (FR)";"FR";"2026-09-30";"Les Matins";"https://radiofrance.fr/franceculture/podcasts/les-matins"
"France Culture (FR)";"FR";"2026-09-30";"Questions du soir : l'idée";"https://radiofrance.fr/franceculture/podcasts/l-idee-questions-du-soir"
"France Culture (FR)";"FR";"2026-09-30";"La Science, CQFD";"https://radiofrance.fr/franceculture/podcasts/la-science-cqfd"
"France Culture (FR)";"FR";"2026-09-30";"Parasite(s)";"https://radiofrance.fr/franceculture/podcasts/serie-parasite-s"
"France Culture (FR)";"FR";"2026-09-30";"Chantal Goya, la Mylène Farmer des enfants";"https://radiofrance.fr/franceculture/podcasts/serie-chantal-goya-la-mylene-farmer-des-enfants"
"France Culture (FR)";"FR";"2026-09-30";"Belgique : l’extrême droite privée de direct";"https://radiofrance.fr/franceculture/podcasts/serie-belgique-l-extreme-droite-privee-de-direct"
"France Culture (FR)";"FR";"2026-09-30";"Sabrina Krief, sœur de primates";"https://radiofrance.fr/franceculture/podcasts/serie-sabrina-krief-soeur-de-primates"
"France Culture (FR)";"FR";"2026-09-30";"Les papes et la France";"https://radiofrance.fr/franceculture/podcasts/serie-les-papes-et-la-france"
"France Culture (FR)";"FR";"2026-09-30";"Qu'est-ce que l'infantisme ?";"https://radiofrance.fr/franceculture/podcasts/avec-philosophie/avec-philosophie-emission-du-lundi-21-septembre-2026-2794721"
"France Culture (FR)";"FR";"2026-09-30";"Alzheimer : comment faire face ?";"https://radiofrance.fr/franceculture/podcasts/serie-alzheimer-comment-faire-face"
"France Culture (FR)";"FR";"2026-09-30";"Confucius, un savoir-être sans confusion";"https://radiofrance.fr/franceculture/podcasts/serie-confucius-un-savoir-etre-sans-confusion"
"France Culture (FR)";"FR";"2026-09-30";"Prévenir le suicide";"https://radiofrance.fr/franceculture/podcasts/serie-prevenir-le-suicide"
"France Culture (FR)";"FR";"2026-09-30";"""Notre salut"" et l'obéissance anticipative";"https://radiofrance.fr/franceculture/podcasts/le-regard-culturel/le-regard-culturel-chronique-du-mercredi-30-septembre-2026-9787753"
"France Culture (FR)";"FR";"2026-09-30";"Le Regard culturel";"https://radiofrance.fr/franceculture/podcasts/la-critique"
"France Culture (FR)";"FR";"2026-09-30";"Religieuses, des histoires de sœurs";"https://radiofrance.fr/franceculture/podcasts/serie-religieuses-des-histoires-de-soeurs"
"France Culture (FR)";"FR";"2026-09-30";"L'Ardèche, le temps des communautés";"https://radiofrance.fr/franceculture/podcasts/serie-l-ardeche-le-temps-des-communautes"
"France Culture (FR)";"FR";"2026-09-30";"Au pays des songes, 2001-2026 (Israël-Palestine, archives oniriques)";"https://radiofrance.fr/franceculture/podcasts/serie-au-pays-des-songes-2001-2026-israel-palestine-archives-oniriques"
"France Culture (FR)";"FR";"2026-09-30";"François d'Assise, la sainteté est un sport de combat";"https://radiofrance.fr/franceculture/podcasts/serie-francois-d-assise-la-saintete-est-un-sport-de-combat"
"France Culture (FR)";"FR";"2026-09-30";"Les 2Be3 : étoiles filantes";"https://radiofrance.fr/franceculture/podcasts/serie-les-2be3-etoiles-filantes"
"France Culture (FR)";"FR";"2026-09-30";"Verdun 1916, au cœur d'une guerre totale";"https://radiofrance.fr/franceculture/podcasts/serie-verdun-1916-au-coeur-d-une-guerre-totale"
"France Culture (FR)";"FR";"2026-09-30";"La Joconde sort du silence";"https://radiofrance.fr/franceculture/podcasts/serie-la-joconde-sort-du-silence"
"France Culture (FR)";"FR";"2026-09-30";"Troubles dys : des vies à inventer";"https://radiofrance.fr/franceculture/podcasts/serie-troubles-dys-des-vies-a-inventer"
"France Culture (FR)";"FR";"2026-09-30";"Habiba Msika (1903-1930), une artiste libre aux multiples talents";"https://radiofrance.fr/franceculture/podcasts/toute-une-vie/habiba-msika-une-artiste-libre-aux-multiples-talents-6978561"
"France Culture (FR)";"FR";"2026-09-30";"Hans le Malin, le cheval qui savait lire et compter";"https://radiofrance.fr/franceculture/podcasts/serie-hans-le-malin-le-cheval-qui-savait-lire-et-compter"
"France Culture (FR)";"FR";"2026-09-30";"Les ultras de la collaboration";"https://radiofrance.fr/franceculture/podcasts/serie-les-ultras-de-la-collaboration"
"France Culture (FR)";"FR";"2026-09-30";"Catholiques de France, la tentation radicale";"https://radiofrance.fr/franceculture/podcasts/serie-catholiques-de-france-la-tentation-radicale"
"France Culture (FR)";"FR";"2026-09-30";"L'effet chat";"https://radiofrance.fr/franceculture/podcasts/serie-l-effet-chat"
"France Culture (FR)";"FR";"2026-09-30";"La trilogie des ""J'ai trop..."" de David Lescot";"https://radiofrance.fr/franceculture/podcasts/serie-la-trilogie-des-j-ai-trop-de-david-lescot"
"France Culture (FR)";"FR";"2026-09-30";"""Les Malheurs de Sophie, une comédie musicale"" de Sabine Zovighian et Michael Liot - Saison 2";"https://radiofrance.fr/franceculture/podcasts/serie-les-malheurs-de-sophie-une-comedie-musicale-de-sabine-zovighian-et-michael-liot-saison-2"
"France Culture (FR)";"FR";"2026-09-30";"""Le Petit Chaperon rouge"" de Pierre Senges, d’après le conte de Charles Perrault";"https://radiofrance.fr/franceculture/podcasts/fictions-theatre-et-cie/le-petit-chaperon-rouge-concert-fiction-de-pierre-senges-d-apres-le-conte-de-charles-perrault-1991892"
"France Culture (FR)";"FR";"2026-09-30";"Le Trésor de Rackham le Rouge : les Aventures de Tintin";"https://radiofrance.fr/franceculture/podcasts/serie-le-tresor-de-rackham-le-rouge-les-aventures-de-tintin"
"France Culture (FR)";"FR";"2026-09-30";"LSD, la série documentaire";"https://radiofrance.fr/franceculture/podcasts/lsd-la-serie-documentaire"
"France Culture (FR)";"FR";"2026-09-30";"En trouple";"https://radiofrance.fr/franceculture/podcasts/les-pieds-sur-terre/en-trouple-6905943"
"France Culture (FR)";"FR";"2026-09-30";"Les Pieds sur terre";"https://radiofrance.fr/franceculture/podcasts/les-pieds-sur-terre"
"France Culture (FR)";"FR";"2026-09-30";"Avenue Jean Moulin : Guerchy";"https://radiofrance.fr/franceculture/podcasts/les-pieds-sur-terre/avenue-jean-moulin-1-guerchy-9229685"
"France Culture (FR)";"FR";"2026-09-30";"Quand les scandales percutent la foi";"https://radiofrance.fr/franceculture/podcasts/les-pieds-sur-terre/quand-les-scandales-percutent-la-foi-9525936"
"France Culture (FR)";"FR";"2026-09-30";"L'homme qui a vu l'ours";"https://radiofrance.fr/franceculture/podcasts/les-pieds-sur-terre/l-homme-qui-a-vu-l-ours-2478740"
"France Culture (FR)";"FR";"2026-09-30";"Héroïne, le temps des seringues";"https://radiofrance.fr/franceculture/podcasts/serie-heroine-le-temps-des-seringues"
"France Culture (FR)";"FR";"2026-09-30";"Même pas mort";"https://radiofrance.fr/franceculture/podcasts/serie-meme-pas-mort"
"France Culture (FR)";"FR";"2026-09-30";"""Les Eloignés"" de Sophie Maurer";"https://radiofrance.fr/franceculture/podcasts/serie-les-eloignes-de-sophie-maurer"
"France Culture (FR)";"FR";"2026-09-30";"Vie de chien";"https://radiofrance.fr/franceculture/podcasts/serie-vie-de-chien"
"France Culture (FR)";"FR";"2026-09-30";"Mes années Boum, une enquête algérienne";"https://radiofrance.fr/franceculture/podcasts/serie-mes-annees-boum-une-enquete-algerienne"
"France Culture (FR)";"FR";"2026-09-30";"Concert-fiction : Blanche-Neige & sortilèges";"https://radiofrance.fr/franceculture/podcasts/fictions-theatre-et-cie/concert-fiction-blanche-neige-sortileges-3143340"
"France Culture (FR)";"FR";"2026-09-30";"Le journal de ma vie";"https://radiofrance.fr/franceculture/podcasts/serie-le-journal-de-ma-vie"
"France Culture (FR)";"FR";"2026-09-30";"""L'Homme invisible"" de H. G. Wells";"https://radiofrance.fr/franceculture/podcasts/serie-l-homme-invisible-de-h-g-wells"
"France Culture (FR)";"FR";"2026-09-30";"""AfficheTonEx"" de Romain Weber et Constance Vilanova";"https://radiofrance.fr/franceculture/podcasts/serie-affichetonex-ecrit-par-romain-weber"
"France Culture (FR)";"FR";"2026-09-30";"Fureurs";"https://radiofrance.fr/franceculture/podcasts/serie-fureurs"
"France Culture (FR)";"FR";"2026-09-30";"""Payez avec le sourire"" : Revolut exploite à Londres la reconnaissance faciale";"https://radiofrance.fr/franceculture/podcasts/un-monde-connecte/payez-avec-le-sourire-revolut-exploite-a-londres-la-reconnaissance-faciale-8342743"
"France Culture (FR)";"FR";"2026-09-30";"Un monde connecté";"https://radiofrance.fr/franceculture/podcasts/planete-connectee"
"France Culture (FR)";"FR";"2026-09-30";"Avec sciences";"https://radiofrance.fr/franceculture/podcasts/le-journal-des-sciences"
"France Culture (FR)";"FR";"2026-09-30";"Les tensions entre les forces de l'ordre et les teufeurs";"https://radiofrance.fr/franceculture/podcasts/grand-reportage/les-tensions-entre-les-forces-de-l-ordre-et-les-teufeurs-9137307"
"France Culture (FR)";"FR";"2026-09-30";"Grand Reportage";"https://radiofrance.fr/franceculture/podcasts/grand-reportage"
"France Culture (FR)";"FR";"2026-09-30";"Pourquoi ne peut-on pas avoir tout, tout de suite ?";"https://radiofrance.fr/franceculture/podcasts/le-pourquoi-du-comment-philo/pourquoi-ne-peut-on-pas-avoir-tout-tout-de-suite-3629071"
"France Culture (FR)";"FR";"2026-09-30";"Le Pourquoi du comment : philo";"https://radiofrance.fr/franceculture/podcasts/le-pourquoi-du-comment-philo"
"France Culture (FR)";"FR";"2026-09-30";"L'air va mieux à Paris";"https://radiofrance.fr/franceculture/podcasts/ca-va-mieux/l-air-va-mieux-a-paris-3681749"
"France Culture (FR)";"FR";"2026-09-30";"Ça va mieux";"https://radiofrance.fr/franceculture/podcasts/ca-va-mieux"
"France Culture (FR)";"FR";"2026-09-30";"Mémoire de la dictature, une vérité à écrire";"https://radiofrance.fr/franceculture/podcasts/cultures-monde/memoire-de-la-dictature-une-verite-a-ecrire-6285735"
"France Culture (FR)";"FR";"2026-09-30";"Cultures Monde";"https://radiofrance.fr/franceculture/podcasts/cultures-monde"
"France Culture (FR)";"FR";"2026-09-30";"""Manifeste du parti communiste""";"https://radiofrance.fr/franceculture/podcasts/avec-philosophie/avec-philosophie-emission-du-mercredi-30-septembre-2026-6799940"
"France Culture (FR)";"FR";"2026-09-30";"Collecter les oiseaux, une autre histoire des sciences coloniales";"https://radiofrance.fr/franceculture/podcasts/le-cours-de-l-histoire/collecter-les-oiseaux-une-autre-histoire-des-sciences-coloniales-7014148"
"France Culture (FR)";"FR";"2026-09-30";"Le Cours de l'histoire";"https://radiofrance.fr/franceculture/podcasts/le-cours-de-l-histoire"
"France Culture (FR)";"FR";"2026-09-30";"Comment les enfants autistes sont-ils pris en charge ailleurs dans le monde ?";"https://radiofrance.fr/franceculture/podcasts/les-chantiers-de-la-recherche/comment-les-enfants-autistes-sont-ils-pris-en-charge-ailleurs-dans-le-monde-1847473"
"France Culture (FR)";"FR";"2026-09-30";"Les Chantiers de la recherche";"https://radiofrance.fr/franceculture/podcasts/les-chantiers-de-la-recherche"
"France Culture (FR)";"FR";"2026-09-30";"Accusations d’antisémitisme : le RN face à ses vieux démons";"https://radiofrance.fr/franceculture/podcasts/l-invite-e-des-matins/accusations-d-antisemitisme-le-rn-face-a-ses-vieux-demons-1568107"
"France Culture (FR)";"FR";"2026-09-30";"L'Invité(e) des Matins";"https://radiofrance.fr/franceculture/podcasts/l-invite-e-des-matins"
"France Culture (FR)";"FR";"2026-09-30";"Le Reportage de la rédaction";"https://radiofrance.fr/franceculture/podcasts/le-reportage-de-la-redaction"
"France Culture (FR)";"FR";"2026-09-30";"Pourquoi a-t-on besoin de l'immédiat ?";"https://radiofrance.fr/franceculture/podcasts/le-pourquoi-du-comment-philo/pourquoi-a-t-on-besoin-de-l-immediat-3747750"
"France Culture (FR)";"FR";"2026-09-30";"Ce que révèlent nos comportements alimentaires";"https://radiofrance.fr/franceculture/podcasts/les-bonnes-choses/presidentielle-quelle-place-pour-l-alimentation-7768970"
"France Culture (FR)";"FR";"2026-09-30";"Les Bonnes Choses";"https://radiofrance.fr/franceculture/podcasts/les-bonnes-choses"
"France Culture (FR)";"FR";"2026-09-30";"Les peintres écrivains 7/10 : Paul Klee ""La couleur et moi sommes un. Je suis peintre""";"https://radiofrance.fr/franceculture/podcasts/les-nuits-de-france-culture/les-peintres-ecrivains-7-10-paul-klee-la-couleur-et-moi-sommes-un-je-suis-peintre-6432369"
"France Culture (FR)";"FR";"2026-09-30";"Les Nuits de France Culture";"https://radiofrance.fr/franceculture/podcasts/les-nuits-de-france-culture"
"France Culture (FR)";"FR";"2026-09-30";"Guinée : comment reconstruire une mémoire nationale du cinéma quand une partie de ses images manquent ?";"https://radiofrance.fr/franceculture/podcasts/le-point-culture/les-midis-de-culture-le-point-culture-emission-du-mardi-29-septembre-2026-3110106"
"France Culture (FR)";"FR";"2026-09-30";"Le Point culture";"https://radiofrance.fr/franceculture/podcasts/affaire-en-cours"
"ARTE (FR)";"FR";"2026-09-30";"Guide TV";"https://www.arte.tv/fr/guide/"
"ARTE (FR)";"FR";"2026-09-30";"[Vidéo/Article] La Derniere Heure";"https://www.arte.tv/fr/videos/RC-028079/la-derniere-heure/"
"ARTE (FR)";"FR";"2026-09-30";"En intégralitéLa dernière heureLa dernière heureUn huit-clos familialA peine arrivée dans son pays d’origine, Billie doit fuir. Elle a une heure pour percer ses secrets familiaux.Série";"https://www.arte.tv/fr/videos/RC-028079/la-derniere-heure/"
"ARTE (FR)";"FR";"2026-09-30";"Regarder";"https://www.arte.tv/fr/videos/RC-028079/la-derniere-heure/"
"ARTE (FR)";"FR";"2026-09-30";"Info";"https://www.arte.tv/fr/videos/info-et-societe/"
"ARTE (FR)";"FR";"2026-09-30";"Documentaires";"https://www.arte.tv/fr/videos/documentaires-et-reportages/"
"ARTE (FR)";"FR";"2026-09-30";"Séries";"https://www.arte.tv/fr/videos/series-et-fictions/"
"ARTE (FR)";"FR";"2026-09-30";"Émissions";"https://www.arte.tv/fr/videos/emissions/"
"ARTE (FR)";"FR";"2026-09-30";"Concert";"https://www.arte.tv/fr/videos/135044-000-A/catherine-ringer-chante-les-rita-mitsouko/"
"ARTE (FR)";"FR";"2026-09-30";"Hommage à Catherine RingerSon concert à la Philharmonie de ParisHommage à la légende de la pop hexagonale disparue ce 14 septembre. Replongez dans l'univers des Rita Mitsouko, capté en 2019.101 minConcert";"https://www.arte.tv/fr/videos/135044-000-A/catherine-ringer-chante-les-rita-mitsouko/"
"ARTE (FR)";"FR";"2026-09-30";"Regarder";"https://www.arte.tv/fr/videos/135044-000-A/catherine-ringer-chante-les-rita-mitsouko/"
"ARTE (FR)";"FR";"2026-09-30";"Bande-annonce";"https://www.arte.tv/fr/videos/135044-000-A/?trailer=true"
"ARTE (FR)";"FR";"2026-09-30";"Concert";"https://www.arte.tv/fr/videos/132676-000-A/raye-guests/"
"ARTE (FR)";"FR";"2026-09-30";"Raye & guestsAu Montreux Jazz Festival 2026À l'occasion de la 60e édition du Montreux Jazz Festival, Raye invite sur scène plusieurs stars internationales de la pop.115 minConcertSous-titres. Sous-titresVersion originale. Version originale";"https://www.arte.tv/fr/videos/132676-000-A/raye-guests/"
"ARTE (FR)";"FR";"2026-09-30";"Regarder";"https://www.arte.tv/fr/videos/132676-000-A/raye-guests/"
"ARTE (FR)";"FR";"2026-09-30";"Bande-annonce";"https://www.arte.tv/fr/videos/132676-000-A/?trailer=true"
"ARTE (FR)";"FR";"2026-09-30";"Concert";"https://www.arte.tv/fr/videos/134165-001-A/yael-naim-orange-blossom-et-robinson-khoury/"
"ARTE (FR)";"FR";"2026-09-30";"Les Concerts VolantsNouvelle soirée tout en couleursYael Naim, Orange Blossom et Robinson Khoury : trois univers musicaux métissés pour ce voyage avec les Concerts Volants.94 minConcert";"https://www.arte.tv/fr/videos/134165-001-A/yael-naim-orange-blossom-et-robinson-khoury/"
"ARTE (FR)";"FR";"2026-09-30";"Regarder";"https://www.arte.tv/fr/videos/134165-001-A/yael-naim-orange-blossom-et-robinson-khoury/"
"ARTE (FR)";"FR";"2026-09-30";"Série";"https://www.arte.tv/fr/videos/RC-024574/de-grace/"
"ARTE (FR)";"FR";"2026-09-30";"De grâceAvec Olivier Gourmet et Panayotis PascotUne tragédie familiale dans l’univers des dockers du Havre. Avec Olivier Gourmet.Série";"https://www.arte.tv/fr/videos/RC-024574/de-grace/"
"ARTE (FR)";"FR";"2026-09-30";"Regarder";"https://www.arte.tv/fr/videos/RC-024574/de-grace/"
"ARTE (FR)";"FR";"2026-09-30";"Bande-annonce";"https://www.arte.tv/fr/videos/RC-024574/?trailer=true"
"ARTE (FR)";"FR";"2026-09-30";"Concert";"https://www.arte.tv/fr/videos/133232-004-A/marguerite/"
"ARTE (FR)";"FR";"2026-09-30";"MargueriteLa révélation pop au Cabaret VertRévélée par la Star Academy, Marguerite livre une performance mêlant sensibilité, franchise et espièglerie.52 minConcert";"https://www.arte.tv/fr/videos/133232-004-A/marguerite/"
"ARTE (FR)";"FR";"2026-09-30";"Regarder";"https://www.arte.tv/fr/videos/133232-004-A/marguerite/"
"ARTE (FR)";"FR";"2026-09-30";"Concert";"https://www.arte.tv/fr/videos/133654-000-A/selah-sue-and-the-gallands/"
"ARTE (FR)";"FR";"2026-09-30";"Selah Sue and the GallandsSession en plein air au lac LémanPour sa 60e édition, le Montreux Jazz Festival dévoile une session live d’exception avec Selah Sue & The Gallands. 34 minConcert";"https://www.arte.tv/fr/videos/133654-000-A/selah-sue-and-the-gallands/"
"ARTE (FR)";"FR";"2026-09-30";"Regarder";"https://www.arte.tv/fr/videos/133654-000-A/selah-sue-and-the-gallands/"
"ARTE (FR)";"FR";"2026-09-30";"Votre prochaine série vous attend";"https://www.arte.tv/fr/videos/series-et-fictions/"
"ARTE (FR)";"FR";"2026-09-30";"Voir tout";"https://www.arte.tv/fr/videos/series-et-fictions/"
"ARTE (FR)";"FR";"2026-09-30";"Nos films à l'affiche";"https://www.arte.tv/fr/videos/cinema/"
"ARTE (FR)";"FR";"2026-09-30";"Voir tout";"https://www.arte.tv/fr/videos/cinema/"
"ARTE (FR)";"FR";"2026-09-30";"Les documentaires à ne pas manquer";"https://www.arte.tv/fr/videos/documentaires-et-reportages/"
"ARTE (FR)";"FR";"2026-09-30";"Voir tout";"https://www.arte.tv/fr/videos/documentaires-et-reportages/"
"ARTE (FR)";"FR";"2026-09-30";"Les expos de l'automne";"https://www.arte.tv/fr/videos/RC-028320/les-expos-de-la-rentree/"
"ARTE (FR)";"FR";"2026-09-30";"Voir tout";"https://www.arte.tv/fr/videos/RC-028320/les-expos-de-la-rentree/"
"ARTE (FR)";"FR";"2026-09-30";"Culture";"https://www.arte.tv/fr/videos/culture-et-pop/"
"ARTE (FR)";"FR";"2026-09-30";"Voir tout";"https://www.arte.tv/fr/videos/culture-et-pop/"
"ARTE (FR)";"FR";"2026-09-30";"Nos émissions en un coup d'œil";"https://www.arte.tv/fr/videos/emissions/"
"ARTE (FR)";"FR";"2026-09-30";"Voir tout";"https://www.arte.tv/fr/videos/emissions/"
"ARTE (FR)";"FR";"2026-09-30";"Histoire";"https://www.arte.tv/fr/videos/histoire/"
"ARTE (FR)";"FR";"2026-09-30";"Voir tout";"https://www.arte.tv/fr/videos/histoire/"
"ARTE (FR)";"FR";"2026-09-30";"Sciences et technologies";"https://www.arte.tv/fr/videos/sciences/"
"ARTE (FR)";"FR";"2026-09-30";"Voir tout";"https://www.arte.tv/fr/videos/sciences/"
"ARTE (FR)";"FR";"2026-09-30";"Les vidéos les plus vues";"https://www.arte.tv/fr/videos/plus-vues/"
"ARTE (FR)";"FR";"2026-09-30";"Voir tout";"https://www.arte.tv/fr/videos/plus-vues/"
"ARTE (FR)";"FR";"2026-09-30";"Catastrophe - Une série british sur les affres du couple";"https://www.arte.tv/fr/videos/RC-027959/catastrophe/"
"ARTE (FR)";"FR";"2026-09-30";"Taxe-moi, si tu peux ! - Les astuces fiscales des super-riches";"https://www.arte.tv/fr/videos/RC-027810/taxe-moi-si-tu-peux/"
"Time Magazine World (EN)";"EN";"2026-09-30";"Fetterman, a Democrat, Turns to Republicans for Campaign Cash";"https://time.com/article/2026/09/29/john-fetterman-democrat-turns-to-republicans-for-campaign-cash/"
"Time Magazine World (EN)";"EN";"2026-09-30";"TV Networks Resume White House Pool Coverage—With a Caveat";"https://time.com/article/2026/09/29/trump-white-house-press-pool-tv-networks-cnn/"
"Time Magazine World (EN)";"EN";"2026-09-30";"How Google Is Quietly Turning Millions of People Into AI Users";"https://time.com/article/2026/09/29/google-search-ai-mode-chat/"
"Time Magazine World (EN)";"EN";"2026-09-30";"What Trump's Hunt for Non-Citizen Voters Is Showing";"https://time.com/article/2026/09/29/trump-non-citizen-voting-voter-fraud-claims/"
"Time Magazine World (EN)";"EN";"2026-09-30";"What to Know About the Pentagon Breach Affecting Millions";"https://time.com/article/2026/09/29/pentagon-department-defense-manpower-data-center-breach-personnel-information/"
"Time Magazine World (EN)";"EN";"2026-09-30";"How the War is Changing the Geography of Iran’s Influence";"https://time.com/article/2026/09/29/iran-war-houthis-red-sea-chokepoints-regional-influence/"
"Time Magazine World (EN)";"EN";"2026-09-30";"Millions of Americans Live in a County Without a Surgeon";"https://time.com/article/2026/09/29/millions-of-americans-live-in-a-county-without-a-surgeon/"
"Time Magazine World (EN)";"EN";"2026-09-30";"TIME Names Inaugural List of Executives of the Year: Tech and Data";"https://time.com/article/2026/09/22/time-names-inaugural-list-of-executives-of-the-year-tech-and-data/"
"Time Magazine World (EN)";"EN";"2026-09-30";"Why You Should Make a Reverse Bucket List";"https://time.com/article/2026/09/29/reverse-bucket-list-benefits-how-to-make/"
"Time Magazine World (EN)";"EN";"2026-09-30";"Why You Should Join a Choir";"https://time.com/article/2026/09/25/why-you-should-join-a-choir/"
"Time Magazine World (EN)";"EN";"2026-09-30";"Why That Mucus in Your Throat Won’t Go Away";"https://time.com/article/2026/09/29/postnasal-drip-mucus-throat/"
"Time Magazine World (EN)";"EN";"2026-09-30";"Flying Doesn’t Have to Be This Miserable";"https://time.com/article/2026/09/29/flying-doesn-t-have-to-be-this-miserable/"
"Time Magazine World (EN)";"EN";"2026-09-30";"Amy Sherald Would Rather Walk Away Than Water Down Her ArtAmy Sherald Would Rather Walk Away Than Water Down Her Art";"https://time.com/collection/time100-art/2026/amy-sherald/"
"Time Magazine World (EN)";"EN";"2026-09-30";"Joseph Gordon-Levitt";"https://time.com/collection/time100-ai/2026/joseph-gordon-levitt/"
"Time Magazine World (EN)";"EN";"2026-09-30";"Money Reveals What Kind of Friend You Are";"https://time.com/article/2026/09/28/money-reveals-what-kind-of-friend-you-are/"
"Time Magazine World (EN)";"EN";"2026-09-30";"The Case Against Pacing the AI Frontier";"https://time.com/article/2026/09/28/the-case-against-pacing-the-ai-frontier/"
"Time Magazine World (EN)";"EN";"2026-09-30";"2026 TIME Executives of the Year: Tech and Data";"https://time.com/collection/executives-of-the-year-tech-data/2026/"
"Time Magazine World (EN)";"EN";"2026-09-30";"Eli Lilly’s Experimental Weight-Loss Drug Shows Promising Results";"https://time.com/article/2026/09/29/eli-lilly-triple-targeting-experimental-weight-loss-drug-promising-results/"
"Time Magazine World (EN)";"EN";"2026-09-30";"Six Flags Closes Its X2 Roller Coaster After Brain-Injury Lawsuits";"https://time.com/article/2026/09/29/six-flags-x2-roller-coaster-linked-to-brain-damage/"
"Time Magazine World (EN)";"EN";"2026-09-30";"The Truth About ‘Addictive Personalities’";"https://time.com/article/2026/09/28/truth-about-addictive-personality/"
"Time Magazine World (EN)";"EN";"2026-09-30";"The 5 Best Strength Exercises for People Over 50";"https://time.com/article/2026/09/24/5-best-strength-exercises-for-people-over-50/"
"Time Magazine World (EN)";"EN";"2026-09-30";"The Story of 'The Swan: Behind the Mirror'";"https://time.com/article/2026/09/28/the-swan-behind-the-mirror-true-story/"
"Time Magazine World (EN)";"EN";"2026-09-30";"Tom Cruise Bloviates His Way Through the Aggressively Unfunny Digger";"https://time.com/article/2026/09/29/digger-review/"
"Time Magazine World (EN)";"EN";"2026-09-30";"Review: Ha-Chan, Shake Your Booty!";"https://time.com/article/2026/09/25/ha-chan-shake-your-booty-review/"
"Time Magazine World (EN)";"EN";"2026-09-30";"The True Story Behind 'Unabomber'";"https://time.com/article/2026/09/21/the-true-story-behind-unabomber-netflix-/"
"Time Magazine World (EN)";"EN";"2026-09-30";"'War' Doesn't Know Which Side It's On";"https://time.com/article/2026/09/25/war-review-hbo/"
"Time Magazine World (EN)";"EN";"2026-09-30";"Review: Your Mother Your Mother Your Mother";"https://time.com/article/2026/09/24/your-mother-your-mother-your-mother-review/"
"Time Magazine World (EN)";"EN";"2026-09-30";"Netflix's 'A Different World' Revival: Review";"https://time.com/article/2026/09/24/different-world-netflix-review/"
"Time Magazine World (EN)";"EN";"2026-09-30";"The Fight to Rein In AI Is Dividing Washington";"https://time.com/article/2026/09/25/ai-congress-regulation-safety-democrats-republicans/"
"Time Magazine World (EN)";"EN";"2026-09-30";"Trump and Xi Meet Ahead of State Dinner With A.I. Leaders";"https://time.com/article/2026/09/24/Trump-Xi-meeting-White-House-2026-AI-trade-Iran/"
"Time Magazine World (EN)";"EN";"2026-09-30";"AI Arrived at the Worst Possible Moment";"https://time.com/article/2026/09/24/ai-arrived-at-the-worst-possible-moment/"
"Time Magazine World (EN)";"EN";"2026-09-30";"Australia Condemns ‘Unacceptable’ OpenAI Breach of Government Health Portal";"https://time.com/article/2026/09/24/australia-condemns-unacceptable-openai-breach-of-government-health-portal/"
"Time Magazine World (EN)";"EN";"2026-09-30";"Governments Must Prohibit Superintelligent AI While We Still Can";"https://time.com/article/2026/09/23/governments-must-prohibit-superintelligent-ai-while-we-still-can/"
"Time Magazine World (EN)";"EN";"2026-09-30";"How Does Climate Change Impact Nor'easters?";"https://time.com/article/2026/09/25/climate-change-nor-easters/"
"Time Magazine World (EN)";"EN";"2026-09-30";"Everyone's Still Talking About Climate Change, Actually";"https://time.com/article/2026/09/25/new-york-climate-week/"
"Time Magazine World (EN)";"EN";"2026-09-30";"How To Help Pollinators Survive Winter";"https://time.com/article/2026/09/24/fall-yard-cleanup-pollinators-winter/"
"Time Magazine World (EN)";"EN";"2026-09-30";"Why California Declared a State of Emergency Due to El Niño";"https://time.com/article/2026/09/23/california-state-of-emergency-el-nino/"
"Time Magazine World (EN)";"EN";"2026-09-30";"Hurricane Polo Intensifies Off Mexico’s Coast";"https://time.com/article/2026/09/23/hurricane-polo-natural-disaster-el-nino-weather-mexico/"
"Time Magazine World (EN)";"EN";"2026-09-30";"The Past Decade’s Emissions Are Driving Worse Heat Waves in Europe";"https://time.com/article/2026/09/22/emissions-paris-agreement-europe-heat-waves-study/"
"Time Magazine World (EN)";"EN";"2026-09-30";"In Europe, Today's Children Will Live Through More Fire Weather Than Their Grandparents";"https://time.com/article/2026/09/21/children-europe-extreme-fire-weather-climate-future/"
"Icilome (FR)";"FR";"2026-09-30";"Togo- Agression au siège de la CDPA : pour Adjamagbo-Johnson, l’enquête s’est bloquée après la promotion de l’officier chargé du dossier";"https://icilome.com/2026/09/togo-agression-au-siege-de-la-cdpa-pour-adjamagbo-johnson-lenquete-sest-bloquee-apres-la-promotion-de-lofficier-charge-du-dossier/"
"Icilome (FR)";"FR";"2026-09-30";"Agression de journalistes en septembre 2024 : le PPT s’interroge sur l’indifférence du gouvernement";"https://icilome.com/2026/09/agression-de-journalistes-en-septembre-2024-le-ppt-sinterroge-sur-lindifference-du-gouvernement/"
"Icilome (FR)";"FR";"2026-09-30";"Togo : Mme Kafui Adjamagbo-Johnson, pourquoi elle ne démissionne pas de l’Assemblée… pour l’instant";"https://icilome.com/2026/09/togo-mme-kafui-adjamagbo-johnson-pourquoi-elle-ne-demissionne-pas-de-lassemblee/"
"Icilome (FR)";"FR";"2026-09-30";"Mali : Amnesty International accuse l’armée et Wagner de crimes de guerre contre des civils";"https://icilome.com/2026/09/141120/"
"Icilome (FR)";"FR";"2026-09-30";"Togo- Précarité des journalistes du privé: Le cri d’alarme du SYNJIT auprès des Nations Unies";"https://icilome.com/2026/09/togo-precarite-des-journalistes-du-prive-le-cri-dalarme-du-synjit-aupres-des-nations-unies/"
"Icilome (FR)";"FR";"2026-09-30";"Agoè-Fidokpui : Poteaux et câbles électriques abandonnés au milieu d’un marché inauguré aujourd’hui";"https://icilome.com/2026/09/agoe-fidokpui-poteaux-et-cables-electriques-abandonnes-au-milieu-dun-marche-inaugure-aujourdhui/"
"Icilome (FR)";"FR";"2026-09-30";"Togo- 29 septembre 2024 : deux ans après, les journalistes agressés au siège de la CDPA attendent toujours des réponses";"https://icilome.com/2026/09/togo-29-septembre-2024-deux-ans-apres-les-journalistes-agresses-au-siege-de-la-cdpa-attendent-toujours-des-reponses/"
"Icilome (FR)";"FR";"2026-09-30";"Togo- Eau potable : Kara lance un chantier pour près de 200 000 personnes";"https://icilome.com/2026/09/togo-eau-potable-kara-lance-un-chantier-pour-pres-de-200-000-personnes/"
"Icilome (FR)";"FR";"2026-09-30";"Après la mobilisation de New York, la DMK ORIGINALE appelle à l’unité des forces démocratiques togolaises";"https://icilome.com/2026/09/apres-la-mobilisation-de-new-york-la-dmk-originale-appelle-a-lunite-des-forces-democratiques-togolaises/"
"Icilome (FR)";"FR";"2026-09-30";"CreaConnex 2026 : les créateurs de contenu appelés à mieux structurer leur activité";"https://icilome.com/2026/09/creaconnex-2026-les-createurs-de-contenu-appeles-a-mieux-structurer-leur-activite/"
"Icilome (FR)";"FR";"2026-09-30";"Togo – Hongrie : vers une accélération des projets communs dans l’eau et l’assainissement";"https://icilome.com/2026/09/togo-hongrie-vers-une-acceleration-des-projets-communs-dans-leau-et-lassainissement/"
"Icilome (FR)";"FR";"2026-09-30";"Comment le Togo s’écroule tout seul";"https://icilome.com/2026/09/comment-le-togo-secroule-tout-seul/"
"Icilome (FR)";"FR";"2026-09-30";"Le carburant a monté, la santé est descendue";"https://icilome.com/2026/09/le-carburant-a-monte-la-sante-est-descendue/"
"Icilome (FR)";"FR";"2026-09-30";"Togo – Noces de cristal du SYNJIT : hommage aux pionniers et cap sur l’avenir";"https://icilome.com/2026/09/togo-noces-de-cristal-du-synjit-hommage-aux-pionniers-et-cap-sur-lavenir/"
"Icilome (FR)";"FR";"2026-09-30";"Togo – SYNJIT : 15 ans d’engagement syndical, un webinaire pour remobiliser les journalistes togolais";"https://icilome.com/2026/08/togo-synjit-15-ans-dengagement-syndical-un-webinaire-pour-remobiliser-les-journalistes-togolais/"
"Icilome (FR)";"FR";"2026-09-30";"Édito- Au Togo, on n’arrête plus les voleurs, on arrête les vendeurs de journaux";"https://icilome.com/2026/08/edito-au-togo-on-narrete-plus-les-voleurs-on-arrete-les-vendeurs-de-journaux/"
"Icilome (FR)";"FR";"2026-09-30";"Togo- Le PPT dénonce une « caporalisation » de la presse après l’interpellation musclée d’un vendeur de journaux";"https://icilome.com/2026/08/togo-le-ppt-denonce-une-caporalisation-de-la-presse-apres-linterpellation-musclee-dun-vendeur-de-journaux/"
"Icilome (FR)";"FR";"2026-09-30";"Oration On Liberty! Addressed to the People and Governors of Togo";"https://icilome.com/2026/07/oration-on-liberty-addressed-to-the-people-and-governors-of-togo/"
"Icilome (FR)";"FR";"2026-09-30";"Togo- Le SYNJIT prépare ses 15 ans avec de nouvelles cartes de membres";"https://icilome.com/2026/07/togo-le-synjit-prepare-ses-15-ans-avec-de-nouvelles-cartes-de-membres/"
"Icilome (FR)";"FR";"2026-09-30";"Video: Abdoul Aziz Goma Addresses the UN on Repression in Togo";"https://icilome.com/2026/03/video-abdoul-aziz-goma-addresses-the-un-on-repression-in-togo/"
"Icilome (FR)";"FR";"2026-09-30";"Togo – Enquête, pressions et refus de l’exil : le message fort de Roger Amemavoh (Vidéo)";"https://icilome.com/2026/02/togo-enquete-pressions-et-refus-de-lexil-le-message-fort-de-roger-amemavor-video/"
"Icilome (FR)";"FR";"2026-09-30";"Bénin : Le président Talon s’adresse à la nation après la tentative de coup d’État (vidéo)";"https://icilome.com/2025/12/benin-le-president-talon-sadresse-a-la-nation-apres-la-tentative-de-coup-detat-video/"
"Icilome (FR)";"FR";"2026-09-30";"Yves Edoh Agbodjan, alias Togbevi Kpéssé précise les objectifs de la délégation du M66 à New York (Interview)";"https://icilome.com/2025/09/yves-edoh-agbodjan-alias-togbevi-kpesse-precise-les-objectifs-de-la-delegation-du-m66-a-new-york-interview/"
"Icilome (FR)";"FR";"2026-09-30";"Vidéo – Le MO5 rejoint l’appel à la mobilisation du 30 août au Togo";"https://icilome.com/2025/08/video-le-mo5-rejoint-lappel-a-la-mobilisation-du-30-aout-au-togo/"
"Icilome (FR)";"FR";"2026-09-30";"« Correct the Map » : Dussey, Bishop Donald et Blessing OR fêtent la victoire";"https://icilome.com/2026/09/correct-the-map-dussey-bishop-donald-et-blessing-or-fetent-la-victoire/"
"Icilome (FR)";"FR";"2026-09-30";"Africa Next Bénévolat : les lauréats des Africa Next Awards s’engagent à accompagner 100 PME africaines";"https://icilome.com/2026/09/africa-next-benevolat-les-laureats-des-africa-next-awards-sengagent-a-accompagner-100-pme-africaines/"
"Icilome (FR)";"FR";"2026-09-30";"Togo : à Tchamba, 473 patients attendent l’aboutissement d’une mission chirurgicale gratuite";"https://icilome.com/2026/09/togo-a-tchamba-473-patients-attendent-laboutissement-dune-mission-chirurgicale-gratuite/"
"Icilome (FR)";"FR";"2026-09-30";"Togo- Kégué a retrouvé ses Éperviers, et les Éperviers ont retrouvé leur public";"https://icilome.com/2026/09/togo-kegue-a-retrouve-ses-eperviers-et-les-eperviers-ont-retrouve-leur-public/"
"Icilome (FR)";"FR";"2026-09-30";"Personnes sourdes au Togo : L’AST réclame des droits accessibles dans les faits";"https://icilome.com/2026/09/personnes-sourdes-au-togo-last-reclame-des-droits-accessibles-dans-les-faits/"
"Icilome (FR)";"FR";"2026-09-30";"Togo- Savanes, une bombe sociale : autochtones et réfugiés burkinabé se disputent les ressources limitées";"https://icilome.com/2026/09/togo-savanes-une-bombe-sociale-autochtones-et-refugies-burkinabe-se-disputent-les-ressources-limitees/"
"Icilome (FR)";"FR";"2026-09-30";"Nationale N°1/Après l’ultimatum : A quand le démarrage des travaux ?";"https://icilome.com/2026/09/nationale-n1-apres-lultimatum-a-quand-le-demarrage-des-travaux/"
"Icilome (FR)";"FR";"2026-09-30";"Togo- Vers quelle destination nous conduit-on ?";"https://icilome.com/2026/09/togo-vers-quelle-destination-nous-conduit-on/"
"Icilome (FR)";"FR";"2026-09-30";"Togo – Burundi : Les Éperviers appelés à étouffer les Hirondelles d’entrée";"https://icilome.com/2026/09/togo-burundi-les-eperviers-appeles-a-etouffer-les-hirondelles-dentree/"
"Icilome (FR)";"FR";"2026-09-30";"Chine-Togo : 54 ans de relations diplomatiques célébrés à Lomé";"https://icilome.com/2026/09/chine-togo-54-ans-de-relations-diplomatiques-celebres-a-lome/"
"Icilome (FR)";"FR";"2026-09-30";"Cherté des soins dans les hôpitaux publics face au droit  à la santé au Togo";"https://icilome.com/2026/09/cherte-des-soins-dans-les-hopitaux-publics-face-au-droit-a-la-sante-au-togo/"
"Icilome (FR)";"FR";"2026-09-30";"Togo- Prof. Kadanga Beketi :  « Les opinions politiques, religieuses ou sociales d’un patient ne peuvent pas constituer un motif de refus de soins »";"https://icilome.com/2026/09/togo-prof-kadanga-beketi-les-opinions-politiques-religieuses-ou-sociales-dun-patient-ne-peuvent-pas-constituer-un-motif-de-refus-de-soins/"
"Icilome (FR)";"FR";"2026-09-30";"Togo – 40 ans après, le devoir de mémoire";"https://icilome.com/2026/09/togo-40-ans-apres-le-devoir-de-memoire/"
"Icilome (FR)";"FR";"2026-09-30";"Togo – OTR : 155 véhicules seront mis aux enchères au PAL";"https://icilome.com/2026/09/togo-otr-155-vehicules-seront-mis-aux-encheres-au-pal/"
"Icilome (FR)";"FR";"2026-09-30";"Tribune – Épilogue | L’Ordre a parlé : Quand la déontologie a le dernier mot sur la menace";"https://icilome.com/2026/09/tribune-epilogue-lordre-a-parle-quand-la-deontologie-a-le-dernier-mot-sur-la-menace/"
"Icilome (FR)";"FR";"2026-09-30";"Robert Dussey sur la présence des “mercenaires russes” au Togo";"https://icilome.com/2026/09/robert-dussey-sur-la-presence-des-mercenaires-russes-au-togo/"
"Icilome (FR)";"FR";"2026-09-30";"Laissons le livre d’Orélien faire le même chemin";"https://icilome.com/2026/09/laissons-le-livre-dorelien-faire-le-meme-chemin/"
"Icilome (FR)";"FR";"2026-09-30";"Togo- Aéroport de Lomé : l’espace duty free cédé à un privé";"https://icilome.com/2026/09/togo-aeroport-de-lome-lespace-duty-free-cede-a-un-prive/"
"Icilome (FR)";"FR";"2026-09-30";"Togo – L’Ordre des médecins interpellé après des propos controversés de Mme Myriam Dossou-d’Almeida";"https://icilome.com/2026/09/togo-lordre-des-medecins-interpelle-apres-des-propos-controverses-de-mme-myriam-dossou-dalmeida/"
"Icilome (FR)";"FR";"2026-09-30";"Togo – Trois mois après le cambriolage de son cabinet, aucune avancée dans l’enquête sur Me Bokodjin";"https://icilome.com/2026/09/togo-trois-mois-apres-le-cambriolage-de-son-cabinet-aucune-avancee-dans-lenquete-sur-me-bokodjin/"
"Icilome (FR)";"FR";"2026-09-30";"Togo-Russie : Lomé accueille la première commission mixte intergouvernementale du 29 septembre au 1er octobre";"https://icilome.com/2026/09/togo-russie-lome-accueille-la-premiere-commission-mixte-intergouvernementale-du-29-septembre-au-1er-octobre/"
"Icilome (FR)";"FR";"2026-09-30";"Togo : la HARC muscle son dialogue avec les créateurs de contenus, entre pédagogie et encadrement publicitaire";"https://icilome.com/2026/09/togo-la-harc-muscle-son-dialogue-avec-les-createurs-de-contenus-entre-pedagogie-et-encadrement-publicitaire/"
"Icilome (FR)";"FR";"2026-09-30";"Togo- Fraude au bac : cinq ans de suspension pour deux agents d’un centre d’écrit à Tabligbo";"https://icilome.com/2026/09/togo-fraude-au-bac-cinq-ans-de-suspension-pour-deux-agents-dun-centre-decrit-a-tabligbo/"
"Icilome (FR)";"FR";"2026-09-30";"Togo – Le pouvoir togolais a plusieurs cordes à son arc";"https://icilome.com/2026/09/togo-le-pouvoir-togolais-a-plusieurs-cordes-a-son-arc/"
"Icilome (FR)";"FR";"2026-09-30";"Togo- Invité à Lomé pour un « accord de paix », le rebelle tchadien Luc Beyam finit en garde à vue pour dette d’hôtel";"https://icilome.com/2026/09/togo-invite-a-lome-pour-un-accord-de-paix-le-rebelle-tchadien-luc-beyam-finit-en-garde-a-vue-pour-dette-dhotel/"
"Icilome (FR)";"FR";"2026-09-30";"Togo- Biologie médicale : La qualité des diagnostics passe aussi par les équipements et les normes";"https://icilome.com/2026/09/togo-biologie-medicale-la-qualite-des-diagnostics-passe-aussi-par-les-equipements-et-les-normes/"
"Icilome (FR)";"FR";"2026-09-30";"Quelle démocratie pour l’Afrique aujourd’hui ?";"https://icilome.com/2026/09/quelle-democratie-pour-lafrique-aujourdhui/"
"Icilome (FR)";"FR";"2026-09-30";"Edito | Au Togo ou en Guinée, le journalisme : un parcours du combattant";"https://icilome.com/2026/09/au-togo-ou-en-guinee-le-journalisme-un-parcours-du-combattant/"
"Icilome (FR)";"FR";"2026-09-30";"Togo Debout USA porte la situation politique et les préoccupations de la diaspora à Washington";"https://icilome.com/2026/09/togo-debout-usa-porte-la-situation-politique-et-les-preoccupations-de-la-diaspora-a-washington/"
"Icilome (FR)";"FR";"2026-09-30";"Togo- Hausse des prix du carburant : Deux Togolais s’affrontent, le virtuel et le réel";"https://icilome.com/2026/09/togo-hausse-des-prix-du-carburant-deux-togolais-saffrontent-le-virtuel-et-le-reel/"
"Icilome (FR)";"FR";"2026-09-30";"Togo / Scandale au Ministère du Tourisme: Les Secrets bien gardés d’un Hold-up en bande organisée";"https://icilome.com/2026/09/togo-scandale-au-ministere-du-tourisme-les-secrets-bien-gardes-dun-hold-up-en-bande-organisee/"
"Icilome (FR)";"FR";"2026-09-30";"Au Togo, QNET veut reprendre la main sur son image face aux arnaques";"https://icilome.com/2026/09/au-togo-qnet-veut-reprendre-la-main-sur-son-image-face-aux-arnaques/"
"Icilome (FR)";"FR";"2026-09-30";"« QNET n’est pas une agence de voyage » : Cherif Saar veut distinguer la marque des arnaques qui l’usurpent";"https://icilome.com/2026/09/qnet-nest-pas-une-agence-de-voyage-cherif-saar-veut-distinguer-la-marque-des-arnaques-qui-lusurpent/"
"Icilome (FR)";"FR";"2026-09-30";"Abdoul Aziz Goma, le «good samaritan» mis à l´honneur par Freedom Now";"https://icilome.com/2026/09/abdoul-aziz-goma-le-good-samaritan-mis-a-lhonneur-par-freedom-now/"
"Icilome (FR)";"FR";"2026-09-30";"Rentrée scolaire sur fond de la hausse du prix du carburant : Un pouvoir INSENSIBLE";"https://icilome.com/2026/09/rentree-scolaire-sur-fond-de-la-hausse-du-prix-du-carburant-un-pouvoir-insensible/"
"Icilome (FR)";"FR";"2026-09-30";"Togo – Hausse du prix du carburant : La DMK appelle à une mobilisation pacifique";"https://icilome.com/2026/09/togo-hausse-du-prix-du-carburant-la-dmk-appelle-a-une-mobilisation-pacifique/"
"Icilome (FR)";"FR";"2026-09-30";"Pendant que des tonnes de riz Kovié pourrissent dans les magasins, le gouvernement commercialise du riz japonais";"https://icilome.com/2026/09/pendant-que-des-tonnes-de-riz-kovie-pourrissent-dans-les-magasins-le-gouvernement-commercialise-du-riz-japonais/"
"Icilome (FR)";"FR";"2026-09-30";"La campagne contemporaine « Correct the Map » n’est pas née au Togo";"https://icilome.com/2026/09/la-campagne-contemporaine-correct-the-map-nest-pas-nee-au-togo/"
"Icilome (FR)";"FR";"2026-09-30";"Togo- Classement Lloyd’s List 2026 : le Port de Lomé grimpe au 91ᵉ rang mondial";"https://icilome.com/2026/09/togo-classement-lloyds-list-2026-le-port-de-lome-grimpe-au-91%e1%b5%89-rang-mondial/"
"Icilome (FR)";"FR";"2026-09-30";"ABM-TOGO : Quatre ans d’actions, des acquis et des chantiers à poursuivre";"https://icilome.com/2026/09/abm-togo-quatre-ans-dactions-des-acquis-et-des-chantiers-a-poursuivre/"
"Icilome (FR)";"FR";"2026-09-30";"« Le peuple ne mange pas les notations » : Oligui Nguema dans le concret, Faure Gnassingbé dans les chiffres fabriqués";"https://icilome.com/2026/09/le-peuple-ne-mange-pas-les-notations-oligui-nguema-dans-le-concret-faure-gnassingbe-dans-les-chiffres-fabriques/"
"Icilome (FR)";"FR";"2026-09-30";"Au Togo, la télédermatologie s’impose comme une réponse au déficit de dermatologues";"https://icilome.com/2026/09/au-togo-la-teledermatologie-simpose-comme-une-reponse-au-deficit-de-dermatologues/"
"Icilome (FR)";"FR";"2026-09-30";"Togo- Roger Folikoué : « La démocratie est le sursaut du pluriel contre l’irrésistible tentation de l’un »";"https://icilome.com/2026/09/togo-roger-folikoue-la-democratie-est-le-sursaut-du-pluriel-contre-lirresistible-tentation-de-lun/"
"Icilome (FR)";"FR";"2026-09-30";"Togo – Nouvelle flambée des prix du carburant, la colère des consommateurs monte";"https://icilome.com/2026/09/togo-nouvelle-flambee-des-prix-du-carburant-la-colere-des-consommateurs-monte/"
"Icilome (FR)";"FR";"2026-09-30";"Tribune | Changement de Constitution au Togo – une énormité historique devenue une jurisprudence et un cas d’école";"https://icilome.com/2026/09/tribune-changement-de-constitution-au-togo-une-enormite-historique-devenue-une-jurisprudence-et-un-cas-decole/"
"Icilome (FR)";"FR";"2026-09-30";"« La seule voie pacifique » : l’appel de Nathaniel Olympio au Togo";"https://icilome.com/2026/09/la-seule-voie-pacifique-lappel-de-nathaniel-olympio-au-togo/"
"Icilome (FR)";"FR";"2026-09-30";"À Paris, la création togolaise s’invite à ArtTrip grâce à Kokou Ekouagou";"https://icilome.com/2026/09/a-paris-la-creation-togolaise-sinvite-a-arttrip-grace-a-kokou-ekouagou/"
"Togo First (FR)";"FR";"2026-09-30";"Togo : la BIDC lance l’EIF 2027, plus de 500 participants et 40 projets annoncés à Lomé";"https://www.togofirst.com/fr/gouvernance-economique/3009-20207-togo-la-bidc-lance-l-eif-2027-plus-de-500-participants-et-40-projets-annonces-a-lome"
"Togo First (FR)";"FR";"2026-09-30";"Port de Lomé : les contrôles se renforcent aux entrées et sorties des môles 1 et 2";"https://www.togofirst.com/fr/gouvernance-economique/3009-20208-port-de-lome-les-controles-se-renforcent-aux-entrees-et-sorties-des-moles-1-et-2"
"Togo First (FR)";"FR";"2026-09-30";"BIDC : 10 millions USD mobilisés pour l’agriculture climatique au Togo et dans deux autres pays";"https://www.togofirst.com/fr/agro/2909-20204-bidc-10-millions-usd-mobilises-pour-l-agriculture-climatique-au-togo-et-dans-deux-autres-pays"
"Togo First (FR)";"FR";"2026-09-30";"Togo : de nouvelles démarches administratives désormais accessibles en ligne";"https://www.togofirst.com/fr/services-publics/2909-20203-togo-de-nouvelles-demarches-administratives-desormais-accessibles-en-ligne"
"Togo First (FR)";"FR";"2026-09-30";"Libre circulation en Afrique : Lomé prépare le futur Conseil consultatif des migrations";"https://www.togofirst.com/fr/gouvernance-economique/2909-20197-libre-circulation-en-afrique-lome-prepare-le-futur-conseil-consultatif-des-migrations"
"Togo First (FR)";"FR";"2026-09-30";"Togo : « Voix du Togo » entre en phase de test pour intégrer les langues locales à l’IA";"https://www.togofirst.com/fr/tic/2909-20196-togo-voix-du-togo-entre-en-phase-de-test-pour-integrer-les-langues-locales-a-l-ia"
"Togo First (FR)";"FR";"2026-09-30";"Togo : la campagne café-cacao 2026-2027 démarre avec de nouveaux prix aux producteurs";"https://www.togofirst.com/fr/agro/2909-20195-togo-la-campagne-cafe-cacao-2026-2027-demarre-avec-de-nouveaux-prix-aux-producteurs"
"Togo First (FR)";"FR";"2026-09-30";"Togo : les chiffres clés du secteur touristique";"https://www.togofirst.com/fr/culture/2909-20194-togo-les-chiffres-cles-du-secteur-touristique"
"Togo First (FR)";"FR";"2026-09-30";"Eau potable : 27 milliards FCFA pour desservir plus de 200 000 personnes à Kara";"https://www.togofirst.com/fr/social/2909-20193-eau-potable-27-milliards-fcfa-pour-desservir-plus-de-200-000-personnes-a-kara"
"Togo First (FR)";"FR";"2026-09-30";"Le Togo accélère la mise en place d’un compte satellite pour mieux mesurer le poids du tourisme";"https://www.togofirst.com/fr/gouvernance-economique/2809-20188-le-togo-accelere-la-mise-en-place-d-un-compte-satellite-pour-mieux-mesurer-le-poids-du-tourisme"
"Togo First (FR)";"FR";"2026-09-30";"Épargne digitale : Ohana Africa et Ecobank lancent le « Compte Familial » au Togo";"https://www.togofirst.com/fr/finance/2809-20187-epargne-digitale-ohana-africa-et-ecobank-lancent-le-compte-familial-au-togo"
"Togo First (FR)";"FR";"2026-09-30";"L’Université de Kara conclut un partenariat avec la PIA pour rapprocher la recherche de l’industrie";"https://www.togofirst.com/fr/formation/2809-20186-l-universite-de-kara-conclut-un-partenariat-avec-la-pia-pour-rapprocher-la-recherche-de-l-industrie"
"Togo First (FR)";"FR";"2026-09-30";"Depuis Paris, la CCI-Togo veut connecter les PME aux marchés internationaux";"https://www.togofirst.com/fr/gouvernance-economique/2809-20185-depuis-paris-la-cci-togo-veut-connecter-les-pme-aux-marches-internationaux"
"Togo First (FR)";"FR";"2026-09-30";"Lomé et Abu Dhabi signent un accord d’exemption de visas diplomatiques";"https://www.togofirst.com/fr/politique/2809-20182-lome-et-abu-dhabi-signent-un-accord-d-exemption-de-visas-diplomatiques"
"Togo First (FR)";"FR";"2026-09-30";"Togo-Hongrie : après l’accord de 2025, Budapest veut accélérer les stations de boues de vidange du Grand Lomé";"https://www.togofirst.com/fr/social/2809-20181-togo-hongrie-apres-l-accord-de-2025-budapest-veut-accelerer-les-stations-de-boues-de-vidange-du-grand-lome"
"Togo First (FR)";"FR";"2026-09-30";"Togo : une nouvelle solution numérique de gestion des TPME lancée";"https://www.togofirst.com/fr/gouvernance-economique/2709-20178-vendre-facturer-suivre-b-pilot-l-appli-pour-simplifier-la-gestion-des-tpme"
"Togo First (FR)";"FR";"2026-09-30";"Télécoms : YAS conserve l'avantage national, mais Moov se distingue sur la 4G à Lomé";"https://www.togofirst.com/fr/telecoms/2709-20177-telecoms-yas-conserve-lavantage-national-mais-moov-se-distingue-sur-la-4g-a-lome"
"Togo First (FR)";"FR";"2026-09-30";"Gaëlle de Souza (Gazelle d'Afrik) : « On a tout chez nous, c'est nous-mêmes qui ne l'exploitons pas »";"https://www.togofirst.com/fr/agro/2609-20175-gael-de-souza-gazelle-dafrik-on-a-tout-chez-nous-cest-nous-memes-qui-ne-lexploitons-pas"
"Togo First (FR)";"FR";"2026-09-30";"« Nous voulons bâtir une marque laitière africaine à partir du wangash togolais », Assaba Akouétévi, promotrice de ROSHTA Wangash";"https://www.togofirst.com/fr/agro/1909-20108-nous-voulons-batir-une-marque-laitiere-africaine-a-partir-du-wangash-togolais-assaba-akouetevi-promotrice-de-roshta-wangash"
"Togo First (FR)";"FR";"2026-09-30";"Salim Tebonou (HORI) : « J'ai dû démissionner moi-même de la structure que j'avais créée pour repartir de zéro »";"https://www.togofirst.com/fr/gouvernance-economique/0208-19767-salim-tebonou-hori-jai-du-demissionner-moi-meme-de-la-structure-que-javais-creee-pour-repartir-de-zero"
"Togo First (FR)";"FR";"2026-09-30";"FIL 2026 : 70 % de réduction sur les stands pour les femmes et jeunes entrepreneurs";"https://www.togofirst.com/fr/gouvernance-economique/2707-19692-fil-2026-70-de-reduction-sur-les-stands-pour-les-femmes-et-jeunes-entrepreneurs"
"Togo First (FR)";"FR";"2026-09-30";"Togo : après la hausse du prix du carburant, le gouvernement baisse les tarifs de péage";"https://www.togofirst.com/fr/transport/0207-19428-togo-apres-la-hausse-du-prix-du-carburant-le-gouvernement-baisse-les-tarifs-de-peage"
"Togo First (FR)";"FR";"2026-09-30";"Togo : les résultats des examens désormais accessibles gratuitement via le Web, WhatsApp et Telegram";"https://www.togofirst.com/fr/education/0806-19171-togo-les-resultats-des-examens-desormais-accessibles-gratuitement-via-le-web-whatsapp-et-telegram"
"Togo First (FR)";"FR";"2026-09-30";"Le Togolais Kodjo Akpatigbe prend la tête de Deloitte au Togo et au Bénin";"https://www.togofirst.com/fr/finance/0207-19423-le-togolais-kodjo-akpatigbe-prend-la-tete-de-deloitte-au-togo-et-au-benin"
"Togo First (FR)";"FR";"2026-09-30";"Gouvernance et financement du secteur routier : le Togo crée l’AGEROUTE et la SONAFIR";"https://www.togofirst.com/fr/transport/2906-19371-gouvernance-et-financement-du-secteur-routier-le-togo-cree-l-ageroute-et-la-sonafir"
"Togo First (FR)";"FR";"2026-09-30";"Lancement d’une mission d’élaboration des normes de certification pour les entreprises de BTP";"https://www.togofirst.com/"
"Togo First (FR)";"FR";"2026-09-30";"Logement : à Kpomé-Dalavé, Adedze annonce le passage du programme des 20 000 unités à sa phase opérationnelle";"https://www.togofirst.com/fr/gouvernance-economique/1206-19219-logement-a-kpome-dalave-adedze-annonce-le-passage-du-programme-des-20-000-unites-a-sa-phase-operationnelle"
"Togo First (FR)";"FR";"2026-09-30";"Togo : pour une fonction publique plus performante, le gouvernement entend mettre en place un plan national";"https://www.togofirst.com/"
"Togo First (FR)";"FR";"2026-09-30";"Restauration des terres : la FAO lance un appel à projets pour des subventions pouvant atteindre 50 000 $";"https://www.togofirst.com/fr/agro/1506-19233-restauration-des-terres-la-fao-lance-un-appel-a-projets-pour-des-subventions-pouvant-atteindre-50-000"
"Togo First (FR)";"FR";"2026-09-30";"Togo : une mission de Gavi prépare la mise en œuvre de la stratégie 2026-2030";"https://www.togofirst.com/fr/sante/2509-20173-togo-une-mission-de-gavi-prepare-la-mise-en-uvre-de-la-strategie-2026-2030"
"Togo First (FR)";"FR";"2026-09-30";"Au Togo, les préfectures de Blitta et Ogou placées sous surveillance après une flambée de cas de rougeole";"https://www.togofirst.com/fr/sante/2509-20167-au-togo-les-prefectures-de-blitta-et-ogou-placees-sous-surveillance-apres-une-flambee-de-cas-de-rougeole"
"Togo First (FR)";"FR";"2026-09-30";"FESPACO 2027 : le Togo, pays invité d’honneur";"https://www.togofirst.com/fr/culture/2509-20166-fespaco-2027-le-togo-pays-invite-d-honneur"
"Togo First (FR)";"FR";"2026-09-30";"Protection des données : le Togo et le Mali renforcent leur coopération";"https://www.togofirst.com/fr/tic/2509-20165-protection-des-donnees-le-togo-et-le-mali-renforcent-leur-cooperation"
"Togo First (FR)";"FR";"2026-09-30";"La BOAD débloque 82 milliards FCFA au profit du Togo, pour l'Agriculture et l'énergie";"https://www.togofirst.com/fr/gouvernance-economique/2509-20164-la-boad-debloque-82-milliards-fcfa-au-profit-du-togo-pour-lagriculture-et-lenergie"
"Togo First (FR)";"FR";"2026-09-30";"Ecobank veut mobiliser 2,6 milliards $ pour les entreprises féminines africaines et l’agriculture d’ici 2030";"https://www.togofirst.com/fr/finance/2509-20163-ecobank-veut-mobiliser-2-6-milliards-pour-les-entreprises-feminines-africaines-et-l-agriculture-d-ici-2030"
"Togo First (FR)";"FR";"2026-09-30";"Administration publique : le Togo veut réduire les délais de traitement des actes administratifs";"https://www.togofirst.com/fr/services-publics/2409-20160-administration-publique-le-togo-veut-reduire-les-delais-de-traitement-des-actes-administratifs"
"Togo First (FR)";"FR";"2026-09-30";"Togo : PALCC+/INCLURE lance sa planification opérationnelle pour les aires protégées";"https://www.togofirst.com/fr/agro/2409-20157-togo-palcc/inclure-lance-sa-planification-operationnelle-pour-les-aires-protegees"
"Togo First (FR)";"FR";"2026-09-30";"Assurances : Lomé accueillera le 12e Forum des Marchés de la FANAF";"https://www.togofirst.com/fr/finance/2409-20156-assurances-lome-accueillera-le-12e-forum-des-marches-de-la-fanaf"
"Togo First (FR)";"FR";"2026-09-30";"Togo : l’OTR annonce une nouvelle vente aux enchères de 155 véhicules";"https://www.togofirst.com/fr/finances-publiques/2409-20155-togo-l-otr-annonce-une-nouvelle-vente-aux-encheres-de-155-vehicules"
"Togo First (FR)";"FR";"2026-09-30";"Togo-Rwanda : Lomé et Kigali renforcent leur coopération avec trois nouveaux accords";"https://www.togofirst.com/fr/politique/2409-20153-togo-rwanda-lome-et-kigali-renforcent-leur-cooperation-avec-trois-nouveaux-accords"
"Togo First (FR)";"FR";"2026-09-30";"Togo-Ghana : à Accra, le West African B2B Connect veut accélérer les affaires entre les deux marchés";"https://www.togofirst.com/fr/gouvernance-economique/2309-20149-togo-ghana-a-accra-le-west-african-b2b-connect-veut-accelerer-les-affaires-entre-les-deux-marches"
"Togo First (FR)";"FR";"2026-09-30";"Au Togo, la HARC veut mettre de l’ordre dans l’espace numérique";"https://www.togofirst.com/fr/tic/2309-20148-au-togo-la-harc-veut-mettre-de-l-ordre-dans-l-espace-numerique"
"Togo First (FR)";"FR";"2026-09-30";"Projet de Centrale bifuel de 120 MW : le ministère consulte les acteurs du marché";"https://www.togofirst.com/fr/energies/2309-20146-projet-de-centrale-bifuel-de-120-mw-le-ministere-consulte-les-acteurs-du-marche"
"Togo First (FR)";"FR";"2026-09-30";"Cartographie : Lomé s’appuie sur les créateurs d’Equal Earth pour mettre en œuvre la résolution de l’ONU";"https://www.togofirst.com/fr/gouvernance-economique/2309-20145-cartographie-lome-s-appuie-sur-les-createurs-d-equal-earth-pour-mettre-en-uvre-la-resolution-de-l-onu"
"Togo First (FR)";"FR";"2026-09-30";"Qualité : la HAUQE rencontre les entreprises pour accélérer leur mise aux normes";"https://www.togofirst.com/fr/gouvernance-economique/2309-20142-qualite-la-hauqe-rencontre-les-entreprises-pour-accelerer-leur-mise-aux-normes"
"Togo First (FR)";"FR";"2026-09-30";"CEDEAO : le Togolais Madadozi Teziké, nouveau directeur de l’Agriculture et du Développement rural";"https://www.togofirst.com/fr/agro/2309-20141-cedeao-le-togolais-madadozi-tezike-nouveau-directeur-de-l-agriculture-et-du-developpement-rural"
"Togo First (FR)";"FR";"2026-09-30";"Commerce : le Togo veut aider ses entreprises à mieux tirer parti des règles d’origine";"https://www.togofirst.com/fr/gouvernance-economique/2209-20139-commerce-le-togo-veut-aider-ses-entreprises-a-mieux-tirer-parti-des-regles-d-origine"
"Togo First (FR)";"FR";"2026-09-30";"Togo-Russie : la première réunion de la commission mixte intergouvernementale annoncée à Lomé";"https://www.togofirst.com/fr/politique/2209-20134-togo-russie-la-premiere-reunion-de-la-commission-mixte-intergouvernementale-annoncee-a-lome"
"Togo First (FR)";"FR";"2026-09-30";"Togo : des kits médicaux pour 10 000 personnes et un nouveau guide de surveillance des menaces sanitaires";"https://www.togofirst.com/fr/sante/2209-20133-togo-des-kits-medicaux-pour-10-000-personnes-et-un-nouveau-guide-de-surveillance-des-menaces-sanitaires"
"Togo First (FR)";"FR";"2026-09-30";"Crise en RDC : depuis New York, l’ONU et l’UA soutiennent la médiation togolaise";"https://www.togofirst.com/fr/politique/2209-20132-crise-en-rdc-depuis-new-york-l-onu-et-l-ua-soutiennent-la-mediation-togolaise"
"Togo First (FR)";"FR";"2026-09-30";"Togo : une centaine de Fabmanagers formés pour renforcer l’innovation technologique à l’école";"https://www.togofirst.com/fr/formation/2209-20131-firstbank-drc-rejoint-le-projet-de-digitalisation-des-recettes-de-transco"
"Togo First (FR)";"FR";"2026-09-30";"Formation professionnelle : le Togo mise sur le secteur privé et le numérique pour améliorer l’employabilité";"https://www.togofirst.com/fr/formation/2209-20129-formation-professionnelle-le-togo-mise-sur-le-secteur-prive-et-le-numerique-pour-ameliorer-l-employabilite"
"Togo First (FR)";"FR";"2026-09-30";"Togo : la dette publique ""baisse"" à 60,2 % du PIB à fin juin 2026";"https://www.togofirst.com/fr/gouvernance-economique/2109-20125-togo-la-dette-publique-baisse-a-60-2-du-pib-a-fin-juin-2026"
"Togo First (FR)";"FR";"2026-09-30";"Togo : plus de 35 000 tonnes de mangues produites en 2025, pour seulement 15 % exportés";"https://www.togofirst.com/fr/agro/2109-20122-togo-plus-de-35-000-tonnes-de-mangues-produites-en-2025-pour-seulement-15-exportes"
"Togo First (FR)";"FR";"2026-09-30";"Togo : le gouvernement lance un appel d’offres pour 5200 équipements de comptage intelligent";"https://www.togofirst.com/fr/energies/2109-20121-togo-le-gouvernement-lance-un-appel-d-offres-pour-5200-equipements-de-comptage-intelligent"
"L'Alternative (TG)";"FR";"2026-09-30";"Accueil";"https://lalternative.info/"
"L'Alternative (TG)";"FR";"2026-09-30";"A propos";"https://lalternative.info/about-us/"
"L'Alternative (TG)";"FR";"2026-09-30";"Abonnement";"https://lalternative.info/abonnez-vous-a-votre-journal/"
"L'Alternative (TG)";"FR";"2026-09-30";"Togo- Primature, ministère des Enseignements, brigade pour mineurs, CNDH passifs sur...";"https://lalternative.info/2024/09/14/togo-primature-ministere-des-enseignements-brigade-pour-mineurs-cndh-passifs-sur-le-viol-sur-une-petite-fille-a-lecole-la-madone/"
"L'Alternative (TG)";"FR";"2026-09-30";"Togo- Kao Baobadi, l’architecte de l’immeuble défectueux de la LONATO, ses...";"https://lalternative.info/2024/05/15/togo-kao-baobadi-larchitecte-de-limmeuble-defectueux-de-la-lonato-ses-deux-appartements-a-dubai/"
"L'Alternative (TG)";"FR";"2026-09-30";"Un appartement d’Yvonne Bawizibadi Gnassingbé à Dubaï au cœur d’une lutte...";"https://lalternative.info/2024/05/17/un-appartement-dyvonne-bawizibadi-gnassingbe-a-dubai-au-coeur-dune-lutte-de-succession/"
"L'Alternative (TG)";"FR";"2026-09-30";"Togo- Vague d’arrestations en cours au sein des FAT";"https://lalternative.info/2024/07/16/togo-vague-darrestations-en-cours-au-sein-des-fat/"
"L'Alternative (TG)";"FR";"2026-09-30";"Togo- Vote de moins de 50 députés, procurations fabriquées au nom...";"https://lalternative.info/2024/03/31/togo-vote-de-moins-de-50-deputes-procurations-fabriquees-au-nom-des-absents-voici-comment-le-coup-detat-constitutionnel-sest-passe-lundi/"
"L'Alternative (TG)";"FR";"2026-09-30";"Togo-La CEET installe un groupe de 14 millions chez la ministre...";"https://lalternative.info/2024/03/15/togo-la-ceet-installe-un-groupe-de-14-millions-chez-la-ministre-de-lenergie-et-des-mines/"
"L'Alternative (TG)";"FR";"2026-09-30";"Togo- Football : Qui est Nibombé Daré, le nouveau sélectionneur des Eperviers ?";"https://lalternative.info/2024/07/15/togo-football-qui-est-nibombe-dare-le-nouveau-selectionneur-des-eperviers/"
"L'Alternative (TG)";"FR";"2026-09-30";"Togo- Justice : Mandat d’arrêt international contre le Cdt Olivier Amah...";"https://lalternative.info/2024/08/07/togo-justice-mandat-darret-international-contre-le-cdt-olivier-amah-et-le-journaliste-ferdinand-ayite/"
"L'Alternative (TG)";"FR";"2026-09-30";"Togo- CEET: Voici les 3 étapes pour mettre à jour son...";"https://lalternative.info/2024/06/27/togo-ceet-voici-les-3-etapes-pour-mettre-a-jour-son-compteur-cash-power/"
"L'Alternative (TG)";"FR";"2026-09-30";"Togo- Arrestations à Kara : incertitude sur le sort du capitaine...";"https://lalternative.info/2024/07/23/togo-arrestations-a-kara-incertitude-sur-le-sort-du-capitaine-dare-kondi-photo/"
"L'Alternative (TG)";"FR";"2026-09-30";"Togo- Kpendjal : Inhumation sans hommage des militaires tombés au front";"https://lalternative.info/2024/07/29/togo-kpendjal-inhumation-sans-hommage-des-militaires-tombes-au-front/"
"L'Alternative (TG)";"FR";"2026-09-30";"NOUS SOUTENIR";"/donate"
"L'Alternative (TG)";"FR";"2026-09-30";"À propos";"https://lalternative.info/about-us/"
"L'Alternative (TG)";"FR";"2026-09-30";"Faire un don";"https://lalternative.info/donate/"
"L'Alternative (TG)";"FR";"2026-09-30";"Abonnez-vous à votre journal";"https://lalternative.info/abonnez-vous-a-votre-journal/"
"L'Alternative (TG)";"FR";"2026-09-30";"Journal L'alternative";"https://lalternative.info/author/lalternative24/"
"L'Alternative (TG)";"FR";"2026-09-30";"Togo- Un jeune officier retrouvé mort dans son bureau au camp BIR";"https://lalternative.info/2026/09/24/togo-un-jeune-officier-retrouve-mort-dans-son-bureau-au-camp-bir/"
"L'Alternative (TG)";"FR";"2026-09-30";"Togo- Journaliste kidnappé, torturé puis jeté dans la brousse… à qui profite le crime ?";"https://lalternative.info/2026/09/09/togo-journaliste-kidnappe-torture-puis-jete-dans-la-brousse-a-qui-profite-le-crime/"
"L'Alternative (TG)";"FR";"2026-09-30";"Diplomatie : deux français arrêtés au Togo, Faure Gnassingbé veut l’extradition de Ferdinand AYITE contre leur libération";"https://lalternative.info/2026/08/18/diplomatie-deux-francais-arretes-au-togo-faure-gnassingbe-veut-lextradition-de-ferdinand-ayite-contre-leur-liberation/"
"L'Alternative (TG)";"FR";"2026-09-30";"Mahama décide de consulter le peuple pour la révision constitutionnelle";"https://lalternative.info/2026/08/16/mahama-decide-de-consulter-le-peuple-pour-la-revision-constitutionnelle/"
"L'Alternative (TG)";"FR";"2026-09-30";"Togo- Tribune : La Cour de justice de la CEDEAO face à un pouvoir qui s’entête à ne jamais avoir tort";"https://lalternative.info/2026/08/10/togo-tribune-la-cour-de-justice-de-la-cedeao-face-a-un-pouvoir-qui-sentete-a-ne-jamais-avoir-tort/"
"L'Alternative (TG)";"FR";"2026-09-30";"La révision constitutionnelle ravive les tensions politiques";"https://lalternative.info/2026/08/08/la-revision-constitutionnelle-ravive-les-tensions-politiques/"
"L'Alternative (TG)";"FR";"2026-09-30";"Togo- Anié : le plus grand magasin du marché réduit en cendre";"https://lalternative.info/2026/09/28/togo-anie-le-plus-grand-magasin-du-marche-reduit-en-cendre/"
"L'Alternative (TG)";"FR";"2026-09-30";"Togo- Tribune : « On ne soigne pas à la tête du client »";"https://lalternative.info/2026/09/12/togo-tribune-on-ne-soigne-pas-a-la-tete-du-client/"
"L'Alternative (TG)";"FR";"2026-09-30";"Togo- Tribune : Nous voulons savoir ce que vous reprochez à Fred Vedomey";"https://lalternative.info/2026/08/28/togo-tribune-nous-voulons-savoir-ce-que-vous-reprochez-a-fred-vedomey/"
"L'Alternative (TG)";"FR";"2026-09-30";"Togo-Tribune : Moscou tisse sa toile à Lomé";"https://lalternative.info/2026/07/30/togo-tribune-moscou-tisse-sa-toile-a-lome/"
"L'Alternative (TG)";"FR";"2026-09-30";"TRIBUNE- Coupe du monde 2026 : Pourquoi les sélections africaines s’effondrent en fin de match";"https://lalternative.info/2026/07/05/tribune-coupe-du-monde-2026-pourquoi-les-selections-africaines-seffondrent-en-fin-de-match/"
"L'Alternative (TG)";"FR";"2026-09-30";"Togo- Aéroport de Lomé : l’espace duty free cédé à un privé";"https://lalternative.info/2026/09/23/togo-aeroport-de-lome-lespace-duty-free-cede-a-un-prive/"
"L'Alternative (TG)";"FR";"2026-09-30";"Des douaniers en détention pour trafic de drogue";"https://lalternative.info/2026/09/20/des-douaniers-en-detention-pour-trafic-de-drogue/"
"L'Alternative (TG)";"FR";"2026-09-30";"Togo- Hausse des prix du carburant : Deux Togolais s’affrontent, le virtuel et le réel";"https://lalternative.info/2026/09/16/togo-hausse-des-prix-du-carburant-deux-togolais-saffrontent-le-virtuel-et-le-reel/"
"L'Alternative (TG)";"FR";"2026-09-30";"Togo- Les dirigeants africains en chantiers, Faure Gnassingbé fête la correction du « Map »";"https://lalternative.info/2026/09/13/togo-quand-les-dirigeants-africains-sont-sur-les-chantiers-faure-gnassingbe-fete-la-correction-du-map/"
"L'Alternative (TG)";"FR";"2026-09-30";"Togo- Savanes, une bombe sociale : autochtones et réfugiés burkinabé se disputent les ressources limitées";"https://lalternative.info/2026/09/23/togo-savanes-une-bombe-sociale-autochtones-et-refugies-burkinabe-se-disputent-les-ressources-limitees/"
"L'Alternative (TG)";"FR";"2026-09-30";"Togo- Une augmentation de 137 F CFA sur le litre du super sans plomb en 3 mois";"https://lalternative.info/2026/09/11/togo-une-augmentation-de-137-f-cfa-sur-le-litre-du-super-sans-plomb-en-3-mois/"
"L'Alternative (TG)";"FR";"2026-09-30";"« Le peuple ne mange pas les notations » : Oligui Nguema dans le concret, Faure Gnassingbé dans les chiffres fabriqués";"https://lalternative.info/2026/09/10/le-peuple-ne-mange-pas-les-notations-oligui-nguema-dans-le-concret-faure-gnassingbe-dans-les-chiffres-fabriques/"
"L'Alternative (TG)";"FR";"2026-09-30";"Offre d’emploi/L’ALTERNATIVE";"https://lalternative.info/2024/03/07/offre-demploi-lalternative/"
"L'Alternative (TG)";"FR";"2026-09-30";"Togo- Enquêtes sur la pauvreté : les Togolais végètent dans la misère, le gouvernement s’intéresse aux chiffres";"https://lalternative.info/2026/09/08/togo-enquetes-sur-la-pauvrete-les-togolais-vegetent-dans-la-misere-le-gouvernement-sinteresse-aux-chiffres/"
"L'Alternative (TG)";"FR";"2026-09-30";"Isidore kouwonou";"https://lalternative.info/author/ksisdore/"
"L'Alternative (TG)";"FR";"2026-09-30";"Togo- OTR : Éric Amouzou Folly le mari d’une des inspectrices, arrêté";"https://lalternative.info/2026/09/07/togo-otr-eric-amouzou-folly-le-mari-dune-des-inspectrices-arrete/"
"L'Alternative (TG)";"FR";"2026-09-30";"L'Alternative";"https://lalternative.info/author/equipeedito/"
"L'Alternative (TG)";"FR";"2026-09-30";"Togo- Encore un scandale à l’OTR : des cadres de la DGI en garde à vue à la DCPJ";"https://lalternative.info/2026/09/06/togo-encore-un-scandale-a-lotr-des-cadres-de-la-dgi-en-garde-a-vue-a-la-dcpj/"
"L'Alternative (TG)";"FR";"2026-09-30";"La CCJA condamne définitivement l’UTB à verser plus de 2,5 milliards de FCFA à TMI";"https://lalternative.info/2026/07/22/la-ccja-condamne-definitivement-lutb-a-verser-plus-de-25-milliards-de-fcfa-a-tmi/"
"L'Alternative (TG)";"FR";"2026-09-30";"Togo- Scandale à l’OTR : Donko Bileyo et Klouvi Dedegan inculpées par le doyen des juges";"https://lalternative.info/2026/05/17/togo-scandale-a-lotr-donko-bileyo-et-klouvi-dedegan-inculpees-par-le-doyen-des-juges/"
"L'Alternative (TG)";"FR";"2026-09-30";"Togo- OTR : Donko Bileyo virée, plainte contre Ferdinand Ayité retirée";"https://lalternative.info/2026/04/19/togo-otr-donko-bileyo-viree-plainte-contre-ferdinand-ayite-retiree/"
"L'Alternative (TG)";"FR";"2026-09-30";"Togo- OTR : le CENTIF saisit le procureur, le doyen des juges d’instruction ouvre une enquête, un autre compte de 530 millions découverts à NSIA";"https://lalternative.info/2026/04/05/togo-otr-le-centif-saisit-le-procureur-le-doyen-des-juges-dinstruction-ouvre-une-enquete-un-autre-compte-de-530-millions-decouverts-a-nsia/"
"L'Alternative (TG)";"FR";"2026-09-30";"John Mahama offre des billets de la Coupe du monde à la diaspora ghanéenne";"https://lalternative.info/2026/06/01/john-mahama-offre-des-billets-de-la-coupe-du-monde-a-la-diaspora-ghaneenne/"
"L'Alternative (TG)";"FR";"2026-09-30";"View all posts";"https://lalternative.info/author/lalternative24/"
"L'Alternative (TG)";"FR";"2026-09-30";"Facebook";"https://www.facebook.com/sharer/sharer.php?u=https://lalternative.info/"
"L'Alternative (TG)";"FR";"2026-09-30";"Twitter";"https://twitter.com/intent/tweet?text=Check%20out%20this%20article:%20Accueil%20-%20https://lalternative.info/"
"L'Alternative (TG)";"FR";"2026-09-30";"Pinterest";"https://www.pinterest.com/pin/create/button/?url=https%3A%2F%2Flalternative.info%2F&description=Accueil"
"L'Alternative (TG)";"FR";"2026-09-30";"Whatsapp";"https://api.whatsapp.com/send?text=Accueil %0A%0A https%3A%2F%2Flalternative.info%2F"
"L'Alternative (TG)";"FR";"2026-09-30";"Telegram";"https://telegram.me/share/url?url=https%3A%2F%2Flalternative.info%2F&text=Accueil"
"L'Alternative (TG)";"FR";"2026-09-30";"Email";"mailto:?subject=Accueil&BODY=https://lalternative.info/"
"L'Alternative (TG)";"FR";"2026-09-30";"À propos";"/about-us"
"L'Alternative (TG)";"FR";"2026-09-30";"Politique de confidentialité";"/privacy-policy"
"L'Alternative (TG)";"FR";"2026-09-30";"Conditions d'utilisation";"/conditions-dutilisation"
"L'Alternative (TG)";"FR";"2026-09-30";"Règlementation européenne";"https://lalternative.info/reglementation-europeenneeu/"
"L'Alternative (TG)";"FR";"2026-09-30";"Facebook";"https://www.facebook.com/profile.php?id=61556605160366"
"L'Alternative (TG)";"FR";"2026-09-30";"Twitter";"https://twitter.com/lalternative_of"
"L'Alternative (TG)";"FR";"2026-09-30";"Instagram";"https://www.instagram.com/lalternative_of/"
"L'Alternative (TG)";"FR";"2026-09-30";"Youtube";"https://www.youtube.com/channel/UCk6JMYUcGDarZYNb-mPPLPA"
"L'Alternative (TG)";"FR";"2026-09-30";"Gérer les options";"#"
"L'Alternative (TG)";"FR";"2026-09-30";"Gérer les services";"#"
"L'Alternative (TG)";"FR";"2026-09-30";"Gérer {vendor_count} fournisseurs";"#"
"L'Alternative (TG)";"FR";"2026-09-30";"En savoir plus sur ces finalités";"https://cookiedatabase.org/tcf/purposes/"
"L'Alternative (TG)";"FR";"2026-09-30";"Voir les préférences";"#"
"L'Alternative (TG)";"FR";"2026-09-30";"{title}";"#"
"L'Alternative (TG)";"FR";"2026-09-30";"Queue";"#"
"L'Alternative (TG)";"FR";"2026-09-30";"Flash plugin";"http://get.adobe.com/flashplayer/"
"Laabali (TG)";"FR";"2026-09-30";"Africa-Newsroom";"https://laabali.com/africa-newsroom/"
"Laabali (TG)";"FR";"2026-09-30";"...";"#"
"Laabali (TG)";"FR";"2026-09-30";"De cuisinier à chef de canton : portrait de Batidja Tindandja, le nouveau chef d’Ogaro";"https://laabali.com/post/15600/de-cuisinier-a-chef-de-canton-portrait-de-batidja-tindandja-le-nouveau-chef-dogaro/ "
"Laabali (TG)";"FR";"2026-09-30";"Journalistes du privé au Togo : le SYNJIT alerte l’ONU sur une précarité persistante";"https://laabali.com/post/15588/journalistes-du-prive-au-togo-le-synjit-alerte-lonu-sur-une-precarite-persistante/ "
"Laabali (TG)";"FR";"2026-09-30";"Rentrée scolaire à Tône : l’APHMOTO fait don de kits scolaires aux enfants handicapés";"https://laabali.com/post/15583/rentree-scolaire-a-tone-laphmoto-fait-don-de-kits-scolaires-aux-enfants-handicapes/ "
"Laabali (TG)";"FR";"2026-09-30";"Atelier bilan du projet Savanes-COG : « Nous sommes satisfaits », affirme Laguatissoa Bangbar (FODES)";"https://laabali.com/post/15575/atelier-bilan-du-projet-savanes-cog-nous-sommes-satisfaits-affirme-laguatissoa-bangbar-fodes/ "
"Laabali (TG)";"FR";"2026-09-30";"Journalistes du privé au Togo : le SYNJIT alerte l’ONU sur une précarité persistante";"https://laabali.com/?p=15588"
"Laabali (TG)";"FR";"2026-09-30";"La Fédération nationale des maisons familiales de formation rurale du Togo lance un appel à projet de Construction de 50 poulaillers traditionnels améliorés au profit des bénéficiaires de l’IFAD Elevage Barkoissi et 30 poulaillers améliorés au profit des bénéficiaires de la FMFRT";"https://laabali.com/?p=15553"
"Laabali (TG)";"FR";"2026-09-30";"Enfants en situation de handicap: Aphmoto soutient en kits scolaires à Dapaong";"https://laabali.com/?p=15515"
"Laabali (TG)";"FR";"2026-09-30";"Ponio : 30 femmes formées aux activités génératrices de revenus";"https://laabali.com/?p=15505"
"Laabali (TG)";"FR";"2026-09-30";"Violences basées sur le genre : AFE sensibilise les communautés à Cinkassé";"https://laabali.com/?p=15384"
"Laabali (TG)";"FR";"2026-09-30";"INADES-Formation : 4 sites maraichers/champs écoles remis aux Scoops dans les savanes";"https://laabali.com/?p=15139"
"Laabali (TG)";"FR";"2026-09-30";"JII 2026 : Dans les Savanes, les infirmiers célébrés pour leur résilience";"https://laabali.com/?p=15103"
"Laabali (TG)";"FR";"2026-09-30";"Dapaong : A2FHV-S sensibilise des acteurs du bâtiment à l’accessibilité des infrastructures publiques";"https://laabali.com/?p=15076"
"Laabali (TG)";"FR";"2026-09-30";"Nadjoundi: ""Les droits de femmes ne donnent pas droit aux femmes de frapper leurs maris""";"https://laabali.com/?p=14881"
"Laabali (TG)";"FR";"2026-09-30";"Yark Damehamme: L’insubmersible général qui murmure aux oreilles de Faure Gnassimgbé";"https://laabali.com/?p=14271"
"Laabali (TG)";"FR";"2026-09-30";"Dapaong : les défis de l’assainissement toujours présents !";"https://laabali.com/?p=13413"
"Laabali (TG)";"FR";"2026-09-30";"Accès à l’eau potable : L’ONG MECAP cultive l’espoir pour la fin de la soif dans les Savanes";"https://laabali.com/?p=13297"
"Laabali (TG)";"FR";"2026-09-30";"Sanloaga (Togo): «Ils enlèvent nos jeunes garçons pour en faire des combattants» 15098 vues";"
                                        https://laabali.com/post/6306/sanloaga-togo-ils-enlevent-nous-jeunes-garcons-pour-en-faire-des-combattants/                                        
                                        "
"Laabali (TG)";"FR";"2026-09-30";"Dapaong: Ouverture du 1e Forum des producteurs agricoles (FOPAT) 13925 vues";"
                                        https://laabali.com/post/6477/dapaong-ouverture-du-1e-forum-des-producteurs-agricoles-fopat/                                        
                                        "
"Laabali (TG)";"FR";"2026-09-30";"TGI/Dapaong: Le départ du président et son équipe fait des mécontents 12932 vues";"
                                        https://laabali.com/post/192/tgi-dapaong-le-depart-du-president-et-son-equipe-fait-des-mecontents/                                        
                                        "
"Laabali (TG)";"FR";"2026-09-30";"Savanes: Les FAT repoussent une attaque, deux assaillants neutralisés 7426 vues";"
                                        https://laabali.com/post/5663/savanes-les-fat-repoussent-une-attaque-deux-assaillants-neutralises/                                        
                                        "
"Laabali (TG)";"FR";"2026-09-30";"Contre le terrorisme: Le Togo fait appel à ses anciens soldats 4337 vues";"
                                        https://laabali.com/post/6743/contre-le-terrorisme-le-togo-fait-appel-a-ses-anciens-soldats/                                        
                                        "
"Laabali (TG)";"FR";"2026-09-30";"Le Maire Monoka Laré et la commune de Tandjouaré 1";"https://laabali.com/post/12171/monoka-lare/"
"Laabali (TG)";"FR";"2026-09-30";"par Edouard Samboe";"#"
"Laabali (TG)";"FR";"2026-09-30";"Suka ou l'art divinatoire: Foi ou culture moba ?";"https://laabali.com/post/12078/suka-ou-lart-divinatoire-foi-ou-culture-moba/"
"Laabali (TG)";"FR";"2026-09-30";"Togo/Education: Diagnostic d'un secteur en panne de repères";"https://laabali.com/post/6749/togo-education-diagnostic-dun-secteur-en-pannes-de-reperes/"
"Laabali (TG)";"FR";"2026-09-30";"Contre le terrorisme: Le Togo fait appel à ses anciens soldats";"https://laabali.com/post/6743/contre-le-terrorisme-le-togo-fait-appel-a-ses-anciens-soldats/"
"Laabali (TG)";"FR";"2026-09-30";"«Le pouvoir doit faire en sorte qu'il y ait moins de frustrations sur les plans politiques et économiques», Pr David Dosseh, OSC";"https://laabali.com/post/6688/le-pouvoir-doit-faire-en-sorte-quil-y-ait-moins-de-frustrations-sur-les-plans-politiques-et-economiques-pr-david-dosseh-osc/"
"Laabali (TG)";"FR";"2026-09-30";"FOPAT: A Dapaong , les producteurs veulent des usines de transformations de tomates";"https://laabali.com/post/6533/fopat-a-dapaong-les-producteurs-veulent-des-usines-de-transformations-de-tomates/"
"Laabali (TG)";"FR";"2026-09-30";"Dapaong: Ouverture du 1e Forum des producteurs agricoles (FOPAT)";"https://laabali.com/post/6477/dapaong-ouverture-du-1e-forum-des-producteurs-agricoles-fopat/"
"Laabali (TG)";"FR";"2026-09-30";"Frontière Burkina-Togo: Le durcissement des mesures sécuritaires impacte Kompienga";"https://laabali.com/post/6464/frontiere-burkina-togo-le-durcissement-des-mesures-securitaires-impacte-kompienga/"
"Laabali (TG)";"FR";"2026-09-30";"Sanloaga (Togo): «Ils enlèvent nos jeunes garçons pour en faire des combattants» 15098 vues";" https://laabali.com/post/6306/sanloaga-togo-ils-enlevent-nous-jeunes-garcons-pour-en-faire-des-combattants/ "
"Laabali (TG)";"FR";"2026-09-30";"Dapaong: Ouverture du 1e Forum des producteurs agricoles (FOPAT) 13925 vues";" https://laabali.com/post/6477/dapaong-ouverture-du-1e-forum-des-producteurs-agricoles-fopat/ "
"Laabali (TG)";"FR";"2026-09-30";"TGI/Dapaong: Le départ du président et son équipe fait des mécontents 12932 vues";" https://laabali.com/post/192/tgi-dapaong-le-depart-du-president-et-son-equipe-fait-des-mecontents/ "
"Laabali (TG)";"FR";"2026-09-30";"CrEaT";""
"Fraternité Matin (CI)";"FR";"2026-09-30";"Réforme de l’organe électoral : le CNDH recueille les attentes des partis politiques";"https://www.fratmat.info/article/2644868/politique/reforme-de-lorgane-electoral-le-cndh-recueille-les-attentes-des-partis-politiques"
"Fraternité Matin (CI)";"FR";"2026-09-30";"Tchologo/Employabilité : Des certificats fonciers et des attestations décernés";"https://www.fratmat.info/article/2644862/regions/tchologoemployabilite-des-certificats-fonciers-et-des-attestations-decernes"
"Fraternité Matin (CI)";"FR";"2026-09-30";"Spectacle/Convocation acte 3 : Kajeem et Didier Awadi en attraction";"https://www.fratmat.info/article/2644855/culture/spectacleconvocation-acte-3-kajeem-et-didier-awadi-en-attraction"
"Fraternité Matin (CI)";"FR";"2026-09-30";"Hôtellerie de luxe : Sofitel Hôtel Ivoire, le vieux géant d’Abidjan s’offre une nouvelle jeunesse";"https://www.fratmat.info/article/2644851/economie/hotelleriede-luxe-sofitel-hotel-ivoire-le-vieux-geant-dabidjan-soffre-une-nouvelle-jeunesse"
"Fraternité Matin (CI)";"FR";"2026-09-30";"Métro d’Abidjan : les moyens ferroviaires se renforcent avec l’arrivée de cinq locomotives";"https://www.fratmat.info/article/2644843/economie/metro-dabidjan-les-moyens-ferroviaires-se-renforcent-avec-larrivee-de-cinq-locomotives"
"Fraternité Matin (CI)";"FR";"2026-09-30";"Harmonisation des données 2026-2031 : La Côte d’Ivoire affiche une bonne santé économique et financière";"https://www.fratmat.info/article/2644834/economie/harmonisation-des-donnees-2026-2031-la-cote-divoire-affiche-une-bonne-sante-economique-et-financiere"
"Le Faso (BF)";"FR";"2026-09-30";"Contact";"https://lefaso.net/spip.php?article64819"
"Le Faso (BF)";"FR";"2026-09-30";"Contactez-nous";"https://lefaso.net/spip.php?article64819"
"Le Faso (BF)";"FR";"2026-09-30";"Maroc : Fatima Ezzahra El Mansouri, première femme nommée à la tête du gouvernement";"https://lefaso.netspip.php?article149633"
"Le Faso (BF)";"FR";"2026-09-30";"Sécurité privée au Burkina Faso : Une convention collective historique fixe le salaire minimum à 57 000 F CFA";"https://lefaso.netspip.php?article149630"
"Le Faso (BF)";"FR";"2026-09-30";"« Nuit de la Révolution » : Le président de la Délégation spéciale de la commune de Ouagadougou invite les populations à participer massivement";"https://lefaso.net/spip.php?article149614"
"Le Faso (BF)";"FR";"2026-09-30";"Trafic de stupéfiants : Près de 86 kg de cannabis saisis à Ouagadougou";"https://lefaso.net/spip.php?article149603"
"Le Faso (BF)";"FR";"2026-09-30";"Kourweogo : Un crocodile capturé après l’agression d’un mineur";"https://lefaso.net/spip.php?article149602"
"Le Faso (BF)";"FR";"2026-09-30";"Crash Air Algérie au Mali : Swiftair écope  d’une amende  de 225 000 euros, l’AFAVIC salue le verdict";"https://lefaso.net/spip.php?article149574"
"Le Faso (BF)";"FR";"2026-09-30";"Rentrée scolaire : la BCLCC alerte sur les fausses ventes de kits en ligne";"https://lefaso.net/spip.php?article149573"
"Le Faso (BF)";"FR";"2026-09-30";"Crash Air Algérie au Mali : La compagnie condamnée à une peine maximale de 225 000 euros d’amende pour homicides involontaires";"https://lefaso.net/spip.php?article149567"
"Le Faso (BF)";"FR";"2026-09-30";"Zorgho : La Police démantèle un réseau de fabrication de faux permis de conduire";"https://lefaso.net/spip.php?article149467"
"Le Faso (BF)";"FR";"2026-09-30";"Burkina : 500 kg de médicaments frauduleux saisis à Oronkua";"https://lefaso.net/spip.php?article149466"
"Le Faso (BF)";"FR";"2026-09-30";"Le Faso Digital 2026 : Découvrir en vidéo la création d’un compte";"https://lefaso.netspip.php?article149607"
"Le Faso (BF)";"FR";"2026-09-30";"Le Faso Digital 2026 : Découvrir en vidéo le fonctionnement du stand premium";"https://lefaso.netspip.php?article149608"
"Le Faso (BF)";"FR";"2026-09-30";"Le Faso Digital 2026 : Découvrir en vidéo le fonctionnement du stand interactif";"https://lefaso.netspip.php?article149609"
"Le Faso (BF)";"FR";"2026-09-30";"Santé : Le Burkina Faso lance une enquête nationale sur le paludisme et les hépatites B et C";"https://lefaso.netspip.php?article149622"
"Le Faso (BF)";"FR";"2026-09-30";"Les 100 Visages du Burkina Digital : Haoua Koné-Tago, ouvrir les portes du numérique aux femmes et à l’éducation";"https://lefaso.netspip.php?article149629"
"Le Faso (BF)";"FR";"2026-09-30";"Le Faso Digital 2026 : Comment visiter la foire et découvrir les stands virtuels ?";"https://lefaso.netspip.php?article149606"
"Le Faso (BF)";"FR";"2026-09-30";"Raffinerie d’or au Burkina : La société civile dort tranquille mais reste éveillée";"https://lefaso.netspip.php?article149621"
"Le Faso (BF)";"FR";"2026-09-30";"Santé de la reproduction : « On estime qu’il y a autour de 30 % de contribution de la planification familiale à la réduction de la (…)";"https://lefaso.netspip.php?article149601"
"Le Faso (BF)";"FR";"2026-09-30";"Burkina Faso : « CultivaTech ne supprime pas l’engrais, elle supprime le hasard », explique Wendkuuni Ben Ahmad Tapsoba";"https://lefaso.netspip.php?article149612"
"Le Faso (BF)";"FR";"2026-09-30";"Sciences : Gaëlle Koné est partie de la curiosité pour les cellules à la recherche d’une piste contre le cancer";"https://lefaso.netspip.php?article149613"
"Le Faso (BF)";"FR";"2026-09-30";"Musique : Du simple « like » à l’achat, les REMA 2026 veulent convertir les followers";"https://lefaso.netspip.php?article149605"
"Le Faso (BF)";"FR";"2026-09-30";"Championnat national de cricket : Dragons Cricket sacré champion de la saison 2025-2026";"https://lefaso.netspip.php?article149610"
"Le Faso (BF)";"FR";"2026-09-30";"« Nuit de la RPP » : Une halte d’hommages aux forces combattantes et de célébrations des victoires et acquis engrangés, selon le comité d’organisation";"https://lefaso.netspip.php?article149542"
"Le Faso (BF)";"FR";"2026-09-30";"Burkina : Ibrahim Traoré à Bobo-Dioulasso pour inaugurer deux infrastructures stratégiques";"https://lefaso.netspip.php?article149097"
"Le Faso (BF)";"FR";"2026-09-30";"‎Burkina : La Présidence du Faso lance le concours Hakili Mousso pour détecter les talents scientifiques féminins";"https://lefaso.netspip.php?article148857"
"Le Faso (BF)";"FR";"2026-09-30";"Immersion patriotique obligatoire 2026 : Le capitaine Ibrahim Traoré exhorte les jeunes à éviter le chemin de la facilité et à servir la patrie";"https://lefaso.netspip.php?article148839"
"Le Faso (BF)";"FR";"2026-09-30";"Assemblée législative du peuple : Mathieu Boro fait ses premiers pas à l’hémicycle et promet de porter la voix des Burkinabè";"https://lefaso.netspip.php?article148412"
"Le Faso (BF)";"FR";"2026-09-30";"Commémoration du 5 août : Le Chef de l’Etat appelle à un engagement collectif pour un Burkina Faso libre et souverain";"https://lefaso.netspip.php?article148401"
"Le Faso (BF)";"FR";"2026-09-30";"Commémoration du 4 août 2026 : Le capitaine Ibrahim Traoré invite les Burkinabè à poursuivre l’idéal révolutionnaire ‎";"https://lefaso.netspip.php?article148380"
"Le Faso (BF)";"FR";"2026-09-30";"Faso FDA : Alfred Ouédraogo et Arsène Ouédraogo officiellement installés à la tête de la nouvelle structure";"https://lefaso.netspip.php?article149616"
"Le Faso (BF)";"FR";"2026-09-30";"Bobo-Dioulasso : AGL-SITARAIL lance un forage et un jardin scolaire au profit de Borodougou A et B";"https://lefaso.netspip.php?article149623"
"Le Faso (BF)";"FR";"2026-09-30";"Foncier et sécurité alimentaire : Le projet Land-At-Scale dresse le bilan de trois années d’action au Burkina";"https://lefaso.netspip.php?article149620"
"Le Faso (BF)";"FR";"2026-09-30";"Pourquoi la gratuité des soins est-elle devenue une priorité en 2016 au Burkina Faso ?";"https://lefaso.netspip.php?article149617"
"Le Faso (BF)";"FR";"2026-09-30";"« Nuit de la Révolution » : Le président de la Délégation spéciale de la commune de Ouagadougou invite les populations à participer massivement";"https://lefaso.netspip.php?article149614"
"Le Faso (BF)";"FR";"2026-09-30";"Trafic de stupéfiants : Près de 86 kg de cannabis saisis à Ouagadougou";"https://lefaso.netspip.php?article149603"
"Le Faso (BF)";"FR";"2026-09-30";"Kourweogo : Un crocodile capturé après l’agression d’un mineur";"https://lefaso.netspip.php?article149602"
"Le Faso (BF)";"FR";"2026-09-30";"Microfinance au Burkina Faso : Le RCPB adapte son organisation à la nouvelle réglementation";"https://lefaso.netspip.php?article149628"
"Le Faso (BF)";"FR";"2026-09-30";"RAFFINOR-BF : 11 milliards FCFA pour transformer l’or au Burkina Faso";"https://lefaso.netspip.php?article149589"
"Le Faso (BF)";"FR";"2026-09-30";"Fiscalité sans frontières – Île Maurice | Septembre 2026";"https://lefaso.netspip.php?article149563"
"Le Faso (BF)";"FR";"2026-09-30";"Burkina : Les députés adoptent à l’unanimité la loi de finances rectificative pour l’exécution du budget de l’État, exercice 2026";"https://lefaso.netspip.php?article149454"
"Le Faso (BF)";"FR";"2026-09-30";"Burkina/Budget 2026 : L’épargne budgétaire progresse de 35,59% dans la loi de finances rectificative";"https://lefaso.netspip.php?article149446"
"Le Faso (BF)";"FR";"2026-09-30";"Sanfo Cup Maracana 2026 : Alladess s’impose aux tirs au but et décroche le trophée";"https://lefaso.netspip.php?article149624"
"Le Faso (BF)";"FR";"2026-09-30";"Daouda Kader Traoré, karatéka burkinabè : « J’ai décidé de laisser la place aux plus jeunes »";"https://lefaso.netspip.php?article149572"
"Le Faso (BF)";"FR";"2026-09-30";"Can 2032 dans l’espace AES : ""C’est bien possible"", lance le capitaine Ibrahim Traoré";"https://lefaso.netspip.php?article149562"
"Le Faso (BF)";"FR";"2026-09-30";"Infrastructures, formation, compétitions : La feuille de route de la natation burkinabè déroulée par Ousmane Tiendrebeogo";"https://lefaso.netspip.php?article149546"
"Le Faso (BF)";"FR";"2026-09-30";"Football : Phenix FC remporte la 18ᵉ édition du Maracana Impact TV";"https://lefaso.netspip.php?article149559"
"Le Faso (BF)";"FR";"2026-09-30";"Nabalüm, dix ans de carrière : Une reine qui ne baisse pas les bras";"https://lefaso.netspip.php?article149529"
"Le Faso (BF)";"FR";"2026-09-30";"SITHO 2026 : Le financement des projets structurants au cœur de la 16ᵉ édition";"https://lefaso.netspip.php?article149427"
"Le Faso (BF)";"FR";"2026-09-30";"Burkina/ Culture : L’institut burkinabè renaitra de ses cendres, foi de Georges Kaboré";"https://lefaso.netspip.php?article149354"
"Le Faso (BF)";"FR";"2026-09-30";"Musée national : L’exposition « Rupture » invite à repenser l’art et le rapport à la société";"https://lefaso.netspip.php?article149350"
"Le Faso (BF)";"FR";"2026-09-30";"Burkina / Femmes leaders : Africa Mousso célèbre une décennie d’engagement";"https://lefaso.netspip.php?article149291"
"Le Faso (BF)";"FR";"2026-09-30";"81e AG de l’ONU : ""Nous ne demandons à personne la permission d’exister"" Karamoko Jean Marie Traoré";"https://lefaso.netspip.php?article149590"
"Le Faso (BF)";"FR";"2026-09-30";"Xi Jinping à la Maison Blanche : La journaliste Shanhui Zhang analyse la visite du président chinois aux Etats-Unis";"https://lefaso.netspip.php?article149535"
"Le Faso (BF)";"FR";"2026-09-30";"ONU : Le Burkina Faso plaide pour un développement souverain et une réforme de la finance internationale";"https://lefaso.netspip.php?article149450"
"Le Faso (BF)";"FR";"2026-09-30";"Assemblée générale de l’ONU : António Guterres alerte sur un monde où la puissance échappe de plus en plus aux États";"https://lefaso.netspip.php?article149439"
"Le Faso (BF)";"FR";"2026-09-30";"Assemblée générale de l’ONU : Israël accuse Emmanuel Macron de nier les attaques du Hamas";"https://lefaso.netspip.php?article149437"
"Le Faso (BF)";"FR";"2026-09-30";"Semaine du numérique 2026 : Le Comité national d’organisation officiellement installé";"https://lefaso.netspip.php?article149595"
"Le Faso (BF)";"FR";"2026-09-30";"Numériser un service ne signifie pas automatiquement le rendre accessible";"https://lefaso.netspip.php?article149479"
"Le Faso (BF)";"FR";"2026-09-30";"Coopération régionale entre les régulateurs de l’AES : Signature d’une convention de coopération le 25 septembre 2026 à Ouagadougou";"https://lefaso.netspip.php?article149443"
"Le Faso (BF)";"FR";"2026-09-30";"SIST 2026 : L’intelligence artificielle, entre accélération de la recherche et nouveaux défis de souveraineté scientifique";"https://lefaso.netspip.php?article149405"
"Le Faso (BF)";"FR";"2026-09-30";"Burkina Faso : SYRA HUB, la plateforme qui centralise les communications des entreprises";"https://lefaso.netspip.php?article149426"
"Le Faso (BF)";"FR";"2026-09-30";"Offre de formation en cybersécurité du 15 mai au 20 juillet 2024";"https://lefaso.netspip.php?article130136"
"Le Faso (BF)";"FR";"2026-09-30";"Vœux de nouvel an de Dre Lydia ROUAMBA, Directrice Générale du Centre national de l’Information, de l’Orientation Scolaire et Professionnelle, et des Bourses (CIOSPB)";"https://lefaso.netspip.php?article118725"
"Le Faso (BF)";"FR";"2026-09-30";"CIOSPB : La République de la Tunisie met à la disposition du Burkina Faso des bourses études pour l’année académique 2022-2023";"https://lefaso.netspip.php?article115137"
"Le Faso (BF)";"FR";"2026-09-30";"7e édition de la Semaine nationale de l’Information et de l’Orientation (SIO) : Le Centre National des Œuvres Universitaires (CENOU) communique sur ses prestations aux nouveaux bacheliers";"https://lefaso.netspip.php?article114708"
"Le Faso (BF)";"FR";"2026-09-30";"Année académique 2022-2023 : Le Royaume du Maroc met à la disposition du Burkina Faso, cent-vingt (120) bourses d’études";"https://lefaso.netspip.php?article113781"
"Le Faso (BF)";"FR";"2026-09-30";"Les filières pour la rentrée académique 2026-2027 à l’école supérieure de commerce de Ouagadougou";"https://lefaso.netspip.php?article148486"
"Le Faso (BF)";"FR";"2026-09-30";"SUNU assurances vie Burkina Faso : Avis aux assurés et ayants droit dont les contrats sont arrivés à échéance";"https://lefaso.netspip.php?article149233"
"Le Faso (BF)";"FR";"2026-09-30";"Avis d’appel à candidature pour le recrutement d’un commissaire aux comptes";"https://lefaso.netspip.php?article149316"
"Le Faso (BF)";"FR";"2026-09-30";"Avis d’appel à candidature pour le recrutement de trois (3) administrateurs indépendants";"https://lefaso.netspip.php?article149317"
"Le Faso (BF)";"FR";"2026-09-30";"Centre américain de langue : Cours réguliers session I, 2026";"https://lefaso.netspip.php?article149383"
"Le Faso (BF)";"FR";"2026-09-30";"Musique : L’artiste Tim Winsey dévoile deux nouveaux albums à Ouagadougou";"https://lefaso.netspip.php?article144306"
"Le Faso (BF)";"FR";"2026-09-30";"Littérature : « Le Blessé de guerre », quand Dié Maurice Millogo transforme les blessures de la pauvreté en force";"https://lefaso.netspip.php?article149455"
"Le Faso (BF)";"FR";"2026-09-30";"Recrutement d’un consultant pour renforcer les capacités techniques de quinze (15) agents de l’ONEA";"https://lefaso.netspip.php?article149618"
"Le Faso (BF)";"FR";"2026-09-30";"Résultats du tirage du Faso Loto CADEAU du mardi 29 septembre 2026";"https://lefaso.netspip.php?article149619"
"Le Faso (BF)";"FR";"2026-09-30";"Djibo : Appel à manifestation d’intérêt pour la fourniture de 600 animaux naisseurs et de kits d’installation";"https://lefaso.netspip.php?article149591"
"Le Faso (BF)";"FR";"2026-09-30";"Avis de recrutement de 02 chargés prêt, d’01 chargé de recouvrement, de  02 Chargés Clientèle, de  03 Chargés de (…)";"https://lefaso.netspip.php?article149580"
"Le Faso (BF)";"FR";"2026-09-30";"Résultats du tirage du tirage du Faso Loto NEKRE du Lundi 28 septembre 2026.";"https://lefaso.netspip.php?article149582"
"Le Faso (BF)";"FR";"2026-09-30";"CNSS : Il sera procédé, à compter du mois de novembre 2026, au prélèvement de la cotisation destinée au financement (…)";"https://lefaso.netspip.php?article149565"
"Le Faso (BF)";"FR";"2026-09-30";"CNSS : les dates limites de paiement des cotisations sociales et de production des déclarations récapitulatives des (…)";"https://lefaso.netspip.php?article149564"
"Le Faso (BF)";"FR";"2026-09-30";"TRANCHE COMMUNE ENTENTE (TCE) 2026 : Décrocher des lots allant de 2 000 000 à 20 000 000 F CFA au grand tirage";"https://lefaso.netspip.php?article149568"
"Le Faso (BF)";"FR";"2026-09-30";"Décès de Madame ZOUNGRANA/KABORÉ Dakiswinigda Rose Aïda : Remerciements";"https://lefaso.netspip.php?article148376"
"Le Faso (BF)";"FR";"2026-09-30";"Messe de requiem de Dima Fidéle";"https://lefaso.netspip.php?article148292"
"Le Faso (BF)";"FR";"2026-09-30";"Décès de Sompagnimdi Philippe Honoré OUEDRAOGO : REMERCIEMENTS & FAIRE-PART";"https://lefaso.netspip.php?article148049"
"Le Faso (BF)";"FR";"2026-09-30";"Programme des obsèques de Tapsoba née Nikiema G. Rosalie";"https://lefaso.netspip.php?article148026"
"Le Faso (BF)";"FR";"2026-09-30";"Décès de Sedogho Tasséré Jean Edgard : Faire-part";"https://lefaso.netspip.php?article149632"
"Le Faso (BF)";"FR";"2026-09-30";"In memoria : Sedogo Emile";"https://lefaso.netspip.php?article149631"
"Le Faso (BF)";"FR";"2026-09-30";"Décès de SAWADOGO Marie Louise : Remerciements et faire part";"https://lefaso.netspip.php?article149599"
"Le Faso (BF)";"FR";"2026-09-30";"Décès de ZONGO Moussa Marcel : Remerciements";"https://lefaso.netspip.php?article149560"
"Le Faso (BF)";"FR";"2026-09-30";"Décès de NAMOANO W. Justin Evariste : Faire part";"https://lefaso.netspip.php?article149611"
"Le Faso (BF)";"FR";"2026-09-30";"Décès de Adja Rasmata NEBIE/OUEDRAOGO : Remerciements";"https://lefaso.netspip.php?article149586"
"Le Faso (BF)";"FR";"2026-09-30";"Décès de KAFANDO/KAZIENGA P. Odette : Remerciements";"https://lefaso.netspip.php?article149584"
"Le Faso (BF)";"FR";"2026-09-30";"Décès de DIALLO / TALL JEANNE : Remerciements";"https://lefaso.netspip.php?article149585"
"Le Faso (BF)";"FR";"2026-09-30";"Portrait : Amzi Franc, 20 ans au souffle de la flûte parleuse";"https://lefaso.netspip.php?article149502"
"Le Faso (BF)";"FR";"2026-09-30";"Coopération : Evelyne Dabiré nommée ambassadrice extraordinaire  et plénipotentiaire du Canada près le Bénin";"https://lefaso.netspip.php?article147766"
"Le Faso (BF)";"FR";"2026-09-30";"Fraude financière : La BCEAO alerte sur une fausse vidéo utilisant l’image de son gouverneur, Jean-Claude Kassi Brou";"https://lefaso.netspip.php?article149324"
"Le Faso (BF)";"FR";"2026-09-30";"Togo : Deux ans après les violences du 29 septembre 2024 à Lomé, des journalistes réclament toujours des réponses";"https://lefaso.netspip.php?article149626"
"Le Faso (BF)";"FR";"2026-09-30";"Modernisation des services consulaires : Le Burkina Faso lance YORI ID aux États-Unis";"https://lefaso.netspip.php?article149615"
"Le Faso (BF)";"FR";"2026-09-30";"Faune sauvage : Un crocodile capturé dans un cabaret au secteur 3 de Fada N’Gourma";"https://lefaso.netspip.php?article149406"
"Le Faso (BF)";"FR";"2026-09-30";"Dynamiques organisationnelles et interactions des acteurs de la filière bétail-viande au Burkina Faso";"https://lefaso.netspip.php?article149344"
"Le Faso (BF)";"FR";"2026-09-30";"Comment s’adapter aux effets des changements climatiques dans la commune rurale de Koumbia au Burkina Faso";"https://lefaso.netspip.php?article149339"
"Le Faso (BF)";"FR";"2026-09-30";"Perceptions et stratégies d’adaptation des agropasteurs du changement climatique au Burkina Faso";"https://lefaso.netspip.php?article149338"
"Le Faso (BF)";"FR";"2026-09-30";"Décès de SAWADOGO Marie Louise : Remerciements et faire part";"https://lefaso.netspip.php?article149599#forum"
"Le Faso (BF)";"FR";"2026-09-30";"Relations internationales : Israël de plus en plus isolé et décrié";"https://lefaso.netspip.php?article149577#forum"
"Le Faso (BF)";"FR";"2026-09-30";"Volontariat national : Le Burkina Faso ambitionne de constituer un vivier d’un million de réservistes en cinq ans";"https://lefaso.netspip.php?article149349#forum"
"Le Faso (BF)";"FR";"2026-09-30";"Burkina Faso : « CultivaTech ne supprime pas l’engrais, elle supprime le hasard », explique Wendkuuni Ben Ahmad Tapsoba";"https://lefaso.netspip.php?article149612#forum"
"Le Faso (BF)";"FR";"2026-09-30";"Raffinerie d’or au Burkina : La société civile dort tranquille mais reste éveillée";"https://lefaso.netspip.php?article149621#forum"
"Le Faso (BF)";"FR";"2026-09-30";"SOUVERAINETÉ ÉCONOMIQUE : ‎Le Président du Faso inaugure la première raffinerie d’or du Burkina";"https://lefaso.netspip.php?article149600#forum"
"Le Faso (BF)";"FR";"2026-09-30";"81e AG de l’ONU : ""Nous ne demandons à personne la permission d’exister"" Karamoko Jean Marie Traoré";"https://lefaso.netspip.php?article149590#forum"
"Le Faso (BF)";"FR";"2026-09-30";"CNSS : Il sera procédé, à compter du mois de novembre 2026, au prélèvement de la cotisation destinée au financement du Régime d’Assurance Maladie Universelle (RAMU)";"https://lefaso.netspip.php?article149565#forum"
"Le Faso (BF)";"FR";"2026-09-30";"RAFFINOR-BF : 11 milliards FCFA pour transformer l’or au Burkina Faso";"https://lefaso.netspip.php?article149589#forum"
"Le Faso (BF)";"FR";"2026-09-30";"Burkina : Le directeur du Contrôle des marchés publics de la CNDH, Lébinoua Nikiema, relevé de ses fonctions";"https://lefaso.netspip.php?article149480#forum"
"Le Faso (BF)";"FR";"2026-09-30";"Ma chère Tante SANK, laisse-moi te raconter comment la Faso FDA veille sur notre santé, comme on tisse un pagne : fil après fil, contrôle après contrôle, pour protéger chaque Burkinabè.";"https://lefaso.netspip.php?article149430#forum"
"Le Faso (BF)";"FR";"2026-09-30";"Les 100 Visages du Burkina Digital : Ali Drissa Badiel, des premiers nœuds de FasoNet aux réseaux numériques de l’Afrique";"https://lefaso.netspip.php?article149588#forum"
"Le Faso (BF)";"FR";"2026-09-30";"Nuit de la RPP : Faso Lagam Taaba Zaka appelle à une mobilisation forte pour célébrer les quatre ans de la Révolution";"https://lefaso.netspip.php?article149581#forum"
"Le Faso (BF)";"FR";"2026-09-30";"A propos...";"https://lefaso.net/spip.php?article29&rubrique17"
"Le Faso (BF)";"FR";"2026-09-30";"Publicité";"https://lefaso.net/spip.php?article5736&rubrique17t"
"Le Faso (BF)";"FR";"2026-09-30";"Partenariat";"https://lefaso.net/spip.php?article30&rubrique17"
"Le Faso (BF)";"FR";"2026-09-30";"Nous contacter";"https://lefaso.net/spip.php?article32&rubrique17"
"La Nation (BJ)";"FR";"2026-09-30";"Finance : Comment s’assurer qu’une plateforme d’investissement est autorisée par l’AMF-UMOA ?";"https://lanation.bj/economie/finance-comment-sassurer-quune-plateforme-dinvestissement-est-autorisee-par-lamf-umoa"
"La Nation (BJ)";"FR";"2026-09-30";"Système financier au Bénin: Le défi de la mobilisation du capital de long terme
                            
                                                            Lecture de 3 min";"https://lanation.bj/economie/systeme-financier-au-benin-le-defi-de-la-mobilisation-du-capital-de-long-terme"
"La Nation (BJ)";"FR";"2026-09-30";"JARCA 2026: L'Afrique réfléchit à son modèle de développement à l'ère de l'intelligence artificielle
                            
                                                            Lecture de 3 min";"https://lanation.bj/economie/jarca-2026-lafrique-reflechit-a-son-modele-de-developpement-a-lere-de-lintelligence-artificielle"
"La Nation (BJ)";"FR";"2026-09-30";"Commande publique: L'offre locale face au défi du volume et de la qualité
                            
                                                            Lecture de 3 min";"https://lanation.bj/economie/commande-publique-loffre-locale-face-au-defi-du-volume-et-de-la-qualite"
"La Nation (BJ)";"FR";"2026-09-30";"Programme CyberIncub: Trois startups béninoises de cybersécurité distinguées";"https://lanation.bj/economie/programme-cyberincub-trois-startups-beninoises-de-cybersecurite-distinguees"
"La Nation (BJ)";"FR";"2026-09-30";"Khady Evelyne D. Ndiaye, directrice du Secteur privé à la Commission de l'Uemoa : « Notre objectif est d'avoir un tissu entrepreneurial parmi les plus compétitifs »";"https://lanation.bj/economie/khady-evelyne-d-ndiaye-directrice-du-secteur-prive-a-la-commission-de-luemoa-notre-objectif-est-davoir-un-tissu-entrepreneurial-parmi-les-plus-competitifs"
"Malijet (ML)";"FR";"2026-09-30";"Politique";"https://malijet.com/actualite-politique-au-mali"
"Malijet (ML)";"FR";"2026-09-30";"Economie";"https://malijet.com/actualite_economique_du_mali"
"Malijet (ML)";"FR";"2026-09-30";"Sports";"https://malijet.com/actualite_sportive_au_mali"
"Malijet (ML)";"FR";"2026-09-30";"Culture";"https://malijet.com/actualite_culturelle_au_mali"
"Malijet (ML)";"FR";"2026-09-30";"International";"https://malijet.com/actualite_internationale"
"Malijet (ML)";"FR";"2026-09-30";"AES";"https://malijet.com/actualite-sur-aes"
"Malijet (ML)";"FR";"2026-09-30";"Afrique";"https://malijet.com/actualite-sur-afrique"
"Malijet (ML)";"FR";"2026-09-30";"Mines : Le Burkina Faso inaugure sa première raffinerie d'or, un « acte de souveraineté assumée »";"https://malijet.com/actualite_economique_du_mali/312078-mines-le-burkina-faso-inaugure-sa-premiere-raffinerie-dor.html"
"Malijet (ML)";"FR";"2026-09-30";"Addis-Abeba : le Mali met en avant sa diplomatie et ses relations avec l’Éthiopie";"https://malijet.com/actualite-politique-au-mali/312053-addis-abeba-le-mali-met-en-avant-sa-diplomatie-et-ses-rela.html"
"Malijet (ML)";"FR";"2026-09-30";"Intégration économique : L'AES prépare son 5e sommet ministériel à Bamako";"https://malijet.com/actualite_economique_du_mali/312035-integration-economique-laes-prepare-son-5e-sommet-ministe.html"
"Malijet (ML)";"FR";"2026-09-30";"Transport : Le Mali crée sa Société nationale de Transport et de Logistique";"https://malijet.com/actualite_economique_du_mali/312030-transport-le-mali-cree-sa-societe-nationale-de-transport-e.html"
"Malijet (ML)";"FR";"2026-09-30";"Mali : près de 58 millions de litres d’hydrocarbures réceptionnés en une semaine";"https://malijet.com/actualite_economique_du_mali/312011-mali-pres-de-58-millions-de-litres-dhydrocarbures-recepti.html"
"Malijet (ML)";"FR";"2026-09-30";"CAN 2027 : Le Mali s'impose difficilement face au Liberia (1-0) et prend la tête du groupe K";"https://malijet.com/actualite_sportive_au_mali/312095-can-2027-le-mali-simpose-difficilement-face-au-liberia-1.html"
"Malijet (ML)";"FR";"2026-09-30";"Coupe du Mali de handball 2026 : le doublé pour l’USFAS";"https://malijet.com/actualite_sportive_au_mali/312089-coupe-du-mali-de-handball-2026-le-double-pour-lusfas.html"
"Malijet (ML)";"FR";"2026-09-30";"La société russe Rosatom construira une mine de lithium au Mali";"https://malijet.com/actualite_economique_du_mali/312088-la-societe-russe-rosatom-construira-une-mine-de-lithium-au-m.html"
"Malijet (ML)";"FR";"2026-09-30";"Guinée-Bissau : Embaló annonce sa candidature à la présidentielle";"https://malijet.com/actualite-sur-afrique/312087-guinee-bissau-embalo-annonce-sa-candidature-a-la-president.html"
"Malijet (ML)";"FR";"2026-09-30";"Diplomatie : Abdoulaye Diop clôture sa mission à New York avec l'Iran et l'ONU";"https://malijet.com/actualite-politique-au-mali/312086-diplomatie-abdoulaye-diop-cloture-sa-mission-a-new-york-av.html"
"Malijet (ML)";"FR";"2026-09-30";"Voir tout →";"https://malijet.com/actualite-politique-au-mali"
"Malijet (ML)";"FR";"2026-09-30";"Diplomatie : Abdoulaye Diop multiplie les échanges à New York";"https://malijet.com/actualite-politique-au-mali/312041-diplomatie-abdoulaye-diop-multiplie-les-echanges-a-new-yor.html"
"Malijet (ML)";"FR";"2026-09-30";"Mali-Suisse : échanges sur la gouvernance des migrations et la mobilité";"https://malijet.com/actualite-politique-au-mali/312017-mali-suisse-echanges-sur-la-gouvernance-des-migrations-et.html"
"Malijet (ML)";"FR";"2026-09-30";"Voir tout →";"https://malijet.com/actualite_economique_du_mali"
"Malijet (ML)";"FR";"2026-09-30";"Bamako : la 5ᵉ édition du FACEJ SUGU s’achève sur un bilan positif";"https://malijet.com/actualite_economique_du_mali/312059-bamako-la-5-edition-du-facej-sugu-sacheve-sur-un-bilan-p.html"
"Malijet (ML)";"FR";"2026-09-30";"Sport et investissement : Paulo Gomes rejoint le conseil consultatif d’African Collaborations Group";"https://malijet.com/actualite_economique_du_mali/312054-sport-et-investissement-paulo-gomes-rejoint-le-conseil-con.html"
"Malijet (ML)";"FR";"2026-09-30";"Voir tout →";"https://malijet.com/actualite_sportive_au_mali"
"Malijet (ML)";"FR";"2026-09-30";"Volley-ball : L’USFAS rafle tous les titres du Championnat national 2026";"https://malijet.com/actualite_sportive_au_mali/312073-volley-ball-lusfas-rafle-tous-les-titres-du-championnat-n.html"
"Malijet (ML)";"FR";"2026-09-30";"Éliminatoires CAN 2027 : les Aigles du Mali sont à Monrovia";"https://malijet.com/actualite_sportive_au_mali/312056-eliminatoires-can-2027-les-aigles-du-mali-sont-a-monrovia.html"
"Malijet (ML)";"FR";"2026-09-30";"Voir tout →";"https://malijet.com/actualite_internationale"
"Malijet (ML)";"FR";"2026-09-30";"Iran : une chanteuse condamnée à 74 coups de fouet";"https://malijet.com/actualite_internationale/312075-iran-une-chanteuse-condamnee-a-74-coups-de-fouet.html"
"Malijet (ML)";"FR";"2026-09-30";"Crash d'Air Algérie : la compagnie Swiftair condamnée à une amende de 225.000 euros pour homicides involontaires";"https://malijet.com/actualite_internationale/312064-crash-dair-algerie-la-compagnie-swiftair-condamnee-a-une.html"
"Malijet (ML)";"FR";"2026-09-30";"ONU : Mamadi Doumbouya présente le « modèle guinéen » à la tribune de l'Assemblée générale";"https://malijet.com/actualite_internationale/312001-onu-mamadi-doumbouya-presente-le-modele-guineen-a-la-t.html"
"Malijet (ML)";"FR";"2026-09-30";"La Libye dépose sa candidature à un siège de membre non permanent du Conseil de sécurité de l’ONU";"https://malijet.com/actualite_internationale/311998-la-libye-depose-sa-candidature-a-un-siege-de-membre-non-perm.html"
"Malijet (ML)";"FR";"2026-09-30";"Voir tout →";"https://malijet.com/actualite-sur-aes"
"Malijet (ML)";"FR";"2026-09-30";"Jeunesse : L'AES lance son Université d'été des volontaires à Niamey pour bâtir une citoyenneté sahélienne commune";"https://malijet.com/actualite-sur-aes/312084-jeunesse-laes-lance-son-universite-dete-des-volontaires.html"
"Malijet (ML)";"FR";"2026-09-30";"AES : les ministres de l’Industrie et du Commerce adoptent une feuille de route à Bamako";"https://malijet.com/actualite-sur-aes/312083-aes-les-ministres-de-lindustrie-et-du-commerce-adoptent-u.html"
"Malijet (ML)";"FR";"2026-09-30";"AES : Abdoulaye Maïga échange avec les ministres de l’Industrie et du Commerce";"https://malijet.com/actualite-sur-aes/312068-aes-abdoulaye-maiga-echange-avec-les-ministres-de-lindust.html"
"Malijet (ML)";"FR";"2026-09-30";"Diplomatie : L'AES et la Russie renforcent leur partenariat stratégique à New York";"https://malijet.com/actualite-sur-aes/312014-diplomatie-laes-et-la-russie-renforcent-leur-partenariat.html"
"Malijet (ML)";"FR";"2026-09-30";"Transport : Le Mali crée sa Société nationale de Transport et de Logistique
                
                                        3 commentaires
                                    
                il y a 4 jours";"https://malijet.com/actualite_economique_du_mali/312030-transport-le-mali-cree-sa-societe-nationale-de-transport-e.html"
"Malijet (ML)";"FR";"2026-09-30";"Mali : près de 58 millions de litres d’hydrocarbures réceptionnés en une semaine
                
                                    
                il y a 5 jours";"https://malijet.com/actualite_economique_du_mali/312011-mali-pres-de-58-millions-de-litres-dhydrocarbures-recepti.html"
"Malijet (ML)";"FR";"2026-09-30";"Guinée-Bissau : Embaló annonce sa candidature à la présidentielle
                                        il y a 15 heures";"https://malijet.com/actualite-sur-afrique/312087-guinee-bissau-embalo-annonce-sa-candidature-a-la-president.html"
"Malijet (ML)";"FR";"2026-09-30";"Le chanteur Kizz Daniel annonce le décès de sa mère un an après celui de sa belle-mère
                                        il y a 3 jours";"https://malijet.com/actualite-sur-afrique/312044-le-chanteur-kizz-daniel-annonce-le-deces-de-sa-mere-un-an-ap.html"
"Malijet (ML)";"FR";"2026-09-30";"Sénégal : Le lutteur Reug Reug placé en garde à vue pour une affaire présumée de faux billets
                                        il y a 3 jours";"https://malijet.com/actualite-sur-afrique/312042-senegal-le-lutteur-reug-reug-place-en-garde-a-vue-pour-une.html"
"Malijet (ML)";"FR";"2026-09-30";"Médias : La HAC ordonne l'interdiction immédiate de quatre Web TV en Guinée
                                        il y a 3 jours";"https://malijet.com/actualite-sur-afrique/312040-medias-la-hac-ordonne-linterdiction-immediate-de-quatre-w.html"
"Malijet (ML)";"FR";"2026-09-30";"Burkina Faso : Le gouvernement serre la vis sur les ONG pour garantir l'impact des financements
                                        il y a 5 jours";"https://malijet.com/actualite-sur-afrique/312018-burkina-faso-le-gouvernement-serre-la-vis-sur-les-ong-pour.html"
"Malijet (ML)";"FR";"2026-09-30";"Niger : un cadre renforcé pour le transport physique de fonds afin de lutter contre le financement du terrorisme
                                        il y a 6 jours";"https://malijet.com/actualite-sur-afrique/311986-niger-un-cadre-renforce-pour-le-transport-physique-de-fond.html"
"Malijet (ML)";"FR";"2026-09-30";"Kenya : deux morts après le crash d’un avion lors d’un vol d’entraînement
                                        il y a 1 semaine";"https://malijet.com/actualite-sur-afrique/311956-kenya-deux-morts-apres-le-crash-dun-avion-lors-dun-vol-d.html"
"Malijet (ML)";"FR";"2026-09-30";"Pluies intenses à Dakar : des inondations signalées dans plusieurs quartiers
                                        il y a 1 semaine";"https://malijet.com/actualite-sur-afrique/311953-pluies-intenses-a-dakar-des-inondations-signalees-dans-plu.html"
"Malijet (ML)";"FR";"2026-09-30";"CEDEAO : Le président de la Commission, le général Birame Diop, expose ses priorités devant les représentants permanents
                                        il y a 1 semaine";"https://malijet.com/actualite-sur-afrique/311948-cedeao-le-president-de-la-commission-le-general-birame-di.html"
"Malijet (ML)";"FR";"2026-09-30";"Halima Dangote explique pourquoi elle et ses frères et sœurs ne se vantent pas de leur richesse
                                        il y a 1 semaine";"https://malijet.com/actualite-sur-afrique/311936-halima-dangote-explique-pourquoi-elle-et-ses-freres-et-soeurs.html"
"Malijet (ML)";"FR";"2026-09-30";"Iran : une chanteuse condamnée à 74 coups de fouet
                                        il y a 1 jour";"https://malijet.com/actualite_internationale/312075-iran-une-chanteuse-condamnee-a-74-coups-de-fouet.html"
"Malijet (ML)";"FR";"2026-09-30";"Crash d'Air Algérie : la compagnie Swiftair condamnée à une amende de 225.000 euros pour homicides involontaires
                                        il y a 1 jour";"https://malijet.com/actualite_internationale/312064-crash-dair-algerie-la-compagnie-swiftair-condamnee-a-une.html"
"Malijet (ML)";"FR";"2026-09-30";"ONU : Mamadi Doumbouya présente le « modèle guinéen » à la tribune de l'Assemblée générale
                                        il y a 5 jours";"https://malijet.com/actualite_internationale/312001-onu-mamadi-doumbouya-presente-le-modele-guineen-a-la-t.html"
"Malijet (ML)";"FR";"2026-09-30";"La Libye dépose sa candidature à un siège de membre non permanent du Conseil de sécurité de l’ONU
                                        il y a 6 jours";"https://malijet.com/actualite_internationale/311998-la-libye-depose-sa-candidature-a-un-siege-de-membre-non-perm.html"
"Malijet (ML)";"FR";"2026-09-30";"Visite d'État du président Xi Jinping aux États-Unis : « Collaboration structurée, gestion maîtrisée des divergences, responsabilité mondiale partagée »
                                        il y a 6 jours";"https://malijet.com/actualite_internationale/311996-visite-detat-du-president-xi-jinping-aux-etats-unis-col.html"
"Malijet (ML)";"FR";"2026-09-30";"ONU : António Guterres appelle à l'unité face à un monde « fracturé »
                                        il y a 1 semaine";"https://malijet.com/actualite_internationale/311978-onu-antonio-guterres-appelle-a-lunite-face-a-un-monde-f.html"
"Malijet (ML)";"FR";"2026-09-30";"Réunion de la direction du PCC pour étudier des questions importantes relatives à l'autogouvernance du Parti et fixer les dates du prochain plénum du Parti
                                        il y a 1 semaine";"https://malijet.com/actualite_internationale/311970-reunion-de-la-direction-du-pcc-pour-etudier-des-questions-im.html"
"Malijet (ML)";"FR";"2026-09-30";"Gambie : Les États-Unis restituent 2,5 millions de dollars saisis à l’ancien président Yahya Jammeh
                                        il y a 1 semaine";"https://malijet.com/actualite_internationale/311964-gambie-les-etats-unis-restituent-25-millions-de-dollars-s.html"
"Malijet (ML)";"FR";"2026-09-30";"L'Initiative pour la gouvernance mondiale : une nouvelle voie pour un multilatéralisme fécond
                                        il y a 1 semaine";"https://malijet.com/actualite_internationale/311944-linitiative-pour-la-gouvernance-mondiale-une-nouvelle-voi.html"
"Malijet (ML)";"FR";"2026-09-30";"Sénégal-Émirats arabes unis : le président Faye et le cheikh Mohammed ben Zayed renforcent leur partenariat stratégique
                                        il y a 1 semaine";"https://malijet.com/actualite_internationale/311881-senegal-emirats-arabes-unis-le-president-faye-et-le-cheikh.html"
"Malijet (ML)";"FR";"2026-09-30";"Transport : Le Mali crée sa Société nationale de Transport et de Logistique
                    3 commentaires
                    il y a 4 jours";"https://malijet.com/actualite_economique_du_mali/312030-transport-le-mali-cree-sa-societe-nationale-de-transport-e.html"
"Malijet (ML)";"FR";"2026-09-30";"Police nationale : EUCAP renforce les compétences des formateurs
                    1 commentaire
                    il y a 6 jours";"https://malijet.com/actualite-politique-au-mali/311987-police-nationale-eucap-renforce-les-competences-des-format.html"
"Malijet (ML)";"FR";"2026-09-30";"Économie";"https://malijet.com/actualite_economique_du_mali"
