"Source";"Language";"Date";"Title";"URL"
"VRT NWS (EN)";"EN";"2026-10-03";"Volg alles over De Warmste Week ook via VRT NWS";"https://www.vrt.be/vrtnws/nl/2026/09/25/de-warmste-week-216-projecten-rond-een-warme-thuis-voor-iedereen/"
"VRT NWS (EN)";"EN";"2026-10-03";"Nachtelijke explosie beschadigt café en wagen in Sint-Jans-Molenbeek";"https://www.vrt.be/vrtnws/nl/2026/10/03/cafe-en-wagen-beschadigt-na-explosie-in-sint-jans-molenbeek/?utm_source=corporate&utm_medium=referral&utm_campaign=rssfeed&utm_content=vrt-nws"
"VRT NWS (EN)";"EN";"2026-10-03";"Dode bij zwaar verkeersongeval op E34 in Vosselaar: auto rijdt in op vrachtwagen";"https://www.vrt.be/vrtnws/nl/2026/10/03/dodelijk-ongeval-e34-vosselaar-auto-vrachtwagen-geknelde-persone/?utm_source=corporate&utm_medium=referral&utm_campaign=rssfeed&utm_content=vrt-nws"
"VRT NWS (EN)";"EN";"2026-10-03";"""Algoritmen missen de menselijke vonk"": paus Leo XIV roept de Kerk op om kunstenaars te beschermen tegen AI";"https://www.vrt.be/vrtnws/nl/2026/10/03/paus-leo-xiv-kunsten-artificiele-intelligentie/?utm_source=corporate&utm_medium=referral&utm_campaign=rssfeed&utm_content=vrt-nws"
"VRT NWS (EN)";"EN";"2026-10-03";"Dierenvriendin uit Lubbeek laat erfenis van 1,35 miljoen euro na aan dierenasielen: ""Investeren in uitbreiding""";"https://www.vrt.be/vrtnws/nl/2026/10/03/overleden-dierenvriendin-uit-lubbeek-laat-1-35-miljoen-euro-na-a/?utm_source=corporate&utm_medium=referral&utm_campaign=rssfeed&utm_content=vrt-nws"
"VRT NWS (EN)";"EN";"2026-10-03";"Wolkbreuk zet gemeente in Midden-Spanje onder water: vrouw (102) overleeft het niet";"https://www.vrt.be/vrtnws/nl/2026/10/03/dode-door-noodweer-in-spanje/?utm_source=corporate&utm_medium=referral&utm_campaign=rssfeed&utm_content=vrt-nws"
"VRT NWS (EN)";"EN";"2026-10-03";"Is coronavirus opnieuw in opmars? ""Ja, en we kunnen nooit voorspellen hoe hoog de piek zal zijn""";"https://www.vrt.be/vrtnws/nl/2026/10/03/hoogste-coronaconcentratie-in-leuvens-rioolwater-gemeten-in-een/?utm_source=corporate&utm_medium=referral&utm_campaign=rssfeed&utm_content=vrt-nws"
"VRT NWS (EN)";"EN";"2026-10-03";"Babbelbus toert door Scherpenheuvel-Zichem voor babbeltje en luisterend oor";"https://www.vrt.be/vrtnws/nl/2026/10/02/babbelbus-trekt-door-scherpenheuvel-zichem/?utm_source=corporate&utm_medium=referral&utm_campaign=rssfeed&utm_content=vrt-nws"
"VRT NWS (EN)";"EN";"2026-10-03";"Drie mannen opgepakt voor drogeren en verkrachten van minstens 3 vrouwen in Antwerpen";"https://www.vrt.be/vrtnws/nl/2026/10/03/3-mannen-aangehouden-drogeren-verkrachten-vrouwen-antwerpen/?utm_source=corporate&utm_medium=referral&utm_campaign=rssfeed&utm_content=vrt-nws"
"VRT NWS (EN)";"EN";"2026-10-03";"Zes mannen krijgen tot 9 jaar cel voor de invoer van cocaïne in de Waaslandhaven";"https://www.vrt.be/vrtnws/nl/2026/10/03/9-jaar-cel-invoer-cocaine-waaslandhaven/?utm_source=corporate&utm_medium=referral&utm_campaign=rssfeed&utm_content=vrt-nws"
"VRT NWS (EN)";"EN";"2026-10-03";"Bezorgdheid in Diepenbeek door giftige doornappel in weiland";"https://www.vrt.be/vrtnws/nl/2026/10/02/veld-vol-doornappels-zorgt-voor-bezorgdheid-in-diepenbeek/?utm_source=corporate&utm_medium=referral&utm_campaign=rssfeed&utm_content=vrt-nws"
"VRT NWS (EN)";"EN";"2026-10-03";"Josje Huisman (40) maakt comeback als K3'tje en vervangt zwangere Hanne in december";"https://www.vrt.be/vrtnws/nl/2026/10/03/josje-vervangt-hanne-k3/?utm_source=corporate&utm_medium=referral&utm_campaign=rssfeed&utm_content=vrt-nws"
"VRT NWS (EN)";"EN";"2026-10-03";"Piloot die collega aanviel op Flydubai-vlucht probeerde terroristische aanslag te plegen, zegt openbaar ministerie";"https://www.vrt.be/vrtnws/nl/2026/10/03/piloot-die-andere-piloot-aanviel-had-vliegverbod-door-extremisti/?utm_source=corporate&utm_medium=referral&utm_campaign=rssfeed&utm_content=vrt-nws"
"VRT NWS (EN)";"EN";"2026-10-03";"Bijna 1 op de 3 frituursnacks bevat paardenvlees, maar waar komt dat vlees vandaan?";"https://www.vrt.be/vrtnws/nl/2026/10/02/vragen-over-traceerbaarheid-van-paardenvlees/?utm_source=corporate&utm_medium=referral&utm_campaign=rssfeed&utm_content=vrt-nws"
"VRT NWS (EN)";"EN";"2026-10-03";"Mogelijk 1 miljoen Belgische kinderen bijziend tegen 2050, experts pleiten voor vroege signalering";"https://www.vrt.be/vrtnws/nl/2026/10/03/mogelijk-een-miljoen-bijziende-kinderen-in-belgie-tegen-2050/?utm_source=corporate&utm_medium=referral&utm_campaign=rssfeed&utm_content=vrt-nws"
"VRT NWS (EN)";"EN";"2026-10-03";"Lokaal parket weigerde bijkomend bewijsmateriaal van universiteitspolitie te onderzoeken in Cornell-verkrachtingszaak";"https://www.vrt.be/vrtnws/nl/2026/10/03/cornell-verkrachtingsonderzoek-bijkomend-bewijsmateriaal/?utm_source=corporate&utm_medium=referral&utm_campaign=rssfeed&utm_content=vrt-nws"
"VRT NWS (EN)";"EN";"2026-10-03";"Amerikaanse componist Steve Reich is 90: ""Mooiste verjaardagscadeau is dat ze mijn muziek overal in de wereld spelen""";"https://www.vrt.be/vrtnws/nl/2026/10/02/steve-reich-componist-90-jaar-klara-anna-teresa-de-keersmaeker/?utm_source=corporate&utm_medium=referral&utm_campaign=rssfeed&utm_content=vrt-nws"
"VRT NWS (EN)";"EN";"2026-10-03";"Met de zegen van zijn vader: Flávio Bolsonaro moet radicaal-rechts weer aan de macht brengen in Brazilië";"https://www.vrt.be/vrtnws/nl/2026/10/01/brazilie-voorbeschouwing-presidentsverkiezingen/?utm_source=corporate&utm_medium=referral&utm_campaign=rssfeed&utm_content=vrt-nws"
"VRT NWS (EN)";"EN";"2026-10-03";"""Olieprijzen lager onder Trump dan onder Obama en Biden"": deed Trump het dan echt beter dan zijn voorgangers?";"https://www.vrt.be/vrtnws/nl/2026/09/28/factcheck-olieprijs-minder-vaak-boven-100-dollar-onder-trump/?utm_source=corporate&utm_medium=referral&utm_campaign=rssfeed&utm_content=vrt-nws"
"VRT NWS (EN)";"EN";"2026-10-03";"Waarom Tesla's op begraafplaatsen soms 'spoken' zien";"https://www.vrt.be/vrtnws/nl/2026/09/21/factcheck-tesla-ziet-mensen-die-er-niet-zijn-kan-de-auto-geeste/?utm_source=corporate&utm_medium=referral&utm_campaign=rssfeed&utm_content=vrt-nws"
"VRT NWS (EN)";"EN";"2026-10-03";"N-VA ziet 'zwarte nul' in Vlaanderen als troef voor federale begroting, zegt Carl Devos: ""De Wever kan zeggen dat Vlaanderen huiswerk heeft gemaakt""";"https://www.vrt.be/vrtnws/nl/2026/10/02/besparingen-op-vlaams-niveau-zijn-troef-voor-federale-onderhande/?utm_source=corporate&utm_medium=referral&utm_campaign=rssfeed&utm_content=vrt-nws"
"VRT NWS (EN)";"EN";"2026-10-03";"Nog geen plannen dit weekend? Dit zijn onze tips";"https://www.vrt.be/vrtnws/nl/2026/09/23/weekendtips-3-4-oktober-philip-aguirre-design-museum-gent-jean-b/?utm_source=corporate&utm_medium=referral&utm_campaign=rssfeed&utm_content=vrt-nws"
"VRT NWS (EN)";"EN";"2026-10-03";"Van het Jenevermuseum en Bozar tot sociaal-cultureel volwassenenwerk: hier bespaart Vlaams minister Gennez 47 miljoen euro";"https://www.vrt.be/vrtnws/nl/2026/10/01/overzicht-van-besparingen-cultuur-47-miljoen-euro-caroline-genne/?utm_source=corporate&utm_medium=referral&utm_campaign=rssfeed&utm_content=vrt-nws"
"VRT NWS (EN)";"EN";"2026-10-03";"Een woning kopen of een kind krijgen? Bereken hier hoeveel de nieuwe Vlaamse begroting jou kost";"https://www.vrt.be/vrtnws/nl/2026/09/30/kinderbijslag-kindergeld-huis-kopen-bereken-begroting-vlaams/?utm_source=corporate&utm_medium=referral&utm_campaign=rssfeed&utm_content=vrt-nws"
"VRT NWS (EN)";"EN";"2026-10-03";"Dienstencheques stijgen van 10 naar 12 euro: ""Ik vrees bloedbad in onze sector""";"https://www.vrt.be/vrtnws/nl/2026/09/28/poetshulpen-getuigen-over-stijgende-prijs-dienstencheques/?utm_source=corporate&utm_medium=referral&utm_campaign=rssfeed&utm_content=vrt-nws"
"VRT NWS (EN)";"EN";"2026-10-03";"Warmtepompen als vervanging voor gasketels: wat kosten ze en zijn ze een oplossing voor elk huis?";"https://www.vrt.be/vrtnws/nl/2026/09/17/warmtepompen-warmtenetten-of-hout-en-pelletkachels-alternati/?utm_source=corporate&utm_medium=referral&utm_campaign=rssfeed&utm_content=vrt-nws"
"VRT NWS (EN)";"EN";"2026-10-03";"Hoe goed ken jij de verkeersregels? Test je kennis met deze 10 vragen";"https://www.vrt.be/vrtnws/nl/2026/09/25/verkeersquiz/?utm_source=corporate&utm_medium=referral&utm_campaign=rssfeed&utm_content=vrt-nws"
"VRT NWS (EN)";"EN";"2026-10-03";"""Zet die roze bril af, België"": commandant Oekraïense dronetroepen waarschuwt voor Russische dreiging";"https://www.vrt.be/vrtnws/nl/2026/09/24/oekraine-arnaud-magyar-drones-oorlog-rusland/?utm_source=corporate&utm_medium=referral&utm_campaign=rssfeed&utm_content=vrt-nws"
"VRT NWS (EN)";"EN";"2026-10-03";"Ze verbreekt het record van Mariah Carey: wie is Ella Langley die plots een wereldhit op zak heeft?";"https://www.vrt.be/vrtnws/nl/2026/09/25/ella-langley-verbreekt-record-van-mariah-carey-met-choosin-texa/?utm_source=corporate&utm_medium=referral&utm_campaign=rssfeed&utm_content=vrt-nws"
"VRT NWS (EN)";"EN";"2026-10-03";"""Mensen eten gras, duiven en honden"": door Rusland bezet Oekraïens stadje balanceert op rand van hongersnood";"https://www.vrt.be/vrtnws/nl/2026/09/25/oekraine-oleksji-humanitaire-catastrofe/?utm_source=corporate&utm_medium=referral&utm_campaign=rssfeed&utm_content=vrt-nws"
"VRT NWS (EN)";"EN";"2026-10-03";"IN KAART: Hoeveel kost zwemmen in jouw buurt?";"https://www.vrt.be/vrtnws/nl/2026/08/13/zwembaden-vlaanderen-aantal-gemeentelijk-lago-sportoase/?utm_source=corporate&utm_medium=referral&utm_campaign=rssfeed&utm_content=vrt-nws"
"VRT NWS (EN)";"EN";"2026-10-03";"LIVE: Noor vertrekt solo in slotronde bij junioren, kunnen Belgen nog meespelen voor medailles?";"https://sporza.be/nl/matches/wielrennen/ek-junioren-mannen-wegrit/2026/ek-junioren-mannen-wegrit-live-noor-vertrekt-solo-in-slotronde-bij-junioren-kunnen-belgen-nog-meespelen-voor-medailles~1789985651035/"
"VRT NWS (EN)";"EN";"2026-10-03";"Terug op zijn geliefde Sepang: Verstappen knalt naar polepositie, Hamilton start naast hem";"https://sporza.be/nl/2026/10/03/terug-op-zijn-geliefde-sepang-verstappen-knalt-naar-polepositie-hamilton-start-naast-hem~1791014780185/"
"VRT NWS (EN)";"EN";"2026-10-03";"Nog geen verhuis naar Imola: Formule 1 bevestigt voorlopig slotstuk in Qatar en Abu Dhabi";"https://sporza.be/nl/2026/10/03/nog-geen-verhuis-naar-imola-formule-1-bevestigt-voorlopig-slotstuk-in-qatar-en-abu-dhabi~1791015479801/"
"VRT NWS (EN)";"EN";"2026-10-03";"Vandenbempt looft oude én specifieke jonge Duivel, maar trekt ook belangrijke les uit feestavond: ""Dat trio werkt gewoon niet""";"https://sporza.be/nl/2026/10/03/vandenbempt-looft-oude-en-specifieke-jonge-duivel-maar-trekt-ook-belangrijke-les-uit-feestavond-dat-trio-werkt-gewoon-niet~1790985696616/"
"VRT NWS (EN)";"EN";"2026-10-03";"WIN: Een uniek gravelweekend voor 2 personen in een gloednieuwe elektrische auto, inclusief 2 gravelbikes";"https://sporza.be/nl/2026/09/29/win-een-uniek-gravelweekend-voor-2-personen-in-een-gloednieuwe-elektrische-auto-inclusief-2-gravelbikes~1790672932377/"
"VRT NWS (EN)";"EN";"2026-10-03";"""Alleen maar appreciatie daarvoor"": Rode Duivels loven Lukaku en De Bruyne, die ""superbelangrijk blijven""";"https://sporza.be/nl/2026/10/02/-alleen-maar-appreciatie-daarvoor-rode-duivels-loven-lukaku-en-de-bruyne-die-superbelangrijk-blijven~1790971265358/"
"VRT NWS (EN)";"EN";"2026-10-03";"LIVESTREAM (13.30 uur): Grijpt Demi Vollering na haar eerste wereldtitel ook de macht op EK?";"https://sporza.be/nl/matches/wielrennen/europese-kampioenschappen/2026/europese-kampioenschappen-2026-livestream-1330-uur-grijpt-demi-vollering-na-haar-eerste-wereldtitel-ook-de-macht-op-ek~1768227185484/"
"VRT NWS (EN)";"EN";"2026-10-03";"""Wout van Aert? Niet aan twijfelen, die gaat crossen!"": veldritwereld zet zich (ondanks veel vragen) schrap voor nieuw seizoen";"https://sporza.be/nl/2026/10/02/-wout-van-aert-niet-aan-twijfelen-die-gaat-crossen-veldritwereld-zet-zich-ondanks-veel-vragen-schrap-voor-nieuw-seizoen~1790943800280/"
"VRT NWS (EN)";"EN";"2026-10-03";"In de voetsporen van Stijn Stijnen: Emilio Ferrera neemt het roer over als nieuwe coach van Patro Eisden";"https://sporza.be/nl/2026/10/02/in-de-voetsporen-van-stijn-stijnen-emilio-ferrera-neemt-het-roer-over-als-nieuwe-coach-van-patro-eisden~1790958273667/"
"VRT NWS (EN)";"EN";"2026-10-03";"Van Bommel weerlegt na ""pingpongwedstrijd"" theorie dat uitblinker De Bruyne bewust geel pakte: ""Hij had het niet eens in de gaten""";"https://sporza.be/nl/2026/10/03/van-bommel-weerlegt-na-pingpongwedstrijd-theorie-dat-uitblinker-de-bruyne-bewust-geel-pakte-hij-had-het-niet-eens-in-de-gaten~1790988330655/"
"VRT NWS (EN)";"EN";"2026-10-03";"""Ze hebben te veel naar verleden gekeken"": Romelu Lukaku vertelt over rol als bankzitter bij Fenerbahçe (en dus ook bij Duivels)";"https://sporza.be/nl/2026/10/03/-ze-hebben-te-veel-naar-verleden-gekeken-romelu-lukaku-vertelt-over-rol-als-bankzitter-bij-fenerbahce-en-dus-ook-bij-duivels~1790978935534/"
"VRT NWS (EN)";"EN";"2026-10-03";"""Zijn manier van spelen ligt mij"": Kevin De Bruyne kent magische avond, met deze 2 schilderwerkjes als parels op zijn kroon";"https://sporza.be/nl/2026/10/02/-zijn-manier-van-spelen-ligt-mij-kevin-de-bruyne-kent-magische-avond-met-deze-2-schilderwerkjes-als-parels-op-zijn-kroon~1790968857280/"
"VRT NWS (EN)";"EN";"2026-10-03";"""Dat bericht klopte niet"": Serge Pauwels komt nog één keer terug op virusheisa en bevestigt dat er ""niemand ziek"" was";"https://sporza.be/nl/2026/10/02/-dat-bericht-klopte-niet-serge-pauwels-komt-nog-een-keer-terug-op-virusheisa-en-bevestigt-dat-er-niemand-ziek-was~1790965052815/"
"VRT NWS (EN)";"EN";"2026-10-03";"""Ik wil maar 1 ding veranderen: mijn gevoel"": Ontspannen Evenepoel blikt vooruit op EK, ook over virusgerucht is hij duidelijk";"https://sporza.be/nl/2026/10/02/-ik-wil-maar-1-ding-veranderen-mijn-gevoel-ontspannen-evenepoel-blikt-vooruit-op-ek-ook-over-virusgerucht-is-hij-duidelijk~1790954697524/"
"VRT NWS (EN)";"EN";"2026-10-03";"Kan Evenepoel enkel verliezen? En wat met zijn ""blinde vlek""? Onze commentator blikt vooruit op het EK wielrennen";"https://sporza.be/nl/2026/10/02/kan-evenepoel-enkel-verliezen-en-wat-met-zijn-blinde-vlek-onze-commentator-blikt-vooruit-op-het-ek-wielrennen~1790944666276/"
"VRT NWS (EN)";"EN";"2026-10-03";"Stien leert cable rotation perfect uit te voeren: ""Een atypische oefening, maar wel heel functioneel""";"https://sporza.be/nl/2026/10/02/stien-leert-cable-rotation-perfect-uit-te-voeren-een-atypische-oefening-maar-wel-heel-functioneel~1790937039825/"
"RTBF Actus (FR)";"FR";"2026-10-03";"""L'internat, c'est comme une deuxième famille""";"/article/vol-flydubai-le-copilote-qui-a-poignarde-son-collegue-etait-il-deja-interdit-de-vol-pour-extremisme-11794349"
"RTBF Actus (FR)";"FR";"2026-10-03";"Viens, je t'explique";"/article/les-enigmes-de-van-bommel-tielemans-patauge-un-defenseur-en-pleine-bourre-5-enseignements-apres-belgique-turquie-11794280"
"RTBF Actus (FR)";"FR";"2026-10-03";"Nathan Ngoy et Arda Güler, l'explication de l'altercation";"/article/conclaves-budgetaires-sprint-en-vue-pour-les-gouvernements-au-federal-en-wallonie-et-a-bruxelles-11793256"
"RTBF Actus (FR)";"FR";"2026-10-03";"De danseur à chorégraphe : le processus créatif et la passion de la transmission";"/article/wrc-sardaigne-neuville-resistera-t-il-aux-assauts-de-fourmaux-et-solberg-direct-commente-a-8h-11794284"
"RTBF Actus (FR)";"FR";"2026-10-03";"Où en sont les cosmétiques pour hommes ?";"/article/martens-gol-face-au-deficit-budgetaire-peut-on-encore-s-inspirer-de-la-recette-des-annees-80-11792645"
"RTBF Actus (FR)";"FR";"2026-10-03";"Dans les coulisses des BD ""Elles""";"/article/martens-gol-face-au-deficit-budgetaire-peut-on-encore-s-inspirer-de-la-recette-des-annees-80-11792645"
"RTBF Actus (FR)";"FR";"2026-10-03";"Mosimann bluffé par le talentueux DJ liégeois Ridooo Revolution !";"/article/ukraine-un-nouveau-pont-majeur-de-kiev-touche-par-une-frappe-russe-11794355"
"RTBF Actus (FR)";"FR";"2026-10-03";"Les Enfants de Chœur";"/article/un-trace-plutot-court-un-redoutable-circuit-final-les-parcours-hommes-et-femmes-de-l-euro-de-cyclisme-11792185"
"RTBF Actus (FR)";"FR";"2026-10-03";"Agricultrice, un métier et une passion";"/article/f1-bahrein-verstappen-signe-sa-premiere-pole-de-la-saison-devant-hamilton-11794397"
"RTBF Actus (FR)";"FR";"2026-10-03";"Pourquoi plus personne ne danse en concert ou en soirée ?";"/article/l-historien-et-ecrivain-david-van-reybrouck-si-j-etais-ministre-du-climat-ma-premiere-decision-serait-d-interdire-aux-jets-prives-d-atterrir-en-belgique-11794087"
"RTBF Actus (FR)";"FR";"2026-10-03";"Quelle note donnez vous à Mark van Bommel";"/article/manifestations-des-etudiants-en-belgique-pourquoi-les-eleves-manifestent-ils-11793821"
"RTBF Actus (FR)";"FR";"2026-10-03";"UN PC portable à moins de 600 euros ?";"/article/manifestations-des-etudiants-en-belgique-pourquoi-les-eleves-manifestent-ils-11793821"
"RTBF Actus (FR)";"FR";"2026-10-03";"Vol Flydubai : l’enquête établit que le copilote planifiait un ""acte terroriste""";"/article/la-lettonie-vote-sur-fond-de-preoccupations-liees-a-la-securite-et-au-cout-de-la-vie-11794383"
"RTBF Actus (FR)";"FR";"2026-10-03";"Van Bommel lance des énigmes, un joueur patauge, Ngoy en pleine bourre : 5 enseignements après Belgique - Turquie";"/article/la-belgique-arrache-le-podium-sur-la-finale-du-championnat-du-monde-de-course-au-large-double-mixte-11794404"
"RTBF Actus (FR)";"FR";"2026-10-03";"Conclaves budgétaires : sprint en vue pour les gouvernements au fédéral, en Wallonie et à Bruxelles ?";"/article/c-est-fini-le-temps-ou-les-femmes-servent-les-roles-masculins-mara-taquin-creve-l-ecran-et-s-impose-au-cinema-11794286"
"RTBF Actus (FR)";"FR";"2026-10-03";"Direct commenté : Solberg chipe la tête du rallye de Sardaigne à Neuville et met la pression à Evans pour le titre";"/article/def-leppard-prepare-son-premier-documentaire-officiel-phil-collen-promet-des-images-inedites-11793207"
"RTBF Actus (FR)";"FR";"2026-10-03";"Martens-Gol : face au déficit budgétaire, peut-on encore s’inspirer de la recette des années 80 ?";"/article/french-connection-fete-ses-55-ans-5-choses-que-vous-ignoriez-encore-sur-le-chef-d-uvre-de-william-friedkin-11793831"
"RTBF Actus (FR)";"FR";"2026-10-03";"Martens-Gol : face au déficit budgétaire, peut-on encore s’inspirer de la recette des années 80 ?";"/article/a-qui-servent-les-prix-litteraires-pierre-guillaume-meon-interroge-leur-role-dans-le-monde-du-livre-11794112"
"RTBF Actus (FR)";"FR";"2026-10-03";"Ukraine : un nouveau pont majeur de Kiev touché par une frappe russe";"/article/entre-societe-et-musique-on-vous-conseille-3-nouveautes-bd-a-decouvrir-de-toute-urgence-11794134"
"RTBF Actus (FR)";"FR";"2026-10-03";"Un tracé plutôt court, un circuit final redoutable : les parcours hommes et femmes de l’Euro de cyclisme";"/article/vu-d-europe-comment-une-poignee-de-grandes-entreprises-agricoles-ont-pris-le-controle-de-la-production-alimentaire-mondiale-11793378"
"RTBF Actus (FR)";"FR";"2026-10-03";"F1 Bahreïn : Verstappen signe sa première pole de la saison devant Hamilton";"/article/un-kdb-en-mode-magique-un-vanaken-discret-et-un-lukaku-qui-revit-les-notes-des-diables-rouges-apres-belgique-turquie-11793347"
"RTBF Actus (FR)";"FR";"2026-10-03";"L'historien et écrivain David Van Reybrouck : ""Si j'étais ministre du climat, ma première décision serait d’interdire aux jets privés d’atterrir en Belgique""";"/article/un-kdb-en-mode-magique-un-vanaken-discret-et-un-lukaku-qui-revit-les-notes-des-diables-rouges-apres-belgique-turquie-11793347"
"RTBF Actus (FR)";"FR";"2026-10-03";"Manifestations des étudiants en Belgique : pourquoi les élèves manifestent-ils ?";"/article/service-citoyen-l-experience-fructueuse-de-rosalie-et-mirabed-11794213"
"RTBF Actus (FR)";"FR";"2026-10-03";"Manifestations des étudiants en Belgique : pourquoi les élèves manifestent-ils ?";"/article/un-million-de-petits-belges-myopes-d-ici-2050-une-detection-precoce-est-indispensable-11794351"
"RTBF Actus (FR)";"FR";"2026-10-03";"Elections en Lettonie : sécurité nationale et hausse du coût de la vie sont les préoccupations principales des Lettons";"/article/hope-2025-il-faut-que-les-enfants-sachent-qu-ils-peuvent-compter-sur-les-adultes-plaide-benoit-galand-uclouvain-11621796"
"RTBF Actus (FR)";"FR";"2026-10-03";"La Belgique arrache le podium sur la finale du Championnat du Monde de Course au Large Double Mixte";"/article/d-ou-vient-l-expression-etre-dans-de-beaux-draps-11791638"
"RTBF Actus (FR)";"FR";"2026-10-03";"""C’est fini le temps où les femmes servent les rôles masculins"": Mara Taquin crève l’écran et s’impose au cinéma";"/article/nouveaux-rassemblements-ce-vendredi-devant-des-ecoles-liegeoises-11793815"
"RTBF Actus (FR)";"FR";"2026-10-03";"Def Leppard ouvre ses archives pour son tout premier documentaire officiel";"/article/revendications-locales-videos-virales-soutien-du-parti-la-france-insoumise-comment-le-blocage-de-quelques-lycees-s-est-transforme-en-un-mouvement-d-ampleur-en-france-11794146"
"RTBF Actus (FR)";"FR";"2026-10-03";"""French Connection"" fête ses 55 ans : 5 choses que vous ignoriez encore sur le chef-d’œuvre de William Friedkin";"/article/jusqu-a-100-millions-de-barils-de-diesel-et-petrole-brut-liberes-par-les-pays-du-g7-11794176"
"RTBF Actus (FR)";"FR";"2026-10-03";"""À qui servent les prix littéraires ?"" : Pierre-Guillaume Méon interroge leur rôle dans le monde du livre";"/article/2-torpilles-de-de-bruyne-1-bouquet-final-de-lukaku-et-la-belgique-s-offre-un-feu-d-artifice-face-a-la-turquie-11794256"
"RTBF Actus (FR)";"FR";"2026-10-03";"Entre société et musique, on vous conseille 3 nouveautés BD à découvrir de toute urgence";"/article/hausse-des-tarifs-des-tec-en-wallonie-pourquoi-le-gouvernement-a-t-il-decide-d-augmenter-les-prix-et-d-abandonner-l-offre-a-12-par-an-11794089"
"RTBF Actus (FR)";"FR";"2026-10-03";"Vu d'Europe : comment une poignée de grandes entreprises agricoles ont pris le contrôle de la production alimentaire mondiale";"/article/reforme-du-chomage-plus-de-40-000-personnes-recevront-quand-meme-une-allocation-11794118"
"RTBF Actus (FR)";"FR";"2026-10-03";"Un KDB en mode magique, un Vanaken discret et un Lukaku qui revit : les notes des Diables Rouges après Belgique – Turquie";"/article/les-enigmes-de-van-bommel-tielemans-patauge-un-defenseur-en-pleine-bourre-5-enseignements-apres-belgique-turquie-11794280"
"RTBF Actus (FR)";"FR";"2026-10-03";"Un KDB en mode magique, un Vanaken discret et un Lukaku qui revit : les notes des Diables Rouges après Belgique – Turquie";"/article/nathan-ngoy-patron-de-la-defense-des-diables-rouges-j-ai-mes-soldats-derriere-moi-11794326"
"RTBF Actus (FR)";"FR";"2026-10-03";"Service Citoyen : l’expérience fructueuse de Rosalie et Mirabed";"/article/montella-coach-de-la-turquie-on-a-fait-jeu-egal-avec-la-belgique-mes-joueurs-ont-tout-donne-3-0-c-est-moche-11794330"
"RTBF Actus (FR)";"FR";"2026-10-03";"Un million de petits Belges myopes d’ici 2050 : une détection précoce est indispensable";"/article/completement-foot-belgique-turquie-votre-avis-sur-le-match-11794180"
"RTBF Actus (FR)";"FR";"2026-10-03";"HOPE 2026 : ""Les enfants veulent savoir qu'ils peuvent compter sur les adultes"", Benoît Galand décrypte le harcèlement scolaire en FWB";"/article/mark-van-bommel-vainqueur-du-ping-pong-on-a-laisse-la-turquie-dans-le-match-mais-le-resultat-me-va-11794279"
"RTBF Actus (FR)";"FR";"2026-10-03";"D'où vient l'expression ""être dans de beaux draps"" ?";"/article/kevin-nous-a-fait-du-bien-romelu-c-est-romelu-youri-tielemans-rend-hommage-aux-anciens-apres-belgique-turquie-11794323"
"RTBF Actus (FR)";"FR";"2026-10-03";"Manifestations d’élèves en région liégeoise : plusieurs arrestations et deux policiers blessés";"/article/un-kdb-en-mode-magique-un-vanaken-discret-et-un-lukaku-qui-revit-les-notes-des-diables-rouges-apres-belgique-turquie-11793347"
"RTBF Actus (FR)";"FR";"2026-10-03";"Revendications locales, vidéos virales, soutien du parti La France Insoumise... Comment le blocage de quelques lycées s'est transformé en un mouvement d'ampleur en France";"/article/2-torpilles-de-de-bruyne-1-bouquet-final-de-lukaku-et-la-belgique-s-offre-un-feu-d-artifice-face-a-la-turquie-11794256"
"RTBF Actus (FR)";"FR";"2026-10-03";"""Jusqu'à 100 millions de barils"" de ""diesel et pétrole brut"" libérés par les pays du G7";"/article/ou-sont-passes-les-diables-rouges-sur-les-antennes-de-la-rtbf-11793606"
"RTBF Actus (FR)";"FR";"2026-10-03";"2 torpilles de De Bruyne, 1 bouquet final de Lukaku et la Belgique s’offre un feu d’artifice face à la Turquie";"/article/un-trace-plutot-court-un-redoutable-circuit-final-les-parcours-hommes-et-femmes-de-l-euro-de-cyclisme-11792185"
"RTBF Actus (FR)";"FR";"2026-10-03";"Hausse des tarifs des TEC en Wallonie : pourquoi le gouvernement wallon a-t-il décidé d’augmenter les prix et d’abandonner l’offre à 12€ par an ?";"/article/roglic-ayuso-mais-finalement-pas-de-pogacar-qui-pour-enquiquiner-remco-evenepoel-aux-championnats-d-europe-11792662"
"RTBF Actus (FR)";"FR";"2026-10-03";"Réforme du chômage : plus de 40.000 personnes recevront quand même une allocation";"/article/euro-de-cyclisme-dames-la-belgique-sans-lotte-kopecky-en-slovenie-direct-video-et-audio-13h20-11792259"
"RTBF Actus (FR)";"FR";"2026-10-03";"Van Bommel lance des énigmes, un joueur patauge, Ngoy en pleine bourre : 5 enseignements après Belgique - Turquie";"/article/euro-de-cyclisme-remco-evenepoel-veut-tourner-la-page-de-montreal-l-equipe-est-tres-forte-pour-ce-parcours-11794194"
"RTBF Actus (FR)";"FR";"2026-10-03";"Nathan Ngoy, patron de la défense des Diables Rouges : ""J’ai mes soldats derrière moi""";"/article/une-rivale-de-moins-pour-demi-vollering-a-l-euro-paula-blasi-renonce-apres-sa-chute-aux-mondiaux-11794234"
"RTBF Actus (FR)";"FR";"2026-10-03";"Montella, coach de la Turquie : ""On a fait jeu égal avec la Belgique, mes joueurs ont tout donné... 3-0, c'est moche""";"/article/l-espoir-niels-driesen-se-pare-de-bronze-a-l-euro-de-cyclisme-une-saison-bien-au-dela-de-mes-attentes-11794199"
"RTBF Actus (FR)";"FR";"2026-10-03";"""On a eu De Bruyne que les Turcs n’avaient pas"", et face à la France, ce sera sans lui";"/article/all-in-pour-remco-on-roulera-pour-gagner-la-garde-rapprochee-d-evenepoel-devoile-ses-ambitions-avant-l-euro-11794083"
"RTBF Actus (FR)";"FR";"2026-10-03";"Mark van Bommel, vainqueur du ping-pong : ""On a laissé la Turquie dans le match... mais le résultat me va""";"/article/euro-de-cyclisme-hector-alvarez-remporte-la-course-espoirs-niels-driesen-medaille-de-bronze-11794145"
"RTBF Actus (FR)";"FR";"2026-10-03";"""Kevin nous a fait du bien"", ""Romelu c’est Romelu"" : Youri Tielemans distingue les anciens après Belgique – Turquie";"/article/sans-kopecky-nous-n-avons-pas-vraiment-de-leader-claes-et-les-belges-vont-jouer-l-offensive-a-l-euro-11794061"
"RTBF Actus (FR)";"FR";"2026-10-03";"Un KDB en mode magique, un Vanaken discret et un Lukaku qui revit : les notes des Diables Rouges après Belgique – Turquie";"/article/f1-bahrein-verstappen-signe-sa-premiere-pole-de-la-saison-devant-hamilton-11794397"
"RTBF Actus (FR)";"FR";"2026-10-03";"2 torpilles de De Bruyne, 1 bouquet final de Lukaku et la Belgique s’offre un feu d’artifice face à la Turquie";"/article/f1-bahrein-une-mercedes-ou-une-surprise-en-pole-direct-video-a-9h55-11793936"
"RTBF Actus (FR)";"FR";"2026-10-03";"Où sont passés les Diables Rouges sur les antennes de la RTBF ?";"/article/wrc-sardaigne-neuville-resistera-t-il-aux-assauts-de-fourmaux-et-solberg-direct-commente-a-8h-11794284"
"RTBF Actus (FR)";"FR";"2026-10-03";"Un tracé plutôt court, un circuit final redoutable : les parcours hommes et femmes de l’Euro de cyclisme";"/article/f1-bahrein-kimi-antonelli-s-adjuge-la-derniere-seance-d-essais-libres-11794362"
"RTBF Actus (FR)";"FR";"2026-10-03";"Roglic, Ayuso, Ciccone mais finalement pas de Pogacar : qui pour enquiquiner Evenepoel aux Championnats d’Europe ?";"/article/lucas-coenen-de-retour-a-la-competition-au-motocross-des-nations-mentalement-je-suis-tres-bien-11794224"
"RTBF Actus (FR)";"FR";"2026-10-03";"Euro de cyclisme dames : l’hégémonie néerlandaise va-t-elle se poursuivre en Slovénie ? (Direct vidéo et audio 13h20)";"/article/4-dixiemes-de-seconde-entre-neuville-et-son-equipier-fourmaux-en-sardaigne-c-est-sur-qu-on-va-se-battre-ca-va-etre-une-belle-bataille-11794264"
"RTBF Actus (FR)";"FR";"2026-10-03";"Euro de cyclisme – Remco Evenepoel veut tourner la page de Montréal : ""L’équipe est très forte pour ce parcours""";"/article/f1-bahrein-kimi-antonelli-a-tourne-la-page-apres-le-pire-week-end-de-sa-saison-11794057"
"RTBF Actus (FR)";"FR";"2026-10-03";"Une rivale de moins pour Demi Vollering à l’Euro : Paula Blasi renonce après sa chute aux Mondiaux";"/article/motocross-des-nations-les-belges-et-lucas-coenen-mettent-l-ambiance-a-la-presentation-des-equipes-11794229"
"RTBF Actus (FR)";"FR";"2026-10-03";"L’espoir Niels Driesen se pare de bronze à l’Euro de cyclisme : ""Une saison bien au-delà de mes attentes""";"/article/wrc-sardaigne-evans-parviendra-t-il-a-limiter-la-casse-lors-de-la-premiere-journee-direct-commente-a-8h-11793719"
"RTBF Actus (FR)";"FR";"2026-10-03";"""All-In pour Remco"", ""On roulera pour gagner"" : la garde rapprochée d’Evenepoel dévoile ses ambitions avant l’Euro";"/article/remede-de-cheval-du-cancer-aux-jeux-olympiques-le-documentaire-inedit-sur-barbara-minneci-11076773"
"RTBF Actus (FR)";"FR";"2026-10-03";"Euro de cyclisme : Hector Alvarez remporte la course espoirs, Niels Driesen médaillé de bronze";"/article/mosimann-bluffe-par-le-talentueux-dj-liegeois-ridooo-revolution-11794049"
"RTBF Actus (FR)";"FR";"2026-10-03";"""Sans Kopecky, nous n’avons pas vraiment de leader"" : Claes et les Belges vont jouer l’offensive à l’Euro";"/article/pourquoi-l-heritage-de-franco-divise-encore-l-espagne-11793417"
"RTBF Actus (FR)";"FR";"2026-10-03";"F1 Bahreïn : Verstappen signe sa première pole de la saison devant Hamilton";"/article/une-maison-de-1915-entre-charme-d-hier-et-confort-d-aujourd-hui-dans-une-brique-dans-le-ventre-11793523"
"RTBF Actus (FR)";"FR";"2026-10-03";"F1 Bahreïn : revivez la pole de Max Verstappen";"/article/vous-considerez-que-notre-reportage-est-incomplet-un-droit-de-reponse-est-il-possible-11786650"
"RTBF Actus (FR)";"FR";"2026-10-03";"Direct commenté : Solberg chipe la tête du rallye de Sardaigne à Neuville et met la pression à Evans pour le titre";"/article/proximite-interaction-et-collaboration-comment-la-rtbf-ancre-ses-contenus-au-c-ur-des-regions-11786513"
"RTBF Actus (FR)";"FR";"2026-10-03";"F1 Bahreïn : Kimi Antonelli s’adjuge la dernière séance d’essais libres";"/article/que-fait-la-rtbf-de-vos-donnees-collecte-algorithmes-et-protection-de-la-vie-privee-decryptes-11776913"
"RTBF Actus (FR)";"FR";"2026-10-03";"Lucas Coenen de retour à la compétition au Motocross des Nations : ""Mentalement, je suis très bien""";"/article/enfant-illegitime-un-terme-a-eviter-sur-nos-antennes-11776723"
"RTBF Actus (FR)";"FR";"2026-10-03";"4 dixièmes de seconde entre Neuville et son équipier Fourmaux en Sardaigne : ""C’est sûr qu’on va se battre, ça va être une belle bataille""";"/article/les-jeunes-et-l-actu-plus-informes-qu-on-ne-le-pense-mais-pas-a-l-abri-de-pieges-11763284"
"RTBF Actus (FR)";"FR";"2026-10-03";"F1 Bahreïn : Kimi Antonelli a tourné la page après ""le pire week-end de sa saison""";"/article/moderation-sur-les-reseaux-sociaux-le-defi-quotidien-de-la-rtbf-11758876"
"RTBF Actus (FR)";"FR";"2026-10-03";"Motocross des Nations : les Belges et Lucas Coenen mettent l'ambiance à la présentation des équipes";"/article/age-conseille-contenus-sensibles-une-nouvelle-signaletique-tele-des-le-1er-juillet-11745979"
"RTBF Actus (FR)";"FR";"2026-10-03";"WRC Sardaigne : duel exaltant entre Neuville et Fourmaux, Evans 6e et dans une bonne situation pour le titre";"/article/bivouacs-du-journalisme-les-contacts-avec-le-public-sont-extremement-enrichissants-on-retire-le-micro-la-camera-jean-pierre-jacqmin-ancien-directeur-de-l-info-de-la-rtbf-11746010"
"RTBF Actus (FR)";"FR";"2026-10-03";"""Remède de cheval"" : du cancer aux Jeux Olympiques, le documentaire sur Barbara Minneci";"/article/coupe-du-monde-les-matchs-des-diables-rouges-aussi-pour-les-malvoyants-11743270"
"RTBF Actus (FR)";"FR";"2026-10-03";"Mosimann bluffé par le talentueux DJ liégeois Ridooo Revolution !";"/article/placebo-a-anvers-gagnez-vos-places-toute-la-semaine-dans-coffee-on-the-rocks-11792273"
"RTBF Actus (FR)";"FR";"2026-10-03";"Pourquoi l'héritage de Franco divise encore l’Espagne ?";"/article/le-reveil-de-tipik-vous-offre-des-fun-pass-chez-share-fun-11794011"
"RTBF Actus (FR)";"FR";"2026-10-03";"Une maison de 1915 entre charme d’hier et confort d’aujourd’hui dans Une Brique dans le Ventre";"/article/tipik-vous-invite-a-l-avant-premiere-du-fantome-de-l-opera-a-paris-11794055"
"RTBF Actus (FR)";"FR";"2026-10-03";"Vous considérez que notre reportage est incomplet ? Un droit de réponse est-il possible ?";"/article/duran-duran-sur-classic-21-interview-exclusive-et-places-a-gagner-pour-leur-concert-a-bruxelles-11792252"
"RTBF Actus (FR)";"FR";"2026-10-03";"Comment la RTBF ancre ses contenus au cœur des régions : proximité, interactions et collaborations";"/article/samy-lou-vous-offrent-1-000-de-shopping-sur-tipik-11793983"
"RTBF Actus (FR)";"FR";"2026-10-03";"Que fait la RTBF de vos données ? Collecte, algorithmes et protection de la vie privée décryptés";"/article/le-reveil-de-tipik-vous-emmene-au-parc-asterix-11793824"
"RTBF Actus (FR)";"FR";"2026-10-03";"""Enfant illégitime"" : un terme à éviter sur nos antennes";"/article/the-beatles-gagnez-la-nouvelle-edition-de-rubber-soul-dans-coffee-on-the-rocks-11789888"
"RTBF Actus (FR)";"FR";"2026-10-03";"Les jeunes et l’actu : plus informés qu’on ne le pense mais pas à l’abri de pièges";"/article/remportez-des-entrees-pour-batireno-et-energie-habitat-11792355"
"RTBF Actus (FR)";"FR";"2026-10-03";"Modération sur les réseaux sociaux : le défi quotidien de la RTBF";"/article/votre-chien-est-un-peu-moche-mais-quand-meme-craquant-envoyez-nous-une-photo-pour-tenter-de-remporter-un-relooking-11786104"
"RTBF Actus (FR)";"FR";"2026-10-03";"Nouvelle signalétique TV : ce qui change ce 1er juillet";"/article/2-torpilles-de-de-bruyne-1-bouquet-final-de-lukaku-et-la-belgique-s-offre-un-feu-d-artifice-face-a-la-turquie-11794256"
"RTBF Actus (FR)";"FR";"2026-10-03";"Bivouacs du journalisme : ""Les contacts avec le public sont extrêmement enrichissants"", Jean-Pierre Jacqmin, ancien directeur de l’info de la RTBF";"/article/les-enigmes-de-van-bommel-tielemans-patauge-un-defenseur-en-pleine-bourre-5-enseignements-apres-belgique-turquie-11794280"
"RTBF Actus (FR)";"FR";"2026-10-03";"Coupe du monde : les matchs des Diables Rouges aussi pour les malvoyants";"/article/un-kdb-en-mode-magique-un-vanaken-discret-et-un-lukaku-qui-revit-les-notes-des-diables-rouges-apres-belgique-turquie-11793347"
"RTBF Actus (FR)";"FR";"2026-10-03";"Placebo à Anvers : gagnez vos places toute la semaine dans Coffee on the Rocks";"/article/ou-sont-passes-les-diables-rouges-sur-les-antennes-de-la-rtbf-11793606"
"RTBF Actus (FR)";"FR";"2026-10-03";"Le Réveil de Tipik vous offre des Fun Pass chez Share & Fun";"/article/kevin-nous-a-fait-du-bien-romelu-c-est-romelu-youri-tielemans-rend-hommage-aux-anciens-apres-belgique-turquie-11794323"
"RTBF Actus (FR)";"FR";"2026-10-03";"Tipik vous invite à l’avant-première du film « Le Fantôme de l’Opéra » à Paris !";"/article/manifestations-des-etudiants-en-belgique-pourquoi-les-eleves-manifestent-ils-11793821"
"RTBF Actus (FR)";"FR";"2026-10-03";"Duran Duran sur Classic 21 : interview exclusive et des places à gagner pour leur concert à Bruxelles";"https://auvio.rtbf.be/media/formule-1-formule-1-les-qualifications-3524121"
"RTBF Actus (FR)";"FR";"2026-10-03";"Samy & Lou vous offrent 1 000 € de shopping sur Tipik";"https://auvio.rtbf.be/media/viva-week-end-viva-week-end-3524115"
"RTBF Actus (FR)";"FR";"2026-10-03";"Le Réveil de Tipik vous emmène au Parc Astérix";"https://auvio.rtbf.be/media/une-brique-dans-le-ventre-une-brique-dans-le-ventre-3523227"
"RTBF Actus (FR)";"FR";"2026-10-03";"The Beatles : gagnez la nouvelle édition de ""Rubber Soul""";"https://auvio.rtbf.be/media/ici-tout-commence-ici-tout-commence-3524037"
"RTBF Actus (FR)";"FR";"2026-10-03";"Remportez des entrées pour Batireno et Energie & Habitat";"https://auvio.rtbf.be/media/destination-france-destination-france-3523551"
"RTBF Actus (FR)";"FR";"2026-10-03";"Votre chien est un peu moche mais quand même craquant ? Envoyez-nous une photo pour tenter de remporter un relooking";"https://auvio.rtbf.be/media/la-conspiration-du-silence-la-conspiration-du-silence-s03-3523545"
"RTBF Actus (FR)";"FR";"2026-10-03";"2 torpilles de De Bruyne, 1 bouquet final de Lukaku et la Belgique s’offre un feu d’artifice face à la Turquie";"https://auvio.rtbf.be/media/le-voyageur-le-voyageur-3523548"
"RTBF Actus (FR)";"FR";"2026-10-03";"Van Bommel lance des énigmes, un joueur patauge, Ngoy en pleine bourre : 5 enseignements après Belgique - Turquie";"https://auvio.rtbf.be/media/james-dean-le-nouvel-homme-l-icone-du-cinema-qui-a-donne-voix-aux-adolescents-3523529"
"RTBF Actus (FR)";"FR";"2026-10-03";"Un KDB en mode magique, un Vanaken discret et un Lukaku qui revit : les notes des Diables Rouges après Belgique – Turquie";"https://auvio.rtbf.be/media/des-trains-pas-comme-les-autres-des-trains-pas-comme-les-autres-3523531"
"RTBF Actus (FR)";"FR";"2026-10-03";"Où sont passés les Diables Rouges sur les antennes de la RTBF ?";"https://auvio.rtbf.be/media/c-est-du-belge-c-est-du-belge-3523796"
"RTBF Actus (FR)";"FR";"2026-10-03";"""Kevin nous a fait du bien"", ""Romelu c’est Romelu"" : Youri Tielemans distingue les anciens après Belgique – Turquie";"https://auvio.rtbf.be/media/meteo-meteo-climat-20h20-3524007"
"RTBF Actus (FR)";"FR";"2026-10-03";"Manifestations des étudiants en Belgique : pourquoi les élèves manifestent-ils ?";"https://auvio.rtbf.be/media/culture-en-prime-culture-en-prime-3524006"
"France 24 (EN)";"EN";"2026-10-03";"Flavio Bolsonaro: In the name of the father, sons, and holy ideology";"https://france24.com/en/americas/20261003-flavio-bolsonaro-in-the-name-of-the-father-sons-and-holy-ideology"
"France 24 (EN)";"EN";"2026-10-03";"Lula and Bolsonaro’s mudslinging heats up ahead of weekend vote";"https://france24.com/en/americas/20261002-lula-and-bolsonaro-s-mudslinging-heats-up-ahead-of-weekend-vote"
"France 24 (EN)";"EN";"2026-10-03";"Flavio Bolsonaro probed for corruption as Brazil election tightens";"https://france24.com/en/americas/20260911-flavio-bolsonaro-probed-for-corruption-as-brazil-election-tightens"
"France 24 (EN)";"EN";"2026-10-03";"UAE investigators say Omani Flydubai co-pilot was planning 'terrorist' attack";"https://france24.com/en/middle-east/20261003-co-pilot-on-flydubai-flight-was-banned-from-flying-by-oman-for-holding-extremist-views"
"France 24 (EN)";"EN";"2026-10-03";"Russia strikes another major bridge across Kyiv's Dnipro river";"https://france24.com/en/europe/20261003-russia-strikes-another-major-bridge-in-kyiv"
"France 24 (EN)";"EN";"2026-10-03";"Ethiopia's Tigray rebels abandon regional capital of Mekelle as pro-government forces advance";"https://france24.com/en/africa/20261003-ethiopia-s-tigray-rebels-abandon-regional-capital-of-mekelle-as-pro-government-forces-advance"
"France 24 (EN)";"EN";"2026-10-03";"Nations League: France held by Italy in Zidane's homecoming after Olise stunner";"https://france24.com/en/sport/20261002-france-held-by-italy-in-zidane-s-homecoming-after-olise-stunner"
"France 24 (EN)";"EN";"2026-10-03";"North Korea launches ballistic missile as tensions with Seoul grow over border mine blasts";"https://france24.com/en/asia-pacific/20261003-north-korea-fires-ballistic-missile-after-seoul-s-apology-demand"
"France 24 (EN)";"EN";"2026-10-03";"On the run for 20 years, Ugandan warlord Kony still 'active' within the Lord's Resistance Army";"https://france24.com/en/africa/20261002-on-the-run-for-20-years-ugandan-warlord-kony-still-active-within-the-lord-s-resistance-army"
"France 24 (EN)";"EN";"2026-10-03";"Red Bull's Verstappen grabs pole position for Bahrain GP";"https://france24.com/en/live-news/20261003-red-bull-s-verstappen-grabs-pole-position-for-bahrain-gp"
"France 24 (EN)";"EN";"2026-10-03";"Bulgaria's Tsar Samuel returns 'home' after 1,000 years";"https://france24.com/en/live-news/20261003-bulgaria-s-tsar-samuel-returns-home-after-1-000-years"
"France 24 (EN)";"EN";"2026-10-03";"India beat Pakistan in blockbuster as golfer Kim wins 'crazy' gold";"https://france24.com/en/live-news/20261003-india-beat-pakistan-in-blockbuster-as-golfer-kim-wins-crazy-gold"
"France 24 (EN)";"EN";"2026-10-03";"Paraguay, a tax and political haven for Brazil's far right";"https://france24.com/en/tv-shows/reporters/20261002-paraguay-a-tax-and-political-haven-for-brazil-s-far-right"
"France 24 (EN)";"EN";"2026-10-03";"The Cornell 7: Allegations spark fury over gang rape culture";"https://france24.com/en/tv-shows/the-51/20261002-the-cornell-7-allegations-spark-fury-over-gang-rape-culture"
"France 24 (EN)";"EN";"2026-10-03";"What's real and what's fake? How AI is impacting Brazil's election race";"https://france24.com/en/tv-shows/focus/20261002-what-s-real-and-what-s-fake-how-ai-is-impacting-brazil-s-election-race"
"France 24 (EN)";"EN";"2026-10-03";"'Make our streets safer!' Mass women's protests sweep India over sexual violence";"https://france24.com/en/tv-shows/access-asia/20261002-make-our-streets-safer-mass-women-s-protests-sweep-india-over-sexual-violence"
"France 24 (EN)";"EN";"2026-10-03";"What the media got right and wrong about Cornell gang rape case";"https://france24.com/en/tv-shows/scoop/20261002-what-the-media-got-right-and-wrong-about-cornell-gang-rape-case"
"France 24 (EN)";"EN";"2026-10-03";"U2 celebrate 50 years in music with surprise gigs";"https://france24.com/en/tv-shows/arts24/20261002-u2-celebrate-50-years-in-music-with-surprise-gigs"
"France 24 (EN)";"EN";"2026-10-03";"A grim winter ahead? EU states asked to prepare gas and electricity savings";"https://france24.com/en/tv-shows/talking-europe/20261002-a-grim-winter-ahead-eu-states-asked-to-prepare-gas-and-electricity-savings"
"France 24 (EN)";"EN";"2026-10-03";"Will AI write our books? Row over bestseller fuels fear over future of literature";"https://france24.com/en/tv-shows/the-debate/20261002-will-ai-write-our-books-row-over-bestseller-fuels-fear-over-future-of-literature"
"France 24 (EN)";"EN";"2026-10-03";"Netanyahu warns of 'very heavy price' if any country found to be behind FlyDubai incident";"https://france24.com/en/middle-east/20261002-netanyahu-warns-of-very-heavy-price-if-any-country-found-to-be-behind-flydubai-incident"
"France 24 (EN)";"EN";"2026-10-03";"Pilot wounded in Flydubai incident is ‘in good health’, Indian embassy in UAE reports";"https://france24.com/en/middle-east/20261001-live-flydubai-suspends-flights-to-and-from-israel-after-pilot-attack"
"France 24 (EN)";"EN";"2026-10-03";"Video shows Iranian police beating, sexually humiliating teenage detainee";"https://france24.com/en/middle-east/20260929-iran-police-video-teenage-detainee-abuse"
"France 24 (EN)";"EN";"2026-10-03";"Iran says it expects US response Tuesday on plan to reopen Strait of Hormuz";"https://france24.com/en/middle-east/20260929-iran-says-expects-us-response-tuesday-plan-reopen-strait-of-hormuz"
"France 24 (EN)";"EN";"2026-10-03";"French media respond to M. Le Pen’s ‘Kevlar suit’ comments against investigative outlet";"https://france24.com/en/france/20261002-french-media-react-to-m-le-pen-s-kevlar-suit-comments-against-investigative-press-outlet"
"France 24 (EN)";"EN";"2026-10-03";"Hundreds of French schools remain closed as riot police clash with student protesters";"https://france24.com/en/france/20261002-hundreds-of-french-schools-remain-closed-as-student-protests-turn-violent"
"France 24 (EN)";"EN";"2026-10-03";"Brazil’s Lula gears up for ‘last dance’ with run for fourth presidential term";"https://france24.com/en/americas/20261002-brazil-s-lula-gears-up-for-last-dance-with-run-for-fourth-presidential-term"
"France 24 (EN)";"EN";"2026-10-03";"Spanish lawmakers vote down affordable housing bills in blow to Sanchez’s government";"https://france24.com/en/europe/20261002-spanish-lawmakers-vote-down-affordable-housing-bills-in-blow-to-sanchez-s-government"
"France 24 (EN)";"EN";"2026-10-03";"Manchester City appeal judgement that club breached Premier League financial rules";"https://france24.com/en/sport/20261002-manchester-city-appeal-judgement-that-club-breached-premier-league-financial-rules"
"France 24 (EN)";"EN";"2026-10-03";"G7 members will release 100 million barrels of diesel after US threatens export ban";"https://france24.com/en/europe/20261002-eu-fully-rejects-us-threat-to-ban-diesel-exports-unless-bloc-releases-more-fuel-stocks"
"France 24 (EN)";"EN";"2026-10-03";"Flydubai hero pilot tells Modi 'I could not let all those people die'";"https://france24.com/en/middle-east/20261002-flydubai-hero-pilot-tells-modi-i-could-not-let-all-those-people-die"
"France 24 (EN)";"EN";"2026-10-03";"Students and police clash as France struggles to quell school protests";"https://france24.com/en/video/20261002-students-and-police-clash-as-france-struggles-to-quell-school-protests"
"France 24 (EN)";"EN";"2026-10-03";"France’s purchasing power crisis: Navigating the pinch";"https://france24.com/en/economy/20261001-france-s-purchasing-power-crisis-navigating-the-pinch"
"France 24 (EN)";"EN";"2026-10-03";"Russia ramps up disinformation attacks on French media ahead of 2027 presidential race";"https://france24.com/en/france/20260930-russia-ramps-up-disinformation-attacks-on-french-media-ahead-of-2027-presidential-race"
"France 24 (EN)";"EN";"2026-10-03";"France's 2027 presidential election: Can the far-right National Rally win without Le Pen?";"https://france24.com/en/france/20260629-french-2027-presidential-election-can-the-rn-win-without-le-pen-bardella"
"France 24 (EN)";"EN";"2026-10-03";"‘Russian sleeper cell’: Can Germany’s far-right AfD be barred from sensitive intel?";"https://france24.com/en/europe/20260927-russian-sleeper-cell-can-germany-far-right-afd-be-barred-from-sensitive-intelligence"
"France 24 (EN)";"EN";"2026-10-03";"Transport suspended in some French cities as school protests continue";"https://france24.com/en/france/20261001-hundreds-of-students-detained-dozens-of-officers-injured-in-french-school-protests"
"France 24 (EN)";"EN";"2026-10-03";"Eiffel Tower chief to step down over removal of women staff during Hindu group's visit";"https://france24.com/en/france/20260929-eiffel-tower-chief-to-step-down-over-removal-of-women-staff-during-hindu-group-visit-baps"
"France 24 (EN)";"EN";"2026-10-03";"Convicted killer Christa Pike in ‘critical condition’ after two lethal injections fail to kill her";"https://france24.com/en/americas/20261001-execution-of-convicted-us-killer-christa-pike-fails-despite-two-lethal-injections"
"France 24 (EN)";"EN";"2026-10-03";"US presses Europe to release diesel reserves 'immediately' as Trump threatens export ban";"https://france24.com/en/europe/20261001-us-europe-diesel-reserves-fuel-prices"
"France 24 (EN)";"EN";"2026-10-03";"Trump renews calls for former Federal Reserve chief Jerome Powell's resignation";"https://france24.com/en/americas/20260930-trump-renews-calls-for-former-federal-reserve-chief-jerome-powell-resignation"
"France 24 (EN)";"EN";"2026-10-03";"French PM presents belt-tightening 2027 budget, including frozen wages and new taxes";"https://france24.com/en/france/20261001-french-pm-to-present-belt-tightening-2027-budget-including-frozen-wages-and-new-taxes"
"France 24 (EN)";"EN";"2026-10-03";"Residents in West Bank's Masafer Yatta face Israeli demolitions";"https://france24.com/en/tv-shows/the-observers/20260924-residents-west-bank-masafer-yatta-israeli-demolitions"
"France 24 (EN)";"EN";"2026-10-03";"A look back at Tunisia's summer of shortages";"https://france24.com/en/tv-shows/the-observers/20260924-look-back-tunisiassummer-shortages"
"France 24 (EN)";"EN";"2026-10-03";"No, this video doesn't disprove the 9/11 attack on the south tower of the World Trade Center";"https://france24.com/en/americas/20260923-video-no-proof-plane-hit-twin-tower-9-11"
"France 24 (EN)";"EN";"2026-10-03";"The church by the airport: Inside Russia’s suspected spy activities in Sweden";"https://france24.com/en/europe/20250704-the-church-by-the-airport-inside-russia-s-suspected-spy-activities-in-sweden"
"France 24 (EN)";"EN";"2026-10-03";"Searching for radioactive waste in the depths of the Atlantic";"https://france24.com/en/environment/20250607-searching-radioactive-waste-depths-atlantic-france-nuclear"
"France 24 (EN)";"EN";"2026-10-03";"‘Unwavering friendship’: The true story of nine women who escaped a Nazi death march";"https://france24.com/en/europe/20250429-true-story-nine-women-who-escaped-nazi-death-march-ravensbruck"
"France 24 (EN)";"EN";"2026-10-03";"Pope Francis, first Latin American pontiff and champion of the forgotten";"https://france24.com/en/europe/20250421-pope-francis-first-latin-american-pontiff-dies-after-double-pneumonia-battle"
"France 24 (EN)";"EN";"2026-10-03";"Haiti’s independence ransom: Macron offers ‘truth’, Haitians want reparations";"https://france24.com/en/americas/20250417-haiti-independence-ransom-macron-offers-truth-haitians-want-reparations-slavery"
"France 24 (EN)";"EN";"2026-10-03";"Saved from destruction: Paris show offers glimpse of Gaza’s archaeological treasures";"https://france24.com/en/culture/20250403-saved-from-destruction-paris-exhibition-offers-glimpse-of-gaza-archaeological-treasures"
"France 24 (EN)";"EN";"2026-10-03";"More than half of Europe faced intense summer heat stress, EU monitor says";"https://france24.com/en/environment/20261002-europe-summer-heat-stress-eu-monitor"
"France 24 (EN)";"EN";"2026-10-03";"Heatwaves, wildfires expose a third of world to extreme ozone pollution";"https://france24.com/en/environment/20260930-heatwaves-wildfires-expose-a-third-of-world-to-extreme-ozone-pollution"
"France 24 (EN)";"EN";"2026-10-03";"A Green pope? Vatican describes environmental destruction as an 'ecological sin'";"https://france24.com/en/tv-shows/down-to-earth/20260928-a-green-pope-vatican-describes-environmental-destruction-as-an-ecological-sin"
"France 24 (EN)";"EN";"2026-10-03";"When climate mitigation becomes politicised: The Guardian uncovers IPCC links to Saudi oil industry";"https://france24.com/en/tv-shows/spotlight/20260923-when-climate-mitigation-becomes-political-the-guardian-uncovers-ipcc-links-to-saudi-oil-industry"
"France 24 (EN)";"EN";"2026-10-03";"Rethinking traditional designs: A French twist on the kimono";"https://france24.com/en/tv-shows/entre-nous/20261001-rethinking-traditional-designs-a-french-twist-on-the-kimono"
"France 24 (EN)";"EN";"2026-10-03";"From Billie Eilish to Cardi B: Hassan Hajjaj on the stars who stepped into his colourful world";"https://france24.com/en/tv-shows/arts24/20261001-from-billie-eilish-to-cardi-b-hassan-hajjaj-on-the-stars-who-stepped-into-his-colourful-world"
"France 24 (EN)";"EN";"2026-10-03";"No fairytale return for Zidane as Italy hold France at the Stade de France";"https://france24.com/en/tv-shows/sports/20261003-no-fairytale-return-for-zidane-as-italy-hold-france-at-the-stade-de-france"
"France 24 (EN)";"EN";"2026-10-03";"Nations League: Zidane returns to face Italy and the Stade de France";"https://france24.com/en/tv-shows/sports/20261002-nations-league-zidane-returns-to-face-italy-and-the-stade-de-france"
"France 24 (EN)";"EN";"2026-10-03";"AI companies sign voluntary accord on safety with Trump";"https://france24.com/en/technology/20260929-trump-says-ai-companies-sign-voluntary-accord-on-safety-controls"
"France 24 (EN)";"EN";"2026-10-03";"Rogue AI accessed federal websites, posted user images online, ChatGPT says";"https://france24.com/en/technology/20260926-chatgpt-says-its-rogue-ai-agents-posted-users-images-online-entered-federal-website"
"France 24 (EN)";"EN";"2026-10-03";"It's not malicious, it's indifference: Thousands of books sent to AI woodchipper";"https://france24.com/en/tv-shows/spotlight/20260917-intent-not-malicious-it-s-indifference-thousands-if-not-millions-of-books-sent-to-ai-woodchipper"
"France 24 (EN)";"EN";"2026-10-03";"Barricades & the blame game: the French school protests";"https://france24.com/en/tv-shows/the-debate/20261003-barricades-the-blame-game-the-french-school-protests"
"France 24 (EN)";"EN";"2026-10-03";"French Unrest: Are we witnessing a new 'Yellow Vests' movement?";"https://france24.com/en/tv-shows/spotlight/20261002-french-unrest-are-we-witnessing-a-new-yellow-vests-movement"
"France 24 (EN)";"EN";"2026-10-03";"Ethiopian army pushes back Tigrayan rebels";"https://france24.com/en/tv-shows/eye-on-africa/20261002-ethiopian-army-pushes-back-tigrayan-rebels"
"France 24 (EN)";"EN";"2026-10-03";"'America is leaving Iraq, but Iran isn't: Withdrawal a massive strategic and tactical mistake'";"https://france24.com/en/video/20261002-america-is-leaving-iraq-but-iran-isn-t-withdrawal-a-massive-strategic-and-tactical-mistake-1"
"France 24 (EN)";"EN";"2026-10-03";"Brazil: Who is presidential candidate Flavio Bolsonaro?";"https://france24.com/en/video/20261002-brazil-who-is-presidential-candidate-flavio-bolsonaro"
"France 24 (EN)";"EN";"2026-10-03";"'We have to close defence gaps urgently': EU Parliament Foreign Affairs Committee chief McAllister";"https://france24.com/en/tv-shows/talking-europe/20261002-we-have-to-close-defence-gaps-urgently-eu-parliament-foreign-affairs-committee-chief-mcallister"
"France 24 (EN)";"EN";"2026-10-03";"Thailand floods: At least 8 die, thousands move to shelters";"https://france24.com/en/video/20260928-thailand-floods-at-least-8-die-thousands-move-to-shelters"
"France 24 (EN)";"EN";"2026-10-03";"Transforming Payments in the DRC: A Leap Towards a Digital Future";"https://france24.com/en/sponsored-content/20250923-transforming-payments-in-the-drc-a-leap-towards-a-digital-future"
"France 24 (EN)";"EN";"2026-10-03";"Africa's $88 billion solutions: How ATAF fights illicit financial flows";"https://france24.com/en/sponsored-content/20250108-africa-s-88-billion-solutions-how-ataf-fights-illicit-financial-flows"
"France 24 (EN)";"EN";"2026-10-03";"Burundi: innovative solutions to fight stunting in children";"https://france24.com/en/sponsored-content/20240122-burundi-innovative-solutions-to-fight-stunting-in-children"
"France 24 (EN)";"EN";"2026-10-03";"Child malnutrition in Burundi: concrete actions to help children";"https://france24.com/en/sponsored-content/20231215-child-malnutrition-in-burundi-concrete-actions-to-help-children"
"France 24 (EN)";"EN";"2026-10-03";"Interview of Anthony Ginter, President & CEO - WEO";"https://france24.com/en/sponsored-content/20230911-interview-of-anthony-ginter-president-ceo-weo"
"France 24 (EN)";"EN";"2026-10-03";"2026";"https://france24.com/en/archives/2026/01/"
"France 24 (EN)";"EN";"2026-10-03";"2025";"https://france24.com/en/archives/2025/01/"
"France 24 (EN)";"EN";"2026-10-03";"2024";"https://france24.com/en/archives/2024/01/"
"France 24 (EN)";"EN";"2026-10-03";"2023";"https://france24.com/en/archives/2023/01/"
"France 24 (EN)";"EN";"2026-10-03";"2022";"https://france24.com/en/archives/2022/01/"
"France 24 (EN)";"EN";"2026-10-03";"2021";"https://france24.com/en/archives/2021/01/"
"France 24 (EN)";"EN";"2026-10-03";"2020";"https://france24.com/en/archives/2020/01/"
"Le Monde (FR)";"FR";"2026-10-03";"Le Monde’s app";"https://www.lemonde.fr/en/about-us/article/2023/09/06/le-monde-in-english-now-available-on-our-mobile-app_6125308_115.html"
"Le Monde (FR)";"FR";"2026-10-03";"The profile of Emmanuel Carrère I almost wrote";"https://www.lemonde.fr/en/m-le-mag/article/2026/10/03/the-profile-of-emmanuel-carrere-i-almost-wrote_6758206_117.html"
"Le Monde (FR)";"FR";"2026-10-03";"Annie Ernaux's words resonate among new generation of women: 'She doesn't try to make it poetic'";"https://www.lemonde.fr/en/m-le-mag/article/2026/09/07/annie-ernaux-s-words-resonate-among-new-generation-of-women-she-doesn-t-try-to-make-it-poetic_6757262_117.html"
"Le Monde (FR)";"FR";"2026-10-03";"AI and literature: 'No one in this debate has asked whether a writer has the right to work with a machine'";"https://www.lemonde.fr/en/opinion/article/2026/09/25/ai-and-literature-no-one-in-this-debate-has-asked-whether-a-writer-has-the-right-to-work-with-a-machine_6757917_23.html"
"Le Monde (FR)";"FR";"2026-10-03";"High school protests: 'With minors involved, the risk of causing serious injury should be the top concern in maintaining public order'";"https://www.lemonde.fr/en/opinion/article/2026/10/03/high-school-protests-with-minors-involved-the-risk-of-causing-serious-injury-should-be-the-top-concern-in-maintaining-public-order_6758199_23.html"
"Le Monde (FR)";"FR";"2026-10-03";"UAE investigators say flydubai co-pilot was planning 'terrorist act'";"https://www.lemonde.fr/en/international/article/2026/10/03/uae-investigators-say-flydubai-co-pilot-was-planning-terrorist-act_6758208_4.html"
"Le Monde (FR)";"FR";"2026-10-03";"Under pressure from Donald Trump, G7 releases 100 million barrels of oil";"https://www.lemonde.fr/en/economy/article/2026/10/03/under-pressure-from-donald-trump-g7-releases-100-million-barrels-of-oil_6758200_19.html"
"Le Monde (FR)";"FR";"2026-10-03";"West Nile virus surges in France, reaching a record 145 human cases";"https://www.lemonde.fr/en/environment/article/2026/10/03/west-nile-virus-surges-in-france-reaching-a-record-145-human-cases_6758202_114.html"
"Le Monde (FR)";"FR";"2026-10-03";"France-Italy: Frustrating night for Les Bleus despite Zidane's triumphant return to Stade de France";"https://www.lemonde.fr/en/sports/article/2026/10/03/france-italy-frustrating-night-for-les-bleus-despite-zidane-s-triumphant-return-to-stade-de-france_6758204_9.html"
"Le Monde (FR)";"FR";"2026-10-03";"Feature   Florent Georgesco Subscribers onlyIn Latvia, the rise of political parties close to Russia sparks concern ahead of parliamentary elections  As voting wraps up on Saturday, October 3, two populist parties are seeking to win over the Russian-speaking minority in the Baltic state. In Latvia, deep political disillusionment has created fertile ground for Russian propaganda.    4 min read";"https://www.lemonde.fr/en/international/article/2026/10/03/in-latvia-the-rise-of-political-parties-close-to-russia-sparks-concern-ahead-of-parliamentary-elections_6758205_4.html"
"Le Monde (FR)";"FR";"2026-10-03";"High school student protests spread across France as tensions escalate";"https://www.lemonde.fr/en/france/article/2026/10/02/high-school-student-protests-spread-across-france-as-tensions-escalate_6758168_7.html"
"Le Monde (FR)";"FR";"2026-10-03";"High school protests disrupt 730 schools in France, with new rallies urged";"https://www.lemonde.fr/en/education/article/2026/10/02/hundreds-of-french-high-schools-shut-as-student-protests-escalate_6758169_104.html"
"Le Monde (FR)";"FR";"2026-10-03";"How responsible is Macron for the disintegration of France's traditional parties?";"https://www.lemonde.fr/en/politics/article/2026/10/02/how-responsible-is-macron-for-the-disintegration-of-france-s-traditional-parties_6758192_5.html"
"Le Monde (FR)";"FR";"2026-10-03";"Bardella's denial of antisemitic remarks challenged as website publishes evidence";"https://www.lemonde.fr/en/politics/article/2026/10/02/bardella-s-denial-of-antisemitic-remarks-challenged-as-website-publishes-evidence_6758167_5.html"
"Le Monde (FR)";"FR";"2026-10-03";"British man charged with preparing acts of terrorism against Farage";"https://www.lemonde.fr/en/international/article/2026/10/02/a-28-year-old-british-man-charged-with-preparing-acts-of-terrorism-against-uk-far-right-leader-nigel-farage_6758197_4.html"
"Le Monde (FR)";"FR";"2026-10-03";"After botched Tennessee execution, Christa Pike on a ventilator and unconscious";"https://www.lemonde.fr/en/international/article/2026/10/02/after-botched-tennessee-execution-christa-pike-on-a-ventilator-and-unconscious_6758196_4.html"
"Le Monde (FR)";"FR";"2026-10-03";"Ebola death toll in DRC passes 4,000, as health workers are fighting to get paid";"https://www.lemonde.fr/en/le-monde-africa/article/2026/10/03/ebola-death-toll-in-drc-passes-4-000-as-health-workers-are-fighting-to-get-paid_6758201_124.html"
"Le Monde (FR)";"FR";"2026-10-03";"Trump takes a risky gamble by seeking to ease sanctions on Russia";"https://www.lemonde.fr/en/international/article/2026/10/02/trump-takes-a-risky-gamble-by-seeking-to-ease-sanctions-on-russia_6758195_4.html"
"Le Monde (FR)";"FR";"2026-10-03";"Military AI: France challenges US dominance over NATO's classified networks";"https://www.lemonde.fr/en/international/article/2026/10/01/military-ai-france-challenges-us-dominance-over-nato-s-classified-networks_6758154_4.html"
"Le Monde (FR)";"FR";"2026-10-03";"In Depth   Claire Gatinois and  Louis Imbert Subscribers onlyIsolating Israel: The West's brake on West Bank colonization and Gaza's destruction  The condemnation of Israel's policies now extends far beyond the Middle East. Threats of Western economic sanctions have alarmed Israeli business circles.    6 min read";"https://www.lemonde.fr/en/international/article/2026/10/02/isolating-israel-the-west-s-brake-on-west-bank-colonization-and-gaza-s-destruction_6758161_4.html"
"Le Monde (FR)";"FR";"2026-10-03";"In Depth   Denis Cosnard Subscribers onlyFrench government's draft budget relies on tax hikes to take back control over public finances  PM Sébastien Lecornu's bill aims to slightly reduce the public deficit after it overshot in 2026. Amid soaring interest rates and sluggish growth, it is an ambitious goal. Given the lack of a majority in the Assemblée, there is no guarantee the bill will be adopted.    6 min read";"https://www.lemonde.fr/en/france/article/2026/10/01/french-government-s-draft-budget-relies-on-tax-hikes-to-take-back-control-over-public-finances_6758135_7.html"
"Le Monde (FR)";"FR";"2026-10-03";"In Graphs   Maxime Vaudano Subscribers onlyFrance's public finance crisis in 13 graphs  Is it really so urgent to tackle France's public debt issue? Here are the key figures you need to know to have an informed debate about public finances.    6 min read";"https://www.lemonde.fr/en/les-decodeurs/article/2026/10/01/how-much-does-france-s-debt-cost-how-do-deficits-arise-13-graphs-to-understand-france-s-public-finance-crisis_6758129_8.html"
"Le Monde (FR)";"FR";"2026-10-03";"Editorial French high school protests: Authorities should have listened to students first   Le Monde";"https://www.lemonde.fr/en/opinion/article/2026/10/02/french-high-school-protests-authorities-should-have-listened-to-students-first_6758174_23.html"
"Le Monde (FR)";"FR";"2026-10-03";"Column Subscribe'First surrender, then negotiation. These are Moscow's words'      Alain Frachon Columnist";"https://www.lemonde.fr/en/opinion/article/2026/10/02/war-in-ukraine-first-surrender-then-negotiation-these-are-moscow-s-words_6758165_23.html"
"Le Monde (FR)";"FR";"2026-10-03";"Op-Ed SubscribeLeïla Slimani: 'What can kill literature is not robots, but our lack of humanity'      Leïla Slimani Writer";"https://www.lemonde.fr/en/opinion/article/2026/09/29/leila-slimani-writer-what-can-kill-literature-is-not-robots-but-our-lack-of-humanity_6758059_23.html"
"Le Monde (FR)";"FR";"2026-10-03";"After failed execution of Christa Pike, questions loom amid impossible US death penalty debate";"https://www.lemonde.fr/en/international/article/2026/10/02/after-failed-execution-of-christa-pike-questions-loom-amid-impossible-us-death-penalty-debate_6758184_4.html"
"Le Monde (FR)";"FR";"2026-10-03";"Burnham opens door to 'Breturn,' UK's return to EU";"https://www.lemonde.fr/en/international/article/2026/10/02/burnham-opens-door-to-breturn-uk-s-return-to-eu_6758171_4.html"
"Le Monde (FR)";"FR";"2026-10-03";"French high school protests: Authorities should have listened to students first";"https://www.lemonde.fr/en/opinion/article/2026/10/02/french-high-school-protests-authorities-should-have-listened-to-students-first_6758174_23.html"
"Le Monde (FR)";"FR";"2026-10-03";"Facing 'worsening situation' in high schools, French government sends riot police";"https://www.lemonde.fr/en/france/article/2026/10/02/facing-worsening-situation-in-high-schools-french-government-sends-riot-police_6758173_7.html"
"Le Monde (FR)";"FR";"2026-10-03";"G7 to release '100 million barrels' of diesel and crude oil reserves";"https://www.lemonde.fr/en/international/article/2026/10/02/g7-leaders-hold-talks-after-us-pressures-eu-on-fuel-reserves-and-diesel-ban_6758179_4.html"
"Le Monde (FR)";"FR";"2026-10-03";"Charte du Groupe";"https://www.lemonde.fr/actualite-medias/article/2010/11/03/la-charte-d-ethique-et-de-deontologie-du-groupe-le-monde_1434737_3236.html"
"Le Monde (FR)";"FR";"2026-10-03";"Group Policy";"https://www.lemonde.fr/en/about-us/article/2022/04/06/groupe-le-monde-s-code-of-ethics-and-professional-conduct_5979823_115.html"
"Le Monde (FR)";"FR";"2026-10-03";"RSS feed";"https://www.lemonde.fr/en/about-us/article/2026/03/27/le-monde-rss-feeds_6751860_115.html"
"RFI Afrique (FR)";"FR";"2026-10-03";"2026";"https://www.rfi.fr/fr/archives/2026/01/"
"RFI Afrique (FR)";"FR";"2026-10-03";"2025";"https://www.rfi.fr/fr/archives/2025/01/"
"RFI Afrique (FR)";"FR";"2026-10-03";"2024";"https://www.rfi.fr/fr/archives/2024/01/"
"RFI Afrique (FR)";"FR";"2026-10-03";"2023";"https://www.rfi.fr/fr/archives/2023/01/"
"RFI Afrique (FR)";"FR";"2026-10-03";"2022";"https://www.rfi.fr/fr/archives/2022/01/"
"RFI Afrique (FR)";"FR";"2026-10-03";"2021";"https://www.rfi.fr/fr/archives/2021/01/"
"RFI Afrique (FR)";"FR";"2026-10-03";"2020";"https://www.rfi.fr/fr/archives/2020/01/"
"RTL (FR)";"FR";"2026-10-03";"Politique";"https://rtl.fr/actu/politique"
"RTL (FR)";"FR";"2026-10-03";"International";"https://rtl.fr/actu/international"
"RTL (FR)";"FR";"2026-10-03";"Justice et faits divers";"https://rtl.fr/actu/justice-faits-divers"
"RTL (FR)";"FR";"2026-10-03";"Conso";"https://rtl.fr/actu/economie-consommation"
"RTL (FR)";"FR";"2026-10-03";"Food";"https://rtl.fr/actu/food"
"RTL (FR)";"FR";"2026-10-03";"Santé";"https://rtl.fr/actu/bien-etre"
"RTL (FR)";"FR";"2026-10-03";"Société";"https://rtl.fr/actu/debats-societe"
"RTL (FR)";"FR";"2026-10-03";"Tech";"https://rtl.fr/actu/sciences-tech"
"RTL (FR)";"FR";"2026-10-03";"Arts Spectacles";"https://rtl.fr/culture/arts-spectacles"
"RTL (FR)";"FR";"2026-10-03";"Ciné Séries";"https://rtl.fr/culture/cine-series"
"RTL (FR)";"FR";"2026-10-03";"Médias et people";"https://rtl.fr/culture/medias-people"
"RTL (FR)";"FR";"2026-10-03";"Musique";"https://rtl.fr/culture/musique"
"RTL (FR)";"FR";"2026-10-03";"Culture Générale";"https://rtl.fr/culture/culture-generale"
"RTL (FR)";"FR";"2026-10-03";"Humour";"https://rtl.fr/culture/humour"
"RTL (FR)";"FR";"2026-10-03";"Histoire";"https://rtl.fr/culture/histoire"
"RTL (FR)";"FR";"2026-10-03";"Football";"https://rtl.fr/sport/football"
"RTL (FR)";"FR";"2026-10-03";"Autres sports";"https://rtl.fr/sport/autres-sports"
"France Inter (FR)";"FR";"2026-10-03";"Agriculture : un hiver sans foin ?";"https://radiofrance.fr/franceinter/podcasts/interception/interception-le-reportage-actu-du-dimanche-27-septembre-2026-3997535"
"France Inter (FR)";"FR";"2026-10-03";"Blocages dans les lycées : l'Union étudiante dénonce un ""écran de fumée"" après les annonces du ministre de l'Éducation";"https://radiofrance.fr/franceinter/podcasts/l-invite-de-7h50/l-invite-de-7h50-du-we-du-vendredi-02-octobre-2026-9873565"
"France Inter (FR)";"FR";"2026-10-03";"L'invité de 7h50";"https://radiofrance.fr/franceinter/podcasts/l-invite-de-7h50-du-week-end"
"France Inter (FR)";"FR";"2026-10-03";"Blocages dans les lycées : ""ça me terrifie, c'est dangereux"" l'inquiétude des parents";"https://radiofrance.fr/franceinter/podcasts/l-info-de-france-inter/blocages-dans-les-lycees-ca-me-terrifie-c-est-dangereux-l-inquietude-des-parents-5769570"
"France Inter (FR)";"FR";"2026-10-03";"L'info de France Inter";"https://radiofrance.fr/franceinter/podcasts/les-documents-france-inter"
"France Inter (FR)";"FR";"2026-10-03";"Patrick Modiano pour son nouveau livre ""L'Éléphant"" : ""Il fallait continuer d'écrire""";"https://radiofrance.fr/franceinter/podcasts/totemic/totemic-du-vendredi-02-octobre-2026-4410215"
"France Inter (FR)";"FR";"2026-10-03";"Le Masque et Patrick Modiano";"https://radiofrance.fr/franceinter/podcasts/serie-le-masque-et-patrick-modiano"
"France Inter (FR)";"FR";"2026-10-03";"Soutien financier au Hamas et corruption présumée de proches de Netanyahou, enquête sur l’action secrète du Qatar";"https://radiofrance.fr/franceinter/podcasts/revelations/revelations-partie-2-du-dimanche-04-octobre-2026-3383552"
"France Inter (FR)";"FR";"2026-10-03";"""Des documents authentiques"" : Mediapart révèle les dessous de son enquête sur Jordan Bardella";"https://radiofrance.fr/franceinter/podcasts/l-info-de-france-inter/des-documents-authentiques-mediapart-revele-les-dessous-de-son-enquete-sur-jordan-bardella-7718987"
"France Inter (FR)";"FR";"2026-10-03";"Ryad Rani, président-lycéen déterminé";"https://radiofrance.fr/franceinter/podcasts/le-visage-de-la-semaine/le-visage-de-la-semaine-du-vendredi-02-octobre-2026-9965139"
"France Inter (FR)";"FR";"2026-10-03";"Cyberattaques : pourquoi la France est si vulnérable";"https://radiofrance.fr/franceinter/podcasts/revelations/revelations-partie-1-du-dimanche-04-octobre-2026-1048148"
"France Inter (FR)";"FR";"2026-10-03";"""Les choses que j’ai vécues, je ne voulais pas les garder pour moi"", Bernard-Henri Lévy publie ""Mémoires provisoires""";"https://radiofrance.fr/franceinter/podcasts/l-invite-de-8h20-le-grand-entretien/l-invite-de-8h20-le-grand-entretien-du-jeudi-01-octobre-2026-4806440"
"France Inter (FR)";"FR";"2026-10-03";"Affaire Jubillar : les avocats des parties civiles peu convaincus après la reconstitution de la mort de Delphine";"https://radiofrance.fr/franceinter/podcasts/l-info-de-france-inter/affaire-jubillar-les-avocats-des-parties-civiles-peu-convaincus-apres-la-reconstitution-de-la-mort-de-delphine-3657918"
"France Inter (FR)";"FR";"2026-10-03";"Carburants : le G7, présidé par Emmanuel Macron, convient de libérer à nouveau des stocks de gazole";"https://radiofrance.fr/franceinter/podcasts/l-info-de-france-inter/carburants-le-g7-preside-par-emmanuel-macron-convient-de-liberer-a-nouveau-des-stocks-de-gazole-7159829"
"France Inter (FR)";"FR";"2026-10-03";"Blocage des lycées : ""On n'est pas prêts pour le distanciel"", déplorent des professeurs";"https://radiofrance.fr/franceinter/podcasts/l-info-de-france-inter/blocage-des-lycees-on-n-est-pas-prets-pour-le-distanciel-deplorent-des-professeurs-7935635"
"France Inter (FR)";"FR";"2026-10-03";"Yvon Manac'h, proviseur en Haute-Garonne, et Richard Commeau, proviseur à Clermont Ferrand";"https://radiofrance.fr/franceinter/podcasts/l-invite-du-13-14/l-invite-du-13-14-du-vendredi-02-octobre-2026-9887044"
"France Inter (FR)";"FR";"2026-10-03";"L'invité du 13/14";"https://radiofrance.fr/franceinter/podcasts/l-invite-du-13h00"
"France Inter (FR)";"FR";"2026-10-03";"Le journal de 8h du week-end";"https://radiofrance.fr/franceinter/podcasts/le-journal-de-8h-du-week-end"
"France Inter (FR)";"FR";"2026-10-03";"""La Maison des os et de la pluie"", de Gabino Iglesias, une sombre histoire de vengeance à Porto Rico";"https://radiofrance.fr/franceinter/podcasts/le-polar-sonne-toujours-2-fois/le-polar-sonne-toujours-2-fois-du-jeudi-17-septembre-2026-2291630"
"France Inter (FR)";"FR";"2026-10-03";"Lilia Hassaine";"https://radiofrance.fr/franceinter/podcasts/rien-ne-s-oppose-a-la-nuit/rien-ne-s-oppose-a-la-nuit-du-lundi-31-aout-2026-3444181"
"France Inter (FR)";"FR";"2026-10-03";"Yannick Haenel : ""La rupture, c'est le début de la vocation""";"https://radiofrance.fr/franceinter/podcasts/le-grand-portrait/le-grand-portrait-du-lundi-07-septembre-2026-9287050"
"France Inter (FR)";"FR";"2026-10-03";"""C'était ça ou mourir"" de Thelyson Orélien, exil et résilience";"https://radiofrance.fr/franceinter/podcasts/le-grand-portrait/le-grand-portrait-du-jeudi-03-septembre-2026-5280607"
"France Inter (FR)";"FR";"2026-10-03";"""Une éclaircie"" de Jean-Baptiste Del Amo : comment son corps a changé son regard sur le monde";"https://radiofrance.fr/franceinter/podcasts/l-invite-de-7h50-du-week-end/l-invite-de-7h50-du-we-du-dimanche-30-aout-2026-2767136"
"France Inter (FR)";"FR";"2026-10-03";"Jean-Philippe Toussaint publie ""La Hantise""";"https://radiofrance.fr/franceinter/podcasts/le-grand-atelier/le-grand-atelier-du-dimanche-30-aout-2026-1560875"
"France Inter (FR)";"FR";"2026-10-03";"Adèle Haenel pour son livre ""Viser juste"" : des mots pour penser le réel";"https://radiofrance.fr/franceinter/podcasts/totemic/totemic-du-vendredi-28-aout-2026-9167302"
"France Inter (FR)";"FR";"2026-10-03";"""À voix haute"" : l'enquête familiale de Polina Panassenko à l'époque de la Russie stalinienne a séduit Le Masque";"https://radiofrance.fr/franceinter/podcasts/le-masque-et-la-plume/a-voix-haute-de-polina-panassenko-2511870"
"France Inter (FR)";"FR";"2026-10-03";"""Ce qui nous frôle sous la surface"" de Colum McCann : le Masque a eu du mal à retenir sa respiration";"https://radiofrance.fr/franceinter/podcasts/le-masque-et-la-plume/ce-qui-nous-frole-sous-la-surface-de-colum-mccann-8357623"
"France Inter (FR)";"FR";"2026-10-03";"""Rien ne justifie que l'on tienne des propos antisémites"", selon la directrice de recherche au CNRS Perrine Simon-Nahum";"https://radiofrance.fr/franceinter/podcasts/le-8h20-du-week-end/le-grand-entretien-du-vendredi-02-octobre-2026-1438431"
"France Inter (FR)";"FR";"2026-10-03";"Le 8h20 du week-end";"https://radiofrance.fr/franceinter/podcasts/l-invite-du-week-end"
"France Inter (FR)";"FR";"2026-10-03";"Affaire Bardella, le RN a t-il vraiment changé ?";"https://radiofrance.fr/franceinter/podcasts/l-edito-politique/l-edito-politique-du-jeudi-01-octobre-2026-5342647"
"France Inter (FR)";"FR";"2026-10-03";"L'Édito politique";"https://radiofrance.fr/franceinter/podcasts/l-edito-politique"
"France Inter (FR)";"FR";"2026-10-03";"Franc-jeu";"https://radiofrance.fr/franceinter/podcasts/franc-jeu"
"France Inter (FR)";"FR";"2026-10-03";"Le 6/9";"https://radiofrance.fr/franceinter/podcasts/le-6-9"
"France Inter (FR)";"FR";"2026-10-03";"Franche culture";"https://radiofrance.fr/franceinter/podcasts/franche-culture"
"France Inter (FR)";"FR";"2026-10-03";"Les ailes de géant";"https://radiofrance.fr/franceinter/podcasts/les-ailes-de-geant"
"France Inter (FR)";"FR";"2026-10-03";"Recto-Verso";"https://radiofrance.fr/franceinter/podcasts/recto-verso"
"France Inter (FR)";"FR";"2026-10-03";"Le 18/20";"https://radiofrance.fr/franceinter/podcasts/le-18-20"
"France Inter (FR)";"FR";"2026-10-03";"C'est loin mais c'est beau";"https://radiofrance.fr/franceinter/podcasts/c-est-loin-mais-c-est-beau"
"France Inter (FR)";"FR";"2026-10-03";"Le Billet de Thomas Poitevin";"https://radiofrance.fr/franceinter/podcasts/vero-la-gestionnaire-de-communautes"
"France Inter (FR)";"FR";"2026-10-03";"Rien ne s'oppose à la nuit";"https://radiofrance.fr/franceinter/podcasts/rien-ne-s-oppose-a-la-nuit"
"France Inter (FR)";"FR";"2026-10-03";"La chronique de Samuel Jensky";"https://radiofrance.fr/franceinter/podcasts/la-chronique-de-samuel-jensky"
"France Inter (FR)";"FR";"2026-10-03";"La chronique de Camille Tissot";"https://radiofrance.fr/franceinter/podcasts/la-chronique-de-camille-tissot"
"France Inter (FR)";"FR";"2026-10-03";"Nos vies numériques";"https://radiofrance.fr/franceinter/podcasts/nos-vies-numeriques"
"France Inter (FR)";"FR";"2026-10-03";"La Revue de presse";"https://radiofrance.fr/franceinter/podcasts/la-revue-de-presse"
"France Inter (FR)";"FR";"2026-10-03";"Tout va trop vite";"https://radiofrance.fr/franceinter/podcasts/les-histoires-du-monde"
"France Inter (FR)";"FR";"2026-10-03";"Le Billet de Jessé";"https://radiofrance.fr/franceinter/podcasts/la-chronique-de-jesse"
"France Inter (FR)";"FR";"2026-10-03";"L'édito de Dov Alfon";"https://radiofrance.fr/franceinter/podcasts/dov-alfon-en-toute-subjectivite"
"France Inter (FR)";"FR";"2026-10-03";"Soft planète";"https://radiofrance.fr/franceinter/podcasts/soft-planete"
"France Inter (FR)";"FR";"2026-10-03";"Un jeudi soir sur la terre";"https://radiofrance.fr/franceinter/podcasts/un-jeudi-soir-sur-la-terre"
"France Inter (FR)";"FR";"2026-10-03";"Le petit carnet de campagne";"https://radiofrance.fr/franceinter/podcasts/petits-carnets-de-campagne"
"France Inter (FR)";"FR";"2026-10-03";"Chez la belle-famille";"https://radiofrance.fr/franceinter/podcasts/chez-la-belle-famille"
"France Inter (FR)";"FR";"2026-10-03";"Les Faussaires";"https://radiofrance.fr/franceinter/podcasts/selection-les-faussaires"
"France Inter (FR)";"FR";"2026-10-03";"Le jeune homme qui défiait le Kremlin";"https://radiofrance.fr/franceinter/podcasts/serie-le-jeune-homme-qui-defiait-le-kremlin"
"France Inter (FR)";"FR";"2026-10-03";"Le Masque et Annie Ernaux";"https://radiofrance.fr/franceinter/podcasts/serie-le-masque-et-annie-ernaux"
"France Inter (FR)";"FR";"2026-10-03";"Comment la mode raconte notre histoire ?";"https://radiofrance.fr/franceinter/podcasts/serie-comment-la-mode-raconte-notre-histoire"
"France Inter (FR)";"FR";"2026-10-03";"Charline au Havre";"https://radiofrance.fr/franceinter/podcasts/serie-charline-au-havre"
"France Inter (FR)";"FR";"2026-10-03";"La forêt française a-t-elle une histoire ?";"https://radiofrance.fr/franceinter/podcasts/serie-la-foret-francaise-a-t-elle-une-histoire"
"France Inter (FR)";"FR";"2026-10-03";"Reines et Rois";"https://radiofrance.fr/franceinter/podcasts/reines-et-rois"
"France Inter (FR)";"FR";"2026-10-03";"""Verity"" : méfiez-vous des apparences";"https://radiofrance.fr/franceinter/podcasts/capture-d-ecrans/capture-d-ecrans-du-vendredi-02-octobre-2026-1840766"
"France Inter (FR)";"FR";"2026-10-03";"Capture d'écrans";"https://radiofrance.fr/franceinter/podcasts/capture-d-ecrans"
"France Inter (FR)";"FR";"2026-10-03";"""Notre Salut"", ""Mémoire de fille"" et ""Le monde à l'endroit"" : les sorties ciné de la semaine";"https://radiofrance.fr/franceinter/podcasts/cine-mercredi/mercredi-cinema-du-mercredi-30-septembre-2026-8341189"
"France Inter (FR)";"FR";"2026-10-03";"Ciné mercredi";"https://radiofrance.fr/franceinter/podcasts/mercredi-cinema"
"France Inter (FR)";"FR";"2026-10-03";"Guerre civile en Birmanie : le récit de l'après-Aung San Suu Kyi";"https://radiofrance.fr/franceinter/podcasts/l-info-de-france-inter/guerre-civile-en-birmanie-le-recit-de-l-apres-aung-san-suu-kyi-4840303"
"France Inter (FR)";"FR";"2026-10-03";"Iyad Ag Ghali, le djihadiste qui défie le Mali";"https://radiofrance.fr/franceinter/podcasts/l-info-de-france-inter/iyad-ag-ghali-le-djihadiste-qui-defile-le-mali-4200074"
"France Inter (FR)";"FR";"2026-10-03";"Poutine, le tsar soviétique";"https://radiofrance.fr/franceinter/podcasts/serie-poutine-le-tsar-sovietique"
"France Inter (FR)";"FR";"2026-10-03";"Alfred Dreyfus, le combat de la République";"https://radiofrance.fr/franceinter/podcasts/serie-alfred-dreyfus-le-combat-de-la-republique"
"France Inter (FR)";"FR";"2026-10-03";"Simone de Beauvoir, itinéraire d'une jeune fille rangée";"https://radiofrance.fr/franceinter/podcasts/serie-simone-de-beauvoir-itineraire-d-une-jeune-fille-rangee"
"France Inter (FR)";"FR";"2026-10-03";"Sigmaringen, le crépuscule des bourreaux";"https://radiofrance.fr/franceinter/podcasts/serie-le-crepuscule-des-bourreaux"
"France Inter (FR)";"FR";"2026-10-03";"Mafia - Meurtres et trahisons : histoires de familles";"https://radiofrance.fr/franceinter/podcasts/serie-mafia-meurtres-et-trahisons-histoires-de-familles"
"France Inter (FR)";"FR";"2026-10-03";"Musique !";"https://radiofrance.fr/franceinter/podcasts/serie-musique"
"France Inter (FR)";"FR";"2026-10-03";"Cache-cache";"https://radiofrance.fr/franceinter/podcasts/serie-cache-cache"
"France Inter (FR)";"FR";"2026-10-03";"C'est la rentrée des P'tits Bateaux";"https://radiofrance.fr/franceinter/podcasts/serie-c-est-la-rentree-des-p-tits-bateaux"
"France Inter (FR)";"FR";"2026-10-03";"Tina et les boucliers de Mars";"https://radiofrance.fr/franceinter/podcasts/serie-tina-et-les-boucliers-de-mars"
"France Inter (FR)";"FR";"2026-10-03";"Les aventures du professeur Caillou";"https://radiofrance.fr/franceinter/podcasts/les-aventures-du-professeur-caillou"
"France Inter (FR)";"FR";"2026-10-03";"Bestioles, nouveaux épisodes !";"https://radiofrance.fr/franceinter/podcasts/bestioles"
"France Inter (FR)";"FR";"2026-10-03";"Une histoire et... Oli, nouveaux épisodes !";"https://radiofrance.fr/franceinter/podcasts/une-histoire-et-oli"
"France Inter (FR)";"FR";"2026-10-03";"Les Odyssées, nouveaux épisodes !";"https://radiofrance.fr/franceinter/podcasts/les-odyssees"
"France Inter (FR)";"FR";"2026-10-03";"Mini vulgaire : les véhicules";"https://radiofrance.fr/franceinter/podcasts/serie-mini-vulgaire-les-vehicules"
"France Inter (FR)";"FR";"2026-10-03";"Chuchote-moi une histoire";"https://radiofrance.fr/franceinter/podcasts/chuchote-moi-une-histoire"
"France Inter (FR)";"FR";"2026-10-03";"L'invité : l'archéologue Gérard Coulon";"https://radiofrance.fr/franceinter/podcasts/affaires-sensibles/affaires-sensibles-l-invite-du-jeudi-01-octobre-2026-3048450"
"France Inter (FR)";"FR";"2026-10-03";"Affaires sensibles";"https://radiofrance.fr/franceinter/podcasts/affaires-sensibles"
"France Inter (FR)";"FR";"2026-10-03";"L'histoire du faussaire Vrain-Lucas - Le récit";"https://radiofrance.fr/franceinter/podcasts/affaires-sensibles/affaires-sensibles-le-recit-du-jeudi-01-octobre-2026-1800870"
"France Inter (FR)";"FR";"2026-10-03";"Vrain-Lucas, le faussaire qui a berné le mathématicien  - L'intégrale";"https://radiofrance.fr/franceinter/podcasts/affaires-sensibles/affaires-sensibles-du-jeudi-01-octobre-2026-1776746"
"France Inter (FR)";"FR";"2026-10-03";"L'invité : Quentin Bruet-Ferréol, écrivain, auteur de ""Dieu est un voleur qui marche dans la nuit"" (Bouquins, 2022)";"https://radiofrance.fr/franceinter/podcasts/affaires-sensibles/affaires-sensibles-l-invite-du-mercredi-30-septembre-2026-9703090"
"France Inter (FR)";"FR";"2026-10-03";"Bestioles";"https://radiofrance.fr/franceinter/podcasts/bestioles"
"France Inter (FR)";"FR";"2026-10-03";"Les concerts d'Inter";"https://radiofrance.fr/franceinter/podcasts/les-concerts-d-inter"
"France Inter (FR)";"FR";"2026-10-03";"Frissons";"https://radiofrance.fr/franceinter/podcasts/frissons"
"France Inter (FR)";"FR";"2026-10-03";"Révélations";"https://radiofrance.fr/franceinter/podcasts/revelations"
"France Inter (FR)";"FR";"2026-10-03";"Afghanistan, le tourisme sans les femmes";"https://radiofrance.fr/franceinter/podcasts/interception/interception-du-dimanche-08-mars-2026-4136320"
"France Inter (FR)";"FR";"2026-10-03";"Taylor Swift, le monde, ma fille et moi";"https://radiofrance.fr/franceinter/podcasts/taylor-swift-le-monde-ma-fille-et-moi"
"France Inter (FR)";"FR";"2026-10-03";"Les déportés";"https://radiofrance.fr/franceinter/podcasts/serie-les-deportes"
"France Inter (FR)";"FR";"2026-10-03";"Etats-Unis : ce pays qui marie ses enfants";"https://radiofrance.fr/franceinter/podcasts/interception/interception-du-dimanche-05-mars-2023-8505277"
"France Inter (FR)";"FR";"2026-10-03";"Sur les traces d'Ousmane Dembélé";"https://radiofrance.fr/franceinter/podcasts/serie-sur-les-traces-d-ousmane-dembele"
"France Inter (FR)";"FR";"2026-10-03";"Collégiennes à vendre";"https://radiofrance.fr/franceinter/podcasts/interception/interception-du-dimanche-12-octobre-2025-2574397"
"France Inter (FR)";"FR";"2026-10-03";"(Re)créer des espaces de lien";"https://radiofrance.fr/franceinter/podcasts/recto-verso/recto-invite-3-du-samedi-03-octobre-2026-2230587"
"France Inter (FR)";"FR";"2026-10-03";"Mobilisations lycéennes: la réponse des adultes";"https://radiofrance.fr/franceinter/podcasts/recto-verso/recto-invite-1-du-samedi-03-octobre-2026-5547064"
"France Inter (FR)";"FR";"2026-10-03";"Blocages des lycées, catastrophes climatiques et philosophie du lien au programme du Recto de ce samedi.";"https://radiofrance.fr/franceinter/podcasts/recto-verso/recto-du-samedi-03-octobre-2026-2298000"
"France Inter (FR)";"FR";"2026-10-03";"Les retraites façon Edouard Philippe et les médias menacés par les politiques";"https://radiofrance.fr/franceinter/podcasts/le-8h20-du-week-end/le-grand-entretien-du-samedi-03-octobre-2026-1804830"
"France Inter (FR)";"FR";"2026-10-03";"""Mémoire de fille"", ""Le Chant des oliviers"", ""Melpomène"", ""Notre salut"", ""Un hiver russe""... quels films voir ou pas ?";"https://radiofrance.fr/franceinter/podcasts/les-sorties-cinema-de-la-semaine/les-sorties-cinema-de-la-semaine-du-samedi-03-octobre-2026-6276582"
"France Inter (FR)";"FR";"2026-10-03";"Les sorties cinéma de la semaine";"https://radiofrance.fr/franceinter/podcasts/les-sorties-cinema-de-la-semaine"
"France Inter (FR)";"FR";"2026-10-03";"Sandrine Kiberlain et Anne Marivin pour le film ""Ni vue ni connue"" et Marie-Pierre Delabrière, directrice de casting";"https://radiofrance.fr/franceinter/podcasts/on-aura-tout-vu/on-aura-tout-vu-du-samedi-03-octobre-2026-8847175"
"France Inter (FR)";"FR";"2026-10-03";"On aura tout vu";"https://radiofrance.fr/franceinter/podcasts/on-aura-tout-vu"
"France Inter (FR)";"FR";"2026-10-03";"En deux mots  par Nicolas Demorand du samedi 03 octobre 2026";"https://radiofrance.fr/franceinter/podcasts/en-deux-mots/en-deux-mots-par-nicolas-demorand-du-samedi-03-octobre-2026-8290045"
"France Inter (FR)";"FR";"2026-10-03";"En deux mots";"https://radiofrance.fr/franceinter/podcasts/en-deux-mots"
"France Inter (FR)";"FR";"2026-10-03";"Et si l’Europe payait des pays étrangers pour accueillir les immigrés indésirables ?";"https://radiofrance.fr/franceinter/podcasts/geopolitique/geopolitique-du-samedi-03-octobre-2026-2489879"
"France Inter (FR)";"FR";"2026-10-03";"Géopolitique";"https://radiofrance.fr/franceinter/podcasts/geopolitique"
"France Inter (FR)";"FR";"2026-10-03";"Viol collectif à l'université de Cornell : la gouverneure de New York veut changer la loi";"https://radiofrance.fr/franceinter/podcasts/l-info-de-france-inter/viol-collectif-a-l-universite-de-cornell-la-gouverneure-de-new-york-veut-changer-la-loi-1532450"
"France Inter (FR)";"FR";"2026-10-03";"Andreï Zviaguintsev dit sa ""gratitude"" après la sélection de son film ""Minotaure"" pour représenter la France aux Oscars";"https://radiofrance.fr/franceinter/podcasts/l-invite-de-7h50/l-invite-de-7h50-du-we-du-samedi-03-octobre-2026-4420128"
"France Inter (FR)";"FR";"2026-10-03";"2011, la catastrophe de Fukushima";"https://radiofrance.fr/franceinter/podcasts/zoom-zoom-zen/zoom-zoom-zen-du-vendredi-02-octobre-2026-2830730"
"France Inter (FR)";"FR";"2026-10-03";"Zoom Zoom Zen";"https://radiofrance.fr/franceinter/podcasts/zoom-zoom-zen"
"France Inter (FR)";"FR";"2026-10-03";"Big bang du samedi 03 octobre 2026";"https://radiofrance.fr/franceinter/podcasts/big-bang/big-bang-du-samedi-03-octobre-2026-5558950"
"France Inter (FR)";"FR";"2026-10-03";"Big Bang";"https://radiofrance.fr/franceinter/podcasts/big-bang"
"France Inter (FR)";"FR";"2026-10-03";"Les phages, des virus tueurs de bactéries";"https://radiofrance.fr/franceinter/podcasts/juste-avant-le-big-bang/juste-avant-le-big-bang-du-samedi-03-octobre-2026-6712142"
"France Inter (FR)";"FR";"2026-10-03";"Juste avant le Big Bang";"https://radiofrance.fr/franceinter/podcasts/juste-avant-le-big-bang"
"France Inter (FR)";"FR";"2026-10-03";"Dérèglement climatique : décarbonation, sobriété et adaptation sont-ils les ennemis de nos libertés?";"https://radiofrance.fr/franceinter/podcasts/recto-verso/recto-le-grand-entretien-du-samedi-03-octobre-2026-5613604"
"France Inter (FR)";"FR";"2026-10-03";"Tout va bien dans ce monde du vendredi 02 octobre 2026";"https://radiofrance.fr/franceinter/podcasts/tout-va-bien-dans-ce-monde/tout-va-bien-dans-ce-monde-du-vendredi-02-octobre-2026-7991843"
"France Inter (FR)";"FR";"2026-10-03";"Tout va bien dans ce monde";"https://radiofrance.fr/franceinter/podcasts/tout-va-bien-dans-ce-monde"
"France Inter (FR)";"FR";"2026-10-03";"Avec Cédric Sapin-Defour, alpiniste et écrivain : ""Ce n'est pas rien la façon dont on vous présente la vie""";"https://radiofrance.fr/franceinter/podcasts/la-terre-au-carre/la-terre-au-carre-du-vendredi-02-octobre-2026-5014814"
"France Inter (FR)";"FR";"2026-10-03";"La Terre au carré";"https://radiofrance.fr/franceinter/podcasts/la-terre-au-carre"
"France Inter (FR)";"FR";"2026-10-03";"Quand l'effet boule de neige rattrape la France";"https://radiofrance.fr/franceinter/podcasts/l-edito-eco-vsd/l-economie-vue-par-beatrice-matthieu-du-samedi-03-octobre-2026-6009724"
"France Inter (FR)";"FR";"2026-10-03";"L'édito éco VSD";"https://radiofrance.fr/franceinter/podcasts/l-economie-vue-par"
"France Inter (FR)";"FR";"2026-10-03";"Raphaël Glucksmann : ""Que diable allait-il faire dans cette galère ?""";"https://radiofrance.fr/franceinter/podcasts/l-edito-politique-vsd/la-politique-vue-par-camille-vigogne-du-samedi-03-octobre-2026-8990933"
"France Inter (FR)";"FR";"2026-10-03";"L'édito politique VSD";"https://radiofrance.fr/franceinter/podcasts/la-politique-vue-par"
"France Inter (FR)";"FR";"2026-10-03";"Exposition ""Belmondo le Magnifique"" à la Cinémathèque";"https://radiofrance.fr/franceinter/podcasts/delmas-fait-son-cinema/delmas-fait-son-cinema-du-samedi-03-octobre-2026-8858137"
"France Inter (FR)";"FR";"2026-10-03";"Delmas fait son cinéma";"https://radiofrance.fr/franceinter/podcasts/delmas-fait-son-cinema"
"France Inter (FR)";"FR";"2026-10-03";"Comment les pompiers font pour ne pas prendre feu, même avec leurs combinaisons ?";"https://radiofrance.fr/franceinter/podcasts/les-p-tits-bateaux/les-p-tits-bateaux-du-vendredi-02-octobre-2026-9749700"
"France Inter (FR)";"FR";"2026-10-03";"Les P'tits Bateaux";"https://radiofrance.fr/franceinter/podcasts/les-p-tits-bateaux"
"France Inter (FR)";"FR";"2026-10-03";"Exposition à voir pendant la Fashion Week : la  Maison Michel au 19M, 90 ans de savoir-faire en matière de chapeaux";"https://radiofrance.fr/franceinter/podcasts/le-grand-reportage-de-france-inter/le-grand-reportage-culture-du-vendredi-02-octobre-2026-8188273"
"France Inter (FR)";"FR";"2026-10-03";"Le Grand reportage de France Inter";"https://radiofrance.fr/franceinter/podcasts/le-zoom-de-la-redaction"
"France Inter (FR)";"FR";"2026-10-03";"Les bienfaits de la méditation avec le docteur Christophe André";"https://radiofrance.fr/franceinter/podcasts/grand-bien-vous-fasse/grand-bien-vous-fasse-du-vendredi-02-octobre-2026-9046553"
"France Inter (FR)";"FR";"2026-10-03";"Grand bien vous fasse !";"https://radiofrance.fr/franceinter/podcasts/grand-bien-vous-fasse"
"France Inter (FR)";"FR";"2026-10-03";"Assistants sexuels pour personnes handicapées : la fin du tabou ?";"https://radiofrance.fr/franceinter/podcasts/le-grand-reportage-de-france-inter/le-grand-reportage-du-jeudi-01-octobre-2026-1836469"
"France Inter (FR)";"FR";"2026-10-03";"""Le névrosé a laissé sa place au dépressif"", affirment l'analyste Jérôme Fourquet et le psychologue Ruben Rabinovitch";"https://radiofrance.fr/franceinter/podcasts/l-invite-de-8h20-le-grand-entretien/l-invite-de-8h20-le-grand-entretien-du-mercredi-30-septembre-2026-8803719"
"France Inter (FR)";"FR";"2026-10-03";"L'Invité de 8h20 : le grand entretien";"https://radiofrance.fr/franceinter/podcasts/l-invite-de-8h20-le-grand-entretien"
"France Inter (FR)";"FR";"2026-10-03";"""L'occasion d'être aidée"" : un parcours de soin dédié à la ménopause à Lyon";"https://radiofrance.fr/franceinter/podcasts/le-grand-reportage-de-france-inter/le-grand-reportage-du-mardi-29-septembre-2026-8163270"
"France Inter (FR)";"FR";"2026-10-03";"« Cosi fan tutte » de Mozart retransmis au cinéma en direct depuis le MET, le Metropolitan opera de New York";"https://radiofrance.fr/franceinter/podcasts/les-rendez-vous-d-anna/classic-n-co-du-samedi-03-octobre-2026-9209016"
"France Inter (FR)";"FR";"2026-10-03";"classic & co";"https://radiofrance.fr/franceinter/podcasts/classic-co"
"France Culture (FR)";"FR";"2026-10-03";"Dans la bibliothèque de Brigitte Fontaine";"https://radiofrance.fr/franceculture/podcasts/le-book-club/dans-la-bibliotheque-de-brigitte-fontaine-3664412"
"France Culture (FR)";"FR";"2026-10-03";"Les lycéens en colère reçoivent le soutien de la CGT et de Solidaires";"https://radiofrance.fr/franceculture/podcasts/journal-de-18h/journal-de-18h-emission-du-vendredi-02-octobre-2026-5551860"
"France Culture (FR)";"FR";"2026-10-03";"Journal de 18h";"https://radiofrance.fr/franceculture/podcasts/journal-de-18h"
"France Culture (FR)";"FR";"2026-10-03";"Brésil : les blessures d’une démocratie";"https://radiofrance.fr/franceculture/podcasts/serie-bresil-les-blessures-d-une-democratie"
"France Culture (FR)";"FR";"2026-10-03";"Brésil : à la veille des élections, la question du surendettement qui a augmenté sous Lula";"https://radiofrance.fr/franceculture/podcasts/le-journal-de-l-eco/bresil-a-la-veille-des-elections-la-question-du-surendettement-qui-a-augmente-sous-lula-5269473"
"France Culture (FR)";"FR";"2026-10-03";"Tom Cruise peut-il tout jouer ?";"https://radiofrance.fr/franceculture/podcasts/les-midis-de-culture/tom-cruise-peut-il-tout-jouer-8135033"
"France Culture (FR)";"FR";"2026-10-03";"Cisjordanie : cartographier la colonisation israélienne";"https://radiofrance.fr/franceculture/podcasts/les-enjeux-internationaux/cisjordanie-cartographier-la-colonisation-israelienne-5215399"
"France Culture (FR)";"FR";"2026-10-03";"Javier Milei, l'ultra-libéral argentin";"https://radiofrance.fr/franceculture/podcasts/serie-javier-milei-l-ultra-liberal-argentin"
"France Culture (FR)";"FR";"2026-10-03";"La guerre de demain se jouera-t-elle dans les fonds marins ?";"https://radiofrance.fr/franceculture/podcasts/les-enjeux-internationaux/la-guerre-de-demain-se-jouera-t-elle-dans-les-fonds-marins-4911806"
"France Culture (FR)";"FR";"2026-10-03";"""Le Grand Monde"" de Pierre Lemaitre";"https://radiofrance.fr/franceculture/podcasts/serie-le-grand-monde-de-pierre-lemaitre"
"France Culture (FR)";"FR";"2026-10-03";"Après les manifestations de Drumcree, comment construire une paix durable en Irlande du Nord ?";"https://radiofrance.fr/franceculture/podcasts/la-revue-de-presse-internationale/apres-les-manifestations-de-drumcree-comment-construire-une-paix-durable-en-irlande-du-nord-7367165"
"France Culture (FR)";"FR";"2026-10-03";"La Revue de presse internationale";"https://radiofrance.fr/franceculture/podcasts/revue-de-presse-internationale"
"France Culture (FR)";"FR";"2026-10-03";"Les Enjeux internationaux";"https://radiofrance.fr/franceculture/podcasts/les-enjeux-internationaux"
"France Culture (FR)";"FR";"2026-10-03";"Le Journal de l'éco";"https://radiofrance.fr/franceculture/podcasts/le-journal-de-l-eco"
"France Culture (FR)";"FR";"2026-10-03";"Des bibliothécaires qui ont changé au fil du temps";"https://radiofrance.fr/franceculture/podcasts/l-info-culturelle-reportages-enquetes-analyses/des-bibliothecaires-qui-ont-change-au-fil-du-temps-2772357"
"France Culture (FR)";"FR";"2026-10-03";"L'Info culturelle : reportages, enquêtes, analyses";"https://radiofrance.fr/franceculture/podcasts/l-actualite-culturelle-reportages-enquetes-analyses"
"France Culture (FR)";"FR";"2026-10-03";"Les lycéens déçus par le plan d'action annoncé hier par le ministre de l'Éducation appellent à la mobilisation mardi";"https://radiofrance.fr/franceculture/podcasts/journal-de-8-h/les-lyceens-decus-par-le-plan-d-action-annonce-hier-par-le-ministre-de-l-education-appellent-a-la-mobilisation-mardi-5927991"
"France Culture (FR)";"FR";"2026-10-03";"Journal de 8 h";"https://radiofrance.fr/franceculture/podcasts/journal-de-8-h"
"France Culture (FR)";"FR";"2026-10-03";"Tuer la mère, sauver sa peau, avec Louise Chennevière";"https://radiofrance.fr/franceculture/podcasts/le-book-club/tuer-la-mere-sauver-sa-peau-avec-louise-chenneviere-3624540"
"France Culture (FR)";"FR";"2026-10-03";"Phœbe Hadjimarkos Clarke, écrivaine : “Il m’est impossible d’écrire un roman sans fantastique déguisé”";"https://radiofrance.fr/franceculture/podcasts/les-midis-de-culture-l-invite-e/phoebe-hadjimarkos-clarke-traverse-les-frontieres-avec-le-livre-des-souterrains-1020724"
"France Culture (FR)";"FR";"2026-10-03";"L'or du démon : rencontre avec Ian McGuire";"https://radiofrance.fr/franceculture/podcasts/mauvais-genres/l-or-du-demon-rencontre-avec-ian-mcguire-9391974"
"France Culture (FR)";"FR";"2026-10-03";"Kae Tempest : retour au roman";"https://radiofrance.fr/franceculture/podcasts/le-book-club/kae-tempest-retour-au-roman-2794282"
"France Culture (FR)";"FR";"2026-10-03";"""Nous aussi"" d'Anne Godard : la force du ""on""";"https://radiofrance.fr/franceculture/podcasts/le-regard-culturel/le-regard-culturel-chronique-du-mercredi-09-septembre-2026-5280197"
"France Culture (FR)";"FR";"2026-10-03";"Antoine Volodine et les 11 romans d'Infernus Johannes : le post-exotisme, bouquet final";"https://radiofrance.fr/franceculture/podcasts/mauvais-genres/operation-volodine-le-post-exotisme-bouquet-final-1076220"
"France Culture (FR)";"FR";"2026-10-03";"""Debout dans tes rêves"" d'Abdellah Taïa, une histoire d'amitié";"https://radiofrance.fr/franceculture/podcasts/le-book-club/promesses-avec-abdellah-taia-4947356"
"France Culture (FR)";"FR";"2026-10-03";"""Mais que fait ce sang sur le pull de Jennifer ?"" de Lucie Rico, ou l’obsession d’une phrase inachevée";"https://radiofrance.fr/franceculture/podcasts/le-book-club/lucie-rico-ou-l-obsession-d-une-phrase-inachevee-4284547"
"France Culture (FR)";"FR";"2026-10-03";"Écrire l’inceste selon Daria Marx dans ""Tuer le vieux""";"https://radiofrance.fr/franceculture/podcasts/les-midis-de-culture/tuer-le-vieux-ecrire-l-inceste-selon-daria-marx-8396852"
"France Culture (FR)";"FR";"2026-10-03";"Premier roman : ""Abdallah Superstar"", un conte électro entre la France et Djibouti";"https://radiofrance.fr/franceculture/podcasts/l-invite-e-des-matins-d-ete/abdallah-superstar-un-conte-electro-entre-la-france-et-djibouti-3189093"
"France Culture (FR)";"FR";"2026-10-03";"Le ""soralisme"", angle mort de la dédiabolisation";"https://radiofrance.fr/franceculture/podcasts/a-la-source/a-la-source-chronique-du-samedi-03-octobre-2026-9442163"
"France Culture (FR)";"FR";"2026-10-03";"À la source";"https://radiofrance.fr/franceculture/podcasts/a-la-source"
"France Culture (FR)";"FR";"2026-10-03";"Les Philosophes au pouvoir";"https://radiofrance.fr/franceculture/podcasts/les-philosophes-au-pouvoir"
"France Culture (FR)";"FR";"2026-10-03";"Le Cas de conscience";"https://radiofrance.fr/franceculture/podcasts/le-cas-de-conscience"
"France Culture (FR)";"FR";"2026-10-03";"Grand Angle";"https://radiofrance.fr/franceculture/podcasts/grand-angle-de-plan-large"
"France Culture (FR)";"FR";"2026-10-03";"Classe créative : le manager de la semaine";"https://radiofrance.fr/franceculture/podcasts/classe-creative-le-manager-de-la-semaine"
"France Culture (FR)";"FR";"2026-10-03";"Le Droit d'ailleurs";"https://radiofrance.fr/franceculture/podcasts/le-droit-d-ailleurs"
"France Culture (FR)";"FR";"2026-10-03";"Les Clés de l'enfance";"https://radiofrance.fr/franceculture/podcasts/les-cles-de-l-enfance"
"France Culture (FR)";"FR";"2026-10-03";"Les Mystères des lieux";"https://radiofrance.fr/franceculture/podcasts/les-mysteres-des-lieux"
"France Culture (FR)";"FR";"2026-10-03";"Le Film de la semaine";"https://radiofrance.fr/franceculture/podcasts/le-film-de-la-semaine-de-plan-large"
"France Culture (FR)";"FR";"2026-10-03";"Le Point culture XXL : l'agenda";"https://radiofrance.fr/franceculture/podcasts/le-point-culture-xxl-l-agenda"
"France Culture (FR)";"FR";"2026-10-03";"Au nom du droit";"https://radiofrance.fr/franceculture/podcasts/au-nom-du-droit"
"France Culture (FR)";"FR";"2026-10-03";"Questions du soir : le débat";"https://radiofrance.fr/franceculture/podcasts/le-temps-du-debat"
"France Culture (FR)";"FR";"2026-10-03";"Les Midis de Culture";"https://radiofrance.fr/franceculture/podcasts/les-midis-de-culture"
"France Culture (FR)";"FR";"2026-10-03";"Avec philosophie";"https://radiofrance.fr/franceculture/podcasts/avec-philosophie"
"France Culture (FR)";"FR";"2026-10-03";"Le Point idées : le journal des sciences sociales";"https://radiofrance.fr/franceculture/podcasts/le-point-idees"
"France Culture (FR)";"FR";"2026-10-03";"Les Matins";"https://radiofrance.fr/franceculture/podcasts/les-matins"
"France Culture (FR)";"FR";"2026-10-03";"Questions du soir : l'idée";"https://radiofrance.fr/franceculture/podcasts/l-idee-questions-du-soir"
"France Culture (FR)";"FR";"2026-10-03";"La Science, CQFD";"https://radiofrance.fr/franceculture/podcasts/la-science-cqfd"
"France Culture (FR)";"FR";"2026-10-03";"François d'Assise, la sainteté est un sport de combat";"https://radiofrance.fr/franceculture/podcasts/serie-francois-d-assise-la-saintete-est-un-sport-de-combat"
"France Culture (FR)";"FR";"2026-10-03";"Marx avant ""Le Capital""";"https://radiofrance.fr/franceculture/podcasts/serie-marx-avant-le-capital"
"France Culture (FR)";"FR";"2026-10-03";"Cuicui, meuh, tagada, histoires d'animaux";"https://radiofrance.fr/franceculture/podcasts/serie-cuicui-meuh-tagada-histoires-d-animaux"
"France Culture (FR)";"FR";"2026-10-03";"Parasite(s)";"https://radiofrance.fr/franceculture/podcasts/serie-parasite-s"
"France Culture (FR)";"FR";"2026-10-03";"Chantal Goya, la Mylène Farmer des enfants";"https://radiofrance.fr/franceculture/podcasts/serie-chantal-goya-la-mylene-farmer-des-enfants"
"France Culture (FR)";"FR";"2026-10-03";"Belgique : l’extrême droite privée de direct";"https://radiofrance.fr/franceculture/podcasts/serie-belgique-l-extreme-droite-privee-de-direct"
"France Culture (FR)";"FR";"2026-10-03";"Sabrina Krief, sœur de primates";"https://radiofrance.fr/franceculture/podcasts/serie-sabrina-krief-soeur-de-primates"
"France Culture (FR)";"FR";"2026-10-03";"Alzheimer : comment faire face ?";"https://radiofrance.fr/franceculture/podcasts/serie-alzheimer-comment-faire-face"
"France Culture (FR)";"FR";"2026-10-03";"""Notre salut"" et l'obéissance anticipative";"https://radiofrance.fr/franceculture/podcasts/le-regard-culturel/le-regard-culturel-chronique-du-mercredi-30-septembre-2026-9787753"
"France Culture (FR)";"FR";"2026-10-03";"Le Regard culturel";"https://radiofrance.fr/franceculture/podcasts/la-critique"
"France Culture (FR)";"FR";"2026-10-03";"Religieuses, des histoires de sœurs";"https://radiofrance.fr/franceculture/podcasts/serie-religieuses-des-histoires-de-soeurs"
"France Culture (FR)";"FR";"2026-10-03";"L'Ardèche, le temps des communautés";"https://radiofrance.fr/franceculture/podcasts/serie-l-ardeche-le-temps-des-communautes"
"France Culture (FR)";"FR";"2026-10-03";"Au pays des songes, 2001-2026 (Israël-Palestine, archives oniriques)";"https://radiofrance.fr/franceculture/podcasts/serie-au-pays-des-songes-2001-2026-israel-palestine-archives-oniriques"
"France Culture (FR)";"FR";"2026-10-03";"Les 2Be3 : étoiles filantes";"https://radiofrance.fr/franceculture/podcasts/serie-les-2be3-etoiles-filantes"
"France Culture (FR)";"FR";"2026-10-03";"Verdun 1916, au cœur d'une guerre totale";"https://radiofrance.fr/franceculture/podcasts/serie-verdun-1916-au-coeur-d-une-guerre-totale"
"France Culture (FR)";"FR";"2026-10-03";"La Joconde sort du silence";"https://radiofrance.fr/franceculture/podcasts/serie-la-joconde-sort-du-silence"
"France Culture (FR)";"FR";"2026-10-03";"Troubles dys : des vies à inventer";"https://radiofrance.fr/franceculture/podcasts/serie-troubles-dys-des-vies-a-inventer"
"France Culture (FR)";"FR";"2026-10-03";"Habiba Msika (1903-1930), une artiste libre aux multiples talents";"https://radiofrance.fr/franceculture/podcasts/toute-une-vie/habiba-msika-une-artiste-libre-aux-multiples-talents-6978561"
"France Culture (FR)";"FR";"2026-10-03";"Hans le Malin, le cheval qui savait lire et compter";"https://radiofrance.fr/franceculture/podcasts/serie-hans-le-malin-le-cheval-qui-savait-lire-et-compter"
"France Culture (FR)";"FR";"2026-10-03";"Les ultras de la collaboration";"https://radiofrance.fr/franceculture/podcasts/serie-les-ultras-de-la-collaboration"
"France Culture (FR)";"FR";"2026-10-03";"Catholiques de France, la tentation radicale";"https://radiofrance.fr/franceculture/podcasts/serie-catholiques-de-france-la-tentation-radicale"
"France Culture (FR)";"FR";"2026-10-03";"L'effet chat";"https://radiofrance.fr/franceculture/podcasts/serie-l-effet-chat"
"France Culture (FR)";"FR";"2026-10-03";"La trilogie des ""J'ai trop..."" de David Lescot";"https://radiofrance.fr/franceculture/podcasts/serie-la-trilogie-des-j-ai-trop-de-david-lescot"
"France Culture (FR)";"FR";"2026-10-03";"""Les Malheurs de Sophie, une comédie musicale"" de Sabine Zovighian et Michael Liot - Saison 2";"https://radiofrance.fr/franceculture/podcasts/serie-les-malheurs-de-sophie-une-comedie-musicale-de-sabine-zovighian-et-michael-liot-saison-2"
"France Culture (FR)";"FR";"2026-10-03";"""Le Petit Chaperon rouge"" de Pierre Senges, d’après le conte de Charles Perrault";"https://radiofrance.fr/franceculture/podcasts/fictions-theatre-et-cie/le-petit-chaperon-rouge-concert-fiction-de-pierre-senges-d-apres-le-conte-de-charles-perrault-1991892"
"France Culture (FR)";"FR";"2026-10-03";"Le Trésor de Rackham le Rouge : les Aventures de Tintin";"https://radiofrance.fr/franceculture/podcasts/serie-le-tresor-de-rackham-le-rouge-les-aventures-de-tintin"
"France Culture (FR)";"FR";"2026-10-03";"LSD, la série documentaire";"https://radiofrance.fr/franceculture/podcasts/lsd-la-serie-documentaire"
"France Culture (FR)";"FR";"2026-10-03";"Sur le tournage d'un porno ""éthique""";"https://radiofrance.fr/franceculture/podcasts/les-pieds-sur-terre/sur-le-tournage-d-un-porno-ethique-4896878"
"France Culture (FR)";"FR";"2026-10-03";"Les Pieds sur terre";"https://radiofrance.fr/franceculture/podcasts/les-pieds-sur-terre"
"France Culture (FR)";"FR";"2026-10-03";"La cavale de l'urne électorale";"https://radiofrance.fr/franceculture/podcasts/les-pieds-sur-terre/la-cavale-de-l-urne-electorale-5859915"
"France Culture (FR)";"FR";"2026-10-03";"En trouple";"https://radiofrance.fr/franceculture/podcasts/les-pieds-sur-terre/en-trouple-6905943"
"France Culture (FR)";"FR";"2026-10-03";"Avenue Jean Moulin : Guerchy";"https://radiofrance.fr/franceculture/podcasts/les-pieds-sur-terre/avenue-jean-moulin-1-guerchy-9229685"
"France Culture (FR)";"FR";"2026-10-03";"Héroïne, le temps des seringues";"https://radiofrance.fr/franceculture/podcasts/serie-heroine-le-temps-des-seringues"
"France Culture (FR)";"FR";"2026-10-03";"Même pas mort";"https://radiofrance.fr/franceculture/podcasts/serie-meme-pas-mort"
"France Culture (FR)";"FR";"2026-10-03";"""Les Eloignés"" de Sophie Maurer";"https://radiofrance.fr/franceculture/podcasts/serie-les-eloignes-de-sophie-maurer"
"France Culture (FR)";"FR";"2026-10-03";"Vie de chien";"https://radiofrance.fr/franceculture/podcasts/serie-vie-de-chien"
"France Culture (FR)";"FR";"2026-10-03";"Mes années Boum, une enquête algérienne";"https://radiofrance.fr/franceculture/podcasts/serie-mes-annees-boum-une-enquete-algerienne"
"France Culture (FR)";"FR";"2026-10-03";"Concert-fiction : Blanche-Neige & sortilèges";"https://radiofrance.fr/franceculture/podcasts/fictions-theatre-et-cie/concert-fiction-blanche-neige-sortileges-3143340"
"France Culture (FR)";"FR";"2026-10-03";"Le journal de ma vie";"https://radiofrance.fr/franceculture/podcasts/serie-le-journal-de-ma-vie"
"France Culture (FR)";"FR";"2026-10-03";"""L'Homme invisible"" de H. G. Wells";"https://radiofrance.fr/franceculture/podcasts/serie-l-homme-invisible-de-h-g-wells"
"France Culture (FR)";"FR";"2026-10-03";"""AfficheTonEx"" de Romain Weber et Constance Vilanova";"https://radiofrance.fr/franceculture/podcasts/serie-affichetonex-ecrit-par-romain-weber"
"France Culture (FR)";"FR";"2026-10-03";"Fureurs";"https://radiofrance.fr/franceculture/podcasts/serie-fureurs"
"France Culture (FR)";"FR";"2026-10-03";"Les free parties refusent de couper le son";"https://radiofrance.fr/franceculture/podcasts/grand-reportage/grand-reportage-emission-du-vendredi-02-octobre-2026-5890180"
"France Culture (FR)";"FR";"2026-10-03";"Grand Reportage";"https://radiofrance.fr/franceculture/podcasts/grand-reportage"
"France Culture (FR)";"FR";"2026-10-03";"Censure dans la culture : les musées sous pression";"https://radiofrance.fr/franceculture/podcasts/le-point-culture/censure-dans-la-culture-les-musees-sous-pression-9713960"
"France Culture (FR)";"FR";"2026-10-03";"Le Point culture";"https://radiofrance.fr/franceculture/podcasts/affaire-en-cours"
"France Culture (FR)";"FR";"2026-10-03";"Amélie Nothomb aime le Louvre et le post-punk";"https://radiofrance.fr/franceculture/podcasts/le-point-culture-xxl-l-agenda/amelie-nothomb-aime-les-perroquets-et-le-rock-8149541"
"France Culture (FR)";"FR";"2026-10-03";"""La Hantise"", de Jean-Philippe Toussaint";"https://radiofrance.fr/franceculture/podcasts/repliques/la-hantise-de-jean-philippe-toussaint-8644396"
"France Culture (FR)";"FR";"2026-10-03";"Répliques";"https://radiofrance.fr/franceculture/podcasts/repliques"
"France Culture (FR)";"FR";"2026-10-03";"Du désir et des sangliers, avec Sarah Arnold";"https://radiofrance.fr/franceculture/podcasts/les-artistes-de-demain/du-desir-et-des-sangliers-avec-sarah-arnold-3422301"
"France Culture (FR)";"FR";"2026-10-03";"Les Artistes de demain";"https://radiofrance.fr/franceculture/podcasts/les-artistes-de-demain"
"France Culture (FR)";"FR";"2026-10-03";"Israël : une campagne électorale à l'ombre du 7 octobre";"https://radiofrance.fr/franceculture/podcasts/affaires-etrangeres/israel-une-campagne-electorale-a-l-ombre-du-7-octobre-1907704"
"France Culture (FR)";"FR";"2026-10-03";"Affaires étrangères";"https://radiofrance.fr/franceculture/podcasts/affaires-etrangeres"
"France Culture (FR)";"FR";"2026-10-03";"Pirandello derrière ses masques";"https://radiofrance.fr/franceculture/podcasts/concordance-des-temps/pirandello-derriere-ses-masques-8517130"
"France Culture (FR)";"FR";"2026-10-03";"Concordance des temps";"https://radiofrance.fr/franceculture/podcasts/concordance-des-temps"
"France Culture (FR)";"FR";"2026-10-03";"Ces maires ruraux qui veulent garder des services publics à tout prix, malgré la baisse des dotations de l'État";"https://radiofrance.fr/franceculture/podcasts/le-reportage-de-la-redaction/le-reportage-de-la-redaction-emission-du-samedi-03-octobre-2026-4231741"
"France Culture (FR)";"FR";"2026-10-03";"Le Reportage de la rédaction";"https://radiofrance.fr/franceculture/podcasts/le-reportage-de-la-redaction"
"France Culture (FR)";"FR";"2026-10-03";"Blocage des lycées : plus de 400 établissements fermés";"https://radiofrance.fr/franceculture/podcasts/journal-de-12h30/blocage-des-lycees-plus-de-400-etablissements-fermes-6940944"
"France Culture (FR)";"FR";"2026-10-03";"Journal de 12h30";"https://radiofrance.fr/franceculture/podcasts/journal-de-12h30"
"France Culture (FR)";"FR";"2026-10-03";"Reconstruire le territoire après une catastrophe naturelle : le cas de Saint-Martin";"https://radiofrance.fr/franceculture/podcasts/les-chantiers-de-la-recherche/reconstruire-le-territoire-apres-une-catastrophe-naturelle-le-cas-de-saint-martin-8461647"
"France Culture (FR)";"FR";"2026-10-03";"Les Chantiers de la recherche";"https://radiofrance.fr/franceculture/podcasts/les-chantiers-de-la-recherche"
"France Culture (FR)";"FR";"2026-10-03";"Baguettes et controverses : l’histoire mouvementée du pain blanc en France";"https://radiofrance.fr/franceculture/podcasts/les-chantiers-de-la-recherche/baguettes-et-controverses-l-histoire-mouvementee-du-pain-blanc-en-france-1442854"
"France Culture (FR)";"FR";"2026-10-03";"Les peintres écrivains 10/10 : Jean Dubuffet, 2ème Partie";"https://radiofrance.fr/franceculture/podcasts/les-nuits-de-france-culture/les-peintres-ecrivains-10-10-jean-dubuffet-2eme-partie-3945281"
"France Culture (FR)";"FR";"2026-10-03";"Les Nuits de France Culture";"https://radiofrance.fr/franceculture/podcasts/les-nuits-de-france-culture"
"France Culture (FR)";"FR";"2026-10-03";"Faux et usage de faux";"https://radiofrance.fr/franceculture/podcasts/les-mysteres-des-lieux/faux-et-usage-de-faux-9433552"
"France Culture (FR)";"FR";"2026-10-03";"Louis-Philippe réinvente le Moyen Âge";"https://radiofrance.fr/franceculture/podcasts/les-mysteres-des-lieux/louis-philippe-reinvente-le-moyen-age-8941186"
"France Culture (FR)";"FR";"2026-10-03";"Les peintres écrivains 9/10 : Jean Dubuffet, 1ère Partie";"https://radiofrance.fr/franceculture/podcasts/les-nuits-de-france-culture/les-peintres-ecrivains-9-10-jean-dubuffet-1ere-partie-3923539"
"ARTE (FR)";"FR";"2026-10-03";"Guide TV";"https://www.arte.tv/fr/guide/"
"ARTE (FR)";"FR";"2026-10-03";"[Vidéo/Article] Amours Solitaires";"https://www.arte.tv/fr/videos/RC-019324/amours-solitaires/"
"ARTE (FR)";"FR";"2026-10-03";"Amours solitairesUne série inspirée du compte Instagram de Morgane OrtinReconquérir son ex, c’est… compliqué, surtout quand on est parti à l’étranger sans lui donner de nouvelles.Série";"https://www.arte.tv/fr/videos/RC-019324/amours-solitaires/"
"ARTE (FR)";"FR";"2026-10-03";"Regarder";"https://www.arte.tv/fr/videos/RC-019324/amours-solitaires/"
"ARTE (FR)";"FR";"2026-10-03";"Info";"https://www.arte.tv/fr/videos/info-et-societe/"
"ARTE (FR)";"FR";"2026-10-03";"Documentaires";"https://www.arte.tv/fr/videos/documentaires-et-reportages/"
"ARTE (FR)";"FR";"2026-10-03";"Séries";"https://www.arte.tv/fr/videos/series-et-fictions/"
"ARTE (FR)";"FR";"2026-10-03";"Émissions";"https://www.arte.tv/fr/videos/emissions/"
"ARTE (FR)";"FR";"2026-10-03";"Concert";"https://www.arte.tv/fr/videos/135044-000-A/catherine-ringer-chante-les-rita-mitsouko/"
"ARTE (FR)";"FR";"2026-10-03";"Hommage à Catherine RingerSon concert à la Philharmonie de ParisHommage à la légende de la pop hexagonale disparue ce 14 septembre. Replongez dans l'univers des Rita Mitsouko, capté en 2019.101 minConcert";"https://www.arte.tv/fr/videos/135044-000-A/catherine-ringer-chante-les-rita-mitsouko/"
"ARTE (FR)";"FR";"2026-10-03";"Regarder";"https://www.arte.tv/fr/videos/135044-000-A/catherine-ringer-chante-les-rita-mitsouko/"
"ARTE (FR)";"FR";"2026-10-03";"Bande-annonce";"https://www.arte.tv/fr/videos/135044-000-A/?trailer=true"
"ARTE (FR)";"FR";"2026-10-03";"Concert";"https://www.arte.tv/fr/videos/132676-000-A/raye-guests/"
"ARTE (FR)";"FR";"2026-10-03";"Raye & guestsAu Montreux Jazz Festival 2026À l'occasion de la 60e édition du Montreux Jazz Festival, Raye invite sur scène plusieurs stars internationales de la pop.115 minConcertSous-titres. Sous-titresVersion originale. Version originale";"https://www.arte.tv/fr/videos/132676-000-A/raye-guests/"
"ARTE (FR)";"FR";"2026-10-03";"Regarder";"https://www.arte.tv/fr/videos/132676-000-A/raye-guests/"
"ARTE (FR)";"FR";"2026-10-03";"Bande-annonce";"https://www.arte.tv/fr/videos/132676-000-A/?trailer=true"
"ARTE (FR)";"FR";"2026-10-03";"Concert";"https://www.arte.tv/fr/videos/134165-001-A/yael-naim-orange-blossom-et-robinson-khoury/"
"ARTE (FR)";"FR";"2026-10-03";"Les Concerts VolantsNouvelle soirée tout en couleursYael Naim, Orange Blossom et Robinson Khoury : trois univers musicaux métissés pour ce voyage avec les Concerts Volants.94 minConcert";"https://www.arte.tv/fr/videos/134165-001-A/yael-naim-orange-blossom-et-robinson-khoury/"
"ARTE (FR)";"FR";"2026-10-03";"Regarder";"https://www.arte.tv/fr/videos/134165-001-A/yael-naim-orange-blossom-et-robinson-khoury/"
"ARTE (FR)";"FR";"2026-10-03";"Série";"https://www.arte.tv/fr/videos/RC-024574/de-grace/"
"ARTE (FR)";"FR";"2026-10-03";"De grâceAvec Olivier Gourmet et Panayotis PascotUne tragédie familiale dans l’univers des dockers du Havre. Avec Olivier Gourmet.Série";"https://www.arte.tv/fr/videos/RC-024574/de-grace/"
"ARTE (FR)";"FR";"2026-10-03";"Regarder";"https://www.arte.tv/fr/videos/RC-024574/de-grace/"
"ARTE (FR)";"FR";"2026-10-03";"Bande-annonce";"https://www.arte.tv/fr/videos/RC-024574/?trailer=true"
"ARTE (FR)";"FR";"2026-10-03";"Concert";"https://www.arte.tv/fr/videos/133232-004-A/marguerite/"
"ARTE (FR)";"FR";"2026-10-03";"MargueriteLa révélation pop au Cabaret VertRévélée par la Star Academy, Marguerite livre une performance mêlant sensibilité, franchise et espièglerie.52 minConcert";"https://www.arte.tv/fr/videos/133232-004-A/marguerite/"
"ARTE (FR)";"FR";"2026-10-03";"Regarder";"https://www.arte.tv/fr/videos/133232-004-A/marguerite/"
"ARTE (FR)";"FR";"2026-10-03";"Concert";"https://www.arte.tv/fr/videos/133654-000-A/selah-sue-and-the-gallands/"
"ARTE (FR)";"FR";"2026-10-03";"Selah Sue and the GallandsSession en plein air au lac LémanPour sa 60e édition, le Montreux Jazz Festival dévoile une session live d’exception avec Selah Sue & The Gallands. 34 minConcert";"https://www.arte.tv/fr/videos/133654-000-A/selah-sue-and-the-gallands/"
"ARTE (FR)";"FR";"2026-10-03";"Regarder";"https://www.arte.tv/fr/videos/133654-000-A/selah-sue-and-the-gallands/"
"ARTE (FR)";"FR";"2026-10-03";"Votre prochaine série vous attend";"https://www.arte.tv/fr/videos/series-et-fictions/"
"ARTE (FR)";"FR";"2026-10-03";"Voir tout";"https://www.arte.tv/fr/videos/series-et-fictions/"
"ARTE (FR)";"FR";"2026-10-03";"Nos films à l'affiche";"https://www.arte.tv/fr/videos/cinema/"
"ARTE (FR)";"FR";"2026-10-03";"Voir tout";"https://www.arte.tv/fr/videos/cinema/"
"ARTE (FR)";"FR";"2026-10-03";"Les documentaires à ne pas manquer";"https://www.arte.tv/fr/videos/documentaires-et-reportages/"
"ARTE (FR)";"FR";"2026-10-03";"Voir tout";"https://www.arte.tv/fr/videos/documentaires-et-reportages/"
"ARTE (FR)";"FR";"2026-10-03";"Les expos de l'automne";"https://www.arte.tv/fr/videos/RC-028320/les-expos-de-la-rentree/"
"ARTE (FR)";"FR";"2026-10-03";"Voir tout";"https://www.arte.tv/fr/videos/RC-028320/les-expos-de-la-rentree/"
"ARTE (FR)";"FR";"2026-10-03";"Israël : pleins feux sur un pays fracturé";"https://www.arte.tv/fr/videos/RC-028278/"
"ARTE (FR)";"FR";"2026-10-03";"Voir tout";"https://www.arte.tv/fr/videos/RC-028278/"
"ARTE (FR)";"FR";"2026-10-03";"Culture";"https://www.arte.tv/fr/videos/culture-et-pop/"
"ARTE (FR)";"FR";"2026-10-03";"Voir tout";"https://www.arte.tv/fr/videos/culture-et-pop/"
"ARTE (FR)";"FR";"2026-10-03";"Nos émissions en un coup d'œil";"https://www.arte.tv/fr/videos/emissions/"
"ARTE (FR)";"FR";"2026-10-03";"Voir tout";"https://www.arte.tv/fr/videos/emissions/"
"ARTE (FR)";"FR";"2026-10-03";"Histoire";"https://www.arte.tv/fr/videos/histoire/"
"ARTE (FR)";"FR";"2026-10-03";"Voir tout";"https://www.arte.tv/fr/videos/histoire/"
"ARTE (FR)";"FR";"2026-10-03";"Sciences et technologies";"https://www.arte.tv/fr/videos/sciences/"
"ARTE (FR)";"FR";"2026-10-03";"Voir tout";"https://www.arte.tv/fr/videos/sciences/"
"ARTE (FR)";"FR";"2026-10-03";"Les vidéos les plus vues";"https://www.arte.tv/fr/videos/plus-vues/"
"ARTE (FR)";"FR";"2026-10-03";"Voir tout";"https://www.arte.tv/fr/videos/plus-vues/"
"ARTE (FR)";"FR";"2026-10-03";"Catastrophe - Une série british sur les affres du couple";"https://www.arte.tv/fr/videos/RC-027959/catastrophe/"
"ARTE (FR)";"FR";"2026-10-03";"Taxe-moi, si tu peux ! - Les astuces fiscales des super-riches";"https://www.arte.tv/fr/videos/RC-027810/taxe-moi-si-tu-peux/"
"Time Magazine World (EN)";"EN";"2026-10-03";"What Trump Has Built";"https://time.com/article/2026/10/01/donald-trump-2026-interview/"
"Time Magazine World (EN)";"EN";"2026-10-03";"Fact-Checking What Trump Said in His Latest TIME Interview";"https://time.com/article/2026/10/01/donald-trump-2026-interview-fact-check/"
"Time Magazine World (EN)";"EN";"2026-10-03";"The System That Failed Cornell’s Jane Doe";"https://time.com/article/2026/10/02/the-system-that-failed-cornell-jane-doe/"
"Time Magazine World (EN)";"EN";"2026-10-03";"Why Are Students Protesting Across France?";"https://time.com/article/2026/10/02/france-student-protests-arrests-injuries-school-closures/"
"Time Magazine World (EN)";"EN";"2026-10-03";"Trump Is Being Accused of Interfering in Brazil's Election. Here's Why";"https://time.com/article/2026/10/01/trump-brazil-election-interference-accusations-lula-bolsonaro-tensions/"
"Time Magazine World (EN)";"EN";"2026-10-03";"What the Flydubai Incident Reveals About When a Pilot Becomes the Threat";"https://time.com/article/2026/10/01/flydubai-incident-dubai-israel-cockpit-pilot-stabbing-plane-crash-attempt/"
"Time Magazine World (EN)";"EN";"2026-10-03";"What to Know About the Dengue Outbreak in the U.S.";"https://time.com/article/2026/10/02/what-to-know-about-dengue-outbreak-florida-mosquito/"
"Time Magazine World (EN)";"EN";"2026-10-03";"TIME100 Next 2026";"https://time.com/collection/time100-next/2026/"
"Time Magazine World (EN)";"EN";"2026-10-03";"Walking Faster May Help Reverse Frailty";"https://time.com/article/2026/09/30/walking-briskly-may-help-reverse-frailty/"
"Time Magazine World (EN)";"EN";"2026-10-03";"Flying Doesn’t Have to Be This Miserable";"https://time.com/article/2026/09/29/flying-doesn-t-have-to-be-this-miserable/"
"Time Magazine World (EN)";"EN";"2026-10-03";"'Tip Toe' Captures a World Gone Mad: Review";"https://time.com/article/2026/10/01/tip-toe-review-starz/"
"Time Magazine World (EN)";"EN";"2026-10-03";"The True Story Behind 'Atonement'";"https://time.com/article/2026/09/28/atonement-true-story-iraq-war/"
"Time Magazine World (EN)";"EN";"2026-10-03";"TIME100 Next 2026TIME100 Next 2026";"https://time.com/collection/time100-next/2026/"
"Time Magazine World (EN)";"EN";"2026-10-03";"Swizz Beatz and Alicia Keys";"https://time.com/collection/time100-art/2026/alicia-keys-and-swizz-beatz/"
"Time Magazine World (EN)";"EN";"2026-10-03";"Money Reveals What Kind of Friend You Are";"https://time.com/article/2026/09/28/money-reveals-what-kind-of-friend-you-are/"
"Time Magazine World (EN)";"EN";"2026-10-03";"The Case Against Pacing the AI Frontier";"https://time.com/article/2026/09/28/the-case-against-pacing-the-ai-frontier/"
"Time Magazine World (EN)";"EN";"2026-10-03";"How the War is Changing the Geography of Iran’s Influence";"https://time.com/article/2026/09/29/iran-war-houthis-red-sea-chokepoints-regional-influence/"
"Time Magazine World (EN)";"EN";"2026-10-03";"TIME100 Next 2026: The World's Most Influential Rising Stars";"https://time.com/collection/time100-next/2026/"
"Time Magazine World (EN)";"EN";"2026-10-03";"The Next Generation of Weight-Loss Drugs Is Almost Here";"https://time.com/article/2026/10/01/next-generation-of-weight-loss-drugs-is-almost-here/"
"Time Magazine World (EN)";"EN";"2026-10-03";"How to Talk to Your Child About Body Image";"https://time.com/article/2026/09/30/what-to-say-child-body-image/"
"Time Magazine World (EN)";"EN";"2026-10-03";"Children Are Back in School. Measles Is, Too";"https://time.com/article/2026/09/30/children-are-back-in-school-measles-is-too-debra-houry-essay/"
"Time Magazine World (EN)";"EN";"2026-10-03";"Eli Lilly’s Experimental Weight-Loss Drug Shows Promising Results";"https://time.com/article/2026/09/29/eli-lilly-triple-targeting-experimental-weight-loss-drug-promising-results/"
"Time Magazine World (EN)";"EN";"2026-10-03";"Six Flags Closes Its X2 Roller Coaster After Brain-Injury Lawsuits";"https://time.com/article/2026/09/29/six-flags-x2-roller-coaster-linked-to-brain-damage/"
"Time Magazine World (EN)";"EN";"2026-10-03";"How 'East of Eden' Rescues Cathy From Evil";"https://time.com/article/2026/10/02/east-of-eden-netflix-cathy/"
"Time Magazine World (EN)";"EN";"2026-10-03";"The True Story Behind 'The Widower'";"https://time.com/article/2026/09/28/the-widower-thomas-randolph-netflix/"
"Time Magazine World (EN)";"EN";"2026-10-03";"The First Worthwhile 'Carrie' in 50 Years";"https://time.com/article/2026/10/01/carrie-mike-flanagan-review/"
"Time Magazine World (EN)";"EN";"2026-10-03";"The Story of 'The Swan: Behind the Mirror'";"https://time.com/article/2026/09/28/the-swan-behind-the-mirror-true-story/"
"Time Magazine World (EN)";"EN";"2026-10-03";"Tom Cruise Bloviates His Way Through the Aggressively Unfunny Digger";"https://time.com/article/2026/09/29/digger-review/"
"Time Magazine World (EN)";"EN";"2026-10-03";"Awe in the Age of AI";"https://time.com/article/2026/10/02/awe-in-the-age-of-ai/"
"Time Magazine World (EN)";"EN";"2026-10-03";"Why the U.S. Must Simultaneously Compete—and Cooperate—With China on AI";"https://time.com/article/2026/10/01/the-u-s-must-compete-and-cooperate-with-china-on-ai/"
"Time Magazine World (EN)";"EN";"2026-10-03";"How Google Is Quietly Turning Millions of People Into AI Users";"https://time.com/article/2026/09/29/google-search-ai-mode-chat/"
"Time Magazine World (EN)";"EN";"2026-10-03";"The Fight to Rein In AI Is Dividing Washington";"https://time.com/article/2026/09/25/ai-congress-regulation-safety-democrats-republicans/"
"Time Magazine World (EN)";"EN";"2026-10-03";"Trump and Xi Meet Ahead of State Dinner With A.I. Leaders";"https://time.com/article/2026/09/24/Trump-Xi-meeting-White-House-2026-AI-trade-Iran/"
"Time Magazine World (EN)";"EN";"2026-10-03";"AI Arrived at the Worst Possible Moment";"https://time.com/article/2026/09/24/ai-arrived-at-the-worst-possible-moment/"
"Time Magazine World (EN)";"EN";"2026-10-03";"Europe’s Approach to Climate Change Is Entering a New Era";"https://time.com/article/2026/10/02/europe-s-approach-to-climate-is-entering-a-new-era/"
"Time Magazine World (EN)";"EN";"2026-10-03";"How Does Climate Change Impact Nor'easters?";"https://time.com/article/2026/09/25/climate-change-nor-easters/"
"Time Magazine World (EN)";"EN";"2026-10-03";"Everyone's Still Talking About Climate Change, Actually";"https://time.com/article/2026/09/25/new-york-climate-week/"
"Time Magazine World (EN)";"EN";"2026-10-03";"How To Help Pollinators Survive Winter";"https://time.com/article/2026/09/24/fall-yard-cleanup-pollinators-winter/"
"Time Magazine World (EN)";"EN";"2026-10-03";"Why California Declared a State of Emergency Due to El Niño";"https://time.com/article/2026/09/23/california-state-of-emergency-el-nino/"
"Time Magazine World (EN)";"EN";"2026-10-03";"Hurricane Polo Intensifies Off Mexico’s Coast";"https://time.com/article/2026/09/23/hurricane-polo-natural-disaster-el-nino-weather-mexico/"
"Time Magazine World (EN)";"EN";"2026-10-03";"The Past Decade’s Emissions Are Driving Worse Heat Waves in Europe";"https://time.com/article/2026/09/22/emissions-paris-agreement-europe-heat-waves-study/"
"Icilome (FR)";"FR";"2026-10-03";"Togo-Russie : Lomé et Moscou élargissent leur partenariat aux mines et à l’énergie";"https://icilome.com/2026/10/togo-russie-lome-et-moscou-elargissent-leur-partenariat-aux-mines-et-a-lenergie/"
"Icilome (FR)";"FR";"2026-10-03";"Togo- Kara : 27 milliards s’ajoutent aux autres milliards déjà investis dans la recherche d’eau potable";"https://icilome.com/2026/10/togo-kara-27-milliards-sajoutent-aux-autres-milliards-deja-investis-dans-la-recherche-deau-potable/"
"Icilome (FR)";"FR";"2026-10-03";"Dr Charles BIRREGAH élu Vice-Président de la Conférence Régionale des Recteurs de l’AUF pour l’Afrique de l’Ouest";"https://icilome.com/2026/10/dr-charles-birregah-elu-vice-president-de-la-conference-regionale-des-recteurs-de-lauf-pour-lafrique-de-louest/"
"Icilome (FR)";"FR";"2026-10-03";"Tribune | Togo- Emploi, entrepreneuriat, formation : des programmes existent, mais les résultats sont-ils à la hauteur des attentes ?";"https://icilome.com/2026/09/tribune-togo-emploi-entrepreneuriat-formation-des-programmes-existent-mais-les-resultats-sont-ils-a-la-hauteur-des-attentes/"
"Icilome (FR)";"FR";"2026-10-03";"Mali : Amnesty International accuse l’armée et Wagner de crimes de guerre contre des civils";"https://icilome.com/2026/09/141120/"
"Icilome (FR)";"FR";"2026-10-03";"Résumé analytique d’un extrait de l’interview de Yaouza Ouro-Sama";"https://icilome.com/2026/10/resume-analytique-dun-extrait-de-linterview-de-yaouza-ouro-sama/"
"Icilome (FR)";"FR";"2026-10-03";"Togo : Paix sans démocratie, se mentir";"https://icilome.com/2026/10/togo-paix-sans-democratie-se-mentir/"
"Icilome (FR)";"FR";"2026-10-03";"Togo – Eau potable : à Kara, la bataille se joue d’abord sur le terrain";"https://icilome.com/2026/10/togo-eau-potable-a-kara-la-bataille-se-joue-dabord-sur-le-terrain/"
"Icilome (FR)";"FR";"2026-10-03";"Togo- Racket : le ministère de la Sécurité ouvre une ligne directe, le 1014";"https://icilome.com/2026/10/togo-racket-le-ministere-de-la-securite-ouvre-une-ligne-directe-le-1014/"
"Icilome (FR)";"FR";"2026-10-03";"Togo- CHU Sylvanus Olympio : à la morgue, les oubliés attendent toujours";"https://icilome.com/2026/10/togo-chu-sylvanus-olympio-a-la-morgue-les-oublies-attendent-toujours/"
"Icilome (FR)";"FR";"2026-10-03";"Nord du Togo : le colonel N’Guwaki prend Koundjoaré sous la pression des incursions";"https://icilome.com/2026/10/nord-du-togo-le-colonel-nguwaki-prend-koundjoare-sous-la-pression-des-incursions/"
"Icilome (FR)";"FR";"2026-10-03";"Togo- Anié : le plus grand magasin du marché réduit en cendre";"https://icilome.com/2026/09/togo-anie-le-plus-grand-magasin-du-marche-reduit-en-cendre/"
"Icilome (FR)";"FR";"2026-10-03";"Togo – BAC annulé pour trois candidats, comment le pouvoir encourage l’immoralité";"https://icilome.com/2026/09/togo-bac-annule-pour-trois-candidats-comment-le-pouvoir-encourage-limmoralite/"
"Icilome (FR)";"FR";"2026-10-03";"Togo – Noces de cristal du SYNJIT : hommage aux pionniers et cap sur l’avenir";"https://icilome.com/2026/09/togo-noces-de-cristal-du-synjit-hommage-aux-pionniers-et-cap-sur-lavenir/"
"Icilome (FR)";"FR";"2026-10-03";"Togo – SYNJIT : 15 ans d’engagement syndical, un webinaire pour remobiliser les journalistes togolais";"https://icilome.com/2026/08/togo-synjit-15-ans-dengagement-syndical-un-webinaire-pour-remobiliser-les-journalistes-togolais/"
"Icilome (FR)";"FR";"2026-10-03";"Édito- Au Togo, on n’arrête plus les voleurs, on arrête les vendeurs de journaux";"https://icilome.com/2026/08/edito-au-togo-on-narrete-plus-les-voleurs-on-arrete-les-vendeurs-de-journaux/"
"Icilome (FR)";"FR";"2026-10-03";"Togo- Le PPT dénonce une « caporalisation » de la presse après l’interpellation musclée d’un vendeur de journaux";"https://icilome.com/2026/08/togo-le-ppt-denonce-une-caporalisation-de-la-presse-apres-linterpellation-musclee-dun-vendeur-de-journaux/"
"Icilome (FR)";"FR";"2026-10-03";"Oration On Liberty! Addressed to the People and Governors of Togo";"https://icilome.com/2026/07/oration-on-liberty-addressed-to-the-people-and-governors-of-togo/"
"Icilome (FR)";"FR";"2026-10-03";"Togo- Le SYNJIT prépare ses 15 ans avec de nouvelles cartes de membres";"https://icilome.com/2026/07/togo-le-synjit-prepare-ses-15-ans-avec-de-nouvelles-cartes-de-membres/"
"Icilome (FR)";"FR";"2026-10-03";"Video: Abdoul Aziz Goma Addresses the UN on Repression in Togo";"https://icilome.com/2026/03/video-abdoul-aziz-goma-addresses-the-un-on-repression-in-togo/"
"Icilome (FR)";"FR";"2026-10-03";"Togo – Enquête, pressions et refus de l’exil : le message fort de Roger Amemavoh (Vidéo)";"https://icilome.com/2026/02/togo-enquete-pressions-et-refus-de-lexil-le-message-fort-de-roger-amemavor-video/"
"Icilome (FR)";"FR";"2026-10-03";"Bénin : Le président Talon s’adresse à la nation après la tentative de coup d’État (vidéo)";"https://icilome.com/2025/12/benin-le-president-talon-sadresse-a-la-nation-apres-la-tentative-de-coup-detat-video/"
"Icilome (FR)";"FR";"2026-10-03";"Yves Edoh Agbodjan, alias Togbevi Kpéssé précise les objectifs de la délégation du M66 à New York (Interview)";"https://icilome.com/2025/09/yves-edoh-agbodjan-alias-togbevi-kpesse-precise-les-objectifs-de-la-delegation-du-m66-a-new-york-interview/"
"Icilome (FR)";"FR";"2026-10-03";"Vidéo – Le MO5 rejoint l’appel à la mobilisation du 30 août au Togo";"https://icilome.com/2025/08/video-le-mo5-rejoint-lappel-a-la-mobilisation-du-30-aout-au-togo/"
"Icilome (FR)";"FR";"2026-10-03";"Togo- Agression au siège de la CDPA : pour Adjamagbo-Johnson, l’enquête s’est bloquée après la promotion de l’officier chargé du dossier";"https://icilome.com/2026/09/togo-agression-au-siege-de-la-cdpa-pour-adjamagbo-johnson-lenquete-sest-bloquee-apres-la-promotion-de-lofficier-charge-du-dossier/"
"Icilome (FR)";"FR";"2026-10-03";"Agoè-Fidokpui : Poteaux et câbles électriques abandonnés au milieu d’un marché inauguré aujourd’hui";"https://icilome.com/2026/09/agoe-fidokpui-poteaux-et-cables-electriques-abandonnes-au-milieu-dun-marche-inaugure-aujourdhui/"
"Icilome (FR)";"FR";"2026-10-03";"Agression de journalistes en septembre 2024 : le PPT s’interroge sur l’indifférence du gouvernement";"https://icilome.com/2026/09/agression-de-journalistes-en-septembre-2024-le-ppt-sinterroge-sur-lindifference-du-gouvernement/"
"Icilome (FR)";"FR";"2026-10-03";"Togo : Mme Kafui Adjamagbo-Johnson, pourquoi elle ne démissionne pas de l’Assemblée… pour l’instant";"https://icilome.com/2026/09/togo-mme-kafui-adjamagbo-johnson-pourquoi-elle-ne-demissionne-pas-de-lassemblee/"
"Icilome (FR)";"FR";"2026-10-03";"Togo- 29 septembre 2024 : deux ans après, les journalistes agressés au siège de la CDPA attendent toujours des réponses";"https://icilome.com/2026/09/togo-29-septembre-2024-deux-ans-apres-les-journalistes-agresses-au-siege-de-la-cdpa-attendent-toujours-des-reponses/"
"Icilome (FR)";"FR";"2026-10-03";"Togo- Eau potable : Kara lance un chantier pour près de 200 000 personnes";"https://icilome.com/2026/09/togo-eau-potable-kara-lance-un-chantier-pour-pres-de-200-000-personnes/"
"Icilome (FR)";"FR";"2026-10-03";"« Correct the Map » : Dussey, Bishop Donald et Blessing OR fêtent la victoire";"https://icilome.com/2026/09/correct-the-map-dussey-bishop-donald-et-blessing-or-fetent-la-victoire/"
"Icilome (FR)";"FR";"2026-10-03";"Après la mobilisation de New York, la DMK ORIGINALE appelle à l’unité des forces démocratiques togolaises";"https://icilome.com/2026/09/apres-la-mobilisation-de-new-york-la-dmk-originale-appelle-a-lunite-des-forces-democratiques-togolaises/"
"Icilome (FR)";"FR";"2026-10-03";"Africa Next Bénévolat : les lauréats des Africa Next Awards s’engagent à accompagner 100 PME africaines";"https://icilome.com/2026/09/africa-next-benevolat-les-laureats-des-africa-next-awards-sengagent-a-accompagner-100-pme-africaines/"
"Icilome (FR)";"FR";"2026-10-03";"CreaConnex 2026 : les créateurs de contenu appelés à mieux structurer leur activité";"https://icilome.com/2026/09/creaconnex-2026-les-createurs-de-contenu-appeles-a-mieux-structurer-leur-activite/"
"Icilome (FR)";"FR";"2026-10-03";"Togo : à Tchamba, 473 patients attendent l’aboutissement d’une mission chirurgicale gratuite";"https://icilome.com/2026/09/togo-a-tchamba-473-patients-attendent-laboutissement-dune-mission-chirurgicale-gratuite/"
"Icilome (FR)";"FR";"2026-10-03";"Togo – Hongrie : vers une accélération des projets communs dans l’eau et l’assainissement";"https://icilome.com/2026/09/togo-hongrie-vers-une-acceleration-des-projets-communs-dans-leau-et-lassainissement/"
"Icilome (FR)";"FR";"2026-10-03";"Comment le Togo s’écroule tout seul";"https://icilome.com/2026/09/comment-le-togo-secroule-tout-seul/"
"Icilome (FR)";"FR";"2026-10-03";"Le carburant a monté, la santé est descendue";"https://icilome.com/2026/09/le-carburant-a-monte-la-sante-est-descendue/"
"Icilome (FR)";"FR";"2026-10-03";"Togo- Kégué a retrouvé ses Éperviers, et les Éperviers ont retrouvé leur public";"https://icilome.com/2026/09/togo-kegue-a-retrouve-ses-eperviers-et-les-eperviers-ont-retrouve-leur-public/"
"Icilome (FR)";"FR";"2026-10-03";"Togo- Précarité des journalistes du privé: Le cri d’alarme du SYNJIT auprès des Nations Unies";"https://icilome.com/2026/09/togo-precarite-des-journalistes-du-prive-le-cri-dalarme-du-synjit-aupres-des-nations-unies/"
"Icilome (FR)";"FR";"2026-10-03";"Personnes sourdes au Togo : L’AST réclame des droits accessibles dans les faits";"https://icilome.com/2026/09/personnes-sourdes-au-togo-last-reclame-des-droits-accessibles-dans-les-faits/"
"Icilome (FR)";"FR";"2026-10-03";"Togo- Savanes, une bombe sociale : autochtones et réfugiés burkinabé se disputent les ressources limitées";"https://icilome.com/2026/09/togo-savanes-une-bombe-sociale-autochtones-et-refugies-burkinabe-se-disputent-les-ressources-limitees/"
"Icilome (FR)";"FR";"2026-10-03";"Nationale N°1/Après l’ultimatum : A quand le démarrage des travaux ?";"https://icilome.com/2026/09/nationale-n1-apres-lultimatum-a-quand-le-demarrage-des-travaux/"
"Icilome (FR)";"FR";"2026-10-03";"Togo- Vers quelle destination nous conduit-on ?";"https://icilome.com/2026/09/togo-vers-quelle-destination-nous-conduit-on/"
"Icilome (FR)";"FR";"2026-10-03";"Togo – Burundi : Les Éperviers appelés à étouffer les Hirondelles d’entrée";"https://icilome.com/2026/09/togo-burundi-les-eperviers-appeles-a-etouffer-les-hirondelles-dentree/"
"Icilome (FR)";"FR";"2026-10-03";"Chine-Togo : 54 ans de relations diplomatiques célébrés à Lomé";"https://icilome.com/2026/09/chine-togo-54-ans-de-relations-diplomatiques-celebres-a-lome/"
"Icilome (FR)";"FR";"2026-10-03";"Cherté des soins dans les hôpitaux publics face au droit  à la santé au Togo";"https://icilome.com/2026/09/cherte-des-soins-dans-les-hopitaux-publics-face-au-droit-a-la-sante-au-togo/"
"Icilome (FR)";"FR";"2026-10-03";"Togo- Prof. Kadanga Beketi :  « Les opinions politiques, religieuses ou sociales d’un patient ne peuvent pas constituer un motif de refus de soins »";"https://icilome.com/2026/09/togo-prof-kadanga-beketi-les-opinions-politiques-religieuses-ou-sociales-dun-patient-ne-peuvent-pas-constituer-un-motif-de-refus-de-soins/"
"Icilome (FR)";"FR";"2026-10-03";"Togo – 40 ans après, le devoir de mémoire";"https://icilome.com/2026/09/togo-40-ans-apres-le-devoir-de-memoire/"
"Icilome (FR)";"FR";"2026-10-03";"Togo – OTR : 155 véhicules seront mis aux enchères au PAL";"https://icilome.com/2026/09/togo-otr-155-vehicules-seront-mis-aux-encheres-au-pal/"
"Icilome (FR)";"FR";"2026-10-03";"Tribune – Épilogue | L’Ordre a parlé : Quand la déontologie a le dernier mot sur la menace";"https://icilome.com/2026/09/tribune-epilogue-lordre-a-parle-quand-la-deontologie-a-le-dernier-mot-sur-la-menace/"
"Icilome (FR)";"FR";"2026-10-03";"Robert Dussey sur la présence des “mercenaires russes” au Togo";"https://icilome.com/2026/09/robert-dussey-sur-la-presence-des-mercenaires-russes-au-togo/"
"Icilome (FR)";"FR";"2026-10-03";"Laissons le livre d’Orélien faire le même chemin";"https://icilome.com/2026/09/laissons-le-livre-dorelien-faire-le-meme-chemin/"
"Icilome (FR)";"FR";"2026-10-03";"Togo- Aéroport de Lomé : l’espace duty free cédé à un privé";"https://icilome.com/2026/09/togo-aeroport-de-lome-lespace-duty-free-cede-a-un-prive/"
"Icilome (FR)";"FR";"2026-10-03";"Togo – L’Ordre des médecins interpellé après des propos controversés de Mme Myriam Dossou-d’Almeida";"https://icilome.com/2026/09/togo-lordre-des-medecins-interpelle-apres-des-propos-controverses-de-mme-myriam-dossou-dalmeida/"
"Icilome (FR)";"FR";"2026-10-03";"Togo – Trois mois après le cambriolage de son cabinet, aucune avancée dans l’enquête sur Me Bokodjin";"https://icilome.com/2026/09/togo-trois-mois-apres-le-cambriolage-de-son-cabinet-aucune-avancee-dans-lenquete-sur-me-bokodjin/"
"Icilome (FR)";"FR";"2026-10-03";"Togo-Russie : Lomé accueille la première commission mixte intergouvernementale du 29 septembre au 1er octobre";"https://icilome.com/2026/09/togo-russie-lome-accueille-la-premiere-commission-mixte-intergouvernementale-du-29-septembre-au-1er-octobre/"
"Icilome (FR)";"FR";"2026-10-03";"Togo : la HARC muscle son dialogue avec les créateurs de contenus, entre pédagogie et encadrement publicitaire";"https://icilome.com/2026/09/togo-la-harc-muscle-son-dialogue-avec-les-createurs-de-contenus-entre-pedagogie-et-encadrement-publicitaire/"
"Icilome (FR)";"FR";"2026-10-03";"Togo- Fraude au bac : cinq ans de suspension pour deux agents d’un centre d’écrit à Tabligbo";"https://icilome.com/2026/09/togo-fraude-au-bac-cinq-ans-de-suspension-pour-deux-agents-dun-centre-decrit-a-tabligbo/"
"Icilome (FR)";"FR";"2026-10-03";"Togo – Le pouvoir togolais a plusieurs cordes à son arc";"https://icilome.com/2026/09/togo-le-pouvoir-togolais-a-plusieurs-cordes-a-son-arc/"
"Icilome (FR)";"FR";"2026-10-03";"Togo- Invité à Lomé pour un « accord de paix », le rebelle tchadien Luc Beyam finit en garde à vue pour dette d’hôtel";"https://icilome.com/2026/09/togo-invite-a-lome-pour-un-accord-de-paix-le-rebelle-tchadien-luc-beyam-finit-en-garde-a-vue-pour-dette-dhotel/"
"Icilome (FR)";"FR";"2026-10-03";"Togo- Biologie médicale : La qualité des diagnostics passe aussi par les équipements et les normes";"https://icilome.com/2026/09/togo-biologie-medicale-la-qualite-des-diagnostics-passe-aussi-par-les-equipements-et-les-normes/"
"Icilome (FR)";"FR";"2026-10-03";"Quelle démocratie pour l’Afrique aujourd’hui ?";"https://icilome.com/2026/09/quelle-democratie-pour-lafrique-aujourdhui/"
"Icilome (FR)";"FR";"2026-10-03";"Edito | Au Togo ou en Guinée, le journalisme : un parcours du combattant";"https://icilome.com/2026/09/au-togo-ou-en-guinee-le-journalisme-un-parcours-du-combattant/"
"Icilome (FR)";"FR";"2026-10-03";"Togo Debout USA porte la situation politique et les préoccupations de la diaspora à Washington";"https://icilome.com/2026/09/togo-debout-usa-porte-la-situation-politique-et-les-preoccupations-de-la-diaspora-a-washington/"
"Icilome (FR)";"FR";"2026-10-03";"Togo- Hausse des prix du carburant : Deux Togolais s’affrontent, le virtuel et le réel";"https://icilome.com/2026/09/togo-hausse-des-prix-du-carburant-deux-togolais-saffrontent-le-virtuel-et-le-reel/"
"Icilome (FR)";"FR";"2026-10-03";"Togo / Scandale au Ministère du Tourisme: Les Secrets bien gardés d’un Hold-up en bande organisée";"https://icilome.com/2026/09/togo-scandale-au-ministere-du-tourisme-les-secrets-bien-gardes-dun-hold-up-en-bande-organisee/"
"Icilome (FR)";"FR";"2026-10-03";"Au Togo, QNET veut reprendre la main sur son image face aux arnaques";"https://icilome.com/2026/09/au-togo-qnet-veut-reprendre-la-main-sur-son-image-face-aux-arnaques/"
"Icilome (FR)";"FR";"2026-10-03";"« QNET n’est pas une agence de voyage » : Cherif Saar veut distinguer la marque des arnaques qui l’usurpent";"https://icilome.com/2026/09/qnet-nest-pas-une-agence-de-voyage-cherif-saar-veut-distinguer-la-marque-des-arnaques-qui-lusurpent/"
"Icilome (FR)";"FR";"2026-10-03";"Abdoul Aziz Goma, le «good samaritan» mis à l´honneur par Freedom Now";"https://icilome.com/2026/09/abdoul-aziz-goma-le-good-samaritan-mis-a-lhonneur-par-freedom-now/"
"Icilome (FR)";"FR";"2026-10-03";"Rentrée scolaire sur fond de la hausse du prix du carburant : Un pouvoir INSENSIBLE";"https://icilome.com/2026/09/rentree-scolaire-sur-fond-de-la-hausse-du-prix-du-carburant-un-pouvoir-insensible/"
"Togo First (FR)";"FR";"2026-10-03";"L’AED et WIETC s’associent pour rapprocher les formations des IFAD des besoins des chantiers au Togo";"https://www.togofirst.com/fr/btp/0210-20230-l-aed-et-wietc-s-associent-pour-rapprocher-les-formations-des-ifad-des-besoins-des-chantiers-au-togo"
"Togo First (FR)";"FR";"2026-10-03";"Au Togo, le Sénat ouvre le chantier du budget 2027";"https://www.togofirst.com/fr/gestion-publique/0210-20236-au-togo-le-senat-ouvre-le-chantier-du-budget-2027"
"Togo First (FR)";"FR";"2026-10-03";"Togo : des brigades mobiles pour renforcer la surveillance environnementale et forestière";"https://www.togofirst.com/fr/agro/0210-20235-togo-des-brigades-mobiles-pour-renforcer-la-surveillance-environnementale-et-forestiere"
"Togo First (FR)";"FR";"2026-10-03";"Agriculture : Lomé s’appuiera sur le satellite du Kirghizistan pour mieux surveiller ses terres";"https://www.togofirst.com/fr/agro/0210-20234-agriculture-lome-s-appuiera-sur-le-satellite-du-kirghizistan-pour-mieux-surveiller-ses-terres"
"Togo First (FR)";"FR";"2026-10-03";"FAO : le mécanisme Forêts et Paysans a mobilisé environ 2,7 milliards FCFA en 7 ans au Togo";"https://www.togofirst.com/fr/agro/0210-20232-fao-le-mecanisme-forets-et-paysans-a-mobilise-environ-2-7-milliards-fcfa-en-7-ans-au-togo"
"Togo First (FR)";"FR";"2026-10-03";"À Lomé, la jeunesse francophone prépare sa contribution au Sommet de Phnom Penh";"https://www.togofirst.com/fr/social/0210-20231-a-lome-la-jeunesse-francophone-prepare-sa-contribution-au-sommet-de-phnom-penh"
"Togo First (FR)";"FR";"2026-10-03";"Togo : 16 démarches du ministère des Affaires étrangères désormais accessibles en ligne";"https://www.togofirst.com/fr/services-publics/0110-20224-togo-16-demarches-du-ministere-des-affaires-etrangeres-desormais-accessibles-en-ligne"
"Togo First (FR)";"FR";"2026-10-03";"Togo : le PAJEC prépare un dispositif pilote d’assurance agricole";"https://www.togofirst.com/fr/agro/0110-20223-togo-le-pajec-prepare-un-dispositif-pilote-d-assurance-agricole"
"Togo First (FR)";"FR";"2026-10-03";"Togo-Russie : la PIA présente ses opportunités d’investissement à une délégation russe";"https://www.togofirst.com/fr/investissement/0110-20222-togo-russie-la-pia-presente-ses-opportunites-d-investissement-a-une-delegation-russe"
"Togo First (FR)";"FR";"2026-10-03";"Pensions de retraite : au Togo, la CRT tourne la page du paiement en espèces";"https://www.togofirst.com/fr/social/0110-20221-pensions-de-retraite-au-togo-la-crt-tourne-la-page-du-paiement-en-especes"
"Togo First (FR)";"FR";"2026-10-03";"Energie : le Togo soutient l’implantation de la raffinerie de Dangote au Kenya";"https://www.togofirst.com/fr/energies/0110-20220-energie-le-togo-soutient-l-implantation-de-la-raffinerie-de-dangote-au-kenya"
"Togo First (FR)";"FR";"2026-10-03";"Projet D-CLIC: environ 300 millions FCFA investis par l’OIF dans la formation numérique des jeunes Togolais";"https://www.togofirst.com/fr/tic/0110-20218-projet-d-clic-environ-300-millions-fcfa-investis-par-l-oif-dans-la-formation-numerique-des-jeunes-togolais"
"Togo First (FR)";"FR";"2026-10-03";"Partenariat : l’UL ouvre la voie à un master en énergie en double diplôme avec l'Université de Rostock";"https://www.togofirst.com/fr/education/3009-20215-partenariat-l-ul-ouvre-la-voie-a-un-master-en-energie-en-double-diplome-avec-luniversite-de-rostock"
"Togo First (FR)";"FR";"2026-10-03";"Coopération décentralisée : Lacs 1 et Nuremberg veulent prolonger leur partenariat";"https://www.togofirst.com/fr/gouvernance-economique/3009-20213-cooperation-decentralisee-lacs-1-et-nuremberg-veulent-prolonger-leur-partenariat"
"Togo First (FR)";"FR";"2026-10-03";"Togo-Russie : la CCI-Togo veut structurer les partenariats entre entreprises";"https://www.togofirst.com/fr/gouvernance-economique/3009-20212-togo-russie-la-cci-togo-veut-structurer-les-partenariats-entre-entreprises"
"Togo First (FR)";"FR";"2026-10-03";"Port de Lomé : les contrôles se renforcent aux entrées et sorties des môles 1 et 2";"https://www.togofirst.com/fr/gouvernance-economique/3009-20208-port-de-lome-les-controles-se-renforcent-aux-entrees-et-sorties-des-moles-1-et-2"
"Togo First (FR)";"FR";"2026-10-03";"Togo : la BIDC lance l’EIF 2027, plus de 500 participants et 40 projets annoncés à Lomé";"https://www.togofirst.com/fr/gouvernance-economique/3009-20207-togo-la-bidc-lance-l-eif-2027-plus-de-500-participants-et-40-projets-annonces-a-lome"
"Togo First (FR)";"FR";"2026-10-03";"BIDC : 10 millions USD mobilisés pour l’agriculture climatique au Togo et dans deux autres pays";"https://www.togofirst.com/fr/agro/2909-20204-bidc-10-millions-usd-mobilises-pour-l-agriculture-climatique-au-togo-et-dans-deux-autres-pays"
"Togo First (FR)";"FR";"2026-10-03";"Épargne digitale : Ohana Africa et Ecobank lancent le « Compte Familial » au Togo";"https://www.togofirst.com/fr/finance/2809-20187-epargne-digitale-ohana-africa-et-ecobank-lancent-le-compte-familial-au-togo"
"Togo First (FR)";"FR";"2026-10-03";"Togo : une nouvelle solution numérique de gestion des TPME lancée";"https://www.togofirst.com/fr/gouvernance-economique/2709-20178-vendre-facturer-suivre-b-pilot-l-appli-pour-simplifier-la-gestion-des-tpme"
"Togo First (FR)";"FR";"2026-10-03";"Gaëlle de Souza (Gazelle d'Afrik) : « On a tout chez nous, c'est nous-mêmes qui ne l'exploitons pas »";"https://www.togofirst.com/fr/agro/2609-20175-gael-de-souza-gazelle-dafrik-on-a-tout-chez-nous-cest-nous-memes-qui-ne-lexploitons-pas"
"Togo First (FR)";"FR";"2026-10-03";"« Nous voulons bâtir une marque laitière africaine à partir du wangash togolais », Assaba Akouétévi, promotrice de ROSHTA Wangash";"https://www.togofirst.com/fr/agro/1909-20108-nous-voulons-batir-une-marque-laitiere-africaine-a-partir-du-wangash-togolais-assaba-akouetevi-promotrice-de-roshta-wangash"
"Togo First (FR)";"FR";"2026-10-03";"Salim Tebonou (HORI) : « J'ai dû démissionner moi-même de la structure que j'avais co-créée pour repartir de zéro »";"https://www.togofirst.com/fr/gouvernance-economique/0208-19767-salim-tebonou-hori-jai-du-demissionner-moi-meme-de-la-structure-que-javais-creee-pour-repartir-de-zero"
"Togo First (FR)";"FR";"2026-10-03";"FIL 2026 : 70 % de réduction sur les stands pour les femmes et jeunes entrepreneurs";"https://www.togofirst.com/fr/gouvernance-economique/2707-19692-fil-2026-70-de-reduction-sur-les-stands-pour-les-femmes-et-jeunes-entrepreneurs"
"Togo First (FR)";"FR";"2026-10-03";"Togo : après la hausse du prix du carburant, le gouvernement baisse les tarifs de péage";"https://www.togofirst.com/fr/transport/0207-19428-togo-apres-la-hausse-du-prix-du-carburant-le-gouvernement-baisse-les-tarifs-de-peage"
"Togo First (FR)";"FR";"2026-10-03";"Togo : les résultats des examens désormais accessibles gratuitement via le Web, WhatsApp et Telegram";"https://www.togofirst.com/fr/education/0806-19171-togo-les-resultats-des-examens-desormais-accessibles-gratuitement-via-le-web-whatsapp-et-telegram"
"Togo First (FR)";"FR";"2026-10-03";"Le Togolais Kodjo Akpatigbe prend la tête de Deloitte au Togo et au Bénin";"https://www.togofirst.com/fr/finance/0207-19423-le-togolais-kodjo-akpatigbe-prend-la-tete-de-deloitte-au-togo-et-au-benin"
"Togo First (FR)";"FR";"2026-10-03";"Gouvernance et financement du secteur routier : le Togo crée l’AGEROUTE et la SONAFIR";"https://www.togofirst.com/fr/transport/2906-19371-gouvernance-et-financement-du-secteur-routier-le-togo-cree-l-ageroute-et-la-sonafir"
"Togo First (FR)";"FR";"2026-10-03";"Lancement d’une mission d’élaboration des normes de certification pour les entreprises de BTP";"https://www.togofirst.com/"
"Togo First (FR)";"FR";"2026-10-03";"Logement : à Kpomé-Dalavé, Adedze annonce le passage du programme des 20 000 unités à sa phase opérationnelle";"https://www.togofirst.com/fr/gouvernance-economique/1206-19219-logement-a-kpome-dalave-adedze-annonce-le-passage-du-programme-des-20-000-unites-a-sa-phase-operationnelle"
"Togo First (FR)";"FR";"2026-10-03";"Togo : pour une fonction publique plus performante, le gouvernement entend mettre en place un plan national";"https://www.togofirst.com/"
"Togo First (FR)";"FR";"2026-10-03";"Restauration des terres : la FAO lance un appel à projets pour des subventions pouvant atteindre 50 000 $";"https://www.togofirst.com/fr/agro/1506-19233-restauration-des-terres-la-fao-lance-un-appel-a-projets-pour-des-subventions-pouvant-atteindre-50-000"
"Togo First (FR)";"FR";"2026-10-03";"Togo : de nouvelles démarches administratives désormais accessibles en ligne";"https://www.togofirst.com/fr/services-publics/2909-20203-togo-de-nouvelles-demarches-administratives-desormais-accessibles-en-ligne"
"Togo First (FR)";"FR";"2026-10-03";"Libre circulation en Afrique : Lomé prépare le futur Conseil consultatif des migrations";"https://www.togofirst.com/fr/gouvernance-economique/2909-20197-libre-circulation-en-afrique-lome-prepare-le-futur-conseil-consultatif-des-migrations"
"Togo First (FR)";"FR";"2026-10-03";"Togo : « Voix du Togo » entre en phase de test pour intégrer les langues locales à l’IA";"https://www.togofirst.com/fr/tic/2909-20196-togo-voix-du-togo-entre-en-phase-de-test-pour-integrer-les-langues-locales-a-l-ia"
"Togo First (FR)";"FR";"2026-10-03";"Togo : la campagne café-cacao 2026-2027 démarre avec de nouveaux prix aux producteurs";"https://www.togofirst.com/fr/agro/2909-20195-togo-la-campagne-cafe-cacao-2026-2027-demarre-avec-de-nouveaux-prix-aux-producteurs"
"Togo First (FR)";"FR";"2026-10-03";"Togo : les chiffres clés du secteur touristique";"https://www.togofirst.com/fr/culture/2909-20194-togo-les-chiffres-cles-du-secteur-touristique"
"Togo First (FR)";"FR";"2026-10-03";"Eau potable : 27 milliards FCFA pour desservir plus de 200 000 personnes à Kara";"https://www.togofirst.com/fr/social/2909-20193-eau-potable-27-milliards-fcfa-pour-desservir-plus-de-200-000-personnes-a-kara"
"Togo First (FR)";"FR";"2026-10-03";"Le Togo accélère la mise en place d’un compte satellite pour mieux mesurer le poids du tourisme";"https://www.togofirst.com/fr/gouvernance-economique/2809-20188-le-togo-accelere-la-mise-en-place-d-un-compte-satellite-pour-mieux-mesurer-le-poids-du-tourisme"
"Togo First (FR)";"FR";"2026-10-03";"L’Université de Kara conclut un partenariat avec la PIA pour rapprocher la recherche de l’industrie";"https://www.togofirst.com/fr/formation/2809-20186-l-universite-de-kara-conclut-un-partenariat-avec-la-pia-pour-rapprocher-la-recherche-de-l-industrie"
"Togo First (FR)";"FR";"2026-10-03";"Depuis Paris, la CCI-Togo veut connecter les PME aux marchés internationaux";"https://www.togofirst.com/fr/gouvernance-economique/2809-20185-depuis-paris-la-cci-togo-veut-connecter-les-pme-aux-marches-internationaux"
"Togo First (FR)";"FR";"2026-10-03";"Lomé et Abu Dhabi signent un accord d’exemption de visas diplomatiques";"https://www.togofirst.com/fr/politique/2809-20182-lome-et-abu-dhabi-signent-un-accord-d-exemption-de-visas-diplomatiques"
"Togo First (FR)";"FR";"2026-10-03";"Togo-Hongrie : après l’accord de 2025, Budapest veut accélérer les stations de boues de vidange du Grand Lomé";"https://www.togofirst.com/fr/social/2809-20181-togo-hongrie-apres-l-accord-de-2025-budapest-veut-accelerer-les-stations-de-boues-de-vidange-du-grand-lome"
"Togo First (FR)";"FR";"2026-10-03";"Télécoms : YAS conserve l'avantage national, mais Moov se distingue sur la 4G à Lomé";"https://www.togofirst.com/fr/telecoms/2709-20177-telecoms-yas-conserve-lavantage-national-mais-moov-se-distingue-sur-la-4g-a-lome"
"Togo First (FR)";"FR";"2026-10-03";"Togo : une mission de Gavi prépare la mise en œuvre de la stratégie 2026-2030";"https://www.togofirst.com/fr/sante/2509-20173-togo-une-mission-de-gavi-prepare-la-mise-en-uvre-de-la-strategie-2026-2030"
"Togo First (FR)";"FR";"2026-10-03";"Au Togo, les préfectures de Blitta et Ogou placées sous surveillance après une flambée de cas de rougeole";"https://www.togofirst.com/fr/sante/2509-20167-au-togo-les-prefectures-de-blitta-et-ogou-placees-sous-surveillance-apres-une-flambee-de-cas-de-rougeole"
"Togo First (FR)";"FR";"2026-10-03";"FESPACO 2027 : le Togo, pays invité d’honneur";"https://www.togofirst.com/fr/culture/2509-20166-fespaco-2027-le-togo-pays-invite-d-honneur"
"Togo First (FR)";"FR";"2026-10-03";"Protection des données : le Togo et le Mali renforcent leur coopération";"https://www.togofirst.com/fr/tic/2509-20165-protection-des-donnees-le-togo-et-le-mali-renforcent-leur-cooperation"
"Togo First (FR)";"FR";"2026-10-03";"La BOAD débloque 82 milliards FCFA au profit du Togo, pour l'Agriculture et l'énergie";"https://www.togofirst.com/fr/gouvernance-economique/2509-20164-la-boad-debloque-82-milliards-fcfa-au-profit-du-togo-pour-lagriculture-et-lenergie"
"Togo First (FR)";"FR";"2026-10-03";"Ecobank veut mobiliser 2,6 milliards $ pour les entreprises féminines africaines et l’agriculture d’ici 2030";"https://www.togofirst.com/fr/finance/2509-20163-ecobank-veut-mobiliser-2-6-milliards-pour-les-entreprises-feminines-africaines-et-l-agriculture-d-ici-2030"
"Togo First (FR)";"FR";"2026-10-03";"Administration publique : le Togo veut réduire les délais de traitement des actes administratifs";"https://www.togofirst.com/fr/services-publics/2409-20160-administration-publique-le-togo-veut-reduire-les-delais-de-traitement-des-actes-administratifs"
"Togo First (FR)";"FR";"2026-10-03";"Togo : PALCC+/INCLURE lance sa planification opérationnelle pour les aires protégées";"https://www.togofirst.com/fr/agro/2409-20157-togo-palcc/inclure-lance-sa-planification-operationnelle-pour-les-aires-protegees"
"Togo First (FR)";"FR";"2026-10-03";"Assurances : Lomé accueillera le 12e Forum des Marchés de la FANAF";"https://www.togofirst.com/fr/finance/2409-20156-assurances-lome-accueillera-le-12e-forum-des-marches-de-la-fanaf"
"Togo First (FR)";"FR";"2026-10-03";"Togo : l’OTR annonce une nouvelle vente aux enchères de 155 véhicules";"https://www.togofirst.com/fr/finances-publiques/2409-20155-togo-l-otr-annonce-une-nouvelle-vente-aux-encheres-de-155-vehicules"
"Togo First (FR)";"FR";"2026-10-03";"Togo-Rwanda : Lomé et Kigali renforcent leur coopération avec trois nouveaux accords";"https://www.togofirst.com/fr/politique/2409-20153-togo-rwanda-lome-et-kigali-renforcent-leur-cooperation-avec-trois-nouveaux-accords"
"L'Alternative (TG)";"FR";"2026-10-03";"Accueil";"https://lalternative.info/"
"L'Alternative (TG)";"FR";"2026-10-03";"A propos";"https://lalternative.info/about-us/"
"L'Alternative (TG)";"FR";"2026-10-03";"Abonnement";"https://lalternative.info/abonnez-vous-a-votre-journal/"
"L'Alternative (TG)";"FR";"2026-10-03";"Togo- Primature, ministère des Enseignements, brigade pour mineurs, CNDH passifs sur...";"https://lalternative.info/2024/09/14/togo-primature-ministere-des-enseignements-brigade-pour-mineurs-cndh-passifs-sur-le-viol-sur-une-petite-fille-a-lecole-la-madone/"
"L'Alternative (TG)";"FR";"2026-10-03";"Togo- Kao Baobadi, l’architecte de l’immeuble défectueux de la LONATO, ses...";"https://lalternative.info/2024/05/15/togo-kao-baobadi-larchitecte-de-limmeuble-defectueux-de-la-lonato-ses-deux-appartements-a-dubai/"
"L'Alternative (TG)";"FR";"2026-10-03";"Un appartement d’Yvonne Bawizibadi Gnassingbé à Dubaï au cœur d’une lutte...";"https://lalternative.info/2024/05/17/un-appartement-dyvonne-bawizibadi-gnassingbe-a-dubai-au-coeur-dune-lutte-de-succession/"
"L'Alternative (TG)";"FR";"2026-10-03";"Togo- Vague d’arrestations en cours au sein des FAT";"https://lalternative.info/2024/07/16/togo-vague-darrestations-en-cours-au-sein-des-fat/"
"L'Alternative (TG)";"FR";"2026-10-03";"Togo- Vote de moins de 50 députés, procurations fabriquées au nom...";"https://lalternative.info/2024/03/31/togo-vote-de-moins-de-50-deputes-procurations-fabriquees-au-nom-des-absents-voici-comment-le-coup-detat-constitutionnel-sest-passe-lundi/"
"L'Alternative (TG)";"FR";"2026-10-03";"Togo-La CEET installe un groupe de 14 millions chez la ministre...";"https://lalternative.info/2024/03/15/togo-la-ceet-installe-un-groupe-de-14-millions-chez-la-ministre-de-lenergie-et-des-mines/"
"L'Alternative (TG)";"FR";"2026-10-03";"Togo- Football : Qui est Nibombé Daré, le nouveau sélectionneur des Eperviers ?";"https://lalternative.info/2024/07/15/togo-football-qui-est-nibombe-dare-le-nouveau-selectionneur-des-eperviers/"
"L'Alternative (TG)";"FR";"2026-10-03";"Togo- Justice : Mandat d’arrêt international contre le Cdt Olivier Amah...";"https://lalternative.info/2024/08/07/togo-justice-mandat-darret-international-contre-le-cdt-olivier-amah-et-le-journaliste-ferdinand-ayite/"
"L'Alternative (TG)";"FR";"2026-10-03";"Togo- CEET: Voici les 3 étapes pour mettre à jour son...";"https://lalternative.info/2024/06/27/togo-ceet-voici-les-3-etapes-pour-mettre-a-jour-son-compteur-cash-power/"
"L'Alternative (TG)";"FR";"2026-10-03";"Togo- Arrestations à Kara : incertitude sur le sort du capitaine...";"https://lalternative.info/2024/07/23/togo-arrestations-a-kara-incertitude-sur-le-sort-du-capitaine-dare-kondi-photo/"
"L'Alternative (TG)";"FR";"2026-10-03";"Togo- Kpendjal : Inhumation sans hommage des militaires tombés au front";"https://lalternative.info/2024/07/29/togo-kpendjal-inhumation-sans-hommage-des-militaires-tombes-au-front/"
"L'Alternative (TG)";"FR";"2026-10-03";"NOUS SOUTENIR";"/donate"
"L'Alternative (TG)";"FR";"2026-10-03";"À propos";"https://lalternative.info/about-us/"
"L'Alternative (TG)";"FR";"2026-10-03";"Faire un don";"https://lalternative.info/donate/"
"L'Alternative (TG)";"FR";"2026-10-03";"Abonnez-vous à votre journal";"https://lalternative.info/abonnez-vous-a-votre-journal/"
"L'Alternative (TG)";"FR";"2026-10-03";"Journal L'alternative";"https://lalternative.info/author/lalternative24/"
"L'Alternative (TG)";"FR";"2026-10-03";"Togo- Un jeune officier retrouvé mort dans son bureau au camp BIR";"https://lalternative.info/2026/09/24/togo-un-jeune-officier-retrouve-mort-dans-son-bureau-au-camp-bir/"
"L'Alternative (TG)";"FR";"2026-10-03";"Togo- Journaliste kidnappé, torturé puis jeté dans la brousse… à qui profite le crime ?";"https://lalternative.info/2026/09/09/togo-journaliste-kidnappe-torture-puis-jete-dans-la-brousse-a-qui-profite-le-crime/"
"L'Alternative (TG)";"FR";"2026-10-03";"Diplomatie : deux français arrêtés au Togo, Faure Gnassingbé veut l’extradition de Ferdinand AYITE contre leur libération";"https://lalternative.info/2026/08/18/diplomatie-deux-francais-arretes-au-togo-faure-gnassingbe-veut-lextradition-de-ferdinand-ayite-contre-leur-liberation/"
"L'Alternative (TG)";"FR";"2026-10-03";"Mahama décide de consulter le peuple pour la révision constitutionnelle";"https://lalternative.info/2026/08/16/mahama-decide-de-consulter-le-peuple-pour-la-revision-constitutionnelle/"
"L'Alternative (TG)";"FR";"2026-10-03";"Togo- Tribune : La Cour de justice de la CEDEAO face à un pouvoir qui s’entête à ne jamais avoir tort";"https://lalternative.info/2026/08/10/togo-tribune-la-cour-de-justice-de-la-cedeao-face-a-un-pouvoir-qui-sentete-a-ne-jamais-avoir-tort/"
"L'Alternative (TG)";"FR";"2026-10-03";"La révision constitutionnelle ravive les tensions politiques";"https://lalternative.info/2026/08/08/la-revision-constitutionnelle-ravive-les-tensions-politiques/"
"L'Alternative (TG)";"FR";"2026-10-03";"Togo- Kara : 27 milliards s’ajoutent aux autres milliards déjà investis dans la recherche d’eau potable";"https://lalternative.info/2026/10/01/togo-kara-27-milliards-sajoutent-aux-autres-milliards-deja-investis-dans-la-recherche-deau-potable/"
"L'Alternative (TG)";"FR";"2026-10-03";"Togo- Tribune : « On ne soigne pas à la tête du client »";"https://lalternative.info/2026/09/12/togo-tribune-on-ne-soigne-pas-a-la-tete-du-client/"
"L'Alternative (TG)";"FR";"2026-10-03";"Togo- Tribune : Nous voulons savoir ce que vous reprochez à Fred Vedomey";"https://lalternative.info/2026/08/28/togo-tribune-nous-voulons-savoir-ce-que-vous-reprochez-a-fred-vedomey/"
"L'Alternative (TG)";"FR";"2026-10-03";"Togo-Tribune : Moscou tisse sa toile à Lomé";"https://lalternative.info/2026/07/30/togo-tribune-moscou-tisse-sa-toile-a-lome/"
"L'Alternative (TG)";"FR";"2026-10-03";"TRIBUNE- Coupe du monde 2026 : Pourquoi les sélections africaines s’effondrent en fin de match";"https://lalternative.info/2026/07/05/tribune-coupe-du-monde-2026-pourquoi-les-selections-africaines-seffondrent-en-fin-de-match/"
"L'Alternative (TG)";"FR";"2026-10-03";"Togo- Savanes, une bombe sociale : autochtones et réfugiés burkinabé se disputent les ressources limitées";"https://lalternative.info/2026/09/23/togo-savanes-une-bombe-sociale-autochtones-et-refugies-burkinabe-se-disputent-les-ressources-limitees/"
"L'Alternative (TG)";"FR";"2026-10-03";"Togo- Aéroport de Lomé : l’espace duty free cédé à un privé";"https://lalternative.info/2026/09/23/togo-aeroport-de-lome-lespace-duty-free-cede-a-un-prive/"
"L'Alternative (TG)";"FR";"2026-10-03";"Des douaniers en détention pour trafic de drogue";"https://lalternative.info/2026/09/20/des-douaniers-en-detention-pour-trafic-de-drogue/"
"L'Alternative (TG)";"FR";"2026-10-03";"Togo- Hausse des prix du carburant : Deux Togolais s’affrontent, le virtuel et le réel";"https://lalternative.info/2026/09/16/togo-hausse-des-prix-du-carburant-deux-togolais-saffrontent-le-virtuel-et-le-reel/"
"L'Alternative (TG)";"FR";"2026-10-03";"Togo- Anié : le plus grand magasin du marché réduit en cendre";"https://lalternative.info/2026/09/28/togo-anie-le-plus-grand-magasin-du-marche-reduit-en-cendre/"
"L'Alternative (TG)";"FR";"2026-10-03";"Togo- Les dirigeants africains en chantiers, Faure Gnassingbé fête la correction du « Map »";"https://lalternative.info/2026/09/13/togo-quand-les-dirigeants-africains-sont-sur-les-chantiers-faure-gnassingbe-fete-la-correction-du-map/"
"L'Alternative (TG)";"FR";"2026-10-03";"Togo- Une augmentation de 137 F CFA sur le litre du super sans plomb en 3 mois";"https://lalternative.info/2026/09/11/togo-une-augmentation-de-137-f-cfa-sur-le-litre-du-super-sans-plomb-en-3-mois/"
"L'Alternative (TG)";"FR";"2026-10-03";"Offre d’emploi/L’ALTERNATIVE";"https://lalternative.info/2024/03/07/offre-demploi-lalternative/"
"L'Alternative (TG)";"FR";"2026-10-03";"« Le peuple ne mange pas les notations » : Oligui Nguema dans le concret, Faure Gnassingbé dans les chiffres fabriqués";"https://lalternative.info/2026/09/10/le-peuple-ne-mange-pas-les-notations-oligui-nguema-dans-le-concret-faure-gnassingbe-dans-les-chiffres-fabriques/"
"L'Alternative (TG)";"FR";"2026-10-03";"Isidore kouwonou";"https://lalternative.info/author/ksisdore/"
"L'Alternative (TG)";"FR";"2026-10-03";"Togo- OTR : Éric Amouzou Folly le mari d’une des inspectrices, arrêté";"https://lalternative.info/2026/09/07/togo-otr-eric-amouzou-folly-le-mari-dune-des-inspectrices-arrete/"
"L'Alternative (TG)";"FR";"2026-10-03";"L'Alternative";"https://lalternative.info/author/equipeedito/"
"L'Alternative (TG)";"FR";"2026-10-03";"Togo- Encore un scandale à l’OTR : des cadres de la DGI en garde à vue à la DCPJ";"https://lalternative.info/2026/09/06/togo-encore-un-scandale-a-lotr-des-cadres-de-la-dgi-en-garde-a-vue-a-la-dcpj/"
"L'Alternative (TG)";"FR";"2026-10-03";"La CCJA condamne définitivement l’UTB à verser plus de 2,5 milliards de FCFA à TMI";"https://lalternative.info/2026/07/22/la-ccja-condamne-definitivement-lutb-a-verser-plus-de-25-milliards-de-fcfa-a-tmi/"
"L'Alternative (TG)";"FR";"2026-10-03";"Togo- Scandale à l’OTR : Donko Bileyo et Klouvi Dedegan inculpées par le doyen des juges";"https://lalternative.info/2026/05/17/togo-scandale-a-lotr-donko-bileyo-et-klouvi-dedegan-inculpees-par-le-doyen-des-juges/"
"L'Alternative (TG)";"FR";"2026-10-03";"Togo- OTR : Donko Bileyo virée, plainte contre Ferdinand Ayité retirée";"https://lalternative.info/2026/04/19/togo-otr-donko-bileyo-viree-plainte-contre-ferdinand-ayite-retiree/"
"L'Alternative (TG)";"FR";"2026-10-03";"Togo- OTR : le CENTIF saisit le procureur, le doyen des juges d’instruction ouvre une enquête, un autre compte de 530 millions découverts à NSIA";"https://lalternative.info/2026/04/05/togo-otr-le-centif-saisit-le-procureur-le-doyen-des-juges-dinstruction-ouvre-une-enquete-un-autre-compte-de-530-millions-decouverts-a-nsia/"
"L'Alternative (TG)";"FR";"2026-10-03";"John Mahama offre des billets de la Coupe du monde à la diaspora ghanéenne";"https://lalternative.info/2026/06/01/john-mahama-offre-des-billets-de-la-coupe-du-monde-a-la-diaspora-ghaneenne/"
"L'Alternative (TG)";"FR";"2026-10-03";"View all posts";"https://lalternative.info/author/lalternative24/"
"L'Alternative (TG)";"FR";"2026-10-03";"Facebook";"https://www.facebook.com/sharer/sharer.php?u=https://lalternative.info/"
"L'Alternative (TG)";"FR";"2026-10-03";"Twitter";"https://twitter.com/intent/tweet?text=Check%20out%20this%20article:%20Accueil%20-%20https://lalternative.info/"
"L'Alternative (TG)";"FR";"2026-10-03";"Pinterest";"https://www.pinterest.com/pin/create/button/?url=https%3A%2F%2Flalternative.info%2F&description=Accueil"
"L'Alternative (TG)";"FR";"2026-10-03";"Whatsapp";"https://api.whatsapp.com/send?text=Accueil %0A%0A https%3A%2F%2Flalternative.info%2F"
"L'Alternative (TG)";"FR";"2026-10-03";"Telegram";"https://telegram.me/share/url?url=https%3A%2F%2Flalternative.info%2F&text=Accueil"
"L'Alternative (TG)";"FR";"2026-10-03";"Email";"mailto:?subject=Accueil&BODY=https://lalternative.info/"
"L'Alternative (TG)";"FR";"2026-10-03";"À propos";"/about-us"
"L'Alternative (TG)";"FR";"2026-10-03";"Politique de confidentialité";"/privacy-policy"
"L'Alternative (TG)";"FR";"2026-10-03";"Conditions d'utilisation";"/conditions-dutilisation"
"L'Alternative (TG)";"FR";"2026-10-03";"Règlementation européenne";"https://lalternative.info/reglementation-europeenneeu/"
"L'Alternative (TG)";"FR";"2026-10-03";"Facebook";"https://www.facebook.com/profile.php?id=61556605160366"
"L'Alternative (TG)";"FR";"2026-10-03";"Twitter";"https://twitter.com/lalternative_of"
"L'Alternative (TG)";"FR";"2026-10-03";"Instagram";"https://www.instagram.com/lalternative_of/"
"L'Alternative (TG)";"FR";"2026-10-03";"Youtube";"https://www.youtube.com/channel/UCk6JMYUcGDarZYNb-mPPLPA"
"L'Alternative (TG)";"FR";"2026-10-03";"Gérer les options";"#"
"L'Alternative (TG)";"FR";"2026-10-03";"Gérer les services";"#"
"L'Alternative (TG)";"FR";"2026-10-03";"Gérer {vendor_count} fournisseurs";"#"
"L'Alternative (TG)";"FR";"2026-10-03";"En savoir plus sur ces finalités";"https://cookiedatabase.org/tcf/purposes/"
"L'Alternative (TG)";"FR";"2026-10-03";"Voir les préférences";"#"
"L'Alternative (TG)";"FR";"2026-10-03";"{title}";"#"
"L'Alternative (TG)";"FR";"2026-10-03";"Queue";"#"
"L'Alternative (TG)";"FR";"2026-10-03";"Flash plugin";"http://get.adobe.com/flashplayer/"
"Laabali (TG)";"FR";"2026-10-03";"Africa-Newsroom";"https://laabali.com/africa-newsroom/"
"Laabali (TG)";"FR";"2026-10-03";"...";"#"
"Laabali (TG)";"FR";"2026-10-03";"De cuisinier à chef de canton : portrait de Batidja Tindandja, le nouveau chef d’Ogaro";"https://laabali.com/post/15600/de-cuisinier-a-chef-de-canton-portrait-de-batidja-tindandja-le-nouveau-chef-dogaro/ "
"Laabali (TG)";"FR";"2026-10-03";"Journalistes du privé au Togo : le SYNJIT alerte l’ONU sur une précarité persistante";"https://laabali.com/post/15588/journalistes-du-prive-au-togo-le-synjit-alerte-lonu-sur-une-precarite-persistante/ "
"Laabali (TG)";"FR";"2026-10-03";"Rentrée scolaire à Tône : l’APHMOTO fait don de kits scolaires aux enfants handicapés";"https://laabali.com/post/15583/rentree-scolaire-a-tone-laphmoto-fait-don-de-kits-scolaires-aux-enfants-handicapes/ "
"Laabali (TG)";"FR";"2026-10-03";"Atelier bilan du projet Savanes-COG : « Nous sommes satisfaits », affirme Laguatissoa Bangbar (FODES)";"https://laabali.com/post/15575/atelier-bilan-du-projet-savanes-cog-nous-sommes-satisfaits-affirme-laguatissoa-bangbar-fodes/ "
"Laabali (TG)";"FR";"2026-10-03";"Journalistes du privé au Togo : le SYNJIT alerte l’ONU sur une précarité persistante";"https://laabali.com/?p=15588"
"Laabali (TG)";"FR";"2026-10-03";"La Fédération nationale des maisons familiales de formation rurale du Togo lance un appel à projet de Construction de 50 poulaillers traditionnels améliorés au profit des bénéficiaires de l’IFAD Elevage Barkoissi et 30 poulaillers améliorés au profit des bénéficiaires de la FMFRT";"https://laabali.com/?p=15553"
"Laabali (TG)";"FR";"2026-10-03";"Enfants en situation de handicap: Aphmoto soutient en kits scolaires à Dapaong";"https://laabali.com/?p=15515"
"Laabali (TG)";"FR";"2026-10-03";"Ponio : 30 femmes formées aux activités génératrices de revenus";"https://laabali.com/?p=15505"
"Laabali (TG)";"FR";"2026-10-03";"Violences basées sur le genre : AFE sensibilise les communautés à Cinkassé";"https://laabali.com/?p=15384"
"Laabali (TG)";"FR";"2026-10-03";"INADES-Formation : 4 sites maraichers/champs écoles remis aux Scoops dans les savanes";"https://laabali.com/?p=15139"
"Laabali (TG)";"FR";"2026-10-03";"JII 2026 : Dans les Savanes, les infirmiers célébrés pour leur résilience";"https://laabali.com/?p=15103"
"Laabali (TG)";"FR";"2026-10-03";"Dapaong : A2FHV-S sensibilise des acteurs du bâtiment à l’accessibilité des infrastructures publiques";"https://laabali.com/?p=15076"
"Laabali (TG)";"FR";"2026-10-03";"Nadjoundi: ""Les droits de femmes ne donnent pas droit aux femmes de frapper leurs maris""";"https://laabali.com/?p=14881"
"Laabali (TG)";"FR";"2026-10-03";"Yark Damehamme: L’insubmersible général qui murmure aux oreilles de Faure Gnassimgbé";"https://laabali.com/?p=14271"
"Laabali (TG)";"FR";"2026-10-03";"Dapaong : les défis de l’assainissement toujours présents !";"https://laabali.com/?p=13413"
"Laabali (TG)";"FR";"2026-10-03";"Accès à l’eau potable : L’ONG MECAP cultive l’espoir pour la fin de la soif dans les Savanes";"https://laabali.com/?p=13297"
"Laabali (TG)";"FR";"2026-10-03";"Sanloaga (Togo): «Ils enlèvent nos jeunes garçons pour en faire des combattants» 15110 vues";"
                                        https://laabali.com/post/6306/sanloaga-togo-ils-enlevent-nous-jeunes-garcons-pour-en-faire-des-combattants/                                        
                                        "
"Laabali (TG)";"FR";"2026-10-03";"Dapaong: Ouverture du 1e Forum des producteurs agricoles (FOPAT) 13963 vues";"
                                        https://laabali.com/post/6477/dapaong-ouverture-du-1e-forum-des-producteurs-agricoles-fopat/                                        
                                        "
"Laabali (TG)";"FR";"2026-10-03";"TGI/Dapaong: Le départ du président et son équipe fait des mécontents 12950 vues";"
                                        https://laabali.com/post/192/tgi-dapaong-le-depart-du-president-et-son-equipe-fait-des-mecontents/                                        
                                        "
"Laabali (TG)";"FR";"2026-10-03";"Savanes: Les FAT repoussent une attaque, deux assaillants neutralisés 7435 vues";"
                                        https://laabali.com/post/5663/savanes-les-fat-repoussent-une-attaque-deux-assaillants-neutralises/                                        
                                        "
"Laabali (TG)";"FR";"2026-10-03";"Contre le terrorisme: Le Togo fait appel à ses anciens soldats 4343 vues";"
                                        https://laabali.com/post/6743/contre-le-terrorisme-le-togo-fait-appel-a-ses-anciens-soldats/                                        
                                        "
"Laabali (TG)";"FR";"2026-10-03";"Le Maire Monoka Laré et la commune de Tandjouaré 1";"https://laabali.com/post/12171/monoka-lare/"
"Laabali (TG)";"FR";"2026-10-03";"par Edouard Samboe";"#"
"Laabali (TG)";"FR";"2026-10-03";"Suka ou l'art divinatoire: Foi ou culture moba ?";"https://laabali.com/post/12078/suka-ou-lart-divinatoire-foi-ou-culture-moba/"
"Laabali (TG)";"FR";"2026-10-03";"Togo/Education: Diagnostic d'un secteur en panne de repères";"https://laabali.com/post/6749/togo-education-diagnostic-dun-secteur-en-pannes-de-reperes/"
"Laabali (TG)";"FR";"2026-10-03";"Contre le terrorisme: Le Togo fait appel à ses anciens soldats";"https://laabali.com/post/6743/contre-le-terrorisme-le-togo-fait-appel-a-ses-anciens-soldats/"
"Laabali (TG)";"FR";"2026-10-03";"«Le pouvoir doit faire en sorte qu'il y ait moins de frustrations sur les plans politiques et économiques», Pr David Dosseh, OSC";"https://laabali.com/post/6688/le-pouvoir-doit-faire-en-sorte-quil-y-ait-moins-de-frustrations-sur-les-plans-politiques-et-economiques-pr-david-dosseh-osc/"
"Laabali (TG)";"FR";"2026-10-03";"FOPAT: A Dapaong , les producteurs veulent des usines de transformations de tomates";"https://laabali.com/post/6533/fopat-a-dapaong-les-producteurs-veulent-des-usines-de-transformations-de-tomates/"
"Laabali (TG)";"FR";"2026-10-03";"Dapaong: Ouverture du 1e Forum des producteurs agricoles (FOPAT)";"https://laabali.com/post/6477/dapaong-ouverture-du-1e-forum-des-producteurs-agricoles-fopat/"
"Laabali (TG)";"FR";"2026-10-03";"Frontière Burkina-Togo: Le durcissement des mesures sécuritaires impacte Kompienga";"https://laabali.com/post/6464/frontiere-burkina-togo-le-durcissement-des-mesures-securitaires-impacte-kompienga/"
"Laabali (TG)";"FR";"2026-10-03";"Sanloaga (Togo): «Ils enlèvent nos jeunes garçons pour en faire des combattants» 15110 vues";" https://laabali.com/post/6306/sanloaga-togo-ils-enlevent-nous-jeunes-garcons-pour-en-faire-des-combattants/ "
"Laabali (TG)";"FR";"2026-10-03";"Dapaong: Ouverture du 1e Forum des producteurs agricoles (FOPAT) 13963 vues";" https://laabali.com/post/6477/dapaong-ouverture-du-1e-forum-des-producteurs-agricoles-fopat/ "
"Laabali (TG)";"FR";"2026-10-03";"TGI/Dapaong: Le départ du président et son équipe fait des mécontents 12950 vues";" https://laabali.com/post/192/tgi-dapaong-le-depart-du-president-et-son-equipe-fait-des-mecontents/ "
"Laabali (TG)";"FR";"2026-10-03";"CrEaT";""
"Fraternité Matin (CI)";"FR";"2026-10-03";"En visite en Côte d’Ivoire/Leonardo Santos Simão : ‘’La Côte d’Ivoire constitue une source d’inspiration’’";"https://www.fratmat.info/article/2644930/politique/en-visite-en-cote-divoireleonardo-santos-simo-la-cote-divoire-constitue-une-source-dinspiration"
"Fraternité Matin (CI)";"FR";"2026-10-03";"Intégration régionale : La Côte d’Ivoire évalue ses réformes communautaires de l’Uemoa";"https://www.fratmat.info/article/2644922/economie/integration-regionale-la-cote-divoire-evalue-ses-reformes-communautaires-de-luemoa"
"Fraternité Matin (CI)";"FR";"2026-10-03";"INP-HB : l’International Data Science Institute mise sur l’excellence et l’innovation pour ses étudiants";"https://www.fratmat.info/article/2644918/societe/inp-hb-linternational-data-science-institute-mise-sur-lexcellence-et-linnovation-pour-ses-etudiants"
"Fraternité Matin (CI)";"FR";"2026-10-03";"Cacao : le Conseil du Café-Cacao lance l’identification des petits transformateurs";"https://www.fratmat.info/article/2644911/economie/cacao-le-conseil-du-cafe-cacao-lance-lidentification-des-petits-transformateurs"
"Fraternité Matin (CI)";"FR";"2026-10-03";"Assemblée nationale : une session 2026 sous le signe du budget et des réformes";"https://www.fratmat.info/article/2644907/politique/assemblee-nationale-une-session-2026-sous-le-signe-du-budget-et-des-reformes"
"Le Faso (BF)";"FR";"2026-10-03";"Contact";"https://lefaso.net/spip.php?article64819"
"Le Faso (BF)";"FR";"2026-10-03";"Contactez-nous";"https://lefaso.net/spip.php?article64819"
"Le Faso (BF)";"FR";"2026-10-03";"Burkina/JEPPC 2026 : Le général Célestin Simporé présente les mutations de l’armée et appelle à l’engagement patriotique";"https://lefaso.netspip.php?article149704"
"Le Faso (BF)";"FR";"2026-10-03";"Burkina/Rentrée judiciaire : Les mécanismes traditionnels appelés à rapprocher le droit des justiciables";"https://lefaso.netspip.php?article149696"
"Le Faso (BF)";"FR";"2026-10-03";"Ouagadougou : 1 702 motos et 25 tricycles mis en fourrière pour défaut de casque";"https://lefaso.net/spip.php?article149691"
"Le Faso (BF)";"FR";"2026-10-03";"Burkina : Le « Made in Burkina » au cœur de la deuxième phase des JEPPC 2026";"https://lefaso.net/spip.php?article149688"
"Le Faso (BF)";"FR";"2026-10-03";"𝐄𝐱𝐩𝐨𝐬𝐢𝐭𝐢𝐨𝐧 𝐠𝐨𝐮𝐯𝐞𝐫𝐧𝐞𝐦𝐞𝐧𝐭𝐚𝐥𝐞 : 𝐝𝐞𝐫𝐧𝐢𝐞𝐫𝐬 𝐫𝐞́𝐠𝐥𝐚𝐠𝐞𝐬 𝐚𝐮 𝐒𝐈𝐀𝐎, 𝐚̀ 𝐥𝐚 𝐯𝐞𝐢𝐥𝐥𝐞 𝐝𝐞 𝐥’𝐨𝐮𝐯𝐞𝐫𝐭𝐮𝐫𝐞";"https://lefaso.net/spip.php?article149687"
"Le Faso (BF)";"FR";"2026-10-03";"Burkina : L’Église Catholique fait don de 88 tonnes de ciment à Faso Mêbo";"https://lefaso.net/spip.php?article149672"
"Le Faso (BF)";"FR";"2026-10-03";"Djikologo : Les services des eaux et forêts saisissent 35 tonnes d’amendes de karité et démantèlent un site d’orpaillage clandestin";"https://lefaso.net/spip.php?article149666"
"Le Faso (BF)";"FR";"2026-10-03";"Ouagadougou : L’ABNORM ferme quatre boulangeries pour non conformité du poids du pain ‎";"https://lefaso.net/spip.php?article149661"
"Le Faso (BF)";"FR";"2026-10-03";"Burkina : Le Commandant de Légion de la gendarmerie en tournée dans la région de Yaadga ‎";"https://lefaso.net/spip.php?article149660"
"Le Faso (BF)";"FR";"2026-10-03";"Urgences médicales : Le CHU-YO adapte le référentiel national à ses réalités";"https://lefaso.net/spip.php?article149638"
"Le Faso (BF)";"FR";"2026-10-03";"Les 100 Visages du Burkina Digital : Dr Issa Compaoré, l’homme qui a formé une génération d’informaticiens burkinabè";"https://lefaso.netspip.php?article149699"
"Le Faso (BF)";"FR";"2026-10-03";"Burkina : Le « Made in Burkina » au cœur de la deuxième phase des JEPPC 2026";"https://lefaso.netspip.php?article149688"
"Le Faso (BF)";"FR";"2026-10-03";"Consommer local : L’UEMOA veut transformer le marché régional en levier de souveraineté économique";"https://lefaso.netspip.php?article149701"
"Le Faso (BF)";"FR";"2026-10-03";"Le général qui n’a pas demandé la permission";"https://lefaso.netspip.php?article149700"
"Le Faso (BF)";"FR";"2026-10-03";"Burkina Faso : SenMoto, la plateforme qui digitalise la vente de motos";"https://lefaso.netspip.php?article149685"
"Le Faso (BF)";"FR";"2026-10-03";"Match amical Burkina - Argentine : La FBF cherche une solution après l’annulation du vol vers Buenos Aires";"https://lefaso.netspip.php?article149707"
"Le Faso (BF)";"FR";"2026-10-03";"Bobo-Dioulasso : La SONATUR conjugue responsabilité sociale et développement immobilier";"https://lefaso.netspip.php?article149703"
"Le Faso (BF)";"FR";"2026-10-03";"Port obligatoire du casque : Fin de la tolérance, place à l’application stricte de la loi";"https://lefaso.netspip.php?article149689"
"Le Faso (BF)";"FR";"2026-10-03";"JEPPC 2026 : La gendarmerie mobile expose son matériel de maintien de l’ordre au SIAO";"https://lefaso.netspip.php?article149706"
"Le Faso (BF)";"FR";"2026-10-03";"Sur les pas du Christ : 58 pèlerins burkinabè de retour de Terre sainte";"https://lefaso.netspip.php?article149705"
"Le Faso (BF)";"FR";"2026-10-03";"Vulgarisation des chantiers de l’UEMOA : La commission salue le professionnalisme des journalistes et réaffirme son soutien";"https://lefaso.netspip.php?article149702"
"Le Faso (BF)";"FR";"2026-10-03";"Burkina : La 5ᵉ édition de Translog Africa se tiendra du 20 au 22 octobre 2026";"https://lefaso.netspip.php?article149695"
"Le Faso (BF)";"FR";"2026-10-03";"Nuit de la RPP : Burkinabè et Africains soutiennent le capitaine Ibrahim Traoré dans une ""mobilisation historique et exceptionnelle""";"https://lefaso.netspip.php?article149654"
"Le Faso (BF)";"FR";"2026-10-03";"En direct : Nuit de la Révolution Progressiste Populaire";"https://lefaso.netspip.php?article149651"
"Le Faso (BF)";"FR";"2026-10-03";"« Nuit de la RPP » : Une halte d’hommages aux forces combattantes et de célébrations des victoires et acquis engrangés, selon le comité d’organisation";"https://lefaso.netspip.php?article149542"
"Le Faso (BF)";"FR";"2026-10-03";"Burkina : Ibrahim Traoré à Bobo-Dioulasso pour inaugurer deux infrastructures stratégiques";"https://lefaso.netspip.php?article149097"
"Le Faso (BF)";"FR";"2026-10-03";"‎Burkina : La Présidence du Faso lance le concours Hakili Mousso pour détecter les talents scientifiques féminins";"https://lefaso.netspip.php?article148857"
"Le Faso (BF)";"FR";"2026-10-03";"Immersion patriotique obligatoire 2026 : Le capitaine Ibrahim Traoré exhorte les jeunes à éviter le chemin de la facilité et à servir la patrie";"https://lefaso.netspip.php?article148839"
"Le Faso (BF)";"FR";"2026-10-03";"Assemblée législative du peuple : Mathieu Boro fait ses premiers pas à l’hémicycle et promet de porter la voix des Burkinabè";"https://lefaso.netspip.php?article148412"
"Le Faso (BF)";"FR";"2026-10-03";"Promotion de la justice sociale au Burkina Faso : L’ONG Trias Afrique de l’Ouest et ses partenaires évaluent les acquis du programme DGD 2022-2026";"https://lefaso.netspip.php?article149694"
"Le Faso (BF)";"FR";"2026-10-03";"Ouagadougou : 1 702 motos et 25 tricycles mis en fourrière pour défaut de casque";"https://lefaso.netspip.php?article149691"
"Le Faso (BF)";"FR";"2026-10-03";"Les 100 Visages du Burkina Digital : Frédéric Drabo, de la justice numérique à la modernisation de l’État";"https://lefaso.netspip.php?article149681"
"Le Faso (BF)";"FR";"2026-10-03";"Cérémonial d’hommage à Thomas Sankara : Le ministre Mathias Traoré invite les Burkinabè à préserver l’héritage du héros national";"https://lefaso.netspip.php?article149682"
"Le Faso (BF)";"FR";"2026-10-03";"Burkina/Rentrée scolaire 2026-2027 : Les élèves ont repris le chemin des classes";"https://lefaso.netspip.php?article149684"
"Le Faso (BF)";"FR";"2026-10-03";"Rentrée 2026-2027 : À Ouagadougou, étudiants et élèves retrouvent le chemin des classes";"https://lefaso.netspip.php?article149679"
"Le Faso (BF)";"FR";"2026-10-03";"‎Burkina/Rentrée scolaire : Le Président du Faso encourage les acteurs du monde de l’éducation ‎";"https://lefaso.netspip.php?article149674"
"Le Faso (BF)";"FR";"2026-10-03";"UEMOA : La 7e édition du « Mois du consommer local » veut renforcer les échanges et la souveraineté économique régionale";"https://lefaso.netspip.php?article149678"
"Le Faso (BF)";"FR";"2026-10-03";"UEMOA/Paiements instantanés : 175 participants dont 20 au Burkina Faso sont autorisés à ouvrir au public les services de PI-SPI";"https://lefaso.netspip.php?article149683"
"Le Faso (BF)";"FR";"2026-10-03";"Ouagadougou : L’ABNORM ferme quatre boulangeries pour non conformité du poids du pain ‎";"https://lefaso.netspip.php?article149661"
"Le Faso (BF)";"FR";"2026-10-03";"Fonds de soutien patriotique : Plus de 250 milliards de FCFA mobilisés au 29 septembre 2026";"https://lefaso.netspip.php?article149635"
"Le Faso (BF)";"FR";"2026-10-03";"Microfinance au Burkina Faso : Le RCPB adapte son organisation à la nouvelle réglementation";"https://lefaso.netspip.php?article149628"
"Le Faso (BF)";"FR";"2026-10-03";"Camp Vacances karaté du club Saint-Nazareth de Tanghin : Les tout-petits ont appris, les grands ont renforcé leurs capacités";"https://lefaso.netspip.php?article149650"
"Le Faso (BF)";"FR";"2026-10-03";"Championnat national de cricket : Dragons Cricket sacré champion de la saison 2025-2026";"https://lefaso.netspip.php?article149610"
"Le Faso (BF)";"FR";"2026-10-03";"Sanfo Cup Maracana 2026 : Alladess s’impose aux tirs au but et décroche le trophée";"https://lefaso.netspip.php?article149624"
"Le Faso (BF)";"FR";"2026-10-03";"Daouda Kader Traoré, karatéka burkinabè : « J’ai décidé de laisser la place aux plus jeunes »";"https://lefaso.netspip.php?article149572"
"Le Faso (BF)";"FR";"2026-10-03";"Can 2032 dans l’espace AES : ""C’est bien possible"", lance le capitaine Ibrahim Traoré";"https://lefaso.netspip.php?article149562"
"Le Faso (BF)";"FR";"2026-10-03";"Musique : Du simple « like » à l’achat, les REMA 2026 veulent convertir les followers";"https://lefaso.netspip.php?article149605"
"Le Faso (BF)";"FR";"2026-10-03";"Nabalüm, dix ans de carrière : Une reine qui ne baisse pas les bras";"https://lefaso.netspip.php?article149529"
"Le Faso (BF)";"FR";"2026-10-03";"SITHO 2026 : Le financement des projets structurants au cœur de la 16ᵉ édition";"https://lefaso.netspip.php?article149427"
"Le Faso (BF)";"FR";"2026-10-03";"Burkina/ Culture : L’institut burkinabè renaitra de ses cendres, foi de Georges Kaboré";"https://lefaso.netspip.php?article149354"
"Le Faso (BF)";"FR";"2026-10-03";"Musée national : L’exposition « Rupture » invite à repenser l’art et le rapport à la société";"https://lefaso.netspip.php?article149350"
"Le Faso (BF)";"FR";"2026-10-03";"UEMOA : Le « Consommer local » au service de l’intégration régionale";"https://lefaso.netspip.php?article149641"
"Le Faso (BF)";"FR";"2026-10-03";"UEMOA : Le volet régional du « Mois du consommer local » prévu du 1er au 4 octobre 2026 à Ouagadougou";"https://lefaso.netspip.php?article149637"
"Le Faso (BF)";"FR";"2026-10-03";"81e AG de l’ONU : ""Nous ne demandons à personne la permission d’exister"" Karamoko Jean Marie Traoré";"https://lefaso.netspip.php?article149590"
"Le Faso (BF)";"FR";"2026-10-03";"Xi Jinping à la Maison Blanche : La journaliste Shanhui Zhang analyse la visite du président chinois aux Etats-Unis";"https://lefaso.netspip.php?article149535"
"Le Faso (BF)";"FR";"2026-10-03";"ONU : Le Burkina Faso plaide pour un développement souverain et une réforme de la finance internationale";"https://lefaso.netspip.php?article149450"
"Le Faso (BF)";"FR";"2026-10-03";"Concours national d’innovation digitale : 208 solutions enregistrées pour Le Faso Digital 2026";"https://lefaso.netspip.php?article149665"
"Le Faso (BF)";"FR";"2026-10-03";"IA générative : Menace ou moteur pour l’emploi ?";"https://lefaso.netspip.php?article149668"
"Le Faso (BF)";"FR";"2026-10-03";"Burkina Faso : « CultivaTech ne supprime pas l’engrais, elle supprime le hasard », explique Wendkuuni Ben Ahmad Tapsoba";"https://lefaso.netspip.php?article149612"
"Le Faso (BF)";"FR";"2026-10-03";"Semaine du numérique 2026 : Le Comité national d’organisation officiellement installé";"https://lefaso.netspip.php?article149595"
"Le Faso (BF)";"FR";"2026-10-03";"Numériser un service ne signifie pas automatiquement le rendre accessible";"https://lefaso.netspip.php?article149479"
"Le Faso (BF)";"FR";"2026-10-03";"Offre de formation en cybersécurité du 15 mai au 20 juillet 2024";"https://lefaso.netspip.php?article130136"
"Le Faso (BF)";"FR";"2026-10-03";"Vœux de nouvel an de Dre Lydia ROUAMBA, Directrice Générale du Centre national de l’Information, de l’Orientation Scolaire et Professionnelle, et des Bourses (CIOSPB)";"https://lefaso.netspip.php?article118725"
"Le Faso (BF)";"FR";"2026-10-03";"CIOSPB : La République de la Tunisie met à la disposition du Burkina Faso des bourses études pour l’année académique 2022-2023";"https://lefaso.netspip.php?article115137"
"Le Faso (BF)";"FR";"2026-10-03";"7e édition de la Semaine nationale de l’Information et de l’Orientation (SIO) : Le Centre National des Œuvres Universitaires (CENOU) communique sur ses prestations aux nouveaux bacheliers";"https://lefaso.netspip.php?article114708"
"Le Faso (BF)";"FR";"2026-10-03";"Année académique 2022-2023 : Le Royaume du Maroc met à la disposition du Burkina Faso, cent-vingt (120) bourses d’études";"https://lefaso.netspip.php?article113781"
"Le Faso (BF)";"FR";"2026-10-03";"Décès de KAFANDO/KAZIENGA PANEMANEGO ODETTE : Faire part";"https://lefaso.netspip.php?article149401"
"Le Faso (BF)";"FR";"2026-10-03";"SOUVERAINETÉ ÉCONOMIQUE : ‎Le Président du Faso inaugure la première raffinerie d’or du Burkina";"https://lefaso.netspip.php?article149600"
"Le Faso (BF)";"FR";"2026-10-03";"Santé de la reproduction : « On estime qu’il y a autour de 30 % de contribution de la planification familiale à la réduction de la (…)";"https://lefaso.netspip.php?article149601"
"Le Faso (BF)";"FR";"2026-10-03";"Décès de SAWADOGO Marie Louise : Remerciements et faire part";"https://lefaso.netspip.php?article149599"
"Le Faso (BF)";"FR";"2026-10-03";"Tourisme au Bankui-Sourou : « Il faut accompagner les projets viables et faire confiance aux acteurs », soutient Lansané Dao,";"https://lefaso.netspip.php?article149526"
"Le Faso (BF)";"FR";"2026-10-03";"Musique : L’artiste Tim Winsey dévoile deux nouveaux albums à Ouagadougou";"https://lefaso.netspip.php?article144306"
"Le Faso (BF)";"FR";"2026-10-03";"Littérature : « Le Blessé de guerre », quand Dié Maurice Millogo transforme les blessures de la pauvreté en force";"https://lefaso.netspip.php?article149455"
"Le Faso (BF)";"FR";"2026-10-03";"Résultats du tirage du Faso Loto WELHY du Vendredi 02 octobre 2026.";"https://lefaso.netspip.php?article149697"
"Le Faso (BF)";"FR";"2026-10-03";"OFFRE LIBRAIRIE : Cette rentrée, payez moins avec Moov Money !";"https://lefaso.netspip.php?article149693"
"Le Faso (BF)";"FR";"2026-10-03";"Annonce legale : vente sur saisie immobiliere sur les diligences de l’avocat poursuivant (Immeuble urbain bâti (…)";"https://lefaso.netspip.php?article149664"
"Le Faso (BF)";"FR";"2026-10-03";"Annonce legale : vente sur saisie immobilière Sur les diligences de l’Avocat poursuivant (Immeuble bâti formant la (…)";"https://lefaso.netspip.php?article149663"
"Le Faso (BF)";"FR";"2026-10-03";"Résultats du tirage du Faso Loto ETOILE BONHEUR du Jeudi 01 octobre 2026";"https://lefaso.netspip.php?article149677"
"Le Faso (BF)";"FR";"2026-10-03";"Avis de vente aux enchères publiques";"https://lefaso.netspip.php?article149669"
"Le Faso (BF)";"FR";"2026-10-03";"Recrutement d’un bureau d’étude pour l’appui technique au SP/CNF dans l’élaboration des outils opérationnels";"https://lefaso.netspip.php?article149627"
"Le Faso (BF)";"FR";"2026-10-03";"Ecobank souhaite une excellente rentrée scolaire à tous les élèves, étudiants, parents et enseignants du Burkina Faso.";"https://lefaso.netspip.php?article149604"
"Le Faso (BF)";"FR";"2026-10-03";"Décès de Madame ZOUNGRANA/KABORÉ Dakiswinigda Rose Aïda : Remerciements";"https://lefaso.netspip.php?article148376"
"Le Faso (BF)";"FR";"2026-10-03";"Messe de requiem de Dima Fidéle";"https://lefaso.netspip.php?article148292"
"Le Faso (BF)";"FR";"2026-10-03";"Décès de Sompagnimdi Philippe Honoré OUEDRAOGO : REMERCIEMENTS & FAIRE-PART";"https://lefaso.netspip.php?article148049"
"Le Faso (BF)";"FR";"2026-10-03";"Programme des obsèques de Tapsoba née Nikiema G. Rosalie";"https://lefaso.netspip.php?article148026"
"Le Faso (BF)";"FR";"2026-10-03";"Décès de OUEDRAOGO Stéphane : Faire part";"https://lefaso.netspip.php?article149670"
"Le Faso (BF)";"FR";"2026-10-03";"Décès de El-Hajj NANA SOUMAILA : Remerciements";"https://lefaso.netspip.php?article149642"
"Le Faso (BF)";"FR";"2026-10-03";"Faire-part de Doua de Dr (El Hadj) Diarra Pierre Claver Osmane";"https://lefaso.netspip.php?article149690"
"Le Faso (BF)";"FR";"2026-10-03";"In memoriam : Kaboré Sibiri Dieudonné";"https://lefaso.netspip.php?article149686"
"Le Faso (BF)";"FR";"2026-10-03";"In memoriam : Mme Ouédraogo née Sawadogo Talato Natacha";"https://lefaso.netspip.php?article149648"
"Le Faso (BF)";"FR";"2026-10-03";"Décès de ZONGO Moussa Marcel : Remerciements";"https://lefaso.netspip.php?article149560"
"Le Faso (BF)";"FR";"2026-10-03";"Décès de Lazare ZONGO : Faire part";"https://lefaso.netspip.php?article149671"
"Le Faso (BF)";"FR";"2026-10-03";"Décès de KAGAMBEGA née ZONGO Julienne : Faire-part";"https://lefaso.netspip.php?article149647"
"Le Faso (BF)";"FR";"2026-10-03";"Sciences : Gaëlle Koné est partie de la curiosité pour les cellules à la recherche d’une piste contre le cancer";"https://lefaso.netspip.php?article149613"
"Le Faso (BF)";"FR";"2026-10-03";"Coopération : Evelyne Dabiré nommée ambassadrice extraordinaire  et plénipotentiaire du Canada près le Bénin";"https://lefaso.netspip.php?article147766"
"Le Faso (BF)";"FR";"2026-10-03";"Fraude financière : La BCEAO alerte sur une fausse vidéo utilisant l’image de son gouverneur, Jean-Claude Kassi Brou";"https://lefaso.netspip.php?article149324"
"Le Faso (BF)";"FR";"2026-10-03";"Maroc : Fatima Ezzahra El Mansouri, première femme nommée à la tête du gouvernement";"https://lefaso.netspip.php?article149633"
"Le Faso (BF)";"FR";"2026-10-03";"Modernisation des services consulaires : Le Burkina Faso lance YORI ID aux États-Unis";"https://lefaso.netspip.php?article149615"
"Le Faso (BF)";"FR";"2026-10-03";"Faune sauvage : Un crocodile capturé dans un cabaret au secteur 3 de Fada N’Gourma";"https://lefaso.netspip.php?article149406"
"Le Faso (BF)";"FR";"2026-10-03";"Dynamiques organisationnelles et interactions des acteurs de la filière bétail-viande au Burkina Faso";"https://lefaso.netspip.php?article149344"
"Le Faso (BF)";"FR";"2026-10-03";"Comment s’adapter aux effets des changements climatiques dans la commune rurale de Koumbia au Burkina Faso";"https://lefaso.netspip.php?article149339"
"Le Faso (BF)";"FR";"2026-10-03";"Perceptions et stratégies d’adaptation des agropasteurs du changement climatique au Burkina Faso";"https://lefaso.netspip.php?article149338"
"Le Faso (BF)";"FR";"2026-10-03";"Ouagadougou : 1 702 motos et 25 tricycles mis en fourrière pour défaut de casque";"https://lefaso.netspip.php?article149691#forum"
"Le Faso (BF)";"FR";"2026-10-03";"Maroc : Fatima Ezzahra El Mansouri, première femme nommée à la tête du gouvernement";"https://lefaso.netspip.php?article149633#forum"
"Le Faso (BF)";"FR";"2026-10-03";"Relations internationales : Israël de plus en plus isolé et décrié";"https://lefaso.netspip.php?article149577#forum"
"Le Faso (BF)";"FR";"2026-10-03";"Burkina/Rentrée scolaire 2026-2027 : Les élèves ont repris le chemin des classes";"https://lefaso.netspip.php?article149684#forum"
"Le Faso (BF)";"FR";"2026-10-03";"Burkina Faso : SenMoto, la plateforme qui digitalise la vente de motos";"https://lefaso.netspip.php?article149685#forum"
"Le Faso (BF)";"FR";"2026-10-03";"Ouagadougou : L’ABNORM ferme quatre boulangeries pour non conformité du poids du pain ‎";"https://lefaso.netspip.php?article149661#forum"
"Le Faso (BF)";"FR";"2026-10-03";"‎Burkina : L’Église Catholique fait don de 88 tonnes de ciment à Faso Mêbo ‎";"https://lefaso.netspip.php?article149672#forum"
"Le Faso (BF)";"FR";"2026-10-03";"Nuit de la RPP : Burkinabè et Africains soutiennent le capitaine Ibrahim Traoré dans une ""mobilisation historique et exceptionnelle""";"https://lefaso.netspip.php?article149654#forum"
"Le Faso (BF)";"FR";"2026-10-03";"Décès de El-Hajj NANA SOUMAILA : Remerciements";"https://lefaso.netspip.php?article149642#forum"
"Le Faso (BF)";"FR";"2026-10-03";"Burkina : Les députés adoptent à l’unanimité la loi de finances rectificative pour l’exécution du budget de l’État, exercice 2026";"https://lefaso.netspip.php?article149454#forum"
"Le Faso (BF)";"FR";"2026-10-03";"SOUVERAINETÉ ÉCONOMIQUE : ‎Le Président du Faso inaugure la première raffinerie d’or du Burkina";"https://lefaso.netspip.php?article149600#forum"
"Le Faso (BF)";"FR";"2026-10-03";"Statut de la réserve militaire : Deux catégories de réservistes prévues par le texte";"https://lefaso.netspip.php?article146748#forum"
"Le Faso (BF)";"FR";"2026-10-03";"Volontariat national : Le Burkina Faso ambitionne de constituer un vivier d’un million de réservistes en cinq ans";"https://lefaso.netspip.php?article149349#forum"
"Le Faso (BF)";"FR";"2026-10-03";"GIZ : Appel à proposition pour des travaux d’installations électriques à Fada N’Gourma";"https://lefaso.netspip.php?article144705#forum"
"Le Faso (BF)";"FR";"2026-10-03";"Bobo-Dioulasso : La CNSS outille des employeurs sur la plateforme e-CNSS";"https://lefaso.netspip.php?article149643#forum"
"Le Faso (BF)";"FR";"2026-10-03";"A propos...";"https://lefaso.net/spip.php?article29&rubrique17"
"Le Faso (BF)";"FR";"2026-10-03";"Publicité";"https://lefaso.net/spip.php?article5736&rubrique17t"
"Le Faso (BF)";"FR";"2026-10-03";"Partenariat";"https://lefaso.net/spip.php?article30&rubrique17"
"Le Faso (BF)";"FR";"2026-10-03";"Nous contacter";"https://lefaso.net/spip.php?article32&rubrique17"
"La Nation (BJ)";"FR";"2026-10-03";"Tourisme : le Bénin peut s’inspirer du modèle touristique mauricien";"https://lanation.bj/economie/tourisme-le-benin-peut-sinspirer-du-modele-touristique-mauricien"
"La Nation (BJ)";"FR";"2026-10-03";"02 oct. 2026";"https://lanation.bj/economie/tourisme-le-benin-peut-sinspirer-du-modele-touristique-mauricien"
"La Nation (BJ)";"FR";"2026-10-03";"Investissements stratégiques en Afrique de l'Ouest: 390 millions de dollars approuvés";"https://lanation.bj/economie/investissements-strategiques-en-afrique-de-louest-390-millions-de-dollars-approuves"
"La Nation (BJ)";"FR";"2026-10-03";"02 oct. 2026";"https://lanation.bj/economie/investissements-strategiques-en-afrique-de-louest-390-millions-de-dollars-approuves"
"La Nation (BJ)";"FR";"2026-10-03";"Lutte contre les flux financiers illicites: La prédominance du cash, un défi pour la traçabilité financière";"https://lanation.bj/economie/lutte-contre-les-flux-financiers-illicites-la-predominance-du-cash-un-defi-pour-la-tracabilite-financiere"
"La Nation (BJ)";"FR";"2026-10-03";"02 oct. 2026";"https://lanation.bj/economie/lutte-contre-les-flux-financiers-illicites-la-predominance-du-cash-un-defi-pour-la-tracabilite-financiere"
"La Nation (BJ)";"FR";"2026-10-03";"Investissements stratégiques en Afrique de l'Ouest: 390 millions de dollars approuvés
                            
                                                            Lecture de 3 min";"https://lanation.bj/economie/investissements-strategiques-en-afrique-de-louest-390-millions-de-dollars-approuves"
"La Nation (BJ)";"FR";"2026-10-03";"Lutte contre les flux financiers illicites: La prédominance du cash, un défi pour la traçabilité financière
                            
                                                            Lecture de 3 min";"https://lanation.bj/economie/lutte-contre-les-flux-financiers-illicites-la-predominance-du-cash-un-defi-pour-la-tracabilite-financiere"
"La Nation (BJ)";"FR";"2026-10-03";"Participation du Bénin au Forum Alamein Africa en Egypte et relations entre les deux pays: L'ambassadrice Ragaa Elwakeel évoque les grands enjeux
                            
                                                            Lecture de 3 min";"https://lanation.bj/economie/participation-du-benin-au-forum-alamein-africa-en-egypte-et-relations-entre-les-deux-pays-lambassadrice-ragaa-elwakeel-evoque-les-grands-enjeux"
"La Nation (BJ)";"FR";"2026-10-03";"Programme CyberIncub: Trois startups béninoises de cybersécurité distinguées";"https://lanation.bj/economie/programme-cyberincub-trois-startups-beninoises-de-cybersecurite-distinguees"
"Graphic Online (GH)";"EN";"2026-10-03";"Politics";"/news/politics.html"
"Graphic Online (GH)";"EN";"2026-10-03";"Business News";"/business/business-news.html"
"Graphic Online (GH)";"EN";"2026-10-03";"Companies";"/business/gb-companies.html"
"Graphic Online (GH)";"EN";"2026-10-03";"Markets";"/business/markets.html"
"Graphic Online (GH)";"EN";"2026-10-03";"Opinion";"/business/opinion.html"
"Graphic Online (GH)";"EN";"2026-10-03";"Auto News";"/business/ghana-auto-industry-news.html"
"Graphic Online (GH)";"EN";"2026-10-03";"Govt tables new proposals to teachers";"/news/education/ghana-news-govt-tables-new-proposals-to-teachers.html"
"Graphic Online (GH)";"EN";"2026-10-03";"Aftermath of North Industrial Area fire affected traders count...";"/news/general-news/ghana-news-aftermath-of-north-industrial-area-fire-duraplast-affected-traders-count-their-cost.html"
"Graphic Online (GH)";"EN";"2026-10-03";"La Pleasure Beach at ground zero - National Security demolishes...";"/news/general-news/ghana-news-la-pleasure-beach-at-ground-zero-national-security-demolishes-all-structures.html"
"Graphic Online (GH)";"EN";"2026-10-03";"NACOC begins pre-screening checks at Accra International Airport";"/news/general-news/nacoc-begins-pre-screening-checks-at-accra-international-airport.html"
"Graphic Online (GH)";"EN";"2026-10-03";"Who chairs NPP into 2028?";"/news/general-news/ghana-news-who-chairs-npp-into-2028-tomorrows-national-delegates-conference-decide.html"
"Graphic Online (GH)";"EN";"2026-10-03";"North Industrial Area fire: AMA clears unauthorised structures at Kofikrom";"/news/general-news/north-industrial-area-fire-ama-clears-unauthorised-structures-at-kofikrom.html"
"Graphic Online (GH)";"EN";"2026-10-03";"Manhyia South MP Baffour Awuah surrenders to EOCO, arrested";"/news/general-news/manhyia-south-mp-baffour-awuah-surrenders-to-eoco-arrested.html"
"Graphic Online (GH)";"EN";"2026-10-03";"Dr Sylvia Adusu sworn in as first African woman on ITLOS";"/news/general-news/ghana-news-dr-sylvia-adusu-sworn-in-as-first-african-woman-on-itlos.html"
"Graphic Online (GH)";"EN";"2026-10-03";"World Congress to drive spiritual revival, boost nation’s economy — Rev. Wengam";"/news/general-news/ghana-news-world-congress-to-drive-spiritual-revival-boost-nations-economy-rev-wengam.html"
"Graphic Online (GH)";"EN";"2026-10-03";"Witchweed eats into crop harvests in northern Ghana";"/news/general-news/ghana-news-witchweed-eats-into-crop-harvests-in-northern-ghana.html"
"Graphic Online (GH)";"EN";"2026-10-03";"MT Asharami Ghana vessel arrives to enhance LPG supply";"/news/general-news/ghana-news-mt-asharami-ghana-vessel-arrives-to-enhance-lpg-supply.html"
"Graphic Online (GH)";"EN";"2026-10-03";"SSNIT increases stake in Société Générale Ghana to 24.36%";"/business/business-news/ssnit-increases-stake-in-societe-generale-ghana-to-24-36.html"
"Graphic Online (GH)";"EN";"2026-10-03";"Societe Generale exits Ghana, sells stake to Attijariwafa Bank and SSNIT";"/business/business-news/societe-generale-exits-ghana-sells-stake-to-attijariwafa-bank-and-ssnit.html"
"Graphic Online (GH)";"EN";"2026-10-03";"Fire Service controls Avenor fire incident [VIDEO]";"/news/general-news/fire-outbreak-at-avenor-in-accra.html"
"Graphic Online (GH)";"EN";"2026-10-03";"Tullow to cough up $393m tax - Loses legal battle against GRA";"/news/general-news/ghana-news-tullow-to-cough-up-393m-tax-loses-legal-battle-against-gra.html"
"Graphic Online (GH)";"EN";"2026-10-03";"GAPTE must stick to advertised times for the contra-flow system — Local Minister";"/news/general-news/ghana-news-gapte-must-stick-to-advertised-times-for-the-contra-flow-system-local-minister.html"
"Graphic Online (GH)";"EN";"2026-10-03";"TraffiTech-GH: Emergency, security vehicles exempt from speeding tickets";"/news/general-news/ghana-news-traffitech-gh-emergency-security-vehicles-exempt-from-speeding-tickets.html"
"Graphic Online (GH)";"EN";"2026-10-03";"See list of latest 110 unrecognised institutions by GTEC as of end of September 2026 due to quality assurance concerns";"/news/education/see-list-of-latest-110-unrecognised-institutions-by-gtec-as-of-end-of-september-2026-due-to-quality-assurance-concerns.html"
"Graphic Online (GH)";"EN";"2026-10-03";"CSSPS Resolution Centre resolves over 30,000 issues";"/news/education/ghana-news-cssps-resolution-centre-resolves-over-30-000-issues.html"
"Graphic Online (GH)";"EN";"2026-10-03";"Hohoe floods recede, 5,336 homeless";"/news/general-news/ghana-news-hohoe-floods-recede-5-336-homeless.html"
"Graphic Online (GH)";"EN";"2026-10-03";"Ghana Law Society launched at maiden annual conference";"/news/general-news/ghana-news-ghana-law-society-launched-at-maiden-annual-conference.html"
"Graphic Online (GH)";"EN";"2026-10-03";"GoldBod generates $1.8bn in foreign exchange in September - Exceeds target by $471m";"/news/general-news/ghana-news-goldbod-generates-1-8bn-in-foreign-exchange-in-september-exceeds-target-by-471m.html"
"Graphic Online (GH)";"EN";"2026-10-03";"Review offshore gold reconnaissance licences - CSOs to govt";"/news/general-news/ghana-news-review-offshore-gold-reconnaissance-licences-csos-to-govt.html"
"Graphic Online (GH)";"EN";"2026-10-03";"New association for lawyers, Ghana Law Society officially launched by Speaker Alban Bagbin";"/news/general-news/new-association-for-lawyers-ghana-law-society-officially-launched-by-speaker-alban-bagbin.html"
"Graphic Online (GH)";"EN";"2026-10-03";"Roads Minister says it is time to change one-year defect liability period for contractors, consultants";"/news/general-news/roads-minister-says-it-is-time-to-change-one-year-defect-liability-period-for-contractors-consultants.html"
"Graphic Online (GH)";"EN";"2026-10-03";"BoG’s personnel costs double to GH¢3.29bn in 3 years";"/business/business-news/but-governor-says-more-hands-needed-for-evolving-mandate.html"
"Graphic Online (GH)";"EN";"2026-10-03";"VIDEO: ‘Stop rewarding people with bitter tongues’ - Speaker Bagbin  to political leaders";"/news/politics/stop-rewarding-people-with-bitter-tongues-speaker-bagbin-to-political-leaders.html"
"Graphic Online (GH)";"EN";"2026-10-03";"Ghana wins US$393m Tullow tax arbitration";"/news/general-news/ghana-wins-us-393m-tullow-tax-arbitration.html"
"Graphic Online (GH)";"EN";"2026-10-03";"Akyem Hemang residents demand justice for man shot and killed at mining site by suspected military men";"/news/general-news/akyem-hemang-residents-demand-justice-for-man-shot-and-killed-at-mining-site-by-suspect-military-men.html"
"Graphic Online (GH)";"EN";"2026-10-03";"US health aid to Ghana not cut abruptly: 3-Year releases planned before USAID closure — US Embassy";"/news/general-news/ghana-news-us-health-aid-to-ghana-not-cut-abruptly-3-year-releases-planned-before-usaid-closure-us-embassy.html"
"Graphic Online (GH)";"EN";"2026-10-03";"MTN moves to bridge digital gap among SMEs";"/news/general-news/mtn-moves-to-bridge-digital-gap-among-smes.html"
"Graphic Online (GH)";"EN";"2026-10-03";"GES directs school heads to refund unauthorised fees";"/news/education/ghana-news-ges-directs-school-heads-to-refund-unauthorised-fees.html"
"Graphic Online (GH)";"EN";"2026-10-03";"Narcotics seizures: Speaker Bagbin dismisses Private Members’ motion calling for parliamentary probe";"/news/politics/narcotics-seizures-speaker-bagbin-dismisses-private-members-motion-calling-for-parliamentary-probe.html"
"Graphic Online (GH)";"EN";"2026-10-03";"Speaker backs President’s call for national dialogue on hate speech";"/news/politics/speaker-backs-presidents-call-for-national-dialogue-on-hate-speech.html"
"Graphic Online (GH)";"EN";"2026-10-03";"La Pleasure Beach at ground zero - National Security demolishes all structures";"/news/general-news/ghana-news-la-pleasure-beach-at-ground-zero-national-security-demolishes-all-structures.html"
"Graphic Online (GH)";"EN";"2026-10-03";"Aftermath of North Industrial Area fire affected traders count their cost";"/news/general-news/ghana-news-aftermath-of-north-industrial-area-fire-duraplast-affected-traders-count-their-cost.html"
"Graphic Online (GH)";"EN";"2026-10-03";"Happy 76th Birthday to the Daily Graphic!";"/news/general-news/happy-76th-birthday-to-the-daily-graphic.html"
"Graphic Online (GH)";"EN";"2026-10-03";"Military begins demolition at La Pleasure Beach as MP Rita Naa Odoley Sowah resists";"/news/general-news/military-begins-demolition-at-la-pleasure-beach-as-mp-rita-naa-odoley-sowah-resists.html"
"Graphic Online (GH)";"EN";"2026-10-03";"Deputy Attorney-General Srem-Sai on why EOCO moved in to arrest Manhyia South MP Baffour Awuah last week";"/news/general-news/why-eoco-moved-to-arrest-baffour-awuah-before-warrant-srem-sai-explains.html"
"Graphic Online (GH)";"EN";"2026-10-03";"Ghana Politics";"/news/politics.html"
"Graphic Online (GH)";"EN";"2026-10-03";"General News";"/news/general-news.html"
"Graphic Online (GH)";"EN";"2026-10-03";"Education News";"/news/education.html"
"Graphic Online (GH)";"EN";"2026-10-03";"News in Ghana";"/news/general-news.html"
"Malijet (ML)";"FR";"2026-10-03";"Politique";"https://malijet.com/actualite-politique-au-mali"
"Malijet (ML)";"FR";"2026-10-03";"Economie";"https://malijet.com/actualite_economique_du_mali"
"Malijet (ML)";"FR";"2026-10-03";"Sports";"https://malijet.com/actualite_sportive_au_mali"
"Malijet (ML)";"FR";"2026-10-03";"Culture";"https://malijet.com/actualite_culturelle_au_mali"
"Malijet (ML)";"FR";"2026-10-03";"International";"https://malijet.com/actualite_internationale"
"Malijet (ML)";"FR";"2026-10-03";"AES";"https://malijet.com/actualite-sur-aes"
"Malijet (ML)";"FR";"2026-10-03";"Afrique";"https://malijet.com/actualite-sur-afrique"
"Malijet (ML)";"FR";"2026-10-03";"Célébration du 66ᵉ anniversaire de l’Armée de Terre malienne";"https://malijet.com/actualite_de_la_nation_malienne/312134-celebration-du-66-anniversaire-de-larmee-de-terre-malienne.html"
"Malijet (ML)";"FR";"2026-10-03";"Carnet d’audience: Chambre de commerce et d’industrie du Mali CCIM";"https://malijet.com/actualite_economique_du_mali/312104-carnet-daudience-chambre-de-commerce-et-dindustrie-du-mal.html"
"Malijet (ML)";"FR";"2026-10-03";"Mines : Le Burkina Faso inaugure sa première raffinerie d'or, un « acte de souveraineté assumée »";"https://malijet.com/actualite_economique_du_mali/312078-mines-le-burkina-faso-inaugure-sa-premiere-raffinerie-dor.html"
"Malijet (ML)";"FR";"2026-10-03";"Addis-Abeba : le Mali met en avant sa diplomatie et ses relations avec l’Éthiopie";"https://malijet.com/actualite-politique-au-mali/312053-addis-abeba-le-mali-met-en-avant-sa-diplomatie-et-ses-rela.html"
"Malijet (ML)";"FR";"2026-10-03";"Intégration économique : L'AES prépare son 5e sommet ministériel à Bamako";"https://malijet.com/actualite_economique_du_mali/312035-integration-economique-laes-prepare-son-5e-sommet-ministe.html"
"Malijet (ML)";"FR";"2026-10-03";"UEMOA : les ministres adoptent de nouvelles mesures pour renforcer l’intégration régionale";"https://malijet.com/actualite_economique_du_mali/312147-uemoa-les-ministres-adoptent-de-nouvelles-mesures-pour-ren.html"
"Malijet (ML)";"FR";"2026-10-03";"Niger-Russie : Abdourahamane Tiani appelle à accélérer les projets de coopération";"https://malijet.com/actualite-sur-afrique/312145-niger-russie-abdourahamane-tiani-appelle-a-accelerer-les-p.html"
"Malijet (ML)";"FR";"2026-10-03";"Diplomatie : Le Mali célèbre l'indépendance de la Guinée, rappelant la fraternité entre « deux poumons d'un même corps »";"https://malijet.com/actualite-politique-au-mali/312143-diplomatie-le-mali-celebre-lindependance-de-la-guinee-ra.html"
"Malijet (ML)";"FR";"2026-10-03";"Premier pari confédéral AES : 150 millions de FCFA en jeu et une œuvre communautaire pour célébrer la coopération entre le Burkina Faso, le Mali et le Niger";"https://malijet.com/actualite-sur-aes/312142-premier-pari-confederal-aes-150-millions-de-fcfa-en-jeu-et.html"
"Malijet (ML)";"FR";"2026-10-03";"Guinée-Bisseau : Le Haut commandement militaire interdit le retour de l'ancien président Umaro Sissoco Embaló";"https://malijet.com/actualite-sur-afrique/312141-guinee-bisseau-le-haut-commandement-militaire-interdit-le.html"
"Malijet (ML)";"FR";"2026-10-03";"Troisième réunion du Comité de pilotage du Programme MPRR-SSA à Bamako";"https://malijet.com/actualite-politique-au-mali/312139-troisieme-reunion-du-comite-de-pilotage-du-programme-mprr-ss.html"
"Malijet (ML)";"FR";"2026-10-03";"Investissement : La Banque mondiale exprime son intérêt pour le Forum du Mali Kura lors d'une rencontre avec l'API-Mali";"https://malijet.com/actualite_economique_du_mali/312138-investissement-la-banque-mondiale-exprime-son-interet-pour.html"
"Malijet (ML)";"FR";"2026-10-03";"Voir tout →";"https://malijet.com/actualite-politique-au-mali"
"Malijet (ML)";"FR";"2026-10-03";"Diplomatie : Abdoulaye Diop clôture sa mission à New York avec l'Iran et l'ONU";"https://malijet.com/actualite-politique-au-mali/312086-diplomatie-abdoulaye-diop-cloture-sa-mission-a-new-york-av.html"
"Malijet (ML)";"FR";"2026-10-03";"Voir tout →";"https://malijet.com/actualite_economique_du_mali"
"Malijet (ML)";"FR";"2026-10-03";"Le lancement du forum d’investissement de la CEDEAO 2027 mobilise investisseurs et partenaires en faveur de la transformation de l’Afrique de l’ouest";"https://malijet.com/actualite_economique_du_mali/312116-le-lancement-du-forum-dinvestissement-de-la-cedeao-2027-mob.html"
"Malijet (ML)";"FR";"2026-10-03";"Mali : création d’une Agence pour la recherche et le développement des ressources minérales";"https://malijet.com/actualite_economique_du_mali/312110-mali-creation-dune-agence-pour-la-recherche-et-le-develop.html"
"Malijet (ML)";"FR";"2026-10-03";"Voir tout →";"https://malijet.com/actualite_sportive_au_mali"
"Malijet (ML)";"FR";"2026-10-03";"UFOA-A U20 : le Mali connaît ses adversaires";"https://malijet.com/actualite_sportive_au_mali/312133-ufoa-a-u20-le-mali-connait-ses-adversaires.html"
"Malijet (ML)";"FR";"2026-10-03";"Amical : le Mali et le Maroc se neutralisent à Rabat";"https://malijet.com/actualite_sportive_au_mali/312130-amical-le-mali-et-le-maroc-se-neutralisent-a-rabat.html"
"Malijet (ML)";"FR";"2026-10-03";"UFOA-A U-20 : le tirage au sort du tournoi effectué à Bamako";"https://malijet.com/actualite_sportive_au_mali/312128-ufoa-a-u-20-le-tirage-au-sort-du-tournoi-effectue-a-bamako.html"
"Malijet (ML)";"FR";"2026-10-03";"Basketball : fin de l’Interligues 2026";"https://malijet.com/actualite_sportive_au_mali/312126-basketball-fin-de-linterligues-2026.html"
"Malijet (ML)";"FR";"2026-10-03";"Voir tout →";"https://malijet.com/actualite_internationale"
"Malijet (ML)";"FR";"2026-10-03";"Sondage CGTN: La « Golden Week » témoigne de la vigueur de l'économie des vacances en Chine";"https://malijet.com/actualite_internationale/312132-sondage-cgtn-la-golden-week-temoigne-de-la-vigueur-de-l.html"
"Malijet (ML)";"FR";"2026-10-03";"Flydubai : bagarre, tentative de suicide, 11 septembre évité… ce que l’on sait de l’incident en plein vol";"https://malijet.com/actualite_internationale/312117-flydubai-bagarre-tentative-de-suicide-11-septembre-evite.html"
"Malijet (ML)";"FR";"2026-10-03";"Iran : une chanteuse condamnée à 74 coups de fouet";"https://malijet.com/actualite_internationale/312075-iran-une-chanteuse-condamnee-a-74-coups-de-fouet.html"
"Malijet (ML)";"FR";"2026-10-03";"Crash d'Air Algérie : la compagnie Swiftair condamnée à une amende de 225.000 euros pour homicides involontaires";"https://malijet.com/actualite_internationale/312064-crash-dair-algerie-la-compagnie-swiftair-condamnee-a-une.html"
"Malijet (ML)";"FR";"2026-10-03";"Voir tout →";"https://malijet.com/actualite-sur-aes"
"Malijet (ML)";"FR";"2026-10-03";"Jeunesse : L'AES lance son Université d'été des volontaires à Niamey pour bâtir une citoyenneté sahélienne commune";"https://malijet.com/actualite-sur-aes/312084-jeunesse-laes-lance-son-universite-dete-des-volontaires.html"
"Malijet (ML)";"FR";"2026-10-03";"AES : les ministres de l’Industrie et du Commerce adoptent une feuille de route à Bamako";"https://malijet.com/actualite-sur-aes/312083-aes-les-ministres-de-lindustrie-et-du-commerce-adoptent-u.html"
"Malijet (ML)";"FR";"2026-10-03";"AES : Abdoulaye Maïga échange avec les ministres de l’Industrie et du Commerce";"https://malijet.com/actualite-sur-aes/312068-aes-abdoulaye-maiga-echange-avec-les-ministres-de-lindust.html"
"Malijet (ML)";"FR";"2026-10-03";"Mines : Le Burkina Faso inaugure sa première raffinerie d'or, un « acte de souveraineté assumée »
                
                                    
                il y a 3 jours";"https://malijet.com/actualite_economique_du_mali/312078-mines-le-burkina-faso-inaugure-sa-premiere-raffinerie-dor.html"
"Malijet (ML)";"FR";"2026-10-03";"Iran : une chanteuse condamnée à 74 coups de fouet
                
                                    
                il y a 4 jours";"https://malijet.com/actualite_internationale/312075-iran-une-chanteuse-condamnee-a-74-coups-de-fouet.html"
"Malijet (ML)";"FR";"2026-10-03";"Niger-Russie : Abdourahamane Tiani appelle à accélérer les projets de coopération
                                        il y a 12 heures";"https://malijet.com/actualite-sur-afrique/312145-niger-russie-abdourahamane-tiani-appelle-a-accelerer-les-p.html"
"Malijet (ML)";"FR";"2026-10-03";"Guinée-Bisseau : Le Haut commandement militaire interdit le retour de l'ancien président Umaro Sissoco Embaló
                                        2 commentaires
                                        il y a 19 heures";"https://malijet.com/actualite-sur-afrique/312141-guinee-bisseau-le-haut-commandement-militaire-interdit-le.html"
"Malijet (ML)";"FR";"2026-10-03";"Guinée : Mamadi Doumbouya place la jeunesse et la souveraineté au cœur du 68ᵉ anniversaire de l'indépendance
                                        il y a 1 jour";"https://malijet.com/actualite-sur-afrique/312131-guinee-mamadi-doumbouya-place-la-jeunesse-et-la-souveraine.html"
"Malijet (ML)";"FR";"2026-10-03";"Sénégal : L'Assemblée nationale adopte un texte pour mieux encadrer les dépenses de souveraineté
                                        il y a 1 jour";"https://malijet.com/actualite-sur-afrique/312129-senegal-lassemblee-nationale-adopte-un-texte-pour-mieux-e.html"
"Malijet (ML)";"FR";"2026-10-03";"Assemblée nationale ivoirienne : Le député Coulibaly Fononna Cheik Ahmed prend part à l'ouverture de la 2ème session ordinaire de 2026
                                        il y a 1 jour";"https://malijet.com/actualite-sur-afrique/312123-assemblee-nationale-ivoirienne-le-depute-coulibaly-fononna.html"
"Malijet (ML)";"FR";"2026-10-03";"Interpol enquête sur Air Sénégal : colis, drogue et soupçons de trafic
                                        il y a 2 jours";"https://malijet.com/actualite-sur-afrique/312102-interpol-enquete-sur-air-senegal-colis-drogue-et-soupcons.html"
"Malijet (ML)";"FR";"2026-10-03";"Maroc : Fatima Ezzahra El Mansouri nommée cheffe du gouvernement
                                        il y a 2 jours";"https://malijet.com/actualite-sur-afrique/312098-maroc-fatima-ezzahra-el-mansouri-nommee-cheffe-du-gouverne.html"
"Malijet (ML)";"FR";"2026-10-03";"Guinée-Bissau : Embaló annonce sa candidature à la présidentielle
                                        il y a 3 jours";"https://malijet.com/actualite-sur-afrique/312087-guinee-bissau-embalo-annonce-sa-candidature-a-la-president.html"
"Malijet (ML)";"FR";"2026-10-03";"Le chanteur Kizz Daniel annonce le décès de sa mère un an après celui de sa belle-mère
                                        il y a 5 jours";"https://malijet.com/actualite-sur-afrique/312044-le-chanteur-kizz-daniel-annonce-le-deces-de-sa-mere-un-an-ap.html"
"Malijet (ML)";"FR";"2026-10-03";"Sénégal : Le lutteur Reug Reug placé en garde à vue pour une affaire présumée de faux billets
                                        il y a 6 jours";"https://malijet.com/actualite-sur-afrique/312042-senegal-le-lutteur-reug-reug-place-en-garde-a-vue-pour-une.html"
"Malijet (ML)";"FR";"2026-10-03";"Sondage CGTN: La « Golden Week » témoigne de la vigueur de l'économie des vacances en Chine
                                        il y a 23 heures";"https://malijet.com/actualite_internationale/312132-sondage-cgtn-la-golden-week-temoigne-de-la-vigueur-de-l.html"
"Malijet (ML)";"FR";"2026-10-03";"Flydubai : bagarre, tentative de suicide, 11 septembre évité… ce que l’on sait de l’incident en plein vol
                                        il y a 1 jour";"https://malijet.com/actualite_internationale/312117-flydubai-bagarre-tentative-de-suicide-11-septembre-evite.html"
"Malijet (ML)";"FR";"2026-10-03";"Iran : une chanteuse condamnée à 74 coups de fouet
                                        il y a 4 jours";"https://malijet.com/actualite_internationale/312075-iran-une-chanteuse-condamnee-a-74-coups-de-fouet.html"
"Malijet (ML)";"FR";"2026-10-03";"Crash d'Air Algérie : la compagnie Swiftair condamnée à une amende de 225.000 euros pour homicides involontaires
                                        il y a 4 jours";"https://malijet.com/actualite_internationale/312064-crash-dair-algerie-la-compagnie-swiftair-condamnee-a-une.html"
"Malijet (ML)";"FR";"2026-10-03";"ONU : Mamadi Doumbouya présente le « modèle guinéen » à la tribune de l'Assemblée générale
                                        il y a 1 semaine";"https://malijet.com/actualite_internationale/312001-onu-mamadi-doumbouya-presente-le-modele-guineen-a-la-t.html"
"Malijet (ML)";"FR";"2026-10-03";"La Libye dépose sa candidature à un siège de membre non permanent du Conseil de sécurité de l’ONU
                                        il y a 1 semaine";"https://malijet.com/actualite_internationale/311998-la-libye-depose-sa-candidature-a-un-siege-de-membre-non-perm.html"
"Malijet (ML)";"FR";"2026-10-03";"Visite d'État du président Xi Jinping aux États-Unis : « Collaboration structurée, gestion maîtrisée des divergences, responsabilité mondiale partagée »
                                        il y a 1 semaine";"https://malijet.com/actualite_internationale/311996-visite-detat-du-president-xi-jinping-aux-etats-unis-col.html"
"Malijet (ML)";"FR";"2026-10-03";"ONU : António Guterres appelle à l'unité face à un monde « fracturé »
                                        il y a 1 semaine";"https://malijet.com/actualite_internationale/311978-onu-antonio-guterres-appelle-a-lunite-face-a-un-monde-f.html"
"Malijet (ML)";"FR";"2026-10-03";"Réunion de la direction du PCC pour étudier des questions importantes relatives à l'autogouvernance du Parti et fixer les dates du prochain plénum du Parti
                                        il y a 1 semaine";"https://malijet.com/actualite_internationale/311970-reunion-de-la-direction-du-pcc-pour-etudier-des-questions-im.html"
"Malijet (ML)";"FR";"2026-10-03";"Gambie : Les États-Unis restituent 2,5 millions de dollars saisis à l’ancien président Yahya Jammeh
                                        il y a 1 semaine";"https://malijet.com/actualite_internationale/311964-gambie-les-etats-unis-restituent-25-millions-de-dollars-s.html"
"Malijet (ML)";"FR";"2026-10-03";"Mali : création d’une Agence pour la recherche et le développement des ressources minérales
                    2 commentaires
                    il y a 2 jours";"https://malijet.com/actualite_economique_du_mali/312110-mali-creation-dune-agence-pour-la-recherche-et-le-develop.html"
"Malijet (ML)";"FR";"2026-10-03";"Guinée-Bisseau : Le Haut commandement militaire interdit le retour de l'ancien président Umaro Sissoco Embaló
                    2 commentaires
                    il y a 19 heures";"https://malijet.com/actualite-sur-afrique/312141-guinee-bisseau-le-haut-commandement-militaire-interdit-le.html"
"Malijet (ML)";"FR";"2026-10-03";"Économie";"https://malijet.com/actualite_economique_du_mali"
