"Source";"Language";"Date";"Title";"URL"
"VRT NWS (EN)";"EN";"2026-10-08";"Canadese tiener vast op bergwand na routeplanning met AI: ""Gebruik ik nooit meer""";"https://www.vrt.be/vrtnws/nl/2026/10/08/tiener-vast-op-berg-door-ai/?utm_source=corporate&utm_medium=referral&utm_campaign=rssfeed&utm_content=vrt-nws"
"VRT NWS (EN)";"EN";"2026-10-08";"Agressie kost NMBS 95.336 werkuren, vraag naar bodycams blijft groeien";"https://www.vrt.be/vrtnws/nl/2026/10/08/nmbs-wil-bodycams-invoeren-als-oplossing-tegen-agressief-gedrag/?utm_source=corporate&utm_medium=referral&utm_campaign=rssfeed&utm_content=vrt-nws"
"VRT NWS (EN)";"EN";"2026-10-08";"Dode bij steekpartij op Poolse school, 15-jarige oud-leerling opgepakt";"https://www.vrt.be/vrtnws/nl/2026/10/08/dode-bij-steekpartij-op-poolse-school-15-jarige-oud-leerling-op/?utm_source=corporate&utm_medium=referral&utm_campaign=rssfeed&utm_content=vrt-nws"
"VRT NWS (EN)";"EN";"2026-10-08";"Insectenuitwerpselen, drugs en illegale sigaretten: 2 Antwerpse horecazaken moeten tijdelijk dicht";"https://www.vrt.be/vrtnws/nl/2026/10/08/horeca-sint-jansplein-van-kerckhovenstraat-antwerpen-tijdelijk-d/?utm_source=corporate&utm_medium=referral&utm_campaign=rssfeed&utm_content=vrt-nws"
"VRT NWS (EN)";"EN";"2026-10-08";"Stuk koper verdwijnt van brouwketel op rotonde in Hoegaarden: ""Vermoedelijk koperdiefstal""";"https://www.vrt.be/vrtnws/nl/2026/10/08/hoegaarden-brouwketel-koperdiefstal-rotonde/?utm_source=corporate&utm_medium=referral&utm_campaign=rssfeed&utm_content=vrt-nws"
"VRT NWS (EN)";"EN";"2026-10-08";"Hoe uitzonderlijk is aardbeving in West-Vlaanderen? ""Dat mensen het voelen, gebeurt bijna nooit""";"https://www.vrt.be/vrtnws/nl/2026/10/08/aardbeving-ruiselede-wingene/?utm_source=corporate&utm_medium=referral&utm_campaign=rssfeed&utm_content=vrt-nws"
"VRT NWS (EN)";"EN";"2026-10-08";"""Rommelende vrachtwagen, donderslag of ontploffing"": Al meer dan 600 meldingen van aardbeving in Ruiselede en omgeving";"https://www.vrt.be/vrtnws/nl/2026/10/08/aardbeving-ruiselede-sterrenwacht-richter/?utm_source=corporate&utm_medium=referral&utm_campaign=rssfeed&utm_content=vrt-nws"
"VRT NWS (EN)";"EN";"2026-10-08";"Gezocht: 300 moeders en dochters voor vagina-onderzoek van UAntwerpen";"https://www.vrt.be/vrtnws/nl/2026/10/08/vagina-onderzoek-universiteit-antwerpen-oproep-moeders-en-dochte/?utm_source=corporate&utm_medium=referral&utm_campaign=rssfeed&utm_content=vrt-nws"
"VRT NWS (EN)";"EN";"2026-10-08";"Kinderarts Gerlant van Berlaer met enkelband voor raadkamer";"https://www.vrt.be/vrtnws/nl/2026/10/08/kinderarts-gerlant-van-berlaer-met-enkelband-voor-raadkamer/?utm_source=corporate&utm_medium=referral&utm_campaign=rssfeed&utm_content=vrt-nws"
"VRT NWS (EN)";"EN";"2026-10-08";"Politie maakt proces-verbaal op voor driftende Ferrari F40 op Zoute Grand Prix";"https://www.vrt.be/vrtnws/nl/2026/10/08/proces-verbaal-ferrari-donuts-knokke/?utm_source=corporate&utm_medium=referral&utm_campaign=rssfeed&utm_content=vrt-nws"
"VRT NWS (EN)";"EN";"2026-10-08";"Jongen (6) valt uit raam van 2e verdieping in Borsbeek: ""Buiten levensgevaar""";"https://www.vrt.be/vrtnws/nl/2026/10/08/borsbeek-antwerpen-jongen-van-6-valt-uit-raam/?utm_source=corporate&utm_medium=referral&utm_campaign=rssfeed&utm_content=vrt-nws"
"VRT NWS (EN)";"EN";"2026-10-08";"Texas voert eerste executie uit sinds mislukte dodelijke injectie in Tennessee";"https://www.vrt.be/vrtnws/nl/2026/10/08/texas-voert-eerste-executie-uit-sinds-mislukte-dodelijke-injecti/?utm_source=corporate&utm_medium=referral&utm_campaign=rssfeed&utm_content=vrt-nws"
"VRT NWS (EN)";"EN";"2026-10-08";"Geen herstel in Gaza een jaar na het bestand: geen bouwmaterialen, nauwelijks medicatie en dagelijks geweld";"https://www.vrt.be/vrtnws/nl/2026/10/08/3-jaar-7-oktober-gaza-verwoest-staakt-het-vuren-onderwijs-gezond/?utm_source=corporate&utm_medium=referral&utm_campaign=rssfeed&utm_content=vrt-nws"
"VRT NWS (EN)";"EN";"2026-10-08";"Kamercommissie keurt woonstbetredingen goed bij mensen zonder papieren: ""Geen heksenjacht"", zegt Van Bossuyt";"https://www.vrt.be/vrtnws/nl/2026/10/07/woonstbetredingen-kamercommissie/?utm_source=corporate&utm_medium=referral&utm_campaign=rssfeed&utm_content=vrt-nws"
"VRT NWS (EN)";"EN";"2026-10-08";"1 op de 10 fietsers leest al rijdend berichten: 202 euro boete als je wordt betrapt";"https://www.vrt.be/vrtnws/nl/2026/10/08/fietsers-berichten-gsm/?utm_source=corporate&utm_medium=referral&utm_campaign=rssfeed&utm_content=vrt-nws"
"VRT NWS (EN)";"EN";"2026-10-08";"Vlaams Instituut voor Biotechnologie bestaat 30 jaar: ontdek zijn 3 grootste successen";"https://www.vrt.be/vrtnws/nl/2026/09/25/vib-30-jaar-doorbraken/?utm_source=corporate&utm_medium=referral&utm_campaign=rssfeed&utm_content=vrt-nws"
"VRT NWS (EN)";"EN";"2026-10-08";"1 op de 3 Vlaamse volwassenen heeft lage veerkracht, vooral jongeren en vrouwen kwetsbaar";"https://www.vrt.be/vrtnws/nl/2026/10/07/onderzoek-naar-mentale-veerkracht-en-weerbaarheid-vrouwen-jongv/?utm_source=corporate&utm_medium=referral&utm_campaign=rssfeed&utm_content=vrt-nws"
"VRT NWS (EN)";"EN";"2026-10-08";"Waarom China leidingen legt tot aan de maan (en terug) en Europa dat gaat voelen";"https://www.vrt.be/vrtnws/nl/2026/10/07/waarom-china-leidingen-legt-tot-aan-de-maan-en-europa-dat-gaat/?utm_source=corporate&utm_medium=referral&utm_campaign=rssfeed&utm_content=vrt-nws"
"VRT NWS (EN)";"EN";"2026-10-08";"Al meer dan 1.500 bezwaarschriften tegen McDonald's in Schoonbroek: ""Aanval op uniek karakter van ons dorp""";"https://www.vrt.be/vrtnws/nl/2026/10/07/mcdonalds-schoonbroek-retie-1-500-bezwaarschriften/?utm_source=corporate&utm_medium=referral&utm_campaign=rssfeed&utm_content=vrt-nws"
"VRT NWS (EN)";"EN";"2026-10-08";"Wat speelde zich af tijdens fatale autorit? Deze vragen staan centraal op proces over dood van kleuter Dean";"https://www.vrt.be/vrtnws/nl/2026/10/07/assisenproces-dean-start-gent/?utm_source=corporate&utm_medium=referral&utm_campaign=rssfeed&utm_content=vrt-nws"
"VRT NWS (EN)";"EN";"2026-10-08";"Wilde dieren met 73 procent erop achteruitgegaan sinds 1970, maar er is een beetje hoop";"https://www.vrt.be/vrtnws/nl/2026/09/30/populaties-wilde-dieren-op-aarde-met-73-procent-verminderd-gemid/?utm_source=corporate&utm_medium=referral&utm_campaign=rssfeed&utm_content=vrt-nws"
"VRT NWS (EN)";"EN";"2026-10-08";"Xbox heeft opnieuw een uithangbord: 'Gears of War: E-Day'";"https://www.vrt.be/vrtnws/nl/2026/10/07/gears-of-war-e-day-review/?utm_source=corporate&utm_medium=referral&utm_campaign=rssfeed&utm_content=vrt-nws"
"VRT NWS (EN)";"EN";"2026-10-08";"Maricarmen Abascal (87) overleden, hét symbool van de woningcrisis in Spanje";"https://www.vrt.be/vrtnws/nl/2026/10/07/maricarmen-spanje-overleden/?utm_source=corporate&utm_medium=referral&utm_campaign=rssfeed&utm_content=vrt-nws"
"VRT NWS (EN)";"EN";"2026-10-08";"""Beschaving van het Westen staat voor keerpunt"", zegt VS-minister Marco Rubio in decor van Akropolis in Athene";"https://www.vrt.be/vrtnws/nl/2026/10/07/rubio-akropolis-westen-keerpunt/?utm_source=corporate&utm_medium=referral&utm_campaign=rssfeed&utm_content=vrt-nws"
"VRT NWS (EN)";"EN";"2026-10-08";"De vrouw die het lot van Rusland voorspelde: 20 jaar geleden werd Anna Politkovskaja vermoord";"https://www.vrt.be/vrtnws/nl/2026/10/07/20-jaar-dood-anna-politkovskaja/?utm_source=corporate&utm_medium=referral&utm_campaign=rssfeed&utm_content=vrt-nws"
"VRT NWS (EN)";"EN";"2026-10-08";"De fysicus uit Tienen die met 'kosmisch spookdeeltje' Nobelprijs Fysica wint: dit is Francis Halzen (82)";"https://www.vrt.be/vrtnws/nl/2026/10/06/belg-francis-halzen-wint-nobelprijs-voor-natuurkunde/?utm_source=corporate&utm_medium=referral&utm_campaign=rssfeed&utm_content=vrt-nws"
"VRT NWS (EN)";"EN";"2026-10-08";"Lily, Benjamin en Arthur protesteren in Luik tegen de onderwijsbesparingen: ""1 leerkracht voor 35 leerlingen is te weinig""";"https://www.vrt.be/vrtnws/nl/2026/10/06/scholenprotest-waarom-protesteren-de-leerlingen-portret/?utm_source=corporate&utm_medium=referral&utm_campaign=rssfeed&utm_content=vrt-nws"
"VRT NWS (EN)";"EN";"2026-10-08";"Loon van 1.200 euro, huur van 1.600 euro: waarom steeds meer Spanjaarden geen betaalbare woning vinden";"https://www.vrt.be/vrtnws/nl/2026/10/05/hoe-diep-is-de-wooncrisis-in-spanje/?utm_source=corporate&utm_medium=referral&utm_campaign=rssfeed&utm_content=vrt-nws"
"VRT NWS (EN)";"EN";"2026-10-08";"Ondernemer uit Nieuwpoort haalt miljoenen op voor luxeresort in Kaapverdië: project na 4 jaar nog niet gebouwd";"https://www.vrt.be/vrtnws/nl/2026/10/01/hotel-kaapverdie-resort-nieuwpoort-serena-bay/?utm_source=corporate&utm_medium=referral&utm_campaign=rssfeed&utm_content=vrt-nws"
"VRT NWS (EN)";"EN";"2026-10-08";"Zijn je (bank)gegevens gelekt na een cyberaanval of datalek? Zo bescherm je jezelf tegen oplichters";"https://www.vrt.be/vrtnws/nl/2026/10/04/wat-als-je-gegevens-gelekt-zijn-datalek-tim-verheyden/?utm_source=corporate&utm_medium=referral&utm_campaign=rssfeed&utm_content=vrt-nws"
"VRT NWS (EN)";"EN";"2026-10-08";"Van het Jenevermuseum en Bozar tot sociaal-cultureel volwassenenwerk: hier bespaart Vlaams minister Gennez 47 miljoen euro";"https://www.vrt.be/vrtnws/nl/2026/10/01/overzicht-van-besparingen-cultuur-47-miljoen-euro-caroline-genne/?utm_source=corporate&utm_medium=referral&utm_campaign=rssfeed&utm_content=vrt-nws"
"VRT NWS (EN)";"EN";"2026-10-08";"Een woning kopen of een kind krijgen? Bereken hier hoeveel de nieuwe Vlaamse begroting jou kost";"https://www.vrt.be/vrtnws/nl/2026/09/30/kinderbijslag-kindergeld-huis-kopen-bereken-begroting-vlaams/?utm_source=corporate&utm_medium=referral&utm_campaign=rssfeed&utm_content=vrt-nws"
"VRT NWS (EN)";"EN";"2026-10-08";"Warmtepompen als vervanging voor gasketels: wat kosten ze en zijn ze een oplossing voor elk huis?";"https://www.vrt.be/vrtnws/nl/2026/09/17/warmtepompen-warmtenetten-of-hout-en-pelletkachels-alternati/?utm_source=corporate&utm_medium=referral&utm_campaign=rssfeed&utm_content=vrt-nws"
"VRT NWS (EN)";"EN";"2026-10-08";"Hoe goed ken jij de verkeersregels? Test je kennis met deze 10 vragen";"https://www.vrt.be/vrtnws/nl/2026/09/25/verkeersquiz/?utm_source=corporate&utm_medium=referral&utm_campaign=rssfeed&utm_content=vrt-nws"
"VRT NWS (EN)";"EN";"2026-10-08";"""Zet die roze bril af, België"": commandant Oekraïense dronetroepen waarschuwt voor Russische dreiging";"https://www.vrt.be/vrtnws/nl/2026/09/24/oekraine-arnaud-magyar-drones-oorlog-rusland/?utm_source=corporate&utm_medium=referral&utm_campaign=rssfeed&utm_content=vrt-nws"
"VRT NWS (EN)";"EN";"2026-10-08";"Belga Sport over de kampioen van het (gebroken) hart: hoe Schalke 04 zich 4 minuten kampioen waande";"https://sporza.be/nl/2026/10/06/belga-sport-over-de-kampioen-van-het-gebroken-hart-hoe-schalke-04-zich-4-minuten-kampioen-waande~1791283398705/"
"VRT NWS (EN)";"EN";"2026-10-08";"Een voorproefje voor het WK gravel in 2030! Ontdek de Onverhard-route in en om Turnhout";"https://sporza.be/nl/2026/10/08/een-voorproefje-voor-het-wk-gravel-in-2030-ontdek-de-onverhard-route-in-en-om-turnhout~1791450741568/"
"VRT NWS (EN)";"EN";"2026-10-08";"2 keer winnen en toch geen WK? De complexe kwalificatieweg voor de Flames, die vergeten 5e match moeten vrezen";"https://sporza.be/nl/2026/10/08/2-keer-winnen-en-toch-geen-wk-de-complexe-kwalificatieweg-voor-de-flames-die-vergeten-5e-match-moeten-vrezen~1791451813374/"
"VRT NWS (EN)";"EN";"2026-10-08";"Red Dragons slaan nieuwe weg in: Emanuele Zanini is na 5 jaar niet langer bondscoach van nationale ploeg";"https://sporza.be/nl/2026/10/08/red-dragons-slaan-nieuwe-weg-in-emanuele-zanini-is-na-5-jaar-niet-langer-bondscoach-van-nationale-ploeg~1791447090126/"
"VRT NWS (EN)";"EN";"2026-10-08";"Is een harde band altijd beter? Zodra er oneffenheden zijn, heb je energieverlies";"https://sporza.be/nl/2026/10/06/is-een-harde-band-altijd-beter-zodra-er-oneffenheden-zijn-heb-je-energieverlies~1791295078560/"
"VRT NWS (EN)";"EN";"2026-10-08";"Belgische turnmannen verstoppen zich niet richting het WK: ""Het klinkt zot, maar we gaan voor de top 8""";"https://sporza.be/nl/2026/10/07/belgische-turnmannen-verstoppen-zich-niet-richting-het-wk-het-klinkt-zot-maar-we-gaan-voor-de-top-8~1791380196507/"
"VRT NWS (EN)";"EN";"2026-10-08";"NBA-Belgen draaien warm: Ajay Mitchell is terug na blessure, Toumani Camara ziet Lillard én topaanwinst debuteren";"https://sporza.be/nl/2026/10/08/nba-belgen-draaien-warm-ajay-mitchell-is-terug-na-blessure-toumani-camara-ziet-lillard-en-topaanwinst-debuteren~1791441460732/"
"VRT NWS (EN)";"EN";"2026-10-08";"""Dat heeft veel mensen geraakt"": Kompany krijgt prestigieuze onderscheiding in Beieren, die over meer dan voetbal gaat";"https://sporza.be/nl/2026/10/08/-dat-heeft-veel-mensen-geraakt-kompany-krijgt-prestigieuze-onderscheiding-in-beieren-die-over-meer-dan-voetbal-gaat~1791432834273/"
"VRT NWS (EN)";"EN";"2026-10-08";"Na 420 kilometer en zelfs nachtelijke tocht: Valtteri Bottas na opmerkelijke graveltocht aangekomen in Singapore voor F1-race";"https://sporza.be/nl/2026/10/08/na-420-kilometer-en-zelfs-nachtelijke-tocht-valtteri-bottas-na-opmerkelijke-graveltocht-aangekomen-in-singapore-voor-f1-race~1791436705268/"
"VRT NWS (EN)";"EN";"2026-10-08";"Pijnlijke herinnering voor Evenepoel geschrapt, wel explosievere finale: dit is het parcours van de Ronde van Lombardije";"https://sporza.be/nl/2026/10/06/pijnlijke-herinnering-voor-evenepoel-geschrapt-wel-explosievere-finale-dit-is-het-parcours-van-de-ronde-van-lombardije~1791278265493/"
"VRT NWS (EN)";"EN";"2026-10-08";"""Ze zeiden allebei: neen"": scheidsrechtersrel (met mogelijk dure gevolgen) zorgt voor ophef in WNBA";"https://sporza.be/nl/2026/10/08/-ze-zeiden-allebei-neen-scheidsrechtersrel-met-mogelijk-dure-gevolgen-zorgt-voor-ophef-in-wnba~1791434927344/"
"VRT NWS (EN)";"EN";"2026-10-08";"Ex-BMX'ster Elke Vanhoof telt af naar WK baanwielrennen en kijkt ook al verder: ""Ik heb nog veel groeimarge""";"https://sporza.be/nl/2026/10/06/ex-bmx-ster-elke-vanhoof-telt-af-naar-wk-baanwielrennen-en-kijkt-ook-al-verder-ik-heb-nog-veel-groeimarge~1791288788188/"
"VRT NWS (EN)";"EN";"2026-10-08";"Is Marokko de Afrikaanse kampioen? Of toch Senegal? TAS buigt zich vandaag over turbulente Afrika Cup-finale";"https://sporza.be/nl/2026/10/06/is-marokko-de-afrikaanse-kampioen-of-toch-senegal-tas-buigt-zich-vandaag-over-turbulente-afrika-cup-finale~1791277315770/"
"VRT NWS (EN)";"EN";"2026-10-08";"Cristiano Ronaldo reageert op dankwoord van Lionel Messi: ""Alleen maar respect voor wat je met Argentinië hebt bereikt""";"https://sporza.be/nl/2026/10/07/cristiano-ronaldo-reageert-op-dankwoord-van-lionel-messi-alleen-maar-respect-voor-wat-je-met-argentinie-hebt-bereikt~1791398270436/"
"VRT NWS (EN)";"EN";"2026-10-08";"""Mocht hij 10 kilo zwaarder zijn, zou het een massasprinter zijn"": de punch van Jarno Widar, zaterdag cruciaal in Lombardije?";"https://sporza.be/nl/2026/10/07/-mocht-hij-10-kilo-zwaarder-zijn-zou-het-een-massasprinter-zijn-de-punch-van-jarno-widar-zaterdag-cruciaal-in-lombardije~1791376244705/"
"VRT NWS (EN)";"EN";"2026-10-08";"Lionel Messi zwaait af bij Argentinië met 2 assists en een goal: ""Ik zal jullie missen""";"https://sporza.be/nl/2026/10/07/lionel-messi-zwaait-af-bij-argentinie-met-2-assists-en-een-goal~1791375090988/"
"VRT NWS (EN)";"EN";"2026-10-08";"VIDEO - 21 keer Messi-magie, herbeleef al zijn doelpunten op het WK voetbal";"https://sporza.be/nl/2026/10/07/video-21-keer-messi-magie-herbeleef-al-zijn-doelpunten-op-het-wk-voetbal~1791358313343/"
"VRT NWS (EN)";"EN";"2026-10-08";"VIDEO - Met overschot! Paul Magnier snelt eenvoudig naar winst in Binche-Chimay-Binche";"https://sporza.be/nl/2026/10/06/video-met-overschot-paul-magnier-snelt-eenvoudig-naar-winst-i~1791300037634/"
"VRT NWS (EN)";"EN";"2026-10-08";"VIDEO - Linda Riedmann zegeviert na lange lastige slotkilometer in Binche-Chimay-Binche";"https://sporza.be/nl/2026/10/06/video-linda-riedmann-zegeviert-na-lange-lastige-slotkilometer-in-binche-chimay-binche~1791290798335/"
"VRT NWS (EN)";"EN";"2026-10-08";"Het journaal 13u met o.a. de 4-1-nederlaag van de Rode Duivels tegen Frankrijk";"https://sporza.be/nl/2026/10/06/het-journaal-13u-met-o-a-de-4-1-nederlaag-van-de-rode-duivels-t~1791286361374/"
"RTBF Actus (FR)";"FR";"2026-10-08";"Crise du logement en Espagne: manifestations et veillée à Madrid, après le décès de Maricarmen Abascal";"/article/le-prix-nobel-de-litterature-2026-est-attribue-a-l-autrice-anne-carson-11796313"
"RTBF Actus (FR)";"FR";"2026-10-08";"The Social Reckoning, l'avis d'Hugues Dayez";"/article/direct-mobilisation-etudiante-87-arrestations-a-liege-ce-mercredi-le-bourgmestre-justifie-les-interdictions-de-rassemblement-11796688"
"RTBF Actus (FR)";"FR";"2026-10-08";"Augmentation des  abonnements LeTec :  ""un prix juste""";"/article/bart-de-wever-un-dernier-coup-de-pression-pour-la-route-11796804"
"RTBF Actus (FR)";"FR";"2026-10-08";"Le film belge de Géraldine Nakache";"/article/gaetan-delferiere-toujours-plus-anxieux-le-retour-de-la-peste-je-ne-l-avais-pas-mis-dans-mon-bingo-2026-11796802"
"RTBF Actus (FR)";"FR";"2026-10-08";"Le Grand Cactus : La venue du pape !";"/article/la-revue-de-presse-on-a-bien-fait-de-ne-pas-reformer-l-enseignement-flamand-11796803"
"RTBF Actus (FR)";"FR";"2026-10-08";"Qui était vraiment l'Homme au Masque de Fer ?";"/article/la-revue-de-presse-on-a-bien-fait-de-ne-pas-reformer-l-enseignement-flamand-11796803"
"RTBF Actus (FR)";"FR";"2026-10-08";"The Killing fields, les champs de la mort";"/article/les-asbl-un-poids-pour-les-finances-belges-ou-une-ressource-economique-mal-comprise-11796223"
"RTBF Actus (FR)";"FR";"2026-10-08";"Coralie a subi une vaginoplastie de près de 10 heures";"/article/opera-de-cologne-14-ans-de-travaux-1-5-milliard-d-euros-investis-et-des-problemes-techniques-des-la-reouverture-11796862"
"RTBF Actus (FR)";"FR";"2026-10-08";"Si tu penses bien, le nouveau film de Géraldine Nakache";"/article/celeri-remoulade-et-carottes-rapees-ringardise-absolue-ou-fraicheur-moderne-11772088"
"RTBF Actus (FR)";"FR";"2026-10-08";"Tinashe, l’ex-future Beyoncé sacrifiée par son label, prend enfin sa revanche";"/article/skydance-l-empire-a-110-milliards-qui-veut-regner-sur-hollywood-le-streaming-et-l-info-11796757"
"RTBF Actus (FR)";"FR";"2026-10-08";"Primoz Roglic champion d'Europe du chrono... à domicile !";"/article/mobilisation-etudiante-on-est-dans-une-situation-budgetaire-qui-est-difficile-et-qui-nous-impose-de-faire-des-choix-affirme-la-ministre-de-la-jeunessevalerie-lescrenier-11796760"
"RTBF Actus (FR)";"FR";"2026-10-08";"Russie : soupçons de peste après un mystérieux décès";"/article/mobilisation-etudiante-on-est-dans-une-situation-budgetaire-qui-est-difficile-et-qui-nous-impose-de-faire-des-choix-affirme-la-ministre-de-la-jeunessevalerie-lescrenier-11796760"
"RTBF Actus (FR)";"FR";"2026-10-08";"Le prix Nobel de littérature 2026 est attribué à l'autrice Anne Carson";"/article/un-cout-de-4-2-milliards-pour-l-etat-que-sont-ces-societes-de-management-que-certains-partis-de-l-arizona-pointent-du-doigt-11796480"
"RTBF Actus (FR)";"FR";"2026-10-08";"Direct – Mobilisation étudiante : près de 200 arrestations à Liège depuis lundi, une manifestation autorisée se dirige vers la gare des Guillemins";"/article/foot-senegal-et-maroc-se-disputent-la-can-2025-devant-le-tas-11796878"
"RTBF Actus (FR)";"FR";"2026-10-08";"Bart De Wever : un dernier coup de pression, pour la route";"/article/le-ministre-de-l-interieur-bernard-quintin-accuse-les-antifas-pour-les-incidents-de-liege-tous-les-moyens-necessaires-seront-mobilises-11796820"
"RTBF Actus (FR)";"FR";"2026-10-08";"Gaëtan Delferière toujours plus anxieux : ""Le retour de la peste ? Je ne l’avais pas mis dans mon bingo 2026""";"/article/sur-mac-apple-va-limiter-l-acces-au-disque-afin-de-bloquer-les-ia-trop-curieuses-11796654"
"RTBF Actus (FR)";"FR";"2026-10-08";"La revue de presse : ""On a bien fait de ne pas réformer l’enseignement flamand""";"/article/un-jour-une-carte-crise-du-logement-l-espagne-est-loin-d-etre-un-cas-isole-11795964"
"RTBF Actus (FR)";"FR";"2026-10-08";"La revue de presse : ""On a bien fait de ne pas réformer l’enseignement flamand""";"/article/le-parcours-du-tour-de-lombardie-un-trace-quasiment-identique-a-2022-l-edition-qu-evenepoel-n-a-pas-disputee-11796243"
"RTBF Actus (FR)";"FR";"2026-10-08";"Les ASBL, un poids pour les finances belges ou une ressource économique mal comprise ?";"/article/le-parlement-italien-vote-sur-la-loi-electorale-un-test-pour-meloni-11796732"
"RTBF Actus (FR)";"FR";"2026-10-08";"Opéra de Cologne : 14 ans de travaux, 1,5 milliard d’euros investis… et des problèmes techniques dès la réouverture";"/article/le-chat-de-philippe-geluck-ni-de-gauche-ni-de-droite-il-faudrait-trouver-un-consensus-central-qui-permette-d-eviter-les-extremes-11795929"
"RTBF Actus (FR)";"FR";"2026-10-08";"Céleri rémoulade et carottes râpées : ringardise absolue ou fraîcheur moderne ?";"/article/queen-devoile-des-images-restaurees-de-freddie-mercury-sur-scene-deux-semaines-avant-son-dernier-concert-11796816"
"RTBF Actus (FR)";"FR";"2026-10-08";"Skydance : l'empire à 110 milliards qui veut régner sur Hollywood, le streaming et l'info";"/article/queen-devoile-des-images-restaurees-de-freddie-mercury-sur-scene-deux-semaines-avant-son-dernier-concert-11796816"
"RTBF Actus (FR)";"FR";"2026-10-08";"Mobilisation étudiante : ""On est dans une situation budgétaire qui est difficile et qui nous impose de faire des choix"" affirme la ministre de la Jeunesse Valérie Lescrenier";"/article/aerosmith-de-retour-sur-scene-slash-run-dmc-et-une-pluie-de-stars-a-ses-cotes-11796815"
"RTBF Actus (FR)";"FR";"2026-10-08";"Mobilisation étudiante : ""On est dans une situation budgétaire qui est difficile et qui nous impose de faire des choix"" affirme la ministre de la Jeunesse Valérie Lescrenier";"/article/il-reste-encore-demain-une-ode-puissante-a-l-emancipation-feminine-11341302"
"RTBF Actus (FR)";"FR";"2026-10-08";"Un coût de 4,2 milliards pour l’Etat ? Que sont ces sociétés de management que certains partis de l’Arizona pointent du doigt ?";"/article/une-frappe-russe-sur-deux-bus-fait-12-morts-dans-l-est-de-l-ukraine-11796866"
"RTBF Actus (FR)";"FR";"2026-10-08";"Une longue troisième mi-temps : Sénégal et Maroc se disputent la CAN 2025 devant le TAS";"/article/les-etats-unis-veulent-une-europe-forte-affirme-marco-rubio-11796847"
"RTBF Actus (FR)";"FR";"2026-10-08";"Le ministre de l’Intérieur Bernard Quintin accuse les antifas pour les incidents de Liège, ""un fantasme pour légitimer son projet de loi"" répond le front antifasciste";"/article/une-mere-de-deux-enfants-tuee-a-saint-gilles-11796459"
"RTBF Actus (FR)";"FR";"2026-10-08";"Sur Mac, Apple va limiter l'accès au disque, afin de bloquer les IA trop curieuses";"/article/espagne-la-retraitee-expulsee-a-l-origine-du-mouvement-de-protestation-sur-le-logement-est-morte-11796671"
"RTBF Actus (FR)";"FR";"2026-10-08";"Un jour, une carte : crise du logement, l’Espagne est loin d’être un cas isolé";"/article/l-ancien-tennisman-belge-bernard-boileau-multiple-champion-de-belgique-est-decede-a-67-ans-11796638"
"RTBF Actus (FR)";"FR";"2026-10-08";"Le parcours du Tour de Lombardie : un tracé quasiment identique à… 2022, l’édition qu’Evenepoel n’a pas disputée";"/article/diables-rouges-philippe-albert-place-lukaku-dans-son-11-de-base-suite-aux-4-matches-de-ligue-des-nations-11796478"
"RTBF Actus (FR)";"FR";"2026-10-08";"Le Parlement italien vote sur la loi électorale, un test pour Meloni";"/article/hausse-des-prix-du-tec-le-modele-d-abonnement-a-douze-euros-n-a-pas-porte-ses-fruits-se-defend-son-porte-parole-11796506"
"RTBF Actus (FR)";"FR";"2026-10-08";"Le Chat de Philippe Geluck ni de gauche ni de droite : ""Il faudrait trouver un consensus central qui permette d’éviter les extrêmes""";"/article/a-la-recherche-d-un-abri-pour-l-hiver-les-punaises-marbrees-s-invitent-dans-les-maisons-11796299"
"RTBF Actus (FR)";"FR";"2026-10-08";"Queen dévoile des images restaurées de Freddie Mercury sur scène, deux semaines avant son dernier concert";"/article/je-reve-de-galoper-clara-12-ans-ne-renonce-pas-a-ses-reves-malgre-le-handicap-11795226"
"RTBF Actus (FR)";"FR";"2026-10-08";"Queen dévoile des images restaurées de Freddie Mercury sur scène, deux semaines avant son dernier concert";"/article/mobilisation-etudiante-on-est-dans-une-situation-budgetaire-qui-est-difficile-et-qui-nous-impose-de-faire-des-choix-affirme-la-ministre-de-la-jeunessevalerie-lescrenier-11796760"
"RTBF Actus (FR)";"FR";"2026-10-08";"Aerosmith de retour sur scène : Slash, Run-DMC et une pluie de stars à ses côtés";"/article/valerie-glatigny-propose-d-ouvrir-un-espace-de-dialogue-au-sein-de-chaque-ecole-11796676"
"RTBF Actus (FR)";"FR";"2026-10-08";"""Il reste encore demain"" : ce film sur les violences conjugales devenu un phénomène au box-office italien";"/article/le-resume-aperitif-on-donner-envie-de-lire-dans-viens-je-t-explique-et-son-quiz-11794018"
"RTBF Actus (FR)";"FR";"2026-10-08";"Une frappe russe sur des bus fait 30 morts dans l'Est de l'Ukraine";"/article/on-va-pas-s-arreter-les-lyceens-n-ont-pas-dit-leur-dernier-mot-lecornu-tente-l-apaisement-la-police-des-polices-enquete-11796212"
"RTBF Actus (FR)";"FR";"2026-10-08";"Les États-Unis veulent une ""Europe forte"", affirme Marco Rubio";"/article/des-gilets-jaunes-aux-gilets-jeunes-11796193"
"RTBF Actus (FR)";"FR";"2026-10-08";"Féminicide à Saint-Gilles : une mère de deux enfants violemment tuée";"/article/le-bourgmestre-de-liege-et-la-police-appellent-les-eleves-a-reprendre-le-chemin-de-l-ecole-ce-mercredi-11796099"
"RTBF Actus (FR)";"FR";"2026-10-08";"Espagne : Maricarmen, la retraitée expulsée à l'origine du mouvement de protestation sur le logement, est décédée";"/article/maladie-rare-gabriel-11-ans-fait-parler-son-imaginaire-grace-au-codage-11795108"
"RTBF Actus (FR)";"FR";"2026-10-08";"L'ancien tennisman belge Bernard Boileau, multiple champion de Belgique, est décédé à 67 ans";"/article/manifestations-des-eleves-les-mineurs-ont-ils-le-droit-de-faire-la-greve-11795832"
"RTBF Actus (FR)";"FR";"2026-10-08";"Diables Rouges : Philippe Albert place Lukaku dans son 11 de base, suite aux 4 matches de Ligue des Nations";"/article/elections-en-israel-des-voix-s-elevent-pour-denoncer-une-democratie-en-danger-de-mort-11792709"
"RTBF Actus (FR)";"FR";"2026-10-08";"Hausse des prix du TEC : le modèle d'abonnement à douze euros ""n'a pas porté ses fruits"", se défend son porte-parole";"/article/israel-en-alerte-face-a-tout-scenario-d-attaque-du-hamas-a-l-occasion-des-3-ans-du-7-octobre-11795917"
"RTBF Actus (FR)";"FR";"2026-10-08";"À la recherche d’un abri pour l’hiver, les punaises marbrées s’invitent dans les maisons";"/article/yemen-plus-de-90-frappes-saoudiennes-ces-dernieres-24-heures-11794271"
"RTBF Actus (FR)";"FR";"2026-10-08";"""Je rêve de galoper !"" : Clara, 12 ans, ne renonce pas à ses rêves malgré le handicap";"/article/les-etats-unis-placent-sur-liste-noire-des-francais-accuses-de-financer-le-hamas-11794195"
"RTBF Actus (FR)";"FR";"2026-10-08";"Mobilisation étudiante : ""On est dans une situation budgétaire qui est difficile et qui nous impose de faire des choix"" affirme la ministre de la Jeunesse Valérie Lescrenier";"/article/des-images-satellites-de-google-montrent-l-etat-de-destruction-du-sud-de-la-bande-de-gaza-11792651"
"RTBF Actus (FR)";"FR";"2026-10-08";"Valérie Glatigny propose d'ouvrir un espace de dialogue au sein de chaque école";"/article/naza-le-film-qui-fait-scandale-en-israel-projete-en-belgique-les-dessous-des-frappes-israeliennes-sur-gaza-et-les-victimes-civiles-collaterales-11791763"
"RTBF Actus (FR)";"FR";"2026-10-08";"Le résumé apéritif... ou comment donner envie de lire dans Viens, je t'explique et son quiz";"/article/harcelement-mariages-forces-et-viols-des-femmes-de-gaza-temoignent-de-leur-insecurite-permanente-11791332"
"RTBF Actus (FR)";"FR";"2026-10-08";"""On va pas s’arrêter"" : les lycéens n’ont pas dit leur dernier mot, Lecornu tente l’apaisement, la police des polices enquête";"/article/wilson-fache-au-realisateur-israelien-yuval-abraham-je-ne-peux-pas-m-empecher-de-penser-que-toi-aussi-tu-seras-un-jour-acclame-par-tes-concitoyens-11790533"
"RTBF Actus (FR)";"FR";"2026-10-08";"Une mobilisation étudiante regardée avec mépris : des gilets jaunes aux gilets jeunes";"/article/guerre-au-moyen-orient-l-iran-propose-de-rouvrir-sous-sept-jours-le-detroit-d-ormuz-11790428"
"RTBF Actus (FR)";"FR";"2026-10-08";"Le Bourgmestre de Liège et la police appellent ""les élèves à reprendre le chemin de l’école"" ce mercredi";"/article/skydance-l-empire-a-110-milliards-qui-veut-regner-sur-hollywood-le-streaming-et-l-info-11796757"
"RTBF Actus (FR)";"FR";"2026-10-08";"Maladie rare : Gabriel, 11 ans, fait parler son imaginaire grâce au codage";"/article/le-cinema-en-belgique-durant-l-occupation-a-la-cinematek-du-13-octobre-au-29-novembre-11796011"
"RTBF Actus (FR)";"FR";"2026-10-08";"Manifestations des élèves : les mineurs ont-ils le droit de faire la grève ?";"/article/il-reste-encore-demain-une-ode-puissante-a-l-emancipation-feminine-11341302"
"RTBF Actus (FR)";"FR";"2026-10-08";"Élections en Israël : des voix s'élèvent pour dénoncer ""une démocratie en danger de mort""";"/article/la-dechirure-l-hommage-aux-heros-oublies-du-journalisme-de-guerre-11796427"
"RTBF Actus (FR)";"FR";"2026-10-08";"Israël en alerte face à ""tout scénario"" d'attaque du Hamas à l'occasion des 3 ans du 7-Octobre";"/article/romain-duris-un-pere-perdu-au-japon-dans-une-part-manquante-du-belge-guillaume-senez-11463474"
"RTBF Actus (FR)";"FR";"2026-10-08";"Yémen : plus de 90 frappes saoudiennes ces dernières 24 heures";"/article/un-soir-un-film-avec-hugues-dayez-hommage-a-eva-marie-saint-star-de-la-mort-aux-trousses-decedee-a-102-ans-11796401"
"RTBF Actus (FR)";"FR";"2026-10-08";"Les États-Unis placent sur liste noire des Français accusés de financer le Hamas";"/article/les-critiques-d-hugues-dayez-avec-the-social-reckoning-requisitoire-glacant-contre-facebook-11795597"
"RTBF Actus (FR)";"FR";"2026-10-08";"Des images satellites de Google montrent l’état de destruction du sud de la bande de Gaza";"/article/les-critiques-de-cathy-immelen-isabelle-huppert-en-figurante-la-brillante-idee-de-ni-vue-ni-connue-11795590"
"RTBF Actus (FR)";"FR";"2026-10-08";"Naza, le film qui fait scandale en Israël projeté en Belgique : les dessous des frappes israéliennes sur Gaza et les victimes civiles collatérales";"/article/french-connection-fete-ses-55-ans-5-choses-que-vous-ignoriez-encore-sur-le-chef-d-uvre-de-william-friedkin-11793831"
"RTBF Actus (FR)";"FR";"2026-10-08";"Harcèlement, mariages forcés et viols : des femmes de Gaza témoignent de leur insécurité permanente";"/article/des-gilets-jaunes-aux-gilets-jeunes-11796193"
"RTBF Actus (FR)";"FR";"2026-10-08";"Wilson Fache au réalisateur israélien Yuval Abraham : ""Je ne peux pas m’empêcher de penser que toi aussi tu seras un jour acclamé par tes concitoyens""";"/article/l-humoriste-simon-cortisone-explique-pourquoi-il-deteste-le-mois-d-octobre-le-plus-terrifiant-de-l-annee-11796204"
"RTBF Actus (FR)";"FR";"2026-10-08";"Guerre au Moyen-Orient : l'Iran propose de rouvrir sous sept jours le détroit d'Ormuz ""si certaines conditions sont remplies""";"/article/les-critiques-d-hugues-dayez-avec-the-social-reckoning-requisitoire-glacant-contre-facebook-11795597"
"RTBF Actus (FR)";"FR";"2026-10-08";"Skydance : l'empire à 110 milliards qui veut régner sur Hollywood, le streaming et l'info";"/article/jusqu-ou-iriez-vous-pour-defendre-votre-meilleure-amie-florent-losson-a-choisi-la-guerre-11796162"
"RTBF Actus (FR)";"FR";"2026-10-08";"""Le cinéma en Belgique durant l’Occupation"" à la Cinematek du 13 octobre au 29 novembre";"/article/decouvrez-la-bande-annonce-de-vital-la-nouvelle-serie-belge-evenement-11792815"
"RTBF Actus (FR)";"FR";"2026-10-08";"""Il reste encore demain"" : ce film sur les violences conjugales devenu un phénomène au box-office italien";"/article/consulter-un-psy-et-si-on-commencait-par-pousser-la-porte-du-cabinet-11791793"
"RTBF Actus (FR)";"FR";"2026-10-08";"""La Déchirure"" : l’hommage aux héros oubliés du journalisme de guerre";"/article/romain-duris-un-pere-perdu-au-japon-dans-une-part-manquante-du-belge-guillaume-senez-11463474"
"RTBF Actus (FR)";"FR";"2026-10-08";"Romain Duris, un père perdu au Japon dans ""Une part manquante"" du Belge Guillaume Senez";"/article/il-reste-encore-demain-une-ode-puissante-a-l-emancipation-feminine-11341302"
"RTBF Actus (FR)";"FR";"2026-10-08";"Un soir, un film avec Hugues Dayez : hommage à Eva Marie Saint, star de ""La mort aux trousses"", décédée à 102 ans";"/article/vous-considerez-que-notre-reportage-est-incomplet-un-droit-de-reponse-est-il-possible-11786650"
"RTBF Actus (FR)";"FR";"2026-10-08";"Les critiques d’Hugues Dayez avec ""The Social Reckoning"", réquisitoire glaçant contre Facebook";"/article/proximite-interaction-et-collaboration-comment-la-rtbf-ancre-ses-contenus-au-c-ur-des-regions-11786513"
"RTBF Actus (FR)";"FR";"2026-10-08";"Les Critiques de Cathy Immelen : Isabelle Huppert en figurante, la brillante idée de ""Ni vue, ni connue""";"/article/que-fait-la-rtbf-de-vos-donnees-collecte-algorithmes-et-protection-de-la-vie-privee-decryptes-11776913"
"RTBF Actus (FR)";"FR";"2026-10-08";"""French Connection"" : les coulisses folles de la course-poursuite la plus dangereuse de l'histoire du cinéma";"/article/enfant-illegitime-un-terme-a-eviter-sur-nos-antennes-11776723"
"RTBF Actus (FR)";"FR";"2026-10-08";"Une mobilisation étudiante regardée avec mépris : des gilets jaunes aux gilets jeunes";"/article/les-jeunes-et-l-actu-plus-informes-qu-on-ne-le-pense-mais-pas-a-l-abri-de-pieges-11763284"
"RTBF Actus (FR)";"FR";"2026-10-08";"L’humoriste Simon Cortisone explique pourquoi il déteste le mois d’octobre, ""le plus terrifiant de l’année""";"/article/moderation-sur-les-reseaux-sociaux-le-defi-quotidien-de-la-rtbf-11758876"
"RTBF Actus (FR)";"FR";"2026-10-08";"Les critiques d’Hugues Dayez avec ""The Social Reckoning"", réquisitoire glaçant contre Facebook";"/article/age-conseille-contenus-sensibles-une-nouvelle-signaletique-tele-des-le-1er-juillet-11745979"
"RTBF Actus (FR)";"FR";"2026-10-08";"Jusqu’où iriez-vous pour défendre votre meilleure amie ? Florent Losson a choisi la guerre";"/article/bivouacs-du-journalisme-les-contacts-avec-le-public-sont-extremement-enrichissants-on-retire-le-micro-la-camera-jean-pierre-jacqmin-ancien-directeur-de-l-info-de-la-rtbf-11746010"
"RTBF Actus (FR)";"FR";"2026-10-08";"Découvrez la bande-annonce de ""Vital"", la nouvelle série belge événement";"/article/coupe-du-monde-les-matchs-des-diables-rouges-aussi-pour-les-malvoyants-11743270"
"RTBF Actus (FR)";"FR";"2026-10-08";"Consulter un psy : et si on commençait par pousser la porte du cabinet ?";"/article/remportez-vos-places-pour-le-film-mochy-avec-auvio-kids-11796356"
"RTBF Actus (FR)";"FR";"2026-10-08";"Romain Duris, un père perdu au Japon dans ""Une part manquante"" du Belge Guillaume Senez";"/article/remportez-vos-places-pour-heleween-avec-auvio-kids-11796355"
"RTBF Actus (FR)";"FR";"2026-10-08";"""Il reste encore demain"" : ce film sur les violences conjugales devenu un phénomène au box-office italien";"/article/gagnez-vos-acces-vip-au-village-des-kids-a-malmedy-11796360"
"RTBF Actus (FR)";"FR";"2026-10-08";"Vous considérez que notre reportage est incomplet ? Un droit de réponse est-il possible ?";"/article/tipik-vous-offre-des-places-de-cinema-pour-decouvrir-le-film-wicker-11796045"
"RTBF Actus (FR)";"FR";"2026-10-08";"Comment la RTBF ancre ses contenus au cœur des régions : proximité, interactions et collaborations";"/article/tentez-d-assister-a-l-avant-premiere-du-film-sanguine-11796032"
"RTBF Actus (FR)";"FR";"2026-10-08";"Que fait la RTBF de vos données ? Collecte, algorithmes et protection de la vie privée décryptés";"/article/concours-remporte-des-places-pour-la-made-in-asia-grace-a-rtbf-ixpe-tipik-et-tarmac-11795881"
"RTBF Actus (FR)";"FR";"2026-10-08";"""Enfant illégitime"" : un terme à éviter sur nos antennes";"/article/tipik-vous-emmene-au-concert-de-myles-smith-11796323"
"RTBF Actus (FR)";"FR";"2026-10-08";"Les jeunes et l’actu : plus informés qu’on ne le pense mais pas à l’abri de pièges";"/article/concours-remportez-vos-places-pour-le-corset-sublime-film-d-animation-prime-au-festival-de-cannes-11790105"
"RTBF Actus (FR)";"FR";"2026-10-08";"Modération sur les réseaux sociaux : le défi quotidien de la RTBF";"/article/tentez-de-remporter-vos-places-pour-le-concert-d-anastasia-kobekina-et-le-bno-au-grand-manege-de-namur-11795813"
"RTBF Actus (FR)";"FR";"2026-10-08";"Nouvelle signalétique TV : ce qui change ce 1er juillet";"/article/direct-mobilisation-etudiante-87-arrestations-a-liege-ce-mercredi-le-bourgmestre-justifie-les-interdictions-de-rassemblement-11796688"
"RTBF Actus (FR)";"FR";"2026-10-08";"Bivouacs du journalisme : ""Les contacts avec le public sont extrêmement enrichissants"", Jean-Pierre Jacqmin, ancien directeur de l’info de la RTBF";"/article/une-mere-de-deux-enfants-tuee-a-saint-gilles-11796459"
"RTBF Actus (FR)";"FR";"2026-10-08";"Coupe du monde : les matchs des Diables Rouges aussi pour les malvoyants";"/article/quel-yaourt-choisir-au-petit-dejeuner-les-conseils-d-une-nutritionniste-pour-bien-demarrer-la-journee-11796348"
"RTBF Actus (FR)";"FR";"2026-10-08";"Remportez vos places pour le film Mochy avec Auvio Kids";"/article/espagne-la-retraitee-expulsee-a-l-origine-du-mouvement-de-protestation-sur-le-logement-est-morte-11796671"
"RTBF Actus (FR)";"FR";"2026-10-08";"Remportez vos places pour Héléween avec Auvio Kids";"/article/un-cout-de-4-2-milliards-pour-l-etat-que-sont-ces-societes-de-management-que-certains-partis-de-l-arizona-pointent-du-doigt-11796480"
"RTBF Actus (FR)";"FR";"2026-10-08";"Gagnez vos accès VIP au Village des Kids à Malmedy";"/article/a-la-recherche-d-un-abri-pour-l-hiver-les-punaises-marbrees-s-invitent-dans-les-maisons-11796299"
"RTBF Actus (FR)";"FR";"2026-10-08";"Tipik vous offre des places de cinéma pour découvrir le film Wicker";"https://auvio.rtbf.be/media/les-enquetes-de-murdoch-les-enquetes-de-murdoch-3525527"
"RTBF Actus (FR)";"FR";"2026-10-08";"Tentez d'assister à l'avant-première du film Sanguine";"https://auvio.rtbf.be/media/ici-tout-commence-ici-tout-commence-3525252"
"RTBF Actus (FR)";"FR";"2026-10-08";"Concours : remporte des places pour la Made in Asia grâce à RTBF iXPé et Tipik";"https://auvio.rtbf.be/media/le-8-9-le-8-9-3525921"
"RTBF Actus (FR)";"FR";"2026-10-08";"Tipik vous emmène au concert de Myles Smith";"https://auvio.rtbf.be/media/un-si-grand-soleil-un-si-grand-soleil-3525443"
"RTBF Actus (FR)";"FR";"2026-10-08";"Concours : Remportez vos places pour “Le Corset”, sublime film d’animation primé au Festival de Cannes";"https://auvio.rtbf.be/media/le-6-8-le-6-8-3525870"
"RTBF Actus (FR)";"FR";"2026-10-08";"Tentez de remporter vos places pour le concert d'Anastasia Kobekina et le BNO au Grand Manège de Namur !";"https://auvio.rtbf.be/media/les-feux-de-l-amour-feux-de-l-amour-s27-3525359"
"RTBF Actus (FR)";"FR";"2026-10-08";"Direct – Mobilisation étudiante : près de 200 arrestations à Liège depuis lundi, une manifestation autorisée se dirige vers la gare des Guillemins";"https://auvio.rtbf.be/media/velvet-le-nouvel-empire-velvet-le-nouvel-empire-3525358"
"RTBF Actus (FR)";"FR";"2026-10-08";"Féminicide à Saint-Gilles : une mère de deux enfants violemment tuée";"https://auvio.rtbf.be/media/doc-shot-nos-psys-causent-3525539"
"RTBF Actus (FR)";"FR";"2026-10-08";"Quel yaourt choisir au petit-déjeuner ? Les conseils d’une nutritionniste pour bien démarrer la journée";"https://auvio.rtbf.be/media/matiere-grise-matiere-grise-3525334"
"RTBF Actus (FR)";"FR";"2026-10-08";"Espagne : Maricarmen, la retraitée expulsée à l'origine du mouvement de protestation sur le logement, est décédée";"https://auvio.rtbf.be/media/qr-qr-le-debat-3525790"
"RTBF Actus (FR)";"FR";"2026-10-08";"Un coût de 4,2 milliards pour l’Etat ? Que sont ces sociétés de management que certains partis de l’Arizona pointent du doigt ?";"https://auvio.rtbf.be/media/french-connection-gene-hackman-engage-dans-une-course-poursuite-mythique-3525335"
"RTBF Actus (FR)";"FR";"2026-10-08";"À la recherche d’un abri pour l’hiver, les punaises marbrées s’invitent dans les maisons";"https://auvio.rtbf.be/media/meteo-meteo-climat-20h20-3525762"
"Le Monde (FR)";"FR";"2026-10-08";"Le Monde’s app";"https://www.lemonde.fr/en/about-us/article/2023/09/06/le-monde-in-english-now-available-on-our-mobile-app_6125308_115.html"
"Le Monde (FR)";"FR";"2026-10-08";"French high school protests: 'Young people are not fooled by the discrimination and contempt that society directs at them'";"https://www.lemonde.fr/en/campus/article/2026/10/08/french-high-school-protests-young-people-are-not-fooled-by-the-discrimination-and-contempt-that-society-directs-at-them_6758374_11.html"
"Le Monde (FR)";"FR";"2026-10-08";"New day of high school protests planned across France";"https://www.lemonde.fr/en/education/article/2026/10/08/high-school-students-to-turn-out-for-new-protests-across-france_6758379_104.html"
"Le Monde (FR)";"FR";"2026-10-08";"French high school protests grow and draw widespread support";"https://www.lemonde.fr/en/france/article/2026/10/07/high-school-students-movement-protests-grow-and-draw-widespread-support_6758337_7.html"
"Le Monde (FR)";"FR";"2026-10-08";"From schools to fuel, French PM Lecornu cornered by 'overlapping crises'";"https://www.lemonde.fr/en/politics/article/2026/10/08/from-schools-to-fuel-french-pm-lecornu-cornered-by-overlapping-crises_6758384_5.html"
"Le Monde (FR)";"FR";"2026-10-08";"Concern grows in US over France's economic situation";"https://www.lemonde.fr/en/economy/article/2026/10/08/us-voices-concern-over-france-s-public-finance-crisis_6758378_19.html"
"Le Monde (FR)";"FR";"2026-10-08";"In Los Angeles, Nithya Raman wants to bring the new left to city hall";"https://www.lemonde.fr/en/m-le-mag/article/2026/10/08/in-los-angeles-nithya-raman-wants-to-bring-the-new-left-to-city-hall_6758367_117.html"
"Le Monde (FR)";"FR";"2026-10-08";"'Brazil remains the last significant thorn in Washington's side in Latin America. But for how much longer?'";"https://www.lemonde.fr/en/opinion/article/2026/10/08/brazil-remains-the-last-significant-thorn-in-washington-s-side-in-latin-america-but-for-how-much-longer_6758366_23.html"
"Le Monde (FR)";"FR";"2026-10-08";"'Russian journalist Anna Politkovskaya believed that a society that accepts lies ends up accepting violence as well'";"https://www.lemonde.fr/en/opinion/article/2026/10/08/russian-journalist-anna-politkovskaya-believed-that-a-society-that-accepts-lies-ends-up-accepting-violence-as-well_6758372_23.html"
"Le Monde (FR)";"FR";"2026-10-08";"Feature   Jacques Follorou Subscribers onlyIn Somalia, war cuts off aid for entire populations threatened by famine  Violent clashes between rival government factions have further worsened the food crisis affecting nearly seven million Somalis. Fleeing drought and hunger, refugees continue to pour into camps where humanitarian organizations have a presence, as the Islamist group Al-Shabab has banned them from certain areas.    8 min read";"https://www.lemonde.fr/en/international/article/2026/10/08/war-cuts-off-entire-somalians-threatened-by-famine-from-humanitarian-aid_6758371_4.html"
"Le Monde (FR)";"FR";"2026-10-08";"No broader inflation spiral from energy shock says French central bank chief";"https://www.lemonde.fr/en/france/article/2026/10/08/no-broader-inflation-spiral-from-energy-shock-says-french-central-bank-chief_6758385_7.html"
"Le Monde (FR)";"FR";"2026-10-08";"How the Kremlin is orchestrating the takeover of Russian assets from Leroy Merlin, Auchan, Nestlé and FM Logistic";"https://www.lemonde.fr/en/economy/article/2026/10/08/how-the-kremlin-is-orchestrating-the-takeover-of-russian-assets-from-leroy-merlin-auchan-nestle-and-fm-logistic_6758370_19.html"
"Le Monde (FR)";"FR";"2026-10-08";"In Gaza, after 20 years without elections, an uncertain vote";"https://www.lemonde.fr/en/international/article/2026/10/08/in-gaza-after-20-years-without-elections-an-uncertain-vote_6758368_4.html"
"Le Monde (FR)";"FR";"2026-10-08";"Egypt charges six journalists with terrorism offenses";"https://www.lemonde.fr/en/international/article/2026/10/08/egypt-charges-six-journalists-with-terrorism-offenses_6758375_4.html"
"Le Monde (FR)";"FR";"2026-10-08";"Saudi Arabia says three dead at airports after Houthis claim attacks";"https://www.lemonde.fr/en/international/article/2026/10/08/saudi-arabia-says-3-dead-at-airports-after-houthis-claim-attacks_6758376_4.html"
"Le Monde (FR)";"FR";"2026-10-08";"Houthis in Yemen: 'Saudi Arabia helped create the conditions for the rise of its most formidable adversary'";"https://www.lemonde.fr/en/international/article/2026/10/05/houthis-in-yemen-saudi-arabia-helped-create-the-conditions-for-the-rise-of-its-most-formidable-adversary_6758275_4.html"
"Le Monde (FR)";"FR";"2026-10-08";"'The Social Reckoning': Aaron Sorkin dives into toxic effects of Facebook and Instagram";"https://www.lemonde.fr/en/culture/article/2026/10/08/the-social-reckoning-by-aaron-sorkin-dives-into-the-toxic-effects-of-facebook-and-instagram_6758373_30.html"
"Le Monde (FR)";"FR";"2026-10-08";"Thousands march ahead of Brazil election runoff: 'Never Again Bolsonaro'";"https://www.lemonde.fr/en/international/article/2026/10/07/thousands-march-ahead-of-brazil-election-runoff-never-again-bolsonaro_6758365_4.html"
"Le Monde (FR)";"FR";"2026-10-08";"French scientist Henri Kagan wins long-awaited Nobel Prize in Chemistry";"https://www.lemonde.fr/en/science/article/2026/10/07/french-scientist-henri-kagan-wins-long-awaited-nobel-prize-in-chemistry_6758364_10.html"
"Le Monde (FR)";"FR";"2026-10-08";"What is the EF-SON stun grenade France has suspended after it mutilated a high schooler?";"https://www.lemonde.fr/en/france/article/2026/10/07/what-is-the-ef-son-stun-grenade-france-has-suspended-after-it-mutilated-a-high-schooler_6758348_7.html"
"Le Monde (FR)";"FR";"2026-10-08";"Israel, three years after October 7: A nation's traumas and blind spots";"https://www.lemonde.fr/en/international/article/2026/10/07/israel-three-years-after-october-7-a-nation-s-traumas-and-blind-spots_6758345_4.html"
"Le Monde (FR)";"FR";"2026-10-08";"What's in Le Pen's fiscal 'magic measures'";"https://www.lemonde.fr/en/politics/article/2026/10/07/what-s-in-le-pen-s-fiscal-magic-measures_6758361_5.html"
"Le Monde (FR)";"FR";"2026-10-08";"Interview   Eric Albert Subscribers onlyCEO of finance giant Pimco: 'Markets are sending France a serious signal. The situation is grave'  In an interview with Le Monde, the chief executive of one of the world's largest asset managers warns of France's worsening budget deficit and political instability. He clarifies that while he is 'not withdrawing' his investments in French debt, he is 'not increasing' them either.    4 min read";"https://www.lemonde.fr/en/economy/article/2026/10/07/emmanuel-roman-head-of-finance-giant-pimco-markets-are-sending-france-a-serious-signal-the-situation-is-grave_6758344_19.html"
"Le Monde (FR)";"FR";"2026-10-08";"Round-up Subscribers onlyWhat students are saying during high school blockades: 'I am worried about my future and for all students in France'  From the Paris suburbs to Marseille, as well as Toulouse and Lyon, high schoolers interviewed by Le Monde during the blockades described their study conditions, their concerns and their need to be heard.    5 min read";"https://www.lemonde.fr/en/france/article/2026/10/06/what-students-are-voicing-during-high-school-blockades-i-am-worried-about-my-future-and-for-all-students-in-france_6758294_7.html"
"Le Monde (FR)";"FR";"2026-10-08";"Conversation   Lucas Minisini Subscribers onlyDespite pain, two former October 7 Hamas hostages promote message of peace  Among the 251 Israelis taken captive by Hamas on October 7, 2023, Aviva and Keith Siegel chose to speak publicly about the abuse they suffered. While Prime Minister Benjamin Netanyahu has claimed the release of hostages as an achievement in his election campaign, the couple in their 60s has continued to oppose the war.    7 min read";"https://www.lemonde.fr/en/m-le-mag/article/2026/10/06/three-years-after-october-7-despite-pain-two-former-hamas-hostages-promote-message-of-peace_6758284_117.html"
"Le Monde (FR)";"FR";"2026-10-08";"Editorial French high school protests: The assertion of a social movement   Le Monde";"https://www.lemonde.fr/en/opinion/article/2026/10/07/french-high-school-protests-the-assertion-of-a-social-movement_6758357_23.html"
"Le Monde (FR)";"FR";"2026-10-08";"Editorial Israel and the trauma of October 7   Le Monde";"https://www.lemonde.fr/en/opinion/article/2026/10/06/israel-and-the-trauma-of-october-7_6758319_23.html"
"Le Monde (FR)";"FR";"2026-10-08";"Op-Ed Subscribe'France's student protests are, above all, a collective expression of how difficult schoolwork has become'      Four sociologists";"https://www.lemonde.fr/en/opinion/article/2026/10/06/france-s-student-protests-are-above-all-a-collective-expression-of-how-difficult-schoolwork-has-become_6758287_23.html"
"Le Monde (FR)";"FR";"2026-10-08";"2026 Nobel Prize in Chemistry goes to France's Henri Kagan and Japan's Kenso Soai";"https://www.lemonde.fr/en/international/article/2026/10/07/2026-nobel-prize-in-chemistry-goes-to-france-s-henri-kagan-and-japan-s-kenso-soai_6758349_4.html"
"Le Monde (FR)";"FR";"2026-10-08";"French government defends handling of high school protests as controversies grow";"https://www.lemonde.fr/en/politics/article/2026/10/07/french-government-defends-handling-of-high-school-protests-as-controversies-grow_6758350_5.html"
"Le Monde (FR)";"FR";"2026-10-08";"French government suspends use of stun grenades at student protests after teen loses hand";"https://www.lemonde.fr/en/france/article/2026/10/07/french-government-suspends-use-of-stun-grenades-at-student-protests-after-teen-loses-hand_6758346_7.html"
"Le Monde (FR)";"FR";"2026-10-08";"Evicted retiree, 87, who sparked Spain housing protests dies";"https://www.lemonde.fr/en/economy/article/2026/10/07/the-87-year-old-evicted-pensioner-who-sparked-spain-housing-protests-dies_6758363_19.html"
"Le Monde (FR)";"FR";"2026-10-08";"Charte du Groupe";"https://www.lemonde.fr/actualite-medias/article/2010/11/03/la-charte-d-ethique-et-de-deontologie-du-groupe-le-monde_1434737_3236.html"
"Le Monde (FR)";"FR";"2026-10-08";"Group Policy";"https://www.lemonde.fr/en/about-us/article/2022/04/06/groupe-le-monde-s-code-of-ethics-and-professional-conduct_5979823_115.html"
"Le Monde (FR)";"FR";"2026-10-08";"RSS feed";"https://www.lemonde.fr/en/about-us/article/2026/03/27/le-monde-rss-feeds_6751860_115.html"
"RFI Afrique (FR)";"FR";"2026-10-08";"2026";"https://www.rfi.fr/fr/archives/2026/01/"
"RFI Afrique (FR)";"FR";"2026-10-08";"2025";"https://www.rfi.fr/fr/archives/2025/01/"
"RFI Afrique (FR)";"FR";"2026-10-08";"2024";"https://www.rfi.fr/fr/archives/2024/01/"
"RFI Afrique (FR)";"FR";"2026-10-08";"2023";"https://www.rfi.fr/fr/archives/2023/01/"
"RFI Afrique (FR)";"FR";"2026-10-08";"2022";"https://www.rfi.fr/fr/archives/2022/01/"
"RFI Afrique (FR)";"FR";"2026-10-08";"2021";"https://www.rfi.fr/fr/archives/2021/01/"
"RFI Afrique (FR)";"FR";"2026-10-08";"2020";"https://www.rfi.fr/fr/archives/2020/01/"
"RTL (FR)";"FR";"2026-10-08";"Politique";"https://rtl.fr/actu/politique"
"RTL (FR)";"FR";"2026-10-08";"International";"https://rtl.fr/actu/international"
"RTL (FR)";"FR";"2026-10-08";"Justice et faits divers";"https://rtl.fr/actu/justice-faits-divers"
"RTL (FR)";"FR";"2026-10-08";"Conso";"https://rtl.fr/actu/economie-consommation"
"RTL (FR)";"FR";"2026-10-08";"Food";"https://rtl.fr/actu/food"
"RTL (FR)";"FR";"2026-10-08";"Santé";"https://rtl.fr/actu/bien-etre"
"RTL (FR)";"FR";"2026-10-08";"Société";"https://rtl.fr/actu/debats-societe"
"RTL (FR)";"FR";"2026-10-08";"Tech";"https://rtl.fr/actu/sciences-tech"
"RTL (FR)";"FR";"2026-10-08";"Arts Spectacles";"https://rtl.fr/culture/arts-spectacles"
"RTL (FR)";"FR";"2026-10-08";"Ciné Séries";"https://rtl.fr/culture/cine-series"
"RTL (FR)";"FR";"2026-10-08";"Médias et people";"https://rtl.fr/culture/medias-people"
"RTL (FR)";"FR";"2026-10-08";"Musique";"https://rtl.fr/culture/musique"
"RTL (FR)";"FR";"2026-10-08";"Culture Générale";"https://rtl.fr/culture/culture-generale"
"RTL (FR)";"FR";"2026-10-08";"Humour";"https://rtl.fr/culture/humour"
"RTL (FR)";"FR";"2026-10-08";"Histoire";"https://rtl.fr/culture/histoire"
"RTL (FR)";"FR";"2026-10-08";"Football";"https://rtl.fr/sport/football"
"RTL (FR)";"FR";"2026-10-08";"Autres sports";"https://rtl.fr/sport/autres-sports"
"France Inter (FR)";"FR";"2026-10-08";"Tabassez les chiards !";"https://radiofrance.fr/franceinter/podcasts/la-chronique-de-merwane-benlazar/merwane-benlazar-moi-ce-que-j-en-dis-du-mercredi-07-octobre-2026-9690500"
"France Inter (FR)";"FR";"2026-10-08";"""Les forces de l'ordre n'ont pas pour instruction d'affronter des lycéens"", assure Sébastien Lecornu";"https://radiofrance.fr/franceinter/podcasts/l-info-de-france-inter/les-forces-de-l-ordre-n-ont-pas-pour-instruction-d-affronter-des-lyceens-assure-sebastien-lecornu-6909436"
"France Inter (FR)";"FR";"2026-10-08";"L'info de France Inter";"https://radiofrance.fr/franceinter/podcasts/les-documents-france-inter"
"France Inter (FR)";"FR";"2026-10-08";"""Il y a un modernisme fou dans Victor Hugo"" affirme Vincent Lindon qui incarne Jean Valjean dans Les Misérables";"https://radiofrance.fr/franceinter/podcasts/l-invite-de-8h20-le-grand-entretien/l-invite-de-8h20-le-grand-entretien-du-jeudi-08-octobre-2026-1956307"
"France Inter (FR)";"FR";"2026-10-08";"OpenAI : sommes nous en train de vivre le ""moment le plus important"" de l'histoire des maths ?";"https://radiofrance.fr/franceinter/podcasts/nos-vies-numeriques/nos-vies-numeriques-du-jeudi-08-octobre-2026-8270913"
"France Inter (FR)";"FR";"2026-10-08";"Maintien de l’ordre : la France est-elle plus répressive que ses voisins européens ?";"https://radiofrance.fr/franceinter/podcasts/l-info-de-france-inter/maintien-de-l-ordre-la-france-est-elle-plus-repressive-que-ses-voisins-europeens-8397446"
"France Inter (FR)";"FR";"2026-10-08";"Avec l'IA, ""les métiers vont profondément changer"" affirme le directeur général de Mistral AI Arthur Mensch";"https://radiofrance.fr/franceinter/podcasts/l-invite-de-7h50/l-invite-de-7h50-du-jeudi-08-octobre-2026-5814839"
"France Inter (FR)";"FR";"2026-10-08";"""On n’est en sécurité nulle part"", une université américaine accusée d'avoir étouffé une affaire de viol";"https://radiofrance.fr/franceinter/podcasts/l-info-de-france-inter/on-n-est-en-securite-nulle-part-une-universite-americaine-est-accusee-d-avoir-etouffe-une-affaire-de-viol-9125038"
"France Inter (FR)";"FR";"2026-10-08";"Soutien financier au Hamas et corruption présumée de proches de Netanyahou, enquête sur l’action secrète du Qatar";"https://radiofrance.fr/franceinter/podcasts/revelations/revelations-partie-2-du-dimanche-04-octobre-2026-3383552"
"France Inter (FR)";"FR";"2026-10-08";"Présidentielle 2027 : les métiers de l'ombre";"https://radiofrance.fr/franceinter/podcasts/serie-presidentielle-2027-les-metiers-de-l-ombre"
"France Inter (FR)";"FR";"2026-10-08";"20 ans après Anna Politkovskaïa : que reste-t-il de la liberté d'informer en Russie ?";"https://radiofrance.fr/franceinter/podcasts/le-debat/le-debat-de-la-grand-matinale-du-mardi-06-octobre-2026-3151767"
"France Inter (FR)";"FR";"2026-10-08";"Hommage à Prince Waly";"https://radiofrance.fr/franceinter/podcasts/a-la-reguliere/a-la-reguliere-du-lundi-05-octobre-2026-7631566"
"France Inter (FR)";"FR";"2026-10-08";"Accusé d’avoir utilisé l’IA, Thélyson Orélien reste dans la sélection du prix Renaudot";"https://radiofrance.fr/franceinter/podcasts/l-info-de-france-inter/nous-avons-estime-que-nous-pouvions-le-conserver-dans-notre-liste-justifie-le-prix-renaudot-1963161"
"France Inter (FR)";"FR";"2026-10-08";"L'Invité de 7h50";"https://radiofrance.fr/franceinter/podcasts/l-invite-de-7h50"
"France Inter (FR)";"FR";"2026-10-08";"Carburants : comment la France veut faire baisser le prix du diesel à la pompe";"https://radiofrance.fr/franceinter/podcasts/l-info-de-france-inter/carburant-comment-la-france-veut-faire-baisser-le-prix-a-la-pompe-5449030"
"France Inter (FR)";"FR";"2026-10-08";"Journée spéciale ""7 octobre"" : regards croisés de familles franco-israéliennes";"https://radiofrance.fr/franceinter/podcasts/l-invite-du-13-14/l-invite-du-13-14-du-mercredi-07-octobre-2026-5299469"
"France Inter (FR)";"FR";"2026-10-08";"L'invité du 13/14";"https://radiofrance.fr/franceinter/podcasts/l-invite-du-13h00"
"France Inter (FR)";"FR";"2026-10-08";"Le journal de 13h";"https://radiofrance.fr/franceinter/podcasts/le-journal-de-13h"
"France Inter (FR)";"FR";"2026-10-08";"""La Maison des os et de la pluie"", de Gabino Iglesias, une sombre histoire de vengeance à Porto Rico";"https://radiofrance.fr/franceinter/podcasts/le-polar-sonne-toujours-2-fois/le-polar-sonne-toujours-2-fois-du-jeudi-17-septembre-2026-2291630"
"France Inter (FR)";"FR";"2026-10-08";"Lilia Hassaine";"https://radiofrance.fr/franceinter/podcasts/rien-ne-s-oppose-a-la-nuit/rien-ne-s-oppose-a-la-nuit-du-lundi-31-aout-2026-3444181"
"France Inter (FR)";"FR";"2026-10-08";"Yannick Haenel : ""La rupture, c'est le début de la vocation""";"https://radiofrance.fr/franceinter/podcasts/le-grand-portrait/le-grand-portrait-du-lundi-07-septembre-2026-9287050"
"France Inter (FR)";"FR";"2026-10-08";"""C'était ça ou mourir"" de Thelyson Orélien, exil et résilience";"https://radiofrance.fr/franceinter/podcasts/le-grand-portrait/le-grand-portrait-du-jeudi-03-septembre-2026-5280607"
"France Inter (FR)";"FR";"2026-10-08";"""Une éclaircie"" de Jean-Baptiste Del Amo : comment son corps a changé son regard sur le monde";"https://radiofrance.fr/franceinter/podcasts/l-invite-de-7h50-du-week-end/l-invite-de-7h50-du-we-du-dimanche-30-aout-2026-2767136"
"France Inter (FR)";"FR";"2026-10-08";"Jean-Philippe Toussaint publie ""La Hantise""";"https://radiofrance.fr/franceinter/podcasts/le-grand-atelier/le-grand-atelier-du-dimanche-30-aout-2026-1560875"
"France Inter (FR)";"FR";"2026-10-08";"Adèle Haenel pour son livre ""Viser juste"" : des mots pour penser le réel";"https://radiofrance.fr/franceinter/podcasts/totemic/totemic-du-vendredi-28-aout-2026-9167302"
"France Inter (FR)";"FR";"2026-10-08";"""À voix haute"" : l'enquête familiale de Polina Panassenko à l'époque de la Russie stalinienne a séduit Le Masque";"https://radiofrance.fr/franceinter/podcasts/le-masque-et-la-plume/a-voix-haute-de-polina-panassenko-2511870"
"France Inter (FR)";"FR";"2026-10-08";"""Ce qui nous frôle sous la surface"" de Colum McCann : le Masque a eu du mal à retenir sa respiration";"https://radiofrance.fr/franceinter/podcasts/le-masque-et-la-plume/ce-qui-nous-frole-sous-la-surface-de-colum-mccann-8357623"
"France Inter (FR)";"FR";"2026-10-08";"Franc-jeu";"https://radiofrance.fr/franceinter/podcasts/franc-jeu"
"France Inter (FR)";"FR";"2026-10-08";"Le 6/9";"https://radiofrance.fr/franceinter/podcasts/le-6-9"
"France Inter (FR)";"FR";"2026-10-08";"Franche culture";"https://radiofrance.fr/franceinter/podcasts/franche-culture"
"France Inter (FR)";"FR";"2026-10-08";"Les ailes de géant";"https://radiofrance.fr/franceinter/podcasts/les-ailes-de-geant"
"France Inter (FR)";"FR";"2026-10-08";"Recto-Verso";"https://radiofrance.fr/franceinter/podcasts/recto-verso"
"France Inter (FR)";"FR";"2026-10-08";"Le 18/20";"https://radiofrance.fr/franceinter/podcasts/le-18-20"
"France Inter (FR)";"FR";"2026-10-08";"C'est loin mais c'est beau";"https://radiofrance.fr/franceinter/podcasts/c-est-loin-mais-c-est-beau"
"France Inter (FR)";"FR";"2026-10-08";"Le Billet de Thomas Poitevin";"https://radiofrance.fr/franceinter/podcasts/vero-la-gestionnaire-de-communautes"
"France Inter (FR)";"FR";"2026-10-08";"Rien ne s'oppose à la nuit";"https://radiofrance.fr/franceinter/podcasts/rien-ne-s-oppose-a-la-nuit"
"France Inter (FR)";"FR";"2026-10-08";"La chronique de Samuel Jensky";"https://radiofrance.fr/franceinter/podcasts/la-chronique-de-samuel-jensky"
"France Inter (FR)";"FR";"2026-10-08";"La chronique de Camille Tissot";"https://radiofrance.fr/franceinter/podcasts/la-chronique-de-camille-tissot"
"France Inter (FR)";"FR";"2026-10-08";"Nos vies numériques";"https://radiofrance.fr/franceinter/podcasts/nos-vies-numeriques"
"France Inter (FR)";"FR";"2026-10-08";"La Revue de presse";"https://radiofrance.fr/franceinter/podcasts/la-revue-de-presse"
"France Inter (FR)";"FR";"2026-10-08";"Tout va trop vite";"https://radiofrance.fr/franceinter/podcasts/les-histoires-du-monde"
"France Inter (FR)";"FR";"2026-10-08";"Le Billet de Jessé";"https://radiofrance.fr/franceinter/podcasts/la-chronique-de-jesse"
"France Inter (FR)";"FR";"2026-10-08";"L'édito de Dov Alfon";"https://radiofrance.fr/franceinter/podcasts/l-edito-de-dov-alfon"
"France Inter (FR)";"FR";"2026-10-08";"Soft planète";"https://radiofrance.fr/franceinter/podcasts/soft-planete"
"France Inter (FR)";"FR";"2026-10-08";"Un jeudi soir sur la terre";"https://radiofrance.fr/franceinter/podcasts/un-jeudi-soir-sur-la-terre"
"France Inter (FR)";"FR";"2026-10-08";"Le petit carnet de campagne";"https://radiofrance.fr/franceinter/podcasts/petits-carnets-de-campagne"
"France Inter (FR)";"FR";"2026-10-08";"Chez la belle-famille";"https://radiofrance.fr/franceinter/podcasts/chez-la-belle-famille"
"France Inter (FR)";"FR";"2026-10-08";"Le Carnaval des Bestioles";"https://radiofrance.fr/franceinter/podcasts/serie-le-carnaval-des-bestioles"
"France Inter (FR)";"FR";"2026-10-08";"Loin des clichés, qui sont les Templiers du Moyen Âge ?";"https://radiofrance.fr/franceinter/podcasts/serie-loin-des-cliches-qui-sont-les-templiers-du-moyen-age"
"France Inter (FR)";"FR";"2026-10-08";"Les Faussaires";"https://radiofrance.fr/franceinter/podcasts/selection-les-faussaires"
"France Inter (FR)";"FR";"2026-10-08";"Le jeune homme qui défiait le Kremlin";"https://radiofrance.fr/franceinter/podcasts/serie-le-jeune-homme-qui-defiait-le-kremlin"
"France Inter (FR)";"FR";"2026-10-08";"Le Masque et Annie Ernaux";"https://radiofrance.fr/franceinter/podcasts/serie-le-masque-et-annie-ernaux"
"France Inter (FR)";"FR";"2026-10-08";"Comment la mode raconte notre histoire ?";"https://radiofrance.fr/franceinter/podcasts/serie-comment-la-mode-raconte-notre-histoire"
"France Inter (FR)";"FR";"2026-10-08";"Charline au Havre";"https://radiofrance.fr/franceinter/podcasts/serie-charline-au-havre"
"France Inter (FR)";"FR";"2026-10-08";"Reines et Rois";"https://radiofrance.fr/franceinter/podcasts/reines-et-rois"
"France Inter (FR)";"FR";"2026-10-08";"""L'espèce explosive"", ""Ni vue, ni connue"" et ""Ton animal maternel"" : les sorties ciné du mercredi";"https://radiofrance.fr/franceinter/podcasts/cine-mercredi/mercredi-cinema-du-mercredi-07-octobre-2026-8779620"
"France Inter (FR)";"FR";"2026-10-08";"Ciné mercredi";"https://radiofrance.fr/franceinter/podcasts/mercredi-cinema"
"France Inter (FR)";"FR";"2026-10-08";"Guerre civile en Birmanie : le récit de l'après-Aung San Suu Kyi";"https://radiofrance.fr/franceinter/podcasts/l-info-de-france-inter/guerre-civile-en-birmanie-le-recit-de-l-apres-aung-san-suu-kyi-4840303"
"France Inter (FR)";"FR";"2026-10-08";"Iyad Ag Ghali, le djihadiste qui défie le Mali";"https://radiofrance.fr/franceinter/podcasts/l-info-de-france-inter/iyad-ag-ghali-le-djihadiste-qui-defile-le-mali-4200074"
"France Inter (FR)";"FR";"2026-10-08";"Poutine, le tsar soviétique";"https://radiofrance.fr/franceinter/podcasts/serie-poutine-le-tsar-sovietique"
"France Inter (FR)";"FR";"2026-10-08";"Alfred Dreyfus, le combat de la République";"https://radiofrance.fr/franceinter/podcasts/serie-alfred-dreyfus-le-combat-de-la-republique"
"France Inter (FR)";"FR";"2026-10-08";"Simone de Beauvoir, itinéraire d'une jeune fille rangée";"https://radiofrance.fr/franceinter/podcasts/serie-simone-de-beauvoir-itineraire-d-une-jeune-fille-rangee"
"France Inter (FR)";"FR";"2026-10-08";"Sigmaringen, le crépuscule des bourreaux";"https://radiofrance.fr/franceinter/podcasts/serie-le-crepuscule-des-bourreaux"
"France Inter (FR)";"FR";"2026-10-08";"Mafia - Meurtres et trahisons : histoires de familles";"https://radiofrance.fr/franceinter/podcasts/serie-mafia-meurtres-et-trahisons-histoires-de-familles"
"France Inter (FR)";"FR";"2026-10-08";"Cache-cache";"https://radiofrance.fr/franceinter/podcasts/serie-cache-cache"
"France Inter (FR)";"FR";"2026-10-08";"Musique !";"https://radiofrance.fr/franceinter/podcasts/serie-musique"
"France Inter (FR)";"FR";"2026-10-08";"Tina et les boucliers de Mars";"https://radiofrance.fr/franceinter/podcasts/serie-tina-et-les-boucliers-de-mars"
"France Inter (FR)";"FR";"2026-10-08";"Les aventures du professeur Caillou";"https://radiofrance.fr/franceinter/podcasts/les-aventures-du-professeur-caillou"
"France Inter (FR)";"FR";"2026-10-08";"Une histoire et... Oli, nouveaux épisodes !";"https://radiofrance.fr/franceinter/podcasts/une-histoire-et-oli"
"France Inter (FR)";"FR";"2026-10-08";"Les Odyssées, nouveaux épisodes !";"https://radiofrance.fr/franceinter/podcasts/les-odyssees"
"France Inter (FR)";"FR";"2026-10-08";"L'invité : Eric Halphen, ancien magistrat";"https://radiofrance.fr/franceinter/podcasts/affaires-sensibles/affaires-sensibles-l-invite-du-mercredi-07-octobre-2026-9463512"
"France Inter (FR)";"FR";"2026-10-08";"Affaires sensibles";"https://radiofrance.fr/franceinter/podcasts/affaires-sensibles"
"France Inter (FR)";"FR";"2026-10-08";"Renaud Van Ruymbeke : au nom de la loi - Le récit";"https://radiofrance.fr/franceinter/podcasts/affaires-sensibles/affaires-sensibles-le-recit-du-mercredi-07-octobre-2026-7795798"
"France Inter (FR)";"FR";"2026-10-08";"Renaud Van Ruymbeke, le magistrat des affaires sensibles - L'intégrale";"https://radiofrance.fr/franceinter/podcasts/affaires-sensibles/affaires-sensibles-du-mercredi-07-octobre-2026-5731774"
"France Inter (FR)";"FR";"2026-10-08";"L'invitée : Annette Wieviorka, historienne";"https://radiofrance.fr/franceinter/podcasts/affaires-sensibles/affaires-sensibles-l-invite-du-mardi-06-octobre-2026-4096148"
"France Inter (FR)";"FR";"2026-10-08";"Les concerts d'Inter";"https://radiofrance.fr/franceinter/podcasts/les-concerts-d-inter"
"France Inter (FR)";"FR";"2026-10-08";"Frissons";"https://radiofrance.fr/franceinter/podcasts/frissons"
"France Inter (FR)";"FR";"2026-10-08";"Mini vulgaire : les véhicules";"https://radiofrance.fr/franceinter/podcasts/serie-mini-vulgaire-les-vehicules"
"France Inter (FR)";"FR";"2026-10-08";"Révélations";"https://radiofrance.fr/franceinter/podcasts/revelations"
"France Inter (FR)";"FR";"2026-10-08";"Afghanistan, le tourisme sans les femmes";"https://radiofrance.fr/franceinter/podcasts/interception/interception-du-dimanche-08-mars-2026-4136320"
"France Inter (FR)";"FR";"2026-10-08";"Taylor Swift, le monde, ma fille et moi";"https://radiofrance.fr/franceinter/podcasts/taylor-swift-le-monde-ma-fille-et-moi"
"France Inter (FR)";"FR";"2026-10-08";"Les déportés";"https://radiofrance.fr/franceinter/podcasts/serie-les-deportes"
"France Inter (FR)";"FR";"2026-10-08";"Etats-Unis : ce pays qui marie ses enfants";"https://radiofrance.fr/franceinter/podcasts/interception/interception-du-dimanche-05-mars-2023-8505277"
"France Inter (FR)";"FR";"2026-10-08";"Sur les traces d'Ousmane Dembélé";"https://radiofrance.fr/franceinter/podcasts/serie-sur-les-traces-d-ousmane-dembele"
"France Inter (FR)";"FR";"2026-10-08";"Collégiennes à vendre";"https://radiofrance.fr/franceinter/podcasts/interception/interception-du-dimanche-12-octobre-2025-2574397"
"France Inter (FR)";"FR";"2026-10-08";"Bateaux pour la planète : naviguer sur le canal de Garonne grâce à l'énergie solaire";"https://radiofrance.fr/franceinter/podcasts/carnets-de-campagne/carnets-de-campagne-du-jeudi-08-octobre-2026-5509602"
"France Inter (FR)";"FR";"2026-10-08";"Carnets de campagne";"https://radiofrance.fr/franceinter/podcasts/carnets-de-campagne"
"France Inter (FR)";"FR";"2026-10-08";"Céline Dion, l’overdose médiatique";"https://radiofrance.fr/franceinter/podcasts/la-chronique-de-christophe-carron/christophe-carron-l-amie-de-la-franche-du-jeudi-08-octobre-2026-5424160"
"France Inter (FR)";"FR";"2026-10-08";"La chronique de Christophe Carron";"https://radiofrance.fr/franceinter/podcasts/la-chronique-de-patricia-tourancheau"
"France Inter (FR)";"FR";"2026-10-08";"Pourquoi les champignons nous fascinent-ils ?";"https://radiofrance.fr/franceinter/podcasts/grand-bien-vous-fasse/grand-bien-vous-fasse-du-jeudi-08-octobre-2026-3903063"
"France Inter (FR)";"FR";"2026-10-08";"Grand bien vous fasse !";"https://radiofrance.fr/franceinter/podcasts/grand-bien-vous-fasse"
"France Inter (FR)";"FR";"2026-10-08";"Réseaux sociaux : la honte existe-t-elle encore ?";"https://radiofrance.fr/franceinter/podcasts/le-debat/le-debat-de-la-grand-matinale-du-jeudi-08-octobre-2026-1860148"
"France Inter (FR)";"FR";"2026-10-08";"Le débat";"https://radiofrance.fr/franceinter/podcasts/le-debat-du-7-10"
"France Inter (FR)";"FR";"2026-10-08";"Juju Fitcats : ""Pendant longtemps, c'était la maladie qui était plus forte que moi""";"https://radiofrance.fr/franceinter/podcasts/le-grand-portrait/le-grand-portrait-du-jeudi-08-octobre-2026-1584095"
"France Inter (FR)";"FR";"2026-10-08";"Le Grand portrait";"https://radiofrance.fr/franceinter/podcasts/l-invite-de-9h10"
"France Inter (FR)";"FR";"2026-10-08";"à Moissac | 4";"https://radiofrance.fr/franceinter/podcasts/le-jeu-des-1-000/le-jeu-des-1000-euros-du-jeudi-08-octobre-2026-5495759"
"France Inter (FR)";"FR";"2026-10-08";"Le jeu des 1 000 €";"https://radiofrance.fr/franceinter/podcasts/le-jeu-des-1000"
"France Inter (FR)";"FR";"2026-10-08";"Le cerveau sur la misère intellectuelle";"https://radiofrance.fr/franceinter/podcasts/la-chronique-de-rebecca-balestra/rebecca-balestra-a-midi-10-en-franche-du-jeudi-08-octobre-2026-6791885"
"France Inter (FR)";"FR";"2026-10-08";"La chronique de Rébecca Balestra";"https://radiofrance.fr/franceinter/podcasts/la-drole-d-humeur-de-rebecca-balestra"
"France Inter (FR)";"FR";"2026-10-08";"Daniel Morin en liberté : Cyp', chargée d'édition réseaux sociaux";"https://radiofrance.fr/franceinter/podcasts/daniel-morin-en-liberte/daniel-morin-en-liberte-du-jeudi-08-octobre-2026-4248824"
"France Inter (FR)";"FR";"2026-10-08";"Daniel Morin en liberté";"https://radiofrance.fr/franceinter/podcasts/daniel-morin"
"France Inter (FR)";"FR";"2026-10-08";"Le développement personnel rend-il insupportable ?";"https://radiofrance.fr/franceinter/podcasts/la-chronique-de-fiona-gianilla/fiona-gianilla-la-franche-touch-du-jeudi-08-octobre-2026-4143600"
"France Inter (FR)";"FR";"2026-10-08";"La chronique de Fiona Gianilla";"https://radiofrance.fr/franceinter/podcasts/la-chronique-de-fiona-g"
"France Inter (FR)";"FR";"2026-10-08";"La revue de presse : guerre en Ukraine et hommages à Anna Politovskaïa";"https://radiofrance.fr/franceinter/podcasts/la-revue-de-presse/la-revue-de-presse-du-jeudi-08-octobre-2026-7836810"
"France Inter (FR)";"FR";"2026-10-08";"Chine-Europe : menace de guerre commerciale";"https://radiofrance.fr/franceinter/podcasts/geopolitique/geopolitique-du-jeudi-08-octobre-2026-3585947"
"France Inter (FR)";"FR";"2026-10-08";"Géopolitique";"https://radiofrance.fr/franceinter/podcasts/geopolitique"
"France Inter (FR)";"FR";"2026-10-08";"Près de Nantes, la ""restauration des milieux naturels"" favorise la biodiversité";"https://radiofrance.fr/franceinter/podcasts/l-info-de-france-inter/wwf-publie-un-nouveau-rapport-1325186"
"France Inter (FR)";"FR";"2026-10-08";"Comment l'industrie chimique fait la loi sur les pesticides en Europe";"https://radiofrance.fr/franceinter/podcasts/debout-la-terre/debout-la-terre-du-jeudi-08-octobre-2026-8094099"
"France Inter (FR)";"FR";"2026-10-08";"Debout la Terre";"https://radiofrance.fr/franceinter/podcasts/la-lutte-enchantee"
"France Inter (FR)";"FR";"2026-10-08";"La France réduit enfin les niveaux de cadmium autorisés dans les engrais";"https://radiofrance.fr/franceinter/podcasts/tout-va-bien-dans-ce-monde/tout-va-bien-dans-ce-monde-du-mercredi-07-octobre-2026-1186027"
"France Inter (FR)";"FR";"2026-10-08";"Tout va bien dans ce monde";"https://radiofrance.fr/franceinter/podcasts/tout-va-bien-dans-ce-monde"
"France Inter (FR)";"FR";"2026-10-08";"Le cancer, une maladie politique";"https://radiofrance.fr/franceinter/podcasts/la-terre-au-carre/la-terre-au-carre-du-mercredi-07-octobre-2026-8118642"
"France Inter (FR)";"FR";"2026-10-08";"La Terre au carré";"https://radiofrance.fr/franceinter/podcasts/la-terre-au-carre"
"France Inter (FR)";"FR";"2026-10-08";"Dans le coffre-fort du Beaufortain";"https://radiofrance.fr/franceinter/podcasts/c-est-loin-mais-c-est-beau/c-est-loin-mais-c-est-beau-du-jeudi-08-octobre-2026-9038385"
"France Inter (FR)";"FR";"2026-10-08";"Les fantômes de L'Heure de vérité";"https://radiofrance.fr/franceinter/podcasts/l-edito-politique/l-edito-politique-du-jeudi-08-octobre-2026-8673594"
"France Inter (FR)";"FR";"2026-10-08";"L'Édito politique";"https://radiofrance.fr/franceinter/podcasts/l-edito-politique"
"France Inter (FR)";"FR";"2026-10-08";"Où vont les fils électriques quand il n'y a plus de poteaux ?";"https://radiofrance.fr/franceinter/podcasts/les-p-tits-bateaux/les-p-tits-bateaux-du-mercredi-07-octobre-2026-9540092"
"France Inter (FR)";"FR";"2026-10-08";"Les P'tits Bateaux";"https://radiofrance.fr/franceinter/podcasts/les-p-tits-bateaux"
"France Inter (FR)";"FR";"2026-10-08";"Violences sexuelles dans le football : la face sombre du ballon rond";"https://radiofrance.fr/franceinter/podcasts/zoom-zoom-zen/zoom-zoom-zen-du-mercredi-07-octobre-2026-7829851"
"France Inter (FR)";"FR";"2026-10-08";"Zoom Zoom Zen";"https://radiofrance.fr/franceinter/podcasts/zoom-zoom-zen"
"France Inter (FR)";"FR";"2026-10-08";"""Don't say Gay"" : la question du genre à l'école";"https://radiofrance.fr/franceinter/podcasts/zoom-zoom-zen/zoom-zoom-zen-du-mercredi-07-octobre-2026-6289161"
"France Inter (FR)";"FR";"2026-10-08";"Projets de vie : injonctions de la société ou chacun fait ce qui lui plaît ?";"https://radiofrance.fr/franceinter/podcasts/grand-bien-vous-fasse/grand-bien-vous-fasse-du-mercredi-07-octobre-2026-2229378"
"France Inter (FR)";"FR";"2026-10-08";"Marie Adam-Leenaerdt, créatrice :  ""On a besoin d'être chics sans effort""";"https://radiofrance.fr/franceinter/podcasts/nouvelles-tetes/nouvelles-tetes-du-mercredi-07-octobre-2026-3523174"
"France Inter (FR)";"FR";"2026-10-08";"Nouvelles têtes";"https://radiofrance.fr/franceinter/podcasts/nouvelles-tetes"
"France Inter (FR)";"FR";"2026-10-08";"Seuls mais ensemble...";"https://radiofrance.fr/franceinter/podcasts/le-pas-de-cote-de-christophe-andre/le-pas-de-cote-de-christophe-andre-du-mardi-06-octobre-2026-9164770"
"France Inter (FR)";"FR";"2026-10-08";"Le pas de côté de Christophe André";"https://radiofrance.fr/franceinter/podcasts/le-pas-de-cote-de-christophe-andre"
"France Inter (FR)";"FR";"2026-10-08";"Joffrey Nizan, directeur sportif du SQY Ping : ""Accompagner le mieux possible les para-athlètes""";"https://radiofrance.fr/franceinter/podcasts/esprit-sport/esprit-sport-du-jeudi-08-octobre-2026-1905070"
"France Inter (FR)";"FR";"2026-10-08";"Esprit sport";"https://radiofrance.fr/franceinter/podcasts/esprit-sport"
"France Culture (FR)";"FR";"2026-10-08";"Pourquoi le loup des fables de La Fontaine est-il plus humain qu'on ne le croit ?";"https://radiofrance.fr/franceculture/podcasts/le-point-culture/le-loup-animal-mal-aime-des-fables-de-la-fontaine-3171063"
"France Culture (FR)";"FR";"2026-10-08";"Emission spéciale Mouvement lycéen : une mobilisation qui s'inscrit dans l'Histoire";"https://radiofrance.fr/franceculture/podcasts/education-le-grand-debat/emission-speciale-mouvement-lyceen-une-mobilisation-qui-s-inscrit-dans-l-histoire-2645113"
"France Culture (FR)";"FR";"2026-10-08";"Éducation, le grand débat";"https://radiofrance.fr/franceculture/podcasts/education-le-grand-debat"
"France Culture (FR)";"FR";"2026-10-08";"Mouvement lycéen : le gouvernement est-il coincé ?";"https://radiofrance.fr/franceculture/podcasts/le-billet-politique/mouvement-lyceen-le-gouvernement-est-il-coince-6702209"
"France Culture (FR)";"FR";"2026-10-08";"Le Billet politique";"https://radiofrance.fr/franceculture/podcasts/le-billet-politique"
"France Culture (FR)";"FR";"2026-10-08";"Comprendre les Nobel de sciences";"https://radiofrance.fr/franceculture/podcasts/serie-comprendre-les-nobel-de-sciences"
"France Culture (FR)";"FR";"2026-10-08";"Jonathan Littell : ""L'Europe est la seule possibilité dans un monde incroyablement darwinien""";"https://radiofrance.fr/franceculture/podcasts/l-invite-e-des-matins/jonathan-littell-est-l-invite-des-matins-1833515"
"France Culture (FR)";"FR";"2026-10-08";"Face aux lycéens, la réponse sécuritaire a-t-elle pris le pas sur l’écoute ?";"https://radiofrance.fr/franceculture/podcasts/l-invite-e-des-matins/face-au-mouvement-lyceen-le-maintien-de-l-ordre-prend-il-le-pas-sur-l-ecoute-4464310"
"France Culture (FR)";"FR";"2026-10-08";"Suspicion de peste en Russie : doit-on vraiment s’inquiéter ?";"https://radiofrance.fr/franceculture/podcasts/les-enjeux-internationaux/suspicion-de-peste-en-russie-doit-on-vraiment-s-inquieter-3337279"
"France Culture (FR)";"FR";"2026-10-08";"Violences sexuelles : enquêter sur les mineurs auteurs d’inceste";"https://radiofrance.fr/franceculture/podcasts/les-chantiers-de-la-recherche/violences-sexuelles-enqueter-sur-les-mineurs-auteurs-d-inceste-2975726"
"France Culture (FR)";"FR";"2026-10-08";"Hélène Hazera, une femme de combat";"https://radiofrance.fr/franceculture/podcasts/serie-helene-hazera-une-femme-de-combat"
"France Culture (FR)";"FR";"2026-10-08";"Aaron Sorkin, réalisateur : ""Donald Trump autorise les Américains à se comporter de manière indécente”";"https://radiofrance.fr/franceculture/podcasts/les-enjeux-internationaux/aaron-sorkin-realisateur-de-the-social-reckoning-1690525"
"France Culture (FR)";"FR";"2026-10-08";"""Le Grand Monde"" de Pierre Lemaitre";"https://radiofrance.fr/franceculture/podcasts/serie-le-grand-monde-de-pierre-lemaitre"
"France Culture (FR)";"FR";"2026-10-08";"Comment la presse internationale voit-elle les manifestations lycéennes ?";"https://radiofrance.fr/franceculture/podcasts/la-revue-de-presse-internationale/la-revue-de-presse-internationale-emission-du-jeudi-08-octobre-2026-4197358"
"France Culture (FR)";"FR";"2026-10-08";"La Revue de presse internationale";"https://radiofrance.fr/franceculture/podcasts/revue-de-presse-internationale"
"France Culture (FR)";"FR";"2026-10-08";"Histoire de l’Afrique : comment sortir du prisme occidental ?";"https://radiofrance.fr/franceculture/podcasts/les-enjeux-internationaux/histoire-de-l-afrique-comment-sortir-du-prisme-occidental-9093042"
"France Culture (FR)";"FR";"2026-10-08";"Les Enjeux internationaux";"https://radiofrance.fr/franceculture/podcasts/les-enjeux-internationaux"
"France Culture (FR)";"FR";"2026-10-08";"Crise pétrolière : quelle marge pour taxer les profits des raffineurs ?";"https://radiofrance.fr/franceculture/podcasts/le-journal-de-l-eco/crise-petroliere-quelle-marge-pour-taxer-les-profits-des-raffineurs-1629158"
"France Culture (FR)";"FR";"2026-10-08";"Le Journal de l'éco";"https://radiofrance.fr/franceculture/podcasts/le-journal-de-l-eco"
"France Culture (FR)";"FR";"2026-10-08";"Cinéma et programmes audiovisuels : ""L'international doit être pensé dès le début des créations"", selon le CNC";"https://radiofrance.fr/franceculture/podcasts/l-info-culturelle-reportages-enquetes-analyses/cinema-et-programmes-audiovisuels-l-international-doit-etre-pense-des-le-debut-des-creations-selon-le-cnc-9492042"
"France Culture (FR)";"FR";"2026-10-08";"L'Info culturelle : reportages, enquêtes, analyses";"https://radiofrance.fr/franceculture/podcasts/l-actualite-culturelle-reportages-enquetes-analyses"
"France Culture (FR)";"FR";"2026-10-08";"Blocage des lycées : les lycéens maintiennent la pression, le gouvernement gagne du temps";"https://radiofrance.fr/franceculture/podcasts/journal-de-12h30/journal-de-12h30-du-jeudi-08-octobre-2026-4971221"
"France Culture (FR)";"FR";"2026-10-08";"Journal de 12h30";"https://radiofrance.fr/franceculture/podcasts/journal-de-12h30"
"France Culture (FR)";"FR";"2026-10-08";"Tuer la mère, sauver sa peau, avec Louise Chennevière";"https://radiofrance.fr/franceculture/podcasts/le-book-club/tuer-la-mere-sauver-sa-peau-avec-louise-chenneviere-3624540"
"France Culture (FR)";"FR";"2026-10-08";"Phœbe Hadjimarkos Clarke, écrivaine : “Il m’est impossible d’écrire un roman sans fantastique déguisé”";"https://radiofrance.fr/franceculture/podcasts/les-midis-de-culture-l-invite-e/phoebe-hadjimarkos-clarke-traverse-les-frontieres-avec-le-livre-des-souterrains-1020724"
"France Culture (FR)";"FR";"2026-10-08";"L'or du démon : rencontre avec Ian McGuire";"https://radiofrance.fr/franceculture/podcasts/mauvais-genres/l-or-du-demon-rencontre-avec-ian-mcguire-9391974"
"France Culture (FR)";"FR";"2026-10-08";"Kae Tempest : retour au roman";"https://radiofrance.fr/franceculture/podcasts/le-book-club/kae-tempest-retour-au-roman-2794282"
"France Culture (FR)";"FR";"2026-10-08";"""Nous aussi"" d'Anne Godard : la force du ""on""";"https://radiofrance.fr/franceculture/podcasts/le-regard-culturel/le-regard-culturel-chronique-du-mercredi-09-septembre-2026-5280197"
"France Culture (FR)";"FR";"2026-10-08";"Antoine Volodine et les 11 romans d'Infernus Johannes : le post-exotisme, bouquet final";"https://radiofrance.fr/franceculture/podcasts/mauvais-genres/operation-volodine-le-post-exotisme-bouquet-final-1076220"
"France Culture (FR)";"FR";"2026-10-08";"""Debout dans tes rêves"" d'Abdellah Taïa, une histoire d'amitié";"https://radiofrance.fr/franceculture/podcasts/le-book-club/promesses-avec-abdellah-taia-4947356"
"France Culture (FR)";"FR";"2026-10-08";"""Mais que fait ce sang sur le pull de Jennifer ?"" de Lucie Rico, ou l’obsession d’une phrase inachevée";"https://radiofrance.fr/franceculture/podcasts/le-book-club/lucie-rico-ou-l-obsession-d-une-phrase-inachevee-4284547"
"France Culture (FR)";"FR";"2026-10-08";"Écrire l’inceste selon Daria Marx dans ""Tuer le vieux""";"https://radiofrance.fr/franceculture/podcasts/les-midis-de-culture/tuer-le-vieux-ecrire-l-inceste-selon-daria-marx-8396852"
"France Culture (FR)";"FR";"2026-10-08";"Premier roman : ""Abdallah Superstar"", un conte électro entre la France et Djibouti";"https://radiofrance.fr/franceculture/podcasts/l-invite-e-des-matins-d-ete/abdallah-superstar-un-conte-electro-entre-la-france-et-djibouti-3189093"
"France Culture (FR)";"FR";"2026-10-08";"Les Philosophes au pouvoir";"https://radiofrance.fr/franceculture/podcasts/les-philosophes-au-pouvoir"
"France Culture (FR)";"FR";"2026-10-08";"Le Cas de conscience";"https://radiofrance.fr/franceculture/podcasts/le-cas-de-conscience"
"France Culture (FR)";"FR";"2026-10-08";"Grand Angle";"https://radiofrance.fr/franceculture/podcasts/grand-angle-de-plan-large"
"France Culture (FR)";"FR";"2026-10-08";"Classe créative : le manager de la semaine";"https://radiofrance.fr/franceculture/podcasts/classe-creative-le-manager-de-la-semaine"
"France Culture (FR)";"FR";"2026-10-08";"Le Droit d'ailleurs";"https://radiofrance.fr/franceculture/podcasts/le-droit-d-ailleurs"
"France Culture (FR)";"FR";"2026-10-08";"Les Clés de l'enfance";"https://radiofrance.fr/franceculture/podcasts/les-cles-de-l-enfance"
"France Culture (FR)";"FR";"2026-10-08";"Les Mystères des lieux";"https://radiofrance.fr/franceculture/podcasts/les-mysteres-des-lieux"
"France Culture (FR)";"FR";"2026-10-08";"Le Film de la semaine";"https://radiofrance.fr/franceculture/podcasts/le-film-de-la-semaine-de-plan-large"
"France Culture (FR)";"FR";"2026-10-08";"Le Point culture XXL : l'agenda";"https://radiofrance.fr/franceculture/podcasts/le-point-culture-xxl-l-agenda"
"France Culture (FR)";"FR";"2026-10-08";"Au nom du droit";"https://radiofrance.fr/franceculture/podcasts/au-nom-du-droit"
"France Culture (FR)";"FR";"2026-10-08";"Questions du soir : le débat";"https://radiofrance.fr/franceculture/podcasts/le-temps-du-debat"
"France Culture (FR)";"FR";"2026-10-08";"Les Midis de Culture";"https://radiofrance.fr/franceculture/podcasts/les-midis-de-culture"
"France Culture (FR)";"FR";"2026-10-08";"Avec philosophie";"https://radiofrance.fr/franceculture/podcasts/avec-philosophie"
"France Culture (FR)";"FR";"2026-10-08";"Le Point idées : le journal des sciences sociales";"https://radiofrance.fr/franceculture/podcasts/le-point-idees"
"France Culture (FR)";"FR";"2026-10-08";"Les Matins";"https://radiofrance.fr/franceculture/podcasts/les-matins"
"France Culture (FR)";"FR";"2026-10-08";"Questions du soir : l'idée";"https://radiofrance.fr/franceculture/podcasts/l-idee-questions-du-soir"
"France Culture (FR)";"FR";"2026-10-08";"La Science, CQFD";"https://radiofrance.fr/franceculture/podcasts/la-science-cqfd"
"France Culture (FR)";"FR";"2026-10-08";"Où va le rêve américain ?";"https://radiofrance.fr/franceculture/podcasts/serie-ou-va-le-reve-americain"
"France Culture (FR)";"FR";"2026-10-08";"La solidarité internationale : la fin d'un modèle ?";"https://radiofrance.fr/franceculture/podcasts/serie-la-solidarite-internationale-la-fin-d-un-modele"
"France Culture (FR)";"FR";"2026-10-08";"François d'Assise, la sainteté est un sport de combat";"https://radiofrance.fr/franceculture/podcasts/serie-francois-d-assise-la-saintete-est-un-sport-de-combat"
"France Culture (FR)";"FR";"2026-10-08";"Marx avant ""Le Capital""";"https://radiofrance.fr/franceculture/podcasts/serie-marx-avant-le-capital"
"France Culture (FR)";"FR";"2026-10-08";"Cuicui, meuh, tagada, histoires d'animaux";"https://radiofrance.fr/franceculture/podcasts/serie-cuicui-meuh-tagada-histoires-d-animaux"
"France Culture (FR)";"FR";"2026-10-08";"Parasite(s)";"https://radiofrance.fr/franceculture/podcasts/serie-parasite-s"
"France Culture (FR)";"FR";"2026-10-08";"Chantal Goya, la Mylène Farmer des enfants";"https://radiofrance.fr/franceculture/podcasts/serie-chantal-goya-la-mylene-farmer-des-enfants"
"France Culture (FR)";"FR";"2026-10-08";"Belgique : l’extrême droite privée de direct";"https://radiofrance.fr/franceculture/podcasts/serie-belgique-l-extreme-droite-privee-de-direct"
"France Culture (FR)";"FR";"2026-10-08";"""The Social Reckoning"" ou le faux semblant de la contestation";"https://radiofrance.fr/franceculture/podcasts/un-monde-connecte/the-social-reckoning-ou-le-faux-semblant-de-la-contestation-2910870"
"France Culture (FR)";"FR";"2026-10-08";"Un monde connecté";"https://radiofrance.fr/franceculture/podcasts/planete-connectee"
"France Culture (FR)";"FR";"2026-10-08";"""Ton Animal maternel"" et ""L'Espèce explosive"" : deux films de la déroute";"https://radiofrance.fr/franceculture/podcasts/le-regard-culturel/le-regard-culturel-chronique-du-mercredi-07-octobre-2026-3450876"
"France Culture (FR)";"FR";"2026-10-08";"Le Regard culturel";"https://radiofrance.fr/franceculture/podcasts/la-critique"
"France Culture (FR)";"FR";"2026-10-08";"Religieuses, des histoires de sœurs";"https://radiofrance.fr/franceculture/podcasts/serie-religieuses-des-histoires-de-soeurs"
"France Culture (FR)";"FR";"2026-10-08";"L'Ardèche, le temps des communautés";"https://radiofrance.fr/franceculture/podcasts/serie-l-ardeche-le-temps-des-communautes"
"France Culture (FR)";"FR";"2026-10-08";"Au pays des songes, 2001-2026 (Israël-Palestine, archives oniriques)";"https://radiofrance.fr/franceculture/podcasts/serie-au-pays-des-songes-2001-2026-israel-palestine-archives-oniriques"
"France Culture (FR)";"FR";"2026-10-08";"Les 2Be3 : étoiles filantes";"https://radiofrance.fr/franceculture/podcasts/serie-les-2be3-etoiles-filantes"
"France Culture (FR)";"FR";"2026-10-08";"Verdun 1916, au cœur d'une guerre totale";"https://radiofrance.fr/franceculture/podcasts/serie-verdun-1916-au-coeur-d-une-guerre-totale"
"France Culture (FR)";"FR";"2026-10-08";"La Joconde sort du silence";"https://radiofrance.fr/franceculture/podcasts/serie-la-joconde-sort-du-silence"
"France Culture (FR)";"FR";"2026-10-08";"Troubles dys : des vies à inventer";"https://radiofrance.fr/franceculture/podcasts/serie-troubles-dys-des-vies-a-inventer"
"France Culture (FR)";"FR";"2026-10-08";"Habiba Msika (1903-1930), une artiste libre aux multiples talents";"https://radiofrance.fr/franceculture/podcasts/toute-une-vie/habiba-msika-une-artiste-libre-aux-multiples-talents-6978561"
"France Culture (FR)";"FR";"2026-10-08";"Hans le Malin, le cheval qui savait lire et compter";"https://radiofrance.fr/franceculture/podcasts/serie-hans-le-malin-le-cheval-qui-savait-lire-et-compter"
"France Culture (FR)";"FR";"2026-10-08";"Les ultras de la collaboration";"https://radiofrance.fr/franceculture/podcasts/serie-les-ultras-de-la-collaboration"
"France Culture (FR)";"FR";"2026-10-08";"Catholiques de France, la tentation radicale";"https://radiofrance.fr/franceculture/podcasts/serie-catholiques-de-france-la-tentation-radicale"
"France Culture (FR)";"FR";"2026-10-08";"L'effet chat";"https://radiofrance.fr/franceculture/podcasts/serie-l-effet-chat"
"France Culture (FR)";"FR";"2026-10-08";"La trilogie des ""J'ai trop..."" de David Lescot";"https://radiofrance.fr/franceculture/podcasts/serie-la-trilogie-des-j-ai-trop-de-david-lescot"
"France Culture (FR)";"FR";"2026-10-08";"""Les Malheurs de Sophie, une comédie musicale"" de Sabine Zovighian et Michael Liot - Saison 2";"https://radiofrance.fr/franceculture/podcasts/serie-les-malheurs-de-sophie-une-comedie-musicale-de-sabine-zovighian-et-michael-liot-saison-2"
"France Culture (FR)";"FR";"2026-10-08";"LSD, la série documentaire";"https://radiofrance.fr/franceculture/podcasts/lsd-la-serie-documentaire"
"France Culture (FR)";"FR";"2026-10-08";"Le chanteur de rue qui ne plaisait pas à tout le monde";"https://radiofrance.fr/franceculture/podcasts/les-pieds-sur-terre/le-chanteur-de-rue-qui-ne-plaisait-pas-a-tout-le-monde-9681781"
"France Culture (FR)";"FR";"2026-10-08";"Les Pieds sur terre";"https://radiofrance.fr/franceculture/podcasts/les-pieds-sur-terre"
"France Culture (FR)";"FR";"2026-10-08";"Avenue Jean Moulin : Annecy et Cran-Gevrier";"https://radiofrance.fr/franceculture/podcasts/les-pieds-sur-terre/avenue-jean-moulin-annecy-et-cran-gevrier-7935271"
"France Culture (FR)";"FR";"2026-10-08";"Conte d'été : amours de jeunesse";"https://radiofrance.fr/franceculture/podcasts/les-pieds-sur-terre/conte-d-ete-amours-de-jeunessse-5949660"
"France Culture (FR)";"FR";"2026-10-08";"Sur le tournage d'un porno ""éthique""";"https://radiofrance.fr/franceculture/podcasts/les-pieds-sur-terre/sur-le-tournage-d-un-porno-ethique-4896878"
"France Culture (FR)";"FR";"2026-10-08";"Héroïne, le temps des seringues";"https://radiofrance.fr/franceculture/podcasts/serie-heroine-le-temps-des-seringues"
"France Culture (FR)";"FR";"2026-10-08";"Même pas mort";"https://radiofrance.fr/franceculture/podcasts/serie-meme-pas-mort"
"France Culture (FR)";"FR";"2026-10-08";"""Les Eloignés"" de Sophie Maurer";"https://radiofrance.fr/franceculture/podcasts/serie-les-eloignes-de-sophie-maurer"
"France Culture (FR)";"FR";"2026-10-08";"Vie de chien";"https://radiofrance.fr/franceculture/podcasts/serie-vie-de-chien"
"France Culture (FR)";"FR";"2026-10-08";"Mes années Boum, une enquête algérienne";"https://radiofrance.fr/franceculture/podcasts/serie-mes-annees-boum-une-enquete-algerienne"
"France Culture (FR)";"FR";"2026-10-08";"Concert-fiction : Blanche-Neige & sortilèges";"https://radiofrance.fr/franceculture/podcasts/fictions-theatre-et-cie/concert-fiction-blanche-neige-sortileges-3143340"
"France Culture (FR)";"FR";"2026-10-08";"Le journal de ma vie";"https://radiofrance.fr/franceculture/podcasts/serie-le-journal-de-ma-vie"
"France Culture (FR)";"FR";"2026-10-08";"""L'Homme invisible"" de H. G. Wells";"https://radiofrance.fr/franceculture/podcasts/serie-l-homme-invisible-de-h-g-wells"
"France Culture (FR)";"FR";"2026-10-08";"""AfficheTonEx"" de Romain Weber et Constance Vilanova";"https://radiofrance.fr/franceculture/podcasts/serie-affichetonex-ecrit-par-romain-weber"
"France Culture (FR)";"FR";"2026-10-08";"Fureurs";"https://radiofrance.fr/franceculture/podcasts/serie-fureurs"
"France Culture (FR)";"FR";"2026-10-08";"Face à l’IA, l’urgence d’une culture technique";"https://radiofrance.fr/franceculture/podcasts/le-fil-philo/face-a-l-ia-l-urgence-d-une-culture-technique-6562574"
"France Culture (FR)";"FR";"2026-10-08";"Le Fil philo";"https://radiofrance.fr/franceculture/podcasts/le-fil-philo"
"France Culture (FR)";"FR";"2026-10-08";"14-18 : les poilus écrivent la violence mais taisent la peur";"https://radiofrance.fr/franceculture/podcasts/le-fil-histoire/14-18-les-poilus-ecrivent-la-violence-mais-taisent-la-peur-9505006"
"France Culture (FR)";"FR";"2026-10-08";"Le Fil histoire";"https://radiofrance.fr/franceculture/podcasts/le-fil-histoire"
"France Culture (FR)";"FR";"2026-10-08";"""À l'Est d'Eden"" : le roman, le film, la série, et une femme-monstre";"https://radiofrance.fr/franceculture/podcasts/le-regard-culturel/le-regard-culturel-chronique-du-jeudi-08-octobre-2026-7929509"
"France Culture (FR)";"FR";"2026-10-08";"Prix Bayeux 2026 : le bruit de la guerre a changé";"https://radiofrance.fr/franceculture/podcasts/un-monde-connecte/prix-bayeux-2026-le-bruit-de-la-guerre-a-change-7629140"
"France Culture (FR)";"FR";"2026-10-08";"Anne Carson, poétesse canadienne, prix Nobel de Littérature 2026";"https://radiofrance.fr/franceculture/podcasts/les-midis-de-culture-l-invite-e/qui-sera-le-prix-nobel-de-litterature-2026-7670704"
"France Culture (FR)";"FR";"2026-10-08";"Les Midis de Culture : l'invité(e)";"https://radiofrance.fr/franceculture/podcasts/les-midis-de-culture-l-invite"
"France Culture (FR)";"FR";"2026-10-08";"Nobel de littérature 2026 : comment se décide le prix le plus secret du monde ?";"https://radiofrance.fr/franceculture/podcasts/les-midis-de-culture/nobel-de-litterature-2026-comment-se-decide-le-prix-le-plus-secret-du-monde-3566307"
"France Culture (FR)";"FR";"2026-10-08";"Fusée, vers l'infini et au-delà";"https://radiofrance.fr/franceculture/podcasts/cultures-monde/fusee-vers-l-infini-et-au-dela-7421976"
"France Culture (FR)";"FR";"2026-10-08";"Cultures Monde";"https://radiofrance.fr/franceculture/podcasts/cultures-monde"
"France Culture (FR)";"FR";"2026-10-08";"Visage de la crise du logement en Espagne, Maricarmen Abascal est morte à 87 ans";"https://radiofrance.fr/franceculture/podcasts/journal-de-8-h/journal-de-8h-du-jeudi-08-octobre-2026-5194765"
"France Culture (FR)";"FR";"2026-10-08";"Journal de 8 h";"https://radiofrance.fr/franceculture/podcasts/journal-de-8-h"
"France Culture (FR)";"FR";"2026-10-08";"L'Invité(e) des Matins";"https://radiofrance.fr/franceculture/podcasts/l-invite-e-des-matins"
"France Culture (FR)";"FR";"2026-10-08";"Platon et l’écriture : pourquoi il en a tout dit et pourquoi c’est encore vrai ?";"https://radiofrance.fr/franceculture/podcasts/avec-philosophie/l-ecriture-corrompt-elle-la-pensee-5751690"
"France Culture (FR)";"FR";"2026-10-08";"Épiceries d'Ancien Régime, le monde dans une boutique";"https://radiofrance.fr/franceculture/podcasts/le-cours-de-l-histoire/epiceries-d-ancien-regime-le-monde-dans-une-boutique-1921142"
"France Culture (FR)";"FR";"2026-10-08";"Le Cours de l'histoire";"https://radiofrance.fr/franceculture/podcasts/le-cours-de-l-histoire"
"France Culture (FR)";"FR";"2026-10-08";"Faire entrer les droits de la nature dans le droit européen, lancement d'une initiative citoyenne européenne";"https://radiofrance.fr/franceculture/podcasts/grand-reportage/faire-entrer-les-droits-de-la-nature-dans-le-droit-europeen-lancement-d-une-initiative-citoyenne-europeenne-2635985"
"France Culture (FR)";"FR";"2026-10-08";"Grand Reportage";"https://radiofrance.fr/franceculture/podcasts/grand-reportage"
"France Culture (FR)";"FR";"2026-10-08";"La biodiversité domestique : ces espèces qui ne survivent plus sans nous";"https://radiofrance.fr/franceculture/podcasts/le-fil-sciences/une-biodiversite-a-transmettre-9426919"
"France Culture (FR)";"FR";"2026-10-08";"Le Fil sciences";"https://radiofrance.fr/franceculture/podcasts/le-fil-science"
"France Culture (FR)";"FR";"2026-10-08";"Crises en série : où est l'horizon ?";"https://radiofrance.fr/franceculture/podcasts/le-billet-politique/crises-en-serie-ou-est-l-horizon-8448250"
"France Culture (FR)";"FR";"2026-10-08";"Le vote des retraités, enjeu incontournable de l’élection présidentielle";"https://radiofrance.fr/franceculture/podcasts/l-info-de-france-culture/le-vote-des-retraites-enjeu-incontournable-de-l-election-presidentielle-9950705"
"France Culture (FR)";"FR";"2026-10-08";"L'Info de France Culture";"https://radiofrance.fr/franceculture/podcasts/l-info-de-france-culture"
"France Culture (FR)";"FR";"2026-10-08";"Burger, trop gras, trop sucré, trop sacré";"https://radiofrance.fr/franceculture/podcasts/cultures-monde/burger-trop-gras-trop-sucre-trop-sacre-7282662"
"France Culture (FR)";"FR";"2026-10-08";"Les Chantiers de la recherche";"https://radiofrance.fr/franceculture/podcasts/les-chantiers-de-la-recherche"
"France Culture (FR)";"FR";"2026-10-08";"Vive la pistache française !";"https://radiofrance.fr/franceculture/podcasts/les-bonnes-choses/les-bonnes-choses-emission-du-dimanche-04-octobre-2026-7272030"
"France Culture (FR)";"FR";"2026-10-08";"Les Bonnes Choses";"https://radiofrance.fr/franceculture/podcasts/les-bonnes-choses"
"France Culture (FR)";"FR";"2026-10-08";"Le Point culture";"https://radiofrance.fr/franceculture/podcasts/affaire-en-cours"
"ARTE (FR)";"FR";"2026-10-08";"Guide TV";"https://www.arte.tv/fr/guide/"
"ARTE (FR)";"FR";"2026-10-08";"[Vidéo/Article] Amours Solitaires";"https://www.arte.tv/fr/videos/RC-019324/amours-solitaires/"
"ARTE (FR)";"FR";"2026-10-08";"Amours solitairesUne série inspirée du compte Instagram de Morgane OrtinReconquérir son ex, c’est… compliqué, surtout quand on est parti à l’étranger sans lui donner de nouvelles.Série";"https://www.arte.tv/fr/videos/RC-019324/amours-solitaires/"
"ARTE (FR)";"FR";"2026-10-08";"Regarder";"https://www.arte.tv/fr/videos/RC-019324/amours-solitaires/"
"ARTE (FR)";"FR";"2026-10-08";"Info";"https://www.arte.tv/fr/videos/info-et-societe/"
"ARTE (FR)";"FR";"2026-10-08";"Documentaires";"https://www.arte.tv/fr/videos/documentaires-et-reportages/"
"ARTE (FR)";"FR";"2026-10-08";"Séries";"https://www.arte.tv/fr/videos/series-et-fictions/"
"ARTE (FR)";"FR";"2026-10-08";"Émissions";"https://www.arte.tv/fr/videos/emissions/"
"ARTE (FR)";"FR";"2026-10-08";"Concert";"https://www.arte.tv/fr/videos/135044-000-A/catherine-ringer-chante-les-rita-mitsouko/"
"ARTE (FR)";"FR";"2026-10-08";"Hommage à Catherine RingerSon concert à la Philharmonie de ParisHommage à la légende de la pop hexagonale disparue ce 14 septembre. Replongez dans l'univers des Rita Mitsouko, capté en 2019.101 minConcert";"https://www.arte.tv/fr/videos/135044-000-A/catherine-ringer-chante-les-rita-mitsouko/"
"ARTE (FR)";"FR";"2026-10-08";"Regarder";"https://www.arte.tv/fr/videos/135044-000-A/catherine-ringer-chante-les-rita-mitsouko/"
"ARTE (FR)";"FR";"2026-10-08";"Bande-annonce";"https://www.arte.tv/fr/videos/135044-000-A/?trailer=true"
"ARTE (FR)";"FR";"2026-10-08";"Concert";"https://www.arte.tv/fr/videos/132676-000-A/raye-guests/"
"ARTE (FR)";"FR";"2026-10-08";"Raye & guestsAu Montreux Jazz Festival 2026À l'occasion de la 60e édition du Montreux Jazz Festival, Raye invite sur scène plusieurs stars internationales de la pop.115 minConcertSous-titres. Sous-titresVersion originale. Version originale";"https://www.arte.tv/fr/videos/132676-000-A/raye-guests/"
"ARTE (FR)";"FR";"2026-10-08";"Regarder";"https://www.arte.tv/fr/videos/132676-000-A/raye-guests/"
"ARTE (FR)";"FR";"2026-10-08";"Bande-annonce";"https://www.arte.tv/fr/videos/132676-000-A/?trailer=true"
"ARTE (FR)";"FR";"2026-10-08";"Concert";"https://www.arte.tv/fr/videos/134165-001-A/yael-naim-orange-blossom-et-robinson-khoury/"
"ARTE (FR)";"FR";"2026-10-08";"Les Concerts VolantsNouvelle soirée tout en couleursYael Naim, Orange Blossom et Robinson Khoury : trois univers musicaux métissés pour ce voyage avec les Concerts Volants.94 minConcert";"https://www.arte.tv/fr/videos/134165-001-A/yael-naim-orange-blossom-et-robinson-khoury/"
"ARTE (FR)";"FR";"2026-10-08";"Regarder";"https://www.arte.tv/fr/videos/134165-001-A/yael-naim-orange-blossom-et-robinson-khoury/"
"ARTE (FR)";"FR";"2026-10-08";"Série";"https://www.arte.tv/fr/videos/RC-024574/de-grace/"
"ARTE (FR)";"FR";"2026-10-08";"De grâceAvec Olivier Gourmet et Panayotis PascotUne tragédie familiale dans l’univers des dockers du Havre. Avec Olivier Gourmet.Série";"https://www.arte.tv/fr/videos/RC-024574/de-grace/"
"ARTE (FR)";"FR";"2026-10-08";"Regarder";"https://www.arte.tv/fr/videos/RC-024574/de-grace/"
"ARTE (FR)";"FR";"2026-10-08";"Bande-annonce";"https://www.arte.tv/fr/videos/RC-024574/?trailer=true"
"ARTE (FR)";"FR";"2026-10-08";"Concert";"https://www.arte.tv/fr/videos/133232-004-A/marguerite/"
"ARTE (FR)";"FR";"2026-10-08";"MargueriteLa révélation pop au Cabaret VertRévélée par la Star Academy, Marguerite livre une performance mêlant sensibilité, franchise et espièglerie.52 minConcert";"https://www.arte.tv/fr/videos/133232-004-A/marguerite/"
"ARTE (FR)";"FR";"2026-10-08";"Regarder";"https://www.arte.tv/fr/videos/133232-004-A/marguerite/"
"ARTE (FR)";"FR";"2026-10-08";"Concert";"https://www.arte.tv/fr/videos/133654-000-A/selah-sue-and-the-gallands/"
"ARTE (FR)";"FR";"2026-10-08";"Selah Sue and the GallandsSession en plein air au lac LémanPour sa 60e édition, le Montreux Jazz Festival dévoile une session live d’exception avec Selah Sue & The Gallands. 34 minConcert";"https://www.arte.tv/fr/videos/133654-000-A/selah-sue-and-the-gallands/"
"ARTE (FR)";"FR";"2026-10-08";"Regarder";"https://www.arte.tv/fr/videos/133654-000-A/selah-sue-and-the-gallands/"
"ARTE (FR)";"FR";"2026-10-08";"Votre prochaine série vous attend";"https://www.arte.tv/fr/videos/series-et-fictions/"
"ARTE (FR)";"FR";"2026-10-08";"Voir tout";"https://www.arte.tv/fr/videos/series-et-fictions/"
"ARTE (FR)";"FR";"2026-10-08";"Nos films à l'affiche";"https://www.arte.tv/fr/videos/cinema/"
"ARTE (FR)";"FR";"2026-10-08";"Voir tout";"https://www.arte.tv/fr/videos/cinema/"
"ARTE (FR)";"FR";"2026-10-08";"Les documentaires à ne pas manquer";"https://www.arte.tv/fr/videos/documentaires-et-reportages/"
"ARTE (FR)";"FR";"2026-10-08";"Voir tout";"https://www.arte.tv/fr/videos/documentaires-et-reportages/"
"ARTE (FR)";"FR";"2026-10-08";"Prolongez l'été !";"https://www.arte.tv/fr/videos/RC-028332/prolonger-l-ete/"
"ARTE (FR)";"FR";"2026-10-08";"Voir tout";"https://www.arte.tv/fr/videos/RC-028332/prolonger-l-ete/"
"ARTE (FR)";"FR";"2026-10-08";"Mafia - Le pouvoir des clans";"https://www.arte.tv/fr/videos/RC-028397/mafia-le-pouvoir-et-l-argent/"
"ARTE (FR)";"FR";"2026-10-08";"Voir tout";"https://www.arte.tv/fr/videos/RC-028397/mafia-le-pouvoir-et-l-argent/"
"ARTE (FR)";"FR";"2026-10-08";"Israël : pleins feux sur un pays fracturé";"https://www.arte.tv/fr/videos/RC-028278/"
"ARTE (FR)";"FR";"2026-10-08";"Voir tout";"https://www.arte.tv/fr/videos/RC-028278/"
"ARTE (FR)";"FR";"2026-10-08";"Culture";"https://www.arte.tv/fr/videos/culture-et-pop/"
"ARTE (FR)";"FR";"2026-10-08";"Voir tout";"https://www.arte.tv/fr/videos/culture-et-pop/"
"ARTE (FR)";"FR";"2026-10-08";"Nos émissions en un coup d'œil";"https://www.arte.tv/fr/videos/emissions/"
"ARTE (FR)";"FR";"2026-10-08";"Voir tout";"https://www.arte.tv/fr/videos/emissions/"
"ARTE (FR)";"FR";"2026-10-08";"Histoire";"https://www.arte.tv/fr/videos/histoire/"
"ARTE (FR)";"FR";"2026-10-08";"Voir tout";"https://www.arte.tv/fr/videos/histoire/"
"ARTE (FR)";"FR";"2026-10-08";"Sciences et technologies";"https://www.arte.tv/fr/videos/sciences/"
"ARTE (FR)";"FR";"2026-10-08";"Voir tout";"https://www.arte.tv/fr/videos/sciences/"
"ARTE (FR)";"FR";"2026-10-08";"Les vidéos les plus vues";"https://www.arte.tv/fr/videos/plus-vues/"
"ARTE (FR)";"FR";"2026-10-08";"Voir tout";"https://www.arte.tv/fr/videos/plus-vues/"
"ARTE (FR)";"FR";"2026-10-08";"Catastrophe - Une série british sur les affres du couple";"https://www.arte.tv/fr/videos/RC-027959/catastrophe/"
"ARTE (FR)";"FR";"2026-10-08";"Taxe-moi, si tu peux ! - Les astuces fiscales des super-riches";"https://www.arte.tv/fr/videos/RC-027810/taxe-moi-si-tu-peux/"
"Time Magazine World (EN)";"EN";"2026-10-08";"At San Antonio Rally, Trump Warns He’ll ‘Never Forgive’ Texas if Talarico Wins";"https://time.com/article/2026/10/08/trump-rally-san-antonio-texas-talarico/"
"Time Magazine World (EN)";"EN";"2026-10-08";"Houthi Attacks on Saudi Airports Kill 3 Amid Escalating War in Yemen";"https://time.com/article/2026/10/08/saudi-arabia-yemen-houthi-rebels-airport-attacks-war/"
"Time Magazine World (EN)";"EN";"2026-10-08";"Trump Administration Proposes $70K Fee for International Students to Work in U.S.";"https://time.com/article/2026/10/08/international-student-training-opt-fee-work-trump-administration/"
"Time Magazine World (EN)";"EN";"2026-10-08";"He's Running In a District Trump Won By 21 Points. Democrats See an Opening";"https://time.com/article/2026/10/08/Tennessee-Justin-Pearson-poll-election-gerrymandering-DCCC/"
"Time Magazine World (EN)";"EN";"2026-10-08";"Most Americans Want to Stop Changing the Clocks. Here’s Why Senators Are Hesitating";"https://time.com/article/2026/10/07/senate-permanent-daylight-saving-time-sunshine-protection-act/"
"Time Magazine World (EN)";"EN";"2026-10-08";"How Quebec Separatists Win Poses New Challenge for Carney Amid Trump Trade War";"https://time.com/article/2026/10/06/quebec-separatists-independence-referendum-tests-canada-carney-trump-trade-war/"
"Time Magazine World (EN)";"EN";"2026-10-08";"What Are Kelvin Waves?";"https://time.com/article/2026/10/07/kelvin-waves-california-el-nino/"
"Time Magazine World (EN)";"EN";"2026-10-08";"Photos Show Scenes of Unrest as French Student Protests Go Nationwide";"https://time.com/article/2026/10/06/france-student-protest-in-photos/"
"Time Magazine World (EN)";"EN";"2026-10-08";"The Women Behind 'The Social Reckoning'";"https://time.com/article/2026/10/06/mikey-madison-frances-haugen-the-social-reckoning/"
"Time Magazine World (EN)";"EN";"2026-10-08";"Review: 'Artificial'";"https://time.com/article/2026/10/06/artificial-review-andrew-garfield-sam-altman/"
"Time Magazine World (EN)";"EN";"2026-10-08";"Omar Sy on 'Lupin' Season 4";"https://time.com/article/2026/10/07/omar-sy-lupin-season-4/"
"Time Magazine World (EN)";"EN";"2026-10-08";"Why Audiobook Walking Clubs Are Taking Off";"https://time.com/article/2026/10/07/audiobook-walking-clubs/"
"Time Magazine World (EN)";"EN";"2026-10-08";"TIME100 Next 2026TIME100 Next 2026";"https://time.com/collection/time100-next/2026/"
"Time Magazine World (EN)";"EN";"2026-10-08";"Swizz Beatz and Alicia Keys";"https://time.com/collection/time100-art/2026/alicia-keys-and-swizz-beatz/"
"Time Magazine World (EN)";"EN";"2026-10-08";"The Fossil Fuel Turning Point";"https://time.com/article/2026/10/05/the-fossil-fuel-turning-point/"
"Time Magazine World (EN)";"EN";"2026-10-08";"The Case Against Wearing Headphones in Public";"https://time.com/article/2026/10/05/the-case-against-wearing-headphones-in-public/"
"Time Magazine World (EN)";"EN";"2026-10-08";"We Must Fight Health Misinformation With Empathy";"https://time.com/article/2026/10/04/we-must-fight-health-misinformation-with-empathy/"
"Time Magazine World (EN)";"EN";"2026-10-08";"Why I Bring My Kids to Vote with Me";"https://time.com/article/2026/10/03/why-i-bring-my-kids-to-vote-with-me/"
"Time Magazine World (EN)";"EN";"2026-10-08";"TIME100 Next 2026: The World's Most Influential Rising Stars";"https://time.com/collection/time100-next/2026/"
"Time Magazine World (EN)";"EN";"2026-10-08";"What Worries Experts About the Russia 'Plague' Incident";"https://time.com/article/2026/10/07/what-worries-experts-about-the-russia-plague-incident/"
"Time Magazine World (EN)";"EN";"2026-10-08";"What to Say When Someone Shows Up Sick";"https://time.com/article/2026/10/07/what-to-say-when-someone-shows-up-sick/"
"Time Magazine World (EN)";"EN";"2026-10-08";"Are Compounding Pharmacies Safe?";"https://time.com/article/2026/10/07/compounding-pharmacies-weight-loss-drugs/"
"Time Magazine World (EN)";"EN";"2026-10-08";"Don't Cancel Your Plans. Shrink Them";"https://time.com/article/2026/10/06/dont-cancel-plans-shrink-them/"
"Time Magazine World (EN)";"EN";"2026-10-08";"Now Is the Best Time to Get Your Flu Shot";"https://time.com/article/2026/10/05/now-is-the-best-time-to-get-your-flu-shot/"
"Time Magazine World (EN)";"EN";"2026-10-08";"Russia Tells WHO No Plague Found After Lab Worker’s Death";"https://time.com/article/2026/10/05/russia-plague-fears-siberia-quarantine-lab-worker-died/"
"Time Magazine World (EN)";"EN";"2026-10-08";"Breaking Down the Ending of 'Below'";"https://time.com/article/2026/10/01/below-netflix-ending/"
"Time Magazine World (EN)";"EN";"2026-10-08";"Review: 'The Social Reckoning'";"https://time.com/article/2026/10/07/the-social-reckoning-review/"
"Time Magazine World (EN)";"EN";"2026-10-08";"Breaking Down the Ending of 'Four Hands, Two Sonatas'";"https://time.com/article/2026/10/01/four-hands-two-sonatas-ending/"
"Time Magazine World (EN)";"EN";"2026-10-08";"Making Sense of Verity's Ambiguous Ending";"https://time.com/article/2026/10/01/verity-ending-explained/"
"Time Magazine World (EN)";"EN";"2026-10-08";"Meta’s Muse AI Agent Is Building a Dossier On You";"https://time.com/article/2026/10/06/meta-muse-ai-agent-privacy/"
"Time Magazine World (EN)";"EN";"2026-10-08";"The Elon Musk Documentary That Has Him Fighting Back";"https://time.com/article/2026/10/05/elon-musk-gibney-documentary/"
"Time Magazine World (EN)";"EN";"2026-10-08";"Awe in the Age of AI";"https://time.com/article/2026/10/02/awe-in-the-age-of-ai/"
"Time Magazine World (EN)";"EN";"2026-10-08";"Why the U.S. Must Simultaneously Compete—and Cooperate—With China on AI";"https://time.com/article/2026/10/01/the-u-s-must-compete-and-cooperate-with-china-on-ai/"
"Time Magazine World (EN)";"EN";"2026-10-08";"How Google Is Quietly Turning Millions of People Into AI Users";"https://time.com/article/2026/09/29/google-search-ai-mode-chat/"
"Time Magazine World (EN)";"EN";"2026-10-08";"The Case Against Pacing the AI Frontier";"https://time.com/article/2026/09/28/the-case-against-pacing-the-ai-frontier/"
"Time Magazine World (EN)";"EN";"2026-10-08";"The Fight to Rein In AI Is Dividing Washington";"https://time.com/article/2026/09/25/ai-congress-regulation-safety-democrats-republicans/"
"Time Magazine World (EN)";"EN";"2026-10-08";"When Is the Best Time to See Peak Fall Foliage?";"https://time.com/article/2026/10/05/when-is-the-best-time-to-see-peak-fall-foliage-/"
"Time Magazine World (EN)";"EN";"2026-10-08";"Europe’s Approach to Climate Change Is Entering a New Era";"https://time.com/article/2026/10/02/europe-s-approach-to-climate-is-entering-a-new-era/"
"Time Magazine World (EN)";"EN";"2026-10-08";"How Does Climate Change Impact Nor'easters?";"https://time.com/article/2026/09/25/climate-change-nor-easters/"
"Time Magazine World (EN)";"EN";"2026-10-08";"Everyone's Still Talking About Climate Change, Actually";"https://time.com/article/2026/09/25/new-york-climate-week/"
"Time Magazine World (EN)";"EN";"2026-10-08";"How To Help Pollinators Survive Winter";"https://time.com/article/2026/09/24/fall-yard-cleanup-pollinators-winter/"
"Time Magazine World (EN)";"EN";"2026-10-08";"Why California Declared a State of Emergency Due to El Niño";"https://time.com/article/2026/09/23/california-state-of-emergency-el-nino/"
"Icilome (FR)";"FR";"2026-10-08";"Togo : Génération Togo appelle à une mobilisation nationale le 20 novembre";"https://icilome.com/2026/10/togo-generation-togo-appelle-a-une-mobilisation-nationale-le-20-novembre/"
"Icilome (FR)";"FR";"2026-10-08";"La culture togolaise au bord de l’épuisement";"https://icilome.com/2026/10/la-culture-togolaise-au-bord-de-lepuisement/"
"Icilome (FR)";"FR";"2026-10-08";"Incident sanitaire à l’Aéroport de Lomé : L’art de cacher le soleil avec la main";"https://icilome.com/2026/10/incident-sanitaire-a-laeroport-de-lome-lart-de-cacher-le-soleil-avec-la-main/"
"Icilome (FR)";"FR";"2026-10-08";"France : Amnesty dénonce une réponse policière « disproportionnée » aux manifestations lycéennes";"https://icilome.com/2026/10/france-amnesty-denonce-une-reponse-policiere-disproportionnee-aux-manifestations-lyceennes/"
"Icilome (FR)";"FR";"2026-10-08";"Togo: L’IA au service du Trésor ou de la poule aux œufs d’or et du panier percé Ohh « boubou-gnats » de ladite 5e République";"https://icilome.com/2026/10/togo-lia-au-service-du-tresor-ou-de-la-poule-aux-oeufs-dor-et-du-panier-perce-ohh-boubou-gnats-de-ladite-5e-republique/"
"Icilome (FR)";"FR";"2026-10-08";"Drame à Dekadome : le MMLK exige la fermeture des carrières illégales";"https://icilome.com/2026/10/drame-a-dekadome-le-mmlk-exige-la-fermeture-des-carrieres-illegales/"
"Icilome (FR)";"FR";"2026-10-08";"Togo- 36 ans après le soulèvement populaire, quel avenir?";"https://icilome.com/2026/10/togo-36-ans-apres-le-soulevement-populaire-quel-avenir/"
"Icilome (FR)";"FR";"2026-10-08";"Togo- PAREC II : A Avéta, l’AFD referme un chapitre et en prépare un autre";"https://icilome.com/2026/10/togo-parec-ii-a-aveta-lafd-referme-un-chapitre-et-en-prepare-un-autre/"
"Icilome (FR)";"FR";"2026-10-08";"Roger Folikoué : croire, aimer et donner sens à sa vie";"https://icilome.com/2026/10/roger-folikoue-croire-aimer-et-donner-sens-a-sa-vie/"
"Icilome (FR)";"FR";"2026-10-08";"Application de l’Arrêt de la Cour de la CEDEAO : mettons le cap sur le Conseil de Paix et de Sécurité de l’Union Africaine";"https://icilome.com/2026/10/application-de-larret-de-la-cour-de-la-cedeao-mettons-le-cap-sur-le-conseil-de-paix-et-de-securite-de-lunion-africaine/"
"Icilome (FR)";"FR";"2026-10-08";"Togo – Après New York, Lomé réunit bientôt les ministres africains de l’Éducation pour mettre la nouvelle carte au programme";"https://icilome.com/2026/10/togo-apres-new-york-lome-reunit-bientot-les-ministres-africains-de-leducation-pour-mettre-la-nouvelle-carte-au-programme/"
"Icilome (FR)";"FR";"2026-10-08";"Visas et cartes de séjour : le Togo réécrit ses règles d’entrée";"https://icilome.com/2026/10/visas-et-cartes-de-sejour-le-togo-reecrit-ses-regles-dentree/"
"Icilome (FR)";"FR";"2026-10-08";"Togo- Justice: Bientôt un recueil numérique de la jurisprudence togolaise, accessible en ligne";"https://icilome.com/2026/10/togo-justice-bientot-un-recueil-numerique-de-la-jurisprudence-togolaise-accessible-en-ligne/"
"Icilome (FR)";"FR";"2026-10-08";"Togo – Noces de cristal du SYNJIT : hommage aux pionniers et cap sur l’avenir";"https://icilome.com/2026/09/togo-noces-de-cristal-du-synjit-hommage-aux-pionniers-et-cap-sur-lavenir/"
"Icilome (FR)";"FR";"2026-10-08";"Togo – SYNJIT : 15 ans d’engagement syndical, un webinaire pour remobiliser les journalistes togolais";"https://icilome.com/2026/08/togo-synjit-15-ans-dengagement-syndical-un-webinaire-pour-remobiliser-les-journalistes-togolais/"
"Icilome (FR)";"FR";"2026-10-08";"Édito- Au Togo, on n’arrête plus les voleurs, on arrête les vendeurs de journaux";"https://icilome.com/2026/08/edito-au-togo-on-narrete-plus-les-voleurs-on-arrete-les-vendeurs-de-journaux/"
"Icilome (FR)";"FR";"2026-10-08";"Togo- Le PPT dénonce une « caporalisation » de la presse après l’interpellation musclée d’un vendeur de journaux";"https://icilome.com/2026/08/togo-le-ppt-denonce-une-caporalisation-de-la-presse-apres-linterpellation-musclee-dun-vendeur-de-journaux/"
"Icilome (FR)";"FR";"2026-10-08";"Oration On Liberty! Addressed to the People and Governors of Togo";"https://icilome.com/2026/07/oration-on-liberty-addressed-to-the-people-and-governors-of-togo/"
"Icilome (FR)";"FR";"2026-10-08";"Togo- Le SYNJIT prépare ses 15 ans avec de nouvelles cartes de membres";"https://icilome.com/2026/07/togo-le-synjit-prepare-ses-15-ans-avec-de-nouvelles-cartes-de-membres/"
"Icilome (FR)";"FR";"2026-10-08";"Video: Abdoul Aziz Goma Addresses the UN on Repression in Togo";"https://icilome.com/2026/03/video-abdoul-aziz-goma-addresses-the-un-on-repression-in-togo/"
"Icilome (FR)";"FR";"2026-10-08";"Togo – Enquête, pressions et refus de l’exil : le message fort de Roger Amemavoh (Vidéo)";"https://icilome.com/2026/02/togo-enquete-pressions-et-refus-de-lexil-le-message-fort-de-roger-amemavor-video/"
"Icilome (FR)";"FR";"2026-10-08";"Bénin : Le président Talon s’adresse à la nation après la tentative de coup d’État (vidéo)";"https://icilome.com/2025/12/benin-le-president-talon-sadresse-a-la-nation-apres-la-tentative-de-coup-detat-video/"
"Icilome (FR)";"FR";"2026-10-08";"Yves Edoh Agbodjan, alias Togbevi Kpéssé précise les objectifs de la délégation du M66 à New York (Interview)";"https://icilome.com/2025/09/yves-edoh-agbodjan-alias-togbevi-kpesse-precise-les-objectifs-de-la-delegation-du-m66-a-new-york-interview/"
"Icilome (FR)";"FR";"2026-10-08";"Vidéo – Le MO5 rejoint l’appel à la mobilisation du 30 août au Togo";"https://icilome.com/2025/08/video-le-mo5-rejoint-lappel-a-la-mobilisation-du-30-aout-au-togo/"
"Icilome (FR)";"FR";"2026-10-08";"Le « Mistral » français, la visite de Macron au Sénégal : quels sont les projets de Paris concernant le Sénégal ?";"https://icilome.com/2026/10/le-mistral-francais-la-visite-de-macron-au-senegal-quels-sont-les-projets-de-paris-concernant-le-senegal/"
"Icilome (FR)";"FR";"2026-10-08";"Togo- Consommer local : le gouvernement togolais déroule son programme d’octobre";"https://icilome.com/2026/10/togo-consommer-local-le-gouvernement-togolais-deroule-son-programme-doctobre/"
"Icilome (FR)";"FR";"2026-10-08";"Togo- Voici les grandes décisions du Conseil des ministres de ce mardi 06 octobre 2026";"https://icilome.com/2026/10/togo-voici-les-grandes-decisions-du-conseil-des-ministres-de-ce-mardi-06-octobre-2026/"
"Icilome (FR)";"FR";"2026-10-08";"Togo- 21ème Foire Internationale de Lomé : rendez-vous au CETEF TOGO 2000 du 27 novembre au 13 décembre 2026";"https://icilome.com/2026/10/togo-21eme-foire-internationale-de-lome-rendez-vous-au-cetef-togo-2000-du-27-novembre-au-13-decembre-2026/"
"Icilome (FR)";"FR";"2026-10-08";"Journées Portes Ouvertes de la Police Nationale : le racket occulté ?";"https://icilome.com/2026/10/journees-portes-ouvertes-de-la-police-nationale-le-racket-occulte/"
"Icilome (FR)";"FR";"2026-10-08";"Togo – L’opposition promet un « dernier avertissement » au régime le 20 novembre";"https://icilome.com/2026/10/togo-lopposition-promet-un-dernier-avertissement-au-regime-le-20-novembre/"
"Icilome (FR)";"FR";"2026-10-08";"Togo – L’ADDI fête ses 35 ans en s’interrogeant sur la place de la jeunesse";"https://icilome.com/2026/10/togo-laddi-fete-ses-35-ans-en-sinterrogeant-sur-la-place-de-la-jeunesse/"
"Icilome (FR)";"FR";"2026-10-08";"Togo – Au siège de la CDPA, la mémoire du 5 octobre comme arme politique";"https://icilome.com/2026/10/togo-au-siege-de-la-cdpa-la-memoire-du-5-octobre-comme-arme-politique/"
"Icilome (FR)";"FR";"2026-10-08";"Togo – Le  gouvernement se soucie-t-il de sa jeunesse ?";"https://icilome.com/2026/10/togo-le-gouvernement-se-soucie-t-il-de-sa-jeunesse/"
"Icilome (FR)";"FR";"2026-10-08";"Interview du président reconduit à la tête du PPT :  Honoré ADONTUI parle du nouveau défi et lance un appel au gouvernement";"https://icilome.com/2026/10/interview-du-president-reconduit-a-la-tete-du-ppt-honore-adontui-parle-du-nouveau-defi-et-lance-un-appel-au-gouvernement/"
"Icilome (FR)";"FR";"2026-10-08";"Togo – L’opposition appelle à se « ressourcer » à la CDPA ce dimanche";"https://icilome.com/2026/10/togo-lopposition-appelle-a-se-ressourcer-a-la-cdpa-ce-dimanche/"
"Icilome (FR)";"FR";"2026-10-08";"Togo : la diaspora désormais connectée à son ministère";"https://icilome.com/2026/10/togo-la-diaspora-desormais-connectee-a-son-ministere/"
"Icilome (FR)";"FR";"2026-10-08";"Togo-Russie : Lomé et Moscou élargissent leur partenariat aux mines et à l’énergie";"https://icilome.com/2026/10/togo-russie-lome-et-moscou-elargissent-leur-partenariat-aux-mines-et-a-lenergie/"
"Icilome (FR)";"FR";"2026-10-08";"Togo- Kara : 27 milliards s’ajoutent aux autres milliards déjà investis dans la recherche d’eau potable";"https://icilome.com/2026/10/togo-kara-27-milliards-sajoutent-aux-autres-milliards-deja-investis-dans-la-recherche-deau-potable/"
"Icilome (FR)";"FR";"2026-10-08";"Dr Charles BIRREGAH élu Vice-Président de la Conférence Régionale des Recteurs de l’AUF pour l’Afrique de l’Ouest";"https://icilome.com/2026/10/dr-charles-birregah-elu-vice-president-de-la-conference-regionale-des-recteurs-de-lauf-pour-lafrique-de-louest/"
"Icilome (FR)";"FR";"2026-10-08";"Résumé analytique d’un extrait de l’interview de Yaouza Ouro-Sama";"https://icilome.com/2026/10/resume-analytique-dun-extrait-de-linterview-de-yaouza-ouro-sama/"
"Icilome (FR)";"FR";"2026-10-08";"Togo : Paix sans démocratie, se mentir";"https://icilome.com/2026/10/togo-paix-sans-democratie-se-mentir/"
"Icilome (FR)";"FR";"2026-10-08";"Togo – Eau potable : à Kara, la bataille se joue d’abord sur le terrain";"https://icilome.com/2026/10/togo-eau-potable-a-kara-la-bataille-se-joue-dabord-sur-le-terrain/"
"Icilome (FR)";"FR";"2026-10-08";"Togo- Racket : le ministère de la Sécurité ouvre une ligne directe, le 1014";"https://icilome.com/2026/10/togo-racket-le-ministere-de-la-securite-ouvre-une-ligne-directe-le-1014/"
"Icilome (FR)";"FR";"2026-10-08";"Togo- CHU Sylvanus Olympio : à la morgue, les oubliés attendent toujours";"https://icilome.com/2026/10/togo-chu-sylvanus-olympio-a-la-morgue-les-oublies-attendent-toujours/"
"Icilome (FR)";"FR";"2026-10-08";"Nord du Togo : le colonel N’Guwaki prend Koundjoaré sous la pression des incursions";"https://icilome.com/2026/10/nord-du-togo-le-colonel-nguwaki-prend-koundjoare-sous-la-pression-des-incursions/"
"Icilome (FR)";"FR";"2026-10-08";"Togo- Anié : le plus grand magasin du marché réduit en cendre";"https://icilome.com/2026/09/togo-anie-le-plus-grand-magasin-du-marche-reduit-en-cendre/"
"Icilome (FR)";"FR";"2026-10-08";"Togo – BAC annulé pour trois candidats, comment le pouvoir encourage l’immoralité";"https://icilome.com/2026/09/togo-bac-annule-pour-trois-candidats-comment-le-pouvoir-encourage-limmoralite/"
"Icilome (FR)";"FR";"2026-10-08";"Tribune | Togo- Emploi, entrepreneuriat, formation : des programmes existent, mais les résultats sont-ils à la hauteur des attentes ?";"https://icilome.com/2026/09/tribune-togo-emploi-entrepreneuriat-formation-des-programmes-existent-mais-les-resultats-sont-ils-a-la-hauteur-des-attentes/"
"Icilome (FR)";"FR";"2026-10-08";"Togo- Agression au siège de la CDPA : pour Adjamagbo-Johnson, l’enquête s’est bloquée après la promotion de l’officier chargé du dossier";"https://icilome.com/2026/09/togo-agression-au-siege-de-la-cdpa-pour-adjamagbo-johnson-lenquete-sest-bloquee-apres-la-promotion-de-lofficier-charge-du-dossier/"
"Icilome (FR)";"FR";"2026-10-08";"Agoè-Fidokpui : Poteaux et câbles électriques abandonnés au milieu d’un marché inauguré aujourd’hui";"https://icilome.com/2026/09/agoe-fidokpui-poteaux-et-cables-electriques-abandonnes-au-milieu-dun-marche-inaugure-aujourdhui/"
"Icilome (FR)";"FR";"2026-10-08";"Agression de journalistes en septembre 2024 : le PPT s’interroge sur l’indifférence du gouvernement";"https://icilome.com/2026/09/agression-de-journalistes-en-septembre-2024-le-ppt-sinterroge-sur-lindifference-du-gouvernement/"
"Icilome (FR)";"FR";"2026-10-08";"Mali : Amnesty International accuse l’armée et Wagner de crimes de guerre contre des civils";"https://icilome.com/2026/09/141120/"
"Icilome (FR)";"FR";"2026-10-08";"Togo : Mme Kafui Adjamagbo-Johnson, pourquoi elle ne démissionne pas de l’Assemblée… pour l’instant";"https://icilome.com/2026/09/togo-mme-kafui-adjamagbo-johnson-pourquoi-elle-ne-demissionne-pas-de-lassemblee/"
"Icilome (FR)";"FR";"2026-10-08";"Togo- 29 septembre 2024 : deux ans après, les journalistes agressés au siège de la CDPA attendent toujours des réponses";"https://icilome.com/2026/09/togo-29-septembre-2024-deux-ans-apres-les-journalistes-agresses-au-siege-de-la-cdpa-attendent-toujours-des-reponses/"
"Icilome (FR)";"FR";"2026-10-08";"Togo- Eau potable : Kara lance un chantier pour près de 200 000 personnes";"https://icilome.com/2026/09/togo-eau-potable-kara-lance-un-chantier-pour-pres-de-200-000-personnes/"
"Icilome (FR)";"FR";"2026-10-08";"« Correct the Map » : Dussey, Bishop Donald et Blessing OR fêtent la victoire";"https://icilome.com/2026/09/correct-the-map-dussey-bishop-donald-et-blessing-or-fetent-la-victoire/"
"Icilome (FR)";"FR";"2026-10-08";"Après la mobilisation de New York, la DMK ORIGINALE appelle à l’unité des forces démocratiques togolaises";"https://icilome.com/2026/09/apres-la-mobilisation-de-new-york-la-dmk-originale-appelle-a-lunite-des-forces-democratiques-togolaises/"
"Icilome (FR)";"FR";"2026-10-08";"Africa Next Bénévolat : les lauréats des Africa Next Awards s’engagent à accompagner 100 PME africaines";"https://icilome.com/2026/09/africa-next-benevolat-les-laureats-des-africa-next-awards-sengagent-a-accompagner-100-pme-africaines/"
"Icilome (FR)";"FR";"2026-10-08";"CreaConnex 2026 : les créateurs de contenu appelés à mieux structurer leur activité";"https://icilome.com/2026/09/creaconnex-2026-les-createurs-de-contenu-appeles-a-mieux-structurer-leur-activite/"
"Icilome (FR)";"FR";"2026-10-08";"Togo : à Tchamba, 473 patients attendent l’aboutissement d’une mission chirurgicale gratuite";"https://icilome.com/2026/09/togo-a-tchamba-473-patients-attendent-laboutissement-dune-mission-chirurgicale-gratuite/"
"Icilome (FR)";"FR";"2026-10-08";"Togo – Hongrie : vers une accélération des projets communs dans l’eau et l’assainissement";"https://icilome.com/2026/09/togo-hongrie-vers-une-acceleration-des-projets-communs-dans-leau-et-lassainissement/"
"Icilome (FR)";"FR";"2026-10-08";"Comment le Togo s’écroule tout seul";"https://icilome.com/2026/09/comment-le-togo-secroule-tout-seul/"
"Icilome (FR)";"FR";"2026-10-08";"Le carburant a monté, la santé est descendue";"https://icilome.com/2026/09/le-carburant-a-monte-la-sante-est-descendue/"
"Icilome (FR)";"FR";"2026-10-08";"Togo- Kégué a retrouvé ses Éperviers, et les Éperviers ont retrouvé leur public";"https://icilome.com/2026/09/togo-kegue-a-retrouve-ses-eperviers-et-les-eperviers-ont-retrouve-leur-public/"
"Icilome (FR)";"FR";"2026-10-08";"Togo- Précarité des journalistes du privé: Le cri d’alarme du SYNJIT auprès des Nations Unies";"https://icilome.com/2026/09/togo-precarite-des-journalistes-du-prive-le-cri-dalarme-du-synjit-aupres-des-nations-unies/"
"Icilome (FR)";"FR";"2026-10-08";"Personnes sourdes au Togo : L’AST réclame des droits accessibles dans les faits";"https://icilome.com/2026/09/personnes-sourdes-au-togo-last-reclame-des-droits-accessibles-dans-les-faits/"
"Icilome (FR)";"FR";"2026-10-08";"Togo- Savanes, une bombe sociale : autochtones et réfugiés burkinabé se disputent les ressources limitées";"https://icilome.com/2026/09/togo-savanes-une-bombe-sociale-autochtones-et-refugies-burkinabe-se-disputent-les-ressources-limitees/"
"Icilome (FR)";"FR";"2026-10-08";"Nationale N°1/Après l’ultimatum : A quand le démarrage des travaux ?";"https://icilome.com/2026/09/nationale-n1-apres-lultimatum-a-quand-le-demarrage-des-travaux/"
"Icilome (FR)";"FR";"2026-10-08";"Togo- Vers quelle destination nous conduit-on ?";"https://icilome.com/2026/09/togo-vers-quelle-destination-nous-conduit-on/"
"Icilome (FR)";"FR";"2026-10-08";"Togo – Burundi : Les Éperviers appelés à étouffer les Hirondelles d’entrée";"https://icilome.com/2026/09/togo-burundi-les-eperviers-appeles-a-etouffer-les-hirondelles-dentree/"
"Icilome (FR)";"FR";"2026-10-08";"Chine-Togo : 54 ans de relations diplomatiques célébrés à Lomé";"https://icilome.com/2026/09/chine-togo-54-ans-de-relations-diplomatiques-celebres-a-lome/"
"Togo First (FR)";"FR";"2026-10-08";"Togo : le gouvernement veut davantage ouvrir le secteur électrique aux investissements privés";"https://www.togofirst.com/fr/energies/0810-20279-togo-le-gouvernement-veut-davantage-ouvrir-le-secteur-electrique-aux-investissements-prives"
"Togo First (FR)";"FR";"2026-10-08";"Togo : le gouvernement veut renforcer le contrôle des explosifs et substances sensibles";"https://www.togofirst.com/fr/securite/0810-20282-togo-le-gouvernement-veut-renforcer-le-controle-des-explosifs-et-substances-sensibles"
"Togo First (FR)";"FR";"2026-10-08";"Togo : un nouveau cadre pour mieux aligner les diplômes sur les besoins de l’emploi";"https://www.togofirst.com/fr/education/0810-20281-togo-un-nouveau-cadre-pour-mieux-aligner-les-diplomes-sur-les-besoins-de-l-emploi"
"Togo First (FR)";"FR";"2026-10-08";"Visas d’entrée et cartes de séjour : le Togo révise les modalités de délivrance";"https://www.togofirst.com/fr/gestion-publique/0710-20277-visas-d-entree-et-cartes-de-sejour-le-togo-revise-les-modalites-de-delivrance"
"Togo First (FR)";"FR";"2026-10-08";"Consommer local 2026 : le Togo mise sur la production locale pour sa souveraineté économique";"https://www.togofirst.com/fr/gouvernance-economique/0710-20273-consommer-local-2026-le-togo-mise-sur-la-production-locale-pour-sa-souverainete-economique"
"Togo First (FR)";"FR";"2026-10-08";"À Lomé, les acteurs africains cherchent de nouveaux financements pour l’inclusion des personnes handicapées";"https://www.togofirst.com/fr/social/0710-20271-a-lome-les-acteurs-africains-cherchent-de-nouveaux-financements-pour-l-inclusion-des-personnes-handicapees"
"Togo First (FR)";"FR";"2026-10-08";"Togo : le Parlement prépare une nouvelle réponse législative contre la pollution plastique";"https://www.togofirst.com/fr/gestion-publique/0710-20270-togo-le-parlement-prepare-une-nouvelle-reponse-legislative-contre-la-pollution-plastique"
"Togo First (FR)";"FR";"2026-10-08";"Développement urbain : le Togo rationalise ses interventions avec la création de la SONADU";"https://www.togofirst.com/fr/gestion-publique/0710-20268-developpement-urbain-le-togo-rationalise-ses-interventions-avec-la-creation-de-la-sonadu"
"Togo First (FR)";"FR";"2026-10-08";"Togo : l’État vise 2109 milliards FCFA de recettes fiscales en 2031";"https://www.togofirst.com/fr/gouvernance-economique/0710-20267-togo-l-etat-vise-2109-milliards-fcfa-de-recettes-fiscales-en-2031"
"Togo First (FR)";"FR";"2026-10-08";"Foncier, permis de construire, urbanisme : le Togo revendique 20 ans de réformes";"https://www.togofirst.com/fr/gouvernance-economique/0610-20264-foncier-permis-de-construire-urbanisme-le-togo-revendique-20-ans-de-reformes"
"Togo First (FR)";"FR";"2026-10-08";"Fourniture d’électricité : des perturbations possibles, sur fond de travaux de WAPCo";"https://www.togofirst.com/fr/energies/0610-20259-fourniture-d-electricite-des-perturbations-possibles-sur-fond-de-travaux-de-wapco"
"Togo First (FR)";"FR";"2026-10-08";"HCR et ASKY s’allient pour favoriser l’emploi et l’entrepreneuriat des réfugiés";"https://www.togofirst.com/fr/social/0610-20258-hcr-et-asky-s-allient-pour-favoriser-l-emploi-et-l-entrepreneuriat-des-refugies"
"Togo First (FR)";"FR";"2026-10-08";"Togo - Maroc : Lacs 3 et Dakhla préparent un partenariat autour de l’économie bleue";"https://www.togofirst.com/fr/gouvernance-economique/0610-20257-togo-maroc-lacs-3-et-dakhla-preparent-un-partenariat-autour-de-l-economie-bleue"
"Togo First (FR)";"FR";"2026-10-08";"Energie : depuis Lomé, la Cedeao harmonise ses données afin de mieux orienter ses investissements";"https://www.togofirst.com/fr/energies/0610-20256-energie-depuis-lome-la-cedeao-harmonise-ses-donnees-afin-de-mieux-orienter-ses-investissements"
"Togo First (FR)";"FR";"2026-10-08";"Togo : un projet soutenu par la BAD cible la maîtrise de la masse salariale";"https://www.togofirst.com/fr/gouvernance-economique/0610-20255-togo-un-projet-soutenu-par-la-bad-cible-la-maitrise-de-la-masse-salariale"
"Togo First (FR)";"FR";"2026-10-08";"Togo - Chine : Lomé veut fluidifier les relations entre fisc et investisseurs";"https://www.togofirst.com/fr/gouvernance-economique/0510-20252-togo-chine-lome-veut-fluidifier-les-relations-entre-fisc-et-investisseurs"
"Togo First (FR)";"FR";"2026-10-08";"Diplomatie : Robert Dussey distingué à New York en marge de l’AG des Nations unies";"https://www.togofirst.com/fr/politique/0510-20247-diplomatie-robert-dussey-distingue-a-new-york-en-marge-de-l-ag-des-nations-unies"
"Togo First (FR)";"FR";"2026-10-08";"Monnaie électronique : la BCEAO rend PI-SPI obligatoire à partir de novembre";"https://www.togofirst.com/fr/gouvernance-economique/0510-20246-transferts-monetaires-interoperables-la-bceao-rend-pi-spi-obligatoire-pour-les-particuliers-des-novembre-2026"
"Togo First (FR)";"FR";"2026-10-08";"Épargne digitale : Ohana Africa et Ecobank lancent le « Compte Familial » au Togo";"https://www.togofirst.com/fr/finance/2809-20187-epargne-digitale-ohana-africa-et-ecobank-lancent-le-compte-familial-au-togo"
"Togo First (FR)";"FR";"2026-10-08";"Togo : une nouvelle solution numérique de gestion des TPME lancée";"https://www.togofirst.com/fr/gouvernance-economique/2709-20178-vendre-facturer-suivre-b-pilot-l-appli-pour-simplifier-la-gestion-des-tpme"
"Togo First (FR)";"FR";"2026-10-08";"Gaëlle de Souza (Gazelle d'Afrik) : « On a tout chez nous, c'est nous-mêmes qui ne l'exploitons pas »";"https://www.togofirst.com/fr/agro/2609-20175-gael-de-souza-gazelle-dafrik-on-a-tout-chez-nous-cest-nous-memes-qui-ne-lexploitons-pas"
"Togo First (FR)";"FR";"2026-10-08";"« Nous voulons bâtir une marque laitière africaine à partir du wangash togolais », Assaba Akouétévi, promotrice de ROSHTA Wangash";"https://www.togofirst.com/fr/agro/1909-20108-nous-voulons-batir-une-marque-laitiere-africaine-a-partir-du-wangash-togolais-assaba-akouetevi-promotrice-de-roshta-wangash"
"Togo First (FR)";"FR";"2026-10-08";"Salim Tebonou (HORI) : « J'ai dû démissionner moi-même de la structure que j'avais co-créée pour repartir de zéro »";"https://www.togofirst.com/fr/gouvernance-economique/0208-19767-salim-tebonou-hori-jai-du-demissionner-moi-meme-de-la-structure-que-javais-creee-pour-repartir-de-zero"
"Togo First (FR)";"FR";"2026-10-08";"FIL 2026 : 70 % de réduction sur les stands pour les femmes et jeunes entrepreneurs";"https://www.togofirst.com/fr/gouvernance-economique/2707-19692-fil-2026-70-de-reduction-sur-les-stands-pour-les-femmes-et-jeunes-entrepreneurs"
"Togo First (FR)";"FR";"2026-10-08";"Togo : après la hausse du prix du carburant, le gouvernement baisse les tarifs de péage";"https://www.togofirst.com/fr/transport/0207-19428-togo-apres-la-hausse-du-prix-du-carburant-le-gouvernement-baisse-les-tarifs-de-peage"
"Togo First (FR)";"FR";"2026-10-08";"Togo : les résultats des examens désormais accessibles gratuitement via le Web, WhatsApp et Telegram";"https://www.togofirst.com/fr/education/0806-19171-togo-les-resultats-des-examens-desormais-accessibles-gratuitement-via-le-web-whatsapp-et-telegram"
"Togo First (FR)";"FR";"2026-10-08";"Le Togolais Kodjo Akpatigbe prend la tête de Deloitte au Togo et au Bénin";"https://www.togofirst.com/fr/finance/0207-19423-le-togolais-kodjo-akpatigbe-prend-la-tete-de-deloitte-au-togo-et-au-benin"
"Togo First (FR)";"FR";"2026-10-08";"Gouvernance et financement du secteur routier : le Togo crée l’AGEROUTE et la SONAFIR";"https://www.togofirst.com/fr/transport/2906-19371-gouvernance-et-financement-du-secteur-routier-le-togo-cree-l-ageroute-et-la-sonafir"
"Togo First (FR)";"FR";"2026-10-08";"Lancement d’une mission d’élaboration des normes de certification pour les entreprises de BTP";"https://www.togofirst.com/"
"Togo First (FR)";"FR";"2026-10-08";"Logement : à Kpomé-Dalavé, Adedze annonce le passage du programme des 20 000 unités à sa phase opérationnelle";"https://www.togofirst.com/fr/gouvernance-economique/1206-19219-logement-a-kpome-dalave-adedze-annonce-le-passage-du-programme-des-20-000-unites-a-sa-phase-operationnelle"
"Togo First (FR)";"FR";"2026-10-08";"Togo : pour une fonction publique plus performante, le gouvernement entend mettre en place un plan national";"https://www.togofirst.com/"
"Togo First (FR)";"FR";"2026-10-08";"Restauration des terres : la FAO lance un appel à projets pour des subventions pouvant atteindre 50 000 $";"https://www.togofirst.com/fr/agro/1506-19233-restauration-des-terres-la-fao-lance-un-appel-a-projets-pour-des-subventions-pouvant-atteindre-50-000"
"Togo First (FR)";"FR";"2026-10-08";"Campagne de commercialisation de karité : priorité aux besoins des transformateurs locaux";"https://www.togofirst.com/fr/agro/0510-20245-campagne-de-commercialisation-de-karite-priorite-aux-besoins-des-transformateurs-locaux"
"Togo First (FR)";"FR";"2026-10-08";"Port de Lomé : une nouvelle tournée dans l’AES pour consolider les corridors vers le Sahel";"https://www.togofirst.com/fr/gouvernance-economique/0510-20244-port-de-lome-une-nouvelle-tournee-dans-l-aes-pour-consolider-les-corridors-vers-le-sahel"
"Togo First (FR)";"FR";"2026-10-08";"Ecobank Togo équipe 80 bacheliers d’ordinateurs pour renforcer leurs compétences numériques";"https://www.togofirst.com/fr/tic/0510-20242-ecobank-togo-equipe-80-bacheliers-d-ordinateurs-pour-renforcer-leurs-competences-numeriques"
"Togo First (FR)";"FR";"2026-10-08";"Au Togo, le Sénat ouvre le chantier du budget 2027";"https://www.togofirst.com/fr/gestion-publique/0210-20236-au-togo-le-senat-ouvre-le-chantier-du-budget-2027"
"Togo First (FR)";"FR";"2026-10-08";"Togo : des brigades mobiles pour renforcer la surveillance environnementale et forestière";"https://www.togofirst.com/fr/agro/0210-20235-togo-des-brigades-mobiles-pour-renforcer-la-surveillance-environnementale-et-forestiere"
"Togo First (FR)";"FR";"2026-10-08";"Agriculture : Lomé s’appuiera sur le satellite du Kirghizistan pour mieux surveiller ses terres";"https://www.togofirst.com/fr/agro/0210-20234-agriculture-lome-s-appuiera-sur-le-satellite-du-kirghizistan-pour-mieux-surveiller-ses-terres"
"Togo First (FR)";"FR";"2026-10-08";"FAO : le mécanisme Forêts et Paysans a mobilisé environ 2,7 milliards FCFA en 7 ans au Togo";"https://www.togofirst.com/fr/agro/0210-20232-fao-le-mecanisme-forets-et-paysans-a-mobilise-environ-2-7-milliards-fcfa-en-7-ans-au-togo"
"Togo First (FR)";"FR";"2026-10-08";"À Lomé, la jeunesse francophone prépare sa contribution au Sommet de Phnom Penh";"https://www.togofirst.com/fr/social/0210-20231-a-lome-la-jeunesse-francophone-prepare-sa-contribution-au-sommet-de-phnom-penh"
"Togo First (FR)";"FR";"2026-10-08";"L’AED et WIETC s’associent pour rapprocher les formations des IFAD des besoins des chantiers au Togo";"https://www.togofirst.com/fr/btp/0210-20230-l-aed-et-wietc-s-associent-pour-rapprocher-les-formations-des-ifad-des-besoins-des-chantiers-au-togo"
"Togo First (FR)";"FR";"2026-10-08";"Togo : 16 démarches du ministère des Affaires étrangères désormais accessibles en ligne";"https://www.togofirst.com/fr/services-publics/0110-20224-togo-16-demarches-du-ministere-des-affaires-etrangeres-desormais-accessibles-en-ligne"
"Togo First (FR)";"FR";"2026-10-08";"Togo : le PAJEC prépare un dispositif pilote d’assurance agricole";"https://www.togofirst.com/fr/agro/0110-20223-togo-le-pajec-prepare-un-dispositif-pilote-d-assurance-agricole"
"Togo First (FR)";"FR";"2026-10-08";"Togo-Russie : la PIA présente ses opportunités d’investissement à une délégation russe";"https://www.togofirst.com/fr/investissement/0110-20222-togo-russie-la-pia-presente-ses-opportunites-d-investissement-a-une-delegation-russe"
"Togo First (FR)";"FR";"2026-10-08";"Pensions de retraite : au Togo, la CRT tourne la page du paiement en espèces";"https://www.togofirst.com/fr/social/0110-20221-pensions-de-retraite-au-togo-la-crt-tourne-la-page-du-paiement-en-especes"
"Togo First (FR)";"FR";"2026-10-08";"Energie : le Togo soutient l’implantation de la raffinerie de Dangote au Kenya";"https://www.togofirst.com/fr/energies/0110-20220-energie-le-togo-soutient-l-implantation-de-la-raffinerie-de-dangote-au-kenya"
"Togo First (FR)";"FR";"2026-10-08";"Projet D-CLIC: environ 300 millions FCFA investis par l’OIF dans la formation numérique des jeunes Togolais";"https://www.togofirst.com/fr/tic/0110-20218-projet-d-clic-environ-300-millions-fcfa-investis-par-l-oif-dans-la-formation-numerique-des-jeunes-togolais"
"Togo First (FR)";"FR";"2026-10-08";"Partenariat : l’UL ouvre la voie à un master en énergie en double diplôme avec l'Université de Rostock";"https://www.togofirst.com/fr/education/3009-20215-partenariat-l-ul-ouvre-la-voie-a-un-master-en-energie-en-double-diplome-avec-luniversite-de-rostock"
"Togo First (FR)";"FR";"2026-10-08";"Coopération décentralisée : Lacs 1 et Nuremberg veulent prolonger leur partenariat";"https://www.togofirst.com/fr/gouvernance-economique/3009-20213-cooperation-decentralisee-lacs-1-et-nuremberg-veulent-prolonger-leur-partenariat"
"Togo First (FR)";"FR";"2026-10-08";"Togo-Russie : la CCI-Togo veut structurer les partenariats entre entreprises";"https://www.togofirst.com/fr/gouvernance-economique/3009-20212-togo-russie-la-cci-togo-veut-structurer-les-partenariats-entre-entreprises"
"Togo First (FR)";"FR";"2026-10-08";"Port de Lomé : les contrôles se renforcent aux entrées et sorties des môles 1 et 2";"https://www.togofirst.com/fr/gouvernance-economique/3009-20208-port-de-lome-les-controles-se-renforcent-aux-entrees-et-sorties-des-moles-1-et-2"
"Togo First (FR)";"FR";"2026-10-08";"Togo : la BIDC lance l’EIF 2027, plus de 500 participants et 40 projets annoncés à Lomé";"https://www.togofirst.com/fr/gouvernance-economique/3009-20207-togo-la-bidc-lance-l-eif-2027-plus-de-500-participants-et-40-projets-annonces-a-lome"
"Togo First (FR)";"FR";"2026-10-08";"BIDC : 10 millions USD mobilisés pour l’agriculture climatique au Togo et dans deux autres pays";"https://www.togofirst.com/fr/agro/2909-20204-bidc-10-millions-usd-mobilises-pour-l-agriculture-climatique-au-togo-et-dans-deux-autres-pays"
"Togo First (FR)";"FR";"2026-10-08";"Togo : de nouvelles démarches administratives désormais accessibles en ligne";"https://www.togofirst.com/fr/services-publics/2909-20203-togo-de-nouvelles-demarches-administratives-desormais-accessibles-en-ligne"
"Togo First (FR)";"FR";"2026-10-08";"Libre circulation en Afrique : Lomé prépare le futur Conseil consultatif des migrations";"https://www.togofirst.com/fr/gouvernance-economique/2909-20197-libre-circulation-en-afrique-lome-prepare-le-futur-conseil-consultatif-des-migrations"
"Togo First (FR)";"FR";"2026-10-08";"Togo : « Voix du Togo » entre en phase de test pour intégrer les langues locales à l’IA";"https://www.togofirst.com/fr/tic/2909-20196-togo-voix-du-togo-entre-en-phase-de-test-pour-integrer-les-langues-locales-a-l-ia"
"Togo First (FR)";"FR";"2026-10-08";"Togo : la campagne café-cacao 2026-2027 démarre avec de nouveaux prix aux producteurs";"https://www.togofirst.com/fr/agro/2909-20195-togo-la-campagne-cafe-cacao-2026-2027-demarre-avec-de-nouveaux-prix-aux-producteurs"
"Togo First (FR)";"FR";"2026-10-08";"Togo : les chiffres clés du secteur touristique";"https://www.togofirst.com/fr/culture/2909-20194-togo-les-chiffres-cles-du-secteur-touristique"
"L'Alternative (TG)";"FR";"2026-10-08";"Accueil";"https://lalternative.info/"
"L'Alternative (TG)";"FR";"2026-10-08";"A propos";"https://lalternative.info/about-us/"
"L'Alternative (TG)";"FR";"2026-10-08";"Abonnement";"https://lalternative.info/abonnez-vous-a-votre-journal/"
"L'Alternative (TG)";"FR";"2026-10-08";"Togo- Primature, ministère des Enseignements, brigade pour mineurs, CNDH passifs sur...";"https://lalternative.info/2024/09/14/togo-primature-ministere-des-enseignements-brigade-pour-mineurs-cndh-passifs-sur-le-viol-sur-une-petite-fille-a-lecole-la-madone/"
"L'Alternative (TG)";"FR";"2026-10-08";"Togo- Kao Baobadi, l’architecte de l’immeuble défectueux de la LONATO, ses...";"https://lalternative.info/2024/05/15/togo-kao-baobadi-larchitecte-de-limmeuble-defectueux-de-la-lonato-ses-deux-appartements-a-dubai/"
"L'Alternative (TG)";"FR";"2026-10-08";"Un appartement d’Yvonne Bawizibadi Gnassingbé à Dubaï au cœur d’une lutte...";"https://lalternative.info/2024/05/17/un-appartement-dyvonne-bawizibadi-gnassingbe-a-dubai-au-coeur-dune-lutte-de-succession/"
"L'Alternative (TG)";"FR";"2026-10-08";"Togo- Vague d’arrestations en cours au sein des FAT";"https://lalternative.info/2024/07/16/togo-vague-darrestations-en-cours-au-sein-des-fat/"
"L'Alternative (TG)";"FR";"2026-10-08";"Togo- Vote de moins de 50 députés, procurations fabriquées au nom...";"https://lalternative.info/2024/03/31/togo-vote-de-moins-de-50-deputes-procurations-fabriquees-au-nom-des-absents-voici-comment-le-coup-detat-constitutionnel-sest-passe-lundi/"
"L'Alternative (TG)";"FR";"2026-10-08";"Togo-La CEET installe un groupe de 14 millions chez la ministre...";"https://lalternative.info/2024/03/15/togo-la-ceet-installe-un-groupe-de-14-millions-chez-la-ministre-de-lenergie-et-des-mines/"
"L'Alternative (TG)";"FR";"2026-10-08";"Togo- Football : Qui est Nibombé Daré, le nouveau sélectionneur des Eperviers ?";"https://lalternative.info/2024/07/15/togo-football-qui-est-nibombe-dare-le-nouveau-selectionneur-des-eperviers/"
"L'Alternative (TG)";"FR";"2026-10-08";"Togo- Justice : Mandat d’arrêt international contre le Cdt Olivier Amah...";"https://lalternative.info/2024/08/07/togo-justice-mandat-darret-international-contre-le-cdt-olivier-amah-et-le-journaliste-ferdinand-ayite/"
"L'Alternative (TG)";"FR";"2026-10-08";"Togo- CEET: Voici les 3 étapes pour mettre à jour son...";"https://lalternative.info/2024/06/27/togo-ceet-voici-les-3-etapes-pour-mettre-a-jour-son-compteur-cash-power/"
"L'Alternative (TG)";"FR";"2026-10-08";"Togo- Arrestations à Kara : incertitude sur le sort du capitaine...";"https://lalternative.info/2024/07/23/togo-arrestations-a-kara-incertitude-sur-le-sort-du-capitaine-dare-kondi-photo/"
"L'Alternative (TG)";"FR";"2026-10-08";"Togo- Kpendjal : Inhumation sans hommage des militaires tombés au front";"https://lalternative.info/2024/07/29/togo-kpendjal-inhumation-sans-hommage-des-militaires-tombes-au-front/"
"L'Alternative (TG)";"FR";"2026-10-08";"NOUS SOUTENIR";"/donate"
"L'Alternative (TG)";"FR";"2026-10-08";"À propos";"https://lalternative.info/about-us/"
"L'Alternative (TG)";"FR";"2026-10-08";"Faire un don";"https://lalternative.info/donate/"
"L'Alternative (TG)";"FR";"2026-10-08";"Abonnez-vous à votre journal";"https://lalternative.info/abonnez-vous-a-votre-journal/"
"L'Alternative (TG)";"FR";"2026-10-08";"Journal L'alternative";"https://lalternative.info/author/lalternative24/"
"L'Alternative (TG)";"FR";"2026-10-08";"Togo- Un jeune officier retrouvé mort dans son bureau au camp BIR";"https://lalternative.info/2026/09/24/togo-un-jeune-officier-retrouve-mort-dans-son-bureau-au-camp-bir/"
"L'Alternative (TG)";"FR";"2026-10-08";"Togo- Journaliste kidnappé, torturé puis jeté dans la brousse… à qui profite le crime ?";"https://lalternative.info/2026/09/09/togo-journaliste-kidnappe-torture-puis-jete-dans-la-brousse-a-qui-profite-le-crime/"
"L'Alternative (TG)";"FR";"2026-10-08";"Diplomatie : deux français arrêtés au Togo, Faure Gnassingbé veut l’extradition de Ferdinand AYITE contre leur libération";"https://lalternative.info/2026/08/18/diplomatie-deux-francais-arretes-au-togo-faure-gnassingbe-veut-lextradition-de-ferdinand-ayite-contre-leur-liberation/"
"L'Alternative (TG)";"FR";"2026-10-08";"Mahama décide de consulter le peuple pour la révision constitutionnelle";"https://lalternative.info/2026/08/16/mahama-decide-de-consulter-le-peuple-pour-la-revision-constitutionnelle/"
"L'Alternative (TG)";"FR";"2026-10-08";"Togo- Tribune : La Cour de justice de la CEDEAO face à un pouvoir qui s’entête à ne jamais avoir tort";"https://lalternative.info/2026/08/10/togo-tribune-la-cour-de-justice-de-la-cedeao-face-a-un-pouvoir-qui-sentete-a-ne-jamais-avoir-tort/"
"L'Alternative (TG)";"FR";"2026-10-08";"La révision constitutionnelle ravive les tensions politiques";"https://lalternative.info/2026/08/08/la-revision-constitutionnelle-ravive-les-tensions-politiques/"
"L'Alternative (TG)";"FR";"2026-10-08";"Togo- Kara : 27 milliards s’ajoutent aux autres milliards déjà investis dans la recherche d’eau potable";"https://lalternative.info/2026/10/01/togo-kara-27-milliards-sajoutent-aux-autres-milliards-deja-investis-dans-la-recherche-deau-potable/"
"L'Alternative (TG)";"FR";"2026-10-08";"Togo- Tribune : « On ne soigne pas à la tête du client »";"https://lalternative.info/2026/09/12/togo-tribune-on-ne-soigne-pas-a-la-tete-du-client/"
"L'Alternative (TG)";"FR";"2026-10-08";"Togo- Tribune : Nous voulons savoir ce que vous reprochez à Fred Vedomey";"https://lalternative.info/2026/08/28/togo-tribune-nous-voulons-savoir-ce-que-vous-reprochez-a-fred-vedomey/"
"L'Alternative (TG)";"FR";"2026-10-08";"Togo-Tribune : Moscou tisse sa toile à Lomé";"https://lalternative.info/2026/07/30/togo-tribune-moscou-tisse-sa-toile-a-lome/"
"L'Alternative (TG)";"FR";"2026-10-08";"TRIBUNE- Coupe du monde 2026 : Pourquoi les sélections africaines s’effondrent en fin de match";"https://lalternative.info/2026/07/05/tribune-coupe-du-monde-2026-pourquoi-les-selections-africaines-seffondrent-en-fin-de-match/"
"L'Alternative (TG)";"FR";"2026-10-08";"Togo- Savanes, une bombe sociale : autochtones et réfugiés burkinabé se disputent les ressources limitées";"https://lalternative.info/2026/09/23/togo-savanes-une-bombe-sociale-autochtones-et-refugies-burkinabe-se-disputent-les-ressources-limitees/"
"L'Alternative (TG)";"FR";"2026-10-08";"Togo- Aéroport de Lomé : l’espace duty free cédé à un privé";"https://lalternative.info/2026/09/23/togo-aeroport-de-lome-lespace-duty-free-cede-a-un-prive/"
"L'Alternative (TG)";"FR";"2026-10-08";"Des douaniers en détention pour trafic de drogue";"https://lalternative.info/2026/09/20/des-douaniers-en-detention-pour-trafic-de-drogue/"
"L'Alternative (TG)";"FR";"2026-10-08";"Togo- Hausse des prix du carburant : Deux Togolais s’affrontent, le virtuel et le réel";"https://lalternative.info/2026/09/16/togo-hausse-des-prix-du-carburant-deux-togolais-saffrontent-le-virtuel-et-le-reel/"
"L'Alternative (TG)";"FR";"2026-10-08";"Togo- Anié : le plus grand magasin du marché réduit en cendre";"https://lalternative.info/2026/09/28/togo-anie-le-plus-grand-magasin-du-marche-reduit-en-cendre/"
"L'Alternative (TG)";"FR";"2026-10-08";"Togo- Les dirigeants africains en chantiers, Faure Gnassingbé fête la correction du « Map »";"https://lalternative.info/2026/09/13/togo-quand-les-dirigeants-africains-sont-sur-les-chantiers-faure-gnassingbe-fete-la-correction-du-map/"
"L'Alternative (TG)";"FR";"2026-10-08";"Togo- Une augmentation de 137 F CFA sur le litre du super sans plomb en 3 mois";"https://lalternative.info/2026/09/11/togo-une-augmentation-de-137-f-cfa-sur-le-litre-du-super-sans-plomb-en-3-mois/"
"L'Alternative (TG)";"FR";"2026-10-08";"Offre d’emploi/L’ALTERNATIVE";"https://lalternative.info/2024/03/07/offre-demploi-lalternative/"
"L'Alternative (TG)";"FR";"2026-10-08";"« Le peuple ne mange pas les notations » : Oligui Nguema dans le concret, Faure Gnassingbé dans les chiffres fabriqués";"https://lalternative.info/2026/09/10/le-peuple-ne-mange-pas-les-notations-oligui-nguema-dans-le-concret-faure-gnassingbe-dans-les-chiffres-fabriques/"
"L'Alternative (TG)";"FR";"2026-10-08";"Isidore kouwonou";"https://lalternative.info/author/ksisdore/"
"L'Alternative (TG)";"FR";"2026-10-08";"Togo- OTR : Éric Amouzou Folly le mari d’une des inspectrices, arrêté";"https://lalternative.info/2026/09/07/togo-otr-eric-amouzou-folly-le-mari-dune-des-inspectrices-arrete/"
"L'Alternative (TG)";"FR";"2026-10-08";"L'Alternative";"https://lalternative.info/author/equipeedito/"
"L'Alternative (TG)";"FR";"2026-10-08";"Togo- Encore un scandale à l’OTR : des cadres de la DGI en garde à vue à la DCPJ";"https://lalternative.info/2026/09/06/togo-encore-un-scandale-a-lotr-des-cadres-de-la-dgi-en-garde-a-vue-a-la-dcpj/"
"L'Alternative (TG)";"FR";"2026-10-08";"La CCJA condamne définitivement l’UTB à verser plus de 2,5 milliards de FCFA à TMI";"https://lalternative.info/2026/07/22/la-ccja-condamne-definitivement-lutb-a-verser-plus-de-25-milliards-de-fcfa-a-tmi/"
"L'Alternative (TG)";"FR";"2026-10-08";"Togo- Scandale à l’OTR : Donko Bileyo et Klouvi Dedegan inculpées par le doyen des juges";"https://lalternative.info/2026/05/17/togo-scandale-a-lotr-donko-bileyo-et-klouvi-dedegan-inculpees-par-le-doyen-des-juges/"
"L'Alternative (TG)";"FR";"2026-10-08";"Togo- OTR : Donko Bileyo virée, plainte contre Ferdinand Ayité retirée";"https://lalternative.info/2026/04/19/togo-otr-donko-bileyo-viree-plainte-contre-ferdinand-ayite-retiree/"
"L'Alternative (TG)";"FR";"2026-10-08";"Togo- OTR : le CENTIF saisit le procureur, le doyen des juges d’instruction ouvre une enquête, un autre compte de 530 millions découverts à NSIA";"https://lalternative.info/2026/04/05/togo-otr-le-centif-saisit-le-procureur-le-doyen-des-juges-dinstruction-ouvre-une-enquete-un-autre-compte-de-530-millions-decouverts-a-nsia/"
"L'Alternative (TG)";"FR";"2026-10-08";"John Mahama offre des billets de la Coupe du monde à la diaspora ghanéenne";"https://lalternative.info/2026/06/01/john-mahama-offre-des-billets-de-la-coupe-du-monde-a-la-diaspora-ghaneenne/"
"L'Alternative (TG)";"FR";"2026-10-08";"View all posts";"https://lalternative.info/author/lalternative24/"
"L'Alternative (TG)";"FR";"2026-10-08";"Facebook";"https://www.facebook.com/sharer/sharer.php?u=https://lalternative.info/"
"L'Alternative (TG)";"FR";"2026-10-08";"Twitter";"https://twitter.com/intent/tweet?text=Check%20out%20this%20article:%20Accueil%20-%20https://lalternative.info/"
"L'Alternative (TG)";"FR";"2026-10-08";"Pinterest";"https://www.pinterest.com/pin/create/button/?url=https%3A%2F%2Flalternative.info%2F&description=Accueil"
"L'Alternative (TG)";"FR";"2026-10-08";"Whatsapp";"https://api.whatsapp.com/send?text=Accueil %0A%0A https%3A%2F%2Flalternative.info%2F"
"L'Alternative (TG)";"FR";"2026-10-08";"Telegram";"https://telegram.me/share/url?url=https%3A%2F%2Flalternative.info%2F&text=Accueil"
"L'Alternative (TG)";"FR";"2026-10-08";"Email";"mailto:?subject=Accueil&BODY=https://lalternative.info/"
"L'Alternative (TG)";"FR";"2026-10-08";"À propos";"/about-us"
"L'Alternative (TG)";"FR";"2026-10-08";"Politique de confidentialité";"/privacy-policy"
"L'Alternative (TG)";"FR";"2026-10-08";"Conditions d'utilisation";"/conditions-dutilisation"
"L'Alternative (TG)";"FR";"2026-10-08";"Règlementation européenne";"https://lalternative.info/reglementation-europeenneeu/"
"L'Alternative (TG)";"FR";"2026-10-08";"Facebook";"https://www.facebook.com/profile.php?id=61556605160366"
"L'Alternative (TG)";"FR";"2026-10-08";"Twitter";"https://twitter.com/lalternative_of"
"L'Alternative (TG)";"FR";"2026-10-08";"Instagram";"https://www.instagram.com/lalternative_of/"
"L'Alternative (TG)";"FR";"2026-10-08";"Youtube";"https://www.youtube.com/channel/UCk6JMYUcGDarZYNb-mPPLPA"
"L'Alternative (TG)";"FR";"2026-10-08";"Gérer les options";"#"
"L'Alternative (TG)";"FR";"2026-10-08";"Gérer les services";"#"
"L'Alternative (TG)";"FR";"2026-10-08";"Gérer {vendor_count} fournisseurs";"#"
"L'Alternative (TG)";"FR";"2026-10-08";"En savoir plus sur ces finalités";"https://cookiedatabase.org/tcf/purposes/"
"L'Alternative (TG)";"FR";"2026-10-08";"Voir les préférences";"#"
"L'Alternative (TG)";"FR";"2026-10-08";"{title}";"#"
"L'Alternative (TG)";"FR";"2026-10-08";"Queue";"#"
"L'Alternative (TG)";"FR";"2026-10-08";"Flash plugin";"http://get.adobe.com/flashplayer/"
"Laabali (TG)";"FR";"2026-10-08";"Africa-Newsroom";"https://laabali.com/africa-newsroom/"
"Laabali (TG)";"FR";"2026-10-08";"...";"#"
"Laabali (TG)";"FR";"2026-10-08";"Hippolyte DAMETARE Sougliman : Acteur de la société civile et des médias";"https://laabali.com/post/15620/hippolyte-dametare-sougliman-acteur-de-la-societe-civile-et-des-medias/ "
"Laabali (TG)";"FR";"2026-10-08";"Diplomatie et droits humains : Le juriste togolais Miname Aimé Lalle hisse haut les couleurs du Togo sur la scène sous-régionale";"https://laabali.com/post/15611/diplomatie-et-droits-humains-le-juriste-togolais-miname-aime-lalle-hisse-haut-les-couleurs-du-togo-sur-la-scene-sous-regionale/ "
"Laabali (TG)";"FR";"2026-10-08";"De cuisinier à chef de canton : portrait de Batidja Tindandja, le nouveau chef d’Ogaro";"https://laabali.com/post/15600/de-cuisinier-a-chef-de-canton-portrait-de-batidja-tindandja-le-nouveau-chef-dogaro/ "
"Laabali (TG)";"FR";"2026-10-08";"Journalistes du privé au Togo : le SYNJIT alerte l’ONU sur une précarité persistante";"https://laabali.com/post/15588/journalistes-du-prive-au-togo-le-synjit-alerte-lonu-sur-une-precarite-persistante/ "
"Laabali (TG)";"FR";"2026-10-08";"Journalistes du privé au Togo : le SYNJIT alerte l’ONU sur une précarité persistante";"https://laabali.com/?p=15588"
"Laabali (TG)";"FR";"2026-10-08";"La Fédération nationale des maisons familiales de formation rurale du Togo lance un appel à projet de Construction de 50 poulaillers traditionnels améliorés au profit des bénéficiaires de l’IFAD Elevage Barkoissi et 30 poulaillers améliorés au profit des bénéficiaires de la FMFRT";"https://laabali.com/?p=15553"
"Laabali (TG)";"FR";"2026-10-08";"Enfants en situation de handicap: Aphmoto soutient en kits scolaires à Dapaong";"https://laabali.com/?p=15515"
"Laabali (TG)";"FR";"2026-10-08";"Ponio : 30 femmes formées aux activités génératrices de revenus";"https://laabali.com/?p=15505"
"Laabali (TG)";"FR";"2026-10-08";"Violences basées sur le genre : AFE sensibilise les communautés à Cinkassé";"https://laabali.com/?p=15384"
"Laabali (TG)";"FR";"2026-10-08";"INADES-Formation : 4 sites maraichers/champs écoles remis aux Scoops dans les savanes";"https://laabali.com/?p=15139"
"Laabali (TG)";"FR";"2026-10-08";"JII 2026 : Dans les Savanes, les infirmiers célébrés pour leur résilience";"https://laabali.com/?p=15103"
"Laabali (TG)";"FR";"2026-10-08";"Dapaong : A2FHV-S sensibilise des acteurs du bâtiment à l’accessibilité des infrastructures publiques";"https://laabali.com/?p=15076"
"Laabali (TG)";"FR";"2026-10-08";"Nadjoundi: ""Les droits de femmes ne donnent pas droit aux femmes de frapper leurs maris""";"https://laabali.com/?p=14881"
"Laabali (TG)";"FR";"2026-10-08";"Yark Damehamme: L’insubmersible général qui murmure aux oreilles de Faure Gnassimgbé";"https://laabali.com/?p=14271"
"Laabali (TG)";"FR";"2026-10-08";"Dapaong : les défis de l’assainissement toujours présents !";"https://laabali.com/?p=13413"
"Laabali (TG)";"FR";"2026-10-08";"Accès à l’eau potable : L’ONG MECAP cultive l’espoir pour la fin de la soif dans les Savanes";"https://laabali.com/?p=13297"
"Laabali (TG)";"FR";"2026-10-08";"Sanloaga (Togo): «Ils enlèvent nos jeunes garçons pour en faire des combattants» 15149 vues";"
                                        https://laabali.com/post/6306/sanloaga-togo-ils-enlevent-nous-jeunes-garcons-pour-en-faire-des-combattants/                                        
                                        "
"Laabali (TG)";"FR";"2026-10-08";"Dapaong: Ouverture du 1e Forum des producteurs agricoles (FOPAT) 14027 vues";"
                                        https://laabali.com/post/6477/dapaong-ouverture-du-1e-forum-des-producteurs-agricoles-fopat/                                        
                                        "
"Laabali (TG)";"FR";"2026-10-08";"TGI/Dapaong: Le départ du président et son équipe fait des mécontents 13001 vues";"
                                        https://laabali.com/post/192/tgi-dapaong-le-depart-du-president-et-son-equipe-fait-des-mecontents/                                        
                                        "
"Laabali (TG)";"FR";"2026-10-08";"Savanes: Les FAT repoussent une attaque, deux assaillants neutralisés 7456 vues";"
                                        https://laabali.com/post/5663/savanes-les-fat-repoussent-une-attaque-deux-assaillants-neutralises/                                        
                                        "
"Laabali (TG)";"FR";"2026-10-08";"Contre le terrorisme: Le Togo fait appel à ses anciens soldats 4365 vues";"
                                        https://laabali.com/post/6743/contre-le-terrorisme-le-togo-fait-appel-a-ses-anciens-soldats/                                        
                                        "
"Laabali (TG)";"FR";"2026-10-08";"Le Maire Monoka Laré et la commune de Tandjouaré 1";"https://laabali.com/post/12171/monoka-lare/"
"Laabali (TG)";"FR";"2026-10-08";"par Edouard Samboe";"#"
"Laabali (TG)";"FR";"2026-10-08";"Suka ou l'art divinatoire: Foi ou culture moba ?";"https://laabali.com/post/12078/suka-ou-lart-divinatoire-foi-ou-culture-moba/"
"Laabali (TG)";"FR";"2026-10-08";"Togo/Education: Diagnostic d'un secteur en panne de repères";"https://laabali.com/post/6749/togo-education-diagnostic-dun-secteur-en-pannes-de-reperes/"
"Laabali (TG)";"FR";"2026-10-08";"Contre le terrorisme: Le Togo fait appel à ses anciens soldats";"https://laabali.com/post/6743/contre-le-terrorisme-le-togo-fait-appel-a-ses-anciens-soldats/"
"Laabali (TG)";"FR";"2026-10-08";"«Le pouvoir doit faire en sorte qu'il y ait moins de frustrations sur les plans politiques et économiques», Pr David Dosseh, OSC";"https://laabali.com/post/6688/le-pouvoir-doit-faire-en-sorte-quil-y-ait-moins-de-frustrations-sur-les-plans-politiques-et-economiques-pr-david-dosseh-osc/"
"Laabali (TG)";"FR";"2026-10-08";"FOPAT: A Dapaong , les producteurs veulent des usines de transformations de tomates";"https://laabali.com/post/6533/fopat-a-dapaong-les-producteurs-veulent-des-usines-de-transformations-de-tomates/"
"Laabali (TG)";"FR";"2026-10-08";"Dapaong: Ouverture du 1e Forum des producteurs agricoles (FOPAT)";"https://laabali.com/post/6477/dapaong-ouverture-du-1e-forum-des-producteurs-agricoles-fopat/"
"Laabali (TG)";"FR";"2026-10-08";"Frontière Burkina-Togo: Le durcissement des mesures sécuritaires impacte Kompienga";"https://laabali.com/post/6464/frontiere-burkina-togo-le-durcissement-des-mesures-securitaires-impacte-kompienga/"
"Laabali (TG)";"FR";"2026-10-08";"Sanloaga (Togo): «Ils enlèvent nos jeunes garçons pour en faire des combattants» 15149 vues";" https://laabali.com/post/6306/sanloaga-togo-ils-enlevent-nous-jeunes-garcons-pour-en-faire-des-combattants/ "
"Laabali (TG)";"FR";"2026-10-08";"Dapaong: Ouverture du 1e Forum des producteurs agricoles (FOPAT) 14027 vues";" https://laabali.com/post/6477/dapaong-ouverture-du-1e-forum-des-producteurs-agricoles-fopat/ "
"Laabali (TG)";"FR";"2026-10-08";"TGI/Dapaong: Le départ du président et son équipe fait des mécontents 13001 vues";" https://laabali.com/post/192/tgi-dapaong-le-depart-du-president-et-son-equipe-fait-des-mecontents/ "
"Laabali (TG)";"FR";"2026-10-08";"CrEaT";""
"Fraternité Matin (CI)";"FR";"2026-10-08";"Escroquerie présumée dans l’immobilier : le parquet financier ouvre une information judiciaire";"https://www.fratmat.info/article/2645031/societe/escroquerie-presumee-dans-limmobilier-le-parquet-financier-ouvre-une-information-judiciaire"
"Fraternité Matin (CI)";"FR";"2026-10-08";"Reprographie dans les universités : le BURIDA veut mieux rémunérer les auteurs";"https://www.fratmat.info/article/2645027/culture/reprographie-dans-les-universites-le-burida-veut-mieux-remunerer-les-auteurs"
"Fraternité Matin (CI)";"FR";"2026-10-08";"Coopération/Protection civile : la Côte d’Ivoire et l’Ordre de Malte renforcent leur coopération";"https://www.fratmat.info/article/2645021/politique/cooperationprotection-civile-la-cote-divoire-et-lordre-de-malte-renforcent-leur-cooperation"
"Fraternité Matin (CI)";"FR";"2026-10-08";"Orpaillage illégal : Le ministre Assahoré Konan Jacques appelle les populations à la vigilance";"https://www.fratmat.info/article/2645015/societe/orpaillage-illegal-le-ministre-assahore-konan-jacques-appelle-les-populations-a-la-vigilance"
"Fraternité Matin (CI)";"FR";"2026-10-08";"Protection sociale : 55 ménages du Poro bénéficient de la « Popote familiale »";"https://www.fratmat.info/article/2645008/regions/protection-sociale-55-menages-du-poro-beneficient-de-la-popote-familiale-"
"Fraternité Matin (CI)";"FR";"2026-10-08";"Transition écologique et économique : La jeunesse au cœur d'une alliance entre l'Unicef et le Gggi";"https://www.fratmat.info/article/2645002/economie/transition-ecologique-et-economique-la-jeunesse-au-cur-dune-alliance-entre-lunicef-et-le-gggi"
"Le Faso (BF)";"FR";"2026-10-08";"Contact";"https://lefaso.net/spip.php?article64819"
"Le Faso (BF)";"FR";"2026-10-08";"Contactez-nous";"https://lefaso.net/spip.php?article64819"
"Le Faso (BF)";"FR";"2026-10-08";"Burkina/Éducation : Objectif 60% de diplômés dans le technique et le professionnel en 2050";"https://lefaso.netspip.php?article149820"
"Le Faso (BF)";"FR";"2026-10-08";"AES/Médias : Les professionnels appelés à investir le front de la guerre informationnelle";"https://lefaso.netspip.php?article149809"
"Le Faso (BF)";"FR";"2026-10-08";"Affaire « Allah Ti Kouma » : Me Ini Esther Doli poursuivie pour diffamation ‎‎";"https://lefaso.net/spip.php?article149801"
"Le Faso (BF)";"FR";"2026-10-08";"Burkina/Football : De nouveaux techniciens à la tête des étalons Dames et des U17";"https://lefaso.net/spip.php?article149770"
"Le Faso (BF)";"FR";"2026-10-08";"Lutte contre la contrebande au Burkina : La Gendarmerie saisit d’importantes quantités d’engrais, d’essence et de cigarettes";"https://lefaso.net/spip.php?article149762"
"Le Faso (BF)";"FR";"2026-10-08";"Espagne : Une crise du logement fait tomber le Parlement, législatives anticipées le 29 novembre 2026";"https://lefaso.net/spip.php?article149747"
"Le Faso (BF)";"FR";"2026-10-08";"Võ Cổ Truyền : Baba Ayoub Diarra décroche deux médailles de bronze en Italie";"https://lefaso.net/spip.php?article149745"
"Le Faso (BF)";"FR";"2026-10-08";"Football/Match amical international : Le gouvernement salue l’engagement patriotique des Etalons face à l’Argentine";"https://lefaso.net/spip.php?article149741"
"Le Faso (BF)";"FR";"2026-10-08";"Décès de PAUL ILBOUDO : Faire-part";"https://lefaso.netspip.php?article149819"
"Le Faso (BF)";"FR";"2026-10-08";"Les 100 Visages du Burkina Digital : Bakénon Koné, des premiers réseaux universitaires aux grandes infrastructures de l’Internet burkinabè";"https://lefaso.netspip.php?article149810"
"Le Faso (BF)";"FR";"2026-10-08";"Agriculture : De 4,66 à 7,14 millions de tonnes de céréales produites, le Burkina accélère vers la souveraineté alimentaire";"https://lefaso.netspip.php?article149796"
"Le Faso (BF)";"FR";"2026-10-08";"Démocratie ou unité : Deux valeurs, deux espaces";"https://lefaso.netspip.php?article149797"
"Le Faso (BF)";"FR";"2026-10-08";"UACO 2026 : La guerre communicationelle au cœur des débats";"https://lefaso.netspip.php?article149814"
"Le Faso (BF)";"FR";"2026-10-08";"Le Faso Digital 2026 : Le Sopatel Silmandé, Hôtel partenaire officiel, accueillera les cérémonies d’ouverture et de clôture";"https://lefaso.netspip.php?article149818"
"Le Faso (BF)";"FR";"2026-10-08";"Littérature : Kéyombié Kansolé, une auteure qui veut « changer le monde » par les mots";"https://lefaso.netspip.php?article149803"
"Le Faso (BF)";"FR";"2026-10-08";"La France cherche l’AES… ses lycéens cherchent professeurs";"https://lefaso.netspip.php?article149804"
"Le Faso (BF)";"FR";"2026-10-08";"JEPPC 2026 : Le ministre Jacques Sosthène Dingara dévoile les grandes réformes de l’éducation";"https://lefaso.netspip.php?article149812"
"Le Faso (BF)";"FR";"2026-10-08";"JEPPC 2026 : Patrimoine, médias et tourisme au cœur du bilan du ministre Pingwendé Gilbert Ouédraogo";"https://lefaso.netspip.php?article149794"
"Le Faso (BF)";"FR";"2026-10-08";"Bobo-Dioulasso : L’ANPFI outille les médias sur l’inclusion financière et la protection des consommateurs";"https://lefaso.netspip.php?article149811"
"Le Faso (BF)";"FR";"2026-10-08";"Burkina : Des agents de santé renforcent leurs compétences pour détecter précocement les handicaps chez l’enfant";"https://lefaso.netspip.php?article149813"
"Le Faso (BF)";"FR";"2026-10-08";"Nuit de la RPP : Burkinabè et Africains soutiennent le capitaine Ibrahim Traoré dans une ""mobilisation historique et exceptionnelle""";"https://lefaso.netspip.php?article149654"
"Le Faso (BF)";"FR";"2026-10-08";"En direct : Nuit de la Révolution Progressiste Populaire";"https://lefaso.netspip.php?article149651"
"Le Faso (BF)";"FR";"2026-10-08";"« Nuit de la RPP » : Une halte d’hommages aux forces combattantes et de célébrations des victoires et acquis engrangés, selon le comité d’organisation";"https://lefaso.netspip.php?article149542"
"Le Faso (BF)";"FR";"2026-10-08";"Burkina : Ibrahim Traoré à Bobo-Dioulasso pour inaugurer deux infrastructures stratégiques";"https://lefaso.netspip.php?article149097"
"Le Faso (BF)";"FR";"2026-10-08";"‎Burkina : La Présidence du Faso lance le concours Hakili Mousso pour détecter les talents scientifiques féminins";"https://lefaso.netspip.php?article148857"
"Le Faso (BF)";"FR";"2026-10-08";"Immersion patriotique obligatoire 2026 : Le capitaine Ibrahim Traoré exhorte les jeunes à éviter le chemin de la facilité et à servir la patrie";"https://lefaso.netspip.php?article148839"
"Le Faso (BF)";"FR";"2026-10-08";"Assemblée législative du peuple : Mathieu Boro fait ses premiers pas à l’hémicycle et promet de porter la voix des Burkinabè";"https://lefaso.netspip.php?article148412"
"Le Faso (BF)";"FR";"2026-10-08";"Max it : Orange Burkina dévoile une nouvelle version plus ouverte et multifonctionnelle";"https://lefaso.netspip.php?article149798"
"Le Faso (BF)";"FR";"2026-10-08";"Journée mondiale du coton 2026 : Le Burkina réaffirme sa volonté de rompre avec le modèle colonial par la transformation locale";"https://lefaso.netspip.php?article149790"
"Le Faso (BF)";"FR";"2026-10-08";"‎Gendarmerie nationale : Un avis de recherche lancé contre Sanfo Boureima ‎";"https://lefaso.netspip.php?article149791"
"Le Faso (BF)";"FR";"2026-10-08";"Burkina/Solidarité : Plus 1,34 million de personnes retournées et accompagnées dans 1 055 localités";"https://lefaso.netspip.php?article149760"
"Le Faso (BF)";"FR";"2026-10-08";"Les 100 Visages du Burkina Digital : Louis Modeste Ouédraogo, penser les règles d’un monde devenu numérique";"https://lefaso.netspip.php?article149786"
"Le Faso (BF)";"FR";"2026-10-08";"Santé : De l’extension des infrastructures à la baisse du coût des soins, le bilan du gouvernement aux JEPPC 2026";"https://lefaso.netspip.php?article149761"
"Le Faso (BF)";"FR";"2026-10-08";"Journée mondiale de la paralysie cérébrale : Le Groupe ACCES sensibilise et plaide pour une meilleure prise en charge des enfants touchés";"https://lefaso.netspip.php?article149785"
"Le Faso (BF)";"FR";"2026-10-08";"Stratégie 2027-2031 de la BAD pour le Burkina :  La Banque et le gouvernement s’accordent sur les priorités cohérentes avec le Plan RELANCE";"https://lefaso.netspip.php?article149784"
"Le Faso (BF)";"FR";"2026-10-08";"Burkina/Banque mondiale : Un nouveau cadre de partenariat pour soutenir les priorités nationales";"https://lefaso.netspip.php?article149723"
"Le Faso (BF)";"FR";"2026-10-08";"Match amical international : Le Burkina Faso s’incline face à l’Argentine (7-0)";"https://lefaso.netspip.php?article149724"
"Le Faso (BF)";"FR";"2026-10-08";"Consommer local : L’UEMOA veut transformer le marché régional en levier de souveraineté économique";"https://lefaso.netspip.php?article149701"
"Le Faso (BF)";"FR";"2026-10-08";"Bobo-Dioulasso : La SONATUR conjugue responsabilité sociale et développement immobilier";"https://lefaso.netspip.php?article149703"
"Le Faso (BF)";"FR";"2026-10-08";"Affaire « Allah Ti Kouma » : Me Ini Esther Doli poursuivie pour diffamation ‎";"https://lefaso.netspip.php?article149801"
"Le Faso (BF)";"FR";"2026-10-08";"Burkina/Football : De nouveaux techniciens à la tête des étalons Dames et des U17";"https://lefaso.netspip.php?article149770"
"Le Faso (BF)";"FR";"2026-10-08";"Match amical : Le gouvernement salue l’engagement patriotique des Etalons face à l’Argentine";"https://lefaso.netspip.php?article149741"
"Le Faso (BF)";"FR";"2026-10-08";"Sports : Le président du Faso félicite le champion d’Afrique WBA « Le Percuteur » et les Étalons U15 filles, médaillées à la Coupe d’Afrique scolaire";"https://lefaso.netspip.php?article149759"
"Le Faso (BF)";"FR";"2026-10-08";"Võ Cổ Truyền : Baba Ayoub Diarra décroche deux médailles de bronze en Italie";"https://lefaso.netspip.php?article149745"
"Le Faso (BF)";"FR";"2026-10-08";"Musique : Du simple « like » à l’achat, les REMA 2026 veulent convertir les followers";"https://lefaso.netspip.php?article149605"
"Le Faso (BF)";"FR";"2026-10-08";"Nabalüm, dix ans de carrière : Une reine qui ne baisse pas les bras";"https://lefaso.netspip.php?article149529"
"Le Faso (BF)";"FR";"2026-10-08";"SITHO 2026 : Le financement des projets structurants au cœur de la 16ᵉ édition";"https://lefaso.netspip.php?article149427"
"Le Faso (BF)";"FR";"2026-10-08";"Burkina/ Culture : L’institut burkinabè renaitra de ses cendres, foi de Georges Kaboré";"https://lefaso.netspip.php?article149354"
"Le Faso (BF)";"FR";"2026-10-08";"Musée national : L’exposition « Rupture » invite à repenser l’art et le rapport à la société";"https://lefaso.netspip.php?article149350"
"Le Faso (BF)";"FR";"2026-10-08";"Union africaine : Réunis en Egypte, dirigeants cherchent à « transformer engagements politiques en réalisations concrètes »";"https://lefaso.netspip.php?article149737"
"Le Faso (BF)";"FR";"2026-10-08";"UEMOA : Le « Consommer local » au service de l’intégration régionale";"https://lefaso.netspip.php?article149641"
"Le Faso (BF)";"FR";"2026-10-08";"UEMOA : Le volet régional du « Mois du consommer local » prévu du 1er au 4 octobre 2026 à Ouagadougou";"https://lefaso.netspip.php?article149637"
"Le Faso (BF)";"FR";"2026-10-08";"81e AG de l’ONU : ""Nous ne demandons à personne la permission d’exister"" Karamoko Jean Marie Traoré";"https://lefaso.netspip.php?article149590"
"Le Faso (BF)";"FR";"2026-10-08";"Xi Jinping à la Maison Blanche : La journaliste Shanhui Zhang analyse la visite du président chinois aux Etats-Unis";"https://lefaso.netspip.php?article149535"
"Le Faso (BF)";"FR";"2026-10-08";"Qui utilise une console portable dédiée au jeu PC, et pour quoi faire ?";"https://lefaso.netspip.php?article149793"
"Le Faso (BF)";"FR";"2026-10-08";"Le Faso Digital 2026 : L’ARCEP renouvelle son engagement et parraine le Prix de l’Innovation inclusive";"https://lefaso.netspip.php?article149776"
"Le Faso (BF)";"FR";"2026-10-08";"Promotion des langues nationales au Burkina : Zaamsé, l’application qui veut réconcilier les jeunes burkinabè avec leurs langues d’origine";"https://lefaso.netspip.php?article149765"
"Le Faso (BF)";"FR";"2026-10-08";"Le Faso Digital 2026 : Wave Burkina s’engage aux côtés de la Foire virtuelle des solutions digitales";"https://lefaso.netspip.php?article149755"
"Le Faso (BF)";"FR";"2026-10-08";"Burkina : En cas de danger, “Sécurité+”, une application locale veut rapprocher les secours des personnes en difficulté";"https://lefaso.netspip.php?article149742"
"Le Faso (BF)";"FR";"2026-10-08";"Offre de formation en cybersécurité du 15 mai au 20 juillet 2024";"https://lefaso.netspip.php?article130136"
"Le Faso (BF)";"FR";"2026-10-08";"Vœux de nouvel an de Dre Lydia ROUAMBA, Directrice Générale du Centre national de l’Information, de l’Orientation Scolaire et Professionnelle, et des Bourses (CIOSPB)";"https://lefaso.netspip.php?article118725"
"Le Faso (BF)";"FR";"2026-10-08";"CIOSPB : La République de la Tunisie met à la disposition du Burkina Faso des bourses études pour l’année académique 2022-2023";"https://lefaso.netspip.php?article115137"
"Le Faso (BF)";"FR";"2026-10-08";"7e édition de la Semaine nationale de l’Information et de l’Orientation (SIO) : Le Centre National des Œuvres Universitaires (CENOU) communique sur ses prestations aux nouveaux bacheliers";"https://lefaso.netspip.php?article114708"
"Le Faso (BF)";"FR";"2026-10-08";"Année académique 2022-2023 : Le Royaume du Maroc met à la disposition du Burkina Faso, cent-vingt (120) bourses d’études";"https://lefaso.netspip.php?article113781"
"Le Faso (BF)";"FR";"2026-10-08";"SONABEL : Les candidats admis aux recrutements en CDI convoqués le 9 octobre 2026";"https://lefaso.netspip.php?article149182"
"Le Faso (BF)";"FR";"2026-10-08";"Bientôt les fêtes de fin d’année : Réservez et organisez vos Year Parties à Sopatel Silmandé !";"https://lefaso.netspip.php?article149815"
"Le Faso (BF)";"FR";"2026-10-08";"GIZ : Appel à propositions pour le recrutement d’une agence de communication événementielle dans le cadre de la foire transfrontalière (…)";"https://lefaso.netspip.php?article149816"
"Le Faso (BF)";"FR";"2026-10-08";"GIZ : Appel à propositions pour le recrutement d’un consultant senior en conseil stratégique dans le cadre du projet ProCVA";"https://lefaso.netspip.php?article149817"
"Le Faso (BF)";"FR";"2026-10-08";"Décès de ZONGO Moussa Marcel : Remerciements";"https://lefaso.netspip.php?article149560"
"Le Faso (BF)";"FR";"2026-10-08";"Musique : L’artiste Tim Winsey dévoile deux nouveaux albums à Ouagadougou";"https://lefaso.netspip.php?article144306"
"Le Faso (BF)";"FR";"2026-10-08";"Littérature : « Le Blessé de guerre », quand Dié Maurice Millogo transforme les blessures de la pauvreté en force";"https://lefaso.netspip.php?article149455"
"Le Faso (BF)";"FR";"2026-10-08";"GIZ : Appel à propositions pour le recrutement d’un consultant senior en conseil stratégique dans le cadre du projet (…)";"https://lefaso.netspip.php?article149817"
"Le Faso (BF)";"FR";"2026-10-08";"GIZ : Appel à propositions pour le recrutement d’une agence de communication événementielle dans le cadre de la (…)";"https://lefaso.netspip.php?article149816"
"Le Faso (BF)";"FR";"2026-10-08";"Résultats du tirage du Faso Loto KOUNANDIA du mercredi 07 octobre 2026";"https://lefaso.netspip.php?article149807"
"Le Faso (BF)";"FR";"2026-10-08";"ENAM : la rentrée 2026-2027 débute le 8 octobre avec la semaine d’accueil des nouveaux énarques";"https://lefaso.netspip.php?article149769"
"Le Faso (BF)";"FR";"2026-10-08";"BOOOM ! UNE EXPLOSION FRUITÉE !";"https://lefaso.netspip.php?article149782"
"Le Faso (BF)";"FR";"2026-10-08";"Résultats du tirage du Faso Loto CADEAU du mardi 06 octobre 2026";"https://lefaso.netspip.php?article149777"
"Le Faso (BF)";"FR";"2026-10-08";"Décès de Madame ZOUNGRANA/KABORÉ Dakiswinigda Rose Aïda : Remerciements";"https://lefaso.netspip.php?article148376"
"Le Faso (BF)";"FR";"2026-10-08";"Messe de requiem de Dima Fidéle";"https://lefaso.netspip.php?article148292"
"Le Faso (BF)";"FR";"2026-10-08";"Décès de Sompagnimdi Philippe Honoré OUEDRAOGO : REMERCIEMENTS & FAIRE-PART";"https://lefaso.netspip.php?article148049"
"Le Faso (BF)";"FR";"2026-10-08";"Programme des obsèques de Tapsoba née Nikiema G. Rosalie";"https://lefaso.netspip.php?article148026"
"Le Faso (BF)";"FR";"2026-10-08";"Décès de IBRAHS  TRAORE : Remerciements";"https://lefaso.netspip.php?article149805"
"Le Faso (BF)";"FR";"2026-10-08";"Décès de DIALLO Kadiatou Perpétue : Faire part";"https://lefaso.netspip.php?article149773"
"Le Faso (BF)";"FR";"2026-10-08";"Décès de El Hadj Traoré Ali : Programme dès obsèques";"https://lefaso.netspip.php?article149806"
"Le Faso (BF)";"FR";"2026-10-08";"Décès de Mme Biwanlo née Bondé Armandine : Remerciements";"https://lefaso.netspip.php?article149789"
"Le Faso (BF)";"FR";"2026-10-08";"Décès de Papa Zougmoré Yamba Nestor : Faire-part";"https://lefaso.netspip.php?article149787"
"Le Faso (BF)";"FR";"2026-10-08";"Décès de Zongo Denise Marie : Faire part";"https://lefaso.netspip.php?article149774"
"Le Faso (BF)";"FR";"2026-10-08";"Programme des obseques de Ida SAWADOGO née BAMBARA";"https://lefaso.netspip.php?article149771"
"Le Faso (BF)";"FR";"2026-10-08";"Décès de KABORE née YONI Marie Nathalie : Faire part";"https://lefaso.netspip.php?article149767"
"Le Faso (BF)";"FR";"2026-10-08";"Sciences : Gaëlle Koné est partie de la curiosité pour les cellules à la recherche d’une piste contre le cancer";"https://lefaso.netspip.php?article149613"
"Le Faso (BF)";"FR";"2026-10-08";"Coopération : Evelyne Dabiré nommée ambassadrice extraordinaire  et plénipotentiaire du Canada près le Bénin";"https://lefaso.netspip.php?article147766"
"Le Faso (BF)";"FR";"2026-10-08";"Burkina : Le gouvernement dément le lancement d’une plateforme dénommée IA Prime Aura";"https://lefaso.netspip.php?article149751"
"Le Faso (BF)";"FR";"2026-10-08";"‎Prix Nobel de chimie 2026 : Henri B. Kagan et Kenso Soai récompensés pour avoir percé un mystère du vivant ‎";"https://lefaso.netspip.php?article149795"
"Le Faso (BF)";"FR";"2026-10-08";"Modernisation des services consulaires : Le Burkina Faso lance YORI ID aux États-Unis";"https://lefaso.netspip.php?article149615"
"Le Faso (BF)";"FR";"2026-10-08";"Faune sauvage : Un crocodile capturé dans un cabaret au secteur 3 de Fada N’Gourma";"https://lefaso.netspip.php?article149406"
"Le Faso (BF)";"FR";"2026-10-08";"Dynamiques organisationnelles et interactions des acteurs de la filière bétail-viande au Burkina Faso";"https://lefaso.netspip.php?article149344"
"Le Faso (BF)";"FR";"2026-10-08";"Comment s’adapter aux effets des changements climatiques dans la commune rurale de Koumbia au Burkina Faso";"https://lefaso.netspip.php?article149339"
"Le Faso (BF)";"FR";"2026-10-08";"Perceptions et stratégies d’adaptation des agropasteurs du changement climatique au Burkina Faso";"https://lefaso.netspip.php?article149338"
"Le Faso (BF)";"FR";"2026-10-08";"Volontariat national : Le Burkina Faso ambitionne de constituer un vivier d’un million de réservistes en cinq ans";"https://lefaso.netspip.php?article149349#forum"
"Le Faso (BF)";"FR";"2026-10-08";"Agroécologie : Plus de 70 millions FCFA d’équipements agricoles remis aux SCOOP et CUMA bénéficiaires du programme GP-SAEP à Koudougou";"https://lefaso.netspip.php?article146764#forum"
"Le Faso (BF)";"FR";"2026-10-08";"Affaire « Allah Ti Kouma » : Me Ini Esther Doli poursuivie pour diffamation ‎";"https://lefaso.netspip.php?article149801#forum"
"Le Faso (BF)";"FR";"2026-10-08";"Bobo-Dioulasso : La police nationale annonce des patrouilles nocturnes pour faire respecter le port du casque";"https://lefaso.netspip.php?article149781#forum"
"Le Faso (BF)";"FR";"2026-10-08";"La France cherche l’AES… ses lycéens cherchent professeurs";"https://lefaso.netspip.php?article149804#forum"
"Le Faso (BF)";"FR";"2026-10-08";"Faits divers/Cameroun : Une fiancée retenue par son ex-compagnon à la veille de sa dot ‎";"https://lefaso.netspip.php?article149802#forum"
"Le Faso (BF)";"FR";"2026-10-08";"‎Mali : Consolidation de la présence des FAMa à Kidal  ‎";"https://lefaso.netspip.php?article149792#forum"
"Le Faso (BF)";"FR";"2026-10-08";"‎Prix Nobel de chimie 2026 : Henri B. Kagan et Kenso Soai récompensés pour avoir percé un mystère du vivant ‎";"https://lefaso.netspip.php?article149795#forum"
"Le Faso (BF)";"FR";"2026-10-08";"Agriculture : De 4,66 à 7,14 millions de tonnes de céréales produites, le Burkina accélère vers la souveraineté alimentaire";"https://lefaso.netspip.php?article149796#forum"
"Le Faso (BF)";"FR";"2026-10-08";"‎Gendarmerie nationale : Un avis de recherche lancé contre Sanfo Boureima ‎";"https://lefaso.netspip.php?article149791#forum"
"Le Faso (BF)";"FR";"2026-10-08";"Décès de Cheikh Hamidou Kane : La leçon de la Grande Royale subsistera toujours";"https://lefaso.netspip.php?article149750#forum"
"Le Faso (BF)";"FR";"2026-10-08";"Match amical : Le gouvernement salue l’engagement patriotique des Etalons face à l’Argentine";"https://lefaso.netspip.php?article149741#forum"
"Le Faso (BF)";"FR";"2026-10-08";"Orange/Max it : Comment bénéficier des 500 Mo ou 1000 Mo gratuits ?";"https://lefaso.netspip.php?article149763#forum"
"Le Faso (BF)";"FR";"2026-10-08";"Match amical international : Le Burkina Faso s’incline face à l’Argentine (7-0)";"https://lefaso.netspip.php?article149724#forum"
"Le Faso (BF)";"FR";"2026-10-08";"Bobo-Dioulasso : Le dossier Lionel Bilgo renvoyé au 19 octobre 2026";"https://lefaso.netspip.php?article149735#forum"
"Le Faso (BF)";"FR";"2026-10-08";"A propos...";"https://lefaso.net/spip.php?article29&rubrique17"
"Le Faso (BF)";"FR";"2026-10-08";"Publicité";"https://lefaso.net/spip.php?article5736&rubrique17t"
"Le Faso (BF)";"FR";"2026-10-08";"Partenariat";"https://lefaso.net/spip.php?article30&rubrique17"
"Le Faso (BF)";"FR";"2026-10-08";"Nous contacter";"https://lefaso.net/spip.php?article32&rubrique17"
"La Nation (BJ)";"FR";"2026-10-08";"Numérique et commerce mondial: Une opportunité à saisir pour la jeunesse africaine";"https://lanation.bj/economie/numerique-et-commerce-mondial-une-opportunite-a-saisir-pour-la-jeunesse-africaine"
"La Nation (BJ)";"FR";"2026-10-08";"Commerce maritime : le Burkina Faso s’affirme comme un partenaire stratégique du Port autonome de Cotonou
                            
                                                            Lecture de 2 min";"https://lanation.bj/economie/commerce-maritime-le-burkina-faso-saffirme-comme-un-partenaire-strategique-du-port-autonome-de-cotonou"
"La Nation (BJ)";"FR";"2026-10-08";"Destination Bénin: 600 milliards de francs Cfa pour booster le tourisme en 2027
                            
                                                            Lecture de 3 min";"https://lanation.bj/economie/destination-benin-600-milliards-de-francs-cfa-pour-booster-le-tourisme-en-2027"
"La Nation (BJ)";"FR";"2026-10-08";"Transferts d’argent dans l’espace UEMOA : envoyer jusqu’à 8 000 FCFA gratuitement dès novembre
                            
                                                            Lecture de 2 min";"https://lanation.bj/economie/transferts-dargent-dans-lespace-uemoa-envoyer-jusqua-8-000-fcfa-gratuitement-des-novembre"
"Graphic Online (GH)";"EN";"2026-10-08";"Politics";"/news/politics.html"
"Graphic Online (GH)";"EN";"2026-10-08";"Business News";"/business/business-news.html"
"Graphic Online (GH)";"EN";"2026-10-08";"Companies";"/business/gb-companies.html"
"Graphic Online (GH)";"EN";"2026-10-08";"Markets";"/business/markets.html"
"Graphic Online (GH)";"EN";"2026-10-08";"Opinion";"/business/opinion.html"
"Graphic Online (GH)";"EN";"2026-10-08";"Auto News";"/business/ghana-auto-industry-news.html"
"Graphic Online (GH)";"EN";"2026-10-08";"Govt spends GH¢917m on No-Fees-Stress Policy - Haruna Iddrisu";"/news/general-news/ghana-news-govt-spends-ghc917m-on-no-fees-stress-policy-haruna-iddrisu.html"
"Graphic Online (GH)";"EN";"2026-10-08";"Accra to get facelift ahead of 70th independence anniversary -...";"/news/general-news/ghana-news-accra-to-get-facelift-ahead-of-70th-independence-anniversary-roads-minister.html"
"Graphic Online (GH)";"EN";"2026-10-08";"State must support local entrepreneurs - Ibrahim Mahama urges at...";"/news/general-news/ghana-news-state-must-support-local-entrepreneurs-ibrahim-mahama-urges-at-dzata-cement-5th-milestone.html"
"Graphic Online (GH)";"EN";"2026-10-08";"Former NPP Chairman, Minority Leader Odoi-Sykes dies at 98";"/news/general-news/former-npp-chairman-minority-leader-odoi-sykes-dies-at-98.html"
"Graphic Online (GH)";"EN";"2026-10-08";"Bank of Ghana warns against digital fraud, ponzi schemes";"/business/business-news/bank-of-ghana-warns-against-digital-fraud-ponzi-schemes.html"
"Graphic Online (GH)";"EN";"2026-10-08";"Two remanded over alleged GH¢800,000 fraud";"/news/general-news/media-worker-journalist-remanded-over-alleged-ghc800-000-fraud.html"
"Graphic Online (GH)";"EN";"2026-10-08";"Bank of Ghana advises the public on what to do with torn cedi notes";"/business/business-news/bank-of-ghana-advises-the-public-on-what-to-do-with-torn-cedi-notes.html"
"Graphic Online (GH)";"EN";"2026-10-08";"PAC directs CWSA to recover GH¢2.5m water debt from public institutions in 30 days";"/news/general-news/pac-gives-cwsa-30-days-to-recover-ghc2-5m-public-institutions-owe.html"
"Graphic Online (GH)";"EN";"2026-10-08";"President Mahama proposes financing scheme to complete unfinished houses";"/news/general-news/president-mahama-proposes-financing-scheme-to-complete-unfinished-houses.html"
"Graphic Online (GH)";"EN";"2026-10-08";"President Mahama directs Finance Minister to allocate GH¢1bn for Housing Fund in 2027 Budget";"/news/general-news/president-mahama-directs-finance-minister-to-allocate-ghc1bn-for-housing-fund-in-2027-budget.html"
"Graphic Online (GH)";"EN";"2026-10-08";"Former NAFCO boss Hanan case adjourned over access to seized devices";"/news/general-news/hanan-case-adjourned-over-access-to-seized-devices.html"
"Graphic Online (GH)";"EN";"2026-10-08";"President Mahama tells Indian investors: Ghana is open for business";"/news/general-news/president-mahama-tells-indian-investors-ghana-is-open-for-business.html"
"Graphic Online (GH)";"EN";"2026-10-08";"Ghana's inflation rises to 5.2% in September 2026";"/business/business-news/ghanas-inflation-rises-to-5-2-in-september.html"
"Graphic Online (GH)";"EN";"2026-10-08";"Acting CLOGSAG President dismisses purported appointments";"/news/general-news/ghana-news-ag-clogsag-president-dismisses-purported-appointments.html"
"Graphic Online (GH)";"EN";"2026-10-08";"New Economy: Govt to prioritise creation of decent jobs - Finance Minister";"/news/general-news/ghana-news-new-economy-govt-to-prioritise-creation-of-decent-jobs-finance-minister.html"
"Graphic Online (GH)";"EN";"2026-10-08";"Stanbic launches ‘Be Powered’ to drive green energy, sustainable mobility";"/news/general-news/ghana-news-stanbic-launches-be-powered-to-drive-green-energy-sustainable-mobility.html"
"Graphic Online (GH)";"EN";"2026-10-08";"VRA pushes for 100% cash waterfall payments";"/news/general-news/ghana-news-vra-pushes-for-100-cash-waterfall-payments.html"
"Graphic Online (GH)";"EN";"2026-10-08";"EOCO returns Hanan’s £6,700, GH¢2,750, laptops and phones after lawyers protest";"/news/general-news/eoco-returns-hanans-gbp6-700-ghc2-750-laptops-and-phones-after-lawyers-protest.html"
"Graphic Online (GH)";"EN";"2026-10-08";"Ablakwa says Cabinet has approved Ghana's bid to join BRICS";"/news/politics/ablakwa-says-cabinet-has-approved-ghanas-bid-to-join-brics.html"
"Graphic Online (GH)";"EN";"2026-10-08";"Court grants bail to banker accused of stealing GH¢1million";"/news/general-news/court-grants-bail-to-banker-accused-of-stealing-ghc1million.html"
"Graphic Online (GH)";"EN";"2026-10-08";"CSA opens Cyber Security Awareness Month with call for stronger collaboration";"/news/general-news/csa-opens-cyber-security-awareness-month-with-call-for-stronger-collaboration.html"
"Graphic Online (GH)";"EN";"2026-10-08";"Compensation coming for La Pleasure Beach demolition victims";"/news/general-news/compensation-coming-for-la-pleasure-beach-demolition-victims.html"
"Graphic Online (GH)";"EN";"2026-10-08";"BoG to issue new credit risk and liquidity directives";"/business/business-news/bog-to-issue-new-credit-risk-and-liquidity-directives.html"
"Graphic Online (GH)";"EN";"2026-10-08";"Parliament grills Central Regional Coordinating Council over GH¢14.9m payments processed outside GIFMIS";"/news/general-news/pac-grills-central-rcc-over-ghc14-9m-payments-processed-outside-gifmis.html"
"Graphic Online (GH)";"EN";"2026-10-08";"Bank of Ghana names 20 loan apps operating without licence";"/business/business-news/bank-of-ghana-names-20-loan-apps-operating-without-licence.html"
"Graphic Online (GH)";"EN";"2026-10-08";"IGP deploys special team to investigate deaths of 3 children in Tamale";"/news/general-news/igp-deploys-special-team-to-investigate-deaths-of-3-children-in-tamale.html"
"Graphic Online (GH)";"EN";"2026-10-08";"Foreign Ministry warns Ghanaians against fraudulent jobs in Zambia after cybercrime arrests";"/news/general-news/foreign-ministry-warns-ghanaians-against-fraudulent-jobs-in-zambia-after-cybercrime-arrests.html"
"Graphic Online (GH)";"EN";"2026-10-08";"ABSA Bank Ghana LTD appoints Stephen Ato Frimpong as Board Chair";"/business/business-news/absa-bank-ghana-ltd-appoints-stephen-ato-frimpong-as-board-chair.html"
"Graphic Online (GH)";"EN";"2026-10-08";"AMA urged to crack down on unauthorised billboards in Accra";"/news/politics/ama-urged-to-crack-down-on-unauthorised-billboards-in-accra.html"
"Graphic Online (GH)";"EN";"2026-10-08";"IGP Yohuno decorates 22 newly promoted Deputy Commissioners of Police including musician Kofi Sarpong";"/news/general-news/igp-yohuno-decorates-22-newly-promoted-deputy-commissioners-of-police-including-kofi-sarpong.html"
"Graphic Online (GH)";"EN";"2026-10-08";"NPP amends constitution on how three national vice chairpersons are elected; It will now be separate elective positions";"/news/politics/npp-amends-constitution-on-how-national-vice-chairpersons-are-elected.html"
"Graphic Online (GH)";"EN";"2026-10-08";"Nigeria mourns 32 killed as military plane crashes into swamp";"/news/general-news/nigeria-mourns-32-killed-as-military-plane-crashes-into-swamp.html"
"Graphic Online (GH)";"EN";"2026-10-08";"Govt to sustain teacher education funding - Vice-President assures at Ghana Teacher Prize";"/news/education/ghana-news-govt-to-sustain-teacher-education-funding-vice-president-assures-at-ghana-teacher-prize.html"
"Graphic Online (GH)";"EN";"2026-10-08";"Call off strike - GES Director-General appeals";"/news/education/ghana-news-call-off-strike-ges-director-general-appeals.html"
"Graphic Online (GH)";"EN";"2026-10-08";"NPP’s 2028 battle goes beyond new executive - Analysts assert";"/news/politics/ghana-news-npps-2028-battle-goes-beyond-new-executive-analysts-assert.html"
"Graphic Online (GH)";"EN";"2026-10-08";"NDC opens nominations for 2026 Regional Executive elections";"/news/politics/ghana-news-ndc-opens-nominations-for-2026-regional-executive-elections.html"
"Graphic Online (GH)";"EN";"2026-10-08";"NPP must close ranks after contest — Agyarko";"/news/politics/ghana-news-npp-must-close-ranks-after-contest-agyarko.html"
"Graphic Online (GH)";"EN";"2026-10-08";"Foreign Affairs Minister assesses visa services in surprise visits";"/news/general-news/ghana-news-foreign-affairs-minister-assesses-visa-services-in-surprise-visits.html"
"Graphic Online (GH)";"EN";"2026-10-08";"Accra to get facelift ahead of 70th independence anniversary - Roads Minister Agbodza";"/news/general-news/ghana-news-accra-to-get-facelift-ahead-of-70th-independence-anniversary-roads-minister.html"
"Graphic Online (GH)";"EN";"2026-10-08";"Protect businesses, don’t shut them down - Chief Justice urges judiciary, others";"/news/general-news/ghana-news-protect-businesses-dont-shut-them-down-chief-justice-urges-judiciary-others.html"
"Graphic Online (GH)";"EN";"2026-10-08";"GJA launches 30th Media Awards - 9-Member committee constituted for Nov. 7 ceremony";"/news/general-news/ghana-news-gja-launches-30th-media-awards-9-member-committee-constituted-for-nov-7-ceremony.html"
"Graphic Online (GH)";"EN";"2026-10-08";"Gov't won’t fund National Cathedral; Contractor ordered to hand over site as A-G reviews forensic audit";"/news/general-news/govt-wont-fund-national-cathedral.html"
"Graphic Online (GH)";"EN";"2026-10-08";"Ghana Politics";"/news/politics.html"
"Graphic Online (GH)";"EN";"2026-10-08";"General News";"/news/general-news.html"
"Graphic Online (GH)";"EN";"2026-10-08";"Education News";"/news/education.html"
"Graphic Online (GH)";"EN";"2026-10-08";"News in Ghana";"/news/general-news.html"
"Malijet (ML)";"FR";"2026-10-08";"Politique";"https://malijet.com/actualite-politique-au-mali"
"Malijet (ML)";"FR";"2026-10-08";"Economie";"https://malijet.com/actualite_economique_du_mali"
"Malijet (ML)";"FR";"2026-10-08";"Sports";"https://malijet.com/actualite_sportive_au_mali"
"Malijet (ML)";"FR";"2026-10-08";"Culture";"https://malijet.com/actualite_culturelle_au_mali"
"Malijet (ML)";"FR";"2026-10-08";"International";"https://malijet.com/actualite_internationale"
"Malijet (ML)";"FR";"2026-10-08";"AES";"https://malijet.com/actualite-sur-aes"
"Malijet (ML)";"FR";"2026-10-08";"Afrique";"https://malijet.com/actualite-sur-afrique"
"Malijet (ML)";"FR";"2026-10-08";"Coton : le Mali plaide pour davantage de transformation locale";"https://malijet.com/actualite_economique_du_mali/312226-coton-le-mali-plaide-pour-davantage-de-transformation-loca.html"
"Malijet (ML)";"FR";"2026-10-08";"Transferts d’argent : la BCEAO instaure de nouvelles conditions tarifaires dans l’UEMOA";"https://malijet.com/actualite_economique_du_mali/312191-transferts-dargent-la-bceao-instaure-de-nouvelles-conditi.html"
"Malijet (ML)";"FR";"2026-10-08";"Célébration du 66ᵉ anniversaire de l’Armée de Terre malienne";"https://malijet.com/actualite_de_la_nation_malienne/312134-celebration-du-66-anniversaire-de-larmee-de-terre-malienne.html"
"Malijet (ML)";"FR";"2026-10-08";"Carnet d’audience: Chambre de commerce et d’industrie du Mali CCIM";"https://malijet.com/actualite_economique_du_mali/312104-carnet-daudience-chambre-de-commerce-et-dindustrie-du-mal.html"
"Malijet (ML)";"FR";"2026-10-08";"Communication : Les 15ᵉ UACO s'ouvrent à Ouagadougou autour de la souveraineté informationnelle africaine";"https://malijet.com/actualite-sur-afrique/312230-communication-les-15-uaco-souvrent-a-ouagadougou-autour.html"
"Malijet (ML)";"FR";"2026-10-08";"Sport et industrie : Abiola Ijasanmi rejoint le Conseil Consultatif de l'African Collaborations Group";"https://malijet.com/actualite_sportive_au_mali/312229-sport-et-industrie-abiola-ijasanmi-rejoint-le-conseil-cons.html"
"Malijet (ML)";"FR";"2026-10-08";"Mobilité au Mali : Safran Service Automobile entre en scène";"https://malijet.com/actualite_economique_du_mali/312221-mobilite-au-mali-safran-service-automobile-entre-en-scene.html"
"Malijet (ML)";"FR";"2026-10-08";"Voir tout →";"https://malijet.com/actualite-politique-au-mali"
"Malijet (ML)";"FR";"2026-10-08";"Coopération Mali-Ghana : Un attaché de défense ghanéen officiellement installé à Bamako";"https://malijet.com/actualite-politique-au-mali/312190-cooperation-mali-ghana-un-attache-de-defense-ghaneen-offic.html"
"Malijet (ML)";"FR";"2026-10-08";"UEMOA : une délégation du CIP participe à la 153ᵉ Assemblée générale de l’UIP";"https://malijet.com/actualite-politique-au-mali/312182-uemoa-une-delegation-du-cip-participe-a-la-153-assemblee.html"
"Malijet (ML)";"FR";"2026-10-08";"Justice : La Mission EUCAP Sahel Mali fait le point sur l'avancement de la Maison de Justice de Kayes";"https://malijet.com/actualite-politique-au-mali/312177-justice-la-mission-eucap-sahel-mali-fait-le-point-sur-lav.html"
"Malijet (ML)";"FR";"2026-10-08";"81e session ordinaire de l’Assemblée Générale des Nations-Unies: Le Mali dénonce les agressions ukrainiennes au Sahel";"https://malijet.com/actualite-politique-au-mali/312170-81e-session-ordinaire-de-lassemblee-generale-des-nations-un.html"
"Malijet (ML)";"FR";"2026-10-08";"Voir tout →";"https://malijet.com/actualite_economique_du_mali"
"Malijet (ML)";"FR";"2026-10-08";"Forum Mali Kura : l’API-Mali mobilise les investisseurs russes";"https://malijet.com/actualite_economique_du_mali/312218-forum-mali-kura-lapi-mali-mobilise-les-investisseurs-russ.html"
"Malijet (ML)";"FR";"2026-10-08";"Dans nos champs pousse une fibre: entre nos mains se dessine un avenir";"https://malijet.com/actualite_economique_du_mali/312215-dans-nos-champs-pousse-une-fibre-entre-nos-mains-se-dessine.html"
"Malijet (ML)";"FR";"2026-10-08";"Voir tout →";"https://malijet.com/actualite_sportive_au_mali"
"Malijet (ML)";"FR";"2026-10-08";"Football-Mali : Le coup d'envoi de la Ligue 1 Orange 2026-2027 reporté à une date ultérieure.";"https://malijet.com/actualite_sportive_au_mali/312212-football-mali-le-coup-denvoi-de-la-ligue-1-orange-2026-20.html"
"Malijet (ML)";"FR";"2026-10-08";"Amical : l’Argentine s’impose largement contre le Bénin pour la dernière de Lionel Messi";"https://malijet.com/actualite_sportive_au_mali/312210-amical-largentine-simpose-largement-contre-le-benin-pour.html"
"Malijet (ML)";"FR";"2026-10-08";"Portugal : Cristiano Ronaldo raconte les coulisses de son départ et glisse un message sur son avenir";"https://malijet.com/actualite_sportive_au_mali/312196-portugal-cristiano-ronaldo-raconte-les-coulisses-de-son-de.html"
"Malijet (ML)";"FR";"2026-10-08";"Voir tout →";"https://malijet.com/actualite_internationale"
"Malijet (ML)";"FR";"2026-10-08";"« Loi de la République Populaire de Chine  Sur la promotion de l’unité et du progrès ethniques » :  Source d’inspiration pour les pays africains";"https://malijet.com/actualite_internationale/312213-loi-de-la-republique-populaire-de-chine-sur-la-promotion.html"
"Malijet (ML)";"FR";"2026-10-08";"Diplomatie : Le président béninois Romuald Wadagni reçu par Emmanuel Macron à l'Élysée";"https://malijet.com/actualite_internationale/312178-diplomatie-le-president-beninois-romuald-wadagni-recu-par.html"
"Malijet (ML)";"FR";"2026-10-08";"Sondage CGTN: La « Golden Week » témoigne de la vigueur de l'économie des vacances en Chine";"https://malijet.com/actualite_internationale/312132-sondage-cgtn-la-golden-week-temoigne-de-la-vigueur-de-l.html"
"Malijet (ML)";"FR";"2026-10-08";"Flydubai : bagarre, tentative de suicide, 11 septembre évité… ce que l’on sait de l’incident en plein vol";"https://malijet.com/actualite_internationale/312117-flydubai-bagarre-tentative-de-suicide-11-septembre-evite.html"
"Malijet (ML)";"FR";"2026-10-08";"Voir tout →";"https://malijet.com/actualite-sur-aes"
"Malijet (ML)";"FR";"2026-10-08";"Premier pari confédéral AES : 150 millions de FCFA en jeu et une œuvre communautaire pour célébrer la coopération entre le Burkina Faso, le Mali et le Niger";"https://malijet.com/actualite-sur-aes/312142-premier-pari-confederal-aes-150-millions-de-fcfa-en-jeu-et.html"
"Malijet (ML)";"FR";"2026-10-08";"Jeunesse : L'AES lance son Université d'été des volontaires à Niamey pour bâtir une citoyenneté sahélienne commune";"https://malijet.com/actualite-sur-aes/312084-jeunesse-laes-lance-son-universite-dete-des-volontaires.html"
"Malijet (ML)";"FR";"2026-10-08";"AES : les ministres de l’Industrie et du Commerce adoptent une feuille de route à Bamako";"https://malijet.com/actualite-sur-aes/312083-aes-les-ministres-de-lindustrie-et-du-commerce-adoptent-u.html"
"Malijet (ML)";"FR";"2026-10-08";"AES : Abdoulaye Maïga échange avec les ministres de l’Industrie et du Commerce";"https://malijet.com/actualite-sur-aes/312068-aes-abdoulaye-maiga-echange-avec-les-ministres-de-lindust.html"
"Malijet (ML)";"FR";"2026-10-08";"Coup d'état au Niger : L’Algérie dénonce une ""provocation"" et révèle son intervention militaire
                
                                    
                il y a 4 jours";"https://malijet.com/actualite-sur-afrique/312149-coup-detat-au-niger-lalgerie-denonce-une-provocation-e.html"
"Malijet (ML)";"FR";"2026-10-08";"Communication : Les 15ᵉ UACO s'ouvrent à Ouagadougou autour de la souveraineté informationnelle africaine
                                        il y a 23 minutes";"https://malijet.com/actualite-sur-afrique/312230-communication-les-15-uaco-souvrent-a-ouagadougou-autour.html"
"Malijet (ML)";"FR";"2026-10-08";"Justice communautaire : Cinq nouveaux juges prêtent serment à la Cour de justice de la CEDEAO à Abuja
                                        il y a 14 heures";"https://malijet.com/actualite-sur-afrique/312216-justice-communautaire-cinq-nouveaux-juges-pretent-serment.html"
"Malijet (ML)";"FR";"2026-10-08";"CEDEAO : Bassirou Diomaye Faye en visite à la Cour de justice à Abuja
                                        il y a 1 jour";"https://malijet.com/actualite-sur-afrique/312209-cedeao-bassirou-diomaye-faye-en-visite-a-la-cour-de-justic.html"
"Malijet (ML)";"FR";"2026-10-08";"Le président du Ghana gracie 863 personnes à l’occasion de l’anniversaire de l’indépendance du pays
                                        il y a 1 jour";"https://malijet.com/actualite-sur-afrique/312206-le-president-du-ghana-gracie-863-personnes-a-loccasion-de-l.html"
"Malijet (ML)";"FR";"2026-10-08";"Nigeria : 32 morts dans le crash d’un avion militaire dans l’Ondo
                                        il y a 1 jour";"https://malijet.com/actualite-sur-afrique/312195-nigeria-32-morts-dans-le-crash-dun-avion-militaire-dans-l.html"
"Malijet (ML)";"FR";"2026-10-08";"Intempéries : Le Sénégal sous les eaux, Dakar et Matam durement touchés
                                        il y a 2 jours";"https://malijet.com/actualite-sur-afrique/312180-intemperies-le-senegal-sous-les-eaux-dakar-et-matam-durem.html"
"Malijet (ML)";"FR";"2026-10-08";"Nigeria : Anwar, le cerveau de l'ISWAP dans le sud du pays, neutralisé par les forces de sécurité
                                        il y a 2 jours";"https://malijet.com/actualite-sur-afrique/312179-nigeria-anwar-le-cerveau-de-liswap-dans-le-sud-du-pays.html"
"Malijet (ML)";"FR";"2026-10-08";"Diplomatie : Le Sénégal et l'Égypte renforcent leur partenariat bilatéral
                                        il y a 3 jours";"https://malijet.com/actualite-sur-afrique/312172-diplomatie-le-senegal-et-legypte-renforcent-leur-partenar.html"
"Malijet (ML)";"FR";"2026-10-08";"Coup d'état au Niger : L’Algérie dénonce une ""provocation"" et révèle son intervention militaire
                                        il y a 4 jours";"https://malijet.com/actualite-sur-afrique/312149-coup-detat-au-niger-lalgerie-denonce-une-provocation-e.html"
"Malijet (ML)";"FR";"2026-10-08";"Niger-Russie : Abdourahamane Tiani appelle à accélérer les projets de coopération
                                        il y a 5 jours";"https://malijet.com/actualite-sur-afrique/312145-niger-russie-abdourahamane-tiani-appelle-a-accelerer-les-p.html"
"Malijet (ML)";"FR";"2026-10-08";"« Loi de la République Populaire de Chine  Sur la promotion de l’unité et du progrès ethniques » :  Source d’inspiration pour les pays africains
                                        il y a 21 heures";"https://malijet.com/actualite_internationale/312213-loi-de-la-republique-populaire-de-chine-sur-la-promotion.html"
"Malijet (ML)";"FR";"2026-10-08";"Diplomatie : Le président béninois Romuald Wadagni reçu par Emmanuel Macron à l'Élysée
                                        il y a 2 jours";"https://malijet.com/actualite_internationale/312178-diplomatie-le-president-beninois-romuald-wadagni-recu-par.html"
"Malijet (ML)";"FR";"2026-10-08";"Sondage CGTN: La « Golden Week » témoigne de la vigueur de l'économie des vacances en Chine
                                        il y a 6 jours";"https://malijet.com/actualite_internationale/312132-sondage-cgtn-la-golden-week-temoigne-de-la-vigueur-de-l.html"
"Malijet (ML)";"FR";"2026-10-08";"Flydubai : bagarre, tentative de suicide, 11 septembre évité… ce que l’on sait de l’incident en plein vol
                                        il y a 6 jours";"https://malijet.com/actualite_internationale/312117-flydubai-bagarre-tentative-de-suicide-11-septembre-evite.html"
"Malijet (ML)";"FR";"2026-10-08";"Iran : une chanteuse condamnée à 74 coups de fouet
                                        il y a 1 semaine";"https://malijet.com/actualite_internationale/312075-iran-une-chanteuse-condamnee-a-74-coups-de-fouet.html"
"Malijet (ML)";"FR";"2026-10-08";"Crash d'Air Algérie : la compagnie Swiftair condamnée à une amende de 225.000 euros pour homicides involontaires
                                        il y a 1 semaine";"https://malijet.com/actualite_internationale/312064-crash-dair-algerie-la-compagnie-swiftair-condamnee-a-une.html"
"Malijet (ML)";"FR";"2026-10-08";"ONU : Mamadi Doumbouya présente le « modèle guinéen » à la tribune de l'Assemblée générale
                                        il y a 2 semaines";"https://malijet.com/actualite_internationale/312001-onu-mamadi-doumbouya-presente-le-modele-guineen-a-la-t.html"
"Malijet (ML)";"FR";"2026-10-08";"La Libye dépose sa candidature à un siège de membre non permanent du Conseil de sécurité de l’ONU
                                        il y a 2 semaines";"https://malijet.com/actualite_internationale/311998-la-libye-depose-sa-candidature-a-un-siege-de-membre-non-perm.html"
"Malijet (ML)";"FR";"2026-10-08";"Visite d'État du président Xi Jinping aux États-Unis : « Collaboration structurée, gestion maîtrisée des divergences, responsabilité mondiale partagée »
                                        il y a 2 semaines";"https://malijet.com/actualite_internationale/311996-visite-detat-du-president-xi-jinping-aux-etats-unis-col.html"
"Malijet (ML)";"FR";"2026-10-08";"ONU : António Guterres appelle à l'unité face à un monde « fracturé »
                                        il y a 2 semaines";"https://malijet.com/actualite_internationale/311978-onu-antonio-guterres-appelle-a-lunite-face-a-un-monde-f.html"
"Malijet (ML)";"FR";"2026-10-08";"Guinée-Bisseau : Le Haut commandement militaire interdit le retour de l'ancien président Umaro Sissoco Embaló
                    2 commentaires
                    il y a 5 jours";"https://malijet.com/actualite-sur-afrique/312141-guinee-bisseau-le-haut-commandement-militaire-interdit-le.html"
"Malijet (ML)";"FR";"2026-10-08";"Économie";"https://malijet.com/actualite_economique_du_mali"
