"Source";"Language";"Date";"Title";"URL"
"VRT NWS (EN)";"EN";"2026-10-05";"Volg alles over De Warmste Week ook via VRT NWS";"https://www.vrt.be/vrtnws/nl/2026/09/25/de-warmste-week-216-projecten-rond-een-warme-thuis-voor-iedereen/"
"VRT NWS (EN)";"EN";"2026-10-05";"Explosie aan woning in Lokeren veroorzaakt door grote hoeveelheid Cobra-vuurwerk";"https://www.vrt.be/vrtnws/nl/2026/10/05/ontploffing-lokeren-boudewijnlaan/?utm_source=corporate&utm_medium=referral&utm_campaign=rssfeed&utm_content=vrt-nws"
"VRT NWS (EN)";"EN";"2026-10-05";"Hackers stelen gegevens van 8,8 miljoen mensen uit bevolkingsregister van Denemarken";"https://www.vrt.be/vrtnws/nl/2026/10/05/denemarken-hack-burgerregister/?utm_source=corporate&utm_medium=referral&utm_campaign=rssfeed&utm_content=vrt-nws"
"VRT NWS (EN)";"EN";"2026-10-05";"Bavo en Lien* investeerden 200.000 euro in een luxeresort dat 4 jaar later nog niet gebouwd is: ""Was deel van ons pensioen""";"https://www.vrt.be/vrtnws/nl/2026/10/02/kaapverdie-luxeresort-hotel-serena-bay-investeerders/?utm_source=corporate&utm_medium=referral&utm_campaign=rssfeed&utm_content=vrt-nws"
"VRT NWS (EN)";"EN";"2026-10-05";"50 zwartwerkers ontdekt bij krantendistributeur in Wommelgem, 30 onder hen hebben geen papieren";"https://www.vrt.be/vrtnws/nl/2026/10/05/wommelgem-krantenverdeler-zwartwerk/?utm_source=corporate&utm_medium=referral&utm_campaign=rssfeed&utm_content=vrt-nws"
"VRT NWS (EN)";"EN";"2026-10-05";"Man vlucht weg van politie op opgevoerde e-step: spelende kinderen wijzen agenten waar hij verstopt zit";"https://www.vrt.be/vrtnws/nl/2026/10/05/step-merksem-opgevoerde-step-108-kilometer-per-uur/?utm_source=corporate&utm_medium=referral&utm_campaign=rssfeed&utm_content=vrt-nws"
"VRT NWS (EN)";"EN";"2026-10-05";"Politie vat dronken bestuurder die doorreed na dodelijk ongeval in Balen";"https://www.vrt.be/vrtnws/nl/2026/10/05/dodelijk-ongeval-voetganger-balen-bestelwagen/?utm_source=corporate&utm_medium=referral&utm_campaign=rssfeed&utm_content=vrt-nws"
"VRT NWS (EN)";"EN";"2026-10-05";"Bryan Adams komt naar Lokerse Feesten: fans krijgen na afgelasting TW Classic een nieuwe kans";"https://www.vrt.be/vrtnws/nl/2026/10/05/lokerse-feesten-bryan-adams-roll-with-the-punches/?utm_source=corporate&utm_medium=referral&utm_campaign=rssfeed&utm_content=vrt-nws"
"VRT NWS (EN)";"EN";"2026-10-05";"Medewerker van minister Ben Weyts (N-VA) doet zich in opiniestuk voor als homoseksuele moslim: ""Gewoonweg dom""";"https://www.vrt.be/vrtnws/nl/2026/10/05/medewerker-ben-weyts-verzonnen-opiniestuk-homoseksuele-moslim/?utm_source=corporate&utm_medium=referral&utm_campaign=rssfeed&utm_content=vrt-nws"
"VRT NWS (EN)";"EN";"2026-10-05";"Andrew daagt politie voor rechter: Britse ex-prins betwist rechtmatigheid huiszoekingen bij arrestatie";"https://www.vrt.be/vrtnws/nl/2026/10/05/ex-prins-andrew-daagt-politie-voor-rechter-voor-arrestatie/?utm_source=corporate&utm_medium=referral&utm_campaign=rssfeed&utm_content=vrt-nws"
"VRT NWS (EN)";"EN";"2026-10-05";"Wooncrisis nekt regering in Spanje: premier Sánchez roept vervroegde verkiezingen uit";"https://www.vrt.be/vrtnws/nl/2026/10/05/premier-pedro-sanchez-roept-vervroegde-verkiezingen-uit-in-spanj/?utm_source=corporate&utm_medium=referral&utm_campaign=rssfeed&utm_content=vrt-nws"
"VRT NWS (EN)";"EN";"2026-10-05";"Premier van Samoa zegt sorry voor Hitlergroet in video van 2007";"https://www.vrt.be/vrtnws/nl/2026/10/05/samoa-premier-biedt-excuses-aan-na-hitlergroet/?utm_source=corporate&utm_medium=referral&utm_campaign=rssfeed&utm_content=vrt-nws"
"VRT NWS (EN)";"EN";"2026-10-05";"Waarom richt Rusland drones op bruggen in Kiev? ""Steden onleefbaar maken om Oekraïne tot overgave te dwingen""";"https://www.vrt.be/vrtnws/nl/2026/10/05/rusland-oekraine-doelwit-kiev-bruggen-de-ochtend/?utm_source=corporate&utm_medium=referral&utm_campaign=rssfeed&utm_content=vrt-nws"
"VRT NWS (EN)";"EN";"2026-10-05";"Christa Pike nog altijd kritiek na mislukte executie, advocaat eist meer duidelijkheid";"https://www.vrt.be/vrtnws/nl/2026/10/05/advocaat-christa-pike-na-executie-nog-altijd-kritiek-prognose/?utm_source=corporate&utm_medium=referral&utm_campaign=rssfeed&utm_content=vrt-nws"
"VRT NWS (EN)";"EN";"2026-10-05";"Zo herken je een leugenaar: ""Er bestaat geen Pinokkioneus""";"https://www.vrt.be/vrtnws/nl/2026/10/02/liegen-leugens-zo-herken-je-een-leugenaar/?utm_source=corporate&utm_medium=referral&utm_campaign=rssfeed&utm_content=vrt-nws"
"VRT NWS (EN)";"EN";"2026-10-05";"De natte droom van Vlaamse politici: politieke herverkaveling";"https://www.vrt.be/vrtnws/nl/2026/10/04/de-natte-droom-van-vlaamse-politici-politieke-herverkaveling/?utm_source=corporate&utm_medium=referral&utm_campaign=rssfeed&utm_content=vrt-nws"
"VRT NWS (EN)";"EN";"2026-10-05";"Brusselse regering bereikt akkoord over begroting voor 2027: hier zet ze op in";"https://www.vrt.be/vrtnws/nl/2026/10/05/brussels-gewest-akkoord-over-begroting/?utm_source=corporate&utm_medium=referral&utm_campaign=rssfeed&utm_content=vrt-nws"
"VRT NWS (EN)";"EN";"2026-10-05";"Wat als wij Belgen de asielzoekers worden? Na deze strip klinkt het niet meer zo gek";"https://www.vrt.be/vrtnws/nl/2026/10/02/judith-vanistendael-beeldverhaal-waterlanders/?utm_source=corporate&utm_medium=referral&utm_campaign=rssfeed&utm_content=vrt-nws"
"VRT NWS (EN)";"EN";"2026-10-05";"Adornesdomein in Brugge toont middeleeuwse kunstschatten en eeuwenoud familieverhaal in vernieuwd museum";"https://www.vrt.be/vrtnws/nl/2026/10/04/adornesdomein-brugge-nieuw-museum/?utm_source=corporate&utm_medium=referral&utm_campaign=rssfeed&utm_content=vrt-nws"
"VRT NWS (EN)";"EN";"2026-10-05";"Ondernemer uit Nieuwpoort haalt miljoenen op voor luxeresort in Kaapverdië: project na 4 jaar nog niet gebouwd";"https://www.vrt.be/vrtnws/nl/2026/10/01/hotel-kaapverdie-resort-nieuwpoort-serena-bay/?utm_source=corporate&utm_medium=referral&utm_campaign=rssfeed&utm_content=vrt-nws"
"VRT NWS (EN)";"EN";"2026-10-05";"Zijn je (bank)gegevens gelekt na een cyberaanval of datalek? Zo bescherm je jezelf tegen oplichters";"https://www.vrt.be/vrtnws/nl/2026/10/04/wat-als-je-gegevens-gelekt-zijn-datalek-tim-verheyden/?utm_source=corporate&utm_medium=referral&utm_campaign=rssfeed&utm_content=vrt-nws"
"VRT NWS (EN)";"EN";"2026-10-05";"Nieuwe dreiging voor Rusland: Oekraïne lanceert voor het eerst eigen ballistische raket";"https://www.vrt.be/vrtnws/nl/2026/10/04/oorlog-rusland-oekraine-bouwt-nieuwe-ballistische-raketten-patri/?utm_source=corporate&utm_medium=referral&utm_campaign=rssfeed&utm_content=vrt-nws"
"VRT NWS (EN)";"EN";"2026-10-05";"Van het Jenevermuseum en Bozar tot sociaal-cultureel volwassenenwerk: hier bespaart Vlaams minister Gennez 47 miljoen euro";"https://www.vrt.be/vrtnws/nl/2026/10/01/overzicht-van-besparingen-cultuur-47-miljoen-euro-caroline-genne/?utm_source=corporate&utm_medium=referral&utm_campaign=rssfeed&utm_content=vrt-nws"
"VRT NWS (EN)";"EN";"2026-10-05";"Een woning kopen of een kind krijgen? Bereken hier hoeveel de nieuwe Vlaamse begroting jou kost";"https://www.vrt.be/vrtnws/nl/2026/09/30/kinderbijslag-kindergeld-huis-kopen-bereken-begroting-vlaams/?utm_source=corporate&utm_medium=referral&utm_campaign=rssfeed&utm_content=vrt-nws"
"VRT NWS (EN)";"EN";"2026-10-05";"Dienstencheques stijgen van 10 naar 12 euro: ""Ik vrees bloedbad in onze sector""";"https://www.vrt.be/vrtnws/nl/2026/09/28/poetshulpen-getuigen-over-stijgende-prijs-dienstencheques/?utm_source=corporate&utm_medium=referral&utm_campaign=rssfeed&utm_content=vrt-nws"
"VRT NWS (EN)";"EN";"2026-10-05";"Warmtepompen als vervanging voor gasketels: wat kosten ze en zijn ze een oplossing voor elk huis?";"https://www.vrt.be/vrtnws/nl/2026/09/17/warmtepompen-warmtenetten-of-hout-en-pelletkachels-alternati/?utm_source=corporate&utm_medium=referral&utm_campaign=rssfeed&utm_content=vrt-nws"
"VRT NWS (EN)";"EN";"2026-10-05";"Hoe goed ken jij de verkeersregels? Test je kennis met deze 10 vragen";"https://www.vrt.be/vrtnws/nl/2026/09/25/verkeersquiz/?utm_source=corporate&utm_medium=referral&utm_campaign=rssfeed&utm_content=vrt-nws"
"VRT NWS (EN)";"EN";"2026-10-05";"""Zet die roze bril af, België"": commandant Oekraïense dronetroepen waarschuwt voor Russische dreiging";"https://www.vrt.be/vrtnws/nl/2026/09/24/oekraine-arnaud-magyar-drones-oorlog-rusland/?utm_source=corporate&utm_medium=referral&utm_campaign=rssfeed&utm_content=vrt-nws"
"VRT NWS (EN)";"EN";"2026-10-05";"Ze verbreekt het record van Mariah Carey: wie is Ella Langley die plots een wereldhit op zak heeft?";"https://www.vrt.be/vrtnws/nl/2026/09/25/ella-langley-verbreekt-record-van-mariah-carey-met-choosin-texa/?utm_source=corporate&utm_medium=referral&utm_campaign=rssfeed&utm_content=vrt-nws"
"VRT NWS (EN)";"EN";"2026-10-05";"""Mensen eten gras, duiven en honden"": door Rusland bezet Oekraïens stadje balanceert op rand van hongersnood";"https://www.vrt.be/vrtnws/nl/2026/09/25/oekraine-oleksji-humanitaire-catastrofe/?utm_source=corporate&utm_medium=referral&utm_campaign=rssfeed&utm_content=vrt-nws"
"VRT NWS (EN)";"EN";"2026-10-05";"IN KAART: Hoeveel kost zwemmen in jouw buurt?";"https://www.vrt.be/vrtnws/nl/2026/08/13/zwembaden-vlaanderen-aantal-gemeentelijk-lago-sportoase/?utm_source=corporate&utm_medium=referral&utm_campaign=rssfeed&utm_content=vrt-nws"
"VRT NWS (EN)";"EN";"2026-10-05";"""Steil genoeg?"": Belgen verkennen het parcours van de EK-tijdrit, inclusief pittige scherprechter";"https://sporza.be/nl/2026/10/05/-steil-genoeg-belgen-verkennen-het-parcours-van-de-ek-tijdrit-inclusief-pittige-scherprechter~1791198067170/"
"VRT NWS (EN)";"EN";"2026-10-05";"Kunnen de marathonmannen nóg eens knallen? Opvallend cijfer toont aan dat Duivels straks voor energietest staan tegen Frankrijk";"https://sporza.be/nl/2026/10/04/kunnen-de-marathonmannen-nog-eens-knallen-opvallend-cijfer-toont-aan-dat-duivels-straks-voor-energietest-staan-tegen-frankrijk~1791146545206/"
"VRT NWS (EN)";"EN";"2026-10-05";"""Hoop dat andere landen dit niet moeten meemaken"": Ierland wil niet meer tegen Israël geloot worden en roept UEFA op tot actie";"https://sporza.be/nl/2026/10/05/-hoop-dat-andere-landen-dit-niet-moeten-meemaken-ierland-wil-niet-meer-tegen-israel-geloot-worden-en-roept-uefa-op-tot-actie~1791192479301/"
"VRT NWS (EN)";"EN";"2026-10-05";"Nina Derwael wil jonge gymnasten helpen als coach: ""Voor mijn gevoel begin ik aan een tweede leven""";"https://sporza.be/nl/2026/10/05/nina-derwael-wil-jonge-gymnasten-helpen-als-coach-voor-mijn-gevoel-begin-ik-aan-een-tweede-leven~1791189093705/"
"VRT NWS (EN)";"EN";"2026-10-05";"Hij kon niet snel genoeg weer vertrekken: nieuwe beelden tonen hoe Remco Evenepoel met hulp van politieagente rechtkrabbelde";"https://sporza.be/nl/2026/10/05/hij-kon-niet-snel-genoeg-weer-vertrekken-nieuwe-beelden-tonen-hoe-remco-evenepoel-met-hulp-van-politieagente-rechtkrabbelde~1791191288023/"
"VRT NWS (EN)";"EN";"2026-10-05";"Het straffe rapport van een ""indrukwekkende"" Remco Evenepoel in eendagskoersen: ""Een garantie op succes""";"https://sporza.be/nl/2026/10/05/het-straffe-rapport-van-een-indrukwekkende-remco-evenepoel-in-eendagskoersen-een-garantie-op-succes~1791189711059/"
"VRT NWS (EN)";"EN";"2026-10-05";"14-jarig surftalent Kamiel Deraeve kroont zich tot Europees kampioen U16: ""Ik sta te trillen op mijn benen""";"https://sporza.be/nl/2026/10/05/14-jarig-surftalent-kamiel-deraeve-kroont-zich-tot-europees-kampioen-u16-ik-sta-te-trillen-op-mijn-benen~1791184167238/"
"VRT NWS (EN)";"EN";"2026-10-05";"Iedereen bondscoach: wie stel jij op tegen Frankrijk in de plaats van de geschorste Kevin De Bruyne en Youri Tielemans?";"https://sporza.be/nl/2026/10/05/iedereen-bondscoach-wie-stel-jij-op-tegen-frankrijk-in-de-plaats-van-de-geschorste-kevin-de-bruyne-en-youri-tielemans~1791185192818/"
"VRT NWS (EN)";"EN";"2026-10-05";"""Remco Evenepoel gaat alleen maar in stijgende lijn"": Karl en José zien in EK-verlossing bevestiging van ""ferme stap"" in 2026";"https://sporza.be/nl/2026/10/04/-remco-evenepoel-gaat-alleen-maar-in-stijgende-lijn-karl-en-jose-zien-in-ek-verlossing-bevestiging-van-ferme-stap-in-2026~1791130080531/"
"VRT NWS (EN)";"EN";"2026-10-05";"""Nu moet ik geen kampioenschappen meer rijden, hé"": Remco Evenepoel grapt erop los in Europese kampioenenspeech";"https://sporza.be/nl/2026/10/05/-nu-moet-ik-geen-kampioenschappen-meer-rijden-he-remco-evenepoel-grapt-erop-los-in-europese-kampioenenspeech~1791185296885/"
"VRT NWS (EN)";"EN";"2026-10-05";"Tadej Pogacar maakt Sloveense fans wild met gastoptreden tijdens EK en nuanceert geruchten rond deelname: ""Vorm is echt slecht""";"https://sporza.be/nl/2026/10/04/tadej-pogacar-maakt-sloveense-fans-wild-met-gastoptreden-tijdens-ek-en-nuanceert-geruchten-rond-deelname-vorm-is-echt-slecht~1791144369534/"
"VRT NWS (EN)";"EN";"2026-10-05";"""Wat een pass!"": NBA-seizoen moet nog beginnen, maar de Assist van het Jaar hebben we nu al gezien";"https://sporza.be/nl/2026/10/05/-wat-een-pass-nba-seizoen-moet-nog-beginnen-maar-de-assist-van-het-jaar-hebben-we-nu-al-gezien~1791181343739/"
"VRT NWS (EN)";"EN";"2026-10-05";"""Waarvoor zou ik mijn excuses moeten aanbieden?"": (geïrriteerde) Portugese bondscoach zet deur wél open voor terugkeer Ronaldo";"https://sporza.be/nl/2026/10/05/-waarvoor-zou-ik-mijn-excuses-moeten-aanbieden-geirriteerde-portugese-bondscoach-zet-deur-wel-open-voor-terugkeer-ronaldo~1791175320494/"
"VRT NWS (EN)";"EN";"2026-10-05";"Met flirtend berichtje voorspelde hij ooit zijn gouden toekomst: wie is Michael Olise, het genie dat de Duivels klein kreeg?";"https://sporza.be/nl/2026/07/03/met-flirtend-berichtje-voorspelde-hij-ooit-zijn-gouden-toekomst-wie-is-michael-olise-het-genie-dat-de-duivels-klein-kreeg~1783100630458/"
"VRT NWS (EN)";"EN";"2026-10-05";"""Vreemde"" finishfoto van Evenepoel roept vragen op, maar achter bizar beeld schuilt eigenlijk een logische uitleg";"https://sporza.be/nl/2026/10/05/-vreemde-finishfoto-van-evenepoel-roept-vragen-op-maar-achter-bizar-beeld-schuilt-eigenlijk-een-logische-uitleg~1791153086341/"
"VRT NWS (EN)";"EN";"2026-10-05";"Van Bommel kondigt wissels aan tegen Frankrijk na ""3 records op een rij"": ""Maar misschien had ik dat niet moeten zeggen""";"https://sporza.be/nl/2026/10/04/van-bommel-kondigt-wissels-aan-tegen-frankrijk-na-3-records-op-een-rij-maar-misschien-had-ik-dat-niet-moeten-zeggen~1791130256116/"
"VRT NWS (EN)";"EN";"2026-10-05";"""Toen dacht ik dat het gedaan was"": de rollercoaster van Remco Evenepoel, die zelf verhaal doet van zijn 2 schrikmomenten";"https://sporza.be/nl/2026/10/04/-toen-dacht-ik-dat-het-gedaan-was-de-rollercoaster-van-remco-evenepoel-die-zelf-verhaal-doet-van-zijn-2-schrikmomenten~1791123588815/"
"VRT NWS (EN)";"EN";"2026-10-05";"Wanneer is welke cross? En welke wedstrijden zijn live bij Sporza? Dit is de complete veldritkalender 2026-2027";"https://sporza.be/nl/2026/09/29/wanneer-is-welke-cross-en-welke-wedstrijden-zijn-live-bij-sporza-dit-is-de-complete-veldritkalender-2026-2027~1790685673220/"
"RTBF Actus (FR)";"FR";"2026-10-05";"Espagne: le Premier ministre espagnol Pedro Sánchez a annoncé ce lundi la convocation d'élections anticipées";"/article/colere-etudiante-on-a-ce-sentiment-que-les-jeunes-sont-sacrifies-sur-l-autel-des-boomers-selon-le-politologue-francois-gemenne-11795070"
"RTBF Actus (FR)";"FR";"2026-10-05";"Édimbourg, le cimetière de Greyfriars Kirkyard";"/article/midterms-aux-etats-unis-tout-comprendre-aux-bonnes-affaires-du-clan-trump-en-arabie-saoudite-en-un-graphique-11781345"
"RTBF Actus (FR)";"FR";"2026-10-05";"Lucky Luke fête ses 80 ans !";"/article/prix-nobel-de-medecine-ou-physiologie-le-nobel-de-medecine-decerne-a-karl-deisseroth-peter-hegemann-et-georg-nagel-11795097"
"RTBF Actus (FR)";"FR";"2026-10-05";"La cuisine de Carlo : Oeuf poché sur lit d'épinards";"/article/remco-evenepoel-champion-d-europe-pour-0-00028-seconde-comment-fonctionne-la-photo-finish-11795086"
"RTBF Actus (FR)";"FR";"2026-10-05";"Marjorie Carpréaux met un terme à sa carrière";"/article/des-teckels-partout-dans-les-rues-de-paris-bienvenue-a-la-sausage-walk-11795043"
"RTBF Actus (FR)";"FR";"2026-10-05";"L'humoriste Doully évoque ses souvenirs d'enfance dans Hep Taxi";"/article/des-teckels-partout-dans-les-rues-de-paris-bienvenue-a-la-sausage-walk-11795043"
"RTBF Actus (FR)";"FR";"2026-10-05";"Qui doit être l’attaquant des Diables au Stade de France ce soir ?";"/article/rentree-des-classes-comment-des-enseignants-et-associations-se-servent-du-jeu-video-comme-outil-pedagogique-11590047"
"RTBF Actus (FR)";"FR";"2026-10-05";"Bruxelles : ""Nous remettons les sous aux bons endroits""";"/article/budget-de-la-region-bruxelloise-nous-divisons-le-deficit-par-deux-annonce-boris-dillies-sans-licenciements-ni-tours-de-passe-passe-budgetaires-11794953"
"RTBF Actus (FR)";"FR";"2026-10-05";"Le douloureux combat juridique des victimes de l'Église catholique belge dans ""Les Oubliés de Dieu""";"/article/ces-cinq-apps-de-paiement-mobile-s-allient-pour-reduire-la-dependance-de-l-europe-a-visa-et-mastercard-11794945"
"RTBF Actus (FR)";"FR";"2026-10-05";"“Envoyer la pâtée et faire rire les gens, ça me fait tripper.”";"/article/sabbe-enfin-repris-fofana-et-de-winter-ecartes-voici-le-groupe-des-diables-rouges-pour-affronter-la-france-11794999"
"RTBF Actus (FR)";"FR";"2026-10-05";"Qui est Vincha, compositeur de plusieurs des plus grands tubes d’Helena, Marguerite et Louane ?";"/article/crise-du-logement-en-espagne-pedro-sanchez-annonce-l-organisation-d-elections-legislatives-anticipees-le-29-novembre-11794980"
"RTBF Actus (FR)";"FR";"2026-10-05";"La Belgique remporte le Motocross des Nations";"/article/crise-du-logement-en-espagne-pedro-sanchez-annonce-l-organisation-d-elections-legislatives-anticipees-le-29-novembre-11794980"
"RTBF Actus (FR)";"FR";"2026-10-05";"Colère étudiante : ""On a ce sentiment que les jeunes sont sacrifiés sur l’autel des boomers"", selon le politologue François Gemenne";"/article/vous-allez-reconnaitre-ces-visages-decouvrez-le-casting-de-vital-la-serie-belge-medicale-11781696"
"RTBF Actus (FR)";"FR";"2026-10-05";"'Midterms' aux États-Unis : tout comprendre aux bonnes affaires du clan Trump en Arabie saoudite en un graphique";"/article/une-victoire-sur-le-plan-physique-mental-et-tactique-rodrigo-beenkens-encense-remco-evenepoel-apres-son-sacre-europeen-11794877"
"RTBF Actus (FR)";"FR";"2026-10-05";"Comment le cerveau forme les souvenirs, les émotions et les comportements: le Nobel de médecine décerné à Karl Deisseroth, Peter Hegemann et Georg Nagel";"/article/les-professions-medicales-et-dentaires-attaquent-la-belgique-devant-l-europe-les-reformes-vandenbroucke-dans-le-viseur-11795100"
"RTBF Actus (FR)";"FR";"2026-10-05";"Remco Evenepoel champion d’Europe pour… 0,00028 seconde : comment fonctionne la photo-finish ?";"/article/affaire-epstein-l-ex-prince-andrew-contre-attaque-et-veut-faire-annuler-les-perquisitions-menees-chez-lui-11795022"
"RTBF Actus (FR)";"FR";"2026-10-05";"Des teckels partout dans les rues de Paris : bienvenue à la ""Sausage walk""";"/article/reouverture-des-ecoles-a-herstal-une-vingtaine-d-eleves-bloquent-l-entree-de-l-ipes-11794956"
"RTBF Actus (FR)";"FR";"2026-10-05";"Des teckels partout dans les rues de Paris : bienvenue à la ""Sausage walk""";"/article/accord-sur-des-prets-energie-et-renovation-a-0-pour-les-menages-bruxellois-dans-le-budget-2027-de-la-region-bruxelloise-11794913"
"RTBF Actus (FR)";"FR";"2026-10-05";"Comment des enseignants et associations se servent du jeu vidéo comme outil pédagogique";"/article/la-revue-de-presse-a-quoi-bon-faire-des-economies-11794972"
"RTBF Actus (FR)";"FR";"2026-10-05";"Un déficit divisé par deux, sans toucher au pouvoir d’achat des Bruxellois, comment est-ce possible? Boris Dilliès dévoile ses recettes";"/article/une-premiere-historique-un-grand-perdant-et-le-chaos-5-choses-a-retenir-du-gp-de-f1-a-bahrein-11794639"
"RTBF Actus (FR)";"FR";"2026-10-05";"Ces cinq apps de paiement mobile s’allient pour réduire la dépendance de l’Europe à Visa et Mastercard";"/article/de-nouveaux-projets-immobiliers-sur-la-table-a-durbuy-11793527"
"RTBF Actus (FR)";"FR";"2026-10-05";"Sabbe enfin repris, Fofana et De Winter écartés : voici le groupe des Diables Rouges pour affronter la France";"/article/de-nouveaux-projets-immobiliers-sur-la-table-a-durbuy-11793527"
"RTBF Actus (FR)";"FR";"2026-10-05";"Crise du logement en Espagne : Pedro Sánchez annonce l'organisation d'élections législatives anticipées le 29 novembre";"/article/carlier-bois-93-ans-au-compteur-une-entreprise-ou-on-peut-encore-parler-a-son-patron-11772061"
"RTBF Actus (FR)";"FR";"2026-10-05";"Crise du logement en Espagne : Pedro Sánchez annonce l'organisation d'élections législatives anticipées le 29 novembre";"/article/lavia-et-raskin-associes-lukaku-recompense-votre-onze-pour-france-belgique-en-ligue-des-nations-11794996"
"RTBF Actus (FR)";"FR";"2026-10-05";"Vous allez reconnaître ces visages : découvrez le casting de ""Vital"", la série belge médicale";"/article/indochine-marc-eliard-quitte-le-groupe-apres-34-ans-et-prend-sa-retraite-11795003"
"RTBF Actus (FR)";"FR";"2026-10-05";"""Une victoire sur le plan physique, mental et tactique"" : Rodrigo Beenkens encense Remco Evenepoel après son sacre européen";"/article/en-tongs-au-pied-de-l-himalaya-avec-audrey-lamy-un-film-touchant-qui-honore-les-parents-d-enfants-neurodivergents-11785584"
"RTBF Actus (FR)";"FR";"2026-10-05";"Les professions médicales et dentaires attaquent la Belgique devant l’Europe : les réformes Vandenbroucke dans le viseur";"/article/flavio-bolsonaro-cree-la-surprise-en-devancant-lula-le-bresil-ira-au-second-tour-11794933"
"RTBF Actus (FR)";"FR";"2026-10-05";"Affaire Epstein : l’ex-prince Andrew contre-attaque et veut faire annuler les perquisitions menées chez lui";"/article/une-fillette-victime-d-une-agression-sexuelle-a-l-ecole-sa-maman-denonce-un-defaut-de-surveillance-du-personnel-de-l-etablissement-11792260"
"RTBF Actus (FR)";"FR";"2026-10-05";"Malgré la réouverture des écoles, les tensions persistent en région liégeoise";"/article/remco-evenepoel-sacre-champion-d-europe-a-la-photo-finish-11794724"
"RTBF Actus (FR)";"FR";"2026-10-05";"Prêts rénovation à 0%, taxe de circulation, logement… Ce que prévoit le budget bruxellois 2027";"/article/souvent-l-alcoolisme-au-feminin-est-un-alcoolisme-de-recompense-exprime-la-realisatrice-du-film-garance-11793577"
"RTBF Actus (FR)";"FR";"2026-10-05";"La revue de presse : à quoi bon faire des économies ?";"/article/le-gouvernement-bruxellois-parvient-a-un-accord-sur-le-budget-regional-11794882"
"RTBF Actus (FR)";"FR";"2026-10-05";"Une première historique, un grand perdant et le chaos : 5 choses à retenir du GP de F1 à Bahreïn";"/article/l-equipe-belge-de-saut-d-obstacles-decroche-le-bronze-en-finale-de-ligue-des-nations-11794880"
"RTBF Actus (FR)";"FR";"2026-10-05";"De nouveaux projets immobiliers sur la table à Durbuy";"/article/lukaku-de-ketelaere-openda-ou-fernandez-pardo-titulaire-en-france-nos-journalistes-ne-sont-pas-d-accord-11795037"
"RTBF Actus (FR)";"FR";"2026-10-05";"De nouveaux projets immobiliers sur la table à Durbuy";"/article/nations-league-la-belgique-veut-sa-revanche-en-france-avant-match-des-20h-11794935"
"RTBF Actus (FR)";"FR";"2026-10-05";"Carlier Bois, 93 ans au compteur : ""Une entreprise où on peut encore parler à son patron""";"/article/lavia-et-raskin-associes-lukaku-recompense-votre-onze-pour-france-belgique-en-ligue-des-nations-11794996"
"RTBF Actus (FR)";"FR";"2026-10-05";"Lavia et Raskin associés, Lukaku récompensé : votre onze pour France – Belgique en Ligue des Nations";"/article/sabbe-enfin-repris-fofana-et-de-winter-ecartes-voici-le-groupe-des-diables-rouges-pour-affronter-la-france-11794999"
"RTBF Actus (FR)";"FR";"2026-10-05";"Indochine : Marc Éliard quitte le groupe après 34 ans et prend sa retraite";"/article/quel-est-le-role-de-charles-de-ketelaere-quel-est-son-profil-11794453"
"RTBF Actus (FR)";"FR";"2026-10-05";"""En tongs au pied de l’Himalaya"" avec Audrey Lamy : un film émouvant qui rend hommage aux parents d’enfants neurodivergents";"/article/completement-foot-france-belgoque-votre-avis-sur-le-match-11794770"
"RTBF Actus (FR)";"FR";"2026-10-05";"Présidentielle au Brésil : Flavio Bolsonaro crée la surprise et devance Lula au premier tour";"/article/chez-les-diables-et-au-psg-mika-godts-sait-ou-il-va-je-vais-atteindre-le-tres-haut-niveau-il-me-faut-juste-un-peu-de-temps-11794515"
"RTBF Actus (FR)";"FR";"2026-10-05";"Une fillette victime d’une agression sexuelle à l’école ? Sa maman dénonce un défaut de surveillance du personnel de l’établissement";"/article/la-diagonale-de-manuel-jous-briser-la-serie-noire-11794519"
"RTBF Actus (FR)";"FR";"2026-10-05";"Quel final : Remco Evenepoel sacré champion d’Europe à la photo-finish";"/article/le-match-le-plus-complique-pas-de-plan-b-mark-van-bommel-veut-bousculer-la-france-11794514"
"RTBF Actus (FR)";"FR";"2026-10-05";"""Souvent, l’alcoolisme au féminin est un alcoolisme de récompense"", exprime la réalisatrice du film ""Garance""";"/article/remco-evenepoel-champion-d-europe-pour-0-00028-seconde-comment-fonctionne-la-photo-finish-11795086"
"RTBF Actus (FR)";"FR";"2026-10-05";"Le gouvernement bruxellois parvient à un accord sur le budget régional et promet d'éviter de ""toucher au portefeuille des Bruxellois"".";"/article/bingo-le-grand-chelem-pour-remco-evenepoel-a-bluffe-la-presse-belge-a-l-euro-11794947"
"RTBF Actus (FR)";"FR";"2026-10-05";"L'équipe belge de saut d'obstacles décroche le bronze en finale de Ligue des Nations";"/article/une-victoire-sur-le-plan-physique-mental-et-tactique-rodrigo-beenkens-encense-remco-evenepoel-apres-son-sacre-europeen-11794877"
"RTBF Actus (FR)";"FR";"2026-10-05";"Lukaku, De Ketelaere, Openda ou Fernandez-Pardo titulaire ? Nos journalistes ne sont (vraiment) pas d’accord";"/article/tadej-pogacar-en-touriste-pour-assister-au-sacre-de-remco-evenepoel-11794869"
"RTBF Actus (FR)";"FR";"2026-10-05";"Nations League – La Belgique veut sa revanche en France (avant-match dès 20h)";"/article/serge-pauwels-raconte-le-sacre-europeen-de-remco-evenepoel-on-s-est-dit-que-c-etait-fichu-11794827"
"RTBF Actus (FR)";"FR";"2026-10-05";"Lavia et Raskin associés, Lukaku récompensé : votre onze pour France – Belgique en Ligue des Nations";"/article/toutes-les-grandes-couronnes-sont-a-lui-remco-evenepoel-ecrit-encore-une-page-de-l-histoire-du-cyclisme-11794739"
"RTBF Actus (FR)";"FR";"2026-10-05";"Sabbe enfin repris, Fofana et De Winter écartés : voici le groupe des Diables Rouges pour affronter la France";"/article/euro-de-cyclisme-l-incroyable-photo-finish-qui-a-departage-remco-evenepoel-et-giulio-ciccone-11794802"
"RTBF Actus (FR)";"FR";"2026-10-05";"""Quel est le rôle de Charles De Ketelaere ? Quel est son profil ?""";"/article/remco-evenepoel-sur-le-toit-de-l-europe-je-ne-pensais-pas-pouvoir-gagner-ce-sprint-je-suis-super-fier-apres-l-echec-des-mondiaux-11794798"
"RTBF Actus (FR)";"FR";"2026-10-05";"""Complètement Foot"" : France – Belgique, votre avis sur le match ?";"/article/remco-evenepoel-sacre-champion-d-europe-a-la-photo-finish-11794724"
"RTBF Actus (FR)";"FR";"2026-10-05";"Chez les Diables et au PSG, Mika Godts sait où il va : ""Je vais atteindre le très haut niveau, il me faut juste un peu de temps""";"/article/wrc-sardaigne-le-debrief-quel-final-de-dingue-11794856"
"RTBF Actus (FR)";"FR";"2026-10-05";"La diagonale de Manuel Jous : briser la série noire dans l’antre des Bleus";"/article/wrc-sebastien-ogier-stop-ou-encore-je-n-ai-pas-encore-fait-une-croix-definitive-sur-ce-sport-11794858"
"RTBF Actus (FR)";"FR";"2026-10-05";"""Pas de plan B"", ""c'est possible de prendre au moins un point ici"" : Mark van Bommel veut bousculer la France";"/article/une-saison-plus-calme-pour-neuville-l-an-prochain-quand-thierry-va-rester-deux-semaines-a-la-maison-a-rien-faire-ca-ne-va-pas-lui-plaire-11794851"
"RTBF Actus (FR)";"FR";"2026-10-05";"Remco Evenepoel champion d’Europe pour… 0,00028 seconde : comment fonctionne la photo-finish ?";"/article/une-premiere-historique-un-grand-perdant-et-le-chaos-5-choses-a-retenir-du-gp-de-f1-a-bahrein-11794639"
"RTBF Actus (FR)";"FR";"2026-10-05";"""Bingo"", ""le Grand Chelem pour Remco"" : Evenepoel a bluffé la presse belge à l’Euro";"/article/neuville-soulage-que-la-saison-soit-finie-mais-emu-quant-a-son-avenir-incertain-me-reconstruire-pour-me-battre-a-nouveau-aux-avant-postes-11794838"
"RTBF Actus (FR)";"FR";"2026-10-05";"""Une victoire sur le plan physique, mental et tactique"" : Rodrigo Beenkens encense Remco Evenepoel après son sacre européen";"/article/les-freres-coenen-sur-un-petit-nuage-apres-la-victoire-belge-au-motocross-des-nations-c-est-incroyable-11794836"
"RTBF Actus (FR)";"FR";"2026-10-05";"Tadej Pogacar en ""touriste"" pour assister au sacre de Remco Evenepoel";"/article/elfyn-evans-enfin-champion-du-monde-apres-tant-de-malchance-ca-fait-du-bien-que-la-roue-ait-finalement-tourne-11794819"
"RTBF Actus (FR)";"FR";"2026-10-05";"Serge Pauwels raconte le sacre européen de Remco Evenepoel : ""On s’est dit que c’était fichu""";"/article/motocross-des-nations-une-belgique-heroique-renoue-avec-la-victoire-apres-13-ans-d-attente-11794754"
"RTBF Actus (FR)";"FR";"2026-10-05";"Toutes les grandes couronnes sont à lui : Remco Evenepoel écrit (encore) une page de l’histoire du cyclisme";"/article/wrc-sardaigne-qui-d-evans-solberg-ou-pajari-decrochera-le-titre-ce-dimanche-direct-commente-a-8h-11794561"
"RTBF Actus (FR)";"FR";"2026-10-05";"Euro de cyclisme : l’incroyable photo-finish qui a départagé Remco Evenepoel et Giulio Ciccone";"/article/la-revue-de-presse-a-quoi-bon-faire-des-economies-11794972"
"RTBF Actus (FR)";"FR";"2026-10-05";"Remco Evenepoel sur le toit de l’Europe : ""Je ne pensais pas pouvoir gagner ce sprint, je suis super fier après l’échec des Mondiaux""";"/article/ces-cinq-apps-de-paiement-mobile-s-allient-pour-reduire-la-dependance-de-l-europe-a-visa-et-mastercard-11794945"
"RTBF Actus (FR)";"FR";"2026-10-05";"Quel final : Remco Evenepoel sacré champion d’Europe à la photo-finish";"/article/jerome-de-warzee-se-prepare-pour-le-prochain-match-belgique-france-a-ce-stade-ce-n-est-plus-une-serie-c-est-une-tradition-folklorique-11794995"
"RTBF Actus (FR)";"FR";"2026-10-05";"WRC Sardaigne, le débrief : ""Quel final de dingue !""";"/article/quand-le-metal-defie-le-pouvoir-et-en-reprend-les-codes-speciale-classic-21-metal-11791797"
"RTBF Actus (FR)";"FR";"2026-10-05";"WRC – Sébastien Ogier : stop ou encore ? ""Je n’ai pas encore fait une croix définitive sur ce sport""";"/article/en-tongs-au-pied-de-l-himalaya-avec-audrey-lamy-un-film-touchant-qui-honore-les-parents-d-enfants-neurodivergents-11785584"
"RTBF Actus (FR)";"FR";"2026-10-05";"Une saison plus calme pour Neuville l’an prochain ? ""Quand Thierry va rester deux semaines à la maison à rien faire, ça ne va pas lui plaire""";"/article/operation-calice-propos-de-mgr-leonard-impunite-le-douloureux-combat-juridique-des-victimes-dans-les-oublies-de-dieu-11792285"
"RTBF Actus (FR)";"FR";"2026-10-05";"Une première historique, un grand perdant et le chaos : 5 choses à retenir du GP de F1 à Bahreïn";"/article/midterms-aux-etats-unis-comment-la-guerre-des-taux-d-interet-de-donald-trump-penalise-l-economie-mondiale-11781284"
"RTBF Actus (FR)";"FR";"2026-10-05";"Neuville soulagé que la saison soit finie mais ému quant à son avenir incertain : ""Me reconstruire pour me battre à nouveau aux avant-postes""";"/article/qui-est-benjamin-gratton-le-jeune-autiste-au-c-ur-de-la-serie-docu-comme-tout-le-monde-11792256"
"RTBF Actus (FR)";"FR";"2026-10-05";"Les frères Coenen sur un petit nuage après la victoire belge au Motocross des Nations : ""C’est incroyable""";"/article/vous-considerez-que-notre-reportage-est-incomplet-un-droit-de-reponse-est-il-possible-11786650"
"RTBF Actus (FR)";"FR";"2026-10-05";"Elfyn Evans enfin champion du monde, après tant de malchance : ""Ça fait du bien que la roue ait finalement tourné""";"/article/proximite-interaction-et-collaboration-comment-la-rtbf-ancre-ses-contenus-au-c-ur-des-regions-11786513"
"RTBF Actus (FR)";"FR";"2026-10-05";"Motocross des Nations : une Belgique héroïque renoue avec la victoire après 13 ans d'attente";"/article/que-fait-la-rtbf-de-vos-donnees-collecte-algorithmes-et-protection-de-la-vie-privee-decryptes-11776913"
"RTBF Actus (FR)";"FR";"2026-10-05";"WRC Sardaigne - Fin de rallye incroyable : Solberg part à la faute dans l’avant-dernier virage et offre le titre à Evans";"/article/enfant-illegitime-un-terme-a-eviter-sur-nos-antennes-11776723"
"RTBF Actus (FR)";"FR";"2026-10-05";"La revue de presse : à quoi bon faire des économies ?";"/article/les-jeunes-et-l-actu-plus-informes-qu-on-ne-le-pense-mais-pas-a-l-abri-de-pieges-11763284"
"RTBF Actus (FR)";"FR";"2026-10-05";"Ces cinq apps de paiement mobile s’allient pour réduire la dépendance de l’Europe à Visa et Mastercard";"/article/moderation-sur-les-reseaux-sociaux-le-defi-quotidien-de-la-rtbf-11758876"
"RTBF Actus (FR)";"FR";"2026-10-05";"Jérôme de Warzée se prépare pour le prochain match Belgique-France : ""À ce stade, c'est une tradition folklorique""";"/article/age-conseille-contenus-sensibles-une-nouvelle-signaletique-tele-des-le-1er-juillet-11745979"
"RTBF Actus (FR)";"FR";"2026-10-05";"Quand le metal défie le pouvoir… et en reprend les codes : spéciale Classic 21 Metal";"/article/bivouacs-du-journalisme-les-contacts-avec-le-public-sont-extremement-enrichissants-on-retire-le-micro-la-camera-jean-pierre-jacqmin-ancien-directeur-de-l-info-de-la-rtbf-11746010"
"RTBF Actus (FR)";"FR";"2026-10-05";"""En tongs au pied de l’Himalaya"" avec Audrey Lamy : un film émouvant qui rend hommage aux parents d’enfants neurodivergents";"/article/coupe-du-monde-les-matchs-des-diables-rouges-aussi-pour-les-malvoyants-11743270"
"RTBF Actus (FR)";"FR";"2026-10-05";"Opération Calice, propos de Mgr Léonard, impunité : le douloureux combat juridique des victimes dans ""Les oubliés de Dieu""";"/article/malcolm-todd-le-sweet-boy-debarque-au-forest-national-11793385"
"RTBF Actus (FR)";"FR";"2026-10-05";"'Midterms' aux États-Unis : comment la ""guerre des taux d’intérêt"" de Donald Trump pénalise l’économie mondiale ?";"/article/l-agenda-de-tipik-11114470"
"RTBF Actus (FR)";"FR";"2026-10-05";"Qui est Benjamin Gratton, le jeune autiste au cœur de la série docu ""Comme tout le monde"" ?";"/article/concours-agenda-cine-gagnez-vos-places-pour-aller-voir-le-film-mochy-11793950"
"RTBF Actus (FR)";"FR";"2026-10-05";"Vous considérez que notre reportage est incomplet ? Un droit de réponse est-il possible ?";"/article/concours-agenda-cine-gagnez-vos-places-pour-aller-voir-le-film-the-social-reckoning-11793648"
"RTBF Actus (FR)";"FR";"2026-10-05";"Comment la RTBF ancre ses contenus au cœur des régions : proximité, interactions et collaborations";"/article/concours-agenda-cine-gagnez-vos-places-pour-aller-voir-le-film-si-tu-penses-bien-11793963"
"RTBF Actus (FR)";"FR";"2026-10-05";"Que fait la RTBF de vos données ? Collecte, algorithmes et protection de la vie privée décryptés";"/article/the-sisters-of-mercy-a-l-ab-gagnez-vos-places-pour-le-concert-sold-out-dans-classic-21-underground-11794100"
"RTBF Actus (FR)";"FR";"2026-10-05";"""Enfant illégitime"" : un terme à éviter sur nos antennes";"/article/duran-duran-sur-classic-21-interview-exclusive-et-places-a-gagner-pour-leur-concert-a-bruxelles-11792252"
"RTBF Actus (FR)";"FR";"2026-10-05";"Les jeunes et l’actu : plus informés qu’on ne le pense mais pas à l’abri de pièges";"/article/placebo-a-anvers-gagnez-vos-places-toute-la-semaine-dans-coffee-on-the-rocks-11792273"
"RTBF Actus (FR)";"FR";"2026-10-05";"Modération sur les réseaux sociaux : le défi quotidien de la RTBF";"/article/le-reveil-de-tipik-vous-offre-des-fun-pass-chez-share-fun-11794011"
"RTBF Actus (FR)";"FR";"2026-10-05";"Nouvelle signalétique TV : ce qui change ce 1er juillet";"/article/russie-une-technicienne-de-labo-morte-de-la-peste-et-200-personnes-placees-en-quarantaine-11794691"
"RTBF Actus (FR)";"FR";"2026-10-05";"Bivouacs du journalisme : ""Les contacts avec le public sont extrêmement enrichissants"", Jean-Pierre Jacqmin, ancien directeur de l’info de la RTBF";"/article/remco-evenepoel-sacre-champion-d-europe-a-la-photo-finish-11794724"
"RTBF Actus (FR)";"FR";"2026-10-05";"Coupe du monde : les matchs des Diables Rouges aussi pour les malvoyants";"/article/euro-de-cyclisme-l-incroyable-photo-finish-qui-a-departage-remco-evenepoel-et-giulio-ciccone-11794802"
"RTBF Actus (FR)";"FR";"2026-10-05";"Malcolm Todd, le « Sweet Boy », débarque au Forest National";"/article/ifapme-des-donnees-volees-sont-mises-en-ligne-sur-le-dark-web-11794731"
"RTBF Actus (FR)";"FR";"2026-10-05";"Concerts, spectacles, festival et évènements : retrouvez l’agenda de Tipik pour ne rien rater !";"/article/accord-sur-des-prets-energie-et-renovation-a-0-pour-les-menages-bruxellois-dans-le-budget-2027-de-la-region-bruxelloise-11794913"
"RTBF Actus (FR)";"FR";"2026-10-05";"Concours Agenda Ciné : gagnez vos places pour aller voir le film ""Mochy""";"/article/une-fillette-victime-d-une-agression-sexuelle-a-l-ecole-sa-maman-denonce-un-defaut-de-surveillance-du-personnel-de-l-etablissement-11792260"
"RTBF Actus (FR)";"FR";"2026-10-05";"Concours Agenda Ciné : gagnez vos places pour aller voir le film ""The Social Reckoning""";"https://auvio.rtbf.be/media/riviera-riviera-3417253"
"RTBF Actus (FR)";"FR";"2026-10-05";"Concours Agenda Ciné : gagnez vos places pour aller voir le film ""Si Tu Penses Bien""";"https://auvio.rtbf.be/media/le-8-9-le-8-9-3524578"
"RTBF Actus (FR)";"FR";"2026-10-05";"The Sisters of Mercy à l’AB : gagnez vos places pour le concert sold out dans Classic 21 Underground";"https://auvio.rtbf.be/media/un-si-grand-soleil-un-si-grand-soleil-3524298"
"RTBF Actus (FR)";"FR";"2026-10-05";"Duran Duran sur Classic 21 : le groupe évoque ses débuts dans une interview exclusive";"https://auvio.rtbf.be/media/le-6-8-le-6-8-3524545"
"RTBF Actus (FR)";"FR";"2026-10-05";"Placebo à Anvers : gagnez vos places toute la semaine dans Coffee on the Rocks";"https://auvio.rtbf.be/media/alors-on-sort-alors-on-sort-3524557"
"RTBF Actus (FR)";"FR";"2026-10-05";"Le Réveil de Tipik vous offre des Fun Pass chez Share & Fun";"https://auvio.rtbf.be/media/les-feux-de-l-amour-feux-de-l-amour-s27-3524277"
"RTBF Actus (FR)";"FR";"2026-10-05";"Russie : une technicienne de labo meurt de la peste, plusieurs hôpitaux placés en quarantaine en Sibérie";"https://auvio.rtbf.be/media/velvet-le-nouvel-empire-velvet-le-nouvel-empire-3524279"
"RTBF Actus (FR)";"FR";"2026-10-05";"Quel final : Remco Evenepoel sacré champion d’Europe à la photo-finish";"https://auvio.rtbf.be/media/objectif-monde-objectif-monde-3524257"
"RTBF Actus (FR)";"FR";"2026-10-05";"Euro de cyclisme : l’incroyable photo-finish qui a départagé Remco Evenepoel et Giulio Ciccone";"https://auvio.rtbf.be/media/hep-taxi-hep-taxi-3523759"
"RTBF Actus (FR)";"FR";"2026-10-05";"Piratage à l'IFAPME : les données personnelles de 700.000 Wallons volées et mises en ligne sur le dark web";"https://auvio.rtbf.be/media/glass-un-thriller-psychiatrique-ou-l-illusion-des-super-heros-vacille-3523554"
"RTBF Actus (FR)";"FR";"2026-10-05";"Prêts rénovation à 0%, taxe de circulation, logement… Ce que prévoit le budget bruxellois 2027";"https://auvio.rtbf.be/media/soeurs-soeurs-3523543"
"RTBF Actus (FR)";"FR";"2026-10-05";"Une fillette victime d’une agression sexuelle à l’école ? Sa maman dénonce un défaut de surveillance du personnel de l’établissement";"https://auvio.rtbf.be/media/des-trains-pas-comme-les-autres-des-trains-pas-comme-les-autres-3523539"
"France 24 (EN)";"EN";"2026-10-05";"Wife, sons and brother: Jailed ex-president Bolsonaro’s family scores big in Brazil polls";"https://france24.com/en/americas/20261005-family-members-of-jailed-ex-president-jair-bolsonaro-win-big-in-multiple-brazil-polls"
"France 24 (EN)";"EN";"2026-10-05";"Brazil presidential election heads to runoff as Bolsonaro leads Lula";"https://france24.com/en/americas/20261005-brazil-presidential-election-runoff-bolsonaro-lula"
"France 24 (EN)";"EN";"2026-10-05";"Polls close in Brazil's high-stakes election pitting Lula against Flavio Bolsonaro";"https://france24.com/en/americas/20261004-brazilians-start-voting-in-tight-election-between-lula-and-flavio-bolsonaro"
"France 24 (EN)";"EN";"2026-10-05";"Live: Student's hand blown off as protests continue in France, disrupting at least 413 schools";"https://france24.com/en/france/20261005-live-up-to-500-schools-to-shut-in-france-as-student-protests-continue"
"France 24 (EN)";"EN";"2026-10-05";"Nobel Prize in Medicine jointly awarded to ​Karl Deisseroth, Peter Hegemann ​and Georg Nagel";"https://france24.com/en/science/20261005-nobel-prize-in-medicine-jointly-awarded-to-karl-deisseroth-peter-hegemann-and-georg-nagel"
"France 24 (EN)";"EN";"2026-10-05";"Spanish PM Sanchez calls snap election as pressure mounts over housing crisis";"https://france24.com/en/europe/20261005-spanish-pm-sanchez-calls-snap-election-for-november-29"
"France 24 (EN)";"EN";"2026-10-05";"Ex-prince Andrew launches bid to ‘quash’ Epstein-affair search warrants";"https://france24.com/en/europe/20261005-ex-prince-andrew-launches-bid-to-quash-epstein-affair-search-warrants"
"France 24 (EN)";"EN";"2026-10-05";"US withdraws B-1 bombers from British military base RAF Fairford amid security concerns";"https://france24.com/en/europe/20261004-us-bombers-raf-fairford-uk-pentagon"
"France 24 (EN)";"EN";"2026-10-05";"Yemen military announces broad range of strikes against Houthis in bid to retake lost territory";"https://france24.com/en/middle-east/20261005-yemen-military-announces-broad-range-of-strikes-against-houthis-in-bid-to-retake-lost-territory"
"France 24 (EN)";"EN";"2026-10-05";"Rubio visits Iceland ‘to discuss security collaboration’ as US boosts Arctic presence";"https://france24.com/en/europe/20261005-rubio-visits-iceland-as-us-boosts-arctic-presence-after-greenland-security-pact"
"France 24 (EN)";"EN";"2026-10-05";"Indian police detain demonstrators as protests over voter roll revision intensify";"https://france24.com/en/video/20261005-ndian-police-detain-demonstrators-as-protests-over-voter-roll-revision-intensify"
"France 24 (EN)";"EN";"2026-10-05";"Alleged Indian leader of neo-Nazi child abuse ring goes on trial in Paris";"https://france24.com/en/live-news/20261005-alleged-indian-leader-of-neo-nazi-child-abuse-ring-goes-on-trial-in-paris"
"France 24 (EN)";"EN";"2026-10-05";"Swiatek, Zheng survive three-set tests in China Open third round";"https://france24.com/en/live-news/20261005-swiatek-zheng-survive-three-set-tests-in-china-open-third-round"
"France 24 (EN)";"EN";"2026-10-05";"Paraguay, a tax and political haven for Brazil's far right";"https://france24.com/en/tv-shows/reporters/20261002-paraguay-a-tax-and-political-haven-for-brazil-s-far-right"
"France 24 (EN)";"EN";"2026-10-05";"The Cornell 7: Allegations spark fury over gang rape culture";"https://france24.com/en/tv-shows/the-51/20261002-the-cornell-7-allegations-spark-fury-over-gang-rape-culture"
"France 24 (EN)";"EN";"2026-10-05";"What's real and what's fake? How AI is impacting Brazil's election race";"https://france24.com/en/tv-shows/focus/20261002-what-s-real-and-what-s-fake-how-ai-is-impacting-brazil-s-election-race"
"France 24 (EN)";"EN";"2026-10-05";"'Make our streets safer!' Mass women's protests sweep India over sexual violence";"https://france24.com/en/tv-shows/access-asia/20261002-make-our-streets-safer-mass-women-s-protests-sweep-india-over-sexual-violence"
"France 24 (EN)";"EN";"2026-10-05";"What the media got right and wrong about Cornell gang rape case";"https://france24.com/en/tv-shows/scoop/20261002-what-the-media-got-right-and-wrong-about-cornell-gang-rape-case"
"France 24 (EN)";"EN";"2026-10-05";"U2 celebrate 50 years in music with surprise gigs";"https://france24.com/en/tv-shows/arts24/20261002-u2-celebrate-50-years-in-music-with-surprise-gigs"
"France 24 (EN)";"EN";"2026-10-05";"A grim winter ahead? EU states asked to prepare gas and electricity savings";"https://france24.com/en/tv-shows/talking-europe/20261002-a-grim-winter-ahead-eu-states-asked-to-prepare-gas-and-electricity-savings"
"France 24 (EN)";"EN";"2026-10-05";"Will AI write our books? Row over bestseller fuels fear over future of literature";"https://france24.com/en/tv-shows/the-debate/20261002-will-ai-write-our-books-row-over-bestseller-fuels-fear-over-future-of-literature"
"France 24 (EN)";"EN";"2026-10-05";"Lula and Bolsonaro make final push for votes ahead of Brazil's knife-edge election";"https://france24.com/en/americas/20261003-lula-and-bolsonaro-make-final-push-for-votes-ahead-of-brazil-s-knife-edge-election"
"France 24 (EN)";"EN";"2026-10-05";"Brazil’s Lula gears up for ‘last dance’ with run for fourth presidential term";"https://france24.com/en/americas/20261002-brazil-s-lula-gears-up-for-last-dance-with-run-for-fourth-presidential-term"
"France 24 (EN)";"EN";"2026-10-05";"Flavio Bolsonaro: In the name of the father, sons, and holy ideology";"https://france24.com/en/americas/20261003-flavio-bolsonaro-in-the-name-of-the-father-sons-and-holy-ideology"
"France 24 (EN)";"EN";"2026-10-05";"Hundreds of schools to shut Monday as France braces for more student protests";"https://france24.com/en/france/20261004-up-to-500-french-schools-to-be-totally-or-partly-closed-monday-due-to-protests"
"France 24 (EN)";"EN";"2026-10-05";"Iran says no military solution to war as peace talks with US stall";"https://france24.com/en/middle-east/20261004-iran-us-military-middle-east-war-peace-talks"
"France 24 (EN)";"EN";"2026-10-05";"Pacific leaders urge climate action as UN pre-COP talks open in Fiji";"https://france24.com/en/environment/20261004-pacific-leaders-climate-action-un-pre-cop-talks-fiji"
"France 24 (EN)";"EN";"2026-10-05";"Le Pen stands by top ally Bardella as anti-Semitism claims hit star of French far right";"https://france24.com/en/france/20261004-le-pen-stands-by-top-ally-bardella-as-anti-semitism-claims-hit-star-of-french-far-right"
"France 24 (EN)";"EN";"2026-10-05";"Merz unveils new aid for Ukraine as Russia strikes Kyiv during German leader's visit";"https://france24.com/en/europe/20261004-merz-unveils-new-aid-for-ukraine-as-russia-strikes-kyiv-during-german-leader-s-visit"
"France 24 (EN)";"EN";"2026-10-05";"Yemen's government declares counter-offensive as Houthis cut vital route to besieged city";"https://france24.com/en/middle-east/20261004-yemen-leader-announces-counter-offensive-as-houthis-cut-off-supply-route-besieged-city-taiz"
"France 24 (EN)";"EN";"2026-10-05";"Ethiopian federal forces control Tigray capital as regional rivals meet in Egypt";"https://france24.com/en/africa/20261004-ethiopian-federal-forces-control-tigray-capital-as-regional-rivals-meet-in-egypt"
"France 24 (EN)";"EN";"2026-10-05";"On the run for 20 years, Ugandan warlord Kony still 'active' within the Lord's Resistance Army";"https://france24.com/en/africa/20261002-on-the-run-for-20-years-ugandan-warlord-kony-still-active-within-the-lord-s-resistance-army"
"France 24 (EN)";"EN";"2026-10-05";"France’s purchasing power crisis: Navigating the pinch";"https://france24.com/en/economy/20261001-france-s-purchasing-power-crisis-navigating-the-pinch"
"France 24 (EN)";"EN";"2026-10-05";"‘Russian sleeper cell’: Can Germany’s far-right AfD be barred from sensitive intel?";"https://france24.com/en/europe/20260927-russian-sleeper-cell-can-germany-far-right-afd-be-barred-from-sensitive-intelligence"
"France 24 (EN)";"EN";"2026-10-05";"Russia ramps up disinformation attacks on French media ahead of 2027 presidential race";"https://france24.com/en/france/20260930-russia-ramps-up-disinformation-attacks-on-french-media-ahead-of-2027-presidential-race"
"France 24 (EN)";"EN";"2026-10-05";"Hundreds of French schools remain closed as riot police clash with student protesters";"https://france24.com/en/france/20261002-hundreds-of-french-schools-remain-closed-as-student-protests-turn-violent"
"France 24 (EN)";"EN";"2026-10-05";"Who are the mystery pilots who successfully landed endangered Flydubai flight 1073?";"https://france24.com/en/middle-east/20261004-who-are-the-mystery-pilots-who-successfully-landed-endangered-flydubai-flight-1073"
"France 24 (EN)";"EN";"2026-10-05";"UAE investigators say Omani Flydubai co-pilot was planning 'terrorist' attack";"https://france24.com/en/middle-east/20261003-co-pilot-on-flydubai-flight-was-banned-from-flying-by-oman-for-holding-extremist-views"
"France 24 (EN)";"EN";"2026-10-05";"Ethiopia's Tigray rebels abandon regional capital Mekelle as government forces enter city";"https://france24.com/en/africa/20261003-ethiopia-s-tigray-rebels-abandon-regional-capital-of-mekelle-as-pro-government-forces-advance"
"France 24 (EN)";"EN";"2026-10-05";"Russia strikes another Kyiv bridge, deepening travel chaos in Ukraine's capital";"https://france24.com/en/europe/20261003-russia-strikes-another-major-bridge-in-kyiv"
"France 24 (EN)";"EN";"2026-10-05";"Ossoff and El-Sayed: Two Senate races and what they say about the Democratic Party";"https://france24.com/en/americas/20261004-ossoff-and-el-sayed-two-senate-races-and-what-they-say-about-the-democratic-party"
"France 24 (EN)";"EN";"2026-10-05";"Italy’s Ustica enigma: Can French files solve mystery crash blamed on stray missile?";"https://france24.com/en/europe/20261003-italy-ustica-enigma-can-french-files-solve-mystery-crash-blamed-on-stray-missile-gaddafi"
"France 24 (EN)";"EN";"2026-10-05";"French media respond to M. Le Pen’s ‘Kevlar suit’ comments against investigative outlet";"https://france24.com/en/france/20261002-french-media-react-to-m-le-pen-s-kevlar-suit-comments-against-investigative-press-outlet"
"France 24 (EN)";"EN";"2026-10-05";"West Bank: Palestinians ‘harassed’ by settlers’ increasing use of drones";"https://france24.com/en/middle-east/20261004-occupied-west-bank-palestinians-harassed-settlers-drones"
"France 24 (EN)";"EN";"2026-10-05";"Video shows Iranian police beating, sexually humiliating teenage detainee";"https://france24.com/en/middle-east/20260929-iran-police-video-teenage-detainee-abuse"
"France 24 (EN)";"EN";"2026-10-05";"Residents in West Bank's Masafer Yatta face Israeli demolitions";"https://france24.com/en/tv-shows/the-observers/20260924-residents-west-bank-masafer-yatta-israeli-demolitions"
"France 24 (EN)";"EN";"2026-10-05";"A look back at Tunisia's summer of shortages";"https://france24.com/en/tv-shows/the-observers/20260924-look-back-tunisiassummer-shortages"
"France 24 (EN)";"EN";"2026-10-05";"The church by the airport: Inside Russia’s suspected spy activities in Sweden";"https://france24.com/en/europe/20250704-the-church-by-the-airport-inside-russia-s-suspected-spy-activities-in-sweden"
"France 24 (EN)";"EN";"2026-10-05";"Searching for radioactive waste in the depths of the Atlantic";"https://france24.com/en/environment/20250607-searching-radioactive-waste-depths-atlantic-france-nuclear"
"France 24 (EN)";"EN";"2026-10-05";"‘Unwavering friendship’: The true story of nine women who escaped a Nazi death march";"https://france24.com/en/europe/20250429-true-story-nine-women-who-escaped-nazi-death-march-ravensbruck"
"France 24 (EN)";"EN";"2026-10-05";"Pope Francis, first Latin American pontiff and champion of the forgotten";"https://france24.com/en/europe/20250421-pope-francis-first-latin-american-pontiff-dies-after-double-pneumonia-battle"
"France 24 (EN)";"EN";"2026-10-05";"Haiti’s independence ransom: Macron offers ‘truth’, Haitians want reparations";"https://france24.com/en/americas/20250417-haiti-independence-ransom-macron-offers-truth-haitians-want-reparations-slavery"
"France 24 (EN)";"EN";"2026-10-05";"Saved from destruction: Paris show offers glimpse of Gaza’s archaeological treasures";"https://france24.com/en/culture/20250403-saved-from-destruction-paris-exhibition-offers-glimpse-of-gaza-archaeological-treasures"
"France 24 (EN)";"EN";"2026-10-05";"More than half of Europe faced intense summer heat stress, EU monitor says";"https://france24.com/en/environment/20261002-europe-summer-heat-stress-eu-monitor"
"France 24 (EN)";"EN";"2026-10-05";"Heatwaves, wildfires expose a third of world to extreme ozone pollution";"https://france24.com/en/environment/20260930-heatwaves-wildfires-expose-a-third-of-world-to-extreme-ozone-pollution"
"France 24 (EN)";"EN";"2026-10-05";"A Green pope? Vatican describes environmental destruction as an 'ecological sin'";"https://france24.com/en/tv-shows/down-to-earth/20260928-a-green-pope-vatican-describes-environmental-destruction-as-an-ecological-sin"
"France 24 (EN)";"EN";"2026-10-05";"Rethinking traditional designs: A French twist on the kimono";"https://france24.com/en/tv-shows/entre-nous/20261001-rethinking-traditional-designs-a-french-twist-on-the-kimono"
"France 24 (EN)";"EN";"2026-10-05";"From Billie Eilish to Cardi B: Hassan Hajjaj on the stars who stepped into his colourful world";"https://france24.com/en/tv-shows/arts24/20261001-from-billie-eilish-to-cardi-b-hassan-hajjaj-on-the-stars-who-stepped-into-his-colourful-world"
"France 24 (EN)";"EN";"2026-10-05";"Nations League: France face Belgium as they battle for top spot in group A";"https://france24.com/en/tv-shows/sports/20261005-nations-league-france-face-belgium-as-they-battle-for-top-spot-in-group-a"
"France 24 (EN)";"EN";"2026-10-05";"Evenepoel snatches photo-finish win to clinch European road cycling crown";"https://france24.com/en/sport/20261004-evenepoel-snatches-photo-finish-win-to-clinch-european-road-cycling-crown"
"France 24 (EN)";"EN";"2026-10-05";"Ireland–Israel nations League clash overshadowed by political tensions";"https://france24.com/en/video/20261004-ireland%E2%80%93israel-nations-league-clash-overshadowed-by-political-tensions"
"France 24 (EN)";"EN";"2026-10-05";"No fairytale return for Zidane as Italy hold France at the Stade de France";"https://france24.com/en/tv-shows/sports/20261003-no-fairytale-return-for-zidane-as-italy-hold-france-at-the-stade-de-france"
"France 24 (EN)";"EN";"2026-10-05";"AI companies sign voluntary accord on safety with Trump";"https://france24.com/en/technology/20260929-trump-says-ai-companies-sign-voluntary-accord-on-safety-controls"
"France 24 (EN)";"EN";"2026-10-05";"Rogue AI accessed federal websites, posted user images online, ChatGPT says";"https://france24.com/en/technology/20260926-chatgpt-says-its-rogue-ai-agents-posted-users-images-online-entered-federal-website"
"France 24 (EN)";"EN";"2026-10-05";"It's not malicious, it's indifference: Thousands of books sent to AI woodchipper";"https://france24.com/en/tv-shows/spotlight/20260917-intent-not-malicious-it-s-indifference-thousands-if-not-millions-of-books-sent-to-ai-woodchipper"
"France 24 (EN)";"EN";"2026-10-05";"Schools shuttered as student protests sweep through France";"https://france24.com/en/tv-shows/a-week-in-france/20261005-schools-shuttered-as-student-protests-sweep-through-france"
"France 24 (EN)";"EN";"2026-10-05";"French high school protests: 'Mum if you see this it's for my future'";"https://france24.com/en/tv-shows/press-review/20261005-mum-if-you-see-this-it-s-for-my-future"
"France 24 (EN)";"EN";"2026-10-05";"Rwandan genocide suspect 'hunter' Dafroza Gauthier dies at 72";"https://france24.com/en/africa/20261004-rwandan-genocide-hunter-dafroza-gauthier-dies-at-72"
"France 24 (EN)";"EN";"2026-10-05";"Ethiopian army pushes back Tigrayan rebels";"https://france24.com/en/tv-shows/eye-on-africa/20261002-ethiopian-army-pushes-back-tigrayan-rebels"
"France 24 (EN)";"EN";"2026-10-05";"The week in pictures: Disaster averted on Flydubai flight, French school protests and Bangkok floods";"https://france24.com/en/middle-east/20261004-the-week-in-pictures-disaster-averted-flydubai-flight-french-school-protests-and-bangkok-floods"
"France 24 (EN)";"EN";"2026-10-05";"Flavio Bolsonaro: A profile of Brazil's potential president";"https://france24.com/en/tv-shows/spotlight/20261004-a-profile-of-brazil-s-potential-president"
"France 24 (EN)";"EN";"2026-10-05";"North Korea launches ballistic missile as tensions with Seoul grow over border mine blasts";"https://france24.com/en/asia-pacific/20261003-north-korea-fires-ballistic-missile-after-seoul-s-apology-demand"
"France 24 (EN)";"EN";"2026-10-05";"Thailand floods: At least 8 die, thousands move to shelters";"https://france24.com/en/video/20260928-thailand-floods-at-least-8-die-thousands-move-to-shelters"
"France 24 (EN)";"EN";"2026-10-05";"Transforming Payments in the DRC: A Leap Towards a Digital Future";"https://france24.com/en/sponsored-content/20250923-transforming-payments-in-the-drc-a-leap-towards-a-digital-future"
"France 24 (EN)";"EN";"2026-10-05";"Africa's $88 billion solutions: How ATAF fights illicit financial flows";"https://france24.com/en/sponsored-content/20250108-africa-s-88-billion-solutions-how-ataf-fights-illicit-financial-flows"
"France 24 (EN)";"EN";"2026-10-05";"Burundi: innovative solutions to fight stunting in children";"https://france24.com/en/sponsored-content/20240122-burundi-innovative-solutions-to-fight-stunting-in-children"
"France 24 (EN)";"EN";"2026-10-05";"Child malnutrition in Burundi: concrete actions to help children";"https://france24.com/en/sponsored-content/20231215-child-malnutrition-in-burundi-concrete-actions-to-help-children"
"France 24 (EN)";"EN";"2026-10-05";"Interview of Anthony Ginter, President & CEO - WEO";"https://france24.com/en/sponsored-content/20230911-interview-of-anthony-ginter-president-ceo-weo"
"France 24 (EN)";"EN";"2026-10-05";"2026";"https://france24.com/en/archives/2026/01/"
"France 24 (EN)";"EN";"2026-10-05";"2025";"https://france24.com/en/archives/2025/01/"
"France 24 (EN)";"EN";"2026-10-05";"2024";"https://france24.com/en/archives/2024/01/"
"France 24 (EN)";"EN";"2026-10-05";"2023";"https://france24.com/en/archives/2023/01/"
"France 24 (EN)";"EN";"2026-10-05";"2022";"https://france24.com/en/archives/2022/01/"
"France 24 (EN)";"EN";"2026-10-05";"2021";"https://france24.com/en/archives/2021/01/"
"France 24 (EN)";"EN";"2026-10-05";"2020";"https://france24.com/en/archives/2020/01/"
"Le Monde (FR)";"FR";"2026-10-05";"Le Monde’s app";"https://www.lemonde.fr/en/about-us/article/2023/09/06/le-monde-in-english-now-available-on-our-mobile-app_6125308_115.html"
"Le Monde (FR)";"FR";"2026-10-05";"Why French high schoolers are protesting, and why their movement is already historic";"https://www.lemonde.fr/en/france/article/2026/10/05/why-french-high-schoolers-are-protesting-and-why-their-movement-is-already-historic_6758257_7.html"
"Le Monde (FR)";"FR";"2026-10-05";"Hundreds of French high schools stay shut Monday over protests";"https://www.lemonde.fr/en/france/article/2026/10/05/hundreds-of-french-high-schools-shut-over-protests_6758258_7.html"
"Le Monde (FR)";"FR";"2026-10-05";"French high schooler: 'Our protests are not a sign of an uncontrollable teenage crisis, but of anger that has been suppressed for too long'";"https://www.lemonde.fr/en/opinion/article/2026/10/05/french-high-schooler-our-protests-are-not-a-sign-of-an-uncontrollable-teenage-crisis-but-of-anger-that-has-been-suppressed-for-too-long_6758261_23.html"
"Le Monde (FR)";"FR";"2026-10-05";"'Lula paid the price for voters' discontent': Flavio Bolsonaro leads in first round of Brazil election";"https://www.lemonde.fr/en/international/article/2026/10/05/lula-paid-the-price-for-voters-discontent-flavio-bolsonaro-leads-in-first-round-of-brazil-election_6758255_4.html"
"Le Monde (FR)";"FR";"2026-10-05";"Nobel Prize in medicine awarded to trio for optogenetics work";"https://www.lemonde.fr/en/health/article/2026/10/05/nobel-prize-in-medicine-awarded-to-trio-for-optogenetics-work_6758259_14.html"
"Le Monde (FR)";"FR";"2026-10-05";"Spanish PM Sanchez announces early election in November";"https://www.lemonde.fr/en/international/article/2026/10/05/spanish-pm-sanchez-announces-early-election-in-november_6758253_4.html"
"Le Monde (FR)";"FR";"2026-10-05";"'The racist, xenophobic and antisemitic remarks regularly made within the RN have not tarnished the party's image'";"https://www.lemonde.fr/en/opinion/article/2026/10/05/racist-xenophobic-and-antisemitic-remarks-that-are-regularly-made-within-the-far-right-rassemblement-national-have-failed-to-tarnish-the-party-s-image_6758250_23.html"
"Le Monde (FR)";"FR";"2026-10-05";"'What is happening to the Kennedy Center was once unimaginable, but it can happen in Europe'";"https://www.lemonde.fr/en/opinion/article/2026/10/05/what-is-happening-to-the-kennedy-center-was-once-unimaginable-but-it-can-happen-in-europe_6758249_23.html"
"Le Monde (FR)";"FR";"2026-10-05";"Two men die trying to cross Channel to UK";"https://www.lemonde.fr/en/france/article/2026/10/05/two-men-die-trying-to-cross-channel-to-uk_6758256_7.html"
"Le Monde (FR)";"FR";"2026-10-05";"Persistent drought puts pressure on France's drinking water networks";"https://www.lemonde.fr/en/environment/article/2026/10/05/persistent-drought-puts-pressure-on-france-s-drinking-water-networks_6758251_114.html"
"Le Monde (FR)";"FR";"2026-10-05";"Jean Pisani-Ferry: 'Markets want fiscal responsibility, not austerity'";"https://www.lemonde.fr/en/opinion/article/2026/10/05/jean-pisani-ferry-markets-want-fiscal-responsibility-not-austerity_6758247_23.html"
"Le Monde (FR)";"FR";"2026-10-05";"US removes bombers from British airbase involved in suspicious incident";"https://www.lemonde.fr/en/international/article/2026/10/05/us-removes-bombers-from-british-airbase-involved-in-suspicious-incident_6758252_4.html"
"Le Monde (FR)";"FR";"2026-10-05";"Indian opposition demands election chief's resignation ahead of top court hearing";"https://www.lemonde.fr/en/international/article/2026/10/04/indians-protest-election-chief-ahead-of-top-court-hearing_6758244_4.html"
"Le Monde (FR)";"FR";"2026-10-05";"'It would have been easier to have lost a leg': A former soldier's internal war with PTSD";"https://www.lemonde.fr/en/m-le-mag/article/2026/10/04/it-would-have-been-easier-to-have-lost-a-leg-a-former-soldier-s-internal-war-with-ptsd_6758234_117.html"
"Le Monde (FR)";"FR";"2026-10-05";"Estonia trains children to operate drones in response to Russian threat";"https://www.lemonde.fr/en/international/article/2026/10/04/estonia-trains-children-to-operate-drones-in-response-to-russian-threat_6758224_4.html"
"Le Monde (FR)";"FR";"2026-10-05";"Israel says killed Turkish NGO director in Gaza strike";"https://www.lemonde.fr/en/international/article/2026/10/05/israel-says-killed-turkish-ngo-director-in-gaza-strike_6758246_4.html"
"Le Monde (FR)";"FR";"2026-10-05";"In search of the scent 'that smells like sex'";"https://www.lemonde.fr/en/intimacy/article/2026/10/04/in-search-of-the-scent-that-smells-like-sex_6758240_310.html"
"Le Monde (FR)";"FR";"2026-10-05";"A look inside France's industrial fly and mealworm farms: 'Raising insects is not just a fad'";"https://www.lemonde.fr/en/environment/article/2026/10/04/a-look-inside-france-s-industrial-fly-and-mealworm-farms-raising-insects-is-not-just-a-fad_6758241_114.html"
"Le Monde (FR)";"FR";"2026-10-05";"What would happen if Florida stopped vaccinating children against measles?";"https://www.lemonde.fr/en/science/article/2026/10/04/what-would-happen-if-florida-stopped-vaccinating-children-against-measles_6758233_10.html"
"Le Monde (FR)";"FR";"2026-10-05";"US execution survivor Christa Pike critically ill, on ventilator";"https://www.lemonde.fr/en/international/article/2026/10/04/us-execution-survivor-christa-pike-critically-ill-on-ventilator_6758242_4.html"
"Le Monde (FR)";"FR";"2026-10-05";"Investigation   Anna Koriagina Subscribers onlyAnastasiia Yasagashvili, the Ukrainian collaborator who betrayed her family to the Russians  Sentenced to 15 years in prison for high treason, Anastasiia Yasagashvili collaborated with Russian forces after her village was occupied, before becoming a double agent. The investigative case file she provided to Le Monde reveals the journey of a young woman who had lost her way, for whom the war became a playground that fueled her love of adventure.    16 min read";"https://www.lemonde.fr/en/international/article/2026/10/03/anastasiia-yasagashvili-the-ukrainian-collaborator-who-betrayed-her-family-to-the-russians_6758211_4.html"
"Le Monde (FR)";"FR";"2026-10-05";"Interview   Pascal Riché Subscribers onlyArancha Gonzalez Laya and Jean Tirole: 'Europe's model is now fighting for its survival'  In an interview with Le Monde, the two experts discuss the shifting global political and economic order and Europe's place and future within it.    10 min read";"https://www.lemonde.fr/en/books/article/2026/10/04/scholar-arancha-gonzalez-laya-and-economist-jean-tirole-europe-s-model-is-now-fighting-for-its-survival_6758228_33.html"
"Le Monde (FR)";"FR";"2026-10-05";"Profile   Gaspard Dhellemmes Subscribers onlyThe profile of Emmanuel Carrère I almost wrote  Journalist Gaspard Dhellemmes has attempted multiple times to profile the French star writer, a prominent figure in the so-called 'literature of the real.' He has yet to succeed.    8 min read";"https://www.lemonde.fr/en/m-le-mag/article/2026/10/03/the-profile-of-emmanuel-carrere-i-almost-wrote_6758206_117.html"
"Le Monde (FR)";"FR";"2026-10-05";"Editorial French high school protests: Authorities should have listened to students first   Le Monde";"https://www.lemonde.fr/en/opinion/article/2026/10/02/french-high-school-protests-authorities-should-have-listened-to-students-first_6758174_23.html"
"Le Monde (FR)";"FR";"2026-10-05";"Editorial US midterms serve as a test for democracy   Le Monde";"https://www.lemonde.fr/en/opinion/article/2026/10/03/us-midterms-serve-as-a-test-for-democracy_6758220_23.html"
"Le Monde (FR)";"FR";"2026-10-05";"Column Subscribe'First surrender, then negotiation. These are Moscow's words'      Alain Frachon Columnist";"https://www.lemonde.fr/en/opinion/article/2026/10/02/war-in-ukraine-first-surrender-then-negotiation-these-are-moscow-s-words_6758165_23.html"
"Le Monde (FR)";"FR";"2026-10-05";"French high school protests: Up to 500 schools to be totally or partly closed Monday";"https://www.lemonde.fr/en/france/article/2026/10/04/french-high-school-protests-up-to-500-schools-to-be-totally-or-partly-closed-monday_6758237_7.html"
"Le Monde (FR)";"FR";"2026-10-05";"Latvian PM Kulbergs' party achieves a historic victory, pushing populists to the margins";"https://www.lemonde.fr/en/international/article/2026/10/04/latvian-pm-kulbergs-party-achieves-a-historic-victory-pushing-populists-to-the-margins_6758235_4.html"
"Le Monde (FR)";"FR";"2026-10-05";"Flavio Bolsonaro edges past Lula as nail-biter Brazil vote goes to a run-off";"https://www.lemonde.fr/en/international/article/2026/10/05/bolsonaro-leads-lula-as-nail-biter-brazil-vote-goes-to-a-run-off_6758248_4.html"
"Le Monde (FR)";"FR";"2026-10-05";"Charte du Groupe";"https://www.lemonde.fr/actualite-medias/article/2010/11/03/la-charte-d-ethique-et-de-deontologie-du-groupe-le-monde_1434737_3236.html"
"Le Monde (FR)";"FR";"2026-10-05";"Group Policy";"https://www.lemonde.fr/en/about-us/article/2022/04/06/groupe-le-monde-s-code-of-ethics-and-professional-conduct_5979823_115.html"
"Le Monde (FR)";"FR";"2026-10-05";"RSS feed";"https://www.lemonde.fr/en/about-us/article/2026/03/27/le-monde-rss-feeds_6751860_115.html"
"RFI Afrique (FR)";"FR";"2026-10-05";"2026";"https://www.rfi.fr/fr/archives/2026/01/"
"RFI Afrique (FR)";"FR";"2026-10-05";"2025";"https://www.rfi.fr/fr/archives/2025/01/"
"RFI Afrique (FR)";"FR";"2026-10-05";"2024";"https://www.rfi.fr/fr/archives/2024/01/"
"RFI Afrique (FR)";"FR";"2026-10-05";"2023";"https://www.rfi.fr/fr/archives/2023/01/"
"RFI Afrique (FR)";"FR";"2026-10-05";"2022";"https://www.rfi.fr/fr/archives/2022/01/"
"RFI Afrique (FR)";"FR";"2026-10-05";"2021";"https://www.rfi.fr/fr/archives/2021/01/"
"RFI Afrique (FR)";"FR";"2026-10-05";"2020";"https://www.rfi.fr/fr/archives/2020/01/"
"RTL (FR)";"FR";"2026-10-05";"Politique";"https://rtl.fr/actu/politique"
"RTL (FR)";"FR";"2026-10-05";"International";"https://rtl.fr/actu/international"
"RTL (FR)";"FR";"2026-10-05";"Justice et faits divers";"https://rtl.fr/actu/justice-faits-divers"
"RTL (FR)";"FR";"2026-10-05";"Conso";"https://rtl.fr/actu/economie-consommation"
"RTL (FR)";"FR";"2026-10-05";"Food";"https://rtl.fr/actu/food"
"RTL (FR)";"FR";"2026-10-05";"Santé";"https://rtl.fr/actu/bien-etre"
"RTL (FR)";"FR";"2026-10-05";"Société";"https://rtl.fr/actu/debats-societe"
"RTL (FR)";"FR";"2026-10-05";"Tech";"https://rtl.fr/actu/sciences-tech"
"RTL (FR)";"FR";"2026-10-05";"Arts Spectacles";"https://rtl.fr/culture/arts-spectacles"
"RTL (FR)";"FR";"2026-10-05";"Ciné Séries";"https://rtl.fr/culture/cine-series"
"RTL (FR)";"FR";"2026-10-05";"Médias et people";"https://rtl.fr/culture/medias-people"
"RTL (FR)";"FR";"2026-10-05";"Musique";"https://rtl.fr/culture/musique"
"RTL (FR)";"FR";"2026-10-05";"Culture Générale";"https://rtl.fr/culture/culture-generale"
"RTL (FR)";"FR";"2026-10-05";"Humour";"https://rtl.fr/culture/humour"
"RTL (FR)";"FR";"2026-10-05";"Histoire";"https://rtl.fr/culture/histoire"
"RTL (FR)";"FR";"2026-10-05";"Football";"https://rtl.fr/sport/football"
"RTL (FR)";"FR";"2026-10-05";"Autres sports";"https://rtl.fr/sport/autres-sports"
"France Inter (FR)";"FR";"2026-10-05";"Paul Belmondo : ""Mon père avait une boulimie de travailler, parce qu'il pensait que ça ne durerait pas""";"https://radiofrance.fr/franceinter/podcasts/le-grand-portrait/le-grand-portrait-du-lundi-05-octobre-2026-7563928"
"France Inter (FR)";"FR";"2026-10-05";"Crise lycéenne, un mouvement incontrôlable";"https://radiofrance.fr/franceinter/podcasts/l-edito-politique/l-edito-politique-du-lundi-05-octobre-2026-7753305"
"France Inter (FR)";"FR";"2026-10-05";"L'Édito politique";"https://radiofrance.fr/franceinter/podcasts/l-edito-politique"
"France Inter (FR)";"FR";"2026-10-05";"""On attend la fête du village pour pouvoir retrouver tout le monde"" : des vies rétrécies par le prix du carburant";"https://radiofrance.fr/franceinter/podcasts/le-grand-reportage-de-france-inter/le-grand-reportage-du-lundi-05-octobre-2026-6658970"
"France Inter (FR)";"FR";"2026-10-05";"Julian Jackson : ""La France était plus prête pour la guerre en 1940 qu'en 1914""";"https://radiofrance.fr/franceinter/podcasts/l-invite-de-8h20-le-grand-entretien/l-invite-de-8h20-le-grand-entretien-du-lundi-05-octobre-2026-8762379"
"France Inter (FR)";"FR";"2026-10-05";"Vous pouvez tous les télécharger : quelles informations inattendues renferment nos jeux de données Facebook";"https://radiofrance.fr/franceinter/podcasts/nos-vies-numeriques/nos-vies-numeriques-du-lundi-05-octobre-2026-4421178"
"France Inter (FR)";"FR";"2026-10-05";"Soutien financier au Hamas et corruption présumée de proches de Netanyahou, enquête sur l’action secrète du Qatar";"https://radiofrance.fr/franceinter/podcasts/revelations/revelations-partie-2-du-dimanche-04-octobre-2026-3383552"
"France Inter (FR)";"FR";"2026-10-05";"Jane Fonda : ""Aujourd'hui, nous affrontons deux crises existentielles, la crise de la démocratie et la crise du climat""";"https://radiofrance.fr/franceinter/podcasts/le-grand-portrait/le-grand-portrait-du-mardi-29-septembre-2026-8766567"
"France Inter (FR)";"FR";"2026-10-05";"Patrick Modiano pour son nouveau livre ""L'Éléphant"" : ""Il fallait continuer d'écrire""";"https://radiofrance.fr/franceinter/podcasts/totemic/totemic-du-vendredi-02-octobre-2026-4410215"
"France Inter (FR)";"FR";"2026-10-05";"Le Masque et Patrick Modiano";"https://radiofrance.fr/franceinter/podcasts/serie-le-masque-et-patrick-modiano"
"France Inter (FR)";"FR";"2026-10-05";"""Des documents authentiques"" : Mediapart révèle les dessous de son enquête sur Jordan Bardella";"https://radiofrance.fr/franceinter/podcasts/l-info-de-france-inter/des-documents-authentiques-mediapart-revele-les-dessous-de-son-enquete-sur-jordan-bardella-7718987"
"France Inter (FR)";"FR";"2026-10-05";"Ryad Rani, président-lycéen déterminé";"https://radiofrance.fr/franceinter/podcasts/le-visage-de-la-semaine/le-visage-de-la-semaine-du-vendredi-02-octobre-2026-9965139"
"France Inter (FR)";"FR";"2026-10-05";"Cyberattaques : pourquoi la France est si vulnérable";"https://radiofrance.fr/franceinter/podcasts/revelations/revelations-partie-1-du-dimanche-04-octobre-2026-1048148"
"France Inter (FR)";"FR";"2026-10-05";"""Personne ne dort plus, on est super anxieux"" : tension maximale au Brésil avant le premier tour de la présidentielle";"https://radiofrance.fr/franceinter/podcasts/l-info-de-france-inter/personne-ne-dort-plus-on-est-super-anxieux-tension-maximale-au-bresil-avant-le-premier-tour-de-la-presidentielle-9985809"
"France Inter (FR)";"FR";"2026-10-05";"L'info de France Inter";"https://radiofrance.fr/franceinter/podcasts/les-documents-france-inter"
"France Inter (FR)";"FR";"2026-10-05";"L'enquête sur le vol Fly Dubaï s'oriente vers un acte terroriste";"https://radiofrance.fr/franceinter/podcasts/l-info-de-france-inter/l-enquete-sur-le-vol-fly-dubai-s-oriente-vers-un-acte-terroriste-2037441"
"France Inter (FR)";"FR";"2026-10-05";"Qui va payer les dégâts causés par les manifestations lycéennes ?";"https://radiofrance.fr/franceinter/podcasts/l-info-de-france-inter/qui-va-payer-les-degats-causes-par-les-manifestations-lyceennes-2277807"
"France Inter (FR)";"FR";"2026-10-05";"Yvon Manac'h, proviseur en Haute-Garonne, et Richard Commeau, proviseur à Clermont Ferrand";"https://radiofrance.fr/franceinter/podcasts/l-invite-du-13-14/l-invite-du-13-14-du-vendredi-02-octobre-2026-9887044"
"France Inter (FR)";"FR";"2026-10-05";"L'invité du 13/14";"https://radiofrance.fr/franceinter/podcasts/l-invite-du-13h00"
"France Inter (FR)";"FR";"2026-10-05";"Le journal de 13h";"https://radiofrance.fr/franceinter/podcasts/le-journal-de-13h"
"France Inter (FR)";"FR";"2026-10-05";"""La Maison des os et de la pluie"", de Gabino Iglesias, une sombre histoire de vengeance à Porto Rico";"https://radiofrance.fr/franceinter/podcasts/le-polar-sonne-toujours-2-fois/le-polar-sonne-toujours-2-fois-du-jeudi-17-septembre-2026-2291630"
"France Inter (FR)";"FR";"2026-10-05";"Lilia Hassaine";"https://radiofrance.fr/franceinter/podcasts/rien-ne-s-oppose-a-la-nuit/rien-ne-s-oppose-a-la-nuit-du-lundi-31-aout-2026-3444181"
"France Inter (FR)";"FR";"2026-10-05";"Yannick Haenel : ""La rupture, c'est le début de la vocation""";"https://radiofrance.fr/franceinter/podcasts/le-grand-portrait/le-grand-portrait-du-lundi-07-septembre-2026-9287050"
"France Inter (FR)";"FR";"2026-10-05";"""C'était ça ou mourir"" de Thelyson Orélien, exil et résilience";"https://radiofrance.fr/franceinter/podcasts/le-grand-portrait/le-grand-portrait-du-jeudi-03-septembre-2026-5280607"
"France Inter (FR)";"FR";"2026-10-05";"""Une éclaircie"" de Jean-Baptiste Del Amo : comment son corps a changé son regard sur le monde";"https://radiofrance.fr/franceinter/podcasts/l-invite-de-7h50-du-week-end/l-invite-de-7h50-du-we-du-dimanche-30-aout-2026-2767136"
"France Inter (FR)";"FR";"2026-10-05";"Jean-Philippe Toussaint publie ""La Hantise""";"https://radiofrance.fr/franceinter/podcasts/le-grand-atelier/le-grand-atelier-du-dimanche-30-aout-2026-1560875"
"France Inter (FR)";"FR";"2026-10-05";"Adèle Haenel pour son livre ""Viser juste"" : des mots pour penser le réel";"https://radiofrance.fr/franceinter/podcasts/totemic/totemic-du-vendredi-28-aout-2026-9167302"
"France Inter (FR)";"FR";"2026-10-05";"""À voix haute"" : l'enquête familiale de Polina Panassenko à l'époque de la Russie stalinienne a séduit Le Masque";"https://radiofrance.fr/franceinter/podcasts/le-masque-et-la-plume/a-voix-haute-de-polina-panassenko-2511870"
"France Inter (FR)";"FR";"2026-10-05";"""Ce qui nous frôle sous la surface"" de Colum McCann : le Masque a eu du mal à retenir sa respiration";"https://radiofrance.fr/franceinter/podcasts/le-masque-et-la-plume/ce-qui-nous-frole-sous-la-surface-de-colum-mccann-8357623"
"France Inter (FR)";"FR";"2026-10-05";"Au Brésil, le clan des Bolsonaro prend la tête de l'élection présidentielle au premier tour";"https://radiofrance.fr/franceinter/podcasts/l-info-de-france-inter/au-bresil-le-clan-des-bolsonaro-prend-la-tete-de-l-election-presidentielle-au-premier-tour-7074079"
"France Inter (FR)";"FR";"2026-10-05";"Après le père, Lula peut-il battre un deuxième Bolsonaro ?";"https://radiofrance.fr/franceinter/podcasts/le-18-20-un-jour-dans-le-monde/le-18-20-un-jour-dans-le-monde-du-jeudi-01-octobre-2026-9924553"
"France Inter (FR)";"FR";"2026-10-05";"Le 18/20 · Un jour dans le monde";"https://radiofrance.fr/franceinter/podcasts/un-jour-dans-le-monde"
"France Inter (FR)";"FR";"2026-10-05";"Franc-jeu";"https://radiofrance.fr/franceinter/podcasts/franc-jeu"
"France Inter (FR)";"FR";"2026-10-05";"Le 6/9";"https://radiofrance.fr/franceinter/podcasts/le-6-9"
"France Inter (FR)";"FR";"2026-10-05";"Franche culture";"https://radiofrance.fr/franceinter/podcasts/franche-culture"
"France Inter (FR)";"FR";"2026-10-05";"Les ailes de géant";"https://radiofrance.fr/franceinter/podcasts/les-ailes-de-geant"
"France Inter (FR)";"FR";"2026-10-05";"Recto-Verso";"https://radiofrance.fr/franceinter/podcasts/recto-verso"
"France Inter (FR)";"FR";"2026-10-05";"Le 18/20";"https://radiofrance.fr/franceinter/podcasts/le-18-20"
"France Inter (FR)";"FR";"2026-10-05";"C'est loin mais c'est beau";"https://radiofrance.fr/franceinter/podcasts/c-est-loin-mais-c-est-beau"
"France Inter (FR)";"FR";"2026-10-05";"Le Billet de Thomas Poitevin";"https://radiofrance.fr/franceinter/podcasts/vero-la-gestionnaire-de-communautes"
"France Inter (FR)";"FR";"2026-10-05";"Rien ne s'oppose à la nuit";"https://radiofrance.fr/franceinter/podcasts/rien-ne-s-oppose-a-la-nuit"
"France Inter (FR)";"FR";"2026-10-05";"La chronique de Samuel Jensky";"https://radiofrance.fr/franceinter/podcasts/la-chronique-de-samuel-jensky"
"France Inter (FR)";"FR";"2026-10-05";"La chronique de Camille Tissot";"https://radiofrance.fr/franceinter/podcasts/la-chronique-de-camille-tissot"
"France Inter (FR)";"FR";"2026-10-05";"Nos vies numériques";"https://radiofrance.fr/franceinter/podcasts/nos-vies-numeriques"
"France Inter (FR)";"FR";"2026-10-05";"La Revue de presse";"https://radiofrance.fr/franceinter/podcasts/la-revue-de-presse"
"France Inter (FR)";"FR";"2026-10-05";"Tout va trop vite";"https://radiofrance.fr/franceinter/podcasts/les-histoires-du-monde"
"France Inter (FR)";"FR";"2026-10-05";"Le Billet de Jessé";"https://radiofrance.fr/franceinter/podcasts/la-chronique-de-jesse"
"France Inter (FR)";"FR";"2026-10-05";"L'édito de Dov Alfon";"https://radiofrance.fr/franceinter/podcasts/dov-alfon-en-toute-subjectivite"
"France Inter (FR)";"FR";"2026-10-05";"Soft planète";"https://radiofrance.fr/franceinter/podcasts/soft-planete"
"France Inter (FR)";"FR";"2026-10-05";"Un jeudi soir sur la terre";"https://radiofrance.fr/franceinter/podcasts/un-jeudi-soir-sur-la-terre"
"France Inter (FR)";"FR";"2026-10-05";"Le petit carnet de campagne";"https://radiofrance.fr/franceinter/podcasts/petits-carnets-de-campagne"
"France Inter (FR)";"FR";"2026-10-05";"Chez la belle-famille";"https://radiofrance.fr/franceinter/podcasts/chez-la-belle-famille"
"France Inter (FR)";"FR";"2026-10-05";"Loin des clichés, qui sont les Templiers du Moyen Âge ?";"https://radiofrance.fr/franceinter/podcasts/serie-loin-des-cliches-qui-sont-les-templiers-du-moyen-age"
"France Inter (FR)";"FR";"2026-10-05";"Les Faussaires";"https://radiofrance.fr/franceinter/podcasts/selection-les-faussaires"
"France Inter (FR)";"FR";"2026-10-05";"Le jeune homme qui défiait le Kremlin";"https://radiofrance.fr/franceinter/podcasts/serie-le-jeune-homme-qui-defiait-le-kremlin"
"France Inter (FR)";"FR";"2026-10-05";"Le Masque et Annie Ernaux";"https://radiofrance.fr/franceinter/podcasts/serie-le-masque-et-annie-ernaux"
"France Inter (FR)";"FR";"2026-10-05";"Comment la mode raconte notre histoire ?";"https://radiofrance.fr/franceinter/podcasts/serie-comment-la-mode-raconte-notre-histoire"
"France Inter (FR)";"FR";"2026-10-05";"Charline au Havre";"https://radiofrance.fr/franceinter/podcasts/serie-charline-au-havre"
"France Inter (FR)";"FR";"2026-10-05";"Reines et Rois";"https://radiofrance.fr/franceinter/podcasts/reines-et-rois"
"France Inter (FR)";"FR";"2026-10-05";"""Verity"" : méfiez-vous des apparences";"https://radiofrance.fr/franceinter/podcasts/capture-d-ecrans/capture-d-ecrans-du-vendredi-02-octobre-2026-1840766"
"France Inter (FR)";"FR";"2026-10-05";"Capture d'écrans";"https://radiofrance.fr/franceinter/podcasts/capture-d-ecrans"
"France Inter (FR)";"FR";"2026-10-05";"""Notre Salut"", ""Mémoire de fille"" et ""Le monde à l'endroit"" : les sorties ciné de la semaine";"https://radiofrance.fr/franceinter/podcasts/cine-mercredi/mercredi-cinema-du-mercredi-30-septembre-2026-8341189"
"France Inter (FR)";"FR";"2026-10-05";"Ciné mercredi";"https://radiofrance.fr/franceinter/podcasts/mercredi-cinema"
"France Inter (FR)";"FR";"2026-10-05";"Guerre civile en Birmanie : le récit de l'après-Aung San Suu Kyi";"https://radiofrance.fr/franceinter/podcasts/l-info-de-france-inter/guerre-civile-en-birmanie-le-recit-de-l-apres-aung-san-suu-kyi-4840303"
"France Inter (FR)";"FR";"2026-10-05";"Iyad Ag Ghali, le djihadiste qui défie le Mali";"https://radiofrance.fr/franceinter/podcasts/l-info-de-france-inter/iyad-ag-ghali-le-djihadiste-qui-defile-le-mali-4200074"
"France Inter (FR)";"FR";"2026-10-05";"Poutine, le tsar soviétique";"https://radiofrance.fr/franceinter/podcasts/serie-poutine-le-tsar-sovietique"
"France Inter (FR)";"FR";"2026-10-05";"Alfred Dreyfus, le combat de la République";"https://radiofrance.fr/franceinter/podcasts/serie-alfred-dreyfus-le-combat-de-la-republique"
"France Inter (FR)";"FR";"2026-10-05";"Simone de Beauvoir, itinéraire d'une jeune fille rangée";"https://radiofrance.fr/franceinter/podcasts/serie-simone-de-beauvoir-itineraire-d-une-jeune-fille-rangee"
"France Inter (FR)";"FR";"2026-10-05";"Sigmaringen, le crépuscule des bourreaux";"https://radiofrance.fr/franceinter/podcasts/serie-le-crepuscule-des-bourreaux"
"France Inter (FR)";"FR";"2026-10-05";"Mafia - Meurtres et trahisons : histoires de familles";"https://radiofrance.fr/franceinter/podcasts/serie-mafia-meurtres-et-trahisons-histoires-de-familles"
"France Inter (FR)";"FR";"2026-10-05";"Musique !";"https://radiofrance.fr/franceinter/podcasts/serie-musique"
"France Inter (FR)";"FR";"2026-10-05";"Cache-cache";"https://radiofrance.fr/franceinter/podcasts/serie-cache-cache"
"France Inter (FR)";"FR";"2026-10-05";"C'est la rentrée des P'tits Bateaux";"https://radiofrance.fr/franceinter/podcasts/serie-c-est-la-rentree-des-p-tits-bateaux"
"France Inter (FR)";"FR";"2026-10-05";"Tina et les boucliers de Mars";"https://radiofrance.fr/franceinter/podcasts/serie-tina-et-les-boucliers-de-mars"
"France Inter (FR)";"FR";"2026-10-05";"Les aventures du professeur Caillou";"https://radiofrance.fr/franceinter/podcasts/les-aventures-du-professeur-caillou"
"France Inter (FR)";"FR";"2026-10-05";"Bestioles, nouveaux épisodes !";"https://radiofrance.fr/franceinter/podcasts/bestioles"
"France Inter (FR)";"FR";"2026-10-05";"Une histoire et... Oli, nouveaux épisodes !";"https://radiofrance.fr/franceinter/podcasts/une-histoire-et-oli"
"France Inter (FR)";"FR";"2026-10-05";"Les Odyssées, nouveaux épisodes !";"https://radiofrance.fr/franceinter/podcasts/les-odyssees"
"France Inter (FR)";"FR";"2026-10-05";"Mini vulgaire : les véhicules";"https://radiofrance.fr/franceinter/podcasts/serie-mini-vulgaire-les-vehicules"
"France Inter (FR)";"FR";"2026-10-05";"Chuchote-moi une histoire";"https://radiofrance.fr/franceinter/podcasts/chuchote-moi-une-histoire"
"France Inter (FR)";"FR";"2026-10-05";"L'invité : l'archéologue Gérard Coulon";"https://radiofrance.fr/franceinter/podcasts/affaires-sensibles/affaires-sensibles-l-invite-du-jeudi-01-octobre-2026-3048450"
"France Inter (FR)";"FR";"2026-10-05";"Affaires sensibles";"https://radiofrance.fr/franceinter/podcasts/affaires-sensibles"
"France Inter (FR)";"FR";"2026-10-05";"L'histoire du faussaire Vrain-Lucas - Le récit";"https://radiofrance.fr/franceinter/podcasts/affaires-sensibles/affaires-sensibles-le-recit-du-jeudi-01-octobre-2026-1800870"
"France Inter (FR)";"FR";"2026-10-05";"Vrain-Lucas, le faussaire qui a berné le mathématicien  - L'intégrale";"https://radiofrance.fr/franceinter/podcasts/affaires-sensibles/affaires-sensibles-du-jeudi-01-octobre-2026-1776746"
"France Inter (FR)";"FR";"2026-10-05";"L'invité : Quentin Bruet-Ferréol, écrivain, auteur de ""Dieu est un voleur qui marche dans la nuit"" (Bouquins, 2022)";"https://radiofrance.fr/franceinter/podcasts/affaires-sensibles/affaires-sensibles-l-invite-du-mercredi-30-septembre-2026-9703090"
"France Inter (FR)";"FR";"2026-10-05";"Bestioles";"https://radiofrance.fr/franceinter/podcasts/bestioles"
"France Inter (FR)";"FR";"2026-10-05";"Les concerts d'Inter";"https://radiofrance.fr/franceinter/podcasts/les-concerts-d-inter"
"France Inter (FR)";"FR";"2026-10-05";"Frissons";"https://radiofrance.fr/franceinter/podcasts/frissons"
"France Inter (FR)";"FR";"2026-10-05";"Révélations";"https://radiofrance.fr/franceinter/podcasts/revelations"
"France Inter (FR)";"FR";"2026-10-05";"Afghanistan, le tourisme sans les femmes";"https://radiofrance.fr/franceinter/podcasts/interception/interception-du-dimanche-08-mars-2026-4136320"
"France Inter (FR)";"FR";"2026-10-05";"Taylor Swift, le monde, ma fille et moi";"https://radiofrance.fr/franceinter/podcasts/taylor-swift-le-monde-ma-fille-et-moi"
"France Inter (FR)";"FR";"2026-10-05";"Les déportés";"https://radiofrance.fr/franceinter/podcasts/serie-les-deportes"
"France Inter (FR)";"FR";"2026-10-05";"Etats-Unis : ce pays qui marie ses enfants";"https://radiofrance.fr/franceinter/podcasts/interception/interception-du-dimanche-05-mars-2023-8505277"
"France Inter (FR)";"FR";"2026-10-05";"Sur les traces d'Ousmane Dembélé";"https://radiofrance.fr/franceinter/podcasts/serie-sur-les-traces-d-ousmane-dembele"
"France Inter (FR)";"FR";"2026-10-05";"Collégiennes à vendre";"https://radiofrance.fr/franceinter/podcasts/interception/interception-du-dimanche-12-octobre-2025-2574397"
"France Inter (FR)";"FR";"2026-10-05";"Ménopause, contraception, endométriose : que penser des traitements hormonaux ?";"https://radiofrance.fr/franceinter/podcasts/grand-bien-vous-fasse/grand-bien-vous-fasse-du-lundi-05-octobre-2026-7970799"
"France Inter (FR)";"FR";"2026-10-05";"Grand bien vous fasse !";"https://radiofrance.fr/franceinter/podcasts/grand-bien-vous-fasse"
"France Inter (FR)";"FR";"2026-10-05";"Les enquêtes journalistiques reposent-elles sur des ""taupes"", du ""feuilletonnage"" et de la ""barbouzerie"" ?";"https://radiofrance.fr/franceinter/podcasts/le-debat/le-debat-de-la-grand-matinale-du-lundi-05-octobre-2026-5295990"
"France Inter (FR)";"FR";"2026-10-05";"Le débat";"https://radiofrance.fr/franceinter/podcasts/le-debat-du-7-10"
"France Inter (FR)";"FR";"2026-10-05";"Revue de presse : sécheresse, viande de chien et Stallone";"https://radiofrance.fr/franceinter/podcasts/la-revue-de-presse/la-revue-de-presse-du-lundi-05-octobre-2026-2328808"
"France Inter (FR)";"FR";"2026-10-05";"""Les journées les plus longues d'Europe"" : les emplois du temps, point de blocage majeur pour les lycéens mobilisés";"https://radiofrance.fr/franceinter/podcasts/l-info-de-france-inter/les-journees-les-plus-longues-d-europe-les-emplois-du-temps-point-de-blocage-majeur-pour-les-lyceens-mobilises-7810416"
"France Inter (FR)";"FR";"2026-10-05";"à Moissac | 1";"https://radiofrance.fr/franceinter/podcasts/le-jeu-des-1-000/le-jeu-des-1000-euros-du-lundi-05-octobre-2026-6474116"
"France Inter (FR)";"FR";"2026-10-05";"Le jeu des 1 000 €";"https://radiofrance.fr/franceinter/podcasts/le-jeu-des-1000"
"France Inter (FR)";"FR";"2026-10-05";"Le déni du RN";"https://radiofrance.fr/franceinter/podcasts/la-chronique-de-mahaut-drama/mahaut-drama-a-midi-10-en-franche-du-lundi-05-octobre-2026-9718377"
"France Inter (FR)";"FR";"2026-10-05";"La chronique de Mahaut Drama";"https://radiofrance.fr/franceinter/podcasts/la-chronique-de-mahaut"
"France Inter (FR)";"FR";"2026-10-05";"Daniel Morin en liberté : Marie Peyraube, cheffe du service PJ chez FI";"https://radiofrance.fr/franceinter/podcasts/daniel-morin-en-liberte/daniel-morin-en-liberte-du-lundi-05-octobre-2026-7144926"
"France Inter (FR)";"FR";"2026-10-05";"Daniel Morin en liberté";"https://radiofrance.fr/franceinter/podcasts/daniel-morin"
"France Inter (FR)";"FR";"2026-10-05";"Sébum et révolution";"https://radiofrance.fr/franceinter/podcasts/la-chronique-de-samuel-jensky/samuel-jensky-la-franche-touch-du-lundi-05-octobre-2026-5919985"
"France Inter (FR)";"FR";"2026-10-05";"Escalade russe contre l’Ukraine : la fuite en avant de Poutine";"https://radiofrance.fr/franceinter/podcasts/geopolitique/geopolitique-du-lundi-05-octobre-2026-3243399"
"France Inter (FR)";"FR";"2026-10-05";"Géopolitique";"https://radiofrance.fr/franceinter/podcasts/geopolitique"
"France Inter (FR)";"FR";"2026-10-05";"Médecine Castor : restaurer les rivières en imitant les castors";"https://radiofrance.fr/franceinter/podcasts/carnets-de-campagne/carnets-de-campagne-du-lundi-05-octobre-2026-6664860"
"France Inter (FR)";"FR";"2026-10-05";"Carnets de campagne";"https://radiofrance.fr/franceinter/podcasts/carnets-de-campagne"
"France Inter (FR)";"FR";"2026-10-05";"L'Invité de 8h20 : le grand entretien";"https://radiofrance.fr/franceinter/podcasts/l-invite-de-8h20-le-grand-entretien"
"France Inter (FR)";"FR";"2026-10-05";"Taux d'intérêt, les 5% en vue";"https://radiofrance.fr/franceinter/podcasts/l-edito-eco/l-edito-eco-du-lundi-05-octobre-2026-5942020"
"France Inter (FR)";"FR";"2026-10-05";"L'Édito éco";"https://radiofrance.fr/franceinter/podcasts/l-edito-eco"
"France Inter (FR)";"FR";"2026-10-05";"Le Grand reportage de France Inter";"https://radiofrance.fr/franceinter/podcasts/le-zoom-de-la-redaction"
"France Inter (FR)";"FR";"2026-10-05";"Chasse : alouette, je te plumerai";"https://radiofrance.fr/franceinter/podcasts/debout-la-terre/debout-la-terre-du-lundi-05-octobre-2026-4651478"
"France Inter (FR)";"FR";"2026-10-05";"Debout la Terre";"https://radiofrance.fr/franceinter/podcasts/la-lutte-enchantee"
"France Inter (FR)";"FR";"2026-10-05";"Les révélations de Mediapart sur les propos de Jordan Bardella";"https://radiofrance.fr/franceinter/podcasts/conversation/la-conversation-du-dimanche-04-octobre-2026-3123890"
"France Inter (FR)";"FR";"2026-10-05";"Conversation";"https://radiofrance.fr/franceinter/podcasts/conversation"
"France Inter (FR)";"FR";"2026-10-05";"Dans les jardins de Jean-Marie Pelt du dimanche 04 octobre 2026";"https://radiofrance.fr/franceinter/podcasts/dans-les-jardins-de-jean-marie-pelt/dans-les-jardins-de-jean-marie-pelt-du-dimanche-04-octobre-2026-9975145"
"France Inter (FR)";"FR";"2026-10-05";"Dans les jardins de Jean-Marie Pelt";"https://radiofrance.fr/franceinter/podcasts/dans-les-jardins-de-jean-marie-pelt"
"France Inter (FR)";"FR";"2026-10-05";"C'est loin mais c'est Beaufort, en Savoie";"https://radiofrance.fr/franceinter/podcasts/c-est-loin-mais-c-est-beau/c-est-loin-mais-c-est-beau-du-lundi-05-octobre-2026-5343421"
"France Inter (FR)";"FR";"2026-10-05";"Le Grand portrait";"https://radiofrance.fr/franceinter/podcasts/l-invite-de-9h10"
"France Inter (FR)";"FR";"2026-10-05";"""Même les failles laissent passer la lumière"" de Célia Samba : l'illettrisme éclairé par une héroïne bouleversante";"https://radiofrance.fr/franceinter/podcasts/la-bibliotheque-des-ados/la-bibliotheque-des-ados-du-lundi-05-octobre-2026-4572534"
"France Inter (FR)";"FR";"2026-10-05";"La bibliothèque des ados";"https://radiofrance.fr/franceinter/podcasts/la-bibliotheque-des-ados"
"France Inter (FR)";"FR";"2026-10-05";"Pourquoi il faut apprendre des choses ?";"https://radiofrance.fr/franceinter/podcasts/les-p-tits-bateaux/les-p-tits-bateaux-du-dimanche-04-octobre-2026-3185274"
"France Inter (FR)";"FR";"2026-10-05";"Les P'tits Bateaux";"https://radiofrance.fr/franceinter/podcasts/les-p-tits-bateaux"
"France Inter (FR)";"FR";"2026-10-05";"Est-ce que Louis XIV prenait son petit déjeuner au lit et qu’est-ce qu’il mangeait en général ?";"https://radiofrance.fr/franceinter/podcasts/les-p-tits-bateaux/les-p-tits-bateaux-du-dimanche-04-octobre-2026-8982630"
"France Inter (FR)";"FR";"2026-10-05";"Assistants sexuels pour personnes handicapées : la fin du tabou ?";"https://radiofrance.fr/franceinter/podcasts/le-grand-reportage-de-france-inter/le-grand-reportage-du-jeudi-01-octobre-2026-1836469"
"France Inter (FR)";"FR";"2026-10-05";"""Le névrosé a laissé sa place au dépressif"", affirment l'analyste Jérôme Fourquet et le psychologue Ruben Rabinovitch";"https://radiofrance.fr/franceinter/podcasts/l-invite-de-8h20-le-grand-entretien/l-invite-de-8h20-le-grand-entretien-du-mercredi-30-septembre-2026-8803719"
"France Inter (FR)";"FR";"2026-10-05";"Nadir Hifi, au basket ""rien ne me fait peur""";"https://radiofrance.fr/franceinter/podcasts/nouvelles-tetes/nouvelles-tetes-du-lundi-05-octobre-2026-7691989"
"France Inter (FR)";"FR";"2026-10-05";"Nouvelles têtes";"https://radiofrance.fr/franceinter/podcasts/nouvelles-tetes"
"France Inter (FR)";"FR";"2026-10-05";"À SQY Ping, le parasport au quotidien : Pascal Dubois, ""C’est la petite balle qui nous réunit""";"https://radiofrance.fr/franceinter/podcasts/esprit-sport/esprit-sport-du-lundi-05-octobre-2026-8372930"
"France Inter (FR)";"FR";"2026-10-05";"Esprit sport";"https://radiofrance.fr/franceinter/podcasts/esprit-sport"
"France Inter (FR)";"FR";"2026-10-05";"La NBA vers un rapprochement avec l'Euroleague : l'idée séduit Tony Parker";"https://radiofrance.fr/franceinter/podcasts/l-info-de-france-inter/la-nba-vers-un-rapprochement-avec-l-euroleague-l-idee-seduit-tony-parker-5779945"
"France Inter (FR)";"FR";"2026-10-05";"Le rock à l’âge de la retraite";"https://radiofrance.fr/franceinter/podcasts/la-chronique-de-christophe-conte/christophe-conte-l-ami-de-la-franche-du-lundi-05-octobre-2026-2688886"
"France Inter (FR)";"FR";"2026-10-05";"La chronique de Christophe Conte";"https://radiofrance.fr/franceinter/podcasts/la-chronique-de-christophe-conte"
"France Inter (FR)";"FR";"2026-10-05";"Loin des clichés, qui étaient les Templiers du Moyen Âge ?";"https://radiofrance.fr/franceinter/podcasts/le-fil-de-l-histoire/le-fil-de-l-histoire-du-dimanche-04-octobre-2026-7517992"
"France Inter (FR)";"FR";"2026-10-05";"Le Fil de l'histoire";"https://radiofrance.fr/franceinter/podcasts/le-fil-de-l-histoire"
"France Culture (FR)";"FR";"2026-10-05";"Polluants éternels, microplastiques : quels sont leurs effets sur la santé ?";"https://radiofrance.fr/franceculture/podcasts/les-chantiers-de-la-recherche/polluants-eternels-micro-plastiques-quels-sont-leurs-effets-sur-la-sante-2999996"
"France Culture (FR)";"FR";"2026-10-05";"L'""aura"" des réseaux sociaux dans la mobilisation lycéenne";"https://radiofrance.fr/franceculture/podcasts/un-monde-connecte/l-aura-des-reseaux-sociaux-dans-la-mobilisation-lyceenne-8697135"
"France Culture (FR)";"FR";"2026-10-05";"Un monde connecté";"https://radiofrance.fr/franceculture/podcasts/planete-connectee"
"France Culture (FR)";"FR";"2026-10-05";"Brésil : les blessures d’une démocratie";"https://radiofrance.fr/franceculture/podcasts/serie-bresil-les-blessures-d-une-democratie"
"France Culture (FR)";"FR";"2026-10-05";"Gadi Eisenkot, le général qui défie Netanyahou";"https://radiofrance.fr/franceculture/podcasts/serie-gadi-eisenkot-le-general-qui-defie-netanyahou"
"France Culture (FR)";"FR";"2026-10-05";"""Le Grand Monde"" de Pierre Lemaitre";"https://radiofrance.fr/franceculture/podcasts/serie-le-grand-monde-de-pierre-lemaitre"
"France Culture (FR)";"FR";"2026-10-05";"Ukraine : les frappes russes s'accentuent sur Kiev et touchent ses ponts";"https://radiofrance.fr/franceculture/podcasts/la-revue-de-presse-internationale/la-revue-de-presse-internationale-emission-du-lundi-05-octobre-2026-8148614"
"France Culture (FR)";"FR";"2026-10-05";"La Revue de presse internationale";"https://radiofrance.fr/franceculture/podcasts/revue-de-presse-internationale"
"France Culture (FR)";"FR";"2026-10-05";"Brésil : la percée électorale de Bolsonaro, une victoire pour Trump ?";"https://radiofrance.fr/franceculture/podcasts/les-enjeux-internationaux/au-bresil-une-election-presidentielle-sous-surveillance-de-trump-8005109"
"France Culture (FR)";"FR";"2026-10-05";"Les Enjeux internationaux";"https://radiofrance.fr/franceculture/podcasts/les-enjeux-internationaux"
"France Culture (FR)";"FR";"2026-10-05";"Budget : combien vont rapporter les repentis fiscaux ?";"https://radiofrance.fr/franceculture/podcasts/le-journal-de-l-eco/budget-combien-vont-rapporter-les-repentis-fiscaux-5849784"
"France Culture (FR)";"FR";"2026-10-05";"Le Journal de l'éco";"https://radiofrance.fr/franceculture/podcasts/le-journal-de-l-eco"
"France Culture (FR)";"FR";"2026-10-05";"Les bibliothécaires, ""intermédiaires culturels"" discrets dans la chaîne du livre";"https://radiofrance.fr/franceculture/podcasts/l-info-culturelle-reportages-enquetes-analyses/des-bibliothecaires-qui-ont-change-au-fil-du-temps-2772357"
"France Culture (FR)";"FR";"2026-10-05";"L'Info culturelle : reportages, enquêtes, analyses";"https://radiofrance.fr/franceculture/podcasts/l-actualite-culturelle-reportages-enquetes-analyses"
"France Culture (FR)";"FR";"2026-10-05";"Blocus des lycées : 413 établissements perturbés ce lundi matin";"https://radiofrance.fr/franceculture/podcasts/journal-de-12h30/journal-de-12h30-du-lundi-05-octobre-2026-1508918"
"France Culture (FR)";"FR";"2026-10-05";"Journal de 12h30";"https://radiofrance.fr/franceculture/podcasts/journal-de-12h30"
"France Culture (FR)";"FR";"2026-10-05";"Tuer la mère, sauver sa peau, avec Louise Chennevière";"https://radiofrance.fr/franceculture/podcasts/le-book-club/tuer-la-mere-sauver-sa-peau-avec-louise-chenneviere-3624540"
"France Culture (FR)";"FR";"2026-10-05";"Phœbe Hadjimarkos Clarke, écrivaine : “Il m’est impossible d’écrire un roman sans fantastique déguisé”";"https://radiofrance.fr/franceculture/podcasts/les-midis-de-culture-l-invite-e/phoebe-hadjimarkos-clarke-traverse-les-frontieres-avec-le-livre-des-souterrains-1020724"
"France Culture (FR)";"FR";"2026-10-05";"L'or du démon : rencontre avec Ian McGuire";"https://radiofrance.fr/franceculture/podcasts/mauvais-genres/l-or-du-demon-rencontre-avec-ian-mcguire-9391974"
"France Culture (FR)";"FR";"2026-10-05";"Kae Tempest : retour au roman";"https://radiofrance.fr/franceculture/podcasts/le-book-club/kae-tempest-retour-au-roman-2794282"
"France Culture (FR)";"FR";"2026-10-05";"""Nous aussi"" d'Anne Godard : la force du ""on""";"https://radiofrance.fr/franceculture/podcasts/le-regard-culturel/le-regard-culturel-chronique-du-mercredi-09-septembre-2026-5280197"
"France Culture (FR)";"FR";"2026-10-05";"Antoine Volodine et les 11 romans d'Infernus Johannes : le post-exotisme, bouquet final";"https://radiofrance.fr/franceculture/podcasts/mauvais-genres/operation-volodine-le-post-exotisme-bouquet-final-1076220"
"France Culture (FR)";"FR";"2026-10-05";"""Debout dans tes rêves"" d'Abdellah Taïa, une histoire d'amitié";"https://radiofrance.fr/franceculture/podcasts/le-book-club/promesses-avec-abdellah-taia-4947356"
"France Culture (FR)";"FR";"2026-10-05";"""Mais que fait ce sang sur le pull de Jennifer ?"" de Lucie Rico, ou l’obsession d’une phrase inachevée";"https://radiofrance.fr/franceculture/podcasts/le-book-club/lucie-rico-ou-l-obsession-d-une-phrase-inachevee-4284547"
"France Culture (FR)";"FR";"2026-10-05";"Écrire l’inceste selon Daria Marx dans ""Tuer le vieux""";"https://radiofrance.fr/franceculture/podcasts/les-midis-de-culture/tuer-le-vieux-ecrire-l-inceste-selon-daria-marx-8396852"
"France Culture (FR)";"FR";"2026-10-05";"Premier roman : ""Abdallah Superstar"", un conte électro entre la France et Djibouti";"https://radiofrance.fr/franceculture/podcasts/l-invite-e-des-matins-d-ete/abdallah-superstar-un-conte-electro-entre-la-france-et-djibouti-3189093"
"France Culture (FR)";"FR";"2026-10-05";"Au premier tour des élections au Brésil, le sénateur Flavio Bolsonaro est arrivé en tête devant le président Lula";"https://radiofrance.fr/franceculture/podcasts/journal-de-8-h/journal-de-8h-du-lundi-05-octobre-2026-7058360"
"France Culture (FR)";"FR";"2026-10-05";"Journal de 8 h";"https://radiofrance.fr/franceculture/podcasts/journal-de-8-h"
"France Culture (FR)";"FR";"2026-10-05";"Les Philosophes au pouvoir";"https://radiofrance.fr/franceculture/podcasts/les-philosophes-au-pouvoir"
"France Culture (FR)";"FR";"2026-10-05";"Le Cas de conscience";"https://radiofrance.fr/franceculture/podcasts/le-cas-de-conscience"
"France Culture (FR)";"FR";"2026-10-05";"Grand Angle";"https://radiofrance.fr/franceculture/podcasts/grand-angle-de-plan-large"
"France Culture (FR)";"FR";"2026-10-05";"Classe créative : le manager de la semaine";"https://radiofrance.fr/franceculture/podcasts/classe-creative-le-manager-de-la-semaine"
"France Culture (FR)";"FR";"2026-10-05";"Le Droit d'ailleurs";"https://radiofrance.fr/franceculture/podcasts/le-droit-d-ailleurs"
"France Culture (FR)";"FR";"2026-10-05";"Les Clés de l'enfance";"https://radiofrance.fr/franceculture/podcasts/les-cles-de-l-enfance"
"France Culture (FR)";"FR";"2026-10-05";"Les Mystères des lieux";"https://radiofrance.fr/franceculture/podcasts/les-mysteres-des-lieux"
"France Culture (FR)";"FR";"2026-10-05";"Le Film de la semaine";"https://radiofrance.fr/franceculture/podcasts/le-film-de-la-semaine-de-plan-large"
"France Culture (FR)";"FR";"2026-10-05";"Le Point culture XXL : l'agenda";"https://radiofrance.fr/franceculture/podcasts/le-point-culture-xxl-l-agenda"
"France Culture (FR)";"FR";"2026-10-05";"Au nom du droit";"https://radiofrance.fr/franceculture/podcasts/au-nom-du-droit"
"France Culture (FR)";"FR";"2026-10-05";"Questions du soir : le débat";"https://radiofrance.fr/franceculture/podcasts/le-temps-du-debat"
"France Culture (FR)";"FR";"2026-10-05";"Les Midis de Culture";"https://radiofrance.fr/franceculture/podcasts/les-midis-de-culture"
"France Culture (FR)";"FR";"2026-10-05";"Avec philosophie";"https://radiofrance.fr/franceculture/podcasts/avec-philosophie"
"France Culture (FR)";"FR";"2026-10-05";"Le Point idées : le journal des sciences sociales";"https://radiofrance.fr/franceculture/podcasts/le-point-idees"
"France Culture (FR)";"FR";"2026-10-05";"Les Matins";"https://radiofrance.fr/franceculture/podcasts/les-matins"
"France Culture (FR)";"FR";"2026-10-05";"Questions du soir : l'idée";"https://radiofrance.fr/franceculture/podcasts/l-idee-questions-du-soir"
"France Culture (FR)";"FR";"2026-10-05";"La Science, CQFD";"https://radiofrance.fr/franceculture/podcasts/la-science-cqfd"
"France Culture (FR)";"FR";"2026-10-05";"François d'Assise, la sainteté est un sport de combat";"https://radiofrance.fr/franceculture/podcasts/serie-francois-d-assise-la-saintete-est-un-sport-de-combat"
"France Culture (FR)";"FR";"2026-10-05";"Marx avant ""Le Capital""";"https://radiofrance.fr/franceculture/podcasts/serie-marx-avant-le-capital"
"France Culture (FR)";"FR";"2026-10-05";"Cuicui, meuh, tagada, histoires d'animaux";"https://radiofrance.fr/franceculture/podcasts/serie-cuicui-meuh-tagada-histoires-d-animaux"
"France Culture (FR)";"FR";"2026-10-05";"Parasite(s)";"https://radiofrance.fr/franceculture/podcasts/serie-parasite-s"
"France Culture (FR)";"FR";"2026-10-05";"Chantal Goya, la Mylène Farmer des enfants";"https://radiofrance.fr/franceculture/podcasts/serie-chantal-goya-la-mylene-farmer-des-enfants"
"France Culture (FR)";"FR";"2026-10-05";"Belgique : l’extrême droite privée de direct";"https://radiofrance.fr/franceculture/podcasts/serie-belgique-l-extreme-droite-privee-de-direct"
"France Culture (FR)";"FR";"2026-10-05";"""Notre salut"" et l'obéissance anticipative";"https://radiofrance.fr/franceculture/podcasts/le-regard-culturel/le-regard-culturel-chronique-du-mercredi-30-septembre-2026-9787753"
"France Culture (FR)";"FR";"2026-10-05";"Le Regard culturel";"https://radiofrance.fr/franceculture/podcasts/la-critique"
"France Culture (FR)";"FR";"2026-10-05";"Religieuses, des histoires de sœurs";"https://radiofrance.fr/franceculture/podcasts/serie-religieuses-des-histoires-de-soeurs"
"France Culture (FR)";"FR";"2026-10-05";"L'Ardèche, le temps des communautés";"https://radiofrance.fr/franceculture/podcasts/serie-l-ardeche-le-temps-des-communautes"
"France Culture (FR)";"FR";"2026-10-05";"Au pays des songes, 2001-2026 (Israël-Palestine, archives oniriques)";"https://radiofrance.fr/franceculture/podcasts/serie-au-pays-des-songes-2001-2026-israel-palestine-archives-oniriques"
"France Culture (FR)";"FR";"2026-10-05";"Les 2Be3 : étoiles filantes";"https://radiofrance.fr/franceculture/podcasts/serie-les-2be3-etoiles-filantes"
"France Culture (FR)";"FR";"2026-10-05";"Verdun 1916, au cœur d'une guerre totale";"https://radiofrance.fr/franceculture/podcasts/serie-verdun-1916-au-coeur-d-une-guerre-totale"
"France Culture (FR)";"FR";"2026-10-05";"La Joconde sort du silence";"https://radiofrance.fr/franceculture/podcasts/serie-la-joconde-sort-du-silence"
"France Culture (FR)";"FR";"2026-10-05";"Troubles dys : des vies à inventer";"https://radiofrance.fr/franceculture/podcasts/serie-troubles-dys-des-vies-a-inventer"
"France Culture (FR)";"FR";"2026-10-05";"Habiba Msika (1903-1930), une artiste libre aux multiples talents";"https://radiofrance.fr/franceculture/podcasts/toute-une-vie/habiba-msika-une-artiste-libre-aux-multiples-talents-6978561"
"France Culture (FR)";"FR";"2026-10-05";"Hans le Malin, le cheval qui savait lire et compter";"https://radiofrance.fr/franceculture/podcasts/serie-hans-le-malin-le-cheval-qui-savait-lire-et-compter"
"France Culture (FR)";"FR";"2026-10-05";"Les ultras de la collaboration";"https://radiofrance.fr/franceculture/podcasts/serie-les-ultras-de-la-collaboration"
"France Culture (FR)";"FR";"2026-10-05";"Catholiques de France, la tentation radicale";"https://radiofrance.fr/franceculture/podcasts/serie-catholiques-de-france-la-tentation-radicale"
"France Culture (FR)";"FR";"2026-10-05";"L'effet chat";"https://radiofrance.fr/franceculture/podcasts/serie-l-effet-chat"
"France Culture (FR)";"FR";"2026-10-05";"La trilogie des ""J'ai trop..."" de David Lescot";"https://radiofrance.fr/franceculture/podcasts/serie-la-trilogie-des-j-ai-trop-de-david-lescot"
"France Culture (FR)";"FR";"2026-10-05";"""Les Malheurs de Sophie, une comédie musicale"" de Sabine Zovighian et Michael Liot - Saison 2";"https://radiofrance.fr/franceculture/podcasts/serie-les-malheurs-de-sophie-une-comedie-musicale-de-sabine-zovighian-et-michael-liot-saison-2"
"France Culture (FR)";"FR";"2026-10-05";"""Le Petit Chaperon rouge"" de Pierre Senges, d’après le conte de Charles Perrault";"https://radiofrance.fr/franceculture/podcasts/fictions-theatre-et-cie/le-petit-chaperon-rouge-concert-fiction-de-pierre-senges-d-apres-le-conte-de-charles-perrault-1991892"
"France Culture (FR)";"FR";"2026-10-05";"Le Trésor de Rackham le Rouge : les Aventures de Tintin";"https://radiofrance.fr/franceculture/podcasts/serie-le-tresor-de-rackham-le-rouge-les-aventures-de-tintin"
"France Culture (FR)";"FR";"2026-10-05";"LSD, la série documentaire";"https://radiofrance.fr/franceculture/podcasts/lsd-la-serie-documentaire"
"France Culture (FR)";"FR";"2026-10-05";"Sur le tournage d'un porno ""éthique""";"https://radiofrance.fr/franceculture/podcasts/les-pieds-sur-terre/sur-le-tournage-d-un-porno-ethique-4896878"
"France Culture (FR)";"FR";"2026-10-05";"Les Pieds sur terre";"https://radiofrance.fr/franceculture/podcasts/les-pieds-sur-terre"
"France Culture (FR)";"FR";"2026-10-05";"La cavale de l'urne électorale";"https://radiofrance.fr/franceculture/podcasts/les-pieds-sur-terre/la-cavale-de-l-urne-electorale-5859915"
"France Culture (FR)";"FR";"2026-10-05";"En trouple";"https://radiofrance.fr/franceculture/podcasts/les-pieds-sur-terre/en-trouple-6905943"
"France Culture (FR)";"FR";"2026-10-05";"Avenue Jean Moulin : Guerchy";"https://radiofrance.fr/franceculture/podcasts/les-pieds-sur-terre/avenue-jean-moulin-1-guerchy-9229685"
"France Culture (FR)";"FR";"2026-10-05";"Héroïne, le temps des seringues";"https://radiofrance.fr/franceculture/podcasts/serie-heroine-le-temps-des-seringues"
"France Culture (FR)";"FR";"2026-10-05";"Même pas mort";"https://radiofrance.fr/franceculture/podcasts/serie-meme-pas-mort"
"France Culture (FR)";"FR";"2026-10-05";"""Les Eloignés"" de Sophie Maurer";"https://radiofrance.fr/franceculture/podcasts/serie-les-eloignes-de-sophie-maurer"
"France Culture (FR)";"FR";"2026-10-05";"Vie de chien";"https://radiofrance.fr/franceculture/podcasts/serie-vie-de-chien"
"France Culture (FR)";"FR";"2026-10-05";"Mes années Boum, une enquête algérienne";"https://radiofrance.fr/franceculture/podcasts/serie-mes-annees-boum-une-enquete-algerienne"
"France Culture (FR)";"FR";"2026-10-05";"Concert-fiction : Blanche-Neige & sortilèges";"https://radiofrance.fr/franceculture/podcasts/fictions-theatre-et-cie/concert-fiction-blanche-neige-sortileges-3143340"
"France Culture (FR)";"FR";"2026-10-05";"Le journal de ma vie";"https://radiofrance.fr/franceculture/podcasts/serie-le-journal-de-ma-vie"
"France Culture (FR)";"FR";"2026-10-05";"""L'Homme invisible"" de H. G. Wells";"https://radiofrance.fr/franceculture/podcasts/serie-l-homme-invisible-de-h-g-wells"
"France Culture (FR)";"FR";"2026-10-05";"""AfficheTonEx"" de Romain Weber et Constance Vilanova";"https://radiofrance.fr/franceculture/podcasts/serie-affichetonex-ecrit-par-romain-weber"
"France Culture (FR)";"FR";"2026-10-05";"Fureurs";"https://radiofrance.fr/franceculture/podcasts/serie-fureurs"
"France Culture (FR)";"FR";"2026-10-05";"Garance : les archives du cinéma français en ligne gratuitement";"https://radiofrance.fr/franceculture/podcasts/le-point-culture/les-midis-de-culture-le-point-culture-emission-du-lundi-05-octobre-2026-3623193"
"France Culture (FR)";"FR";"2026-10-05";"Le Point culture";"https://radiofrance.fr/franceculture/podcasts/affaire-en-cours"
"France Culture (FR)";"FR";"2026-10-05";"""Digger"" : toi, tu creuses";"https://radiofrance.fr/franceculture/podcasts/le-regard-culturel/le-regard-culturel-chronique-du-lundi-05-octobre-2026-5654049"
"France Culture (FR)";"FR";"2026-10-05";"Nobel : la science doit-elle être morale ?";"https://radiofrance.fr/franceculture/podcasts/va-savoir/nobel-la-science-doit-elle-etre-morale-9640066"
"France Culture (FR)";"FR";"2026-10-05";"Va savoir";"https://radiofrance.fr/franceculture/podcasts/va-savoir"
"France Culture (FR)";"FR";"2026-10-05";"Pauline Bayle met en scène la violence dans le Mahabharata";"https://radiofrance.fr/franceculture/podcasts/les-midis-de-culture-l-invite-e/pauline-bayle-met-en-scene-la-violence-dans-le-mahabharata-9428902"
"France Culture (FR)";"FR";"2026-10-05";"Les Midis de Culture : l'invité(e)";"https://radiofrance.fr/franceculture/podcasts/les-midis-de-culture-l-invite"
"France Culture (FR)";"FR";"2026-10-05";"""L'Histoire de Kullervo"" : laboratoire de toute l'œuvre de J.R.R. Tolkien ?";"https://radiofrance.fr/franceculture/podcasts/les-midis-de-culture/l-histoire-de-kullervo-laboratoire-de-toute-l-oeuvre-de-j-r-r-tolkien-4420675"
"France Culture (FR)";"FR";"2026-10-05";"Pavillon de banlieue, l'utopie hors de prix";"https://radiofrance.fr/franceculture/podcasts/cultures-monde/pavillon-de-banlieue-l-utopie-hors-de-prix-8522821"
"France Culture (FR)";"FR";"2026-10-05";"Cultures Monde";"https://radiofrance.fr/franceculture/podcasts/cultures-monde"
"France Culture (FR)";"FR";"2026-10-05";"Afrique médiévale, au cœur des échanges";"https://radiofrance.fr/franceculture/podcasts/le-cours-de-l-histoire/afrique-medievale-au-coeur-des-echanges-5062593"
"France Culture (FR)";"FR";"2026-10-05";"Le Cours de l'histoire";"https://radiofrance.fr/franceculture/podcasts/le-cours-de-l-histoire"
"France Culture (FR)";"FR";"2026-10-05";"Pourquoi l'insulte est-elle injuste ?";"https://radiofrance.fr/franceculture/podcasts/le-pourquoi-du-comment-philo/pourquoi-l-insulte-est-elle-injuste-8755627"
"France Culture (FR)";"FR";"2026-10-05";"Le Pourquoi du comment : philo";"https://radiofrance.fr/franceculture/podcasts/le-pourquoi-du-comment-philo"
"France Culture (FR)";"FR";"2026-10-05";"Qu'est-ce qu'un bon discours ?";"https://radiofrance.fr/franceculture/podcasts/avec-philosophie/qu-est-ce-qu-un-bon-discours-2441638"
"France Culture (FR)";"FR";"2026-10-05";"""Quand le présent gouverne, les jeunes trinquent"" : Pierre Rosanvallon est l'invité des Matins";"https://radiofrance.fr/franceculture/podcasts/l-invite-e-des-matins/dette-colere-lyceenne-y-a-t-il-injustice-entre-les-generations-5407262"
"France Culture (FR)";"FR";"2026-10-05";"L'Invité(e) des Matins";"https://radiofrance.fr/franceculture/podcasts/l-invite-e-des-matins"
"France Culture (FR)";"FR";"2026-10-05";"La forêt de Fontainebleau doit se réinventer plus de deux mois après les incendies";"https://radiofrance.fr/franceculture/podcasts/le-reportage-de-la-redaction/retour-en-foret-de-fontainebleau-plus-de-deux-mois-apres-les-incendies-2898711"
"France Culture (FR)";"FR";"2026-10-05";"Le Reportage de la rédaction";"https://radiofrance.fr/franceculture/podcasts/le-reportage-de-la-redaction"
"France Culture (FR)";"FR";"2026-10-05";"Espagne : une mobilisation citoyenne exemplaire pour sauver la lagune de la Mar Menor";"https://radiofrance.fr/franceculture/podcasts/grand-reportage/espagne-une-mobilisation-citoyenne-exemplaire-pour-sauver-la-lagune-de-la-mar-menor-2948017"
"France Culture (FR)";"FR";"2026-10-05";"Grand Reportage";"https://radiofrance.fr/franceculture/podcasts/grand-reportage"
"France Culture (FR)";"FR";"2026-10-05";"Mouvement lycéen : Jean-Luc Mélenchon est-il prophète ?";"https://radiofrance.fr/franceculture/podcasts/le-billet-politique/mouvement-lyceen-jean-luc-melenchon-est-il-prophete-6824243"
"France Culture (FR)";"FR";"2026-10-05";"Le Billet politique";"https://radiofrance.fr/franceculture/podcasts/le-billet-politique"
"France Culture (FR)";"FR";"2026-10-05";"Métaphysique du merch";"https://radiofrance.fr/franceculture/podcasts/la-carte-postale-de-mathieu-potte-bonneville/metaphysique-du-merch-8224126"
"France Culture (FR)";"FR";"2026-10-05";"La Carte postale de Mathieu Potte-Bonneville";"https://radiofrance.fr/franceculture/podcasts/la-carte-postale-de-mathieu-potte-bonneville"
"France Culture (FR)";"FR";"2026-10-05";"Vive la pistache française !";"https://radiofrance.fr/franceculture/podcasts/les-bonnes-choses/les-bonnes-choses-emission-du-dimanche-04-octobre-2026-7272030"
"France Culture (FR)";"FR";"2026-10-05";"Les Bonnes Choses";"https://radiofrance.fr/franceculture/podcasts/les-bonnes-choses"
"France Culture (FR)";"FR";"2026-10-05";"Baguettes et controverses : l’histoire mouvementée du pain blanc en France";"https://radiofrance.fr/franceculture/podcasts/les-chantiers-de-la-recherche/baguettes-et-controverses-l-histoire-mouvementee-du-pain-blanc-en-france-1442854"
"France Culture (FR)";"FR";"2026-10-05";"Les Chantiers de la recherche";"https://radiofrance.fr/franceculture/podcasts/les-chantiers-de-la-recherche"
"France Culture (FR)";"FR";"2026-10-05";"Palma Bucarelli (1910-1998), la reine de l’art italien";"https://radiofrance.fr/franceculture/podcasts/toute-une-vie/palma-bucarelli-1910-1998-la-reine-de-l-art-italien-3708952"
"France Culture (FR)";"FR";"2026-10-05";"Toute une vie";"https://radiofrance.fr/franceculture/podcasts/toute-une-vie"
"France Culture (FR)";"FR";"2026-10-05";"Féminités dissidentes : la garde-robe de Rosa Bonheur";"https://radiofrance.fr/franceculture/podcasts/allons-y-voir/feminites-dissidentes-la-garde-robe-de-rosa-bonheur-8952453"
"France Culture (FR)";"FR";"2026-10-05";"Allons-y voir !";"https://radiofrance.fr/franceculture/podcasts/allons-y-voir"
"France Culture (FR)";"FR";"2026-10-05";"Bibo, le chef indien juif";"https://radiofrance.fr/franceculture/podcasts/une-histoire-truculente/bibo-le-chef-indien-juif-1314029"
"France Culture (FR)";"FR";"2026-10-05";"Une histoire truculente";"https://radiofrance.fr/franceculture/podcasts/une-histoire-truculente"
"ARTE (FR)";"FR";"2026-10-05";"Guide TV";"https://www.arte.tv/fr/guide/"
"ARTE (FR)";"FR";"2026-10-05";"[Vidéo/Article] Bresil Mon Oncle Bolsonariste";"https://www.arte.tv/fr/videos/134277-000-A/bresil-mon-oncle-bolsonariste/"
"ARTE (FR)";"FR";"2026-10-05";"Présidentielle au BrésilAu cœur d’une famille divisée par le bolsonarismeAu lendemain du premier tour, immersion dans une nation polarisée, où le dialogue semble de plus en plus rompu.Documentaire - 26 min";"https://www.arte.tv/fr/videos/134277-000-A/bresil-mon-oncle-bolsonariste/"
"ARTE (FR)";"FR";"2026-10-05";"Regarder";"https://www.arte.tv/fr/videos/134277-000-A/bresil-mon-oncle-bolsonariste/"
"ARTE (FR)";"FR";"2026-10-05";"Info";"https://www.arte.tv/fr/videos/info-et-societe/"
"ARTE (FR)";"FR";"2026-10-05";"Documentaires";"https://www.arte.tv/fr/videos/documentaires-et-reportages/"
"ARTE (FR)";"FR";"2026-10-05";"Séries";"https://www.arte.tv/fr/videos/series-et-fictions/"
"ARTE (FR)";"FR";"2026-10-05";"Émissions";"https://www.arte.tv/fr/videos/emissions/"
"ARTE (FR)";"FR";"2026-10-05";"Concert";"https://www.arte.tv/fr/videos/135044-000-A/catherine-ringer-chante-les-rita-mitsouko/"
"ARTE (FR)";"FR";"2026-10-05";"Hommage à Catherine RingerSon concert à la Philharmonie de ParisHommage à la légende de la pop hexagonale disparue ce 14 septembre. Replongez dans l'univers des Rita Mitsouko, capté en 2019.101 minConcert";"https://www.arte.tv/fr/videos/135044-000-A/catherine-ringer-chante-les-rita-mitsouko/"
"ARTE (FR)";"FR";"2026-10-05";"Regarder";"https://www.arte.tv/fr/videos/135044-000-A/catherine-ringer-chante-les-rita-mitsouko/"
"ARTE (FR)";"FR";"2026-10-05";"Bande-annonce";"https://www.arte.tv/fr/videos/135044-000-A/?trailer=true"
"ARTE (FR)";"FR";"2026-10-05";"Concert";"https://www.arte.tv/fr/videos/132676-000-A/raye-guests/"
"ARTE (FR)";"FR";"2026-10-05";"Raye & guestsAu Montreux Jazz Festival 2026À l'occasion de la 60e édition du Montreux Jazz Festival, Raye invite sur scène plusieurs stars internationales de la pop.115 minConcertSous-titres. Sous-titresVersion originale. Version originale";"https://www.arte.tv/fr/videos/132676-000-A/raye-guests/"
"ARTE (FR)";"FR";"2026-10-05";"Regarder";"https://www.arte.tv/fr/videos/132676-000-A/raye-guests/"
"ARTE (FR)";"FR";"2026-10-05";"Bande-annonce";"https://www.arte.tv/fr/videos/132676-000-A/?trailer=true"
"ARTE (FR)";"FR";"2026-10-05";"Concert";"https://www.arte.tv/fr/videos/134165-001-A/yael-naim-orange-blossom-et-robinson-khoury/"
"ARTE (FR)";"FR";"2026-10-05";"Les Concerts VolantsNouvelle soirée tout en couleursYael Naim, Orange Blossom et Robinson Khoury : trois univers musicaux métissés pour ce voyage avec les Concerts Volants.94 minConcert";"https://www.arte.tv/fr/videos/134165-001-A/yael-naim-orange-blossom-et-robinson-khoury/"
"ARTE (FR)";"FR";"2026-10-05";"Regarder";"https://www.arte.tv/fr/videos/134165-001-A/yael-naim-orange-blossom-et-robinson-khoury/"
"ARTE (FR)";"FR";"2026-10-05";"Série";"https://www.arte.tv/fr/videos/RC-024574/de-grace/"
"ARTE (FR)";"FR";"2026-10-05";"De grâceAvec Olivier Gourmet et Panayotis PascotUne tragédie familiale dans l’univers des dockers du Havre. Avec Olivier Gourmet.Série";"https://www.arte.tv/fr/videos/RC-024574/de-grace/"
"ARTE (FR)";"FR";"2026-10-05";"Regarder";"https://www.arte.tv/fr/videos/RC-024574/de-grace/"
"ARTE (FR)";"FR";"2026-10-05";"Bande-annonce";"https://www.arte.tv/fr/videos/RC-024574/?trailer=true"
"ARTE (FR)";"FR";"2026-10-05";"Concert";"https://www.arte.tv/fr/videos/133232-004-A/marguerite/"
"ARTE (FR)";"FR";"2026-10-05";"MargueriteLa révélation pop au Cabaret VertRévélée par la Star Academy, Marguerite livre une performance mêlant sensibilité, franchise et espièglerie.52 minConcert";"https://www.arte.tv/fr/videos/133232-004-A/marguerite/"
"ARTE (FR)";"FR";"2026-10-05";"Regarder";"https://www.arte.tv/fr/videos/133232-004-A/marguerite/"
"ARTE (FR)";"FR";"2026-10-05";"Concert";"https://www.arte.tv/fr/videos/133654-000-A/selah-sue-and-the-gallands/"
"ARTE (FR)";"FR";"2026-10-05";"Selah Sue and the GallandsSession en plein air au lac LémanPour sa 60e édition, le Montreux Jazz Festival dévoile une session live d’exception avec Selah Sue & The Gallands. 34 minConcert";"https://www.arte.tv/fr/videos/133654-000-A/selah-sue-and-the-gallands/"
"ARTE (FR)";"FR";"2026-10-05";"Regarder";"https://www.arte.tv/fr/videos/133654-000-A/selah-sue-and-the-gallands/"
"ARTE (FR)";"FR";"2026-10-05";"Votre prochaine série vous attend";"https://www.arte.tv/fr/videos/series-et-fictions/"
"ARTE (FR)";"FR";"2026-10-05";"Voir tout";"https://www.arte.tv/fr/videos/series-et-fictions/"
"ARTE (FR)";"FR";"2026-10-05";"Nos films à l'affiche";"https://www.arte.tv/fr/videos/cinema/"
"ARTE (FR)";"FR";"2026-10-05";"Voir tout";"https://www.arte.tv/fr/videos/cinema/"
"ARTE (FR)";"FR";"2026-10-05";"Les documentaires à ne pas manquer";"https://www.arte.tv/fr/videos/documentaires-et-reportages/"
"ARTE (FR)";"FR";"2026-10-05";"Voir tout";"https://www.arte.tv/fr/videos/documentaires-et-reportages/"
"ARTE (FR)";"FR";"2026-10-05";"Prolongez l'été !";"https://www.arte.tv/fr/videos/RC-028332/prolonger-l-ete/"
"ARTE (FR)";"FR";"2026-10-05";"Voir tout";"https://www.arte.tv/fr/videos/RC-028332/prolonger-l-ete/"
"ARTE (FR)";"FR";"2026-10-05";"Israël : pleins feux sur un pays fracturé";"https://www.arte.tv/fr/videos/RC-028278/"
"ARTE (FR)";"FR";"2026-10-05";"Voir tout";"https://www.arte.tv/fr/videos/RC-028278/"
"ARTE (FR)";"FR";"2026-10-05";"Culture";"https://www.arte.tv/fr/videos/culture-et-pop/"
"ARTE (FR)";"FR";"2026-10-05";"Voir tout";"https://www.arte.tv/fr/videos/culture-et-pop/"
"ARTE (FR)";"FR";"2026-10-05";"Nos émissions en un coup d'œil";"https://www.arte.tv/fr/videos/emissions/"
"ARTE (FR)";"FR";"2026-10-05";"Voir tout";"https://www.arte.tv/fr/videos/emissions/"
"ARTE (FR)";"FR";"2026-10-05";"Histoire";"https://www.arte.tv/fr/videos/histoire/"
"ARTE (FR)";"FR";"2026-10-05";"Voir tout";"https://www.arte.tv/fr/videos/histoire/"
"ARTE (FR)";"FR";"2026-10-05";"Sciences et technologies";"https://www.arte.tv/fr/videos/sciences/"
"ARTE (FR)";"FR";"2026-10-05";"Voir tout";"https://www.arte.tv/fr/videos/sciences/"
"ARTE (FR)";"FR";"2026-10-05";"Les vidéos les plus vues";"https://www.arte.tv/fr/videos/plus-vues/"
"ARTE (FR)";"FR";"2026-10-05";"Voir tout";"https://www.arte.tv/fr/videos/plus-vues/"
"ARTE (FR)";"FR";"2026-10-05";"Catastrophe - Une série british sur les affres du couple";"https://www.arte.tv/fr/videos/RC-027959/catastrophe/"
"ARTE (FR)";"FR";"2026-10-05";"Taxe-moi, si tu peux ! - Les astuces fiscales des super-riches";"https://www.arte.tv/fr/videos/RC-027810/taxe-moi-si-tu-peux/"
"Time Magazine World (EN)";"EN";"2026-10-05";"Democrats in Key Senate Races Embrace 'Capitalist' Label";"https://time.com/article/2026/10/05/democrats-in-key-senate-races-embrace-capitalist-label/"
"Time Magazine World (EN)";"EN";"2026-10-05";"Amid Blue-Wave Panic, GOP Hopeful About New Hampshire";"https://time.com/article/2026/10/05/new-hampshire-blue-wave-republicans-sununu-pappas/"
"Time Magazine World (EN)";"EN";"2026-10-05";"Gambling Is Sending More People to the ER";"https://time.com/article/2026/10/05/gambling-emergency-room-visits/"
"Time Magazine World (EN)";"EN";"2026-10-05";"The Case Against Wearing Headphones in Public";"https://time.com/article/2026/10/05/the-case-against-wearing-headphones-in-public/"
"Time Magazine World (EN)";"EN";"2026-10-05";"Trump Is Promising Health Care Checks Before the Midterms. How Far Will They Go?";"https://time.com/article/2026/10/04/trump-is-promising-health-care-checks-before-the-midterms-how-far-will-they-go-/"
"Time Magazine World (EN)";"EN";"2026-10-05";"The System That Failed Cornell’s Jane Doe";"https://time.com/article/2026/10/02/the-system-that-failed-cornell-jane-doe/"
"Time Magazine World (EN)";"EN";"2026-10-05";"Your 2026 Midterm Elections Voting Guide";"https://time.com/article/2026/09/30/your-questions-about-voting-in-the-2026-midterm-elections-answered/"
"Time Magazine World (EN)";"EN";"2026-10-05";"TIME100 Next 2026";"https://time.com/collection/time100-next/2026/"
"Time Magazine World (EN)";"EN";"2026-10-05";"Walking Faster May Help Reverse Frailty";"https://time.com/article/2026/09/30/walking-briskly-may-help-reverse-frailty/"
"Time Magazine World (EN)";"EN";"2026-10-05";"Flying Doesn’t Have to Be This Miserable";"https://time.com/article/2026/09/29/flying-doesn-t-have-to-be-this-miserable/"
"Time Magazine World (EN)";"EN";"2026-10-05";"'Tip Toe' Captures a World Gone Mad: Review";"https://time.com/article/2026/10/01/tip-toe-review-starz/"
"Time Magazine World (EN)";"EN";"2026-10-05";"The True Story Behind 'Atonement'";"https://time.com/article/2026/09/28/atonement-true-story-iraq-war/"
"Time Magazine World (EN)";"EN";"2026-10-05";"TIME100 Next 2026TIME100 Next 2026";"https://time.com/collection/time100-next/2026/"
"Time Magazine World (EN)";"EN";"2026-10-05";"Swizz Beatz and Alicia Keys";"https://time.com/collection/time100-art/2026/alicia-keys-and-swizz-beatz/"
"Time Magazine World (EN)";"EN";"2026-10-05";"Money Reveals What Kind of Friend You Are";"https://time.com/article/2026/09/28/money-reveals-what-kind-of-friend-you-are/"
"Time Magazine World (EN)";"EN";"2026-10-05";"The Case Against Pacing the AI Frontier";"https://time.com/article/2026/09/28/the-case-against-pacing-the-ai-frontier/"
"Time Magazine World (EN)";"EN";"2026-10-05";"How the War is Changing the Geography of Iran’s Influence";"https://time.com/article/2026/09/29/iran-war-houthis-red-sea-chokepoints-regional-influence/"
"Time Magazine World (EN)";"EN";"2026-10-05";"TIME100 Next 2026: The World's Most Influential Rising Stars";"https://time.com/collection/time100-next/2026/"
"Time Magazine World (EN)";"EN";"2026-10-05";"America’s Health Care Workforce Is in Crisis";"https://time.com/article/2026/10/04/us-health-care-workforce-in-crisis/"
"Time Magazine World (EN)";"EN";"2026-10-05";"What to Know About the Dengue Outbreak in the U.S.";"https://time.com/article/2026/10/02/what-to-know-about-dengue-outbreak-florida-mosquito/"
"Time Magazine World (EN)";"EN";"2026-10-05";"The Next Generation of Weight-Loss Drugs Is Almost Here";"https://time.com/article/2026/10/01/next-generation-of-weight-loss-drugs-is-almost-here/"
"Time Magazine World (EN)";"EN";"2026-10-05";"How to Talk to Your Child About Body Image";"https://time.com/article/2026/09/30/what-to-say-child-body-image/"
"Time Magazine World (EN)";"EN";"2026-10-05";"Children Are Back in School. Measles Is, Too";"https://time.com/article/2026/09/30/children-are-back-in-school-measles-is-too-debra-houry-essay/"
"Time Magazine World (EN)";"EN";"2026-10-05";"How 'East of Eden' Rescues Cathy From Evil";"https://time.com/article/2026/10/02/east-of-eden-netflix-cathy/"
"Time Magazine World (EN)";"EN";"2026-10-05";"The True Story Behind 'The Widower'";"https://time.com/article/2026/09/28/the-widower-thomas-randolph-netflix/"
"Time Magazine World (EN)";"EN";"2026-10-05";"The First Worthwhile 'Carrie' in 50 Years";"https://time.com/article/2026/10/01/carrie-mike-flanagan-review/"
"Time Magazine World (EN)";"EN";"2026-10-05";"The Story of 'The Swan: Behind the Mirror'";"https://time.com/article/2026/09/28/the-swan-behind-the-mirror-true-story/"
"Time Magazine World (EN)";"EN";"2026-10-05";"Tom Cruise Bloviates His Way Through the Aggressively Unfunny Digger";"https://time.com/article/2026/09/29/digger-review/"
"Time Magazine World (EN)";"EN";"2026-10-05";"Awe in the Age of AI";"https://time.com/article/2026/10/02/awe-in-the-age-of-ai/"
"Time Magazine World (EN)";"EN";"2026-10-05";"Why the U.S. Must Simultaneously Compete—and Cooperate—With China on AI";"https://time.com/article/2026/10/01/the-u-s-must-compete-and-cooperate-with-china-on-ai/"
"Time Magazine World (EN)";"EN";"2026-10-05";"How Google Is Quietly Turning Millions of People Into AI Users";"https://time.com/article/2026/09/29/google-search-ai-mode-chat/"
"Time Magazine World (EN)";"EN";"2026-10-05";"The Fight to Rein In AI Is Dividing Washington";"https://time.com/article/2026/09/25/ai-congress-regulation-safety-democrats-republicans/"
"Time Magazine World (EN)";"EN";"2026-10-05";"Trump and Xi Meet Ahead of State Dinner With A.I. Leaders";"https://time.com/article/2026/09/24/Trump-Xi-meeting-White-House-2026-AI-trade-Iran/"
"Time Magazine World (EN)";"EN";"2026-10-05";"AI Arrived at the Worst Possible Moment";"https://time.com/article/2026/09/24/ai-arrived-at-the-worst-possible-moment/"
"Time Magazine World (EN)";"EN";"2026-10-05";"Europe’s Approach to Climate Change Is Entering a New Era";"https://time.com/article/2026/10/02/europe-s-approach-to-climate-is-entering-a-new-era/"
"Time Magazine World (EN)";"EN";"2026-10-05";"How Does Climate Change Impact Nor'easters?";"https://time.com/article/2026/09/25/climate-change-nor-easters/"
"Time Magazine World (EN)";"EN";"2026-10-05";"Everyone's Still Talking About Climate Change, Actually";"https://time.com/article/2026/09/25/new-york-climate-week/"
"Time Magazine World (EN)";"EN";"2026-10-05";"How To Help Pollinators Survive Winter";"https://time.com/article/2026/09/24/fall-yard-cleanup-pollinators-winter/"
"Time Magazine World (EN)";"EN";"2026-10-05";"Why California Declared a State of Emergency Due to El Niño";"https://time.com/article/2026/09/23/california-state-of-emergency-el-nino/"
"Time Magazine World (EN)";"EN";"2026-10-05";"Hurricane Polo Intensifies Off Mexico’s Coast";"https://time.com/article/2026/09/23/hurricane-polo-natural-disaster-el-nino-weather-mexico/"
"Time Magazine World (EN)";"EN";"2026-10-05";"The Past Decade’s Emissions Are Driving Worse Heat Waves in Europe";"https://time.com/article/2026/09/22/emissions-paris-agreement-europe-heat-waves-study/"
"Icilome (FR)";"FR";"2026-10-05";"Togo – L’opposition promet un « dernier avertissement » au régime le 20 novembre";"https://icilome.com/2026/10/togo-lopposition-promet-un-dernier-avertissement-au-regime-le-20-novembre/"
"Icilome (FR)";"FR";"2026-10-05";"Togo – Au siège de la CDPA, la mémoire du 5 octobre comme arme politique";"https://icilome.com/2026/10/togo-au-siege-de-la-cdpa-la-memoire-du-5-octobre-comme-arme-politique/"
"Icilome (FR)";"FR";"2026-10-05";"Togo: L’IA au service du Trésor ou de la poule aux œufs d’or et du panier percé Ohh « boubou-gnats » de ladite 5e République";"https://icilome.com/2026/10/togo-lia-au-service-du-tresor-ou-de-la-poule-aux-oeufs-dor-et-du-panier-perce-ohh-boubou-gnats-de-ladite-5e-republique/"
"Icilome (FR)";"FR";"2026-10-05";"Togo : la diaspora désormais connectée à son ministère";"https://icilome.com/2026/10/togo-la-diaspora-desormais-connectee-a-son-ministere/"
"Icilome (FR)";"FR";"2026-10-05";"Togo- L’ADDI fête ses 35 ans en s’interrogeant sur la place de la jeunesse";"https://icilome.com/2026/10/togo-laddi-fete-ses-35-ans-en-sinterrogeant-sur-la-place-de-la-jeunesse/"
"Icilome (FR)";"FR";"2026-10-05";"Togo – Le  gouvernement se soucie-t-il de sa jeunesse ?";"https://icilome.com/2026/10/togo-le-gouvernement-se-soucie-t-il-de-sa-jeunesse/"
"Icilome (FR)";"FR";"2026-10-05";"Interview du président reconduit à la tête du PPT :  Honoré ADONTUI parle du nouveau défi et lance un appel au gouvernement";"https://icilome.com/2026/10/interview-du-president-reconduit-a-la-tete-du-ppt-honore-adontui-parle-du-nouveau-defi-et-lance-un-appel-au-gouvernement/"
"Icilome (FR)";"FR";"2026-10-05";"Togo – L’opposition appelle à se « ressourcer » à la CDPA ce dimanche";"https://icilome.com/2026/10/togo-lopposition-appelle-a-se-ressourcer-a-la-cdpa-ce-dimanche/"
"Icilome (FR)";"FR";"2026-10-05";"Togo-Russie : Lomé et Moscou élargissent leur partenariat aux mines et à l’énergie";"https://icilome.com/2026/10/togo-russie-lome-et-moscou-elargissent-leur-partenariat-aux-mines-et-a-lenergie/"
"Icilome (FR)";"FR";"2026-10-05";"Togo- Kara : 27 milliards s’ajoutent aux autres milliards déjà investis dans la recherche d’eau potable";"https://icilome.com/2026/10/togo-kara-27-milliards-sajoutent-aux-autres-milliards-deja-investis-dans-la-recherche-deau-potable/"
"Icilome (FR)";"FR";"2026-10-05";"Dr Charles BIRREGAH élu Vice-Président de la Conférence Régionale des Recteurs de l’AUF pour l’Afrique de l’Ouest";"https://icilome.com/2026/10/dr-charles-birregah-elu-vice-president-de-la-conference-regionale-des-recteurs-de-lauf-pour-lafrique-de-louest/"
"Icilome (FR)";"FR";"2026-10-05";"Résumé analytique d’un extrait de l’interview de Yaouza Ouro-Sama";"https://icilome.com/2026/10/resume-analytique-dun-extrait-de-linterview-de-yaouza-ouro-sama/"
"Icilome (FR)";"FR";"2026-10-05";"Togo – Noces de cristal du SYNJIT : hommage aux pionniers et cap sur l’avenir";"https://icilome.com/2026/09/togo-noces-de-cristal-du-synjit-hommage-aux-pionniers-et-cap-sur-lavenir/"
"Icilome (FR)";"FR";"2026-10-05";"Togo – SYNJIT : 15 ans d’engagement syndical, un webinaire pour remobiliser les journalistes togolais";"https://icilome.com/2026/08/togo-synjit-15-ans-dengagement-syndical-un-webinaire-pour-remobiliser-les-journalistes-togolais/"
"Icilome (FR)";"FR";"2026-10-05";"Édito- Au Togo, on n’arrête plus les voleurs, on arrête les vendeurs de journaux";"https://icilome.com/2026/08/edito-au-togo-on-narrete-plus-les-voleurs-on-arrete-les-vendeurs-de-journaux/"
"Icilome (FR)";"FR";"2026-10-05";"Togo- Le PPT dénonce une « caporalisation » de la presse après l’interpellation musclée d’un vendeur de journaux";"https://icilome.com/2026/08/togo-le-ppt-denonce-une-caporalisation-de-la-presse-apres-linterpellation-musclee-dun-vendeur-de-journaux/"
"Icilome (FR)";"FR";"2026-10-05";"Oration On Liberty! Addressed to the People and Governors of Togo";"https://icilome.com/2026/07/oration-on-liberty-addressed-to-the-people-and-governors-of-togo/"
"Icilome (FR)";"FR";"2026-10-05";"Togo- Le SYNJIT prépare ses 15 ans avec de nouvelles cartes de membres";"https://icilome.com/2026/07/togo-le-synjit-prepare-ses-15-ans-avec-de-nouvelles-cartes-de-membres/"
"Icilome (FR)";"FR";"2026-10-05";"Video: Abdoul Aziz Goma Addresses the UN on Repression in Togo";"https://icilome.com/2026/03/video-abdoul-aziz-goma-addresses-the-un-on-repression-in-togo/"
"Icilome (FR)";"FR";"2026-10-05";"Togo – Enquête, pressions et refus de l’exil : le message fort de Roger Amemavoh (Vidéo)";"https://icilome.com/2026/02/togo-enquete-pressions-et-refus-de-lexil-le-message-fort-de-roger-amemavor-video/"
"Icilome (FR)";"FR";"2026-10-05";"Bénin : Le président Talon s’adresse à la nation après la tentative de coup d’État (vidéo)";"https://icilome.com/2025/12/benin-le-president-talon-sadresse-a-la-nation-apres-la-tentative-de-coup-detat-video/"
"Icilome (FR)";"FR";"2026-10-05";"Yves Edoh Agbodjan, alias Togbevi Kpéssé précise les objectifs de la délégation du M66 à New York (Interview)";"https://icilome.com/2025/09/yves-edoh-agbodjan-alias-togbevi-kpesse-precise-les-objectifs-de-la-delegation-du-m66-a-new-york-interview/"
"Icilome (FR)";"FR";"2026-10-05";"Vidéo – Le MO5 rejoint l’appel à la mobilisation du 30 août au Togo";"https://icilome.com/2025/08/video-le-mo5-rejoint-lappel-a-la-mobilisation-du-30-aout-au-togo/"
"Icilome (FR)";"FR";"2026-10-05";"Togo : Paix sans démocratie, se mentir";"https://icilome.com/2026/10/togo-paix-sans-democratie-se-mentir/"
"Icilome (FR)";"FR";"2026-10-05";"Togo – Eau potable : à Kara, la bataille se joue d’abord sur le terrain";"https://icilome.com/2026/10/togo-eau-potable-a-kara-la-bataille-se-joue-dabord-sur-le-terrain/"
"Icilome (FR)";"FR";"2026-10-05";"Togo- Racket : le ministère de la Sécurité ouvre une ligne directe, le 1014";"https://icilome.com/2026/10/togo-racket-le-ministere-de-la-securite-ouvre-une-ligne-directe-le-1014/"
"Icilome (FR)";"FR";"2026-10-05";"Togo- CHU Sylvanus Olympio : à la morgue, les oubliés attendent toujours";"https://icilome.com/2026/10/togo-chu-sylvanus-olympio-a-la-morgue-les-oublies-attendent-toujours/"
"Icilome (FR)";"FR";"2026-10-05";"Nord du Togo : le colonel N’Guwaki prend Koundjoaré sous la pression des incursions";"https://icilome.com/2026/10/nord-du-togo-le-colonel-nguwaki-prend-koundjoare-sous-la-pression-des-incursions/"
"Icilome (FR)";"FR";"2026-10-05";"Togo- Anié : le plus grand magasin du marché réduit en cendre";"https://icilome.com/2026/09/togo-anie-le-plus-grand-magasin-du-marche-reduit-en-cendre/"
"Icilome (FR)";"FR";"2026-10-05";"Togo – BAC annulé pour trois candidats, comment le pouvoir encourage l’immoralité";"https://icilome.com/2026/09/togo-bac-annule-pour-trois-candidats-comment-le-pouvoir-encourage-limmoralite/"
"Icilome (FR)";"FR";"2026-10-05";"Tribune | Togo- Emploi, entrepreneuriat, formation : des programmes existent, mais les résultats sont-ils à la hauteur des attentes ?";"https://icilome.com/2026/09/tribune-togo-emploi-entrepreneuriat-formation-des-programmes-existent-mais-les-resultats-sont-ils-a-la-hauteur-des-attentes/"
"Icilome (FR)";"FR";"2026-10-05";"Togo- Agression au siège de la CDPA : pour Adjamagbo-Johnson, l’enquête s’est bloquée après la promotion de l’officier chargé du dossier";"https://icilome.com/2026/09/togo-agression-au-siege-de-la-cdpa-pour-adjamagbo-johnson-lenquete-sest-bloquee-apres-la-promotion-de-lofficier-charge-du-dossier/"
"Icilome (FR)";"FR";"2026-10-05";"Agoè-Fidokpui : Poteaux et câbles électriques abandonnés au milieu d’un marché inauguré aujourd’hui";"https://icilome.com/2026/09/agoe-fidokpui-poteaux-et-cables-electriques-abandonnes-au-milieu-dun-marche-inaugure-aujourdhui/"
"Icilome (FR)";"FR";"2026-10-05";"Agression de journalistes en septembre 2024 : le PPT s’interroge sur l’indifférence du gouvernement";"https://icilome.com/2026/09/agression-de-journalistes-en-septembre-2024-le-ppt-sinterroge-sur-lindifference-du-gouvernement/"
"Icilome (FR)";"FR";"2026-10-05";"Mali : Amnesty International accuse l’armée et Wagner de crimes de guerre contre des civils";"https://icilome.com/2026/09/141120/"
"Icilome (FR)";"FR";"2026-10-05";"Togo : Mme Kafui Adjamagbo-Johnson, pourquoi elle ne démissionne pas de l’Assemblée… pour l’instant";"https://icilome.com/2026/09/togo-mme-kafui-adjamagbo-johnson-pourquoi-elle-ne-demissionne-pas-de-lassemblee/"
"Icilome (FR)";"FR";"2026-10-05";"Togo- 29 septembre 2024 : deux ans après, les journalistes agressés au siège de la CDPA attendent toujours des réponses";"https://icilome.com/2026/09/togo-29-septembre-2024-deux-ans-apres-les-journalistes-agresses-au-siege-de-la-cdpa-attendent-toujours-des-reponses/"
"Icilome (FR)";"FR";"2026-10-05";"Togo- Eau potable : Kara lance un chantier pour près de 200 000 personnes";"https://icilome.com/2026/09/togo-eau-potable-kara-lance-un-chantier-pour-pres-de-200-000-personnes/"
"Icilome (FR)";"FR";"2026-10-05";"« Correct the Map » : Dussey, Bishop Donald et Blessing OR fêtent la victoire";"https://icilome.com/2026/09/correct-the-map-dussey-bishop-donald-et-blessing-or-fetent-la-victoire/"
"Icilome (FR)";"FR";"2026-10-05";"Après la mobilisation de New York, la DMK ORIGINALE appelle à l’unité des forces démocratiques togolaises";"https://icilome.com/2026/09/apres-la-mobilisation-de-new-york-la-dmk-originale-appelle-a-lunite-des-forces-democratiques-togolaises/"
"Icilome (FR)";"FR";"2026-10-05";"Africa Next Bénévolat : les lauréats des Africa Next Awards s’engagent à accompagner 100 PME africaines";"https://icilome.com/2026/09/africa-next-benevolat-les-laureats-des-africa-next-awards-sengagent-a-accompagner-100-pme-africaines/"
"Icilome (FR)";"FR";"2026-10-05";"CreaConnex 2026 : les créateurs de contenu appelés à mieux structurer leur activité";"https://icilome.com/2026/09/creaconnex-2026-les-createurs-de-contenu-appeles-a-mieux-structurer-leur-activite/"
"Icilome (FR)";"FR";"2026-10-05";"Togo : à Tchamba, 473 patients attendent l’aboutissement d’une mission chirurgicale gratuite";"https://icilome.com/2026/09/togo-a-tchamba-473-patients-attendent-laboutissement-dune-mission-chirurgicale-gratuite/"
"Icilome (FR)";"FR";"2026-10-05";"Togo – Hongrie : vers une accélération des projets communs dans l’eau et l’assainissement";"https://icilome.com/2026/09/togo-hongrie-vers-une-acceleration-des-projets-communs-dans-leau-et-lassainissement/"
"Icilome (FR)";"FR";"2026-10-05";"Comment le Togo s’écroule tout seul";"https://icilome.com/2026/09/comment-le-togo-secroule-tout-seul/"
"Icilome (FR)";"FR";"2026-10-05";"Le carburant a monté, la santé est descendue";"https://icilome.com/2026/09/le-carburant-a-monte-la-sante-est-descendue/"
"Icilome (FR)";"FR";"2026-10-05";"Togo- Kégué a retrouvé ses Éperviers, et les Éperviers ont retrouvé leur public";"https://icilome.com/2026/09/togo-kegue-a-retrouve-ses-eperviers-et-les-eperviers-ont-retrouve-leur-public/"
"Icilome (FR)";"FR";"2026-10-05";"Togo- Précarité des journalistes du privé: Le cri d’alarme du SYNJIT auprès des Nations Unies";"https://icilome.com/2026/09/togo-precarite-des-journalistes-du-prive-le-cri-dalarme-du-synjit-aupres-des-nations-unies/"
"Icilome (FR)";"FR";"2026-10-05";"Personnes sourdes au Togo : L’AST réclame des droits accessibles dans les faits";"https://icilome.com/2026/09/personnes-sourdes-au-togo-last-reclame-des-droits-accessibles-dans-les-faits/"
"Icilome (FR)";"FR";"2026-10-05";"Togo- Savanes, une bombe sociale : autochtones et réfugiés burkinabé se disputent les ressources limitées";"https://icilome.com/2026/09/togo-savanes-une-bombe-sociale-autochtones-et-refugies-burkinabe-se-disputent-les-ressources-limitees/"
"Icilome (FR)";"FR";"2026-10-05";"Nationale N°1/Après l’ultimatum : A quand le démarrage des travaux ?";"https://icilome.com/2026/09/nationale-n1-apres-lultimatum-a-quand-le-demarrage-des-travaux/"
"Icilome (FR)";"FR";"2026-10-05";"Togo- Vers quelle destination nous conduit-on ?";"https://icilome.com/2026/09/togo-vers-quelle-destination-nous-conduit-on/"
"Icilome (FR)";"FR";"2026-10-05";"Togo – Burundi : Les Éperviers appelés à étouffer les Hirondelles d’entrée";"https://icilome.com/2026/09/togo-burundi-les-eperviers-appeles-a-etouffer-les-hirondelles-dentree/"
"Icilome (FR)";"FR";"2026-10-05";"Chine-Togo : 54 ans de relations diplomatiques célébrés à Lomé";"https://icilome.com/2026/09/chine-togo-54-ans-de-relations-diplomatiques-celebres-a-lome/"
"Icilome (FR)";"FR";"2026-10-05";"Cherté des soins dans les hôpitaux publics face au droit  à la santé au Togo";"https://icilome.com/2026/09/cherte-des-soins-dans-les-hopitaux-publics-face-au-droit-a-la-sante-au-togo/"
"Icilome (FR)";"FR";"2026-10-05";"Togo- Prof. Kadanga Beketi :  « Les opinions politiques, religieuses ou sociales d’un patient ne peuvent pas constituer un motif de refus de soins »";"https://icilome.com/2026/09/togo-prof-kadanga-beketi-les-opinions-politiques-religieuses-ou-sociales-dun-patient-ne-peuvent-pas-constituer-un-motif-de-refus-de-soins/"
"Icilome (FR)";"FR";"2026-10-05";"Togo – 40 ans après, le devoir de mémoire";"https://icilome.com/2026/09/togo-40-ans-apres-le-devoir-de-memoire/"
"Icilome (FR)";"FR";"2026-10-05";"Togo – OTR : 155 véhicules seront mis aux enchères au PAL";"https://icilome.com/2026/09/togo-otr-155-vehicules-seront-mis-aux-encheres-au-pal/"
"Icilome (FR)";"FR";"2026-10-05";"Tribune – Épilogue | L’Ordre a parlé : Quand la déontologie a le dernier mot sur la menace";"https://icilome.com/2026/09/tribune-epilogue-lordre-a-parle-quand-la-deontologie-a-le-dernier-mot-sur-la-menace/"
"Icilome (FR)";"FR";"2026-10-05";"Robert Dussey sur la présence des “mercenaires russes” au Togo";"https://icilome.com/2026/09/robert-dussey-sur-la-presence-des-mercenaires-russes-au-togo/"
"Icilome (FR)";"FR";"2026-10-05";"Laissons le livre d’Orélien faire le même chemin";"https://icilome.com/2026/09/laissons-le-livre-dorelien-faire-le-meme-chemin/"
"Icilome (FR)";"FR";"2026-10-05";"Togo- Aéroport de Lomé : l’espace duty free cédé à un privé";"https://icilome.com/2026/09/togo-aeroport-de-lome-lespace-duty-free-cede-a-un-prive/"
"Icilome (FR)";"FR";"2026-10-05";"Togo – L’Ordre des médecins interpellé après des propos controversés de Mme Myriam Dossou-d’Almeida";"https://icilome.com/2026/09/togo-lordre-des-medecins-interpelle-apres-des-propos-controverses-de-mme-myriam-dossou-dalmeida/"
"Icilome (FR)";"FR";"2026-10-05";"Togo – Trois mois après le cambriolage de son cabinet, aucune avancée dans l’enquête sur Me Bokodjin";"https://icilome.com/2026/09/togo-trois-mois-apres-le-cambriolage-de-son-cabinet-aucune-avancee-dans-lenquete-sur-me-bokodjin/"
"Icilome (FR)";"FR";"2026-10-05";"Togo-Russie : Lomé accueille la première commission mixte intergouvernementale du 29 septembre au 1er octobre";"https://icilome.com/2026/09/togo-russie-lome-accueille-la-premiere-commission-mixte-intergouvernementale-du-29-septembre-au-1er-octobre/"
"Icilome (FR)";"FR";"2026-10-05";"Togo : la HARC muscle son dialogue avec les créateurs de contenus, entre pédagogie et encadrement publicitaire";"https://icilome.com/2026/09/togo-la-harc-muscle-son-dialogue-avec-les-createurs-de-contenus-entre-pedagogie-et-encadrement-publicitaire/"
"Icilome (FR)";"FR";"2026-10-05";"Togo- Fraude au bac : cinq ans de suspension pour deux agents d’un centre d’écrit à Tabligbo";"https://icilome.com/2026/09/togo-fraude-au-bac-cinq-ans-de-suspension-pour-deux-agents-dun-centre-decrit-a-tabligbo/"
"Icilome (FR)";"FR";"2026-10-05";"Togo – Le pouvoir togolais a plusieurs cordes à son arc";"https://icilome.com/2026/09/togo-le-pouvoir-togolais-a-plusieurs-cordes-a-son-arc/"
"Icilome (FR)";"FR";"2026-10-05";"Togo- Invité à Lomé pour un « accord de paix », le rebelle tchadien Luc Beyam finit en garde à vue pour dette d’hôtel";"https://icilome.com/2026/09/togo-invite-a-lome-pour-un-accord-de-paix-le-rebelle-tchadien-luc-beyam-finit-en-garde-a-vue-pour-dette-dhotel/"
"Icilome (FR)";"FR";"2026-10-05";"Togo- Biologie médicale : La qualité des diagnostics passe aussi par les équipements et les normes";"https://icilome.com/2026/09/togo-biologie-medicale-la-qualite-des-diagnostics-passe-aussi-par-les-equipements-et-les-normes/"
"Icilome (FR)";"FR";"2026-10-05";"Quelle démocratie pour l’Afrique aujourd’hui ?";"https://icilome.com/2026/09/quelle-democratie-pour-lafrique-aujourdhui/"
"Togo First (FR)";"FR";"2026-10-05";"Ecobank Togo équipe 80 bacheliers d’ordinateurs pour renforcer leurs compétences numériques";"https://www.togofirst.com/fr/tic/0510-20242-ecobank-togo-equipe-80-bacheliers-d-ordinateurs-pour-renforcer-leurs-competences-numeriques"
"Togo First (FR)";"FR";"2026-10-05";"Au Togo, le Sénat ouvre le chantier du budget 2027";"https://www.togofirst.com/fr/gestion-publique/0210-20236-au-togo-le-senat-ouvre-le-chantier-du-budget-2027"
"Togo First (FR)";"FR";"2026-10-05";"Togo : des brigades mobiles pour renforcer la surveillance environnementale et forestière";"https://www.togofirst.com/fr/agro/0210-20235-togo-des-brigades-mobiles-pour-renforcer-la-surveillance-environnementale-et-forestiere"
"Togo First (FR)";"FR";"2026-10-05";"Agriculture : Lomé s’appuiera sur le satellite du Kirghizistan pour mieux surveiller ses terres";"https://www.togofirst.com/fr/agro/0210-20234-agriculture-lome-s-appuiera-sur-le-satellite-du-kirghizistan-pour-mieux-surveiller-ses-terres"
"Togo First (FR)";"FR";"2026-10-05";"FAO : le mécanisme Forêts et Paysans a mobilisé environ 2,7 milliards FCFA en 7 ans au Togo";"https://www.togofirst.com/fr/agro/0210-20232-fao-le-mecanisme-forets-et-paysans-a-mobilise-environ-2-7-milliards-fcfa-en-7-ans-au-togo"
"Togo First (FR)";"FR";"2026-10-05";"À Lomé, la jeunesse francophone prépare sa contribution au Sommet de Phnom Penh";"https://www.togofirst.com/fr/social/0210-20231-a-lome-la-jeunesse-francophone-prepare-sa-contribution-au-sommet-de-phnom-penh"
"Togo First (FR)";"FR";"2026-10-05";"L’AED et WIETC s’associent pour rapprocher les formations des IFAD des besoins des chantiers au Togo";"https://www.togofirst.com/fr/btp/0210-20230-l-aed-et-wietc-s-associent-pour-rapprocher-les-formations-des-ifad-des-besoins-des-chantiers-au-togo"
"Togo First (FR)";"FR";"2026-10-05";"Togo : 16 démarches du ministère des Affaires étrangères désormais accessibles en ligne";"https://www.togofirst.com/fr/services-publics/0110-20224-togo-16-demarches-du-ministere-des-affaires-etrangeres-desormais-accessibles-en-ligne"
"Togo First (FR)";"FR";"2026-10-05";"Togo : le PAJEC prépare un dispositif pilote d’assurance agricole";"https://www.togofirst.com/fr/agro/0110-20223-togo-le-pajec-prepare-un-dispositif-pilote-d-assurance-agricole"
"Togo First (FR)";"FR";"2026-10-05";"Togo-Russie : la PIA présente ses opportunités d’investissement à une délégation russe";"https://www.togofirst.com/fr/investissement/0110-20222-togo-russie-la-pia-presente-ses-opportunites-d-investissement-a-une-delegation-russe"
"Togo First (FR)";"FR";"2026-10-05";"Pensions de retraite : au Togo, la CRT tourne la page du paiement en espèces";"https://www.togofirst.com/fr/social/0110-20221-pensions-de-retraite-au-togo-la-crt-tourne-la-page-du-paiement-en-especes"
"Togo First (FR)";"FR";"2026-10-05";"Energie : le Togo soutient l’implantation de la raffinerie de Dangote au Kenya";"https://www.togofirst.com/fr/energies/0110-20220-energie-le-togo-soutient-l-implantation-de-la-raffinerie-de-dangote-au-kenya"
"Togo First (FR)";"FR";"2026-10-05";"Projet D-CLIC: environ 300 millions FCFA investis par l’OIF dans la formation numérique des jeunes Togolais";"https://www.togofirst.com/fr/tic/0110-20218-projet-d-clic-environ-300-millions-fcfa-investis-par-l-oif-dans-la-formation-numerique-des-jeunes-togolais"
"Togo First (FR)";"FR";"2026-10-05";"Partenariat : l’UL ouvre la voie à un master en énergie en double diplôme avec l'Université de Rostock";"https://www.togofirst.com/fr/education/3009-20215-partenariat-l-ul-ouvre-la-voie-a-un-master-en-energie-en-double-diplome-avec-luniversite-de-rostock"
"Togo First (FR)";"FR";"2026-10-05";"Coopération décentralisée : Lacs 1 et Nuremberg veulent prolonger leur partenariat";"https://www.togofirst.com/fr/gouvernance-economique/3009-20213-cooperation-decentralisee-lacs-1-et-nuremberg-veulent-prolonger-leur-partenariat"
"Togo First (FR)";"FR";"2026-10-05";"Togo-Russie : la CCI-Togo veut structurer les partenariats entre entreprises";"https://www.togofirst.com/fr/gouvernance-economique/3009-20212-togo-russie-la-cci-togo-veut-structurer-les-partenariats-entre-entreprises"
"Togo First (FR)";"FR";"2026-10-05";"Port de Lomé : les contrôles se renforcent aux entrées et sorties des môles 1 et 2";"https://www.togofirst.com/fr/gouvernance-economique/3009-20208-port-de-lome-les-controles-se-renforcent-aux-entrees-et-sorties-des-moles-1-et-2"
"Togo First (FR)";"FR";"2026-10-05";"Togo : la BIDC lance l’EIF 2027, plus de 500 participants et 40 projets annoncés à Lomé";"https://www.togofirst.com/fr/gouvernance-economique/3009-20207-togo-la-bidc-lance-l-eif-2027-plus-de-500-participants-et-40-projets-annonces-a-lome"
"Togo First (FR)";"FR";"2026-10-05";"Épargne digitale : Ohana Africa et Ecobank lancent le « Compte Familial » au Togo";"https://www.togofirst.com/fr/finance/2809-20187-epargne-digitale-ohana-africa-et-ecobank-lancent-le-compte-familial-au-togo"
"Togo First (FR)";"FR";"2026-10-05";"Togo : une nouvelle solution numérique de gestion des TPME lancée";"https://www.togofirst.com/fr/gouvernance-economique/2709-20178-vendre-facturer-suivre-b-pilot-l-appli-pour-simplifier-la-gestion-des-tpme"
"Togo First (FR)";"FR";"2026-10-05";"Gaëlle de Souza (Gazelle d'Afrik) : « On a tout chez nous, c'est nous-mêmes qui ne l'exploitons pas »";"https://www.togofirst.com/fr/agro/2609-20175-gael-de-souza-gazelle-dafrik-on-a-tout-chez-nous-cest-nous-memes-qui-ne-lexploitons-pas"
"Togo First (FR)";"FR";"2026-10-05";"« Nous voulons bâtir une marque laitière africaine à partir du wangash togolais », Assaba Akouétévi, promotrice de ROSHTA Wangash";"https://www.togofirst.com/fr/agro/1909-20108-nous-voulons-batir-une-marque-laitiere-africaine-a-partir-du-wangash-togolais-assaba-akouetevi-promotrice-de-roshta-wangash"
"Togo First (FR)";"FR";"2026-10-05";"Salim Tebonou (HORI) : « J'ai dû démissionner moi-même de la structure que j'avais co-créée pour repartir de zéro »";"https://www.togofirst.com/fr/gouvernance-economique/0208-19767-salim-tebonou-hori-jai-du-demissionner-moi-meme-de-la-structure-que-javais-creee-pour-repartir-de-zero"
"Togo First (FR)";"FR";"2026-10-05";"FIL 2026 : 70 % de réduction sur les stands pour les femmes et jeunes entrepreneurs";"https://www.togofirst.com/fr/gouvernance-economique/2707-19692-fil-2026-70-de-reduction-sur-les-stands-pour-les-femmes-et-jeunes-entrepreneurs"
"Togo First (FR)";"FR";"2026-10-05";"Togo : après la hausse du prix du carburant, le gouvernement baisse les tarifs de péage";"https://www.togofirst.com/fr/transport/0207-19428-togo-apres-la-hausse-du-prix-du-carburant-le-gouvernement-baisse-les-tarifs-de-peage"
"Togo First (FR)";"FR";"2026-10-05";"Togo : les résultats des examens désormais accessibles gratuitement via le Web, WhatsApp et Telegram";"https://www.togofirst.com/fr/education/0806-19171-togo-les-resultats-des-examens-desormais-accessibles-gratuitement-via-le-web-whatsapp-et-telegram"
"Togo First (FR)";"FR";"2026-10-05";"Le Togolais Kodjo Akpatigbe prend la tête de Deloitte au Togo et au Bénin";"https://www.togofirst.com/fr/finance/0207-19423-le-togolais-kodjo-akpatigbe-prend-la-tete-de-deloitte-au-togo-et-au-benin"
"Togo First (FR)";"FR";"2026-10-05";"Gouvernance et financement du secteur routier : le Togo crée l’AGEROUTE et la SONAFIR";"https://www.togofirst.com/fr/transport/2906-19371-gouvernance-et-financement-du-secteur-routier-le-togo-cree-l-ageroute-et-la-sonafir"
"Togo First (FR)";"FR";"2026-10-05";"Lancement d’une mission d’élaboration des normes de certification pour les entreprises de BTP";"https://www.togofirst.com/"
"Togo First (FR)";"FR";"2026-10-05";"Logement : à Kpomé-Dalavé, Adedze annonce le passage du programme des 20 000 unités à sa phase opérationnelle";"https://www.togofirst.com/fr/gouvernance-economique/1206-19219-logement-a-kpome-dalave-adedze-annonce-le-passage-du-programme-des-20-000-unites-a-sa-phase-operationnelle"
"Togo First (FR)";"FR";"2026-10-05";"Togo : pour une fonction publique plus performante, le gouvernement entend mettre en place un plan national";"https://www.togofirst.com/"
"Togo First (FR)";"FR";"2026-10-05";"Restauration des terres : la FAO lance un appel à projets pour des subventions pouvant atteindre 50 000 $";"https://www.togofirst.com/fr/agro/1506-19233-restauration-des-terres-la-fao-lance-un-appel-a-projets-pour-des-subventions-pouvant-atteindre-50-000"
"Togo First (FR)";"FR";"2026-10-05";"BIDC : 10 millions USD mobilisés pour l’agriculture climatique au Togo et dans deux autres pays";"https://www.togofirst.com/fr/agro/2909-20204-bidc-10-millions-usd-mobilises-pour-l-agriculture-climatique-au-togo-et-dans-deux-autres-pays"
"Togo First (FR)";"FR";"2026-10-05";"Togo : de nouvelles démarches administratives désormais accessibles en ligne";"https://www.togofirst.com/fr/services-publics/2909-20203-togo-de-nouvelles-demarches-administratives-desormais-accessibles-en-ligne"
"Togo First (FR)";"FR";"2026-10-05";"Libre circulation en Afrique : Lomé prépare le futur Conseil consultatif des migrations";"https://www.togofirst.com/fr/gouvernance-economique/2909-20197-libre-circulation-en-afrique-lome-prepare-le-futur-conseil-consultatif-des-migrations"
"Togo First (FR)";"FR";"2026-10-05";"Togo : « Voix du Togo » entre en phase de test pour intégrer les langues locales à l’IA";"https://www.togofirst.com/fr/tic/2909-20196-togo-voix-du-togo-entre-en-phase-de-test-pour-integrer-les-langues-locales-a-l-ia"
"Togo First (FR)";"FR";"2026-10-05";"Togo : la campagne café-cacao 2026-2027 démarre avec de nouveaux prix aux producteurs";"https://www.togofirst.com/fr/agro/2909-20195-togo-la-campagne-cafe-cacao-2026-2027-demarre-avec-de-nouveaux-prix-aux-producteurs"
"Togo First (FR)";"FR";"2026-10-05";"Togo : les chiffres clés du secteur touristique";"https://www.togofirst.com/fr/culture/2909-20194-togo-les-chiffres-cles-du-secteur-touristique"
"Togo First (FR)";"FR";"2026-10-05";"Eau potable : 27 milliards FCFA pour desservir plus de 200 000 personnes à Kara";"https://www.togofirst.com/fr/social/2909-20193-eau-potable-27-milliards-fcfa-pour-desservir-plus-de-200-000-personnes-a-kara"
"Togo First (FR)";"FR";"2026-10-05";"Le Togo accélère la mise en place d’un compte satellite pour mieux mesurer le poids du tourisme";"https://www.togofirst.com/fr/gouvernance-economique/2809-20188-le-togo-accelere-la-mise-en-place-d-un-compte-satellite-pour-mieux-mesurer-le-poids-du-tourisme"
"Togo First (FR)";"FR";"2026-10-05";"L’Université de Kara conclut un partenariat avec la PIA pour rapprocher la recherche de l’industrie";"https://www.togofirst.com/fr/formation/2809-20186-l-universite-de-kara-conclut-un-partenariat-avec-la-pia-pour-rapprocher-la-recherche-de-l-industrie"
"Togo First (FR)";"FR";"2026-10-05";"Depuis Paris, la CCI-Togo veut connecter les PME aux marchés internationaux";"https://www.togofirst.com/fr/gouvernance-economique/2809-20185-depuis-paris-la-cci-togo-veut-connecter-les-pme-aux-marches-internationaux"
"Togo First (FR)";"FR";"2026-10-05";"Lomé et Abu Dhabi signent un accord d’exemption de visas diplomatiques";"https://www.togofirst.com/fr/politique/2809-20182-lome-et-abu-dhabi-signent-un-accord-d-exemption-de-visas-diplomatiques"
"Togo First (FR)";"FR";"2026-10-05";"Togo-Hongrie : après l’accord de 2025, Budapest veut accélérer les stations de boues de vidange du Grand Lomé";"https://www.togofirst.com/fr/social/2809-20181-togo-hongrie-apres-l-accord-de-2025-budapest-veut-accelerer-les-stations-de-boues-de-vidange-du-grand-lome"
"Togo First (FR)";"FR";"2026-10-05";"Télécoms : YAS conserve l'avantage national, mais Moov se distingue sur la 4G à Lomé";"https://www.togofirst.com/fr/telecoms/2709-20177-telecoms-yas-conserve-lavantage-national-mais-moov-se-distingue-sur-la-4g-a-lome"
"Togo First (FR)";"FR";"2026-10-05";"Togo : une mission de Gavi prépare la mise en œuvre de la stratégie 2026-2030";"https://www.togofirst.com/fr/sante/2509-20173-togo-une-mission-de-gavi-prepare-la-mise-en-uvre-de-la-strategie-2026-2030"
"Togo First (FR)";"FR";"2026-10-05";"Au Togo, les préfectures de Blitta et Ogou placées sous surveillance après une flambée de cas de rougeole";"https://www.togofirst.com/fr/sante/2509-20167-au-togo-les-prefectures-de-blitta-et-ogou-placees-sous-surveillance-apres-une-flambee-de-cas-de-rougeole"
"Togo First (FR)";"FR";"2026-10-05";"FESPACO 2027 : le Togo, pays invité d’honneur";"https://www.togofirst.com/fr/culture/2509-20166-fespaco-2027-le-togo-pays-invite-d-honneur"
"Togo First (FR)";"FR";"2026-10-05";"Protection des données : le Togo et le Mali renforcent leur coopération";"https://www.togofirst.com/fr/tic/2509-20165-protection-des-donnees-le-togo-et-le-mali-renforcent-leur-cooperation"
"Togo First (FR)";"FR";"2026-10-05";"La BOAD débloque 82 milliards FCFA au profit du Togo, pour l'Agriculture et l'énergie";"https://www.togofirst.com/fr/gouvernance-economique/2509-20164-la-boad-debloque-82-milliards-fcfa-au-profit-du-togo-pour-lagriculture-et-lenergie"
"Togo First (FR)";"FR";"2026-10-05";"Ecobank veut mobiliser 2,6 milliards $ pour les entreprises féminines africaines et l’agriculture d’ici 2030";"https://www.togofirst.com/fr/finance/2509-20163-ecobank-veut-mobiliser-2-6-milliards-pour-les-entreprises-feminines-africaines-et-l-agriculture-d-ici-2030"
"Togo First (FR)";"FR";"2026-10-05";"Administration publique : le Togo veut réduire les délais de traitement des actes administratifs";"https://www.togofirst.com/fr/services-publics/2409-20160-administration-publique-le-togo-veut-reduire-les-delais-de-traitement-des-actes-administratifs"
"Togo First (FR)";"FR";"2026-10-05";"Togo : PALCC+/INCLURE lance sa planification opérationnelle pour les aires protégées";"https://www.togofirst.com/fr/agro/2409-20157-togo-palcc/inclure-lance-sa-planification-operationnelle-pour-les-aires-protegees"
"Togo First (FR)";"FR";"2026-10-05";"Assurances : Lomé accueillera le 12e Forum des Marchés de la FANAF";"https://www.togofirst.com/fr/finance/2409-20156-assurances-lome-accueillera-le-12e-forum-des-marches-de-la-fanaf"
"Togo First (FR)";"FR";"2026-10-05";"Togo : l’OTR annonce une nouvelle vente aux enchères de 155 véhicules";"https://www.togofirst.com/fr/finances-publiques/2409-20155-togo-l-otr-annonce-une-nouvelle-vente-aux-encheres-de-155-vehicules"
"L'Alternative (TG)";"FR";"2026-10-05";"Accueil";"https://lalternative.info/"
"L'Alternative (TG)";"FR";"2026-10-05";"A propos";"https://lalternative.info/about-us/"
"L'Alternative (TG)";"FR";"2026-10-05";"Abonnement";"https://lalternative.info/abonnez-vous-a-votre-journal/"
"L'Alternative (TG)";"FR";"2026-10-05";"Togo- Primature, ministère des Enseignements, brigade pour mineurs, CNDH passifs sur...";"https://lalternative.info/2024/09/14/togo-primature-ministere-des-enseignements-brigade-pour-mineurs-cndh-passifs-sur-le-viol-sur-une-petite-fille-a-lecole-la-madone/"
"L'Alternative (TG)";"FR";"2026-10-05";"Togo- Kao Baobadi, l’architecte de l’immeuble défectueux de la LONATO, ses...";"https://lalternative.info/2024/05/15/togo-kao-baobadi-larchitecte-de-limmeuble-defectueux-de-la-lonato-ses-deux-appartements-a-dubai/"
"L'Alternative (TG)";"FR";"2026-10-05";"Un appartement d’Yvonne Bawizibadi Gnassingbé à Dubaï au cœur d’une lutte...";"https://lalternative.info/2024/05/17/un-appartement-dyvonne-bawizibadi-gnassingbe-a-dubai-au-coeur-dune-lutte-de-succession/"
"L'Alternative (TG)";"FR";"2026-10-05";"Togo- Vague d’arrestations en cours au sein des FAT";"https://lalternative.info/2024/07/16/togo-vague-darrestations-en-cours-au-sein-des-fat/"
"L'Alternative (TG)";"FR";"2026-10-05";"Togo- Vote de moins de 50 députés, procurations fabriquées au nom...";"https://lalternative.info/2024/03/31/togo-vote-de-moins-de-50-deputes-procurations-fabriquees-au-nom-des-absents-voici-comment-le-coup-detat-constitutionnel-sest-passe-lundi/"
"L'Alternative (TG)";"FR";"2026-10-05";"Togo-La CEET installe un groupe de 14 millions chez la ministre...";"https://lalternative.info/2024/03/15/togo-la-ceet-installe-un-groupe-de-14-millions-chez-la-ministre-de-lenergie-et-des-mines/"
"L'Alternative (TG)";"FR";"2026-10-05";"Togo- Football : Qui est Nibombé Daré, le nouveau sélectionneur des Eperviers ?";"https://lalternative.info/2024/07/15/togo-football-qui-est-nibombe-dare-le-nouveau-selectionneur-des-eperviers/"
"L'Alternative (TG)";"FR";"2026-10-05";"Togo- Justice : Mandat d’arrêt international contre le Cdt Olivier Amah...";"https://lalternative.info/2024/08/07/togo-justice-mandat-darret-international-contre-le-cdt-olivier-amah-et-le-journaliste-ferdinand-ayite/"
"L'Alternative (TG)";"FR";"2026-10-05";"Togo- CEET: Voici les 3 étapes pour mettre à jour son...";"https://lalternative.info/2024/06/27/togo-ceet-voici-les-3-etapes-pour-mettre-a-jour-son-compteur-cash-power/"
"L'Alternative (TG)";"FR";"2026-10-05";"Togo- Arrestations à Kara : incertitude sur le sort du capitaine...";"https://lalternative.info/2024/07/23/togo-arrestations-a-kara-incertitude-sur-le-sort-du-capitaine-dare-kondi-photo/"
"L'Alternative (TG)";"FR";"2026-10-05";"Togo- Kpendjal : Inhumation sans hommage des militaires tombés au front";"https://lalternative.info/2024/07/29/togo-kpendjal-inhumation-sans-hommage-des-militaires-tombes-au-front/"
"L'Alternative (TG)";"FR";"2026-10-05";"NOUS SOUTENIR";"/donate"
"L'Alternative (TG)";"FR";"2026-10-05";"À propos";"https://lalternative.info/about-us/"
"L'Alternative (TG)";"FR";"2026-10-05";"Faire un don";"https://lalternative.info/donate/"
"L'Alternative (TG)";"FR";"2026-10-05";"Abonnez-vous à votre journal";"https://lalternative.info/abonnez-vous-a-votre-journal/"
"L'Alternative (TG)";"FR";"2026-10-05";"Journal L'alternative";"https://lalternative.info/author/lalternative24/"
"L'Alternative (TG)";"FR";"2026-10-05";"Togo- Un jeune officier retrouvé mort dans son bureau au camp BIR";"https://lalternative.info/2026/09/24/togo-un-jeune-officier-retrouve-mort-dans-son-bureau-au-camp-bir/"
"L'Alternative (TG)";"FR";"2026-10-05";"Togo- Journaliste kidnappé, torturé puis jeté dans la brousse… à qui profite le crime ?";"https://lalternative.info/2026/09/09/togo-journaliste-kidnappe-torture-puis-jete-dans-la-brousse-a-qui-profite-le-crime/"
"L'Alternative (TG)";"FR";"2026-10-05";"Diplomatie : deux français arrêtés au Togo, Faure Gnassingbé veut l’extradition de Ferdinand AYITE contre leur libération";"https://lalternative.info/2026/08/18/diplomatie-deux-francais-arretes-au-togo-faure-gnassingbe-veut-lextradition-de-ferdinand-ayite-contre-leur-liberation/"
"L'Alternative (TG)";"FR";"2026-10-05";"Mahama décide de consulter le peuple pour la révision constitutionnelle";"https://lalternative.info/2026/08/16/mahama-decide-de-consulter-le-peuple-pour-la-revision-constitutionnelle/"
"L'Alternative (TG)";"FR";"2026-10-05";"Togo- Tribune : La Cour de justice de la CEDEAO face à un pouvoir qui s’entête à ne jamais avoir tort";"https://lalternative.info/2026/08/10/togo-tribune-la-cour-de-justice-de-la-cedeao-face-a-un-pouvoir-qui-sentete-a-ne-jamais-avoir-tort/"
"L'Alternative (TG)";"FR";"2026-10-05";"La révision constitutionnelle ravive les tensions politiques";"https://lalternative.info/2026/08/08/la-revision-constitutionnelle-ravive-les-tensions-politiques/"
"L'Alternative (TG)";"FR";"2026-10-05";"Togo- Kara : 27 milliards s’ajoutent aux autres milliards déjà investis dans la recherche d’eau potable";"https://lalternative.info/2026/10/01/togo-kara-27-milliards-sajoutent-aux-autres-milliards-deja-investis-dans-la-recherche-deau-potable/"
"L'Alternative (TG)";"FR";"2026-10-05";"Togo- Tribune : « On ne soigne pas à la tête du client »";"https://lalternative.info/2026/09/12/togo-tribune-on-ne-soigne-pas-a-la-tete-du-client/"
"L'Alternative (TG)";"FR";"2026-10-05";"Togo- Tribune : Nous voulons savoir ce que vous reprochez à Fred Vedomey";"https://lalternative.info/2026/08/28/togo-tribune-nous-voulons-savoir-ce-que-vous-reprochez-a-fred-vedomey/"
"L'Alternative (TG)";"FR";"2026-10-05";"Togo-Tribune : Moscou tisse sa toile à Lomé";"https://lalternative.info/2026/07/30/togo-tribune-moscou-tisse-sa-toile-a-lome/"
"L'Alternative (TG)";"FR";"2026-10-05";"TRIBUNE- Coupe du monde 2026 : Pourquoi les sélections africaines s’effondrent en fin de match";"https://lalternative.info/2026/07/05/tribune-coupe-du-monde-2026-pourquoi-les-selections-africaines-seffondrent-en-fin-de-match/"
"L'Alternative (TG)";"FR";"2026-10-05";"Togo- Savanes, une bombe sociale : autochtones et réfugiés burkinabé se disputent les ressources limitées";"https://lalternative.info/2026/09/23/togo-savanes-une-bombe-sociale-autochtones-et-refugies-burkinabe-se-disputent-les-ressources-limitees/"
"L'Alternative (TG)";"FR";"2026-10-05";"Togo- Aéroport de Lomé : l’espace duty free cédé à un privé";"https://lalternative.info/2026/09/23/togo-aeroport-de-lome-lespace-duty-free-cede-a-un-prive/"
"L'Alternative (TG)";"FR";"2026-10-05";"Des douaniers en détention pour trafic de drogue";"https://lalternative.info/2026/09/20/des-douaniers-en-detention-pour-trafic-de-drogue/"
"L'Alternative (TG)";"FR";"2026-10-05";"Togo- Hausse des prix du carburant : Deux Togolais s’affrontent, le virtuel et le réel";"https://lalternative.info/2026/09/16/togo-hausse-des-prix-du-carburant-deux-togolais-saffrontent-le-virtuel-et-le-reel/"
"L'Alternative (TG)";"FR";"2026-10-05";"Togo- Anié : le plus grand magasin du marché réduit en cendre";"https://lalternative.info/2026/09/28/togo-anie-le-plus-grand-magasin-du-marche-reduit-en-cendre/"
"L'Alternative (TG)";"FR";"2026-10-05";"Togo- Les dirigeants africains en chantiers, Faure Gnassingbé fête la correction du « Map »";"https://lalternative.info/2026/09/13/togo-quand-les-dirigeants-africains-sont-sur-les-chantiers-faure-gnassingbe-fete-la-correction-du-map/"
"L'Alternative (TG)";"FR";"2026-10-05";"Togo- Une augmentation de 137 F CFA sur le litre du super sans plomb en 3 mois";"https://lalternative.info/2026/09/11/togo-une-augmentation-de-137-f-cfa-sur-le-litre-du-super-sans-plomb-en-3-mois/"
"L'Alternative (TG)";"FR";"2026-10-05";"Offre d’emploi/L’ALTERNATIVE";"https://lalternative.info/2024/03/07/offre-demploi-lalternative/"
"L'Alternative (TG)";"FR";"2026-10-05";"« Le peuple ne mange pas les notations » : Oligui Nguema dans le concret, Faure Gnassingbé dans les chiffres fabriqués";"https://lalternative.info/2026/09/10/le-peuple-ne-mange-pas-les-notations-oligui-nguema-dans-le-concret-faure-gnassingbe-dans-les-chiffres-fabriques/"
"L'Alternative (TG)";"FR";"2026-10-05";"Isidore kouwonou";"https://lalternative.info/author/ksisdore/"
"L'Alternative (TG)";"FR";"2026-10-05";"Togo- OTR : Éric Amouzou Folly le mari d’une des inspectrices, arrêté";"https://lalternative.info/2026/09/07/togo-otr-eric-amouzou-folly-le-mari-dune-des-inspectrices-arrete/"
"L'Alternative (TG)";"FR";"2026-10-05";"L'Alternative";"https://lalternative.info/author/equipeedito/"
"L'Alternative (TG)";"FR";"2026-10-05";"Togo- Encore un scandale à l’OTR : des cadres de la DGI en garde à vue à la DCPJ";"https://lalternative.info/2026/09/06/togo-encore-un-scandale-a-lotr-des-cadres-de-la-dgi-en-garde-a-vue-a-la-dcpj/"
"L'Alternative (TG)";"FR";"2026-10-05";"La CCJA condamne définitivement l’UTB à verser plus de 2,5 milliards de FCFA à TMI";"https://lalternative.info/2026/07/22/la-ccja-condamne-definitivement-lutb-a-verser-plus-de-25-milliards-de-fcfa-a-tmi/"
"L'Alternative (TG)";"FR";"2026-10-05";"Togo- Scandale à l’OTR : Donko Bileyo et Klouvi Dedegan inculpées par le doyen des juges";"https://lalternative.info/2026/05/17/togo-scandale-a-lotr-donko-bileyo-et-klouvi-dedegan-inculpees-par-le-doyen-des-juges/"
"L'Alternative (TG)";"FR";"2026-10-05";"Togo- OTR : Donko Bileyo virée, plainte contre Ferdinand Ayité retirée";"https://lalternative.info/2026/04/19/togo-otr-donko-bileyo-viree-plainte-contre-ferdinand-ayite-retiree/"
"L'Alternative (TG)";"FR";"2026-10-05";"Togo- OTR : le CENTIF saisit le procureur, le doyen des juges d’instruction ouvre une enquête, un autre compte de 530 millions découverts à NSIA";"https://lalternative.info/2026/04/05/togo-otr-le-centif-saisit-le-procureur-le-doyen-des-juges-dinstruction-ouvre-une-enquete-un-autre-compte-de-530-millions-decouverts-a-nsia/"
"L'Alternative (TG)";"FR";"2026-10-05";"John Mahama offre des billets de la Coupe du monde à la diaspora ghanéenne";"https://lalternative.info/2026/06/01/john-mahama-offre-des-billets-de-la-coupe-du-monde-a-la-diaspora-ghaneenne/"
"L'Alternative (TG)";"FR";"2026-10-05";"View all posts";"https://lalternative.info/author/lalternative24/"
"L'Alternative (TG)";"FR";"2026-10-05";"Facebook";"https://www.facebook.com/sharer/sharer.php?u=https://lalternative.info/"
"L'Alternative (TG)";"FR";"2026-10-05";"Twitter";"https://twitter.com/intent/tweet?text=Check%20out%20this%20article:%20Accueil%20-%20https://lalternative.info/"
"L'Alternative (TG)";"FR";"2026-10-05";"Pinterest";"https://www.pinterest.com/pin/create/button/?url=https%3A%2F%2Flalternative.info%2F&description=Accueil"
"L'Alternative (TG)";"FR";"2026-10-05";"Whatsapp";"https://api.whatsapp.com/send?text=Accueil %0A%0A https%3A%2F%2Flalternative.info%2F"
"L'Alternative (TG)";"FR";"2026-10-05";"Telegram";"https://telegram.me/share/url?url=https%3A%2F%2Flalternative.info%2F&text=Accueil"
"L'Alternative (TG)";"FR";"2026-10-05";"Email";"mailto:?subject=Accueil&BODY=https://lalternative.info/"
"L'Alternative (TG)";"FR";"2026-10-05";"À propos";"/about-us"
"L'Alternative (TG)";"FR";"2026-10-05";"Politique de confidentialité";"/privacy-policy"
"L'Alternative (TG)";"FR";"2026-10-05";"Conditions d'utilisation";"/conditions-dutilisation"
"L'Alternative (TG)";"FR";"2026-10-05";"Règlementation européenne";"https://lalternative.info/reglementation-europeenneeu/"
"L'Alternative (TG)";"FR";"2026-10-05";"Facebook";"https://www.facebook.com/profile.php?id=61556605160366"
"L'Alternative (TG)";"FR";"2026-10-05";"Twitter";"https://twitter.com/lalternative_of"
"L'Alternative (TG)";"FR";"2026-10-05";"Instagram";"https://www.instagram.com/lalternative_of/"
"L'Alternative (TG)";"FR";"2026-10-05";"Youtube";"https://www.youtube.com/channel/UCk6JMYUcGDarZYNb-mPPLPA"
"L'Alternative (TG)";"FR";"2026-10-05";"Gérer les options";"#"
"L'Alternative (TG)";"FR";"2026-10-05";"Gérer les services";"#"
"L'Alternative (TG)";"FR";"2026-10-05";"Gérer {vendor_count} fournisseurs";"#"
"L'Alternative (TG)";"FR";"2026-10-05";"En savoir plus sur ces finalités";"https://cookiedatabase.org/tcf/purposes/"
"L'Alternative (TG)";"FR";"2026-10-05";"Voir les préférences";"#"
"L'Alternative (TG)";"FR";"2026-10-05";"{title}";"#"
"L'Alternative (TG)";"FR";"2026-10-05";"Queue";"#"
"L'Alternative (TG)";"FR";"2026-10-05";"Flash plugin";"http://get.adobe.com/flashplayer/"
"Laabali (TG)";"FR";"2026-10-05";"Africa-Newsroom";"https://laabali.com/africa-newsroom/"
"Laabali (TG)";"FR";"2026-10-05";"...";"#"
"Laabali (TG)";"FR";"2026-10-05";"De cuisinier à chef de canton : portrait de Batidja Tindandja, le nouveau chef d’Ogaro";"https://laabali.com/post/15600/de-cuisinier-a-chef-de-canton-portrait-de-batidja-tindandja-le-nouveau-chef-dogaro/ "
"Laabali (TG)";"FR";"2026-10-05";"Journalistes du privé au Togo : le SYNJIT alerte l’ONU sur une précarité persistante";"https://laabali.com/post/15588/journalistes-du-prive-au-togo-le-synjit-alerte-lonu-sur-une-precarite-persistante/ "
"Laabali (TG)";"FR";"2026-10-05";"Rentrée scolaire à Tône : l’APHMOTO fait don de kits scolaires aux enfants handicapés";"https://laabali.com/post/15583/rentree-scolaire-a-tone-laphmoto-fait-don-de-kits-scolaires-aux-enfants-handicapes/ "
"Laabali (TG)";"FR";"2026-10-05";"Atelier bilan du projet Savanes-COG : « Nous sommes satisfaits », affirme Laguatissoa Bangbar (FODES)";"https://laabali.com/post/15575/atelier-bilan-du-projet-savanes-cog-nous-sommes-satisfaits-affirme-laguatissoa-bangbar-fodes/ "
"Laabali (TG)";"FR";"2026-10-05";"Journalistes du privé au Togo : le SYNJIT alerte l’ONU sur une précarité persistante";"https://laabali.com/?p=15588"
"Laabali (TG)";"FR";"2026-10-05";"La Fédération nationale des maisons familiales de formation rurale du Togo lance un appel à projet de Construction de 50 poulaillers traditionnels améliorés au profit des bénéficiaires de l’IFAD Elevage Barkoissi et 30 poulaillers améliorés au profit des bénéficiaires de la FMFRT";"https://laabali.com/?p=15553"
"Laabali (TG)";"FR";"2026-10-05";"Enfants en situation de handicap: Aphmoto soutient en kits scolaires à Dapaong";"https://laabali.com/?p=15515"
"Laabali (TG)";"FR";"2026-10-05";"Ponio : 30 femmes formées aux activités génératrices de revenus";"https://laabali.com/?p=15505"
"Laabali (TG)";"FR";"2026-10-05";"Violences basées sur le genre : AFE sensibilise les communautés à Cinkassé";"https://laabali.com/?p=15384"
"Laabali (TG)";"FR";"2026-10-05";"INADES-Formation : 4 sites maraichers/champs écoles remis aux Scoops dans les savanes";"https://laabali.com/?p=15139"
"Laabali (TG)";"FR";"2026-10-05";"JII 2026 : Dans les Savanes, les infirmiers célébrés pour leur résilience";"https://laabali.com/?p=15103"
"Laabali (TG)";"FR";"2026-10-05";"Dapaong : A2FHV-S sensibilise des acteurs du bâtiment à l’accessibilité des infrastructures publiques";"https://laabali.com/?p=15076"
"Laabali (TG)";"FR";"2026-10-05";"Nadjoundi: ""Les droits de femmes ne donnent pas droit aux femmes de frapper leurs maris""";"https://laabali.com/?p=14881"
"Laabali (TG)";"FR";"2026-10-05";"Yark Damehamme: L’insubmersible général qui murmure aux oreilles de Faure Gnassimgbé";"https://laabali.com/?p=14271"
"Laabali (TG)";"FR";"2026-10-05";"Dapaong : les défis de l’assainissement toujours présents !";"https://laabali.com/?p=13413"
"Laabali (TG)";"FR";"2026-10-05";"Accès à l’eau potable : L’ONG MECAP cultive l’espoir pour la fin de la soif dans les Savanes";"https://laabali.com/?p=13297"
"Laabali (TG)";"FR";"2026-10-05";"Sanloaga (Togo): «Ils enlèvent nos jeunes garçons pour en faire des combattants» 15123 vues";"
                                        https://laabali.com/post/6306/sanloaga-togo-ils-enlevent-nous-jeunes-garcons-pour-en-faire-des-combattants/                                        
                                        "
"Laabali (TG)";"FR";"2026-10-05";"Dapaong: Ouverture du 1e Forum des producteurs agricoles (FOPAT) 13984 vues";"
                                        https://laabali.com/post/6477/dapaong-ouverture-du-1e-forum-des-producteurs-agricoles-fopat/                                        
                                        "
"Laabali (TG)";"FR";"2026-10-05";"TGI/Dapaong: Le départ du président et son équipe fait des mécontents 12964 vues";"
                                        https://laabali.com/post/192/tgi-dapaong-le-depart-du-president-et-son-equipe-fait-des-mecontents/                                        
                                        "
"Laabali (TG)";"FR";"2026-10-05";"Savanes: Les FAT repoussent une attaque, deux assaillants neutralisés 7444 vues";"
                                        https://laabali.com/post/5663/savanes-les-fat-repoussent-une-attaque-deux-assaillants-neutralises/                                        
                                        "
"Laabali (TG)";"FR";"2026-10-05";"Contre le terrorisme: Le Togo fait appel à ses anciens soldats 4352 vues";"
                                        https://laabali.com/post/6743/contre-le-terrorisme-le-togo-fait-appel-a-ses-anciens-soldats/                                        
                                        "
"Laabali (TG)";"FR";"2026-10-05";"Le Maire Monoka Laré et la commune de Tandjouaré 1";"https://laabali.com/post/12171/monoka-lare/"
"Laabali (TG)";"FR";"2026-10-05";"par Edouard Samboe";"#"
"Laabali (TG)";"FR";"2026-10-05";"Suka ou l'art divinatoire: Foi ou culture moba ?";"https://laabali.com/post/12078/suka-ou-lart-divinatoire-foi-ou-culture-moba/"
"Laabali (TG)";"FR";"2026-10-05";"Togo/Education: Diagnostic d'un secteur en panne de repères";"https://laabali.com/post/6749/togo-education-diagnostic-dun-secteur-en-pannes-de-reperes/"
"Laabali (TG)";"FR";"2026-10-05";"Contre le terrorisme: Le Togo fait appel à ses anciens soldats";"https://laabali.com/post/6743/contre-le-terrorisme-le-togo-fait-appel-a-ses-anciens-soldats/"
"Laabali (TG)";"FR";"2026-10-05";"«Le pouvoir doit faire en sorte qu'il y ait moins de frustrations sur les plans politiques et économiques», Pr David Dosseh, OSC";"https://laabali.com/post/6688/le-pouvoir-doit-faire-en-sorte-quil-y-ait-moins-de-frustrations-sur-les-plans-politiques-et-economiques-pr-david-dosseh-osc/"
"Laabali (TG)";"FR";"2026-10-05";"FOPAT: A Dapaong , les producteurs veulent des usines de transformations de tomates";"https://laabali.com/post/6533/fopat-a-dapaong-les-producteurs-veulent-des-usines-de-transformations-de-tomates/"
"Laabali (TG)";"FR";"2026-10-05";"Dapaong: Ouverture du 1e Forum des producteurs agricoles (FOPAT)";"https://laabali.com/post/6477/dapaong-ouverture-du-1e-forum-des-producteurs-agricoles-fopat/"
"Laabali (TG)";"FR";"2026-10-05";"Frontière Burkina-Togo: Le durcissement des mesures sécuritaires impacte Kompienga";"https://laabali.com/post/6464/frontiere-burkina-togo-le-durcissement-des-mesures-securitaires-impacte-kompienga/"
"Laabali (TG)";"FR";"2026-10-05";"Sanloaga (Togo): «Ils enlèvent nos jeunes garçons pour en faire des combattants» 15123 vues";" https://laabali.com/post/6306/sanloaga-togo-ils-enlevent-nous-jeunes-garcons-pour-en-faire-des-combattants/ "
"Laabali (TG)";"FR";"2026-10-05";"Dapaong: Ouverture du 1e Forum des producteurs agricoles (FOPAT) 13984 vues";" https://laabali.com/post/6477/dapaong-ouverture-du-1e-forum-des-producteurs-agricoles-fopat/ "
"Laabali (TG)";"FR";"2026-10-05";"TGI/Dapaong: Le départ du président et son équipe fait des mécontents 12964 vues";" https://laabali.com/post/192/tgi-dapaong-le-depart-du-president-et-son-equipe-fait-des-mecontents/ "
"Laabali (TG)";"FR";"2026-10-05";"CrEaT";""
"Fraternité Matin (CI)";"FR";"2026-10-05";"Décès : Cheikh Hamidou Kane, la grande voix de « L’Aventure ambiguë » s’est tue";"https://www.fratmat.info/article/2644945/culture/deces-cheikh-hamidou-kane-la-grande-voix-de-laventure-ambigue-sest-tue"
"Fraternité Matin (CI)";"FR";"2026-10-05";"Portrait/Raymond Aka-Adjo : L’architecte qui dessina les contours d’une Côte d’Ivoire nouvelle";"https://www.fratmat.info/article/2644942/culture/portraitraymond-aka-adjo-larchitecte-qui-dessina-les-contours-dune-cote-divoire-nouvelle"
"Fraternité Matin (CI)";"FR";"2026-10-05";"Mode : Lyanel Babli offre aux déchets marins un destin de haute couture";"https://www.fratmat.info/article/2644940/culture/mode-lyanel-babli-offre-aux-dechets-marins-un-destin-de-haute-couture"
"Fraternité Matin (CI)";"FR";"2026-10-05";"Octobre Rose 2026: Le Prof. Adoubi Innocent alerte sur la progression du cancer et appelle à renforcer le dépistage précoce";"https://www.fratmat.info/article/2644936/societe/octobre-rose-2026-le-prof-adoubi-innocent-alerte-sur-la-progression-du-cancer-et-appelle-a-renforcer-le-depistage-precoce"
"Fraternité Matin (CI)";"FR";"2026-10-05";"En visite en Côte d’Ivoire/Leonardo Santos Simão : ‘’La Côte d’Ivoire constitue une source d’inspiration’’";"https://www.fratmat.info/article/2644930/politique/en-visite-en-cote-divoireleonardo-santos-simo-la-cote-divoire-constitue-une-source-dinspiration"
"Fraternité Matin (CI)";"FR";"2026-10-05";"Intégration régionale : La Côte d’Ivoire évalue ses réformes communautaires de l’Uemoa";"https://www.fratmat.info/article/2644922/economie/integration-regionale-la-cote-divoire-evalue-ses-reformes-communautaires-de-luemoa"
"Le Faso (BF)";"FR";"2026-10-05";"Contact";"https://lefaso.net/spip.php?article64819"
"Le Faso (BF)";"FR";"2026-10-05";"Contactez-nous";"https://lefaso.net/spip.php?article64819"
"Le Faso (BF)";"FR";"2026-10-05";"Ouagadougou : RAYNAL Assurances inaugure un rond-point";"https://lefaso.netspip.php?article149736"
"Le Faso (BF)";"FR";"2026-10-05";"Bobo-Dioulasso : Le dossier Lionel Bilgo renvoyé au 19 octobre 2026";"https://lefaso.netspip.php?article149735"
"Le Faso (BF)";"FR";"2026-10-05";"Burkina / Cancer du sein : Le MammaTyper désormais disponible";"https://lefaso.net/spip.php?article149734"
"Le Faso (BF)";"FR";"2026-10-05";"Bobo-Dioulasso : Le dossier Lionel Bilgo renvoyé au 19 octobre 2026";"https://lefaso.net/spip.php?article149735"
"Le Faso (BF)";"FR";"2026-10-05";"Burkina : 153 messagers formés pour porter le message de la Révolution progressiste populaire";"https://lefaso.net/spip.php?article149717"
"Le Faso (BF)";"FR";"2026-10-05";"Nécrologie : L’auteur de « L’Aventure ambiguë », Cheikh Hamidou Kane, est décédé";"https://lefaso.net/spip.php?article149725"
"Le Faso (BF)";"FR";"2026-10-05";"Planète des jeunes panafricanistes du Burkina Faso : Une conférence pour se pencher sur les défis de l’éducation de qualité";"https://lefaso.net/spip.php?article149718"
"Le Faso (BF)";"FR";"2026-10-05";"Ouagadougou : 1 702 motos et 25 tricycles mis en fourrière pour défaut de casque";"https://lefaso.net/spip.php?article149691"
"Le Faso (BF)";"FR";"2026-10-05";"Burkina : Le « Made in Burkina » au cœur de la deuxième phase des JEPPC 2026";"https://lefaso.net/spip.php?article149688"
"Le Faso (BF)";"FR";"2026-10-05";"𝐄𝐱𝐩𝐨𝐬𝐢𝐭𝐢𝐨𝐧 𝐠𝐨𝐮𝐯𝐞𝐫𝐧𝐞𝐦𝐞𝐧𝐭𝐚𝐥𝐞 : 𝐝𝐞𝐫𝐧𝐢𝐞𝐫𝐬 𝐫𝐞́𝐠𝐥𝐚𝐠𝐞𝐬 𝐚𝐮 𝐒𝐈𝐀𝐎, 𝐚̀ 𝐥𝐚 𝐯𝐞𝐢𝐥𝐥𝐞 𝐝𝐞 𝐥’𝐨𝐮𝐯𝐞𝐫𝐭𝐮𝐫𝐞";"https://lefaso.net/spip.php?article149687"
"Le Faso (BF)";"FR";"2026-10-05";"Burkina : L’Église Catholique fait don de 88 tonnes de ciment à Faso Mêbo";"https://lefaso.net/spip.php?article149672"
"Le Faso (BF)";"FR";"2026-10-05";"Burkina / Cancer du sein : Le MammaTyper désormais disponible";"https://lefaso.netspip.php?article149734"
"Le Faso (BF)";"FR";"2026-10-05";"Burkina : 153 messagers formés pour porter le message de la Révolution progressiste populaire";"https://lefaso.netspip.php?article149717"
"Le Faso (BF)";"FR";"2026-10-05";"Les 100 Visages du Burkina Digital : Edmond Yougbaré, transformer l’information en décision, et la décision en résultats";"https://lefaso.netspip.php?article149731"
"Le Faso (BF)";"FR";"2026-10-05";"Les 100 Visages du Burkina Digital : Latifah Koura Diallo, une nouvelle génération d’ingénieures au cœur des réseaux";"https://lefaso.netspip.php?article149711"
"Le Faso (BF)";"FR";"2026-10-05";"Planète des jeunes panafricanistes du Burkina Faso : Une conférence pour se pencher sur les défis de l’éducation de qualité";"https://lefaso.netspip.php?article149718"
"Le Faso (BF)";"FR";"2026-10-05";"Burkina/Octobre rose : Le gouvernement veut intensifier le dépistage des cancers féminins";"https://lefaso.netspip.php?article149716"
"Le Faso (BF)";"FR";"2026-10-05";"Artisan Avenue : Une galerie de l’artisanat burkinabè ouvre ses portes à Ouagadougou";"https://lefaso.netspip.php?article149728"
"Le Faso (BF)";"FR";"2026-10-05";"Burkina/Banque mondiale : Un nouveau cadre de partenariat pour soutenir les priorités nationales";"https://lefaso.netspip.php?article149723"
"Le Faso (BF)";"FR";"2026-10-05";"Match amical international : Le Burkina Faso s’incline face à l’Argentine (7-0)";"https://lefaso.netspip.php?article149724"
"Le Faso (BF)";"FR";"2026-10-05";"Immigration : Ce que personne ne vous dit avant le départ";"https://lefaso.netspip.php?article149721"
"Le Faso (BF)";"FR";"2026-10-05";"Guinness Summer Vibration 2026 : La Sodibo/Brakina célèbre la créativité des jeunes";"https://lefaso.netspip.php?article149729"
"Le Faso (BF)";"FR";"2026-10-05";"Nécrologie : L’auteur de « L’Aventure ambiguë », Cheikh Hamidou Kane, est décédé";"https://lefaso.netspip.php?article149725"
"Le Faso (BF)";"FR";"2026-10-05";"Nuit de la RPP : Burkinabè et Africains soutiennent le capitaine Ibrahim Traoré dans une ""mobilisation historique et exceptionnelle""";"https://lefaso.netspip.php?article149654"
"Le Faso (BF)";"FR";"2026-10-05";"En direct : Nuit de la Révolution Progressiste Populaire";"https://lefaso.netspip.php?article149651"
"Le Faso (BF)";"FR";"2026-10-05";"« Nuit de la RPP » : Une halte d’hommages aux forces combattantes et de célébrations des victoires et acquis engrangés, selon le comité d’organisation";"https://lefaso.netspip.php?article149542"
"Le Faso (BF)";"FR";"2026-10-05";"Burkina : Ibrahim Traoré à Bobo-Dioulasso pour inaugurer deux infrastructures stratégiques";"https://lefaso.netspip.php?article149097"
"Le Faso (BF)";"FR";"2026-10-05";"‎Burkina : La Présidence du Faso lance le concours Hakili Mousso pour détecter les talents scientifiques féminins";"https://lefaso.netspip.php?article148857"
"Le Faso (BF)";"FR";"2026-10-05";"Immersion patriotique obligatoire 2026 : Le capitaine Ibrahim Traoré exhorte les jeunes à éviter le chemin de la facilité et à servir la patrie";"https://lefaso.netspip.php?article148839"
"Le Faso (BF)";"FR";"2026-10-05";"Assemblée législative du peuple : Mathieu Boro fait ses premiers pas à l’hémicycle et promet de porter la voix des Burkinabè";"https://lefaso.netspip.php?article148412"
"Le Faso (BF)";"FR";"2026-10-05";"Association Nong-Taaba des personnes handicapées : Des kits scolaires offerts à des enfants défavorisés";"https://lefaso.netspip.php?article149722"
"Le Faso (BF)";"FR";"2026-10-05";"Burkina/Programme Jeunes cadres engagés : L’ONG Eau Vive Internationale offre à 13 jeunes diplômés une immersion professionnelle";"https://lefaso.netspip.php?article149719"
"Le Faso (BF)";"FR";"2026-10-05";"15e édition des UACO : Rendez-vous du 7 au 9 octobre 2026";"https://lefaso.netspip.php?article149709"
"Le Faso (BF)";"FR";"2026-10-05";"ONG Children Believe : 16 jeunes diplômés terminent leur première expérience professionnelle";"https://lefaso.netspip.php?article149708"
"Le Faso (BF)";"FR";"2026-10-05";"Burkina/JEPPC 2026 : Le général Célestin Simporé présente les mutations de l’armée et appelle à l’engagement patriotique";"https://lefaso.netspip.php?article149704"
"Le Faso (BF)";"FR";"2026-10-05";"Burkina/Rentrée judiciaire : Les mécanismes traditionnels appelés à rapprocher le droit des justiciables";"https://lefaso.netspip.php?article149696"
"Le Faso (BF)";"FR";"2026-10-05";"Les 100 Visages du Burkina Digital : Dr Issa Compaoré, l’homme qui a formé une génération d’informaticiens burkinabè";"https://lefaso.netspip.php?article149699"
"Le Faso (BF)";"FR";"2026-10-05";"Consommer local : L’UEMOA veut transformer le marché régional en levier de souveraineté économique";"https://lefaso.netspip.php?article149701"
"Le Faso (BF)";"FR";"2026-10-05";"Bobo-Dioulasso : La SONATUR conjugue responsabilité sociale et développement immobilier";"https://lefaso.netspip.php?article149703"
"Le Faso (BF)";"FR";"2026-10-05";"Vulgarisation des chantiers de l’UEMOA : La commission salue le professionnalisme des journalistes et réaffirme son soutien";"https://lefaso.netspip.php?article149702"
"Le Faso (BF)";"FR";"2026-10-05";"UEMOA : La 7e édition du « Mois du consommer local » veut renforcer les échanges et la souveraineté économique régionale";"https://lefaso.netspip.php?article149678"
"Le Faso (BF)";"FR";"2026-10-05";"UEMOA/Paiements instantanés : 175 participants dont 20 au Burkina Faso sont autorisés à ouvrir au public les services de PI-SPI";"https://lefaso.netspip.php?article149683"
"Le Faso (BF)";"FR";"2026-10-05";"Match amical Burkina - Argentine : La FBF cherche une solution après l’annulation du vol vers Buenos Aires";"https://lefaso.netspip.php?article149707"
"Le Faso (BF)";"FR";"2026-10-05";"Camp Vacances karaté du club Saint-Nazareth de Tanghin : Les tout-petits ont appris, les grands ont renforcé leurs capacités";"https://lefaso.netspip.php?article149650"
"Le Faso (BF)";"FR";"2026-10-05";"Championnat national de cricket : Dragons Cricket sacré champion de la saison 2025-2026";"https://lefaso.netspip.php?article149610"
"Le Faso (BF)";"FR";"2026-10-05";"Sanfo Cup Maracana 2026 : Alladess s’impose aux tirs au but et décroche le trophée";"https://lefaso.netspip.php?article149624"
"Le Faso (BF)";"FR";"2026-10-05";"Daouda Kader Traoré, karatéka burkinabè : « J’ai décidé de laisser la place aux plus jeunes »";"https://lefaso.netspip.php?article149572"
"Le Faso (BF)";"FR";"2026-10-05";"Musique : Du simple « like » à l’achat, les REMA 2026 veulent convertir les followers";"https://lefaso.netspip.php?article149605"
"Le Faso (BF)";"FR";"2026-10-05";"Nabalüm, dix ans de carrière : Une reine qui ne baisse pas les bras";"https://lefaso.netspip.php?article149529"
"Le Faso (BF)";"FR";"2026-10-05";"SITHO 2026 : Le financement des projets structurants au cœur de la 16ᵉ édition";"https://lefaso.netspip.php?article149427"
"Le Faso (BF)";"FR";"2026-10-05";"Burkina/ Culture : L’institut burkinabè renaitra de ses cendres, foi de Georges Kaboré";"https://lefaso.netspip.php?article149354"
"Le Faso (BF)";"FR";"2026-10-05";"Musée national : L’exposition « Rupture » invite à repenser l’art et le rapport à la société";"https://lefaso.netspip.php?article149350"
"Le Faso (BF)";"FR";"2026-10-05";"UEMOA : Le « Consommer local » au service de l’intégration régionale";"https://lefaso.netspip.php?article149641"
"Le Faso (BF)";"FR";"2026-10-05";"UEMOA : Le volet régional du « Mois du consommer local » prévu du 1er au 4 octobre 2026 à Ouagadougou";"https://lefaso.netspip.php?article149637"
"Le Faso (BF)";"FR";"2026-10-05";"81e AG de l’ONU : ""Nous ne demandons à personne la permission d’exister"" Karamoko Jean Marie Traoré";"https://lefaso.netspip.php?article149590"
"Le Faso (BF)";"FR";"2026-10-05";"Xi Jinping à la Maison Blanche : La journaliste Shanhui Zhang analyse la visite du président chinois aux Etats-Unis";"https://lefaso.netspip.php?article149535"
"Le Faso (BF)";"FR";"2026-10-05";"ONU : Le Burkina Faso plaide pour un développement souverain et une réforme de la finance internationale";"https://lefaso.netspip.php?article149450"
"Le Faso (BF)";"FR";"2026-10-05";"Concours national d’innovation digitale : 208 solutions enregistrées pour Le Faso Digital 2026";"https://lefaso.netspip.php?article149665"
"Le Faso (BF)";"FR";"2026-10-05";"IA générative : Menace ou moteur pour l’emploi ?";"https://lefaso.netspip.php?article149668"
"Le Faso (BF)";"FR";"2026-10-05";"Burkina Faso : « CultivaTech ne supprime pas l’engrais, elle supprime le hasard », explique Wendkuuni Ben Ahmad Tapsoba";"https://lefaso.netspip.php?article149612"
"Le Faso (BF)";"FR";"2026-10-05";"Semaine du numérique 2026 : Le Comité national d’organisation officiellement installé";"https://lefaso.netspip.php?article149595"
"Le Faso (BF)";"FR";"2026-10-05";"Numériser un service ne signifie pas automatiquement le rendre accessible";"https://lefaso.netspip.php?article149479"
"Le Faso (BF)";"FR";"2026-10-05";"Offre de formation en cybersécurité du 15 mai au 20 juillet 2024";"https://lefaso.netspip.php?article130136"
"Le Faso (BF)";"FR";"2026-10-05";"Vœux de nouvel an de Dre Lydia ROUAMBA, Directrice Générale du Centre national de l’Information, de l’Orientation Scolaire et Professionnelle, et des Bourses (CIOSPB)";"https://lefaso.netspip.php?article118725"
"Le Faso (BF)";"FR";"2026-10-05";"CIOSPB : La République de la Tunisie met à la disposition du Burkina Faso des bourses études pour l’année académique 2022-2023";"https://lefaso.netspip.php?article115137"
"Le Faso (BF)";"FR";"2026-10-05";"7e édition de la Semaine nationale de l’Information et de l’Orientation (SIO) : Le Centre National des Œuvres Universitaires (CENOU) communique sur ses prestations aux nouveaux bacheliers";"https://lefaso.netspip.php?article114708"
"Le Faso (BF)";"FR";"2026-10-05";"Année académique 2022-2023 : Le Royaume du Maroc met à la disposition du Burkina Faso, cent-vingt (120) bourses d’études";"https://lefaso.netspip.php?article113781"
"Le Faso (BF)";"FR";"2026-10-05";"SOUVERAINETÉ ÉCONOMIQUE : ‎Le Président du Faso inaugure la première raffinerie d’or du Burkina";"https://lefaso.netspip.php?article149600"
"Le Faso (BF)";"FR";"2026-10-05";"Santé de la reproduction : « On estime qu’il y a autour de 30 % de contribution de la planification familiale à la réduction de la (…)";"https://lefaso.netspip.php?article149601"
"Le Faso (BF)";"FR";"2026-10-05";"Décès de SAWADOGO Marie Louise : Remerciements et faire part";"https://lefaso.netspip.php?article149599"
"Le Faso (BF)";"FR";"2026-10-05";"Kourweogo : Un crocodile capturé après l’agression d’un mineur";"https://lefaso.netspip.php?article149602"
"Le Faso (BF)";"FR";"2026-10-05";"Décès de ZONGO Moussa Marcel : Remerciements";"https://lefaso.netspip.php?article149560"
"Le Faso (BF)";"FR";"2026-10-05";"Musique : L’artiste Tim Winsey dévoile deux nouveaux albums à Ouagadougou";"https://lefaso.netspip.php?article144306"
"Le Faso (BF)";"FR";"2026-10-05";"Littérature : « Le Blessé de guerre », quand Dié Maurice Millogo transforme les blessures de la pauvreté en force";"https://lefaso.netspip.php?article149455"
"Le Faso (BF)";"FR";"2026-10-05";"Résultats du tirage du Faso Loto BARKA du Dimanche 04 octobre 2026";"https://lefaso.netspip.php?article149730"
"Le Faso (BF)";"FR";"2026-10-05";"Avis de disparition de Boundaogo Nouria Salimatou";"https://lefaso.netspip.php?article149710"
"Le Faso (BF)";"FR";"2026-10-05";"Résultats du tirage du Faso Loto WELHY du Vendredi 02 octobre 2026.";"https://lefaso.netspip.php?article149697"
"Le Faso (BF)";"FR";"2026-10-05";"OFFRE LIBRAIRIE : Cette rentrée, payez moins avec Moov Money !";"https://lefaso.netspip.php?article149693"
"Le Faso (BF)";"FR";"2026-10-05";"Annonce legale : vente sur saisie immobiliere sur les diligences de l’avocat poursuivant (Immeuble urbain bâti (…)";"https://lefaso.netspip.php?article149664"
"Le Faso (BF)";"FR";"2026-10-05";"Annonce legale : vente sur saisie immobilière Sur les diligences de l’Avocat poursuivant (Immeuble bâti formant la (…)";"https://lefaso.netspip.php?article149663"
"Le Faso (BF)";"FR";"2026-10-05";"Résultats du tirage du Faso Loto ETOILE BONHEUR du Jeudi 01 octobre 2026";"https://lefaso.netspip.php?article149677"
"Le Faso (BF)";"FR";"2026-10-05";"Avis de vente aux enchères publiques";"https://lefaso.netspip.php?article149669"
"Le Faso (BF)";"FR";"2026-10-05";"Décès de Madame ZOUNGRANA/KABORÉ Dakiswinigda Rose Aïda : Remerciements";"https://lefaso.netspip.php?article148376"
"Le Faso (BF)";"FR";"2026-10-05";"Messe de requiem de Dima Fidéle";"https://lefaso.netspip.php?article148292"
"Le Faso (BF)";"FR";"2026-10-05";"Décès de Sompagnimdi Philippe Honoré OUEDRAOGO : REMERCIEMENTS & FAIRE-PART";"https://lefaso.netspip.php?article148049"
"Le Faso (BF)";"FR";"2026-10-05";"Programme des obsèques de Tapsoba née Nikiema G. Rosalie";"https://lefaso.netspip.php?article148026"
"Le Faso (BF)";"FR";"2026-10-05";"Décès de El hadj Traoré Ali : Faire-part";"https://lefaso.netspip.php?article149727"
"Le Faso (BF)";"FR";"2026-10-05";"Décès de Zonlo Bibiane Go : faire part";"https://lefaso.netspip.php?article149732"
"Le Faso (BF)";"FR";"2026-10-05";"Décès de YONI MARIE NATHALIE épouse KABORE : Faire part";"https://lefaso.netspip.php?article149720"
"Le Faso (BF)";"FR";"2026-10-05";"Décès de Sylvain R Bonkoungou : Programme des obsèques";"https://lefaso.netspip.php?article149712"
"Le Faso (BF)";"FR";"2026-10-05";"Décès ZEZOUMA MARCEL DOMINIQUE MILLOGO : Remerciements";"https://lefaso.netspip.php?article149713"
"Le Faso (BF)";"FR";"2026-10-05";"Décès de El-Hajj NANA SOUMAILA : Remerciements";"https://lefaso.netspip.php?article149642"
"Le Faso (BF)";"FR";"2026-10-05";"Décès de Lazare ZONGO : Faire part";"https://lefaso.netspip.php?article149671"
"Le Faso (BF)";"FR";"2026-10-05";"Décès de OUEDRAOGO Stéphane : Faire part";"https://lefaso.netspip.php?article149670"
"Le Faso (BF)";"FR";"2026-10-05";"Sciences : Gaëlle Koné est partie de la curiosité pour les cellules à la recherche d’une piste contre le cancer";"https://lefaso.netspip.php?article149613"
"Le Faso (BF)";"FR";"2026-10-05";"Coopération : Evelyne Dabiré nommée ambassadrice extraordinaire  et plénipotentiaire du Canada près le Bénin";"https://lefaso.netspip.php?article147766"
"Le Faso (BF)";"FR";"2026-10-05";"Fraude financière : La BCEAO alerte sur une fausse vidéo utilisant l’image de son gouverneur, Jean-Claude Kassi Brou";"https://lefaso.netspip.php?article149324"
"Le Faso (BF)";"FR";"2026-10-05";"Maroc : Fatima Ezzahra El Mansouri, première femme nommée à la tête du gouvernement";"https://lefaso.netspip.php?article149633"
"Le Faso (BF)";"FR";"2026-10-05";"Modernisation des services consulaires : Le Burkina Faso lance YORI ID aux États-Unis";"https://lefaso.netspip.php?article149615"
"Le Faso (BF)";"FR";"2026-10-05";"Faune sauvage : Un crocodile capturé dans un cabaret au secteur 3 de Fada N’Gourma";"https://lefaso.netspip.php?article149406"
"Le Faso (BF)";"FR";"2026-10-05";"Dynamiques organisationnelles et interactions des acteurs de la filière bétail-viande au Burkina Faso";"https://lefaso.netspip.php?article149344"
"Le Faso (BF)";"FR";"2026-10-05";"Comment s’adapter aux effets des changements climatiques dans la commune rurale de Koumbia au Burkina Faso";"https://lefaso.netspip.php?article149339"
"Le Faso (BF)";"FR";"2026-10-05";"Perceptions et stratégies d’adaptation des agropasteurs du changement climatique au Burkina Faso";"https://lefaso.netspip.php?article149338"
"Le Faso (BF)";"FR";"2026-10-05";"Burkina : Les députés adoptent à l’unanimité la loi de finances rectificative pour l’exécution du budget de l’État, exercice 2026";"https://lefaso.netspip.php?article149454#forum"
"Le Faso (BF)";"FR";"2026-10-05";"Nabalüm, dix ans de carrière : Une reine qui ne baisse pas les bras";"https://lefaso.netspip.php?article149529#forum"
"Le Faso (BF)";"FR";"2026-10-05";"Match amical international : Le Burkina Faso s’incline face à l’Argentine (7-0)";"https://lefaso.netspip.php?article149724#forum"
"Le Faso (BF)";"FR";"2026-10-05";"Bobo-Dioulasso : Le dossier Lionel Bilgo renvoyé au 19 octobre 2026";"https://lefaso.netspip.php?article149735#forum"
"Le Faso (BF)";"FR";"2026-10-05";"Planète des jeunes panafricanistes du Burkina Faso : Une conférence pour se pencher sur les défis de l’éducation de qualité";"https://lefaso.netspip.php?article149718#forum"
"Le Faso (BF)";"FR";"2026-10-05";"Volontariat national : Le Burkina Faso ambitionne de constituer un vivier d’un million de réservistes en cinq ans";"https://lefaso.netspip.php?article149349#forum"
"Le Faso (BF)";"FR";"2026-10-05";"SOUVERAINETÉ ÉCONOMIQUE : ‎Le Président du Faso inaugure la première raffinerie d’or du Burkina";"https://lefaso.netspip.php?article149600#forum"
"Le Faso (BF)";"FR";"2026-10-05";"Nécrologie : L’auteur de « L’Aventure ambiguë », Cheikh Hamidou Kane, est décédé";"https://lefaso.netspip.php?article149725#forum"
"Le Faso (BF)";"FR";"2026-10-05";"Burkina/Banque mondiale : Un nouveau cadre de partenariat pour soutenir les priorités nationales";"https://lefaso.netspip.php?article149723#forum"
"Le Faso (BF)";"FR";"2026-10-05";"Match amical Burkina - Argentine : La FBF cherche une solution après l’annulation du vol vers Buenos Aires";"https://lefaso.netspip.php?article149707#forum"
"Le Faso (BF)";"FR";"2026-10-05";"Relations internationales : Israël de plus en plus isolé et décrié";"https://lefaso.netspip.php?article149577#forum"
"Le Faso (BF)";"FR";"2026-10-05";"A propos...";"https://lefaso.net/spip.php?article29&rubrique17"
"Le Faso (BF)";"FR";"2026-10-05";"Publicité";"https://lefaso.net/spip.php?article5736&rubrique17t"
"Le Faso (BF)";"FR";"2026-10-05";"Partenariat";"https://lefaso.net/spip.php?article30&rubrique17"
"Le Faso (BF)";"FR";"2026-10-05";"Nous contacter";"https://lefaso.net/spip.php?article32&rubrique17"
"La Nation (BJ)";"FR";"2026-10-05";"Accélération de sa transformation: L'Afrique de l'Ouest mise sur l'investissement";"https://lanation.bj/economie/acceleration-de-sa-transformation-lafrique-de-louest-mise-sur-linvestissement"
"La Nation (BJ)";"FR";"2026-10-05";"05 oct. 2026";"https://lanation.bj/economie/acceleration-de-sa-transformation-lafrique-de-louest-mise-sur-linvestissement"
"La Nation (BJ)";"FR";"2026-10-05";"Administration fiscale: Le RéFAFI-Bénin porté sur les fonts baptismaux";"https://lanation.bj/economie/administration-fiscale-le-refafi-benin-porte-sur-les-fonts-baptismaux"
"La Nation (BJ)";"FR";"2026-10-05";"05 oct. 2026";"https://lanation.bj/economie/administration-fiscale-le-refafi-benin-porte-sur-les-fonts-baptismaux"
"La Nation (BJ)";"FR";"2026-10-05";"Administration fiscale: Le RéFAFI-Bénin porté sur les fonts baptismaux
                            
                                                            Lecture de 3 min";"https://lanation.bj/economie/administration-fiscale-le-refafi-benin-porte-sur-les-fonts-baptismaux"
"La Nation (BJ)";"FR";"2026-10-05";"Uemoa : Les États optent pour l'harmonisation communautaire des marchés publics
                            
                                                            Lecture de 3 min";"https://lanation.bj/economie/uemoa-les-etats-optent-pour-lharmonisation-communautaire-des-marches-publics"
"La Nation (BJ)";"FR";"2026-10-05";"Tourisme : le Bénin peut s’inspirer du modèle touristique mauricien
                            
                                                            Lecture de 2 min";"https://lanation.bj/economie/tourisme-le-benin-peut-sinspirer-du-modele-touristique-mauricien"
"La Nation (BJ)";"FR";"2026-10-05";"Programme CyberIncub: Trois startups béninoises de cybersécurité distinguées";"https://lanation.bj/economie/programme-cyberincub-trois-startups-beninoises-de-cybersecurite-distinguees"
"Graphic Online (GH)";"EN";"2026-10-05";"Politics";"/news/politics.html"
"Graphic Online (GH)";"EN";"2026-10-05";"Business News";"/business/business-news.html"
"Graphic Online (GH)";"EN";"2026-10-05";"Companies";"/business/gb-companies.html"
"Graphic Online (GH)";"EN";"2026-10-05";"Markets";"/business/markets.html"
"Graphic Online (GH)";"EN";"2026-10-05";"Opinion";"/business/opinion.html"
"Graphic Online (GH)";"EN";"2026-10-05";"Auto News";"/business/ghana-auto-industry-news.html"
"Graphic Online (GH)";"EN";"2026-10-05";"NPP makes presidential candidate party leader";"/news/politics/ghana-news-npp-makes-presidential-candidate-party-leader.html"
"Graphic Online (GH)";"EN";"2026-10-05";"Chief Justice urges Judiciary to strengthen foundations of justice";"/news/general-news/ghana-news-chief-justice-urges-judiciary-to-strengthen-foundations-of-justice.html"
"Graphic Online (GH)";"EN";"2026-10-05";"Ghana Jollof case: Nurse Salomey Awity Bafoh granted GH¢100,000...";"/news/general-news/ghana-jollof-case-nurse-salomey-bafoh-granted-ghc100-000-bail.html"
"Graphic Online (GH)";"EN";"2026-10-05";"NPP won’t wait to plan government - Dr Bawumia declares";"/news/politics/ghana-news-npp-wont-wait-to-plan-government-dr-bawumia-declares.html"
"Graphic Online (GH)";"EN";"2026-10-05";"John Boadu pledges NPP renewal";"/news/general-news/john-boadu-pledges-npp-renewal.html"
"Graphic Online (GH)";"EN";"2026-10-05";"How Kojo 'Bamba' pulled a surprise and got elected as NPP 1st national vice chairman beating 12 other contestants";"/news/politics/how-kojo-bamba-pulled-a-surprise-and-got-elected-as-npp-national-1st-vice-chairman-beating-12-other-contestants.html"
"Graphic Online (GH)";"EN";"2026-10-05";"'Political victory is never an entitlement' - Newly elected NPP National Chairman John Boadu pledges to lead with humility";"/news/politics/political-victory-is-never-an-entitlement-newly-elected-npp-national-chairman-john-boadu-pledges-to-lead-with-humility.html"
"Graphic Online (GH)";"EN";"2026-10-05";"Mavis Hawa Koomson is the new National Women's Organiser of NPP";"/news/politics/mavis-hawa-koomson-is-the-new-national-womens-organiser-of-npp.html"
"Graphic Online (GH)";"EN";"2026-10-05";"Kojo 'Bamba' Fosu Boadu, Nana Boakye and Nana Akomea elected 1st, 2nd and 3rd vice chairs of NPP";"/news/politics/nana-akomea-is-new-first-vice-chairman-of-npp.html"
"Graphic Online (GH)";"EN";"2026-10-05";"John Boadu elected National Chairman of NPP";"/news/politics/john-boadu-elected-national-chairman-of-npp.html"
"Graphic Online (GH)";"EN";"2026-10-05";"Justin Kodua Frimpong re-elected General Secretary of NPP";"/news/politics/justin-kodua-frimpong-re-elected-general-secretary-of-npp.html"
"Graphic Online (GH)";"EN";"2026-10-05";"Titus Glover elected National Organiser of NPP";"/news/politics/titus-glover-elected-national-organiser-of-npp.html"
"Graphic Online (GH)";"EN";"2026-10-05";"Health sovereignty a priority for 1.4 billion Africans - President Mahama declares";"/news/general-news/health-sovereignty-a-priority-for-1-4-billion-africans-president-mahama-declares.html"
"Graphic Online (GH)";"EN";"2026-10-05";"President Mahama in Egypt for AU Mid-Year Summit";"/news/general-news/president-mahama-in-egypt-for-au-mid-year-summit.html"
"Graphic Online (GH)";"EN";"2026-10-05";"Manhyia South MP Nana Agyei Baffour Awuah  granted GH¢10 million bail";"/news/general-news/court-grants-bail-for-manhyia-south-mp-nana-agyei-baffour-awuah.html"
"Graphic Online (GH)";"EN";"2026-10-05";"Parliament condemns continued EOCO detention of Manhyia South MP Baffour Awuah and calls for immediate release";"/news/politics/parliament-condemns-continued-eoco-detention-manhyia-south-mp-baffour-awuah-and-calls-for-immediate-release.html"
"Graphic Online (GH)";"EN";"2026-10-05";"EOCO to arraign Manhyia South MP Nana Agyei Baffour before weekend court";"/news/general-news/eoco-denies-ghc50-million-bail-for-manhyia-south-mp-says-suspect-cooperating.html"
"Graphic Online (GH)";"EN";"2026-10-05";"Whispers from Tafi-Atome Monkey Sanctuary - Where loyalty is tied to the banana";"/news/general-news/ghana-news-whispers-from-tafi-atome-monkey-sanctuary-where-loyalty-is-tied-to-the-banana.html"
"Graphic Online (GH)";"EN";"2026-10-05";"SSNIT Board on why it requested National Security intervention on demolition of structures at Labadi, La Palm beachfronts";"/news/general-news/ssnit-board-on-why-it-requested-national-security-intervention-on-demolition-of-structures-at-labadi-la-palm-beachfronts.html"
"Graphic Online (GH)";"EN";"2026-10-05";"Bawumia on redesigning space at La beachfront to meet standards and assist operators to run it";"/news/general-news/bawumia-on-redesigning-space-at-la-beachfront-to-meet-standards-and-assist-operators-to-run-it.html"
"Graphic Online (GH)";"EN";"2026-10-05";"NPP sets Kumasi agog with national delegates conference";"/news/politics/ghana-news-npp-sets-kumasi-agog-with-national-delegates-conference-today-police-announce-temporary-roadblocks.html"
"Graphic Online (GH)";"EN";"2026-10-05";"La Pleasure Beach at ground zero - National Security demolishes all structures";"/news/general-news/ghana-news-la-pleasure-beach-at-ground-zero-national-security-demolishes-all-structures.html"
"Graphic Online (GH)";"EN";"2026-10-05";"Aftermath of North Industrial Area fire affected traders count their cost";"/news/general-news/ghana-news-aftermath-of-north-industrial-area-fire-duraplast-affected-traders-count-their-cost.html"
"Graphic Online (GH)";"EN";"2026-10-05";"Adentan Constituency is on course  — MP";"/news/politics/ghana-news-adentan-constituency-is-on-course-mp.html"
"Graphic Online (GH)";"EN";"2026-10-05";"3 Tasks of NPP’s next national executives";"/news/politics/ghana-news-3-tasks-of-npps-next-national-executives.html"
"Graphic Online (GH)";"EN";"2026-10-05";"Govt tables new proposals to teachers";"/news/education/ghana-news-govt-tables-new-proposals-to-teachers.html"
"Graphic Online (GH)";"EN";"2026-10-05";"Happy 76th Birthday to the Daily Graphic!";"/news/general-news/happy-76th-birthday-to-the-daily-graphic.html"
"Graphic Online (GH)";"EN";"2026-10-05";"NLA presents GH¢10 million dividend, Finance Minister says more needed";"/news/general-news/nla-presents-ghc10-million-dividend-finance-minister-says-more-needed.html"
"Graphic Online (GH)";"EN";"2026-10-05";"President visits medical ship, pledges support for free surgeries";"/news/general-news/ghana-news-president-visits-medical-ship-pledges-support-for-free-surgeries.html"
"Graphic Online (GH)";"EN";"2026-10-05";"Who chairs NPP into 2028?";"/news/general-news/ghana-news-who-chairs-npp-into-2028-tomorrows-national-delegates-conference-decide.html"
"Graphic Online (GH)";"EN";"2026-10-05";"NACOC begins pre-screening checks at Accra International Airport";"/news/general-news/nacoc-begins-pre-screening-checks-at-accra-international-airport.html"
"Graphic Online (GH)";"EN";"2026-10-05";"North Industrial Area fire: AMA clears unauthorised structures at Kofikrom";"/news/general-news/north-industrial-area-fire-ama-clears-unauthorised-structures-at-kofikrom.html"
"Graphic Online (GH)";"EN";"2026-10-05";"Manhyia South MP Baffour Awuah surrenders to EOCO, arrested";"/news/general-news/manhyia-south-mp-baffour-awuah-surrenders-to-eoco-arrested.html"
"Graphic Online (GH)";"EN";"2026-10-05";"Military begins demolition at La Pleasure Beach";"/news/general-news/military-begins-demolition-at-la-pleasure-beach-as-mp-rita-naa-odoley-sowah-resists.html"
"Graphic Online (GH)";"EN";"2026-10-05";"Dr Sylvia Adusu sworn in as first African woman on ITLOS";"/news/general-news/ghana-news-dr-sylvia-adusu-sworn-in-as-first-african-woman-on-itlos.html"
"Graphic Online (GH)";"EN";"2026-10-05";"World Congress to drive spiritual revival, boost nation’s economy — Rev. Wengam";"/news/general-news/ghana-news-world-congress-to-drive-spiritual-revival-boost-nations-economy-rev-wengam.html"
"Graphic Online (GH)";"EN";"2026-10-05";"Witchweed eats into crop harvests in northern Ghana";"/news/general-news/ghana-news-witchweed-eats-into-crop-harvests-in-northern-ghana.html"
"Graphic Online (GH)";"EN";"2026-10-05";"MT Asharami Ghana vessel arrives to enhance LPG supply";"/news/general-news/ghana-news-mt-asharami-ghana-vessel-arrives-to-enhance-lpg-supply.html"
"Graphic Online (GH)";"EN";"2026-10-05";"Zenith Bank supports Childhood Cancer Unit at Greater Accra Regional Hospital";"/business/business-news/zenith-bank-supports-childhood-cancer-unit-at-greater-accra-regional-hospital.html"
"Graphic Online (GH)";"EN";"2026-10-05";"Ghana Jollof case: Nurse Salomey Awity Bafoh granted GH¢100,000 bail; Case adjourned to February 17, 2027";"/news/general-news/ghana-jollof-case-nurse-salomey-bafoh-granted-ghc100-000-bail.html"
"Graphic Online (GH)";"EN";"2026-10-05";"NCA awards spectrum to MTN Ghana for 5G services";"/business/business-news/nca-awards-spectrum-to-mtn-ghana-for-5g-services.html"
"Graphic Online (GH)";"EN";"2026-10-05";"Asogli 2026 Yam Festival  (Te Za) rounded off with durbar";"/news/general-news/asogli-2026-yam-festival-te-za-rounded-off-with-durbar.html"
"Graphic Online (GH)";"EN";"2026-10-05";"High Court grants Manhyia South MP Nana Agyei Baffour GH¢10 million bail";"/news/general-news/high-court-grants-manhyia-south-mp-nana-agyei-baffour-ghc10-million-bail.html"
"Graphic Online (GH)";"EN";"2026-10-05";"Ghana Politics";"/news/politics.html"
"Graphic Online (GH)";"EN";"2026-10-05";"General News";"/news/general-news.html"
"Graphic Online (GH)";"EN";"2026-10-05";"Education News";"/news/education.html"
"Graphic Online (GH)";"EN";"2026-10-05";"News in Ghana";"/news/general-news.html"
"Malijet (ML)";"FR";"2026-10-05";"Politique";"https://malijet.com/actualite-politique-au-mali"
"Malijet (ML)";"FR";"2026-10-05";"Economie";"https://malijet.com/actualite_economique_du_mali"
"Malijet (ML)";"FR";"2026-10-05";"Sports";"https://malijet.com/actualite_sportive_au_mali"
"Malijet (ML)";"FR";"2026-10-05";"Culture";"https://malijet.com/actualite_culturelle_au_mali"
"Malijet (ML)";"FR";"2026-10-05";"International";"https://malijet.com/actualite_internationale"
"Malijet (ML)";"FR";"2026-10-05";"AES";"https://malijet.com/actualite-sur-aes"
"Malijet (ML)";"FR";"2026-10-05";"Afrique";"https://malijet.com/actualite-sur-afrique"
"Malijet (ML)";"FR";"2026-10-05";"Célébration du 66ᵉ anniversaire de l’Armée de Terre malienne";"https://malijet.com/actualite_de_la_nation_malienne/312134-celebration-du-66-anniversaire-de-larmee-de-terre-malienne.html"
"Malijet (ML)";"FR";"2026-10-05";"Carnet d’audience: Chambre de commerce et d’industrie du Mali CCIM";"https://malijet.com/actualite_economique_du_mali/312104-carnet-daudience-chambre-de-commerce-et-dindustrie-du-mal.html"
"Malijet (ML)";"FR";"2026-10-05";"Mines : Le Burkina Faso inaugure sa première raffinerie d'or, un « acte de souveraineté assumée »";"https://malijet.com/actualite_economique_du_mali/312078-mines-le-burkina-faso-inaugure-sa-premiere-raffinerie-dor.html"
"Malijet (ML)";"FR";"2026-10-05";"Addis-Abeba : le Mali met en avant sa diplomatie et ses relations avec l’Éthiopie";"https://malijet.com/actualite-politique-au-mali/312053-addis-abeba-le-mali-met-en-avant-sa-diplomatie-et-ses-rela.html"
"Malijet (ML)";"FR";"2026-10-05";"Intégration économique : L'AES prépare son 5e sommet ministériel à Bamako";"https://malijet.com/actualite_economique_du_mali/312035-integration-economique-laes-prepare-son-5e-sommet-ministe.html"
"Malijet (ML)";"FR";"2026-10-05";"Diplomatie : Le président béninois Romuald Wadagni reçu par Emmanuel Macron à l'Élysée";"https://malijet.com/actualite_internationale/312178-diplomatie-le-president-beninois-romuald-wadagni-recu-par.html"
"Malijet (ML)";"FR";"2026-10-05";"Justice : La Mission EUCAP Sahel Mali fait le point sur l'avancement de la Maison de Justice de Kayes";"https://malijet.com/actualite-politique-au-mali/312177-justice-la-mission-eucap-sahel-mali-fait-le-point-sur-lav.html"
"Malijet (ML)";"FR";"2026-10-05";"Diplomatie : Le Sénégal et l'Égypte renforcent leur partenariat bilatéral";"https://malijet.com/actualite-sur-afrique/312172-diplomatie-le-senegal-et-legypte-renforcent-leur-partenar.html"
"Malijet (ML)";"FR";"2026-10-05";"81e session ordinaire de l’Assemblée Générale des Nations-Unies: Le Mali dénonce les agressions ukrainiennes au Sahel";"https://malijet.com/actualite-politique-au-mali/312170-81e-session-ordinaire-de-lassemblee-generale-des-nations-un.html"
"Malijet (ML)";"FR";"2026-10-05";"Secteur de l’Eau au Mali: La SOMAPEP et la SOMAGEP dotées de nouveaux DG";"https://malijet.com/actualite-politique-au-mali/312169-secteur-de-leau-au-mali-la-somapep-et-la-somagep-dotees-de.html"
"Malijet (ML)";"FR";"2026-10-05";"Voir tout →";"https://malijet.com/actualite-politique-au-mali"
"Malijet (ML)";"FR";"2026-10-05";"Diplomatie : Le Mali célèbre l'indépendance de la Guinée, rappelant la fraternité entre « deux poumons d'un même corps »";"https://malijet.com/actualite-politique-au-mali/312143-diplomatie-le-mali-celebre-lindependance-de-la-guinee-ra.html"
"Malijet (ML)";"FR";"2026-10-05";"Voir tout →";"https://malijet.com/actualite_economique_du_mali"
"Malijet (ML)";"FR";"2026-10-05";"UEMOA : les ministres adoptent de nouvelles mesures pour renforcer l’intégration régionale";"https://malijet.com/actualite_economique_du_mali/312147-uemoa-les-ministres-adoptent-de-nouvelles-mesures-pour-ren.html"
"Malijet (ML)";"FR";"2026-10-05";"Investissement : La Banque mondiale exprime son intérêt pour le Forum du Mali Kura lors d'une rencontre avec l'API-Mali";"https://malijet.com/actualite_economique_du_mali/312138-investissement-la-banque-mondiale-exprime-son-interet-pour.html"
"Malijet (ML)";"FR";"2026-10-05";"Le lancement du forum d’investissement de la CEDEAO 2027 mobilise investisseurs et partenaires en faveur de la transformation de l’Afrique de l’ouest";"https://malijet.com/actualite_economique_du_mali/312116-le-lancement-du-forum-dinvestissement-de-la-cedeao-2027-mob.html"
"Malijet (ML)";"FR";"2026-10-05";"Mali : création d’une Agence pour la recherche et le développement des ressources minérales";"https://malijet.com/actualite_economique_du_mali/312110-mali-creation-dune-agence-pour-la-recherche-et-le-develop.html"
"Malijet (ML)";"FR";"2026-10-05";"Voir tout →";"https://malijet.com/actualite_sportive_au_mali"
"Malijet (ML)";"FR";"2026-10-05";"8e Congrès de l’Association des journalistes sportifs du Mali (AJSM): Oumar Baba Traoré réélu pour un nouveau mandat de quatre ans";"https://malijet.com/actualite_sportive_au_mali/312167-8e-congres-de-lassociation-des-journalistes-sportifs-du-mal.html"
"Malijet (ML)";"FR";"2026-10-05";"Amical Maroc-Mali : pas de vainqueur à Tanger";"https://malijet.com/actualite_sportive_au_mali/312166-amical-maroc-mali-pas-de-vainqueur-a-tanger.html"
"Malijet (ML)";"FR";"2026-10-05";"Sport : Oumar Baba Traoré réélu président de l'Association des Journalistes Sportifs du Mali";"https://malijet.com/actualite_sportive_au_mali/312163-sport-oumar-baba-traore-reelu-president-de-lassociation-d.html"
"Malijet (ML)";"FR";"2026-10-05";"Éliminatoires JO 2028 : la liste des Aigles Dames pour la double confrontation face au Bénin";"https://malijet.com/actualite_sportive_au_mali/312156-eliminatoires-jo-2028-la-liste-des-aigles-dames-pour-la-do.html"
"Malijet (ML)";"FR";"2026-10-05";"Voir tout →";"https://malijet.com/actualite_internationale"
"Malijet (ML)";"FR";"2026-10-05";"Sondage CGTN: La « Golden Week » témoigne de la vigueur de l'économie des vacances en Chine";"https://malijet.com/actualite_internationale/312132-sondage-cgtn-la-golden-week-temoigne-de-la-vigueur-de-l.html"
"Malijet (ML)";"FR";"2026-10-05";"Flydubai : bagarre, tentative de suicide, 11 septembre évité… ce que l’on sait de l’incident en plein vol";"https://malijet.com/actualite_internationale/312117-flydubai-bagarre-tentative-de-suicide-11-septembre-evite.html"
"Malijet (ML)";"FR";"2026-10-05";"Iran : une chanteuse condamnée à 74 coups de fouet";"https://malijet.com/actualite_internationale/312075-iran-une-chanteuse-condamnee-a-74-coups-de-fouet.html"
"Malijet (ML)";"FR";"2026-10-05";"Voir tout →";"https://malijet.com/actualite-sur-aes"
"Malijet (ML)";"FR";"2026-10-05";"Premier pari confédéral AES : 150 millions de FCFA en jeu et une œuvre communautaire pour célébrer la coopération entre le Burkina Faso, le Mali et le Niger";"https://malijet.com/actualite-sur-aes/312142-premier-pari-confederal-aes-150-millions-de-fcfa-en-jeu-et.html"
"Malijet (ML)";"FR";"2026-10-05";"Jeunesse : L'AES lance son Université d'été des volontaires à Niamey pour bâtir une citoyenneté sahélienne commune";"https://malijet.com/actualite-sur-aes/312084-jeunesse-laes-lance-son-universite-dete-des-volontaires.html"
"Malijet (ML)";"FR";"2026-10-05";"AES : les ministres de l’Industrie et du Commerce adoptent une feuille de route à Bamako";"https://malijet.com/actualite-sur-aes/312083-aes-les-ministres-de-lindustrie-et-du-commerce-adoptent-u.html"
"Malijet (ML)";"FR";"2026-10-05";"AES : Abdoulaye Maïga échange avec les ministres de l’Industrie et du Commerce";"https://malijet.com/actualite-sur-aes/312068-aes-abdoulaye-maiga-echange-avec-les-ministres-de-lindust.html"
"Malijet (ML)";"FR";"2026-10-05";"Mines : Le Burkina Faso inaugure sa première raffinerie d'or, un « acte de souveraineté assumée »
                
                                    
                il y a 6 jours";"https://malijet.com/actualite_economique_du_mali/312078-mines-le-burkina-faso-inaugure-sa-premiere-raffinerie-dor.html"
"Malijet (ML)";"FR";"2026-10-05";"Iran : une chanteuse condamnée à 74 coups de fouet
                
                                    
                il y a 6 jours";"https://malijet.com/actualite_internationale/312075-iran-une-chanteuse-condamnee-a-74-coups-de-fouet.html"
"Malijet (ML)";"FR";"2026-10-05";"Diplomatie : Le Sénégal et l'Égypte renforcent leur partenariat bilatéral
                                        il y a 2 heures";"https://malijet.com/actualite-sur-afrique/312172-diplomatie-le-senegal-et-legypte-renforcent-leur-partenar.html"
"Malijet (ML)";"FR";"2026-10-05";"Coup d'état au Niger : L’Algérie dénonce une ""provocation"" et révèle son intervention militaire
                                        il y a 1 jour";"https://malijet.com/actualite-sur-afrique/312149-coup-detat-au-niger-lalgerie-denonce-une-provocation-e.html"
"Malijet (ML)";"FR";"2026-10-05";"Niger-Russie : Abdourahamane Tiani appelle à accélérer les projets de coopération
                                        il y a 2 jours";"https://malijet.com/actualite-sur-afrique/312145-niger-russie-abdourahamane-tiani-appelle-a-accelerer-les-p.html"
"Malijet (ML)";"FR";"2026-10-05";"Guinée-Bisseau : Le Haut commandement militaire interdit le retour de l'ancien président Umaro Sissoco Embaló
                                        2 commentaires
                                        il y a 2 jours";"https://malijet.com/actualite-sur-afrique/312141-guinee-bisseau-le-haut-commandement-militaire-interdit-le.html"
"Malijet (ML)";"FR";"2026-10-05";"Guinée : Mamadi Doumbouya place la jeunesse et la souveraineté au cœur du 68ᵉ anniversaire de l'indépendance
                                        il y a 3 jours";"https://malijet.com/actualite-sur-afrique/312131-guinee-mamadi-doumbouya-place-la-jeunesse-et-la-souveraine.html"
"Malijet (ML)";"FR";"2026-10-05";"Sénégal : L'Assemblée nationale adopte un texte pour mieux encadrer les dépenses de souveraineté
                                        il y a 3 jours";"https://malijet.com/actualite-sur-afrique/312129-senegal-lassemblee-nationale-adopte-un-texte-pour-mieux-e.html"
"Malijet (ML)";"FR";"2026-10-05";"Assemblée nationale ivoirienne : Le député Coulibaly Fononna Cheik Ahmed prend part à l'ouverture de la 2ème session ordinaire de 2026
                                        il y a 3 jours";"https://malijet.com/actualite-sur-afrique/312123-assemblee-nationale-ivoirienne-le-depute-coulibaly-fononna.html"
"Malijet (ML)";"FR";"2026-10-05";"Interpol enquête sur Air Sénégal : colis, drogue et soupçons de trafic
                                        il y a 4 jours";"https://malijet.com/actualite-sur-afrique/312102-interpol-enquete-sur-air-senegal-colis-drogue-et-soupcons.html"
"Malijet (ML)";"FR";"2026-10-05";"Maroc : Fatima Ezzahra El Mansouri nommée cheffe du gouvernement
                                        il y a 5 jours";"https://malijet.com/actualite-sur-afrique/312098-maroc-fatima-ezzahra-el-mansouri-nommee-cheffe-du-gouverne.html"
"Malijet (ML)";"FR";"2026-10-05";"Guinée-Bissau : Embaló annonce sa candidature à la présidentielle
                                        il y a 5 jours";"https://malijet.com/actualite-sur-afrique/312087-guinee-bissau-embalo-annonce-sa-candidature-a-la-president.html"
"Malijet (ML)";"FR";"2026-10-05";"Diplomatie : Le président béninois Romuald Wadagni reçu par Emmanuel Macron à l'Élysée
                                        il y a 6 minutes";"https://malijet.com/actualite_internationale/312178-diplomatie-le-president-beninois-romuald-wadagni-recu-par.html"
"Malijet (ML)";"FR";"2026-10-05";"Sondage CGTN: La « Golden Week » témoigne de la vigueur de l'économie des vacances en Chine
                                        il y a 3 jours";"https://malijet.com/actualite_internationale/312132-sondage-cgtn-la-golden-week-temoigne-de-la-vigueur-de-l.html"
"Malijet (ML)";"FR";"2026-10-05";"Flydubai : bagarre, tentative de suicide, 11 septembre évité… ce que l’on sait de l’incident en plein vol
                                        il y a 3 jours";"https://malijet.com/actualite_internationale/312117-flydubai-bagarre-tentative-de-suicide-11-septembre-evite.html"
"Malijet (ML)";"FR";"2026-10-05";"Iran : une chanteuse condamnée à 74 coups de fouet
                                        il y a 6 jours";"https://malijet.com/actualite_internationale/312075-iran-une-chanteuse-condamnee-a-74-coups-de-fouet.html"
"Malijet (ML)";"FR";"2026-10-05";"Crash d'Air Algérie : la compagnie Swiftair condamnée à une amende de 225.000 euros pour homicides involontaires
                                        il y a 6 jours";"https://malijet.com/actualite_internationale/312064-crash-dair-algerie-la-compagnie-swiftair-condamnee-a-une.html"
"Malijet (ML)";"FR";"2026-10-05";"ONU : Mamadi Doumbouya présente le « modèle guinéen » à la tribune de l'Assemblée générale
                                        il y a 1 semaine";"https://malijet.com/actualite_internationale/312001-onu-mamadi-doumbouya-presente-le-modele-guineen-a-la-t.html"
"Malijet (ML)";"FR";"2026-10-05";"La Libye dépose sa candidature à un siège de membre non permanent du Conseil de sécurité de l’ONU
                                        il y a 1 semaine";"https://malijet.com/actualite_internationale/311998-la-libye-depose-sa-candidature-a-un-siege-de-membre-non-perm.html"
"Malijet (ML)";"FR";"2026-10-05";"Visite d'État du président Xi Jinping aux États-Unis : « Collaboration structurée, gestion maîtrisée des divergences, responsabilité mondiale partagée »
                                        il y a 1 semaine";"https://malijet.com/actualite_internationale/311996-visite-detat-du-president-xi-jinping-aux-etats-unis-col.html"
"Malijet (ML)";"FR";"2026-10-05";"ONU : António Guterres appelle à l'unité face à un monde « fracturé »
                                        il y a 1 semaine";"https://malijet.com/actualite_internationale/311978-onu-antonio-guterres-appelle-a-lunite-face-a-un-monde-f.html"
"Malijet (ML)";"FR";"2026-10-05";"Réunion de la direction du PCC pour étudier des questions importantes relatives à l'autogouvernance du Parti et fixer les dates du prochain plénum du Parti
                                        il y a 1 semaine";"https://malijet.com/actualite_internationale/311970-reunion-de-la-direction-du-pcc-pour-etudier-des-questions-im.html"
"Malijet (ML)";"FR";"2026-10-05";"Mali : création d’une Agence pour la recherche et le développement des ressources minérales
                    2 commentaires
                    il y a 4 jours";"https://malijet.com/actualite_economique_du_mali/312110-mali-creation-dune-agence-pour-la-recherche-et-le-develop.html"
"Malijet (ML)";"FR";"2026-10-05";"Guinée-Bisseau : Le Haut commandement militaire interdit le retour de l'ancien président Umaro Sissoco Embaló
                    2 commentaires
                    il y a 2 jours";"https://malijet.com/actualite-sur-afrique/312141-guinee-bisseau-le-haut-commandement-militaire-interdit-le.html"
"Malijet (ML)";"FR";"2026-10-05";"Économie";"https://malijet.com/actualite_economique_du_mali"
