"Source";"Language";"Date";"Title";"URL"
"VRT NWS (EN)";"EN";"2026-10-04";"Volg alles over De Warmste Week ook via VRT NWS";"https://www.vrt.be/vrtnws/nl/2026/09/25/de-warmste-week-216-projecten-rond-een-warme-thuis-voor-iedereen/"
"VRT NWS (EN)";"EN";"2026-10-04";"Expert vraagt meer aandacht voor naasten van wie aan zelfdoding denkt: ""Impact van schuldgevoel is enorm""";"https://www.vrt.be/vrtnws/nl/2026/09/30/alexandre-reynders-touche-zelfdoding-naaste-dierbare-impact-schu/?utm_source=corporate&utm_medium=referral&utm_campaign=rssfeed&utm_content=vrt-nws"
"VRT NWS (EN)";"EN";"2026-10-04";"Watersnood van Spanje tot Kreta: zeker 2 doden na hevigste regen in 20 jaar in Barcelona";"https://www.vrt.be/vrtnws/nl/2026/10/04/hevige-regen-van-spanje-tot-kreta/?utm_source=corporate&utm_medium=referral&utm_campaign=rssfeed&utm_content=vrt-nws"
"VRT NWS (EN)";"EN";"2026-10-04";"Grote verkeersactie in Leuven met politieaspiranten: 60 pv's en meerdere rijbewijzen ingetrokken";"https://www.vrt.be/vrtnws/nl/2026/10/04/60-pv-s-opgesteld-en-meerdere-rijbewijzen-ingetrokken-bij-grote/?utm_source=corporate&utm_medium=referral&utm_campaign=rssfeed&utm_content=vrt-nws"
"VRT NWS (EN)";"EN";"2026-10-04";"Een groep konijnen is een 'sprong': waarom verschillende dieren andere groepsnaam hebben";"https://www.vrt.be/vrtnws/nl/2026/10/02/een-groep-konijnen-is-een-sprong-waarom-verschillende-dieren/?utm_source=corporate&utm_medium=referral&utm_campaign=rssfeed&utm_content=vrt-nws"
"VRT NWS (EN)";"EN";"2026-10-04";"Te radicaal om te vliegen, toch in de cockpit: dit weten we over copiloot die collega aanviel op vlucht naar Israël";"https://www.vrt.be/vrtnws/nl/2026/10/04/copiloot-flydubai-achtergrond-wie-was-hij/?utm_source=corporate&utm_medium=referral&utm_campaign=rssfeed&utm_content=vrt-nws"
"VRT NWS (EN)";"EN";"2026-10-04";"Rector van Cornell breekt stilte over verkrachtingsonderzoek: ""We hebben niet alle antwoorden, maar zoeken ze""";"https://www.vrt.be/vrtnws/nl/2026/10/04/rector-cornell-reageert-op-verkrachtingsonderzoek-jane-doe/?utm_source=corporate&utm_medium=referral&utm_campaign=rssfeed&utm_content=vrt-nws"
"VRT NWS (EN)";"EN";"2026-10-04";"Bosniërs kiezen vandaag 3 (!) nieuwe presidenten: ""Complex systeem dat beetje op België lijkt""";"https://www.vrt.be/vrtnws/nl/2026/10/04/bosniers-kiezen-vandaag-3-nieuwe-presidenten-herzegovina/?utm_source=corporate&utm_medium=referral&utm_campaign=rssfeed&utm_content=vrt-nws"
"VRT NWS (EN)";"EN";"2026-10-04";"Ondergrondse scholen en netten over de straten: VRT NWS trok naar het belegerde Zaporizja";"https://www.vrt.be/vrtnws/nl/2026/10/02/elke-dag-staat-er-wel-iets-in-brand-in-zaporizja-hangen-nette/?utm_source=corporate&utm_medium=referral&utm_campaign=rssfeed&utm_content=vrt-nws"
"VRT NWS (EN)";"EN";"2026-10-04";"De storm te veel? Beroemde Hawaïaanse rotsformatie van meer dan 500 jaar oud compleet weggevaagd";"https://www.vrt.be/vrtnws/nl/2026/10/04/h_lei-sea-arch-ingestort-hawai/?utm_source=corporate&utm_medium=referral&utm_campaign=rssfeed&utm_content=vrt-nws"
"VRT NWS (EN)";"EN";"2026-10-04";"Niet langer dan een uur en lekker oncomfortabel: vergadergoeroe deelt tips voor de ideale meeting";"https://www.vrt.be/vrtnws/nl/2026/10/02/vergaderen-ideale-duurtijd-lengte-nachtelijke-onderhandelingen-o/?utm_source=corporate&utm_medium=referral&utm_campaign=rssfeed&utm_content=vrt-nws"
"VRT NWS (EN)";"EN";"2026-10-04";"""Waarom neemt mijn vriendin mijn problemen niet serieus?"": Rika Ponnet beantwoordt vraag van Olivia";"https://www.vrt.be/vrtnws/nl/2026/09/19/rika-ponnet-relatietips-vriendin-neemt-problemen-niet-serieus/?utm_source=corporate&utm_medium=referral&utm_campaign=rssfeed&utm_content=vrt-nws"
"VRT NWS (EN)";"EN";"2026-10-04";"800 jaar Sint-Franciscus: van klassieke heilige tot radicale rebel en ontspuller";"https://www.vrt.be/vrtnws/nl/2026/09/29/franciscus-800-jaar-cultuur-lage-landen-kevin-absillis/?utm_source=corporate&utm_medium=referral&utm_campaign=rssfeed&utm_content=vrt-nws"
"VRT NWS (EN)";"EN";"2026-10-04";"De val van Thucydides: de gevaarlijke rivaliteit tussen de VS en China";"https://www.vrt.be/vrtnws/nl/2026/09/28/de-val-van-thucydides-over-rivaliteit-tussen-opkomende-en-tanen/?utm_source=corporate&utm_medium=referral&utm_campaign=rssfeed&utm_content=vrt-nws"
"VRT NWS (EN)";"EN";"2026-10-04";"Geloof me, u wil niks over dit boek weten";"https://www.vrt.be/vrtnws/nl/2026/10/01/boekentip-kitamura-ruth-joos/?utm_source=corporate&utm_medium=referral&utm_campaign=rssfeed&utm_content=vrt-nws"
"VRT NWS (EN)";"EN";"2026-10-04";"Trump zet druk op dwarsliggende Republikeinse senator door zijn gsm-nummer online te gooien";"https://www.vrt.be/vrtnws/nl/2026/10/03/trumop-tom-cotton-gsm-nummer-wintertijd-zomertijd/?utm_source=corporate&utm_medium=referral&utm_campaign=rssfeed&utm_content=vrt-nws"
"VRT NWS (EN)";"EN";"2026-10-04";"Nieuwe hagedissensoort ontdekt op extreme hoogte in de Peruaanse Andes";"https://www.vrt.be/vrtnws/nl/2026/10/03/nieuwe-hagedissensoort/?utm_source=corporate&utm_medium=referral&utm_campaign=rssfeed&utm_content=vrt-nws"
"VRT NWS (EN)";"EN";"2026-10-04";"36 jaar in de diepvries, nu in het museum: het bijzondere verhaal van 'het laatste brood uit de DDR'";"https://www.vrt.be/vrtnws/nl/2026/10/03/berlijns-museum-bewaart-brood-uit-ddr/?utm_source=corporate&utm_medium=referral&utm_campaign=rssfeed&utm_content=vrt-nws"
"VRT NWS (EN)";"EN";"2026-10-04";"Belgisch auteur Stefan Hertmans voorgedragen als kandidaat voor de Nobelprijs Literatuur";"https://www.vrt.be/vrtnws/nl/2026/10/03/stefan-hertmans-nobelprijs/?utm_source=corporate&utm_medium=referral&utm_campaign=rssfeed&utm_content=vrt-nws"
"VRT NWS (EN)";"EN";"2026-10-04";"Man (90) rijdt fietsster aan in Wevelgem: vrouw raakt zwaargewond";"https://www.vrt.be/vrtnws/nl/2026/10/03/fiets-ster-zwaargewond-na-aanrijding-door-voertuig-in-wevelgem/?utm_source=corporate&utm_medium=referral&utm_campaign=rssfeed&utm_content=vrt-nws"
"VRT NWS (EN)";"EN";"2026-10-04";"Russische laborante (28) overlijdt nadat reageerbuis met pestbacteriën breekt, 200 mensen in quarantaine";"https://www.vrt.be/vrtnws/nl/2026/10/03/russische-vrouw-overleden-aan-de-pest-200-mensen-in-quarantaine/?utm_source=corporate&utm_medium=referral&utm_campaign=rssfeed&utm_content=vrt-nws"
"VRT NWS (EN)";"EN";"2026-10-04";"Europees onderzoek naar ex-premier en voormalig Europees Parlementslid Guy Verhofstadt";"https://www.vrt.be/vrtnws/nl/2026/10/03/verhofstadt-onderzoek/?utm_source=corporate&utm_medium=referral&utm_campaign=rssfeed&utm_content=vrt-nws"
"VRT NWS (EN)";"EN";"2026-10-04";"Zara excuseert zich voor Halloweenkostuum dat doet denken aan concentratiekampkledij";"https://www.vrt.be/vrtnws/nl/2026/10/03/zara-haalt-halloweenkostuum-concentratiekampen/?utm_source=corporate&utm_medium=referral&utm_campaign=rssfeed&utm_content=vrt-nws"
"VRT NWS (EN)";"EN";"2026-10-04";"Onderzoek naar groepsverkrachting aan universiteit Cornell zet achterpoortje in New Yorkse wet onder druk";"https://www.vrt.be/vrtnws/nl/2026/10/03/verkrachtingswet-new-york-vrijwillig-drank-of-drugs/?utm_source=corporate&utm_medium=referral&utm_campaign=rssfeed&utm_content=vrt-nws"
"VRT NWS (EN)";"EN";"2026-10-04";"Lokaal parket weigerde bijkomend bewijsmateriaal van universiteitspolitie te onderzoeken in Cornell-verkrachtingszaak";"https://www.vrt.be/vrtnws/nl/2026/10/03/cornell-verkrachtingsonderzoek-bijkomend-bewijsmateriaal/?utm_source=corporate&utm_medium=referral&utm_campaign=rssfeed&utm_content=vrt-nws"
"VRT NWS (EN)";"EN";"2026-10-04";"Met de zegen van zijn vader: Flávio Bolsonaro moet radicaal-rechts weer aan de macht brengen in Brazilië";"https://www.vrt.be/vrtnws/nl/2026/10/01/brazilie-voorbeschouwing-presidentsverkiezingen/?utm_source=corporate&utm_medium=referral&utm_campaign=rssfeed&utm_content=vrt-nws"
"VRT NWS (EN)";"EN";"2026-10-04";"""Olieprijzen lager onder Trump dan onder Obama en Biden"": deed Trump het dan echt beter dan zijn voorgangers?";"https://www.vrt.be/vrtnws/nl/2026/09/28/factcheck-olieprijs-minder-vaak-boven-100-dollar-onder-trump/?utm_source=corporate&utm_medium=referral&utm_campaign=rssfeed&utm_content=vrt-nws"
"VRT NWS (EN)";"EN";"2026-10-04";"Van het Jenevermuseum en Bozar tot sociaal-cultureel volwassenenwerk: hier bespaart Vlaams minister Gennez 47 miljoen euro";"https://www.vrt.be/vrtnws/nl/2026/10/01/overzicht-van-besparingen-cultuur-47-miljoen-euro-caroline-genne/?utm_source=corporate&utm_medium=referral&utm_campaign=rssfeed&utm_content=vrt-nws"
"VRT NWS (EN)";"EN";"2026-10-04";"Een woning kopen of een kind krijgen? Bereken hier hoeveel de nieuwe Vlaamse begroting jou kost";"https://www.vrt.be/vrtnws/nl/2026/09/30/kinderbijslag-kindergeld-huis-kopen-bereken-begroting-vlaams/?utm_source=corporate&utm_medium=referral&utm_campaign=rssfeed&utm_content=vrt-nws"
"VRT NWS (EN)";"EN";"2026-10-04";"Dienstencheques stijgen van 10 naar 12 euro: ""Ik vrees bloedbad in onze sector""";"https://www.vrt.be/vrtnws/nl/2026/09/28/poetshulpen-getuigen-over-stijgende-prijs-dienstencheques/?utm_source=corporate&utm_medium=referral&utm_campaign=rssfeed&utm_content=vrt-nws"
"VRT NWS (EN)";"EN";"2026-10-04";"Warmtepompen als vervanging voor gasketels: wat kosten ze en zijn ze een oplossing voor elk huis?";"https://www.vrt.be/vrtnws/nl/2026/09/17/warmtepompen-warmtenetten-of-hout-en-pelletkachels-alternati/?utm_source=corporate&utm_medium=referral&utm_campaign=rssfeed&utm_content=vrt-nws"
"VRT NWS (EN)";"EN";"2026-10-04";"Hoe goed ken jij de verkeersregels? Test je kennis met deze 10 vragen";"https://www.vrt.be/vrtnws/nl/2026/09/25/verkeersquiz/?utm_source=corporate&utm_medium=referral&utm_campaign=rssfeed&utm_content=vrt-nws"
"VRT NWS (EN)";"EN";"2026-10-04";"""Zet die roze bril af, België"": commandant Oekraïense dronetroepen waarschuwt voor Russische dreiging";"https://www.vrt.be/vrtnws/nl/2026/09/24/oekraine-arnaud-magyar-drones-oorlog-rusland/?utm_source=corporate&utm_medium=referral&utm_campaign=rssfeed&utm_content=vrt-nws"
"VRT NWS (EN)";"EN";"2026-10-04";"Ze verbreekt het record van Mariah Carey: wie is Ella Langley die plots een wereldhit op zak heeft?";"https://www.vrt.be/vrtnws/nl/2026/09/25/ella-langley-verbreekt-record-van-mariah-carey-met-choosin-texa/?utm_source=corporate&utm_medium=referral&utm_campaign=rssfeed&utm_content=vrt-nws"
"VRT NWS (EN)";"EN";"2026-10-04";"""Mensen eten gras, duiven en honden"": door Rusland bezet Oekraïens stadje balanceert op rand van hongersnood";"https://www.vrt.be/vrtnws/nl/2026/09/25/oekraine-oleksji-humanitaire-catastrofe/?utm_source=corporate&utm_medium=referral&utm_campaign=rssfeed&utm_content=vrt-nws"
"VRT NWS (EN)";"EN";"2026-10-04";"IN KAART: Hoeveel kost zwemmen in jouw buurt?";"https://www.vrt.be/vrtnws/nl/2026/08/13/zwembaden-vlaanderen-aantal-gemeentelijk-lago-sportoase/?utm_source=corporate&utm_medium=referral&utm_campaign=rssfeed&utm_content=vrt-nws"
"VRT NWS (EN)";"EN";"2026-10-04";"LIVE (12.49 uur): Kan Remco Evenepoel zijn EK-droom waarmaken? Mis hier geen trap van het EK wielrennen";"https://sporza.be/nl/matches/wielrennen/europese-kampioenschappen/2026/europese-kampioenschappen-2026-live-1249-uur-kan-remco-evenepoel-zijn-ek-droom-waarmaken-mis-hier-geen-trap-van-het-ek-wielrennen~1768227187186/"
"VRT NWS (EN)";"EN";"2026-10-04";"""Iedereen beseft dat dit even belangrijk is als het WK"": Serge Pauwels zet Belgisch blok rond één man op scherp voor het EK";"https://sporza.be/nl/2026/10/04/-iedereen-beseft-dat-dit-even-belangrijk-is-als-het-wk-serge-pauwels-zet-belgisch-blok-rond-een-man-op-scherp-voor-het-ek~1791107575512/"
"VRT NWS (EN)";"EN";"2026-10-04";"In de voetsporen van haar vader: Azzurra Ballan kroont zich vanuit vroege vlucht tot Europees kampioene bij juniores";"https://sporza.be/nl/matches/wielrennen/ek-junioren-vrouwen-wegrit/2026/ek-junioren-vrouwen-wegrit-in-de-voetsporen-van-haar-vader-azzurra-ballan-kroont-zich-vanuit-vroege-vlucht-tot-europees-kampioene-bij-juniores~1789986011668/"
"VRT NWS (EN)";"EN";"2026-10-04";"Wat een farce: A-ploeg van Burkina Faso weigert reis naar Argentinië voor oefenmatch, beloften (met jetlag) slikken 7-0";"https://sporza.be/nl/2026/10/04/wat-een-farce-a-ploeg-van-burkina-faso-weigert-reis-naar-argentinie-voor-oefenmatch-beloften-met-jetlag-slikken-7-0~1791102563041/"
"VRT NWS (EN)";"EN";"2026-10-04";"""We mogen ons niet laten verdelen"": Bruno Fernandes houdt opvallend pleidooi na rel met Ronaldo, die ""ieders respect verdient""";"https://sporza.be/nl/2026/10/04/-we-mogen-ons-niet-laten-verdelen-bruno-fernandes-houdt-opvallend-pleidooi-na-rel-met-ronaldo-die-ieders-respect-verdient~1791099222110/"
"VRT NWS (EN)";"EN";"2026-10-04";"Marc Marquez wint na sprintrace ook GP van Japan en nadert tot op 2 punten van WK-leider Jorge Martin";"https://sporza.be/nl/2026/10/04/marc-marquez-wint-na-sprintrace-ook-gp-van-japan-en-nadert-tot-op-2-punten-van-wk-leider-jorge-martin~1791095215429/"
"VRT NWS (EN)";"EN";"2026-10-04";"Quinten Hermans doet zijn verhaal over bizar WK-trainingsritje, onderbroken aan Amerikaanse grens: ""Daar waren ze toch vrij streng""";"https://sporza.be/nl/2026/10/03/quinten-hermans-doet-zijn-verhaal-over-bizar-wk-trainingsritje-onderbroken-aan-amerikaanse-grens-daar-waren-ze-toch-vrij-streng~1791052382517/"
"VRT NWS (EN)";"EN";"2026-10-04";"Twee keer millimetersprint in Lake Placid: slotmanche WB mountainbike is voor Charlie Aldridge en Sina Frei";"https://sporza.be/nl/2026/10/03/twee-keer-millimetersprint-in-lake-placid-slotmanche-wb-mountainbike-is-voor-charlie-aldridge-en-sina-frei~1791038168076/"
"VRT NWS (EN)";"EN";"2026-10-04";"Jenthe Biermans snelt in Cholet Agglo Tour naar eerste zege in ruim 2 jaar tijd, zware valpartij ontsiert slotfase";"https://sporza.be/nl/2026/10/03/jenthe-biermans-snelt-in-cholet-agglo-tour-naar-eerste-zege-in-ruim-2-jaar-tijd-zware-valpartij-ontsiert-slotfase~1791037200401/"
"VRT NWS (EN)";"EN";"2026-10-04";"Ook op het EK is ze een klasse apart: Demi Vollering zet met nieuwe Europese titel de kroon op haar geweldige seizoen";"https://sporza.be/nl/matches/wielrennen/europese-kampioenschappen/2026/europese-kampioenschappen-2026-ook-op-het-ek-is-ze-een-klasse-apart-demi-vollering-zet-met-nieuwe-europese-titel-de-kroon-op-haar-geweldige-seizoen~1768227185484/"
"VRT NWS (EN)";"EN";"2026-10-04";"""Eigenlijk niet met veel ambities vertrokken"": Roos Vanotterdijk blinkt uit in Bakoe, lonkt straks mooie bonus?";"https://sporza.be/nl/2026/10/03/-eigenlijk-niet-met-veel-ambities-vertrokken-roos-vanotterdijk-blinkt-uit-in-bakoe-lonkt-straks-mooie-bonus~1791047633756/"
"VRT NWS (EN)";"EN";"2026-10-04";"Alleen maar lachende gezichten bij Oranje, mét opvallende talisman: ""Als we blijven winnen met die sticker laten we die lekker rondgaan!""";"https://sporza.be/nl/2026/10/03/alleen-maar-lachende-gezichten-bij-oranje-met-opvallende-talisman-als-we-blijven-winnen-met-die-sticker-laten-we-die-lekker-rondgaan~1791041209139/"
"VRT NWS (EN)";"EN";"2026-10-04";"Vandenbempt looft oude én specifieke jonge Duivel, maar trekt ook belangrijke les uit feestavond: ""Dat trio werkt gewoon niet""";"https://sporza.be/nl/2026/10/03/vandenbempt-looft-oude-en-specifieke-jonge-duivel-maar-trekt-ook-belangrijke-les-uit-feestavond-dat-trio-werkt-gewoon-niet~1790985696616/"
"VRT NWS (EN)";"EN";"2026-10-04";"QUIZ: Ken jij alle winnaars van het EK wielrennen bij de mannen?";"https://sporza.be/nl/2026/09/30/quiz-ken-jij-alle-winnaars-van-het-ek-wielrennen-bij-de-mannen~1790768554071/"
"VRT NWS (EN)";"EN";"2026-10-04";"Zijn schatkamer mist nog één pronkstuk: een blik op de truitjesjacht van Remco Evenepoel, die in Slovenië af moet raken";"https://sporza.be/nl/2026/09/30/zijn-schatkamer-mist-nog-een-pronkstuk-een-blik-op-de-truitjesjacht-van-remco-evenepoel-die-in-slovenie-af-moet-raken~1790761334432/"
"RTBF Actus (FR)";"FR";"2026-10-04";"L'actrice belge Mara Taquin revient sur les rôles féminins au cinéma";"/article/f1-bahrein-verstappen-signe-sa-premiere-victoire-de-la-saison-apres-une-course-chaotique-abandon-de-russell-11794636"
"RTBF Actus (FR)";"FR";"2026-10-04";"Trois détenus dans 9m², les prisons craquent";"/article/comment-la-belgique-a-t-elle-pu-autant-s-endetter-les-dates-cles-pour-comprendre-le-deficit-actuel-11793986"
"RTBF Actus (FR)";"FR";"2026-10-04";"Adèle Exarchopoulos dans le Taxi";"/article/zinedine-zidane-se-mefie-encore-de-la-belgique-elle-entreprend-elle-peut-mettre-n-importe-qui-en-difficulte-11794513"
"RTBF Actus (FR)";"FR";"2026-10-04";"Jérôme : ""Les voyants veulent souvent trop aider""";"/article/euro-de-cyclisme-remco-evenepoel-face-a-une-meute-d-outsiders-en-slovenie-direct-audio-et-video-12h20-11793798"
"RTBF Actus (FR)";"FR";"2026-10-04";"À l'Oktoberfest, des shorts pour protéger les femmes des caméras";"/article/wrc-sardaigne-qui-d-evans-solberg-ou-pajari-decrochera-le-titre-ce-dimanche-direct-commente-a-8h-11794561"
"RTBF Actus (FR)";"FR";"2026-10-04";"Comment financer ses études ?";"/article/wrc-sardaigne-qui-d-evans-solberg-ou-pajari-decrochera-le-titre-ce-dimanche-direct-commente-a-8h-11794561"
"RTBF Actus (FR)";"FR";"2026-10-04";"L'actrice belge Mara Taquin revient sur son rôle dans la série à paraître ""Haemers""";"/article/conclave-budgetaire-a-bruxelles-des-tensions-dans-les-negociations-principalement-entre-liberaux-flamands-et-ecologistes-11794474"
"RTBF Actus (FR)";"FR";"2026-10-04";"C'est quoi le plus gros problème de la scène des jeux combat ?";"/article/il-y-a-plusieurs-possibilites-remco-evenepoel-a-differents-scenarios-en-tete-pour-s-imposer-a-l-euro-11794704"
"RTBF Actus (FR)";"FR";"2026-10-04";"Brad Pitt : sa rencontre déterminante avec Ridley Scott";"/article/la-sncb-recherche-plus-de-900-collaborateurs-pour-l-an-prochain-certaines-formations-sont-remunerees-11793888"
"RTBF Actus (FR)";"FR";"2026-10-04";"Le nouveau Nutella aux cacahuètes : composition et prix";"/article/le-bilan-cache-de-la-chaleur-en-europe-ce-que-la-surmortalite-nous-apprend-sur-l-ete-2026-11792248"
"RTBF Actus (FR)";"FR";"2026-10-04";"Les Enfants de Choeur";"/article/le-top-des-bonnes-nouvelles-de-la-semaine-5-infos-positives-qui-font-du-bien-11794467"
"RTBF Actus (FR)";"FR";"2026-10-04";"Micro-Sillon avec Walter De Paduwa";"/article/le-top-des-bonnes-nouvelles-de-la-semaine-5-infos-positives-qui-font-du-bien-11794467"
"RTBF Actus (FR)";"FR";"2026-10-04";"F1 Bahreïn : Verstappen signe sa première victoire de la saison après une course chaotique, abandon de Russell";"/article/le-chancelier-allemand-friedrich-merz-est-a-kiev-avec-la-promesse-de-milliers-de-drones-d-interception-11794625"
"RTBF Actus (FR)";"FR";"2026-10-04";"Comment la Belgique a-t-elle pu autant s'endetter ? Les dates clés pour comprendre le déficit actuel";"/article/vive-l-espagne-les-nationalistes-sont-ici-rassemblement-d-extreme-droite-et-saluts-nazis-samedi-soir-dans-le-centre-de-madrid-11794608"
"RTBF Actus (FR)";"FR";"2026-10-04";"Zinedine Zidane se méfie (encore) de la Belgique : ""Elle entreprend, elle peut mettre n'importe qui en difficulté""";"/article/les-bosniens-votent-aux-elections-generales-dans-une-profonde-division-11794602"
"RTBF Actus (FR)";"FR";"2026-10-04";"Direct audio et vidéo - Euro de cyclisme : Remco Evenepoel face à une meute d’outsiders en Slovénie";"/article/ici-le-monde-au-bresil-le-scrutin-se-joue-aussi-au-niveau-local-11794535"
"RTBF Actus (FR)";"FR";"2026-10-04";"Direct vidéo : Elfyn Evans crève en Sardaigne, la tâche se complique encore un peu plus pour le titre";"/article/meme-les-2-suspendus-sont-la-les-diables-rouges-au-complet-a-l-entrainement-avant-la-france-11794689"
"RTBF Actus (FR)";"FR";"2026-10-04";"Direct vidéo : Elfyn Evans crève en Sardaigne, la tâche se complique encore un peu plus pour le titre";"/article/bruno-fernandes-vole-au-secours-de-cristiano-ronaldo-qu-on-l-apprecie-ou-pas-il-merite-le-respect-des-portugais-11794672"
"RTBF Actus (FR)";"FR";"2026-10-04";"Conclave budgétaire à Bruxelles : des tensions dans les négociations, principalement entre libéraux flamands et écologistes";"/article/un-prince-dj-et-amateur-de-nature-le-prince-emmanuel-pose-pour-ses-21-ans-sous-les-arbres-du-domaine-de-laeken-11794642"
"RTBF Actus (FR)";"FR";"2026-10-04";"""Il y a plusieurs possibilités…"" : Remco Evenepoel a différents scénarios en tête pour s’imposer à l’Euro";"/article/un-jeu-crash-bandicoot-culte-ressuscite-sur-internet-par-les-fans-11792238"
"RTBF Actus (FR)";"FR";"2026-10-04";"La SNCB recherche plus de 900 collaborateurs pour l'an prochain : certaines formations sont rémunérées";"/article/les-mtv-video-music-awards-le-film-dikkenek-et-bozar-ont-fait-l-actu-culturelle-de-la-semaine-11794115"
"RTBF Actus (FR)";"FR";"2026-10-04";"Le bilan caché de la chaleur en Europe : ce que la surmortalité nous apprend sur l’été 2026";"/article/les-mtv-video-music-awards-le-film-dikkenek-et-bozar-ont-fait-l-actu-culturelle-de-la-semaine-11794115"
"RTBF Actus (FR)";"FR";"2026-10-04";"Le top des bonnes nouvelles de la semaine : 5 infos positives qui font du bien";"/article/sa-longue-mission-dans-l-espace-est-prolongee-de-quelques-jours-le-retour-sur-terre-de-sophie-adenot-est-reporte-en-raison-de-la-meteo-11794631"
"RTBF Actus (FR)";"FR";"2026-10-04";"Le top des bonnes nouvelles de la semaine : 5 infos positives qui font du bien";"/article/un-oeil-sur-demain-des-savons-a-base-de-dechets-organiques-une-alternative-credible-a-la-petrochimie-11719983"
"RTBF Actus (FR)";"FR";"2026-10-04";"Le chancelier allemand Friedrich Merz est à Kiev avec la promesse de milliers de drones d’interception";"/article/journee-decouverte-entreprises-de-l-artisan-aux-industries-les-entreprises-ouvrent-leurs-portes-en-wallonie-et-a-bruxelles-11794660"
"RTBF Actus (FR)";"FR";"2026-10-04";"""Vive l’Espagne"", ""Les nationalistes sont ici"" : rassemblement d’extrême droite et saluts nazis samedi soir dans le centre de Madrid";"/article/on-est-souvent-dans-l-ombre-grandir-avec-une-s-ur-en-situation-de-handicap-11794198"
"RTBF Actus (FR)";"FR";"2026-10-04";"Les Bosniens votent aux élections générales dans une profonde division";"/article/vol-flydubai-le-copilote-qui-a-poignarde-son-collegue-etait-il-deja-interdit-de-vol-pour-extremisme-11794349"
"RTBF Actus (FR)";"FR";"2026-10-04";"Ici le monde : au Brésil, le scrutin se joue aussi au niveau local ce dimanche";"/article/guy-verhofstadt-est-actuellement-vise-par-une-enquete-europeenne-11794533"
"RTBF Actus (FR)";"FR";"2026-10-04";"Même les 2 suspendus sont là : les Diables Rouges au complet à l'entraînement avant le départ pour Paris";"/article/dix-sept-personnes-sous-mandat-d-arret-pour-trafic-de-stupefiants-a-brussels-airport-11794566"
"RTBF Actus (FR)";"FR";"2026-10-04";"Bruno Fernandes vole au secours de Cristiano Ronaldo : ""Qu’on l’apprécie ou pas… il mérite le respect des Portugais""";"/article/un-homme-serieusement-blesse-apres-avoir-eu-la-jambe-coincee-au-metro-botanique-11794678"
"RTBF Actus (FR)";"FR";"2026-10-04";"Un prince DJ et amateur de nature : le prince Emmanuel pose pour ses 21 ans sous les arbres du domaine de Laeken";"/article/euro-cyclisme-l-arc-en-ciel-etoile-demi-vollering-s-impose-et-realise-un-double-historique-chez-les-dames-11794455"
"RTBF Actus (FR)";"FR";"2026-10-04";"Un jeu ""Crash Bandicoot"" culte ressuscité sur Internet par les fans";"/article/manifestation-des-etudiants-a-liege-les-ecoles-de-la-ville-reouvriront-bien-leurs-portes-lundi-on-privilegie-le-dialogue-et-la-confiance-envers-les-eleves-11794444"
"RTBF Actus (FR)";"FR";"2026-10-04";"Les MTV Video Music Awards, le film ""Dikkenek"" et Bozar ont fait l’actu culturelle de la semaine";"/article/ligue-des-nations-faites-votre-onze-pour-france-belgique-11794483"
"RTBF Actus (FR)";"FR";"2026-10-04";"Les MTV Video Music Awards, le film ""Dikkenek"" et Bozar ont fait l’actu culturelle de la semaine";"/article/meme-les-2-suspendus-sont-la-les-diables-rouges-au-complet-a-l-entrainement-avant-la-france-11794689"
"RTBF Actus (FR)";"FR";"2026-10-04";"Sa longue mission dans l’espace est prolongée de quelques jours : le retour sur Terre de Sophie Adenot est reporté en raison de la météo";"/article/zinedine-zidane-se-mefie-encore-de-la-belgique-elle-entreprend-elle-peut-mettre-n-importe-qui-en-difficulte-11794513"
"RTBF Actus (FR)";"FR";"2026-10-04";"Un oeil sur demain : des savons à base de déchets organiques, une alternative crédible à la pétrochimie ?";"/article/l-humeur-de-vincent-langendries-elle-a-de-beaux-restes-la-generation-doree-non-11794442"
"RTBF Actus (FR)";"FR";"2026-10-04";"Journée Découverte Entreprises : de l’artisan aux industries, les entreprises ouvrent leurs portes en Wallonie et à Bruxelles";"/article/les-enigmes-de-van-bommel-tielemans-patauge-un-defenseur-en-pleine-bourre-5-enseignements-apres-belgique-turquie-11794280"
"RTBF Actus (FR)";"FR";"2026-10-04";"""On est souvent dans l'ombre"" : grandir avec une sœur en situation de handicap";"/article/nathan-ngoy-patron-de-la-defense-des-diables-rouges-j-ai-mes-soldats-derriere-moi-11794326"
"RTBF Actus (FR)";"FR";"2026-10-04";"Vol Flydubai : l’enquête établit que le copilote planifiait un ""acte terroriste""";"/article/montella-coach-de-la-turquie-on-a-fait-jeu-egal-avec-la-belgique-mes-joueurs-ont-tout-donne-3-0-c-est-moche-11794330"
"RTBF Actus (FR)";"FR";"2026-10-04";"Guy Verhofstadt est actuellement visé par une enquête européenne";"/article/completement-foot-belgique-turquie-votre-avis-sur-le-match-11794180"
"RTBF Actus (FR)";"FR";"2026-10-04";"Dix-sept personnes sous mandat d’arrêt pour trafic de stupéfiants à Brussels Airport";"/article/mark-van-bommel-vainqueur-du-ping-pong-on-a-laisse-la-turquie-dans-le-match-mais-le-resultat-me-va-11794279"
"RTBF Actus (FR)";"FR";"2026-10-04";"Un homme sérieusement blessé après avoir eu la jambe coincée au métro Botanique";"/article/euro-de-cyclisme-remco-evenepoel-face-a-une-meute-d-outsiders-en-slovenie-direct-audio-et-video-12h20-11793798"
"RTBF Actus (FR)";"FR";"2026-10-04";"Euro cyclisme : l’arc-en-ciel étoilé, Demi Vollering s’impose et réalise un doublé historique chez les dames";"/article/il-y-a-plusieurs-possibilites-remco-evenepoel-a-differents-scenarios-en-tete-pour-s-imposer-a-l-euro-11794704"
"RTBF Actus (FR)";"FR";"2026-10-04";"Manifestation des étudiants à Liège : les écoles rouvriront bien leurs portes lundi";"/article/bascule-usante-possibilites-de-retour-que-retenir-du-trace-a-l-euro-de-cyclisme-avant-la-course-hommes-11794592"
"RTBF Actus (FR)";"FR";"2026-10-04";"Ligue des Nations : faites votre onze pour France – Belgique";"/article/difficile-de-faire-mieux-ludivine-henrion-analyse-la-saison-d-une-demi-vollering-qui-a-quasi-tout-gagne-11794534"
"RTBF Actus (FR)";"FR";"2026-10-04";"Même les 2 suspendus sont là : les Diables Rouges au complet à l'entraînement avant le départ pour Paris";"/article/euro-cyclisme-l-arc-en-ciel-etoile-demi-vollering-s-impose-et-realise-un-double-historique-chez-les-dames-11794455"
"RTBF Actus (FR)";"FR";"2026-10-04";"Zinedine Zidane se méfie (encore) de la Belgique : ""Elle entreprend, elle peut mettre n'importe qui en difficulté""";"/article/euro-de-cyclisme-dames-la-belgique-sans-lotte-kopecky-en-slovenie-direct-video-et-audio-13h20-11792259"
"RTBF Actus (FR)";"FR";"2026-10-04";"L’humeur de Vincent Langendries : elle a de beaux restes la génération dorée, non ?";"/article/cyclisme-elias-dybing-decroche-le-titre-europeen-en-juniors-deux-belges-dans-le-top-6-11794446"
"RTBF Actus (FR)";"FR";"2026-10-04";"Van Bommel lance des énigmes, un joueur patauge, Ngoy en pleine bourre : 5 enseignements après Belgique - Turquie";"/article/un-trace-plutot-court-un-redoutable-circuit-final-les-parcours-hommes-et-femmes-de-l-euro-de-cyclisme-11792185"
"RTBF Actus (FR)";"FR";"2026-10-04";"Nathan Ngoy, patron de la défense des Diables Rouges : ""J’ai mes soldats derrière moi""";"/article/roglic-ayuso-mais-finalement-pas-de-pogacar-qui-pour-enquiquiner-remco-evenepoel-aux-championnats-d-europe-11792662"
"RTBF Actus (FR)";"FR";"2026-10-04";"Montella, coach de la Turquie : ""On a fait jeu égal avec la Belgique, mes joueurs ont tout donné... 3-0, c'est moche""";"/article/f1-bahrein-verstappen-signe-sa-premiere-victoire-de-la-saison-apres-une-course-chaotique-abandon-de-russell-11794636"
"RTBF Actus (FR)";"FR";"2026-10-04";"""On a eu De Bruyne que les Turcs n’avaient pas"", et face à la France, ce sera sans lui";"/article/wrc-sardaigne-qui-d-evans-solberg-ou-pajari-decrochera-le-titre-ce-dimanche-direct-commente-a-8h-11794561"
"RTBF Actus (FR)";"FR";"2026-10-04";"Mark van Bommel, vainqueur du ping-pong : ""On a laissé la Turquie dans le match... mais le résultat me va""";"/article/f1-bahrein-probleme-de-logiciel-moteur-sous-la-pluie-et-voitures-a-l-arret-l-image-insolite-lors-du-tour-de-formation-11794654"
"RTBF Actus (FR)";"FR";"2026-10-04";"Direct audio et vidéo - Euro de cyclisme : Remco Evenepoel face à une meute d’outsiders en Slovénie";"/article/f1-bahrein-verstappen-vise-une-premiere-victoire-en-2026-direct-video-a-8h30-11794417"
"RTBF Actus (FR)";"FR";"2026-10-04";"""Il y a plusieurs possibilités…"" : Remco Evenepoel a différents scénarios en tête pour s’imposer à l’Euro";"/article/se-battre-pour-le-podium-au-plus-la-belgique-ambitieuse-pour-la-journee-decisive-au-motocross-des-nations-11794599"
"RTBF Actus (FR)";"FR";"2026-10-04";"Bascule usante, possibilités de retour… : que retenir du tracé à l’Euro de cyclisme avant la course hommes ?";"/article/positif-de-revoir-un-drapeau-a-damiers-lucas-coenen-reprend-confiance-au-motocross-des-nations-11794576"
"RTBF Actus (FR)";"FR";"2026-10-04";"""Difficile de faire mieux"" : Ludivine Henrion analyse la saison d’une Demi Vollering qui a quasi tout gagné";"/article/wrc-sardaigne-deux-equipiers-pour-un-titre-mon-objectif-est-clair-mais-ca-ne-va-pas-etre-facile-11794557"
"RTBF Actus (FR)";"FR";"2026-10-04";"Euro cyclisme : l’arc-en-ciel étoilé, Demi Vollering s’impose et réalise un doublé historique chez les dames";"/article/thierry-neuville-apres-son-abandon-c-est-a-l-image-de-la-saison-les-moindres-ecarts-de-trajectoire-on-les-a-tous-payes-cash-11794556"
"RTBF Actus (FR)";"FR";"2026-10-04";"Euro de cyclisme dames : la préface";"/article/motocross-des-nations-la-belgique-sur-le-podium-des-qualifications-les-freres-coenen-chutent-sans-gravite-11794439"
"RTBF Actus (FR)";"FR";"2026-10-04";"Cyclisme : Elias Dybing décroche le titre européen en juniors, deux Belges dans le top 6";"/article/glass-quand-shyamalan-aborde-psychiatrie-et-fantasme-dans-un-huis-clos-anxiogene-11484178"
"RTBF Actus (FR)";"FR";"2026-10-04";"Un tracé plutôt court, un circuit final redoutable : les parcours hommes et femmes de l’Euro de cyclisme";"/article/s-urs-lola-dewaere-incarne-deux-jumelles-prises-dans-un-engrenage-mortel-11788907"
"RTBF Actus (FR)";"FR";"2026-10-04";"Roglic, Ayuso, Ciccone mais finalement pas de Pogacar : qui pour enquiquiner Evenepoel aux Championnats d’Europe ?";"/article/en-tanzanie-philippe-gougler-monte-dans-un-train-ou-les-annonces-sont-faites-par-un-dj-11794137"
"RTBF Actus (FR)";"FR";"2026-10-04";"F1 Bahreïn : Verstappen signe sa première victoire de la saison après une course chaotique, abandon de Russell";"/article/un-voyage-vertigineux-et-spectaculaire-vous-attend-dans-le-jardin-extraordinaire-de-ce-4-octobre-11793884"
"RTBF Actus (FR)";"FR";"2026-10-04";"Direct vidéo : Elfyn Evans crève en Sardaigne, la tâche se complique encore un peu plus pour le titre";"/article/vous-considerez-que-notre-reportage-est-incomplet-un-droit-de-reponse-est-il-possible-11786650"
"RTBF Actus (FR)";"FR";"2026-10-04";"F1 Bahreïn – Problème de logiciel moteur sous la pluie et voitures à l’arrêt : l’image insolite lors du tour de formation";"/article/proximite-interaction-et-collaboration-comment-la-rtbf-ancre-ses-contenus-au-c-ur-des-regions-11786513"
"RTBF Actus (FR)";"FR";"2026-10-04";"Direct vidéo et commenté - F1 Bahreïn : Verstappen toujours devant les Mercedes";"/article/que-fait-la-rtbf-de-vos-donnees-collecte-algorithmes-et-protection-de-la-vie-privee-decryptes-11776913"
"RTBF Actus (FR)";"FR";"2026-10-04";"""Se battre pour le podium au plus"" : la Belgique ambitieuse pour la journée décisive au Motocross des Nations";"/article/enfant-illegitime-un-terme-a-eviter-sur-nos-antennes-11776723"
"RTBF Actus (FR)";"FR";"2026-10-04";"""Positif de revoir un drapeau à damiers"" : Lucas Coenen reprend confiance au Motocross des Nations";"/article/les-jeunes-et-l-actu-plus-informes-qu-on-ne-le-pense-mais-pas-a-l-abri-de-pieges-11763284"
"RTBF Actus (FR)";"FR";"2026-10-04";"WRC Sardaigne – Deux équipiers pour un titre de champion du monde : ""Mon objectif est clair, mais ça ne va pas être facile""";"/article/moderation-sur-les-reseaux-sociaux-le-defi-quotidien-de-la-rtbf-11758876"
"RTBF Actus (FR)";"FR";"2026-10-04";"Un abandon ""à l'image de la saison"" de Thierry Neuville : ""Les moindres écarts de trajectoire, on les a tous payés cash""";"/article/age-conseille-contenus-sensibles-une-nouvelle-signaletique-tele-des-le-1er-juillet-11745979"
"RTBF Actus (FR)";"FR";"2026-10-04";"Motocross des Nations : la Belgique sur le podium des qualifications, les frères Coenen chutent sans gravité";"/article/bivouacs-du-journalisme-les-contacts-avec-le-public-sont-extremement-enrichissants-on-retire-le-micro-la-camera-jean-pierre-jacqmin-ancien-directeur-de-l-info-de-la-rtbf-11746010"
"RTBF Actus (FR)";"FR";"2026-10-04";"""Glass"" : quand Shyamalan aborde psychiatrie et fantasme dans un huis clos anxiogène";"/article/coupe-du-monde-les-matchs-des-diables-rouges-aussi-pour-les-malvoyants-11743270"
"RTBF Actus (FR)";"FR";"2026-10-04";"""Sœurs"" : Lola Dewaere incarne des jumelles prises dans un engrenage mortel";"/article/duran-duran-sur-classic-21-interview-exclusive-et-places-a-gagner-pour-leur-concert-a-bruxelles-11792252"
"RTBF Actus (FR)";"FR";"2026-10-04";"En Tanzanie, Philippe Gougler monte dans un train où les annonces sont faites par un DJ";"/article/placebo-a-anvers-gagnez-vos-places-toute-la-semaine-dans-coffee-on-the-rocks-11792273"
"RTBF Actus (FR)";"FR";"2026-10-04";"Un voyage vertigineux et spectaculaire vous attend dans le Jardin Extraordinaire";"/article/le-reveil-de-tipik-vous-offre-des-fun-pass-chez-share-fun-11794011"
"RTBF Actus (FR)";"FR";"2026-10-04";"Vous considérez que notre reportage est incomplet ? Un droit de réponse est-il possible ?";"/article/tipik-vous-invite-a-l-avant-premiere-du-fantome-de-l-opera-a-paris-11794055"
"RTBF Actus (FR)";"FR";"2026-10-04";"Comment la RTBF ancre ses contenus au cœur des régions : proximité, interactions et collaborations";"/article/samy-lou-vous-offrent-1-000-de-shopping-sur-tipik-11793983"
"RTBF Actus (FR)";"FR";"2026-10-04";"Que fait la RTBF de vos données ? Collecte, algorithmes et protection de la vie privée décryptés";"/article/le-reveil-de-tipik-vous-emmene-au-parc-asterix-11793824"
"RTBF Actus (FR)";"FR";"2026-10-04";"""Enfant illégitime"" : un terme à éviter sur nos antennes";"/article/the-beatles-gagnez-la-nouvelle-edition-de-rubber-soul-dans-coffee-on-the-rocks-11789888"
"RTBF Actus (FR)";"FR";"2026-10-04";"Les jeunes et l’actu : plus informés qu’on ne le pense mais pas à l’abri de pièges";"/article/remportez-des-entrees-pour-batireno-et-energie-habitat-11792355"
"RTBF Actus (FR)";"FR";"2026-10-04";"Modération sur les réseaux sociaux : le défi quotidien de la RTBF";"/article/votre-chien-est-un-peu-moche-mais-quand-meme-craquant-envoyez-nous-une-photo-pour-tenter-de-remporter-un-relooking-11786104"
"RTBF Actus (FR)";"FR";"2026-10-04";"Nouvelle signalétique TV : ce qui change ce 1er juillet";"/article/la-roue-du-diable-de-l-oktoberfest-au-c-ur-d-un-scandale-voyeuriste-face-aux-hommes-qui-filment-sous-les-jupes-des-shorts-cyclistes-distribues-11794402"
"RTBF Actus (FR)";"FR";"2026-10-04";"Bivouacs du journalisme : ""Les contacts avec le public sont extrêmement enrichissants"", Jean-Pierre Jacqmin, ancien directeur de l’info de la RTBF";"/article/guy-verhofstadt-est-actuellement-vise-par-une-enquete-europeenne-11794533"
"RTBF Actus (FR)";"FR";"2026-10-04";"Coupe du monde : les matchs des Diables Rouges aussi pour les malvoyants";"/article/f1-bahrein-verstappen-vise-une-premiere-victoire-en-2026-direct-video-a-8h30-11794417"
"RTBF Actus (FR)";"FR";"2026-10-04";"Duran Duran sur Classic 21 : interview exclusive et des places à gagner pour leur concert à Bruxelles";"/article/budget-federal-faut-il-revoir-le-statut-bim-11794469"
"RTBF Actus (FR)";"FR";"2026-10-04";"Placebo à Anvers : gagnez vos places toute la semaine dans Coffee on the Rocks";"/article/les-avocats-de-christa-pike-portent-plainte-apres-le-desastreux-ratage-de-son-execution-11794347"
"RTBF Actus (FR)";"FR";"2026-10-04";"Le Réveil de Tipik vous offre des Fun Pass chez Share & Fun";"/article/guerre-en-ukraine-au-moins-5-drones-et-missiles-russes-ont-explose-ce-samedi-en-moldavie-11794487"
"RTBF Actus (FR)";"FR";"2026-10-04";"Tipik vous invite à l’avant-première du film « Le Fantôme de l’Opéra » à Paris !";"https://auvio.rtbf.be/media/le-quotidien-des-personnes-de-petite-taille-vivre-dans-un-monde-trop-grand-3523751"
"RTBF Actus (FR)";"FR";"2026-10-04";"Samy & Lou vous offrent 1 000 € de shopping sur Tipik";"https://auvio.rtbf.be/media/viva-week-end-viva-week-end-3524319"
"RTBF Actus (FR)";"FR";"2026-10-04";"Le Réveil de Tipik vous emmène vivre Peur sur le Parc au Parc Astérix";"https://auvio.rtbf.be/media/warm-up-formule-1-warm-up-3524240"
"RTBF Actus (FR)";"FR";"2026-10-04";"The Beatles : gagnez la nouvelle édition de ""Rubber Soul""";"https://auvio.rtbf.be/media/sports-moteurs-autosport-3512818"
"RTBF Actus (FR)";"FR";"2026-10-04";"Remportez des entrées pour Batireno et Energie & Habitat";"https://auvio.rtbf.be/media/motogp-motogp-la-course-3524291"
"RTBF Actus (FR)";"FR";"2026-10-04";"Votre chien est un peu moche mais quand même craquant ? Envoyez-nous une photo pour tenter de remporter un relooking";"https://auvio.rtbf.be/media/moto2-moto2-la-course-3524275"
"RTBF Actus (FR)";"FR";"2026-10-04";"La ""roue du diable"" de l’Oktoberfest au cœur d’un scandale voyeuriste";"https://auvio.rtbf.be/media/retour-a-sullivan-s-crossing-sullivan-s-crossing-s02-3434201"
"RTBF Actus (FR)";"FR";"2026-10-04";"Guy Verhofstadt est actuellement visé par une enquête européenne";"https://auvio.rtbf.be/media/spaak-un-belge-qui-a-fait-l-histoire-portrait-d-un-visionnaire-batisseur-de-l-europe-3523557"
"RTBF Actus (FR)";"FR";"2026-10-04";"Direct vidéo et commenté - F1 Bahreïn : Verstappen toujours devant les Mercedes";"https://auvio.rtbf.be/media/remede-de-cheval-barbara-minneci-la-cavaliere-qui-n-a-pas-renonce-a-son-reve-3523553"
"RTBF Actus (FR)";"FR";"2026-10-04";"Budget fédéral : faut-il revoir le statut BIM ?";"https://auvio.rtbf.be/media/le-retour-de-la-momie-brendan-fraser-et-rachel-weisz-unis-a-nouveau-pour-combattre-un-nouveau-cauchemar-3523555"
"RTBF Actus (FR)";"FR";"2026-10-04";"Les avocats de Christa Pike portent plainte après le désastreux ratage de son exécution";"https://auvio.rtbf.be/media/la-shoah-des-ghettos-quand-les-ecrits-racontent-les-camps-de-la-mort-3523544"
"RTBF Actus (FR)";"FR";"2026-10-04";"Guerre en Ukraine : au moins 5 drones et missiles russes ont explosé ce samedi en Moldavie";"https://auvio.rtbf.be/media/capitaine-marleau-capitaine-marleau-3523550"
"France 24 (EN)";"EN";"2026-10-04";"Ossoff and El-Sayed: Two Senate races and what they say about the Democratic Party";"https://france24.com/en/americas/20261004-ossoff-and-el-sayed-two-senate-races-and-what-they-say-about-the-democratic-party"
"France 24 (EN)";"EN";"2026-10-04";"Early voting begins in US midterms that could see Republicans lose control of Congress";"https://france24.com/en/americas/20260918-early-voting-begins-in-us-midterms-that-could-see-republicans-lose-control-of-congress"
"France 24 (EN)";"EN";"2026-10-04";"US Supreme Court rejects Trump bid to restrict mail ballots as voting begins";"https://france24.com/en/americas/20260915-us-supreme-court-rejects-trump-bid-to-restrict-mail-ballots-as-voting-begins"
"France 24 (EN)";"EN";"2026-10-04";"Live: New Russian strikes hit Kyiv bridge as Germany's Merz visits";"https://france24.com/en/europe/20261004-live-germany-s-merz-in-kyiv-for-talks-with-zelensky"
"France 24 (EN)";"EN";"2026-10-04";"Who are the mystery pilots who successfully landed endangered Flydubai flight 1073?";"https://france24.com/en/middle-east/20261004-who-are-the-mystery-pilots-who-successfully-landed-endangered-flydubai-flight-1073"
"France 24 (EN)";"EN";"2026-10-04";"Latvia's PM on track to lead pro-Ukraine coalition after parliamentary election victory";"https://france24.com/en/europe/20261003-latvia-elections-pm-kulbergs-pro-ukraine-party-ahead-coalition-partners-stumble"
"France 24 (EN)";"EN";"2026-10-04";"Italy’s Ustica enigma: Can French files solve mystery crash blamed on stray missile?";"https://france24.com/en/europe/20261003-italy-ustica-enigma-can-french-files-solve-mystery-crash-blamed-on-stray-missile-gaddafi"
"France 24 (EN)";"EN";"2026-10-04";"Bosnians vote as pro-Russian politician looms large and ethnic tensions simmer";"https://france24.com/en/europe/20261004-polls-open-in-bosnia-and-herzegovina-as-pro-russian-politician-looms-large-over-race"
"France 24 (EN)";"EN";"2026-10-04";"Houthis claim strike on oil facilty near Riyadh, accuse Saudi forces of pounding Yemen's capital";"https://france24.com/en/middle-east/20261003-houthis-blame-saudi-air-strikes-loud-blasts-rock-yemen-capital-sanaa"
"France 24 (EN)";"EN";"2026-10-04";"Fresh protests over housing flare in Spain after lawmakers reject relief measures";"https://france24.com/en/europe/20261003-fresh-protests-over-housing-flare-spain-after-lawmakers-reject-relief-measures"
"France 24 (EN)";"EN";"2026-10-04";"Ethiopia controls Tigray capital as regional rivals meet in Egypt";"https://france24.com/en/live-news/20261004-ethiopia-controls-tigray-capital-as-regional-rivals-meet-in-egypt"
"France 24 (EN)";"EN";"2026-10-04";"Asian Games close in Japan after records, rancour and rain";"https://france24.com/en/live-news/20261004-asian-games-set-to-close-after-records-rancour-and-rain"
"France 24 (EN)";"EN";"2026-10-04";"Paraguay, a tax and political haven for Brazil's far right";"https://france24.com/en/tv-shows/reporters/20261002-paraguay-a-tax-and-political-haven-for-brazil-s-far-right"
"France 24 (EN)";"EN";"2026-10-04";"The Cornell 7: Allegations spark fury over gang rape culture";"https://france24.com/en/tv-shows/the-51/20261002-the-cornell-7-allegations-spark-fury-over-gang-rape-culture"
"France 24 (EN)";"EN";"2026-10-04";"What's real and what's fake? How AI is impacting Brazil's election race";"https://france24.com/en/tv-shows/focus/20261002-what-s-real-and-what-s-fake-how-ai-is-impacting-brazil-s-election-race"
"France 24 (EN)";"EN";"2026-10-04";"'Make our streets safer!' Mass women's protests sweep India over sexual violence";"https://france24.com/en/tv-shows/access-asia/20261002-make-our-streets-safer-mass-women-s-protests-sweep-india-over-sexual-violence"
"France 24 (EN)";"EN";"2026-10-04";"What the media got right and wrong about Cornell gang rape case";"https://france24.com/en/tv-shows/scoop/20261002-what-the-media-got-right-and-wrong-about-cornell-gang-rape-case"
"France 24 (EN)";"EN";"2026-10-04";"U2 celebrate 50 years in music with surprise gigs";"https://france24.com/en/tv-shows/arts24/20261002-u2-celebrate-50-years-in-music-with-surprise-gigs"
"France 24 (EN)";"EN";"2026-10-04";"A grim winter ahead? EU states asked to prepare gas and electricity savings";"https://france24.com/en/tv-shows/talking-europe/20261002-a-grim-winter-ahead-eu-states-asked-to-prepare-gas-and-electricity-savings"
"France 24 (EN)";"EN";"2026-10-04";"Will AI write our books? Row over bestseller fuels fear over future of literature";"https://france24.com/en/tv-shows/the-debate/20261002-will-ai-write-our-books-row-over-bestseller-fuels-fear-over-future-of-literature"
"France 24 (EN)";"EN";"2026-10-04";"Lula and Bolsonaro make final push for votes ahead of Brazil's knife-edge election";"https://france24.com/en/americas/20261003-lula-and-bolsonaro-make-final-push-for-votes-ahead-of-brazil-s-knife-edge-election"
"France 24 (EN)";"EN";"2026-10-04";"Brazil’s Lula gears up for ‘last dance’ with run for fourth presidential term";"https://france24.com/en/americas/20261002-brazil-s-lula-gears-up-for-last-dance-with-run-for-fourth-presidential-term"
"France 24 (EN)";"EN";"2026-10-04";"Flavio Bolsonaro: In the name of the father, sons, and holy ideology";"https://france24.com/en/americas/20261003-flavio-bolsonaro-in-the-name-of-the-father-sons-and-holy-ideology"
"France 24 (EN)";"EN";"2026-10-04";"Tennessee prison chief who oversaw botched Christa Pike execution resigns";"https://france24.com/en/americas/20261003-tennessee-prison-chief-who-oversaw-botched-christa-pike-execution-resigns"
"France 24 (EN)";"EN";"2026-10-04";"Ethiopia's Tigray rebels abandon regional capital Mekelle as government forces enter city";"https://france24.com/en/africa/20261003-ethiopia-s-tigray-rebels-abandon-regional-capital-of-mekelle-as-pro-government-forces-advance"
"France 24 (EN)";"EN";"2026-10-04";"UAE investigators say Omani Flydubai co-pilot was planning 'terrorist' attack";"https://france24.com/en/middle-east/20261003-co-pilot-on-flydubai-flight-was-banned-from-flying-by-oman-for-holding-extremist-views"
"France 24 (EN)";"EN";"2026-10-04";"Russia strikes another Kyiv bridge, deepening travel chaos in Ukraine's capital";"https://france24.com/en/europe/20261003-russia-strikes-another-major-bridge-in-kyiv"
"France 24 (EN)";"EN";"2026-10-04";"Nations League: France held by Italy despite Olise stunner";"https://france24.com/en/sport/20261002-france-held-by-italy-in-zidane-s-homecoming-after-olise-stunner"
"France 24 (EN)";"EN";"2026-10-04";"North Korea launches ballistic missile as tensions with Seoul grow over border mine blasts";"https://france24.com/en/asia-pacific/20261003-north-korea-fires-ballistic-missile-after-seoul-s-apology-demand"
"France 24 (EN)";"EN";"2026-10-04";"On the run for 20 years, Ugandan warlord Kony still 'active' within the Lord's Resistance Army";"https://france24.com/en/africa/20261002-on-the-run-for-20-years-ugandan-warlord-kony-still-active-within-the-lord-s-resistance-army"
"France 24 (EN)";"EN";"2026-10-04";"France’s purchasing power crisis: Navigating the pinch";"https://france24.com/en/economy/20261001-france-s-purchasing-power-crisis-navigating-the-pinch"
"France 24 (EN)";"EN";"2026-10-04";"‘Russian sleeper cell’: Can Germany’s far-right AfD be barred from sensitive intel?";"https://france24.com/en/europe/20260927-russian-sleeper-cell-can-germany-far-right-afd-be-barred-from-sensitive-intelligence"
"France 24 (EN)";"EN";"2026-10-04";"Russia ramps up disinformation attacks on French media ahead of 2027 presidential race";"https://france24.com/en/france/20260930-russia-ramps-up-disinformation-attacks-on-french-media-ahead-of-2027-presidential-race"
"France 24 (EN)";"EN";"2026-10-04";"Hundreds of French schools remain closed as riot police clash with student protesters";"https://france24.com/en/france/20261002-hundreds-of-french-schools-remain-closed-as-student-protests-turn-violent"
"France 24 (EN)";"EN";"2026-10-04";"G7 members will release 100 million barrels of diesel after US threatens export ban";"https://france24.com/en/europe/20261002-eu-fully-rejects-us-threat-to-ban-diesel-exports-unless-bloc-releases-more-fuel-stocks"
"France 24 (EN)";"EN";"2026-10-04";"Transport suspended in some French cities as school protests continue";"https://france24.com/en/france/20261001-hundreds-of-students-detained-dozens-of-officers-injured-in-french-school-protests"
"France 24 (EN)";"EN";"2026-10-04";"US presses Europe to release diesel reserves 'immediately' as Trump threatens export ban";"https://france24.com/en/europe/20261001-us-europe-diesel-reserves-fuel-prices"
"France 24 (EN)";"EN";"2026-10-04";"Lula and Bolsonaro’s mudslinging heats up ahead of weekend vote";"https://france24.com/en/americas/20261002-lula-and-bolsonaro-s-mudslinging-heats-up-ahead-of-weekend-vote"
"France 24 (EN)";"EN";"2026-10-04";"Video shows Iranian police beating, sexually humiliating teenage detainee";"https://france24.com/en/middle-east/20260929-iran-police-video-teenage-detainee-abuse"
"France 24 (EN)";"EN";"2026-10-04";"Residents in West Bank's Masafer Yatta face Israeli demolitions";"https://france24.com/en/tv-shows/the-observers/20260924-residents-west-bank-masafer-yatta-israeli-demolitions"
"France 24 (EN)";"EN";"2026-10-04";"A look back at Tunisia's summer of shortages";"https://france24.com/en/tv-shows/the-observers/20260924-look-back-tunisiassummer-shortages"
"France 24 (EN)";"EN";"2026-10-04";"No, this video doesn't disprove the 9/11 attack on the south tower of the World Trade Center";"https://france24.com/en/americas/20260923-video-no-proof-plane-hit-twin-tower-9-11"
"France 24 (EN)";"EN";"2026-10-04";"The church by the airport: Inside Russia’s suspected spy activities in Sweden";"https://france24.com/en/europe/20250704-the-church-by-the-airport-inside-russia-s-suspected-spy-activities-in-sweden"
"France 24 (EN)";"EN";"2026-10-04";"Searching for radioactive waste in the depths of the Atlantic";"https://france24.com/en/environment/20250607-searching-radioactive-waste-depths-atlantic-france-nuclear"
"France 24 (EN)";"EN";"2026-10-04";"‘Unwavering friendship’: The true story of nine women who escaped a Nazi death march";"https://france24.com/en/europe/20250429-true-story-nine-women-who-escaped-nazi-death-march-ravensbruck"
"France 24 (EN)";"EN";"2026-10-04";"Pope Francis, first Latin American pontiff and champion of the forgotten";"https://france24.com/en/europe/20250421-pope-francis-first-latin-american-pontiff-dies-after-double-pneumonia-battle"
"France 24 (EN)";"EN";"2026-10-04";"Haiti’s independence ransom: Macron offers ‘truth’, Haitians want reparations";"https://france24.com/en/americas/20250417-haiti-independence-ransom-macron-offers-truth-haitians-want-reparations-slavery"
"France 24 (EN)";"EN";"2026-10-04";"Saved from destruction: Paris show offers glimpse of Gaza’s archaeological treasures";"https://france24.com/en/culture/20250403-saved-from-destruction-paris-exhibition-offers-glimpse-of-gaza-archaeological-treasures"
"France 24 (EN)";"EN";"2026-10-04";"More than half of Europe faced intense summer heat stress, EU monitor says";"https://france24.com/en/environment/20261002-europe-summer-heat-stress-eu-monitor"
"France 24 (EN)";"EN";"2026-10-04";"Heatwaves, wildfires expose a third of world to extreme ozone pollution";"https://france24.com/en/environment/20260930-heatwaves-wildfires-expose-a-third-of-world-to-extreme-ozone-pollution"
"France 24 (EN)";"EN";"2026-10-04";"A Green pope? Vatican describes environmental destruction as an 'ecological sin'";"https://france24.com/en/tv-shows/down-to-earth/20260928-a-green-pope-vatican-describes-environmental-destruction-as-an-ecological-sin"
"France 24 (EN)";"EN";"2026-10-04";"When climate mitigation becomes politicised: The Guardian uncovers IPCC links to Saudi oil industry";"https://france24.com/en/tv-shows/spotlight/20260923-when-climate-mitigation-becomes-political-the-guardian-uncovers-ipcc-links-to-saudi-oil-industry"
"France 24 (EN)";"EN";"2026-10-04";"Rethinking traditional designs: A French twist on the kimono";"https://france24.com/en/tv-shows/entre-nous/20261001-rethinking-traditional-designs-a-french-twist-on-the-kimono"
"France 24 (EN)";"EN";"2026-10-04";"From Billie Eilish to Cardi B: Hassan Hajjaj on the stars who stepped into his colourful world";"https://france24.com/en/tv-shows/arts24/20261001-from-billie-eilish-to-cardi-b-hassan-hajjaj-on-the-stars-who-stepped-into-his-colourful-world"
"France 24 (EN)";"EN";"2026-10-04";"Ireland–Israel nations League clash overshadowed by political tensions";"https://france24.com/en/video/20261004-ireland%E2%80%93israel-nations-league-clash-overshadowed-by-political-tensions"
"France 24 (EN)";"EN";"2026-10-04";"No fairytale return for Zidane as Italy hold France at the Stade de France";"https://france24.com/en/tv-shows/sports/20261003-no-fairytale-return-for-zidane-as-italy-hold-france-at-the-stade-de-france"
"France 24 (EN)";"EN";"2026-10-04";"Manchester City appeal judgement that club breached Premier League financial rules";"https://france24.com/en/sport/20261002-manchester-city-appeal-judgement-that-club-breached-premier-league-financial-rules"
"France 24 (EN)";"EN";"2026-10-04";"AI companies sign voluntary accord on safety with Trump";"https://france24.com/en/technology/20260929-trump-says-ai-companies-sign-voluntary-accord-on-safety-controls"
"France 24 (EN)";"EN";"2026-10-04";"Rogue AI accessed federal websites, posted user images online, ChatGPT says";"https://france24.com/en/technology/20260926-chatgpt-says-its-rogue-ai-agents-posted-users-images-online-entered-federal-website"
"France 24 (EN)";"EN";"2026-10-04";"It's not malicious, it's indifference: Thousands of books sent to AI woodchipper";"https://france24.com/en/tv-shows/spotlight/20260917-intent-not-malicious-it-s-indifference-thousands-if-not-millions-of-books-sent-to-ai-woodchipper"
"France 24 (EN)";"EN";"2026-10-04";"Barricades & the blame game: the French school protests";"https://france24.com/en/tv-shows/the-debate/20261003-barricades-the-blame-game-the-french-school-protests"
"France 24 (EN)";"EN";"2026-10-04";"French media respond to M. Le Pen’s ‘Kevlar suit’ comments against investigative outlet";"https://france24.com/en/france/20261002-french-media-react-to-m-le-pen-s-kevlar-suit-comments-against-investigative-press-outlet"
"France 24 (EN)";"EN";"2026-10-04";"French Unrest: Are we witnessing a new 'Yellow Vests' movement?";"https://france24.com/en/tv-shows/spotlight/20261002-french-unrest-are-we-witnessing-a-new-yellow-vests-movement"
"France 24 (EN)";"EN";"2026-10-04";"Ethiopian army pushes back Tigrayan rebels";"https://france24.com/en/tv-shows/eye-on-africa/20261002-ethiopian-army-pushes-back-tigrayan-rebels"
"France 24 (EN)";"EN";"2026-10-04";"Thailand floods: At least 8 die, thousands move to shelters";"https://france24.com/en/video/20260928-thailand-floods-at-least-8-die-thousands-move-to-shelters"
"France 24 (EN)";"EN";"2026-10-04";"Transforming Payments in the DRC: A Leap Towards a Digital Future";"https://france24.com/en/sponsored-content/20250923-transforming-payments-in-the-drc-a-leap-towards-a-digital-future"
"France 24 (EN)";"EN";"2026-10-04";"Africa's $88 billion solutions: How ATAF fights illicit financial flows";"https://france24.com/en/sponsored-content/20250108-africa-s-88-billion-solutions-how-ataf-fights-illicit-financial-flows"
"France 24 (EN)";"EN";"2026-10-04";"Burundi: innovative solutions to fight stunting in children";"https://france24.com/en/sponsored-content/20240122-burundi-innovative-solutions-to-fight-stunting-in-children"
"France 24 (EN)";"EN";"2026-10-04";"Child malnutrition in Burundi: concrete actions to help children";"https://france24.com/en/sponsored-content/20231215-child-malnutrition-in-burundi-concrete-actions-to-help-children"
"France 24 (EN)";"EN";"2026-10-04";"Interview of Anthony Ginter, President & CEO - WEO";"https://france24.com/en/sponsored-content/20230911-interview-of-anthony-ginter-president-ceo-weo"
"France 24 (EN)";"EN";"2026-10-04";"2026";"https://france24.com/en/archives/2026/01/"
"France 24 (EN)";"EN";"2026-10-04";"2025";"https://france24.com/en/archives/2025/01/"
"France 24 (EN)";"EN";"2026-10-04";"2024";"https://france24.com/en/archives/2024/01/"
"France 24 (EN)";"EN";"2026-10-04";"2023";"https://france24.com/en/archives/2023/01/"
"France 24 (EN)";"EN";"2026-10-04";"2022";"https://france24.com/en/archives/2022/01/"
"France 24 (EN)";"EN";"2026-10-04";"2021";"https://france24.com/en/archives/2021/01/"
"France 24 (EN)";"EN";"2026-10-04";"2020";"https://france24.com/en/archives/2020/01/"
"Le Monde (FR)";"FR";"2026-10-04";"Le Monde’s app";"https://www.lemonde.fr/en/about-us/article/2023/09/06/le-monde-in-english-now-available-on-our-mobile-app_6125308_115.html"
"Le Monde (FR)";"FR";"2026-10-04";"Arancha Gonzalez Laya and Jean Tirole: 'Europe's model is now fighting for its survival'";"https://www.lemonde.fr/en/books/article/2026/10/04/scholar-arancha-gonzalez-laya-and-economist-jean-tirole-europe-s-model-is-now-fighting-for-its-survival_6758228_33.html"
"Le Monde (FR)";"FR";"2026-10-04";"China's AI doctrine is a challenge for Europe";"https://www.lemonde.fr/en/opinion/article/2026/07/21/china-s-ai-doctrine-is-a-challenge-for-europe_6755686_23.html"
"Le Monde (FR)";"FR";"2026-10-04";"As far right gains ground, EU Commission president pledges a Europe that protects";"https://www.lemonde.fr/en/international/article/2026/09/16/as-far-right-gains-ground-eu-commission-president-pledges-a-europe-that-protects_6757608_4.html"
"Le Monde (FR)";"FR";"2026-10-04";"Brazil faces lackluster presidential campaign and uncertain vote amid concerns over US interference";"https://www.lemonde.fr/en/international/article/2026/10/04/brazil-faces-lackluster-presidential-campaign-and-uncertain-vote-amid-concerns-over-us-interference_6758231_4.html"
"Le Monde (FR)";"FR";"2026-10-04";"Germany's Merz visits Kyiv as Russia steps up attacks on Ukrainian cities";"https://www.lemonde.fr/en/international/article/2026/10/04/germany-s-merz-visits-kyiv-as-russia-steps-up-attacks-on-ukrainian-cities_6758230_4.html"
"Le Monde (FR)";"FR";"2026-10-04";"Pro-Europe Latvian PM wins poll dominated by Russia, social worries";"https://www.lemonde.fr/en/international/article/2026/10/04/pro-europe-latvian-pm-wins-poll-dominated-by-russia-social-worries_6758232_4.html"
"Le Monde (FR)";"FR";"2026-10-04";"Cornell president calls alleged gang rape 'deeply disturbing,' pledges greater transparency";"https://www.lemonde.fr/en/international/article/2026/10/04/cornell-president-calls-alleged-gang-rape-deeply-disturbing-pledges-greater-transparency_6758226_4.html"
"Le Monde (FR)";"FR";"2026-10-04";"How film producer Edward Saatchi is using AI to recreate the lost ending of an Orson Welles masterpiece";"https://www.lemonde.fr/en/m-le-mag/article/2026/10/03/how-film-producer-edward-saatchi-is-using-ai-to-recreate-the-lost-ending-of-an-orson-welles-masterpiece_6758222_117.html"
"Le Monde (FR)";"FR";"2026-10-04";"News   Valentin Pérez Subscribers onlyDesigner Virginie Viard offers a rare account of her career at the top of Chanel  After being abruptly dismissed as artistic director of Chanel in 2024, the designer – who succeeded the famously media-savvy Karl Lagerfeld following his death in 2019 – is breaking her silence. In a new book, she recounts the shock of her ousting, her time at the luxury fashion house and especially her long relationship with the German couturier.    4 min read";"https://www.lemonde.fr/en/lifestyle/article/2026/10/04/designer-virginie-viard-offers-a-rare-account-of-her-career-at-the-top-of-chanel_6758229_37.html"
"Le Monde (FR)";"FR";"2026-10-04";"Tennessee prison chief resigns after Christa Pike's failed execution";"https://www.lemonde.fr/en/international/article/2026/10/03/tennessee-prison-chief-who-oversaw-christina-pike-s-failed-execution-resigns_6758221_4.html"
"Le Monde (FR)";"FR";"2026-10-04";"Estonia trains children to operate drones in response to Russian threat";"https://www.lemonde.fr/en/international/article/2026/10/04/estonia-trains-children-to-operate-drones-in-response-to-russian-threat_6758224_4.html"
"Le Monde (FR)";"FR";"2026-10-04";"Anastasiia Yasagashvili, the Ukrainian collaborator who betrayed her family to the Russians";"https://www.lemonde.fr/en/international/article/2026/10/03/anastasiia-yasagashvili-the-ukrainian-collaborator-who-betrayed-her-family-to-the-russians_6758211_4.html"
"Le Monde (FR)";"FR";"2026-10-04";"Thousands protest across Spain after parliament rejects tenant protections";"https://www.lemonde.fr/en/international/article/2026/10/03/thousands-protest-in-madrid-and-across-spain-after-parliament-rejects-tenant-protections_6758216_4.html"
"Le Monde (FR)";"FR";"2026-10-04";"High school blockades: For La France Insoumise, a double-edged show of support";"https://www.lemonde.fr/en/politics/article/2026/10/03/high-school-blockades-for-la-france-insoumise-a-double-edged-show-of-support_6758217_5.html"
"Le Monde (FR)";"FR";"2026-10-04";"Israel targets top Hamas leader in deadly Gaza strike, killing five";"https://www.lemonde.fr/en/international/article/2026/10/03/israel-targets-top-hamas-leader-in-deadly-gaza-strike-killing-five_6758223_4.html"
"Le Monde (FR)";"FR";"2026-10-04";"South Korea: Explosions in the DMZ threaten hopes for renewed dialogue with North Korea";"https://www.lemonde.fr/en/international/article/2026/10/03/south-korea-explosions-in-the-dmz-threaten-hopes-for-renewed-dialogue-with-north-korea_6758215_4.html"
"Le Monde (FR)";"FR";"2026-10-04";"How responsible is Macron for the disintegration of France's traditional parties?";"https://www.lemonde.fr/en/politics/article/2026/10/02/how-responsible-is-macron-for-the-disintegration-of-france-s-traditional-parties_6758192_5.html"
"Le Monde (FR)";"FR";"2026-10-04";"US midterms serve as a test for democracy";"https://www.lemonde.fr/en/opinion/article/2026/10/03/us-midterms-serve-as-a-test-for-democracy_6758220_23.html"
"Le Monde (FR)";"FR";"2026-10-04";"High school student protests spread across France as tensions escalate";"https://www.lemonde.fr/en/france/article/2026/10/02/high-school-student-protests-spread-across-france-as-tensions-escalate_6758168_7.html"
"Le Monde (FR)";"FR";"2026-10-04";"Behind Mbappé's switch to sportswear brand On, Nike's downfall";"https://www.lemonde.fr/en/economy/article/2026/10/03/behind-mbappe-s-switch-to-sportswear-brand-on-nike-s-downfall_6758213_19.html"
"Le Monde (FR)";"FR";"2026-10-04";"US ambassador's interventions in Greece spark controversy in Bucharest and Athens";"https://www.lemonde.fr/en/international/article/2026/10/04/us-ambassador-s-interventions-in-greece-spark-controversy-in-bucharest-and-athens_6758225_4.html"
"Le Monde (FR)";"FR";"2026-10-04";"In Depth   Clément Guillou and  Corentin Lesueur Subscribers onlyBardella's denial of antisemitic remarks challenged as website publishes evidence  The investigative site Mediapart released on Thursday emails and excerpts from private Facebook Messenger conversations involving the current leader of Marine Le Pen's party when he was 17, relying on documents authenticated by Meta.    5 min read";"https://www.lemonde.fr/en/politics/article/2026/10/02/bardella-s-denial-of-antisemitic-remarks-challenged-as-website-publishes-evidence_6758167_5.html"
"Le Monde (FR)";"FR";"2026-10-04";"Investigation   Claire Legros Subscribers onlyWhere to live? How climate change is forcing us to rethink our relationship with our surroundings  Excessive heat, water shortages, rising sea levels: A place's habitability depends first and foremost on physical thresholds. But it also depends on the relationship between a space and the people who live there, which plays a key role in how people adapt to climate change.    6 min read";"https://www.lemonde.fr/en/environment/article/2026/09/28/where-to-live-how-climate-change-is-forcing-us-to-rethink-our-relationship-with-our-surroundings_6758019_114.html"
"Le Monde (FR)";"FR";"2026-10-04";"In Depth   Mattea Battaglia Subscribers onlyFresh alert on contraceptive pill worries French women, but doctors warn against rushed decisions  France's medicines regulator is warning 1.6 million users of desogestrel-based pills about a risk of meningioma, a usually benign tumor, sparking a surge in calls to doctors.    6 min read";"https://www.lemonde.fr/en/france/article/2026/10/01/fresh-alert-on-contraceptive-pill-worries-french-women-but-doctors-warn-against-rushed-decisions_6758150_7.html"
"Le Monde (FR)";"FR";"2026-10-04";"Editorial French high school protests: Authorities should have listened to students first   Le Monde";"https://www.lemonde.fr/en/opinion/article/2026/10/02/french-high-school-protests-authorities-should-have-listened-to-students-first_6758174_23.html"
"Le Monde (FR)";"FR";"2026-10-04";"Column Subscribe'First surrender, then negotiation. These are Moscow's words'      Alain Frachon Columnist";"https://www.lemonde.fr/en/opinion/article/2026/10/02/war-in-ukraine-first-surrender-then-negotiation-these-are-moscow-s-words_6758165_23.html"
"Le Monde (FR)";"FR";"2026-10-04";"Column Subscribe'The AI-pocalypse is a mirage distracting us from AI's unsustainable development'      Stéphane Foucart";"https://www.lemonde.fr/en/opinion/article/2026/09/28/the-ai-pocalypse-is-a-mirage-distracting-us-from-ai-s-unsustainable-development_6758018_23.html"
"Le Monde (FR)";"FR";"2026-10-04";"Latvian partial election results suggest pro-European choice";"https://www.lemonde.fr/en/international/article/2026/10/04/latvian-partial-election-results-suggest-pro-european-choice_6758227_4.html"
"Le Monde (FR)";"FR";"2026-10-04";"Charte du Groupe";"https://www.lemonde.fr/actualite-medias/article/2010/11/03/la-charte-d-ethique-et-de-deontologie-du-groupe-le-monde_1434737_3236.html"
"Le Monde (FR)";"FR";"2026-10-04";"Group Policy";"https://www.lemonde.fr/en/about-us/article/2022/04/06/groupe-le-monde-s-code-of-ethics-and-professional-conduct_5979823_115.html"
"Le Monde (FR)";"FR";"2026-10-04";"RSS feed";"https://www.lemonde.fr/en/about-us/article/2026/03/27/le-monde-rss-feeds_6751860_115.html"
"RFI Afrique (FR)";"FR";"2026-10-04";"2026";"https://www.rfi.fr/fr/archives/2026/01/"
"RFI Afrique (FR)";"FR";"2026-10-04";"2025";"https://www.rfi.fr/fr/archives/2025/01/"
"RFI Afrique (FR)";"FR";"2026-10-04";"2024";"https://www.rfi.fr/fr/archives/2024/01/"
"RFI Afrique (FR)";"FR";"2026-10-04";"2023";"https://www.rfi.fr/fr/archives/2023/01/"
"RFI Afrique (FR)";"FR";"2026-10-04";"2022";"https://www.rfi.fr/fr/archives/2022/01/"
"RFI Afrique (FR)";"FR";"2026-10-04";"2021";"https://www.rfi.fr/fr/archives/2021/01/"
"RFI Afrique (FR)";"FR";"2026-10-04";"2020";"https://www.rfi.fr/fr/archives/2020/01/"
"RTL (FR)";"FR";"2026-10-04";"Politique";"https://rtl.fr/actu/politique"
"RTL (FR)";"FR";"2026-10-04";"International";"https://rtl.fr/actu/international"
"RTL (FR)";"FR";"2026-10-04";"Justice et faits divers";"https://rtl.fr/actu/justice-faits-divers"
"RTL (FR)";"FR";"2026-10-04";"Conso";"https://rtl.fr/actu/economie-consommation"
"RTL (FR)";"FR";"2026-10-04";"Food";"https://rtl.fr/actu/food"
"RTL (FR)";"FR";"2026-10-04";"Santé";"https://rtl.fr/actu/bien-etre"
"RTL (FR)";"FR";"2026-10-04";"Société";"https://rtl.fr/actu/debats-societe"
"RTL (FR)";"FR";"2026-10-04";"Tech";"https://rtl.fr/actu/sciences-tech"
"RTL (FR)";"FR";"2026-10-04";"Arts Spectacles";"https://rtl.fr/culture/arts-spectacles"
"RTL (FR)";"FR";"2026-10-04";"Ciné Séries";"https://rtl.fr/culture/cine-series"
"RTL (FR)";"FR";"2026-10-04";"Médias et people";"https://rtl.fr/culture/medias-people"
"RTL (FR)";"FR";"2026-10-04";"Musique";"https://rtl.fr/culture/musique"
"RTL (FR)";"FR";"2026-10-04";"Culture Générale";"https://rtl.fr/culture/culture-generale"
"RTL (FR)";"FR";"2026-10-04";"Humour";"https://rtl.fr/culture/humour"
"RTL (FR)";"FR";"2026-10-04";"Histoire";"https://rtl.fr/culture/histoire"
"RTL (FR)";"FR";"2026-10-04";"Football";"https://rtl.fr/sport/football"
"RTL (FR)";"FR";"2026-10-04";"Autres sports";"https://rtl.fr/sport/autres-sports"
"France Inter (FR)";"FR";"2026-10-04";"Comment réconcilier le corps et l'esprit ?";"https://radiofrance.fr/franceinter/podcasts/grand-bien-vous-fasse/grand-bien-vous-fasse-du-jeudi-01-octobre-2026-5104908"
"France Inter (FR)";"FR";"2026-10-04";"Qui va payer les dégâts causés par les manifestations lycéennes ?";"https://radiofrance.fr/franceinter/podcasts/l-info-de-france-inter/qui-va-payer-les-degats-causes-par-les-manifestations-lyceennes-2277807"
"France Inter (FR)";"FR";"2026-10-04";"L'info de France Inter";"https://radiofrance.fr/franceinter/podcasts/les-documents-france-inter"
"France Inter (FR)";"FR";"2026-10-04";"Jane Fonda : ""Aujourd'hui, nous affrontons deux crises existentielles, la crise de la démocratie et la crise du climat""";"https://radiofrance.fr/franceinter/podcasts/le-grand-portrait/le-grand-portrait-du-mardi-29-septembre-2026-8766567"
"France Inter (FR)";"FR";"2026-10-04";"Patrick Modiano pour son nouveau livre ""L'Éléphant"" : ""Il fallait continuer d'écrire""";"https://radiofrance.fr/franceinter/podcasts/totemic/totemic-du-vendredi-02-octobre-2026-4410215"
"France Inter (FR)";"FR";"2026-10-04";"Le Masque et Patrick Modiano";"https://radiofrance.fr/franceinter/podcasts/serie-le-masque-et-patrick-modiano"
"France Inter (FR)";"FR";"2026-10-04";"Soutien financier au Hamas et corruption présumée de proches de Netanyahou, enquête sur l’action secrète du Qatar";"https://radiofrance.fr/franceinter/podcasts/revelations/revelations-partie-2-du-dimanche-04-octobre-2026-3383552"
"France Inter (FR)";"FR";"2026-10-04";"""Des documents authentiques"" : Mediapart révèle les dessous de son enquête sur Jordan Bardella";"https://radiofrance.fr/franceinter/podcasts/l-info-de-france-inter/des-documents-authentiques-mediapart-revele-les-dessous-de-son-enquete-sur-jordan-bardella-7718987"
"France Inter (FR)";"FR";"2026-10-04";"Ryad Rani, président-lycéen déterminé";"https://radiofrance.fr/franceinter/podcasts/le-visage-de-la-semaine/le-visage-de-la-semaine-du-vendredi-02-octobre-2026-9965139"
"France Inter (FR)";"FR";"2026-10-04";"Cyberattaques : pourquoi la France est si vulnérable";"https://radiofrance.fr/franceinter/podcasts/revelations/revelations-partie-1-du-dimanche-04-octobre-2026-1048148"
"France Inter (FR)";"FR";"2026-10-04";"""Les choses que j’ai vécues, je ne voulais pas les garder pour moi"", Bernard-Henri Lévy publie ""Mémoires provisoires""";"https://radiofrance.fr/franceinter/podcasts/l-invite-de-8h20-le-grand-entretien/l-invite-de-8h20-le-grand-entretien-du-jeudi-01-octobre-2026-4806440"
"France Inter (FR)";"FR";"2026-10-04";"L'enquête sur le vol Fly Dubaï s'oriente vers un acte terroriste";"https://radiofrance.fr/franceinter/podcasts/l-info-de-france-inter/l-enquete-sur-le-vol-fly-dubai-s-oriente-vers-un-acte-terroriste-2037441"
"France Inter (FR)";"FR";"2026-10-04";"Viol collectif à l'université de Cornell : la gouverneure de New York veut changer la loi";"https://radiofrance.fr/franceinter/podcasts/l-info-de-france-inter/viol-collectif-a-l-universite-de-cornell-la-gouverneure-de-new-york-veut-changer-la-loi-1532450"
"France Inter (FR)";"FR";"2026-10-04";"Yvon Manac'h, proviseur en Haute-Garonne, et Richard Commeau, proviseur à Clermont Ferrand";"https://radiofrance.fr/franceinter/podcasts/l-invite-du-13-14/l-invite-du-13-14-du-vendredi-02-octobre-2026-9887044"
"France Inter (FR)";"FR";"2026-10-04";"L'invité du 13/14";"https://radiofrance.fr/franceinter/podcasts/l-invite-du-13h00"
"France Inter (FR)";"FR";"2026-10-04";"Le journal de 8h du week-end";"https://radiofrance.fr/franceinter/podcasts/le-journal-de-8h-du-week-end"
"France Inter (FR)";"FR";"2026-10-04";"""La Maison des os et de la pluie"", de Gabino Iglesias, une sombre histoire de vengeance à Porto Rico";"https://radiofrance.fr/franceinter/podcasts/le-polar-sonne-toujours-2-fois/le-polar-sonne-toujours-2-fois-du-jeudi-17-septembre-2026-2291630"
"France Inter (FR)";"FR";"2026-10-04";"Lilia Hassaine";"https://radiofrance.fr/franceinter/podcasts/rien-ne-s-oppose-a-la-nuit/rien-ne-s-oppose-a-la-nuit-du-lundi-31-aout-2026-3444181"
"France Inter (FR)";"FR";"2026-10-04";"Yannick Haenel : ""La rupture, c'est le début de la vocation""";"https://radiofrance.fr/franceinter/podcasts/le-grand-portrait/le-grand-portrait-du-lundi-07-septembre-2026-9287050"
"France Inter (FR)";"FR";"2026-10-04";"""C'était ça ou mourir"" de Thelyson Orélien, exil et résilience";"https://radiofrance.fr/franceinter/podcasts/le-grand-portrait/le-grand-portrait-du-jeudi-03-septembre-2026-5280607"
"France Inter (FR)";"FR";"2026-10-04";"""Une éclaircie"" de Jean-Baptiste Del Amo : comment son corps a changé son regard sur le monde";"https://radiofrance.fr/franceinter/podcasts/l-invite-de-7h50-du-week-end/l-invite-de-7h50-du-we-du-dimanche-30-aout-2026-2767136"
"France Inter (FR)";"FR";"2026-10-04";"Jean-Philippe Toussaint publie ""La Hantise""";"https://radiofrance.fr/franceinter/podcasts/le-grand-atelier/le-grand-atelier-du-dimanche-30-aout-2026-1560875"
"France Inter (FR)";"FR";"2026-10-04";"Adèle Haenel pour son livre ""Viser juste"" : des mots pour penser le réel";"https://radiofrance.fr/franceinter/podcasts/totemic/totemic-du-vendredi-28-aout-2026-9167302"
"France Inter (FR)";"FR";"2026-10-04";"""À voix haute"" : l'enquête familiale de Polina Panassenko à l'époque de la Russie stalinienne a séduit Le Masque";"https://radiofrance.fr/franceinter/podcasts/le-masque-et-la-plume/a-voix-haute-de-polina-panassenko-2511870"
"France Inter (FR)";"FR";"2026-10-04";"""Ce qui nous frôle sous la surface"" de Colum McCann : le Masque a eu du mal à retenir sa respiration";"https://radiofrance.fr/franceinter/podcasts/le-masque-et-la-plume/ce-qui-nous-frole-sous-la-surface-de-colum-mccann-8357623"
"France Inter (FR)";"FR";"2026-10-04";"""Rien ne justifie que l'on tienne des propos antisémites"", selon la directrice de recherche au CNRS Perrine Simon-Nahum";"https://radiofrance.fr/franceinter/podcasts/le-8h20-du-week-end/le-grand-entretien-du-vendredi-02-octobre-2026-1438431"
"France Inter (FR)";"FR";"2026-10-04";"Le 8h20 du week-end";"https://radiofrance.fr/franceinter/podcasts/l-invite-du-week-end"
"France Inter (FR)";"FR";"2026-10-04";"Affaire Bardella, le RN a t-il vraiment changé ?";"https://radiofrance.fr/franceinter/podcasts/l-edito-politique/l-edito-politique-du-jeudi-01-octobre-2026-5342647"
"France Inter (FR)";"FR";"2026-10-04";"L'Édito politique";"https://radiofrance.fr/franceinter/podcasts/l-edito-politique"
"France Inter (FR)";"FR";"2026-10-04";"Franc-jeu";"https://radiofrance.fr/franceinter/podcasts/franc-jeu"
"France Inter (FR)";"FR";"2026-10-04";"Le 6/9";"https://radiofrance.fr/franceinter/podcasts/le-6-9"
"France Inter (FR)";"FR";"2026-10-04";"Franche culture";"https://radiofrance.fr/franceinter/podcasts/franche-culture"
"France Inter (FR)";"FR";"2026-10-04";"Les ailes de géant";"https://radiofrance.fr/franceinter/podcasts/les-ailes-de-geant"
"France Inter (FR)";"FR";"2026-10-04";"Recto-Verso";"https://radiofrance.fr/franceinter/podcasts/recto-verso"
"France Inter (FR)";"FR";"2026-10-04";"Le 18/20";"https://radiofrance.fr/franceinter/podcasts/le-18-20"
"France Inter (FR)";"FR";"2026-10-04";"C'est loin mais c'est beau";"https://radiofrance.fr/franceinter/podcasts/c-est-loin-mais-c-est-beau"
"France Inter (FR)";"FR";"2026-10-04";"Le Billet de Thomas Poitevin";"https://radiofrance.fr/franceinter/podcasts/vero-la-gestionnaire-de-communautes"
"France Inter (FR)";"FR";"2026-10-04";"Rien ne s'oppose à la nuit";"https://radiofrance.fr/franceinter/podcasts/rien-ne-s-oppose-a-la-nuit"
"France Inter (FR)";"FR";"2026-10-04";"La chronique de Samuel Jensky";"https://radiofrance.fr/franceinter/podcasts/la-chronique-de-samuel-jensky"
"France Inter (FR)";"FR";"2026-10-04";"La chronique de Camille Tissot";"https://radiofrance.fr/franceinter/podcasts/la-chronique-de-camille-tissot"
"France Inter (FR)";"FR";"2026-10-04";"Nos vies numériques";"https://radiofrance.fr/franceinter/podcasts/nos-vies-numeriques"
"France Inter (FR)";"FR";"2026-10-04";"La Revue de presse";"https://radiofrance.fr/franceinter/podcasts/la-revue-de-presse"
"France Inter (FR)";"FR";"2026-10-04";"Tout va trop vite";"https://radiofrance.fr/franceinter/podcasts/les-histoires-du-monde"
"France Inter (FR)";"FR";"2026-10-04";"Le Billet de Jessé";"https://radiofrance.fr/franceinter/podcasts/la-chronique-de-jesse"
"France Inter (FR)";"FR";"2026-10-04";"L'édito de Dov Alfon";"https://radiofrance.fr/franceinter/podcasts/dov-alfon-en-toute-subjectivite"
"France Inter (FR)";"FR";"2026-10-04";"Soft planète";"https://radiofrance.fr/franceinter/podcasts/soft-planete"
"France Inter (FR)";"FR";"2026-10-04";"Un jeudi soir sur la terre";"https://radiofrance.fr/franceinter/podcasts/un-jeudi-soir-sur-la-terre"
"France Inter (FR)";"FR";"2026-10-04";"Le petit carnet de campagne";"https://radiofrance.fr/franceinter/podcasts/petits-carnets-de-campagne"
"France Inter (FR)";"FR";"2026-10-04";"Chez la belle-famille";"https://radiofrance.fr/franceinter/podcasts/chez-la-belle-famille"
"France Inter (FR)";"FR";"2026-10-04";"Loin des clichés, qui sont les Templiers du Moyen Âge ?";"https://radiofrance.fr/franceinter/podcasts/serie-loin-des-cliches-qui-sont-les-templiers-du-moyen-age"
"France Inter (FR)";"FR";"2026-10-04";"Les Faussaires";"https://radiofrance.fr/franceinter/podcasts/selection-les-faussaires"
"France Inter (FR)";"FR";"2026-10-04";"Le jeune homme qui défiait le Kremlin";"https://radiofrance.fr/franceinter/podcasts/serie-le-jeune-homme-qui-defiait-le-kremlin"
"France Inter (FR)";"FR";"2026-10-04";"Le Masque et Annie Ernaux";"https://radiofrance.fr/franceinter/podcasts/serie-le-masque-et-annie-ernaux"
"France Inter (FR)";"FR";"2026-10-04";"Comment la mode raconte notre histoire ?";"https://radiofrance.fr/franceinter/podcasts/serie-comment-la-mode-raconte-notre-histoire"
"France Inter (FR)";"FR";"2026-10-04";"Charline au Havre";"https://radiofrance.fr/franceinter/podcasts/serie-charline-au-havre"
"France Inter (FR)";"FR";"2026-10-04";"La forêt française a-t-elle une histoire ?";"https://radiofrance.fr/franceinter/podcasts/serie-la-foret-francaise-a-t-elle-une-histoire"
"France Inter (FR)";"FR";"2026-10-04";"Reines et Rois";"https://radiofrance.fr/franceinter/podcasts/reines-et-rois"
"France Inter (FR)";"FR";"2026-10-04";"""Verity"" : méfiez-vous des apparences";"https://radiofrance.fr/franceinter/podcasts/capture-d-ecrans/capture-d-ecrans-du-vendredi-02-octobre-2026-1840766"
"France Inter (FR)";"FR";"2026-10-04";"Capture d'écrans";"https://radiofrance.fr/franceinter/podcasts/capture-d-ecrans"
"France Inter (FR)";"FR";"2026-10-04";"""Notre Salut"", ""Mémoire de fille"" et ""Le monde à l'endroit"" : les sorties ciné de la semaine";"https://radiofrance.fr/franceinter/podcasts/cine-mercredi/mercredi-cinema-du-mercredi-30-septembre-2026-8341189"
"France Inter (FR)";"FR";"2026-10-04";"Ciné mercredi";"https://radiofrance.fr/franceinter/podcasts/mercredi-cinema"
"France Inter (FR)";"FR";"2026-10-04";"Guerre civile en Birmanie : le récit de l'après-Aung San Suu Kyi";"https://radiofrance.fr/franceinter/podcasts/l-info-de-france-inter/guerre-civile-en-birmanie-le-recit-de-l-apres-aung-san-suu-kyi-4840303"
"France Inter (FR)";"FR";"2026-10-04";"Iyad Ag Ghali, le djihadiste qui défie le Mali";"https://radiofrance.fr/franceinter/podcasts/l-info-de-france-inter/iyad-ag-ghali-le-djihadiste-qui-defile-le-mali-4200074"
"France Inter (FR)";"FR";"2026-10-04";"Poutine, le tsar soviétique";"https://radiofrance.fr/franceinter/podcasts/serie-poutine-le-tsar-sovietique"
"France Inter (FR)";"FR";"2026-10-04";"Alfred Dreyfus, le combat de la République";"https://radiofrance.fr/franceinter/podcasts/serie-alfred-dreyfus-le-combat-de-la-republique"
"France Inter (FR)";"FR";"2026-10-04";"Simone de Beauvoir, itinéraire d'une jeune fille rangée";"https://radiofrance.fr/franceinter/podcasts/serie-simone-de-beauvoir-itineraire-d-une-jeune-fille-rangee"
"France Inter (FR)";"FR";"2026-10-04";"Sigmaringen, le crépuscule des bourreaux";"https://radiofrance.fr/franceinter/podcasts/serie-le-crepuscule-des-bourreaux"
"France Inter (FR)";"FR";"2026-10-04";"Mafia - Meurtres et trahisons : histoires de familles";"https://radiofrance.fr/franceinter/podcasts/serie-mafia-meurtres-et-trahisons-histoires-de-familles"
"France Inter (FR)";"FR";"2026-10-04";"Musique !";"https://radiofrance.fr/franceinter/podcasts/serie-musique"
"France Inter (FR)";"FR";"2026-10-04";"Cache-cache";"https://radiofrance.fr/franceinter/podcasts/serie-cache-cache"
"France Inter (FR)";"FR";"2026-10-04";"C'est la rentrée des P'tits Bateaux";"https://radiofrance.fr/franceinter/podcasts/serie-c-est-la-rentree-des-p-tits-bateaux"
"France Inter (FR)";"FR";"2026-10-04";"Tina et les boucliers de Mars";"https://radiofrance.fr/franceinter/podcasts/serie-tina-et-les-boucliers-de-mars"
"France Inter (FR)";"FR";"2026-10-04";"Les aventures du professeur Caillou";"https://radiofrance.fr/franceinter/podcasts/les-aventures-du-professeur-caillou"
"France Inter (FR)";"FR";"2026-10-04";"Bestioles, nouveaux épisodes !";"https://radiofrance.fr/franceinter/podcasts/bestioles"
"France Inter (FR)";"FR";"2026-10-04";"Une histoire et... Oli, nouveaux épisodes !";"https://radiofrance.fr/franceinter/podcasts/une-histoire-et-oli"
"France Inter (FR)";"FR";"2026-10-04";"Les Odyssées, nouveaux épisodes !";"https://radiofrance.fr/franceinter/podcasts/les-odyssees"
"France Inter (FR)";"FR";"2026-10-04";"Mini vulgaire : les véhicules";"https://radiofrance.fr/franceinter/podcasts/serie-mini-vulgaire-les-vehicules"
"France Inter (FR)";"FR";"2026-10-04";"Chuchote-moi une histoire";"https://radiofrance.fr/franceinter/podcasts/chuchote-moi-une-histoire"
"France Inter (FR)";"FR";"2026-10-04";"L'invité : l'archéologue Gérard Coulon";"https://radiofrance.fr/franceinter/podcasts/affaires-sensibles/affaires-sensibles-l-invite-du-jeudi-01-octobre-2026-3048450"
"France Inter (FR)";"FR";"2026-10-04";"Affaires sensibles";"https://radiofrance.fr/franceinter/podcasts/affaires-sensibles"
"France Inter (FR)";"FR";"2026-10-04";"L'histoire du faussaire Vrain-Lucas - Le récit";"https://radiofrance.fr/franceinter/podcasts/affaires-sensibles/affaires-sensibles-le-recit-du-jeudi-01-octobre-2026-1800870"
"France Inter (FR)";"FR";"2026-10-04";"Vrain-Lucas, le faussaire qui a berné le mathématicien  - L'intégrale";"https://radiofrance.fr/franceinter/podcasts/affaires-sensibles/affaires-sensibles-du-jeudi-01-octobre-2026-1776746"
"France Inter (FR)";"FR";"2026-10-04";"L'invité : Quentin Bruet-Ferréol, écrivain, auteur de ""Dieu est un voleur qui marche dans la nuit"" (Bouquins, 2022)";"https://radiofrance.fr/franceinter/podcasts/affaires-sensibles/affaires-sensibles-l-invite-du-mercredi-30-septembre-2026-9703090"
"France Inter (FR)";"FR";"2026-10-04";"Bestioles";"https://radiofrance.fr/franceinter/podcasts/bestioles"
"France Inter (FR)";"FR";"2026-10-04";"Les concerts d'Inter";"https://radiofrance.fr/franceinter/podcasts/les-concerts-d-inter"
"France Inter (FR)";"FR";"2026-10-04";"Frissons";"https://radiofrance.fr/franceinter/podcasts/frissons"
"France Inter (FR)";"FR";"2026-10-04";"Révélations";"https://radiofrance.fr/franceinter/podcasts/revelations"
"France Inter (FR)";"FR";"2026-10-04";"Afghanistan, le tourisme sans les femmes";"https://radiofrance.fr/franceinter/podcasts/interception/interception-du-dimanche-08-mars-2026-4136320"
"France Inter (FR)";"FR";"2026-10-04";"Taylor Swift, le monde, ma fille et moi";"https://radiofrance.fr/franceinter/podcasts/taylor-swift-le-monde-ma-fille-et-moi"
"France Inter (FR)";"FR";"2026-10-04";"Les déportés";"https://radiofrance.fr/franceinter/podcasts/serie-les-deportes"
"France Inter (FR)";"FR";"2026-10-04";"Etats-Unis : ce pays qui marie ses enfants";"https://radiofrance.fr/franceinter/podcasts/interception/interception-du-dimanche-05-mars-2023-8505277"
"France Inter (FR)";"FR";"2026-10-04";"Sur les traces d'Ousmane Dembélé";"https://radiofrance.fr/franceinter/podcasts/serie-sur-les-traces-d-ousmane-dembele"
"France Inter (FR)";"FR";"2026-10-04";"Collégiennes à vendre";"https://radiofrance.fr/franceinter/podcasts/interception/interception-du-dimanche-12-octobre-2025-2574397"
"France Inter (FR)";"FR";"2026-10-04";"Patrick Modiano, Luz, Christine Angot, Lucie Bérard, Ananda Devi : quels sont les livres à lire cette semaine ?";"https://radiofrance.fr/franceinter/podcasts/le-masque-et-la-plume/le-masque-et-la-plume-du-dimanche-04-octobre-2026-3347299"
"France Inter (FR)";"FR";"2026-10-04";"Le Masque et la Plume";"https://radiofrance.fr/franceinter/podcasts/le-masque-et-la-plume"
"France Inter (FR)";"FR";"2026-10-04";"50 ans, des larmes... au rire !";"https://radiofrance.fr/franceinter/podcasts/recto-verso/verso-invite-3-du-dimanche-04-octobre-2026-6325490"
"France Inter (FR)";"FR";"2026-10-04";"En deux mots  par Nicolas Demorand du dimanche 04 octobre 2026";"https://radiofrance.fr/franceinter/podcasts/en-deux-mots/en-deux-mots-par-nicolas-demorand-du-dimanche-04-octobre-2026-2625885"
"France Inter (FR)";"FR";"2026-10-04";"En deux mots";"https://radiofrance.fr/franceinter/podcasts/en-deux-mots"
"France Inter (FR)";"FR";"2026-10-04";"Budget 2027, Trois ans depuis le 7 octobre, et le nouveau Fabcaro au programme du Verso.";"https://radiofrance.fr/franceinter/podcasts/recto-verso/verso-du-dimanche-04-octobre-2026-6597941"
"France Inter (FR)";"FR";"2026-10-04";"Noham Selcer explore dans ""Midgar"" trois façons de traverser notre monde : ""l'adhésion, la révolte et la folie""";"https://radiofrance.fr/franceinter/podcasts/l-invite-de-7h50/l-invite-de-7h50-du-we-du-dimanche-04-octobre-2026-1817628"
"France Inter (FR)";"FR";"2026-10-04";"L'invité de 7h50";"https://radiofrance.fr/franceinter/podcasts/l-invite-de-7h50-du-week-end"
"France Inter (FR)";"FR";"2026-10-04";"80"" pour le podcast ""On Off""";"https://radiofrance.fr/franceinter/podcasts/les-80/les-80-du-dimanche-04-octobre-2026-3141234"
"France Inter (FR)";"FR";"2026-10-04";"Les 80''";"https://radiofrance.fr/franceinter/podcasts/les-80-de"
"France Inter (FR)";"FR";"2026-10-04";"Trois ans après le 7 octobre, qu'en reste-t-il ?";"https://radiofrance.fr/franceinter/podcasts/recto-verso/verso-le-grand-entretien-du-dimanche-04-octobre-2026-3324393"
"France Inter (FR)";"FR";"2026-10-04";"Le mouvement lycéen tel qu'on le connaît actuellement, une spécificité française ?";"https://radiofrance.fr/franceinter/podcasts/geopolitique/geopolitique-du-dimanche-04-octobre-2026-6463406"
"France Inter (FR)";"FR";"2026-10-04";"Géopolitique";"https://radiofrance.fr/franceinter/podcasts/geopolitique"
"France Inter (FR)";"FR";"2026-10-04";"Quelle est la différence entre avoir de l’autorité et être autoritaire ?";"https://radiofrance.fr/franceinter/podcasts/la-question-philo/la-question-philo-du-dimanche-04-octobre-2026-7500209"
"France Inter (FR)";"FR";"2026-10-04";"La Question philo";"https://radiofrance.fr/franceinter/podcasts/la-chronique-de-charles-pepin"
"France Inter (FR)";"FR";"2026-10-04";"Une étude réécrit l'histoire des chauves-souris";"https://radiofrance.fr/franceinter/podcasts/la-planete-des-sciences/la-planete-des-sciences-du-dimanche-04-octobre-2026-8640360"
"France Inter (FR)";"FR";"2026-10-04";"La planète des sciences";"https://radiofrance.fr/franceinter/podcasts/la-planete-des-sciences"
"France Inter (FR)";"FR";"2026-10-04";"Je souhaiterais bénéficier du cumul emploi retraite déplafonné à mon départ en retraite. Quelles sont les conditions ?";"https://radiofrance.fr/franceinter/podcasts/ma-vie-au-boulot/ma-vie-au-boulot-du-samedi-03-octobre-2026-2757188"
"France Inter (FR)";"FR";"2026-10-04";"Ma vie au boulot";"https://radiofrance.fr/franceinter/podcasts/ma-vie-au-boulot"
"France Inter (FR)";"FR";"2026-10-04";"François Provost, directeur général de Renault";"https://radiofrance.fr/franceinter/podcasts/l-invite-d-on-n-arrete-pas-l-eco/l-invite-d-on-n-arrete-pas-l-eco-du-samedi-03-octobre-2026-7012863"
"France Inter (FR)";"FR";"2026-10-04";"L'Invité d'On n'arrête pas l'éco";"https://radiofrance.fr/franceinter/podcasts/l-invite-d-on-n-arrete-pas-l-eco"
"France Inter (FR)";"FR";"2026-10-04";"Dérèglement climatique : décarbonation, sobriété et adaptation sont-ils les ennemis de nos libertés?";"https://radiofrance.fr/franceinter/podcasts/recto-verso/recto-le-grand-entretien-du-samedi-03-octobre-2026-5613604"
"France Inter (FR)";"FR";"2026-10-04";"Blocages des lycées, catastrophes climatiques et philosophie du lien au programme du Recto de ce samedi.";"https://radiofrance.fr/franceinter/podcasts/recto-verso/recto-du-samedi-03-octobre-2026-2298000"
"France Inter (FR)";"FR";"2026-10-04";"Romain Troublé, directeur général de la Fondation Tara Océans";"https://radiofrance.fr/franceinter/podcasts/le-temoin-du-18-20/le-temoin-du-18-20-du-vendredi-02-octobre-2026-3069674"
"France Inter (FR)";"FR";"2026-10-04";"Le temoin du 18/20";"https://radiofrance.fr/franceinter/podcasts/le-temoin-du-18-20"
"France Inter (FR)";"FR";"2026-10-04";"Budget 2027, un effort de 54 milliards d'euros";"https://radiofrance.fr/franceinter/podcasts/recto-verso/verso-invite-1-du-dimanche-04-octobre-2026-6536199"
"France Inter (FR)";"FR";"2026-10-04";"L'entrée en bourse d'Anthropic, géant le l'IA";"https://radiofrance.fr/franceinter/podcasts/l-edito-eco-vsd/l-economie-vue-par-leila-abboud-du-dimanche-04-octobre-2026-8658426"
"France Inter (FR)";"FR";"2026-10-04";"L'édito éco VSD";"https://radiofrance.fr/franceinter/podcasts/l-economie-vue-par"
"France Inter (FR)";"FR";"2026-10-04";"Le projet pour les retraites d'Edouard Philippe";"https://radiofrance.fr/franceinter/podcasts/l-edito-politique-vsd/la-politique-vue-par-charles-sapin-du-dimanche-04-octobre-2026-4729433"
"France Inter (FR)";"FR";"2026-10-04";"L'édito politique VSD";"https://radiofrance.fr/franceinter/podcasts/la-politique-vue-par"
"France Inter (FR)";"FR";"2026-10-04";"Muri, des boissons fermentées sans alcool, venues de Copenhague.";"https://radiofrance.fr/franceinter/podcasts/la-chronique-cuisine-d-elvira-masson/la-chronique-cuisine-d-elvira-masson-du-dimanche-04-octobre-2026-3000994"
"France Inter (FR)";"FR";"2026-10-04";"La chronique cuisine d'Elvira Masson";"https://radiofrance.fr/franceinter/podcasts/la-chronique-cuisine-d-elvira-masson"
"France Inter (FR)";"FR";"2026-10-04";"Deux cuvées singulières, deux histoires de patience et de savoir-faire.";"https://radiofrance.fr/franceinter/podcasts/la-chronique-vin-de-jerome-gagnez/la-chronique-vin-de-jerome-gagnez-du-dimanche-04-octobre-2026-9624738"
"France Inter (FR)";"FR";"2026-10-04";"La Chronique vin de Jérôme Gagnez";"https://radiofrance.fr/franceinter/podcasts/la-chronique-vin"
"France Inter (FR)";"FR";"2026-10-04";"La masterclass de Maxime Frédéric";"https://radiofrance.fr/franceinter/podcasts/on-va-deguster/on-va-deguster-du-dimanche-04-octobre-2026-6515920"
"France Inter (FR)";"FR";"2026-10-04";"On va déguster";"https://radiofrance.fr/franceinter/podcasts/on-va-deguster"
"France Inter (FR)";"FR";"2026-10-04";"Le potimarron";"https://radiofrance.fr/franceinter/podcasts/le-marche-de-francois-regis-gaudry/le-marche-de-francois-regis-gaudry-du-dimanche-04-octobre-2026-4281624"
"France Inter (FR)";"FR";"2026-10-04";"Le marché de François-Régis Gaudry";"https://radiofrance.fr/franceinter/podcasts/le-marche-de-francois-regis-gaudry"
"France Inter (FR)";"FR";"2026-10-04";"Comment les feuilles changent de couleur en automne ?";"https://radiofrance.fr/franceinter/podcasts/les-p-tits-bateaux/les-p-tits-bateaux-du-samedi-03-octobre-2026-7208335"
"France Inter (FR)";"FR";"2026-10-04";"Les P'tits Bateaux";"https://radiofrance.fr/franceinter/podcasts/les-p-tits-bateaux"
"France Inter (FR)";"FR";"2026-10-04";"Assistants sexuels pour personnes handicapées : la fin du tabou ?";"https://radiofrance.fr/franceinter/podcasts/le-grand-reportage-de-france-inter/le-grand-reportage-du-jeudi-01-octobre-2026-1836469"
"France Inter (FR)";"FR";"2026-10-04";"Le Grand reportage de France Inter";"https://radiofrance.fr/franceinter/podcasts/le-zoom-de-la-redaction"
"France Inter (FR)";"FR";"2026-10-04";"""Le névrosé a laissé sa place au dépressif"", affirment l'analyste Jérôme Fourquet et le psychologue Ruben Rabinovitch";"https://radiofrance.fr/franceinter/podcasts/l-invite-de-8h20-le-grand-entretien/l-invite-de-8h20-le-grand-entretien-du-mercredi-30-septembre-2026-8803719"
"France Inter (FR)";"FR";"2026-10-04";"L'Invité de 8h20 : le grand entretien";"https://radiofrance.fr/franceinter/podcasts/l-invite-de-8h20-le-grand-entretien"
"France Inter (FR)";"FR";"2026-10-04";"Football : Israël-Irlande, un match sous tension qui dépasse largement le cadre du sport";"https://radiofrance.fr/franceinter/podcasts/l-info-de-france-inter/football-israel-irlande-un-match-sous-tension-qui-depasse-largement-le-cadre-du-sport-4638799"
"France Inter (FR)";"FR";"2026-10-04";"« A night at the opera », le nouvel album de Jean-Paul Gasparian";"https://radiofrance.fr/franceinter/podcasts/les-rendez-vous-d-anna/classic-n-co-du-dimanche-04-octobre-2026-7076450"
"France Inter (FR)";"FR";"2026-10-04";"classic & co";"https://radiofrance.fr/franceinter/podcasts/classic-co"
"France Inter (FR)";"FR";"2026-10-04";"Que veut dire le devoir de mémoire ?";"https://radiofrance.fr/franceinter/podcasts/le-telephone-sonne/le-18-20-le-telephone-sonne-du-samedi-03-octobre-2026-2576580"
"France Inter (FR)";"FR";"2026-10-04";"Le téléphone sonne";"https://radiofrance.fr/franceinter/podcasts/le-telephone-sonne"
"France Culture (FR)";"FR";"2026-10-04";"Les free parties refusent de couper le son";"https://radiofrance.fr/franceculture/podcasts/serie-les-free-parties-refusent-de-couper-le-son"
"France Culture (FR)";"FR";"2026-10-04";"Découvrir";"https://radiofrance.fr/franceculture/podcasts/serie-les-free-parties-refusent-de-couper-le-son"
"France Culture (FR)";"FR";"2026-10-04";"Les lycéens déçus par le plan d'action annoncé par le ministre de l'Éducation appellent à la mobilisation mardi";"https://radiofrance.fr/franceculture/podcasts/journal-de-8-h/les-lyceens-decus-par-le-plan-d-action-annonce-hier-par-le-ministre-de-l-education-appellent-a-la-mobilisation-mardi-5927991"
"France Culture (FR)";"FR";"2026-10-04";"Journal de 8 h";"https://radiofrance.fr/franceculture/podcasts/journal-de-8-h"
"France Culture (FR)";"FR";"2026-10-04";"Brésil : les blessures d’une démocratie";"https://radiofrance.fr/franceculture/podcasts/serie-bresil-les-blessures-d-une-democratie"
"France Culture (FR)";"FR";"2026-10-04";"Brésil : à la veille des élections, la question du surendettement qui a augmenté sous Lula";"https://radiofrance.fr/franceculture/podcasts/le-journal-de-l-eco/bresil-a-la-veille-des-elections-la-question-du-surendettement-qui-a-augmente-sous-lula-5269473"
"France Culture (FR)";"FR";"2026-10-04";"Tom Cruise peut-il tout jouer ?";"https://radiofrance.fr/franceculture/podcasts/les-midis-de-culture/tom-cruise-peut-il-tout-jouer-8135033"
"France Culture (FR)";"FR";"2026-10-04";"Cisjordanie : cartographier la colonisation israélienne";"https://radiofrance.fr/franceculture/podcasts/les-enjeux-internationaux/cisjordanie-cartographier-la-colonisation-israelienne-5215399"
"France Culture (FR)";"FR";"2026-10-04";"Javier Milei, l'ultra-libéral argentin";"https://radiofrance.fr/franceculture/podcasts/serie-javier-milei-l-ultra-liberal-argentin"
"France Culture (FR)";"FR";"2026-10-04";"""Le Grand Monde"" de Pierre Lemaitre";"https://radiofrance.fr/franceculture/podcasts/serie-le-grand-monde-de-pierre-lemaitre"
"France Culture (FR)";"FR";"2026-10-04";"Après les manifestations de Drumcree, comment construire une paix durable en Irlande du Nord ?";"https://radiofrance.fr/franceculture/podcasts/la-revue-de-presse-internationale/apres-les-manifestations-de-drumcree-comment-construire-une-paix-durable-en-irlande-du-nord-7367165"
"France Culture (FR)";"FR";"2026-10-04";"La Revue de presse internationale";"https://radiofrance.fr/franceculture/podcasts/revue-de-presse-internationale"
"France Culture (FR)";"FR";"2026-10-04";"Les Enjeux internationaux";"https://radiofrance.fr/franceculture/podcasts/les-enjeux-internationaux"
"France Culture (FR)";"FR";"2026-10-04";"Le Journal de l'éco";"https://radiofrance.fr/franceculture/podcasts/le-journal-de-l-eco"
"France Culture (FR)";"FR";"2026-10-04";"Des bibliothécaires qui ont changé au fil du temps";"https://radiofrance.fr/franceculture/podcasts/l-info-culturelle-reportages-enquetes-analyses/des-bibliothecaires-qui-ont-change-au-fil-du-temps-2772357"
"France Culture (FR)";"FR";"2026-10-04";"L'Info culturelle : reportages, enquêtes, analyses";"https://radiofrance.fr/franceculture/podcasts/l-actualite-culturelle-reportages-enquetes-analyses"
"France Culture (FR)";"FR";"2026-10-04";"JOURNAL DE 12H30 du dimanche 04 octobre 2026";"https://radiofrance.fr/franceculture/podcasts/journal-de-12h30/journal-de-12h30-du-dimanche-04-octobre-2026-7794885"
"France Culture (FR)";"FR";"2026-10-04";"Journal de 12h30";"https://radiofrance.fr/franceculture/podcasts/journal-de-12h30"
"France Culture (FR)";"FR";"2026-10-04";"Tuer la mère, sauver sa peau, avec Louise Chennevière";"https://radiofrance.fr/franceculture/podcasts/le-book-club/tuer-la-mere-sauver-sa-peau-avec-louise-chenneviere-3624540"
"France Culture (FR)";"FR";"2026-10-04";"Phœbe Hadjimarkos Clarke, écrivaine : “Il m’est impossible d’écrire un roman sans fantastique déguisé”";"https://radiofrance.fr/franceculture/podcasts/les-midis-de-culture-l-invite-e/phoebe-hadjimarkos-clarke-traverse-les-frontieres-avec-le-livre-des-souterrains-1020724"
"France Culture (FR)";"FR";"2026-10-04";"L'or du démon : rencontre avec Ian McGuire";"https://radiofrance.fr/franceculture/podcasts/mauvais-genres/l-or-du-demon-rencontre-avec-ian-mcguire-9391974"
"France Culture (FR)";"FR";"2026-10-04";"Kae Tempest : retour au roman";"https://radiofrance.fr/franceculture/podcasts/le-book-club/kae-tempest-retour-au-roman-2794282"
"France Culture (FR)";"FR";"2026-10-04";"""Nous aussi"" d'Anne Godard : la force du ""on""";"https://radiofrance.fr/franceculture/podcasts/le-regard-culturel/le-regard-culturel-chronique-du-mercredi-09-septembre-2026-5280197"
"France Culture (FR)";"FR";"2026-10-04";"Antoine Volodine et les 11 romans d'Infernus Johannes : le post-exotisme, bouquet final";"https://radiofrance.fr/franceculture/podcasts/mauvais-genres/operation-volodine-le-post-exotisme-bouquet-final-1076220"
"France Culture (FR)";"FR";"2026-10-04";"""Debout dans tes rêves"" d'Abdellah Taïa, une histoire d'amitié";"https://radiofrance.fr/franceculture/podcasts/le-book-club/promesses-avec-abdellah-taia-4947356"
"France Culture (FR)";"FR";"2026-10-04";"""Mais que fait ce sang sur le pull de Jennifer ?"" de Lucie Rico, ou l’obsession d’une phrase inachevée";"https://radiofrance.fr/franceculture/podcasts/le-book-club/lucie-rico-ou-l-obsession-d-une-phrase-inachevee-4284547"
"France Culture (FR)";"FR";"2026-10-04";"Écrire l’inceste selon Daria Marx dans ""Tuer le vieux""";"https://radiofrance.fr/franceculture/podcasts/les-midis-de-culture/tuer-le-vieux-ecrire-l-inceste-selon-daria-marx-8396852"
"France Culture (FR)";"FR";"2026-10-04";"Premier roman : ""Abdallah Superstar"", un conte électro entre la France et Djibouti";"https://radiofrance.fr/franceculture/podcasts/l-invite-e-des-matins-d-ete/abdallah-superstar-un-conte-electro-entre-la-france-et-djibouti-3189093"
"France Culture (FR)";"FR";"2026-10-04";"Le ""soralisme"", angle mort de la dédiabolisation";"https://radiofrance.fr/franceculture/podcasts/a-la-source/a-la-source-chronique-du-samedi-03-octobre-2026-9442163"
"France Culture (FR)";"FR";"2026-10-04";"À la source";"https://radiofrance.fr/franceculture/podcasts/a-la-source"
"France Culture (FR)";"FR";"2026-10-04";"Les Philosophes au pouvoir";"https://radiofrance.fr/franceculture/podcasts/les-philosophes-au-pouvoir"
"France Culture (FR)";"FR";"2026-10-04";"Le Cas de conscience";"https://radiofrance.fr/franceculture/podcasts/le-cas-de-conscience"
"France Culture (FR)";"FR";"2026-10-04";"Grand Angle";"https://radiofrance.fr/franceculture/podcasts/grand-angle-de-plan-large"
"France Culture (FR)";"FR";"2026-10-04";"Classe créative : le manager de la semaine";"https://radiofrance.fr/franceculture/podcasts/classe-creative-le-manager-de-la-semaine"
"France Culture (FR)";"FR";"2026-10-04";"Le Droit d'ailleurs";"https://radiofrance.fr/franceculture/podcasts/le-droit-d-ailleurs"
"France Culture (FR)";"FR";"2026-10-04";"Les Clés de l'enfance";"https://radiofrance.fr/franceculture/podcasts/les-cles-de-l-enfance"
"France Culture (FR)";"FR";"2026-10-04";"Les Mystères des lieux";"https://radiofrance.fr/franceculture/podcasts/les-mysteres-des-lieux"
"France Culture (FR)";"FR";"2026-10-04";"Le Film de la semaine";"https://radiofrance.fr/franceculture/podcasts/le-film-de-la-semaine-de-plan-large"
"France Culture (FR)";"FR";"2026-10-04";"Le Point culture XXL : l'agenda";"https://radiofrance.fr/franceculture/podcasts/le-point-culture-xxl-l-agenda"
"France Culture (FR)";"FR";"2026-10-04";"Au nom du droit";"https://radiofrance.fr/franceculture/podcasts/au-nom-du-droit"
"France Culture (FR)";"FR";"2026-10-04";"Questions du soir : le débat";"https://radiofrance.fr/franceculture/podcasts/le-temps-du-debat"
"France Culture (FR)";"FR";"2026-10-04";"Les Midis de Culture";"https://radiofrance.fr/franceculture/podcasts/les-midis-de-culture"
"France Culture (FR)";"FR";"2026-10-04";"Avec philosophie";"https://radiofrance.fr/franceculture/podcasts/avec-philosophie"
"France Culture (FR)";"FR";"2026-10-04";"Le Point idées : le journal des sciences sociales";"https://radiofrance.fr/franceculture/podcasts/le-point-idees"
"France Culture (FR)";"FR";"2026-10-04";"Les Matins";"https://radiofrance.fr/franceculture/podcasts/les-matins"
"France Culture (FR)";"FR";"2026-10-04";"Questions du soir : l'idée";"https://radiofrance.fr/franceculture/podcasts/l-idee-questions-du-soir"
"France Culture (FR)";"FR";"2026-10-04";"La Science, CQFD";"https://radiofrance.fr/franceculture/podcasts/la-science-cqfd"
"France Culture (FR)";"FR";"2026-10-04";"François d'Assise, la sainteté est un sport de combat";"https://radiofrance.fr/franceculture/podcasts/serie-francois-d-assise-la-saintete-est-un-sport-de-combat"
"France Culture (FR)";"FR";"2026-10-04";"Marx avant ""Le Capital""";"https://radiofrance.fr/franceculture/podcasts/serie-marx-avant-le-capital"
"France Culture (FR)";"FR";"2026-10-04";"Cuicui, meuh, tagada, histoires d'animaux";"https://radiofrance.fr/franceculture/podcasts/serie-cuicui-meuh-tagada-histoires-d-animaux"
"France Culture (FR)";"FR";"2026-10-04";"Parasite(s)";"https://radiofrance.fr/franceculture/podcasts/serie-parasite-s"
"France Culture (FR)";"FR";"2026-10-04";"Chantal Goya, la Mylène Farmer des enfants";"https://radiofrance.fr/franceculture/podcasts/serie-chantal-goya-la-mylene-farmer-des-enfants"
"France Culture (FR)";"FR";"2026-10-04";"Belgique : l’extrême droite privée de direct";"https://radiofrance.fr/franceculture/podcasts/serie-belgique-l-extreme-droite-privee-de-direct"
"France Culture (FR)";"FR";"2026-10-04";"Sabrina Krief, sœur de primates";"https://radiofrance.fr/franceculture/podcasts/serie-sabrina-krief-soeur-de-primates"
"France Culture (FR)";"FR";"2026-10-04";"Alzheimer : comment faire face ?";"https://radiofrance.fr/franceculture/podcasts/serie-alzheimer-comment-faire-face"
"France Culture (FR)";"FR";"2026-10-04";"""Notre salut"" et l'obéissance anticipative";"https://radiofrance.fr/franceculture/podcasts/le-regard-culturel/le-regard-culturel-chronique-du-mercredi-30-septembre-2026-9787753"
"France Culture (FR)";"FR";"2026-10-04";"Le Regard culturel";"https://radiofrance.fr/franceculture/podcasts/la-critique"
"France Culture (FR)";"FR";"2026-10-04";"Religieuses, des histoires de sœurs";"https://radiofrance.fr/franceculture/podcasts/serie-religieuses-des-histoires-de-soeurs"
"France Culture (FR)";"FR";"2026-10-04";"L'Ardèche, le temps des communautés";"https://radiofrance.fr/franceculture/podcasts/serie-l-ardeche-le-temps-des-communautes"
"France Culture (FR)";"FR";"2026-10-04";"Au pays des songes, 2001-2026 (Israël-Palestine, archives oniriques)";"https://radiofrance.fr/franceculture/podcasts/serie-au-pays-des-songes-2001-2026-israel-palestine-archives-oniriques"
"France Culture (FR)";"FR";"2026-10-04";"Les 2Be3 : étoiles filantes";"https://radiofrance.fr/franceculture/podcasts/serie-les-2be3-etoiles-filantes"
"France Culture (FR)";"FR";"2026-10-04";"Verdun 1916, au cœur d'une guerre totale";"https://radiofrance.fr/franceculture/podcasts/serie-verdun-1916-au-coeur-d-une-guerre-totale"
"France Culture (FR)";"FR";"2026-10-04";"La Joconde sort du silence";"https://radiofrance.fr/franceculture/podcasts/serie-la-joconde-sort-du-silence"
"France Culture (FR)";"FR";"2026-10-04";"Troubles dys : des vies à inventer";"https://radiofrance.fr/franceculture/podcasts/serie-troubles-dys-des-vies-a-inventer"
"France Culture (FR)";"FR";"2026-10-04";"Habiba Msika (1903-1930), une artiste libre aux multiples talents";"https://radiofrance.fr/franceculture/podcasts/toute-une-vie/habiba-msika-une-artiste-libre-aux-multiples-talents-6978561"
"France Culture (FR)";"FR";"2026-10-04";"Hans le Malin, le cheval qui savait lire et compter";"https://radiofrance.fr/franceculture/podcasts/serie-hans-le-malin-le-cheval-qui-savait-lire-et-compter"
"France Culture (FR)";"FR";"2026-10-04";"Les ultras de la collaboration";"https://radiofrance.fr/franceculture/podcasts/serie-les-ultras-de-la-collaboration"
"France Culture (FR)";"FR";"2026-10-04";"Catholiques de France, la tentation radicale";"https://radiofrance.fr/franceculture/podcasts/serie-catholiques-de-france-la-tentation-radicale"
"France Culture (FR)";"FR";"2026-10-04";"L'effet chat";"https://radiofrance.fr/franceculture/podcasts/serie-l-effet-chat"
"France Culture (FR)";"FR";"2026-10-04";"La trilogie des ""J'ai trop..."" de David Lescot";"https://radiofrance.fr/franceculture/podcasts/serie-la-trilogie-des-j-ai-trop-de-david-lescot"
"France Culture (FR)";"FR";"2026-10-04";"""Les Malheurs de Sophie, une comédie musicale"" de Sabine Zovighian et Michael Liot - Saison 2";"https://radiofrance.fr/franceculture/podcasts/serie-les-malheurs-de-sophie-une-comedie-musicale-de-sabine-zovighian-et-michael-liot-saison-2"
"France Culture (FR)";"FR";"2026-10-04";"""Le Petit Chaperon rouge"" de Pierre Senges, d’après le conte de Charles Perrault";"https://radiofrance.fr/franceculture/podcasts/fictions-theatre-et-cie/le-petit-chaperon-rouge-concert-fiction-de-pierre-senges-d-apres-le-conte-de-charles-perrault-1991892"
"France Culture (FR)";"FR";"2026-10-04";"Le Trésor de Rackham le Rouge : les Aventures de Tintin";"https://radiofrance.fr/franceculture/podcasts/serie-le-tresor-de-rackham-le-rouge-les-aventures-de-tintin"
"France Culture (FR)";"FR";"2026-10-04";"LSD, la série documentaire";"https://radiofrance.fr/franceculture/podcasts/lsd-la-serie-documentaire"
"France Culture (FR)";"FR";"2026-10-04";"Sur le tournage d'un porno ""éthique""";"https://radiofrance.fr/franceculture/podcasts/les-pieds-sur-terre/sur-le-tournage-d-un-porno-ethique-4896878"
"France Culture (FR)";"FR";"2026-10-04";"Les Pieds sur terre";"https://radiofrance.fr/franceculture/podcasts/les-pieds-sur-terre"
"France Culture (FR)";"FR";"2026-10-04";"La cavale de l'urne électorale";"https://radiofrance.fr/franceculture/podcasts/les-pieds-sur-terre/la-cavale-de-l-urne-electorale-5859915"
"France Culture (FR)";"FR";"2026-10-04";"En trouple";"https://radiofrance.fr/franceculture/podcasts/les-pieds-sur-terre/en-trouple-6905943"
"France Culture (FR)";"FR";"2026-10-04";"Avenue Jean Moulin : Guerchy";"https://radiofrance.fr/franceculture/podcasts/les-pieds-sur-terre/avenue-jean-moulin-1-guerchy-9229685"
"France Culture (FR)";"FR";"2026-10-04";"Héroïne, le temps des seringues";"https://radiofrance.fr/franceculture/podcasts/serie-heroine-le-temps-des-seringues"
"France Culture (FR)";"FR";"2026-10-04";"Même pas mort";"https://radiofrance.fr/franceculture/podcasts/serie-meme-pas-mort"
"France Culture (FR)";"FR";"2026-10-04";"""Les Eloignés"" de Sophie Maurer";"https://radiofrance.fr/franceculture/podcasts/serie-les-eloignes-de-sophie-maurer"
"France Culture (FR)";"FR";"2026-10-04";"Vie de chien";"https://radiofrance.fr/franceculture/podcasts/serie-vie-de-chien"
"France Culture (FR)";"FR";"2026-10-04";"Mes années Boum, une enquête algérienne";"https://radiofrance.fr/franceculture/podcasts/serie-mes-annees-boum-une-enquete-algerienne"
"France Culture (FR)";"FR";"2026-10-04";"Concert-fiction : Blanche-Neige & sortilèges";"https://radiofrance.fr/franceculture/podcasts/fictions-theatre-et-cie/concert-fiction-blanche-neige-sortileges-3143340"
"France Culture (FR)";"FR";"2026-10-04";"Le journal de ma vie";"https://radiofrance.fr/franceculture/podcasts/serie-le-journal-de-ma-vie"
"France Culture (FR)";"FR";"2026-10-04";"""L'Homme invisible"" de H. G. Wells";"https://radiofrance.fr/franceculture/podcasts/serie-l-homme-invisible-de-h-g-wells"
"France Culture (FR)";"FR";"2026-10-04";"""AfficheTonEx"" de Romain Weber et Constance Vilanova";"https://radiofrance.fr/franceculture/podcasts/serie-affichetonex-ecrit-par-romain-weber"
"France Culture (FR)";"FR";"2026-10-04";"Fureurs";"https://radiofrance.fr/franceculture/podcasts/serie-fureurs"
"France Culture (FR)";"FR";"2026-10-04";"Les free parties refusent de couper le son";"https://radiofrance.fr/franceculture/podcasts/grand-reportage/grand-reportage-emission-du-vendredi-02-octobre-2026-5890180"
"France Culture (FR)";"FR";"2026-10-04";"Grand Reportage";"https://radiofrance.fr/franceculture/podcasts/grand-reportage"
"France Culture (FR)";"FR";"2026-10-04";"Censure dans la culture : les musées sous pression";"https://radiofrance.fr/franceculture/podcasts/le-point-culture/censure-dans-la-culture-les-musees-sous-pression-9713960"
"France Culture (FR)";"FR";"2026-10-04";"Le Point culture";"https://radiofrance.fr/franceculture/podcasts/affaire-en-cours"
"France Culture (FR)";"FR";"2026-10-04";"Amélie Nothomb aime le Louvre et le post-punk";"https://radiofrance.fr/franceculture/podcasts/le-point-culture-xxl-l-agenda/amelie-nothomb-aime-les-perroquets-et-le-rock-8149541"
"France Culture (FR)";"FR";"2026-10-04";"Quelle place pour la musique dans la pensée et la transmission du judaïsme? 1/2 L'éclairage des textes hébreux médiévaux";"https://radiofrance.fr/franceculture/podcasts/talmudiques/quelle-place-pour-la-musique-dans-la-pensee-et-la-transmission-du-judaisme-1-2-l-eclairage-des-textes-hebreux-medievaux-2416698"
"France Culture (FR)";"FR";"2026-10-04";"Talmudiques";"https://radiofrance.fr/franceculture/podcasts/talmudiques"
"France Culture (FR)";"FR";"2026-10-04";"Babel : Quand les humains s’unissent pour dépasser le ciel…";"https://radiofrance.fr/franceculture/podcasts/solae-le-rendez-vous-protestant/babel-quand-les-humains-s-unissent-pour-depasser-le-ciel-7840967"
"France Culture (FR)";"FR";"2026-10-04";"Solaé, le rendez-vous protestant";"https://radiofrance.fr/franceculture/podcasts/service-protestant"
"France Culture (FR)";"FR";"2026-10-04";"Icônes d'Albanie";"https://radiofrance.fr/franceculture/podcasts/orthodoxie/icones-d-albanie-9057330"
"France Culture (FR)";"FR";"2026-10-04";"Orthodoxie";"https://radiofrance.fr/franceculture/podcasts/orthodoxie"
"France Culture (FR)";"FR";"2026-10-04";"Trois ans de guerre à Gaza, la solution à deux États est-elle encore possible ?";"https://radiofrance.fr/franceculture/podcasts/l-esprit-public/trois-ans-de-guerre-a-gaza-la-solution-a-deux-etats-est-elle-encore-possible-9327153"
"France Culture (FR)";"FR";"2026-10-04";"L'Esprit public";"https://radiofrance.fr/franceculture/podcasts/l-esprit-public"
"France Culture (FR)";"FR";"2026-10-04";"Lula ou le conservateur Flavio Bolsonaro ? 1er tour de la présidentielle aujourd'hui au Brésil";"https://radiofrance.fr/franceculture/podcasts/journal-de-9h/lula-ou-le-conservateur-flavio-bolsonaro-1er-tour-de-la-presidentielle-aujourd-hui-au-bresil-7671613"
"France Culture (FR)";"FR";"2026-10-04";"Journal de 9h";"https://radiofrance.fr/franceculture/podcasts/journal-de-9h"
"France Culture (FR)";"FR";"2026-10-04";"みちのくMarcher au bord de la faille";"https://radiofrance.fr/franceculture/podcasts/l-experience/marcher-au-bord-de-la-faille-1718365"
"France Culture (FR)";"FR";"2026-10-04";"L'Expérience";"https://radiofrance.fr/franceculture/podcasts/l-experience"
"France Culture (FR)";"FR";"2026-10-04";"Vive la pistache française !";"https://radiofrance.fr/franceculture/podcasts/les-bonnes-choses/les-bonnes-choses-emission-du-dimanche-04-octobre-2026-7272030"
"France Culture (FR)";"FR";"2026-10-04";"Les Bonnes Choses";"https://radiofrance.fr/franceculture/podcasts/les-bonnes-choses"
"France Culture (FR)";"FR";"2026-10-04";"La pensée philosophique de Ghazali";"https://radiofrance.fr/franceculture/podcasts/questions-d-islam/la-pensee-philosophique-de-ghazali-2272887"
"France Culture (FR)";"FR";"2026-10-04";"Questions d'islam";"https://radiofrance.fr/franceculture/podcasts/questions-d-islam"
"France Culture (FR)";"FR";"2026-10-04";"La France va diviser par 4 les taux autorisés de cadmium dans le sol";"https://radiofrance.fr/franceculture/podcasts/journal-de-12h30/journal-de-12h30-du-samedi-03-octobre-2026-9333201"
"France Culture (FR)";"FR";"2026-10-04";"Baguettes et controverses : l’histoire mouvementée du pain blanc en France";"https://radiofrance.fr/franceculture/podcasts/les-chantiers-de-la-recherche/baguettes-et-controverses-l-histoire-mouvementee-du-pain-blanc-en-france-1442854"
"France Culture (FR)";"FR";"2026-10-04";"Les Chantiers de la recherche";"https://radiofrance.fr/franceculture/podcasts/les-chantiers-de-la-recherche"
"France Culture (FR)";"FR";"2026-10-04";"La représentation de la Collaboration dans le cinéma français";"https://radiofrance.fr/franceculture/podcasts/grand-angle/la-representation-de-la-collaboration-dans-le-cinema-francais-2984288"
"France Culture (FR)";"FR";"2026-10-04";"""Notre salut"", et la représentation de la Collaboration dans le cinéma français";"https://radiofrance.fr/franceculture/podcasts/plan-large/notre-salut-et-la-representation-de-la-collaboration-dans-le-cinema-francais-7723381"
"France Culture (FR)";"FR";"2026-10-04";"Plan large";"https://radiofrance.fr/franceculture/podcasts/plan-large"
"France Culture (FR)";"FR";"2026-10-04";"Pirandello derrière ses masques";"https://radiofrance.fr/franceculture/podcasts/concordance-des-temps/pirandello-derriere-ses-masques-8517130"
"France Culture (FR)";"FR";"2026-10-04";"Concordance des temps";"https://radiofrance.fr/franceculture/podcasts/concordance-des-temps"
"France Culture (FR)";"FR";"2026-10-04";"Les peintres écrivains 10/10 : Jean Dubuffet, 2ème Partie";"https://radiofrance.fr/franceculture/podcasts/les-nuits-de-france-culture/les-peintres-ecrivains-10-10-jean-dubuffet-2eme-partie-3945281"
"France Culture (FR)";"FR";"2026-10-04";"Les Nuits de France Culture";"https://radiofrance.fr/franceculture/podcasts/les-nuits-de-france-culture"
"ARTE (FR)";"FR";"2026-10-04";"Guide TV";"https://www.arte.tv/fr/guide/"
"ARTE (FR)";"FR";"2026-10-04";"[Vidéo/Article] Amours Solitaires";"https://www.arte.tv/fr/videos/RC-019324/amours-solitaires/"
"ARTE (FR)";"FR";"2026-10-04";"Amours solitairesUne série inspirée du compte Instagram de Morgane OrtinReconquérir son ex, c’est… compliqué, surtout quand on est parti à l’étranger sans lui donner de nouvelles.Série";"https://www.arte.tv/fr/videos/RC-019324/amours-solitaires/"
"ARTE (FR)";"FR";"2026-10-04";"Regarder";"https://www.arte.tv/fr/videos/RC-019324/amours-solitaires/"
"ARTE (FR)";"FR";"2026-10-04";"Info";"https://www.arte.tv/fr/videos/info-et-societe/"
"ARTE (FR)";"FR";"2026-10-04";"Documentaires";"https://www.arte.tv/fr/videos/documentaires-et-reportages/"
"ARTE (FR)";"FR";"2026-10-04";"Séries";"https://www.arte.tv/fr/videos/series-et-fictions/"
"ARTE (FR)";"FR";"2026-10-04";"Émissions";"https://www.arte.tv/fr/videos/emissions/"
"ARTE (FR)";"FR";"2026-10-04";"Concert";"https://www.arte.tv/fr/videos/135044-000-A/catherine-ringer-chante-les-rita-mitsouko/"
"ARTE (FR)";"FR";"2026-10-04";"Hommage à Catherine RingerSon concert à la Philharmonie de ParisHommage à la légende de la pop hexagonale disparue ce 14 septembre. Replongez dans l'univers des Rita Mitsouko, capté en 2019.101 minConcert";"https://www.arte.tv/fr/videos/135044-000-A/catherine-ringer-chante-les-rita-mitsouko/"
"ARTE (FR)";"FR";"2026-10-04";"Regarder";"https://www.arte.tv/fr/videos/135044-000-A/catherine-ringer-chante-les-rita-mitsouko/"
"ARTE (FR)";"FR";"2026-10-04";"Bande-annonce";"https://www.arte.tv/fr/videos/135044-000-A/?trailer=true"
"ARTE (FR)";"FR";"2026-10-04";"Concert";"https://www.arte.tv/fr/videos/132676-000-A/raye-guests/"
"ARTE (FR)";"FR";"2026-10-04";"Raye & guestsAu Montreux Jazz Festival 2026À l'occasion de la 60e édition du Montreux Jazz Festival, Raye invite sur scène plusieurs stars internationales de la pop.115 minConcertSous-titres. Sous-titresVersion originale. Version originale";"https://www.arte.tv/fr/videos/132676-000-A/raye-guests/"
"ARTE (FR)";"FR";"2026-10-04";"Regarder";"https://www.arte.tv/fr/videos/132676-000-A/raye-guests/"
"ARTE (FR)";"FR";"2026-10-04";"Bande-annonce";"https://www.arte.tv/fr/videos/132676-000-A/?trailer=true"
"ARTE (FR)";"FR";"2026-10-04";"Concert";"https://www.arte.tv/fr/videos/134165-001-A/yael-naim-orange-blossom-et-robinson-khoury/"
"ARTE (FR)";"FR";"2026-10-04";"Les Concerts VolantsNouvelle soirée tout en couleursYael Naim, Orange Blossom et Robinson Khoury : trois univers musicaux métissés pour ce voyage avec les Concerts Volants.94 minConcert";"https://www.arte.tv/fr/videos/134165-001-A/yael-naim-orange-blossom-et-robinson-khoury/"
"ARTE (FR)";"FR";"2026-10-04";"Regarder";"https://www.arte.tv/fr/videos/134165-001-A/yael-naim-orange-blossom-et-robinson-khoury/"
"ARTE (FR)";"FR";"2026-10-04";"Série";"https://www.arte.tv/fr/videos/RC-024574/de-grace/"
"ARTE (FR)";"FR";"2026-10-04";"De grâceAvec Olivier Gourmet et Panayotis PascotUne tragédie familiale dans l’univers des dockers du Havre. Avec Olivier Gourmet.Série";"https://www.arte.tv/fr/videos/RC-024574/de-grace/"
"ARTE (FR)";"FR";"2026-10-04";"Regarder";"https://www.arte.tv/fr/videos/RC-024574/de-grace/"
"ARTE (FR)";"FR";"2026-10-04";"Bande-annonce";"https://www.arte.tv/fr/videos/RC-024574/?trailer=true"
"ARTE (FR)";"FR";"2026-10-04";"Concert";"https://www.arte.tv/fr/videos/133232-004-A/marguerite/"
"ARTE (FR)";"FR";"2026-10-04";"MargueriteLa révélation pop au Cabaret VertRévélée par la Star Academy, Marguerite livre une performance mêlant sensibilité, franchise et espièglerie.52 minConcert";"https://www.arte.tv/fr/videos/133232-004-A/marguerite/"
"ARTE (FR)";"FR";"2026-10-04";"Regarder";"https://www.arte.tv/fr/videos/133232-004-A/marguerite/"
"ARTE (FR)";"FR";"2026-10-04";"Concert";"https://www.arte.tv/fr/videos/133654-000-A/selah-sue-and-the-gallands/"
"ARTE (FR)";"FR";"2026-10-04";"Selah Sue and the GallandsSession en plein air au lac LémanPour sa 60e édition, le Montreux Jazz Festival dévoile une session live d’exception avec Selah Sue & The Gallands. 34 minConcert";"https://www.arte.tv/fr/videos/133654-000-A/selah-sue-and-the-gallands/"
"ARTE (FR)";"FR";"2026-10-04";"Regarder";"https://www.arte.tv/fr/videos/133654-000-A/selah-sue-and-the-gallands/"
"ARTE (FR)";"FR";"2026-10-04";"Votre prochaine série vous attend";"https://www.arte.tv/fr/videos/series-et-fictions/"
"ARTE (FR)";"FR";"2026-10-04";"Voir tout";"https://www.arte.tv/fr/videos/series-et-fictions/"
"ARTE (FR)";"FR";"2026-10-04";"Nos films à l'affiche";"https://www.arte.tv/fr/videos/cinema/"
"ARTE (FR)";"FR";"2026-10-04";"Voir tout";"https://www.arte.tv/fr/videos/cinema/"
"ARTE (FR)";"FR";"2026-10-04";"Les documentaires à ne pas manquer";"https://www.arte.tv/fr/videos/documentaires-et-reportages/"
"ARTE (FR)";"FR";"2026-10-04";"Voir tout";"https://www.arte.tv/fr/videos/documentaires-et-reportages/"
"ARTE (FR)";"FR";"2026-10-04";"Les expos de l'automne";"https://www.arte.tv/fr/videos/RC-028320/les-expos-de-la-rentree/"
"ARTE (FR)";"FR";"2026-10-04";"Voir tout";"https://www.arte.tv/fr/videos/RC-028320/les-expos-de-la-rentree/"
"ARTE (FR)";"FR";"2026-10-04";"Israël : pleins feux sur un pays fracturé";"https://www.arte.tv/fr/videos/RC-028278/"
"ARTE (FR)";"FR";"2026-10-04";"Voir tout";"https://www.arte.tv/fr/videos/RC-028278/"
"ARTE (FR)";"FR";"2026-10-04";"Culture";"https://www.arte.tv/fr/videos/culture-et-pop/"
"ARTE (FR)";"FR";"2026-10-04";"Voir tout";"https://www.arte.tv/fr/videos/culture-et-pop/"
"ARTE (FR)";"FR";"2026-10-04";"Nos émissions en un coup d'œil";"https://www.arte.tv/fr/videos/emissions/"
"ARTE (FR)";"FR";"2026-10-04";"Voir tout";"https://www.arte.tv/fr/videos/emissions/"
"ARTE (FR)";"FR";"2026-10-04";"Histoire";"https://www.arte.tv/fr/videos/histoire/"
"ARTE (FR)";"FR";"2026-10-04";"Voir tout";"https://www.arte.tv/fr/videos/histoire/"
"ARTE (FR)";"FR";"2026-10-04";"Sciences et technologies";"https://www.arte.tv/fr/videos/sciences/"
"ARTE (FR)";"FR";"2026-10-04";"Voir tout";"https://www.arte.tv/fr/videos/sciences/"
"ARTE (FR)";"FR";"2026-10-04";"Les vidéos les plus vues";"https://www.arte.tv/fr/videos/plus-vues/"
"ARTE (FR)";"FR";"2026-10-04";"Voir tout";"https://www.arte.tv/fr/videos/plus-vues/"
"ARTE (FR)";"FR";"2026-10-04";"Catastrophe - Une série british sur les affres du couple";"https://www.arte.tv/fr/videos/RC-027959/catastrophe/"
"ARTE (FR)";"FR";"2026-10-04";"Taxe-moi, si tu peux ! - Les astuces fiscales des super-riches";"https://www.arte.tv/fr/videos/RC-027810/taxe-moi-si-tu-peux/"
"Time Magazine World (EN)";"EN";"2026-10-04";"The G7 Is Releasing Emergency Fuel Reserves. How Much Will It Help Americans?";"https://time.com/article/2026/10/03/the-g7-is-releasing-emergency-fuel-reserves-how-much-will-it-help-americans-/"
"Time Magazine World (EN)";"EN";"2026-10-04";"Why I Bring My Kids to Vote with Me";"https://time.com/article/2026/10/03/why-i-bring-my-kids-to-vote-with-me/"
"Time Magazine World (EN)";"EN";"2026-10-04";"Your 2026 Midterm Elections Voting Guide";"https://time.com/article/2026/09/30/your-questions-about-voting-in-the-2026-midterm-elections-answered/"
"Time Magazine World (EN)";"EN";"2026-10-04";"Trump Is Being Accused of Interfering in Brazil's Election. Here's Why";"https://time.com/article/2026/10/01/trump-brazil-election-interference-accusations-lula-bolsonaro-tensions/"
"Time Magazine World (EN)";"EN";"2026-10-04";"What to Know About the Dengue Outbreak in the U.S.";"https://time.com/article/2026/10/02/what-to-know-about-dengue-outbreak-florida-mosquito/"
"Time Magazine World (EN)";"EN";"2026-10-04";"What Trump Has Built";"https://time.com/article/2026/10/01/donald-trump-2026-interview/"
"Time Magazine World (EN)";"EN";"2026-10-04";"The System That Failed Cornell’s Jane Doe";"https://time.com/article/2026/10/02/the-system-that-failed-cornell-jane-doe/"
"Time Magazine World (EN)";"EN";"2026-10-04";"TIME100 Next 2026";"https://time.com/collection/time100-next/2026/"
"Time Magazine World (EN)";"EN";"2026-10-04";"Walking Faster May Help Reverse Frailty";"https://time.com/article/2026/09/30/walking-briskly-may-help-reverse-frailty/"
"Time Magazine World (EN)";"EN";"2026-10-04";"Flying Doesn’t Have to Be This Miserable";"https://time.com/article/2026/09/29/flying-doesn-t-have-to-be-this-miserable/"
"Time Magazine World (EN)";"EN";"2026-10-04";"'Tip Toe' Captures a World Gone Mad: Review";"https://time.com/article/2026/10/01/tip-toe-review-starz/"
"Time Magazine World (EN)";"EN";"2026-10-04";"The True Story Behind 'Atonement'";"https://time.com/article/2026/09/28/atonement-true-story-iraq-war/"
"Time Magazine World (EN)";"EN";"2026-10-04";"TIME100 Next 2026TIME100 Next 2026";"https://time.com/collection/time100-next/2026/"
"Time Magazine World (EN)";"EN";"2026-10-04";"Swizz Beatz and Alicia Keys";"https://time.com/collection/time100-art/2026/alicia-keys-and-swizz-beatz/"
"Time Magazine World (EN)";"EN";"2026-10-04";"Money Reveals What Kind of Friend You Are";"https://time.com/article/2026/09/28/money-reveals-what-kind-of-friend-you-are/"
"Time Magazine World (EN)";"EN";"2026-10-04";"The Case Against Pacing the AI Frontier";"https://time.com/article/2026/09/28/the-case-against-pacing-the-ai-frontier/"
"Time Magazine World (EN)";"EN";"2026-10-04";"How the War is Changing the Geography of Iran’s Influence";"https://time.com/article/2026/09/29/iran-war-houthis-red-sea-chokepoints-regional-influence/"
"Time Magazine World (EN)";"EN";"2026-10-04";"TIME100 Next 2026: The World's Most Influential Rising Stars";"https://time.com/collection/time100-next/2026/"
"Time Magazine World (EN)";"EN";"2026-10-04";"America’s Health Care Workforce Is in Crisis";"https://time.com/article/2026/10/04/us-health-care-workforce-in-crisis/"
"Time Magazine World (EN)";"EN";"2026-10-04";"The Next Generation of Weight-Loss Drugs Is Almost Here";"https://time.com/article/2026/10/01/next-generation-of-weight-loss-drugs-is-almost-here/"
"Time Magazine World (EN)";"EN";"2026-10-04";"How to Talk to Your Child About Body Image";"https://time.com/article/2026/09/30/what-to-say-child-body-image/"
"Time Magazine World (EN)";"EN";"2026-10-04";"Children Are Back in School. Measles Is, Too";"https://time.com/article/2026/09/30/children-are-back-in-school-measles-is-too-debra-houry-essay/"
"Time Magazine World (EN)";"EN";"2026-10-04";"Eli Lilly’s Experimental Weight-Loss Drug Shows Promising Results";"https://time.com/article/2026/09/29/eli-lilly-triple-targeting-experimental-weight-loss-drug-promising-results/"
"Time Magazine World (EN)";"EN";"2026-10-04";"How 'East of Eden' Rescues Cathy From Evil";"https://time.com/article/2026/10/02/east-of-eden-netflix-cathy/"
"Time Magazine World (EN)";"EN";"2026-10-04";"The True Story Behind 'The Widower'";"https://time.com/article/2026/09/28/the-widower-thomas-randolph-netflix/"
"Time Magazine World (EN)";"EN";"2026-10-04";"The First Worthwhile 'Carrie' in 50 Years";"https://time.com/article/2026/10/01/carrie-mike-flanagan-review/"
"Time Magazine World (EN)";"EN";"2026-10-04";"The Story of 'The Swan: Behind the Mirror'";"https://time.com/article/2026/09/28/the-swan-behind-the-mirror-true-story/"
"Time Magazine World (EN)";"EN";"2026-10-04";"Tom Cruise Bloviates His Way Through the Aggressively Unfunny Digger";"https://time.com/article/2026/09/29/digger-review/"
"Time Magazine World (EN)";"EN";"2026-10-04";"Awe in the Age of AI";"https://time.com/article/2026/10/02/awe-in-the-age-of-ai/"
"Time Magazine World (EN)";"EN";"2026-10-04";"Why the U.S. Must Simultaneously Compete—and Cooperate—With China on AI";"https://time.com/article/2026/10/01/the-u-s-must-compete-and-cooperate-with-china-on-ai/"
"Time Magazine World (EN)";"EN";"2026-10-04";"How Google Is Quietly Turning Millions of People Into AI Users";"https://time.com/article/2026/09/29/google-search-ai-mode-chat/"
"Time Magazine World (EN)";"EN";"2026-10-04";"The Fight to Rein In AI Is Dividing Washington";"https://time.com/article/2026/09/25/ai-congress-regulation-safety-democrats-republicans/"
"Time Magazine World (EN)";"EN";"2026-10-04";"Trump and Xi Meet Ahead of State Dinner With A.I. Leaders";"https://time.com/article/2026/09/24/Trump-Xi-meeting-White-House-2026-AI-trade-Iran/"
"Time Magazine World (EN)";"EN";"2026-10-04";"AI Arrived at the Worst Possible Moment";"https://time.com/article/2026/09/24/ai-arrived-at-the-worst-possible-moment/"
"Time Magazine World (EN)";"EN";"2026-10-04";"Europe’s Approach to Climate Change Is Entering a New Era";"https://time.com/article/2026/10/02/europe-s-approach-to-climate-is-entering-a-new-era/"
"Time Magazine World (EN)";"EN";"2026-10-04";"How Does Climate Change Impact Nor'easters?";"https://time.com/article/2026/09/25/climate-change-nor-easters/"
"Time Magazine World (EN)";"EN";"2026-10-04";"Everyone's Still Talking About Climate Change, Actually";"https://time.com/article/2026/09/25/new-york-climate-week/"
"Time Magazine World (EN)";"EN";"2026-10-04";"How To Help Pollinators Survive Winter";"https://time.com/article/2026/09/24/fall-yard-cleanup-pollinators-winter/"
"Time Magazine World (EN)";"EN";"2026-10-04";"Why California Declared a State of Emergency Due to El Niño";"https://time.com/article/2026/09/23/california-state-of-emergency-el-nino/"
"Time Magazine World (EN)";"EN";"2026-10-04";"Hurricane Polo Intensifies Off Mexico’s Coast";"https://time.com/article/2026/09/23/hurricane-polo-natural-disaster-el-nino-weather-mexico/"
"Time Magazine World (EN)";"EN";"2026-10-04";"The Past Decade’s Emissions Are Driving Worse Heat Waves in Europe";"https://time.com/article/2026/09/22/emissions-paris-agreement-europe-heat-waves-study/"
"Icilome (FR)";"FR";"2026-10-04";"Togo – Le  gouvernement se soucie-t-il de sa jeunesse ?";"https://icilome.com/2026/10/togo-le-gouvernement-se-soucie-t-il-de-sa-jeunesse/"
"Icilome (FR)";"FR";"2026-10-04";"Interview du président reconduit à la tête du PPT :  Honoré ADONTUI parle du nouveau défi et lance un appel au gouvernement";"https://icilome.com/2026/10/interview-du-president-reconduit-a-la-tete-du-ppt-honore-adontui-parle-du-nouveau-defi-et-lance-un-appel-au-gouvernement/"
"Icilome (FR)";"FR";"2026-10-04";"Togo – L’opposition appelle à se « ressourcer » à la CDPA ce dimanche";"https://icilome.com/2026/10/togo-lopposition-appelle-a-se-ressourcer-a-la-cdpa-ce-dimanche/"
"Icilome (FR)";"FR";"2026-10-04";"Togo : la diaspora désormais connectée à son ministère";"https://icilome.com/2026/10/togo-la-diaspora-desormais-connectee-a-son-ministere/"
"Icilome (FR)";"FR";"2026-10-04";"Tribune | Togo- Emploi, entrepreneuriat, formation : des programmes existent, mais les résultats sont-ils à la hauteur des attentes ?";"https://icilome.com/2026/09/tribune-togo-emploi-entrepreneuriat-formation-des-programmes-existent-mais-les-resultats-sont-ils-a-la-hauteur-des-attentes/"
"Icilome (FR)";"FR";"2026-10-04";"Togo-Russie : Lomé et Moscou élargissent leur partenariat aux mines et à l’énergie";"https://icilome.com/2026/10/togo-russie-lome-et-moscou-elargissent-leur-partenariat-aux-mines-et-a-lenergie/"
"Icilome (FR)";"FR";"2026-10-04";"Togo- Kara : 27 milliards s’ajoutent aux autres milliards déjà investis dans la recherche d’eau potable";"https://icilome.com/2026/10/togo-kara-27-milliards-sajoutent-aux-autres-milliards-deja-investis-dans-la-recherche-deau-potable/"
"Icilome (FR)";"FR";"2026-10-04";"Dr Charles BIRREGAH élu Vice-Président de la Conférence Régionale des Recteurs de l’AUF pour l’Afrique de l’Ouest";"https://icilome.com/2026/10/dr-charles-birregah-elu-vice-president-de-la-conference-regionale-des-recteurs-de-lauf-pour-lafrique-de-louest/"
"Icilome (FR)";"FR";"2026-10-04";"Résumé analytique d’un extrait de l’interview de Yaouza Ouro-Sama";"https://icilome.com/2026/10/resume-analytique-dun-extrait-de-linterview-de-yaouza-ouro-sama/"
"Icilome (FR)";"FR";"2026-10-04";"Togo : Paix sans démocratie, se mentir";"https://icilome.com/2026/10/togo-paix-sans-democratie-se-mentir/"
"Icilome (FR)";"FR";"2026-10-04";"Togo – Eau potable : à Kara, la bataille se joue d’abord sur le terrain";"https://icilome.com/2026/10/togo-eau-potable-a-kara-la-bataille-se-joue-dabord-sur-le-terrain/"
"Icilome (FR)";"FR";"2026-10-04";"Togo- Racket : le ministère de la Sécurité ouvre une ligne directe, le 1014";"https://icilome.com/2026/10/togo-racket-le-ministere-de-la-securite-ouvre-une-ligne-directe-le-1014/"
"Icilome (FR)";"FR";"2026-10-04";"Togo- CHU Sylvanus Olympio : à la morgue, les oubliés attendent toujours";"https://icilome.com/2026/10/togo-chu-sylvanus-olympio-a-la-morgue-les-oublies-attendent-toujours/"
"Icilome (FR)";"FR";"2026-10-04";"Togo – Noces de cristal du SYNJIT : hommage aux pionniers et cap sur l’avenir";"https://icilome.com/2026/09/togo-noces-de-cristal-du-synjit-hommage-aux-pionniers-et-cap-sur-lavenir/"
"Icilome (FR)";"FR";"2026-10-04";"Togo – SYNJIT : 15 ans d’engagement syndical, un webinaire pour remobiliser les journalistes togolais";"https://icilome.com/2026/08/togo-synjit-15-ans-dengagement-syndical-un-webinaire-pour-remobiliser-les-journalistes-togolais/"
"Icilome (FR)";"FR";"2026-10-04";"Édito- Au Togo, on n’arrête plus les voleurs, on arrête les vendeurs de journaux";"https://icilome.com/2026/08/edito-au-togo-on-narrete-plus-les-voleurs-on-arrete-les-vendeurs-de-journaux/"
"Icilome (FR)";"FR";"2026-10-04";"Togo- Le PPT dénonce une « caporalisation » de la presse après l’interpellation musclée d’un vendeur de journaux";"https://icilome.com/2026/08/togo-le-ppt-denonce-une-caporalisation-de-la-presse-apres-linterpellation-musclee-dun-vendeur-de-journaux/"
"Icilome (FR)";"FR";"2026-10-04";"Oration On Liberty! Addressed to the People and Governors of Togo";"https://icilome.com/2026/07/oration-on-liberty-addressed-to-the-people-and-governors-of-togo/"
"Icilome (FR)";"FR";"2026-10-04";"Togo- Le SYNJIT prépare ses 15 ans avec de nouvelles cartes de membres";"https://icilome.com/2026/07/togo-le-synjit-prepare-ses-15-ans-avec-de-nouvelles-cartes-de-membres/"
"Icilome (FR)";"FR";"2026-10-04";"Video: Abdoul Aziz Goma Addresses the UN on Repression in Togo";"https://icilome.com/2026/03/video-abdoul-aziz-goma-addresses-the-un-on-repression-in-togo/"
"Icilome (FR)";"FR";"2026-10-04";"Togo – Enquête, pressions et refus de l’exil : le message fort de Roger Amemavoh (Vidéo)";"https://icilome.com/2026/02/togo-enquete-pressions-et-refus-de-lexil-le-message-fort-de-roger-amemavor-video/"
"Icilome (FR)";"FR";"2026-10-04";"Bénin : Le président Talon s’adresse à la nation après la tentative de coup d’État (vidéo)";"https://icilome.com/2025/12/benin-le-president-talon-sadresse-a-la-nation-apres-la-tentative-de-coup-detat-video/"
"Icilome (FR)";"FR";"2026-10-04";"Yves Edoh Agbodjan, alias Togbevi Kpéssé précise les objectifs de la délégation du M66 à New York (Interview)";"https://icilome.com/2025/09/yves-edoh-agbodjan-alias-togbevi-kpesse-precise-les-objectifs-de-la-delegation-du-m66-a-new-york-interview/"
"Icilome (FR)";"FR";"2026-10-04";"Vidéo – Le MO5 rejoint l’appel à la mobilisation du 30 août au Togo";"https://icilome.com/2025/08/video-le-mo5-rejoint-lappel-a-la-mobilisation-du-30-aout-au-togo/"
"Icilome (FR)";"FR";"2026-10-04";"Nord du Togo : le colonel N’Guwaki prend Koundjoaré sous la pression des incursions";"https://icilome.com/2026/10/nord-du-togo-le-colonel-nguwaki-prend-koundjoare-sous-la-pression-des-incursions/"
"Icilome (FR)";"FR";"2026-10-04";"Togo- Anié : le plus grand magasin du marché réduit en cendre";"https://icilome.com/2026/09/togo-anie-le-plus-grand-magasin-du-marche-reduit-en-cendre/"
"Icilome (FR)";"FR";"2026-10-04";"Togo – BAC annulé pour trois candidats, comment le pouvoir encourage l’immoralité";"https://icilome.com/2026/09/togo-bac-annule-pour-trois-candidats-comment-le-pouvoir-encourage-limmoralite/"
"Icilome (FR)";"FR";"2026-10-04";"Togo- Agression au siège de la CDPA : pour Adjamagbo-Johnson, l’enquête s’est bloquée après la promotion de l’officier chargé du dossier";"https://icilome.com/2026/09/togo-agression-au-siege-de-la-cdpa-pour-adjamagbo-johnson-lenquete-sest-bloquee-apres-la-promotion-de-lofficier-charge-du-dossier/"
"Icilome (FR)";"FR";"2026-10-04";"Agoè-Fidokpui : Poteaux et câbles électriques abandonnés au milieu d’un marché inauguré aujourd’hui";"https://icilome.com/2026/09/agoe-fidokpui-poteaux-et-cables-electriques-abandonnes-au-milieu-dun-marche-inaugure-aujourdhui/"
"Icilome (FR)";"FR";"2026-10-04";"Agression de journalistes en septembre 2024 : le PPT s’interroge sur l’indifférence du gouvernement";"https://icilome.com/2026/09/agression-de-journalistes-en-septembre-2024-le-ppt-sinterroge-sur-lindifference-du-gouvernement/"
"Icilome (FR)";"FR";"2026-10-04";"Mali : Amnesty International accuse l’armée et Wagner de crimes de guerre contre des civils";"https://icilome.com/2026/09/141120/"
"Icilome (FR)";"FR";"2026-10-04";"Togo : Mme Kafui Adjamagbo-Johnson, pourquoi elle ne démissionne pas de l’Assemblée… pour l’instant";"https://icilome.com/2026/09/togo-mme-kafui-adjamagbo-johnson-pourquoi-elle-ne-demissionne-pas-de-lassemblee/"
"Icilome (FR)";"FR";"2026-10-04";"Togo- 29 septembre 2024 : deux ans après, les journalistes agressés au siège de la CDPA attendent toujours des réponses";"https://icilome.com/2026/09/togo-29-septembre-2024-deux-ans-apres-les-journalistes-agresses-au-siege-de-la-cdpa-attendent-toujours-des-reponses/"
"Icilome (FR)";"FR";"2026-10-04";"Togo- Eau potable : Kara lance un chantier pour près de 200 000 personnes";"https://icilome.com/2026/09/togo-eau-potable-kara-lance-un-chantier-pour-pres-de-200-000-personnes/"
"Icilome (FR)";"FR";"2026-10-04";"« Correct the Map » : Dussey, Bishop Donald et Blessing OR fêtent la victoire";"https://icilome.com/2026/09/correct-the-map-dussey-bishop-donald-et-blessing-or-fetent-la-victoire/"
"Icilome (FR)";"FR";"2026-10-04";"Après la mobilisation de New York, la DMK ORIGINALE appelle à l’unité des forces démocratiques togolaises";"https://icilome.com/2026/09/apres-la-mobilisation-de-new-york-la-dmk-originale-appelle-a-lunite-des-forces-democratiques-togolaises/"
"Icilome (FR)";"FR";"2026-10-04";"Africa Next Bénévolat : les lauréats des Africa Next Awards s’engagent à accompagner 100 PME africaines";"https://icilome.com/2026/09/africa-next-benevolat-les-laureats-des-africa-next-awards-sengagent-a-accompagner-100-pme-africaines/"
"Icilome (FR)";"FR";"2026-10-04";"CreaConnex 2026 : les créateurs de contenu appelés à mieux structurer leur activité";"https://icilome.com/2026/09/creaconnex-2026-les-createurs-de-contenu-appeles-a-mieux-structurer-leur-activite/"
"Icilome (FR)";"FR";"2026-10-04";"Togo : à Tchamba, 473 patients attendent l’aboutissement d’une mission chirurgicale gratuite";"https://icilome.com/2026/09/togo-a-tchamba-473-patients-attendent-laboutissement-dune-mission-chirurgicale-gratuite/"
"Icilome (FR)";"FR";"2026-10-04";"Togo – Hongrie : vers une accélération des projets communs dans l’eau et l’assainissement";"https://icilome.com/2026/09/togo-hongrie-vers-une-acceleration-des-projets-communs-dans-leau-et-lassainissement/"
"Icilome (FR)";"FR";"2026-10-04";"Comment le Togo s’écroule tout seul";"https://icilome.com/2026/09/comment-le-togo-secroule-tout-seul/"
"Icilome (FR)";"FR";"2026-10-04";"Le carburant a monté, la santé est descendue";"https://icilome.com/2026/09/le-carburant-a-monte-la-sante-est-descendue/"
"Icilome (FR)";"FR";"2026-10-04";"Togo- Kégué a retrouvé ses Éperviers, et les Éperviers ont retrouvé leur public";"https://icilome.com/2026/09/togo-kegue-a-retrouve-ses-eperviers-et-les-eperviers-ont-retrouve-leur-public/"
"Icilome (FR)";"FR";"2026-10-04";"Togo- Précarité des journalistes du privé: Le cri d’alarme du SYNJIT auprès des Nations Unies";"https://icilome.com/2026/09/togo-precarite-des-journalistes-du-prive-le-cri-dalarme-du-synjit-aupres-des-nations-unies/"
"Icilome (FR)";"FR";"2026-10-04";"Personnes sourdes au Togo : L’AST réclame des droits accessibles dans les faits";"https://icilome.com/2026/09/personnes-sourdes-au-togo-last-reclame-des-droits-accessibles-dans-les-faits/"
"Icilome (FR)";"FR";"2026-10-04";"Togo- Savanes, une bombe sociale : autochtones et réfugiés burkinabé se disputent les ressources limitées";"https://icilome.com/2026/09/togo-savanes-une-bombe-sociale-autochtones-et-refugies-burkinabe-se-disputent-les-ressources-limitees/"
"Icilome (FR)";"FR";"2026-10-04";"Nationale N°1/Après l’ultimatum : A quand le démarrage des travaux ?";"https://icilome.com/2026/09/nationale-n1-apres-lultimatum-a-quand-le-demarrage-des-travaux/"
"Icilome (FR)";"FR";"2026-10-04";"Togo- Vers quelle destination nous conduit-on ?";"https://icilome.com/2026/09/togo-vers-quelle-destination-nous-conduit-on/"
"Icilome (FR)";"FR";"2026-10-04";"Togo – Burundi : Les Éperviers appelés à étouffer les Hirondelles d’entrée";"https://icilome.com/2026/09/togo-burundi-les-eperviers-appeles-a-etouffer-les-hirondelles-dentree/"
"Icilome (FR)";"FR";"2026-10-04";"Chine-Togo : 54 ans de relations diplomatiques célébrés à Lomé";"https://icilome.com/2026/09/chine-togo-54-ans-de-relations-diplomatiques-celebres-a-lome/"
"Icilome (FR)";"FR";"2026-10-04";"Cherté des soins dans les hôpitaux publics face au droit  à la santé au Togo";"https://icilome.com/2026/09/cherte-des-soins-dans-les-hopitaux-publics-face-au-droit-a-la-sante-au-togo/"
"Icilome (FR)";"FR";"2026-10-04";"Togo- Prof. Kadanga Beketi :  « Les opinions politiques, religieuses ou sociales d’un patient ne peuvent pas constituer un motif de refus de soins »";"https://icilome.com/2026/09/togo-prof-kadanga-beketi-les-opinions-politiques-religieuses-ou-sociales-dun-patient-ne-peuvent-pas-constituer-un-motif-de-refus-de-soins/"
"Icilome (FR)";"FR";"2026-10-04";"Togo – 40 ans après, le devoir de mémoire";"https://icilome.com/2026/09/togo-40-ans-apres-le-devoir-de-memoire/"
"Icilome (FR)";"FR";"2026-10-04";"Togo – OTR : 155 véhicules seront mis aux enchères au PAL";"https://icilome.com/2026/09/togo-otr-155-vehicules-seront-mis-aux-encheres-au-pal/"
"Icilome (FR)";"FR";"2026-10-04";"Tribune – Épilogue | L’Ordre a parlé : Quand la déontologie a le dernier mot sur la menace";"https://icilome.com/2026/09/tribune-epilogue-lordre-a-parle-quand-la-deontologie-a-le-dernier-mot-sur-la-menace/"
"Icilome (FR)";"FR";"2026-10-04";"Robert Dussey sur la présence des “mercenaires russes” au Togo";"https://icilome.com/2026/09/robert-dussey-sur-la-presence-des-mercenaires-russes-au-togo/"
"Icilome (FR)";"FR";"2026-10-04";"Laissons le livre d’Orélien faire le même chemin";"https://icilome.com/2026/09/laissons-le-livre-dorelien-faire-le-meme-chemin/"
"Icilome (FR)";"FR";"2026-10-04";"Togo- Aéroport de Lomé : l’espace duty free cédé à un privé";"https://icilome.com/2026/09/togo-aeroport-de-lome-lespace-duty-free-cede-a-un-prive/"
"Icilome (FR)";"FR";"2026-10-04";"Togo – L’Ordre des médecins interpellé après des propos controversés de Mme Myriam Dossou-d’Almeida";"https://icilome.com/2026/09/togo-lordre-des-medecins-interpelle-apres-des-propos-controverses-de-mme-myriam-dossou-dalmeida/"
"Icilome (FR)";"FR";"2026-10-04";"Togo – Trois mois après le cambriolage de son cabinet, aucune avancée dans l’enquête sur Me Bokodjin";"https://icilome.com/2026/09/togo-trois-mois-apres-le-cambriolage-de-son-cabinet-aucune-avancee-dans-lenquete-sur-me-bokodjin/"
"Icilome (FR)";"FR";"2026-10-04";"Togo-Russie : Lomé accueille la première commission mixte intergouvernementale du 29 septembre au 1er octobre";"https://icilome.com/2026/09/togo-russie-lome-accueille-la-premiere-commission-mixte-intergouvernementale-du-29-septembre-au-1er-octobre/"
"Icilome (FR)";"FR";"2026-10-04";"Togo : la HARC muscle son dialogue avec les créateurs de contenus, entre pédagogie et encadrement publicitaire";"https://icilome.com/2026/09/togo-la-harc-muscle-son-dialogue-avec-les-createurs-de-contenus-entre-pedagogie-et-encadrement-publicitaire/"
"Icilome (FR)";"FR";"2026-10-04";"Togo- Fraude au bac : cinq ans de suspension pour deux agents d’un centre d’écrit à Tabligbo";"https://icilome.com/2026/09/togo-fraude-au-bac-cinq-ans-de-suspension-pour-deux-agents-dun-centre-decrit-a-tabligbo/"
"Icilome (FR)";"FR";"2026-10-04";"Togo – Le pouvoir togolais a plusieurs cordes à son arc";"https://icilome.com/2026/09/togo-le-pouvoir-togolais-a-plusieurs-cordes-a-son-arc/"
"Icilome (FR)";"FR";"2026-10-04";"Togo- Invité à Lomé pour un « accord de paix », le rebelle tchadien Luc Beyam finit en garde à vue pour dette d’hôtel";"https://icilome.com/2026/09/togo-invite-a-lome-pour-un-accord-de-paix-le-rebelle-tchadien-luc-beyam-finit-en-garde-a-vue-pour-dette-dhotel/"
"Icilome (FR)";"FR";"2026-10-04";"Togo- Biologie médicale : La qualité des diagnostics passe aussi par les équipements et les normes";"https://icilome.com/2026/09/togo-biologie-medicale-la-qualite-des-diagnostics-passe-aussi-par-les-equipements-et-les-normes/"
"Icilome (FR)";"FR";"2026-10-04";"Quelle démocratie pour l’Afrique aujourd’hui ?";"https://icilome.com/2026/09/quelle-democratie-pour-lafrique-aujourdhui/"
"Icilome (FR)";"FR";"2026-10-04";"Edito | Au Togo ou en Guinée, le journalisme : un parcours du combattant";"https://icilome.com/2026/09/au-togo-ou-en-guinee-le-journalisme-un-parcours-du-combattant/"
"Icilome (FR)";"FR";"2026-10-04";"Togo Debout USA porte la situation politique et les préoccupations de la diaspora à Washington";"https://icilome.com/2026/09/togo-debout-usa-porte-la-situation-politique-et-les-preoccupations-de-la-diaspora-a-washington/"
"Icilome (FR)";"FR";"2026-10-04";"Togo- Hausse des prix du carburant : Deux Togolais s’affrontent, le virtuel et le réel";"https://icilome.com/2026/09/togo-hausse-des-prix-du-carburant-deux-togolais-saffrontent-le-virtuel-et-le-reel/"
"Icilome (FR)";"FR";"2026-10-04";"Togo / Scandale au Ministère du Tourisme: Les Secrets bien gardés d’un Hold-up en bande organisée";"https://icilome.com/2026/09/togo-scandale-au-ministere-du-tourisme-les-secrets-bien-gardes-dun-hold-up-en-bande-organisee/"
"Togo First (FR)";"FR";"2026-10-04";"L’AED et WIETC s’associent pour rapprocher les formations des IFAD des besoins des chantiers au Togo";"https://www.togofirst.com/fr/btp/0210-20230-l-aed-et-wietc-s-associent-pour-rapprocher-les-formations-des-ifad-des-besoins-des-chantiers-au-togo"
"Togo First (FR)";"FR";"2026-10-04";"Au Togo, le Sénat ouvre le chantier du budget 2027";"https://www.togofirst.com/fr/gestion-publique/0210-20236-au-togo-le-senat-ouvre-le-chantier-du-budget-2027"
"Togo First (FR)";"FR";"2026-10-04";"Togo : des brigades mobiles pour renforcer la surveillance environnementale et forestière";"https://www.togofirst.com/fr/agro/0210-20235-togo-des-brigades-mobiles-pour-renforcer-la-surveillance-environnementale-et-forestiere"
"Togo First (FR)";"FR";"2026-10-04";"Agriculture : Lomé s’appuiera sur le satellite du Kirghizistan pour mieux surveiller ses terres";"https://www.togofirst.com/fr/agro/0210-20234-agriculture-lome-s-appuiera-sur-le-satellite-du-kirghizistan-pour-mieux-surveiller-ses-terres"
"Togo First (FR)";"FR";"2026-10-04";"FAO : le mécanisme Forêts et Paysans a mobilisé environ 2,7 milliards FCFA en 7 ans au Togo";"https://www.togofirst.com/fr/agro/0210-20232-fao-le-mecanisme-forets-et-paysans-a-mobilise-environ-2-7-milliards-fcfa-en-7-ans-au-togo"
"Togo First (FR)";"FR";"2026-10-04";"À Lomé, la jeunesse francophone prépare sa contribution au Sommet de Phnom Penh";"https://www.togofirst.com/fr/social/0210-20231-a-lome-la-jeunesse-francophone-prepare-sa-contribution-au-sommet-de-phnom-penh"
"Togo First (FR)";"FR";"2026-10-04";"Togo : 16 démarches du ministère des Affaires étrangères désormais accessibles en ligne";"https://www.togofirst.com/fr/services-publics/0110-20224-togo-16-demarches-du-ministere-des-affaires-etrangeres-desormais-accessibles-en-ligne"
"Togo First (FR)";"FR";"2026-10-04";"Togo : le PAJEC prépare un dispositif pilote d’assurance agricole";"https://www.togofirst.com/fr/agro/0110-20223-togo-le-pajec-prepare-un-dispositif-pilote-d-assurance-agricole"
"Togo First (FR)";"FR";"2026-10-04";"Togo-Russie : la PIA présente ses opportunités d’investissement à une délégation russe";"https://www.togofirst.com/fr/investissement/0110-20222-togo-russie-la-pia-presente-ses-opportunites-d-investissement-a-une-delegation-russe"
"Togo First (FR)";"FR";"2026-10-04";"Pensions de retraite : au Togo, la CRT tourne la page du paiement en espèces";"https://www.togofirst.com/fr/social/0110-20221-pensions-de-retraite-au-togo-la-crt-tourne-la-page-du-paiement-en-especes"
"Togo First (FR)";"FR";"2026-10-04";"Energie : le Togo soutient l’implantation de la raffinerie de Dangote au Kenya";"https://www.togofirst.com/fr/energies/0110-20220-energie-le-togo-soutient-l-implantation-de-la-raffinerie-de-dangote-au-kenya"
"Togo First (FR)";"FR";"2026-10-04";"Projet D-CLIC: environ 300 millions FCFA investis par l’OIF dans la formation numérique des jeunes Togolais";"https://www.togofirst.com/fr/tic/0110-20218-projet-d-clic-environ-300-millions-fcfa-investis-par-l-oif-dans-la-formation-numerique-des-jeunes-togolais"
"Togo First (FR)";"FR";"2026-10-04";"Partenariat : l’UL ouvre la voie à un master en énergie en double diplôme avec l'Université de Rostock";"https://www.togofirst.com/fr/education/3009-20215-partenariat-l-ul-ouvre-la-voie-a-un-master-en-energie-en-double-diplome-avec-luniversite-de-rostock"
"Togo First (FR)";"FR";"2026-10-04";"Coopération décentralisée : Lacs 1 et Nuremberg veulent prolonger leur partenariat";"https://www.togofirst.com/fr/gouvernance-economique/3009-20213-cooperation-decentralisee-lacs-1-et-nuremberg-veulent-prolonger-leur-partenariat"
"Togo First (FR)";"FR";"2026-10-04";"Togo-Russie : la CCI-Togo veut structurer les partenariats entre entreprises";"https://www.togofirst.com/fr/gouvernance-economique/3009-20212-togo-russie-la-cci-togo-veut-structurer-les-partenariats-entre-entreprises"
"Togo First (FR)";"FR";"2026-10-04";"Port de Lomé : les contrôles se renforcent aux entrées et sorties des môles 1 et 2";"https://www.togofirst.com/fr/gouvernance-economique/3009-20208-port-de-lome-les-controles-se-renforcent-aux-entrees-et-sorties-des-moles-1-et-2"
"Togo First (FR)";"FR";"2026-10-04";"Togo : la BIDC lance l’EIF 2027, plus de 500 participants et 40 projets annoncés à Lomé";"https://www.togofirst.com/fr/gouvernance-economique/3009-20207-togo-la-bidc-lance-l-eif-2027-plus-de-500-participants-et-40-projets-annonces-a-lome"
"Togo First (FR)";"FR";"2026-10-04";"BIDC : 10 millions USD mobilisés pour l’agriculture climatique au Togo et dans deux autres pays";"https://www.togofirst.com/fr/agro/2909-20204-bidc-10-millions-usd-mobilises-pour-l-agriculture-climatique-au-togo-et-dans-deux-autres-pays"
"Togo First (FR)";"FR";"2026-10-04";"Épargne digitale : Ohana Africa et Ecobank lancent le « Compte Familial » au Togo";"https://www.togofirst.com/fr/finance/2809-20187-epargne-digitale-ohana-africa-et-ecobank-lancent-le-compte-familial-au-togo"
"Togo First (FR)";"FR";"2026-10-04";"Togo : une nouvelle solution numérique de gestion des TPME lancée";"https://www.togofirst.com/fr/gouvernance-economique/2709-20178-vendre-facturer-suivre-b-pilot-l-appli-pour-simplifier-la-gestion-des-tpme"
"Togo First (FR)";"FR";"2026-10-04";"Gaëlle de Souza (Gazelle d'Afrik) : « On a tout chez nous, c'est nous-mêmes qui ne l'exploitons pas »";"https://www.togofirst.com/fr/agro/2609-20175-gael-de-souza-gazelle-dafrik-on-a-tout-chez-nous-cest-nous-memes-qui-ne-lexploitons-pas"
"Togo First (FR)";"FR";"2026-10-04";"« Nous voulons bâtir une marque laitière africaine à partir du wangash togolais », Assaba Akouétévi, promotrice de ROSHTA Wangash";"https://www.togofirst.com/fr/agro/1909-20108-nous-voulons-batir-une-marque-laitiere-africaine-a-partir-du-wangash-togolais-assaba-akouetevi-promotrice-de-roshta-wangash"
"Togo First (FR)";"FR";"2026-10-04";"Salim Tebonou (HORI) : « J'ai dû démissionner moi-même de la structure que j'avais co-créée pour repartir de zéro »";"https://www.togofirst.com/fr/gouvernance-economique/0208-19767-salim-tebonou-hori-jai-du-demissionner-moi-meme-de-la-structure-que-javais-creee-pour-repartir-de-zero"
"Togo First (FR)";"FR";"2026-10-04";"FIL 2026 : 70 % de réduction sur les stands pour les femmes et jeunes entrepreneurs";"https://www.togofirst.com/fr/gouvernance-economique/2707-19692-fil-2026-70-de-reduction-sur-les-stands-pour-les-femmes-et-jeunes-entrepreneurs"
"Togo First (FR)";"FR";"2026-10-04";"Togo : après la hausse du prix du carburant, le gouvernement baisse les tarifs de péage";"https://www.togofirst.com/fr/transport/0207-19428-togo-apres-la-hausse-du-prix-du-carburant-le-gouvernement-baisse-les-tarifs-de-peage"
"Togo First (FR)";"FR";"2026-10-04";"Togo : les résultats des examens désormais accessibles gratuitement via le Web, WhatsApp et Telegram";"https://www.togofirst.com/fr/education/0806-19171-togo-les-resultats-des-examens-desormais-accessibles-gratuitement-via-le-web-whatsapp-et-telegram"
"Togo First (FR)";"FR";"2026-10-04";"Le Togolais Kodjo Akpatigbe prend la tête de Deloitte au Togo et au Bénin";"https://www.togofirst.com/fr/finance/0207-19423-le-togolais-kodjo-akpatigbe-prend-la-tete-de-deloitte-au-togo-et-au-benin"
"Togo First (FR)";"FR";"2026-10-04";"Gouvernance et financement du secteur routier : le Togo crée l’AGEROUTE et la SONAFIR";"https://www.togofirst.com/fr/transport/2906-19371-gouvernance-et-financement-du-secteur-routier-le-togo-cree-l-ageroute-et-la-sonafir"
"Togo First (FR)";"FR";"2026-10-04";"Lancement d’une mission d’élaboration des normes de certification pour les entreprises de BTP";"https://www.togofirst.com/"
"Togo First (FR)";"FR";"2026-10-04";"Logement : à Kpomé-Dalavé, Adedze annonce le passage du programme des 20 000 unités à sa phase opérationnelle";"https://www.togofirst.com/fr/gouvernance-economique/1206-19219-logement-a-kpome-dalave-adedze-annonce-le-passage-du-programme-des-20-000-unites-a-sa-phase-operationnelle"
"Togo First (FR)";"FR";"2026-10-04";"Togo : pour une fonction publique plus performante, le gouvernement entend mettre en place un plan national";"https://www.togofirst.com/"
"Togo First (FR)";"FR";"2026-10-04";"Restauration des terres : la FAO lance un appel à projets pour des subventions pouvant atteindre 50 000 $";"https://www.togofirst.com/fr/agro/1506-19233-restauration-des-terres-la-fao-lance-un-appel-a-projets-pour-des-subventions-pouvant-atteindre-50-000"
"Togo First (FR)";"FR";"2026-10-04";"Togo : de nouvelles démarches administratives désormais accessibles en ligne";"https://www.togofirst.com/fr/services-publics/2909-20203-togo-de-nouvelles-demarches-administratives-desormais-accessibles-en-ligne"
"Togo First (FR)";"FR";"2026-10-04";"Libre circulation en Afrique : Lomé prépare le futur Conseil consultatif des migrations";"https://www.togofirst.com/fr/gouvernance-economique/2909-20197-libre-circulation-en-afrique-lome-prepare-le-futur-conseil-consultatif-des-migrations"
"Togo First (FR)";"FR";"2026-10-04";"Togo : « Voix du Togo » entre en phase de test pour intégrer les langues locales à l’IA";"https://www.togofirst.com/fr/tic/2909-20196-togo-voix-du-togo-entre-en-phase-de-test-pour-integrer-les-langues-locales-a-l-ia"
"Togo First (FR)";"FR";"2026-10-04";"Togo : la campagne café-cacao 2026-2027 démarre avec de nouveaux prix aux producteurs";"https://www.togofirst.com/fr/agro/2909-20195-togo-la-campagne-cafe-cacao-2026-2027-demarre-avec-de-nouveaux-prix-aux-producteurs"
"Togo First (FR)";"FR";"2026-10-04";"Togo : les chiffres clés du secteur touristique";"https://www.togofirst.com/fr/culture/2909-20194-togo-les-chiffres-cles-du-secteur-touristique"
"Togo First (FR)";"FR";"2026-10-04";"Eau potable : 27 milliards FCFA pour desservir plus de 200 000 personnes à Kara";"https://www.togofirst.com/fr/social/2909-20193-eau-potable-27-milliards-fcfa-pour-desservir-plus-de-200-000-personnes-a-kara"
"Togo First (FR)";"FR";"2026-10-04";"Le Togo accélère la mise en place d’un compte satellite pour mieux mesurer le poids du tourisme";"https://www.togofirst.com/fr/gouvernance-economique/2809-20188-le-togo-accelere-la-mise-en-place-d-un-compte-satellite-pour-mieux-mesurer-le-poids-du-tourisme"
"Togo First (FR)";"FR";"2026-10-04";"L’Université de Kara conclut un partenariat avec la PIA pour rapprocher la recherche de l’industrie";"https://www.togofirst.com/fr/formation/2809-20186-l-universite-de-kara-conclut-un-partenariat-avec-la-pia-pour-rapprocher-la-recherche-de-l-industrie"
"Togo First (FR)";"FR";"2026-10-04";"Depuis Paris, la CCI-Togo veut connecter les PME aux marchés internationaux";"https://www.togofirst.com/fr/gouvernance-economique/2809-20185-depuis-paris-la-cci-togo-veut-connecter-les-pme-aux-marches-internationaux"
"Togo First (FR)";"FR";"2026-10-04";"Lomé et Abu Dhabi signent un accord d’exemption de visas diplomatiques";"https://www.togofirst.com/fr/politique/2809-20182-lome-et-abu-dhabi-signent-un-accord-d-exemption-de-visas-diplomatiques"
"Togo First (FR)";"FR";"2026-10-04";"Togo-Hongrie : après l’accord de 2025, Budapest veut accélérer les stations de boues de vidange du Grand Lomé";"https://www.togofirst.com/fr/social/2809-20181-togo-hongrie-apres-l-accord-de-2025-budapest-veut-accelerer-les-stations-de-boues-de-vidange-du-grand-lome"
"Togo First (FR)";"FR";"2026-10-04";"Télécoms : YAS conserve l'avantage national, mais Moov se distingue sur la 4G à Lomé";"https://www.togofirst.com/fr/telecoms/2709-20177-telecoms-yas-conserve-lavantage-national-mais-moov-se-distingue-sur-la-4g-a-lome"
"Togo First (FR)";"FR";"2026-10-04";"Togo : une mission de Gavi prépare la mise en œuvre de la stratégie 2026-2030";"https://www.togofirst.com/fr/sante/2509-20173-togo-une-mission-de-gavi-prepare-la-mise-en-uvre-de-la-strategie-2026-2030"
"Togo First (FR)";"FR";"2026-10-04";"Au Togo, les préfectures de Blitta et Ogou placées sous surveillance après une flambée de cas de rougeole";"https://www.togofirst.com/fr/sante/2509-20167-au-togo-les-prefectures-de-blitta-et-ogou-placees-sous-surveillance-apres-une-flambee-de-cas-de-rougeole"
"Togo First (FR)";"FR";"2026-10-04";"FESPACO 2027 : le Togo, pays invité d’honneur";"https://www.togofirst.com/fr/culture/2509-20166-fespaco-2027-le-togo-pays-invite-d-honneur"
"Togo First (FR)";"FR";"2026-10-04";"Protection des données : le Togo et le Mali renforcent leur coopération";"https://www.togofirst.com/fr/tic/2509-20165-protection-des-donnees-le-togo-et-le-mali-renforcent-leur-cooperation"
"Togo First (FR)";"FR";"2026-10-04";"La BOAD débloque 82 milliards FCFA au profit du Togo, pour l'Agriculture et l'énergie";"https://www.togofirst.com/fr/gouvernance-economique/2509-20164-la-boad-debloque-82-milliards-fcfa-au-profit-du-togo-pour-lagriculture-et-lenergie"
"Togo First (FR)";"FR";"2026-10-04";"Ecobank veut mobiliser 2,6 milliards $ pour les entreprises féminines africaines et l’agriculture d’ici 2030";"https://www.togofirst.com/fr/finance/2509-20163-ecobank-veut-mobiliser-2-6-milliards-pour-les-entreprises-feminines-africaines-et-l-agriculture-d-ici-2030"
"Togo First (FR)";"FR";"2026-10-04";"Administration publique : le Togo veut réduire les délais de traitement des actes administratifs";"https://www.togofirst.com/fr/services-publics/2409-20160-administration-publique-le-togo-veut-reduire-les-delais-de-traitement-des-actes-administratifs"
"Togo First (FR)";"FR";"2026-10-04";"Togo : PALCC+/INCLURE lance sa planification opérationnelle pour les aires protégées";"https://www.togofirst.com/fr/agro/2409-20157-togo-palcc/inclure-lance-sa-planification-operationnelle-pour-les-aires-protegees"
"Togo First (FR)";"FR";"2026-10-04";"Assurances : Lomé accueillera le 12e Forum des Marchés de la FANAF";"https://www.togofirst.com/fr/finance/2409-20156-assurances-lome-accueillera-le-12e-forum-des-marches-de-la-fanaf"
"Togo First (FR)";"FR";"2026-10-04";"Togo : l’OTR annonce une nouvelle vente aux enchères de 155 véhicules";"https://www.togofirst.com/fr/finances-publiques/2409-20155-togo-l-otr-annonce-une-nouvelle-vente-aux-encheres-de-155-vehicules"
"Togo First (FR)";"FR";"2026-10-04";"Togo-Rwanda : Lomé et Kigali renforcent leur coopération avec trois nouveaux accords";"https://www.togofirst.com/fr/politique/2409-20153-togo-rwanda-lome-et-kigali-renforcent-leur-cooperation-avec-trois-nouveaux-accords"
"L'Alternative (TG)";"FR";"2026-10-04";"Accueil";"https://lalternative.info/"
"L'Alternative (TG)";"FR";"2026-10-04";"A propos";"https://lalternative.info/about-us/"
"L'Alternative (TG)";"FR";"2026-10-04";"Abonnement";"https://lalternative.info/abonnez-vous-a-votre-journal/"
"L'Alternative (TG)";"FR";"2026-10-04";"Togo- Primature, ministère des Enseignements, brigade pour mineurs, CNDH passifs sur...";"https://lalternative.info/2024/09/14/togo-primature-ministere-des-enseignements-brigade-pour-mineurs-cndh-passifs-sur-le-viol-sur-une-petite-fille-a-lecole-la-madone/"
"L'Alternative (TG)";"FR";"2026-10-04";"Togo- Kao Baobadi, l’architecte de l’immeuble défectueux de la LONATO, ses...";"https://lalternative.info/2024/05/15/togo-kao-baobadi-larchitecte-de-limmeuble-defectueux-de-la-lonato-ses-deux-appartements-a-dubai/"
"L'Alternative (TG)";"FR";"2026-10-04";"Un appartement d’Yvonne Bawizibadi Gnassingbé à Dubaï au cœur d’une lutte...";"https://lalternative.info/2024/05/17/un-appartement-dyvonne-bawizibadi-gnassingbe-a-dubai-au-coeur-dune-lutte-de-succession/"
"L'Alternative (TG)";"FR";"2026-10-04";"Togo- Vague d’arrestations en cours au sein des FAT";"https://lalternative.info/2024/07/16/togo-vague-darrestations-en-cours-au-sein-des-fat/"
"L'Alternative (TG)";"FR";"2026-10-04";"Togo- Vote de moins de 50 députés, procurations fabriquées au nom...";"https://lalternative.info/2024/03/31/togo-vote-de-moins-de-50-deputes-procurations-fabriquees-au-nom-des-absents-voici-comment-le-coup-detat-constitutionnel-sest-passe-lundi/"
"L'Alternative (TG)";"FR";"2026-10-04";"Togo-La CEET installe un groupe de 14 millions chez la ministre...";"https://lalternative.info/2024/03/15/togo-la-ceet-installe-un-groupe-de-14-millions-chez-la-ministre-de-lenergie-et-des-mines/"
"L'Alternative (TG)";"FR";"2026-10-04";"Togo- Football : Qui est Nibombé Daré, le nouveau sélectionneur des Eperviers ?";"https://lalternative.info/2024/07/15/togo-football-qui-est-nibombe-dare-le-nouveau-selectionneur-des-eperviers/"
"L'Alternative (TG)";"FR";"2026-10-04";"Togo- Justice : Mandat d’arrêt international contre le Cdt Olivier Amah...";"https://lalternative.info/2024/08/07/togo-justice-mandat-darret-international-contre-le-cdt-olivier-amah-et-le-journaliste-ferdinand-ayite/"
"L'Alternative (TG)";"FR";"2026-10-04";"Togo- CEET: Voici les 3 étapes pour mettre à jour son...";"https://lalternative.info/2024/06/27/togo-ceet-voici-les-3-etapes-pour-mettre-a-jour-son-compteur-cash-power/"
"L'Alternative (TG)";"FR";"2026-10-04";"Togo- Arrestations à Kara : incertitude sur le sort du capitaine...";"https://lalternative.info/2024/07/23/togo-arrestations-a-kara-incertitude-sur-le-sort-du-capitaine-dare-kondi-photo/"
"L'Alternative (TG)";"FR";"2026-10-04";"Togo- Kpendjal : Inhumation sans hommage des militaires tombés au front";"https://lalternative.info/2024/07/29/togo-kpendjal-inhumation-sans-hommage-des-militaires-tombes-au-front/"
"L'Alternative (TG)";"FR";"2026-10-04";"NOUS SOUTENIR";"/donate"
"L'Alternative (TG)";"FR";"2026-10-04";"À propos";"https://lalternative.info/about-us/"
"L'Alternative (TG)";"FR";"2026-10-04";"Faire un don";"https://lalternative.info/donate/"
"L'Alternative (TG)";"FR";"2026-10-04";"Abonnez-vous à votre journal";"https://lalternative.info/abonnez-vous-a-votre-journal/"
"L'Alternative (TG)";"FR";"2026-10-04";"Journal L'alternative";"https://lalternative.info/author/lalternative24/"
"L'Alternative (TG)";"FR";"2026-10-04";"Togo- Un jeune officier retrouvé mort dans son bureau au camp BIR";"https://lalternative.info/2026/09/24/togo-un-jeune-officier-retrouve-mort-dans-son-bureau-au-camp-bir/"
"L'Alternative (TG)";"FR";"2026-10-04";"Togo- Journaliste kidnappé, torturé puis jeté dans la brousse… à qui profite le crime ?";"https://lalternative.info/2026/09/09/togo-journaliste-kidnappe-torture-puis-jete-dans-la-brousse-a-qui-profite-le-crime/"
"L'Alternative (TG)";"FR";"2026-10-04";"Diplomatie : deux français arrêtés au Togo, Faure Gnassingbé veut l’extradition de Ferdinand AYITE contre leur libération";"https://lalternative.info/2026/08/18/diplomatie-deux-francais-arretes-au-togo-faure-gnassingbe-veut-lextradition-de-ferdinand-ayite-contre-leur-liberation/"
"L'Alternative (TG)";"FR";"2026-10-04";"Mahama décide de consulter le peuple pour la révision constitutionnelle";"https://lalternative.info/2026/08/16/mahama-decide-de-consulter-le-peuple-pour-la-revision-constitutionnelle/"
"L'Alternative (TG)";"FR";"2026-10-04";"Togo- Tribune : La Cour de justice de la CEDEAO face à un pouvoir qui s’entête à ne jamais avoir tort";"https://lalternative.info/2026/08/10/togo-tribune-la-cour-de-justice-de-la-cedeao-face-a-un-pouvoir-qui-sentete-a-ne-jamais-avoir-tort/"
"L'Alternative (TG)";"FR";"2026-10-04";"La révision constitutionnelle ravive les tensions politiques";"https://lalternative.info/2026/08/08/la-revision-constitutionnelle-ravive-les-tensions-politiques/"
"L'Alternative (TG)";"FR";"2026-10-04";"Togo- Kara : 27 milliards s’ajoutent aux autres milliards déjà investis dans la recherche d’eau potable";"https://lalternative.info/2026/10/01/togo-kara-27-milliards-sajoutent-aux-autres-milliards-deja-investis-dans-la-recherche-deau-potable/"
"L'Alternative (TG)";"FR";"2026-10-04";"Togo- Tribune : « On ne soigne pas à la tête du client »";"https://lalternative.info/2026/09/12/togo-tribune-on-ne-soigne-pas-a-la-tete-du-client/"
"L'Alternative (TG)";"FR";"2026-10-04";"Togo- Tribune : Nous voulons savoir ce que vous reprochez à Fred Vedomey";"https://lalternative.info/2026/08/28/togo-tribune-nous-voulons-savoir-ce-que-vous-reprochez-a-fred-vedomey/"
"L'Alternative (TG)";"FR";"2026-10-04";"Togo-Tribune : Moscou tisse sa toile à Lomé";"https://lalternative.info/2026/07/30/togo-tribune-moscou-tisse-sa-toile-a-lome/"
"L'Alternative (TG)";"FR";"2026-10-04";"TRIBUNE- Coupe du monde 2026 : Pourquoi les sélections africaines s’effondrent en fin de match";"https://lalternative.info/2026/07/05/tribune-coupe-du-monde-2026-pourquoi-les-selections-africaines-seffondrent-en-fin-de-match/"
"L'Alternative (TG)";"FR";"2026-10-04";"Togo- Savanes, une bombe sociale : autochtones et réfugiés burkinabé se disputent les ressources limitées";"https://lalternative.info/2026/09/23/togo-savanes-une-bombe-sociale-autochtones-et-refugies-burkinabe-se-disputent-les-ressources-limitees/"
"L'Alternative (TG)";"FR";"2026-10-04";"Togo- Aéroport de Lomé : l’espace duty free cédé à un privé";"https://lalternative.info/2026/09/23/togo-aeroport-de-lome-lespace-duty-free-cede-a-un-prive/"
"L'Alternative (TG)";"FR";"2026-10-04";"Des douaniers en détention pour trafic de drogue";"https://lalternative.info/2026/09/20/des-douaniers-en-detention-pour-trafic-de-drogue/"
"L'Alternative (TG)";"FR";"2026-10-04";"Togo- Hausse des prix du carburant : Deux Togolais s’affrontent, le virtuel et le réel";"https://lalternative.info/2026/09/16/togo-hausse-des-prix-du-carburant-deux-togolais-saffrontent-le-virtuel-et-le-reel/"
"L'Alternative (TG)";"FR";"2026-10-04";"Togo- Anié : le plus grand magasin du marché réduit en cendre";"https://lalternative.info/2026/09/28/togo-anie-le-plus-grand-magasin-du-marche-reduit-en-cendre/"
"L'Alternative (TG)";"FR";"2026-10-04";"Togo- Les dirigeants africains en chantiers, Faure Gnassingbé fête la correction du « Map »";"https://lalternative.info/2026/09/13/togo-quand-les-dirigeants-africains-sont-sur-les-chantiers-faure-gnassingbe-fete-la-correction-du-map/"
"L'Alternative (TG)";"FR";"2026-10-04";"Togo- Une augmentation de 137 F CFA sur le litre du super sans plomb en 3 mois";"https://lalternative.info/2026/09/11/togo-une-augmentation-de-137-f-cfa-sur-le-litre-du-super-sans-plomb-en-3-mois/"
"L'Alternative (TG)";"FR";"2026-10-04";"Offre d’emploi/L’ALTERNATIVE";"https://lalternative.info/2024/03/07/offre-demploi-lalternative/"
"L'Alternative (TG)";"FR";"2026-10-04";"« Le peuple ne mange pas les notations » : Oligui Nguema dans le concret, Faure Gnassingbé dans les chiffres fabriqués";"https://lalternative.info/2026/09/10/le-peuple-ne-mange-pas-les-notations-oligui-nguema-dans-le-concret-faure-gnassingbe-dans-les-chiffres-fabriques/"
"L'Alternative (TG)";"FR";"2026-10-04";"Isidore kouwonou";"https://lalternative.info/author/ksisdore/"
"L'Alternative (TG)";"FR";"2026-10-04";"Togo- OTR : Éric Amouzou Folly le mari d’une des inspectrices, arrêté";"https://lalternative.info/2026/09/07/togo-otr-eric-amouzou-folly-le-mari-dune-des-inspectrices-arrete/"
"L'Alternative (TG)";"FR";"2026-10-04";"L'Alternative";"https://lalternative.info/author/equipeedito/"
"L'Alternative (TG)";"FR";"2026-10-04";"Togo- Encore un scandale à l’OTR : des cadres de la DGI en garde à vue à la DCPJ";"https://lalternative.info/2026/09/06/togo-encore-un-scandale-a-lotr-des-cadres-de-la-dgi-en-garde-a-vue-a-la-dcpj/"
"L'Alternative (TG)";"FR";"2026-10-04";"La CCJA condamne définitivement l’UTB à verser plus de 2,5 milliards de FCFA à TMI";"https://lalternative.info/2026/07/22/la-ccja-condamne-definitivement-lutb-a-verser-plus-de-25-milliards-de-fcfa-a-tmi/"
"L'Alternative (TG)";"FR";"2026-10-04";"Togo- Scandale à l’OTR : Donko Bileyo et Klouvi Dedegan inculpées par le doyen des juges";"https://lalternative.info/2026/05/17/togo-scandale-a-lotr-donko-bileyo-et-klouvi-dedegan-inculpees-par-le-doyen-des-juges/"
"L'Alternative (TG)";"FR";"2026-10-04";"Togo- OTR : Donko Bileyo virée, plainte contre Ferdinand Ayité retirée";"https://lalternative.info/2026/04/19/togo-otr-donko-bileyo-viree-plainte-contre-ferdinand-ayite-retiree/"
"L'Alternative (TG)";"FR";"2026-10-04";"Togo- OTR : le CENTIF saisit le procureur, le doyen des juges d’instruction ouvre une enquête, un autre compte de 530 millions découverts à NSIA";"https://lalternative.info/2026/04/05/togo-otr-le-centif-saisit-le-procureur-le-doyen-des-juges-dinstruction-ouvre-une-enquete-un-autre-compte-de-530-millions-decouverts-a-nsia/"
"L'Alternative (TG)";"FR";"2026-10-04";"John Mahama offre des billets de la Coupe du monde à la diaspora ghanéenne";"https://lalternative.info/2026/06/01/john-mahama-offre-des-billets-de-la-coupe-du-monde-a-la-diaspora-ghaneenne/"
"L'Alternative (TG)";"FR";"2026-10-04";"View all posts";"https://lalternative.info/author/lalternative24/"
"L'Alternative (TG)";"FR";"2026-10-04";"Facebook";"https://www.facebook.com/sharer/sharer.php?u=https://lalternative.info/"
"L'Alternative (TG)";"FR";"2026-10-04";"Twitter";"https://twitter.com/intent/tweet?text=Check%20out%20this%20article:%20Accueil%20-%20https://lalternative.info/"
"L'Alternative (TG)";"FR";"2026-10-04";"Pinterest";"https://www.pinterest.com/pin/create/button/?url=https%3A%2F%2Flalternative.info%2F&description=Accueil"
"L'Alternative (TG)";"FR";"2026-10-04";"Whatsapp";"https://api.whatsapp.com/send?text=Accueil %0A%0A https%3A%2F%2Flalternative.info%2F"
"L'Alternative (TG)";"FR";"2026-10-04";"Telegram";"https://telegram.me/share/url?url=https%3A%2F%2Flalternative.info%2F&text=Accueil"
"L'Alternative (TG)";"FR";"2026-10-04";"Email";"mailto:?subject=Accueil&BODY=https://lalternative.info/"
"L'Alternative (TG)";"FR";"2026-10-04";"À propos";"/about-us"
"L'Alternative (TG)";"FR";"2026-10-04";"Politique de confidentialité";"/privacy-policy"
"L'Alternative (TG)";"FR";"2026-10-04";"Conditions d'utilisation";"/conditions-dutilisation"
"L'Alternative (TG)";"FR";"2026-10-04";"Règlementation européenne";"https://lalternative.info/reglementation-europeenneeu/"
"L'Alternative (TG)";"FR";"2026-10-04";"Facebook";"https://www.facebook.com/profile.php?id=61556605160366"
"L'Alternative (TG)";"FR";"2026-10-04";"Twitter";"https://twitter.com/lalternative_of"
"L'Alternative (TG)";"FR";"2026-10-04";"Instagram";"https://www.instagram.com/lalternative_of/"
"L'Alternative (TG)";"FR";"2026-10-04";"Youtube";"https://www.youtube.com/channel/UCk6JMYUcGDarZYNb-mPPLPA"
"L'Alternative (TG)";"FR";"2026-10-04";"Gérer les options";"#"
"L'Alternative (TG)";"FR";"2026-10-04";"Gérer les services";"#"
"L'Alternative (TG)";"FR";"2026-10-04";"Gérer {vendor_count} fournisseurs";"#"
"L'Alternative (TG)";"FR";"2026-10-04";"En savoir plus sur ces finalités";"https://cookiedatabase.org/tcf/purposes/"
"L'Alternative (TG)";"FR";"2026-10-04";"Voir les préférences";"#"
"L'Alternative (TG)";"FR";"2026-10-04";"{title}";"#"
"L'Alternative (TG)";"FR";"2026-10-04";"Queue";"#"
"L'Alternative (TG)";"FR";"2026-10-04";"Flash plugin";"http://get.adobe.com/flashplayer/"
"Laabali (TG)";"FR";"2026-10-04";"Africa-Newsroom";"https://laabali.com/africa-newsroom/"
"Laabali (TG)";"FR";"2026-10-04";"...";"#"
"Laabali (TG)";"FR";"2026-10-04";"De cuisinier à chef de canton : portrait de Batidja Tindandja, le nouveau chef d’Ogaro";"https://laabali.com/post/15600/de-cuisinier-a-chef-de-canton-portrait-de-batidja-tindandja-le-nouveau-chef-dogaro/ "
"Laabali (TG)";"FR";"2026-10-04";"Journalistes du privé au Togo : le SYNJIT alerte l’ONU sur une précarité persistante";"https://laabali.com/post/15588/journalistes-du-prive-au-togo-le-synjit-alerte-lonu-sur-une-precarite-persistante/ "
"Laabali (TG)";"FR";"2026-10-04";"Rentrée scolaire à Tône : l’APHMOTO fait don de kits scolaires aux enfants handicapés";"https://laabali.com/post/15583/rentree-scolaire-a-tone-laphmoto-fait-don-de-kits-scolaires-aux-enfants-handicapes/ "
"Laabali (TG)";"FR";"2026-10-04";"Atelier bilan du projet Savanes-COG : « Nous sommes satisfaits », affirme Laguatissoa Bangbar (FODES)";"https://laabali.com/post/15575/atelier-bilan-du-projet-savanes-cog-nous-sommes-satisfaits-affirme-laguatissoa-bangbar-fodes/ "
"Laabali (TG)";"FR";"2026-10-04";"Journalistes du privé au Togo : le SYNJIT alerte l’ONU sur une précarité persistante";"https://laabali.com/?p=15588"
"Laabali (TG)";"FR";"2026-10-04";"La Fédération nationale des maisons familiales de formation rurale du Togo lance un appel à projet de Construction de 50 poulaillers traditionnels améliorés au profit des bénéficiaires de l’IFAD Elevage Barkoissi et 30 poulaillers améliorés au profit des bénéficiaires de la FMFRT";"https://laabali.com/?p=15553"
"Laabali (TG)";"FR";"2026-10-04";"Enfants en situation de handicap: Aphmoto soutient en kits scolaires à Dapaong";"https://laabali.com/?p=15515"
"Laabali (TG)";"FR";"2026-10-04";"Ponio : 30 femmes formées aux activités génératrices de revenus";"https://laabali.com/?p=15505"
"Laabali (TG)";"FR";"2026-10-04";"Violences basées sur le genre : AFE sensibilise les communautés à Cinkassé";"https://laabali.com/?p=15384"
"Laabali (TG)";"FR";"2026-10-04";"INADES-Formation : 4 sites maraichers/champs écoles remis aux Scoops dans les savanes";"https://laabali.com/?p=15139"
"Laabali (TG)";"FR";"2026-10-04";"JII 2026 : Dans les Savanes, les infirmiers célébrés pour leur résilience";"https://laabali.com/?p=15103"
"Laabali (TG)";"FR";"2026-10-04";"Dapaong : A2FHV-S sensibilise des acteurs du bâtiment à l’accessibilité des infrastructures publiques";"https://laabali.com/?p=15076"
"Laabali (TG)";"FR";"2026-10-04";"Nadjoundi: ""Les droits de femmes ne donnent pas droit aux femmes de frapper leurs maris""";"https://laabali.com/?p=14881"
"Laabali (TG)";"FR";"2026-10-04";"Yark Damehamme: L’insubmersible général qui murmure aux oreilles de Faure Gnassimgbé";"https://laabali.com/?p=14271"
"Laabali (TG)";"FR";"2026-10-04";"Dapaong : les défis de l’assainissement toujours présents !";"https://laabali.com/?p=13413"
"Laabali (TG)";"FR";"2026-10-04";"Accès à l’eau potable : L’ONG MECAP cultive l’espoir pour la fin de la soif dans les Savanes";"https://laabali.com/?p=13297"
"Laabali (TG)";"FR";"2026-10-04";"Sanloaga (Togo): «Ils enlèvent nos jeunes garçons pour en faire des combattants» 15117 vues";"
                                        https://laabali.com/post/6306/sanloaga-togo-ils-enlevent-nous-jeunes-garcons-pour-en-faire-des-combattants/                                        
                                        "
"Laabali (TG)";"FR";"2026-10-04";"Dapaong: Ouverture du 1e Forum des producteurs agricoles (FOPAT) 13970 vues";"
                                        https://laabali.com/post/6477/dapaong-ouverture-du-1e-forum-des-producteurs-agricoles-fopat/                                        
                                        "
"Laabali (TG)";"FR";"2026-10-04";"TGI/Dapaong: Le départ du président et son équipe fait des mécontents 12956 vues";"
                                        https://laabali.com/post/192/tgi-dapaong-le-depart-du-president-et-son-equipe-fait-des-mecontents/                                        
                                        "
"Laabali (TG)";"FR";"2026-10-04";"Savanes: Les FAT repoussent une attaque, deux assaillants neutralisés 7441 vues";"
                                        https://laabali.com/post/5663/savanes-les-fat-repoussent-une-attaque-deux-assaillants-neutralises/                                        
                                        "
"Laabali (TG)";"FR";"2026-10-04";"Contre le terrorisme: Le Togo fait appel à ses anciens soldats 4348 vues";"
                                        https://laabali.com/post/6743/contre-le-terrorisme-le-togo-fait-appel-a-ses-anciens-soldats/                                        
                                        "
"Laabali (TG)";"FR";"2026-10-04";"Le Maire Monoka Laré et la commune de Tandjouaré 1";"https://laabali.com/post/12171/monoka-lare/"
"Laabali (TG)";"FR";"2026-10-04";"par Edouard Samboe";"#"
"Laabali (TG)";"FR";"2026-10-04";"Suka ou l'art divinatoire: Foi ou culture moba ?";"https://laabali.com/post/12078/suka-ou-lart-divinatoire-foi-ou-culture-moba/"
"Laabali (TG)";"FR";"2026-10-04";"Togo/Education: Diagnostic d'un secteur en panne de repères";"https://laabali.com/post/6749/togo-education-diagnostic-dun-secteur-en-pannes-de-reperes/"
"Laabali (TG)";"FR";"2026-10-04";"Contre le terrorisme: Le Togo fait appel à ses anciens soldats";"https://laabali.com/post/6743/contre-le-terrorisme-le-togo-fait-appel-a-ses-anciens-soldats/"
"Laabali (TG)";"FR";"2026-10-04";"«Le pouvoir doit faire en sorte qu'il y ait moins de frustrations sur les plans politiques et économiques», Pr David Dosseh, OSC";"https://laabali.com/post/6688/le-pouvoir-doit-faire-en-sorte-quil-y-ait-moins-de-frustrations-sur-les-plans-politiques-et-economiques-pr-david-dosseh-osc/"
"Laabali (TG)";"FR";"2026-10-04";"FOPAT: A Dapaong , les producteurs veulent des usines de transformations de tomates";"https://laabali.com/post/6533/fopat-a-dapaong-les-producteurs-veulent-des-usines-de-transformations-de-tomates/"
"Laabali (TG)";"FR";"2026-10-04";"Dapaong: Ouverture du 1e Forum des producteurs agricoles (FOPAT)";"https://laabali.com/post/6477/dapaong-ouverture-du-1e-forum-des-producteurs-agricoles-fopat/"
"Laabali (TG)";"FR";"2026-10-04";"Frontière Burkina-Togo: Le durcissement des mesures sécuritaires impacte Kompienga";"https://laabali.com/post/6464/frontiere-burkina-togo-le-durcissement-des-mesures-securitaires-impacte-kompienga/"
"Laabali (TG)";"FR";"2026-10-04";"Sanloaga (Togo): «Ils enlèvent nos jeunes garçons pour en faire des combattants» 15117 vues";" https://laabali.com/post/6306/sanloaga-togo-ils-enlevent-nous-jeunes-garcons-pour-en-faire-des-combattants/ "
"Laabali (TG)";"FR";"2026-10-04";"Dapaong: Ouverture du 1e Forum des producteurs agricoles (FOPAT) 13970 vues";" https://laabali.com/post/6477/dapaong-ouverture-du-1e-forum-des-producteurs-agricoles-fopat/ "
"Laabali (TG)";"FR";"2026-10-04";"TGI/Dapaong: Le départ du président et son équipe fait des mécontents 12956 vues";" https://laabali.com/post/192/tgi-dapaong-le-depart-du-president-et-son-equipe-fait-des-mecontents/ "
"Laabali (TG)";"FR";"2026-10-04";"CrEaT";""
"Fraternité Matin (CI)";"FR";"2026-10-04";"Portrait/Raymond Aka-Adjo : L’architecte qui dessina les contours d’une Côte d’Ivoire nouvelle";"https://www.fratmat.info/article/2644942/culture/portraitraymond-aka-adjo-larchitecte-qui-dessina-les-contours-dune-cote-divoire-nouvelle"
"Fraternité Matin (CI)";"FR";"2026-10-04";"Mode : Lyanel Babli offre aux déchets marins un destin de haute couture";"https://www.fratmat.info/article/2644940/culture/mode-lyanel-babli-offre-aux-dechets-marins-un-destin-de-haute-couture"
"Fraternité Matin (CI)";"FR";"2026-10-04";"Octobre Rose 2026: Le Prof. Adoubi Innocent alerte sur la progression du cancer et appelle à renforcer le dépistage précoce";"https://www.fratmat.info/article/2644936/societe/octobre-rose-2026-le-prof-adoubi-innocent-alerte-sur-la-progression-du-cancer-et-appelle-a-renforcer-le-depistage-precoce"
"Fraternité Matin (CI)";"FR";"2026-10-04";"En visite en Côte d’Ivoire/Leonardo Santos Simão : ‘’La Côte d’Ivoire constitue une source d’inspiration’’";"https://www.fratmat.info/article/2644930/politique/en-visite-en-cote-divoireleonardo-santos-simo-la-cote-divoire-constitue-une-source-dinspiration"
"Fraternité Matin (CI)";"FR";"2026-10-04";"Intégration régionale : La Côte d’Ivoire évalue ses réformes communautaires de l’Uemoa";"https://www.fratmat.info/article/2644922/economie/integration-regionale-la-cote-divoire-evalue-ses-reformes-communautaires-de-luemoa"
"Fraternité Matin (CI)";"FR";"2026-10-04";"INP-HB : l’International Data Science Institute mise sur l’excellence et l’innovation pour ses étudiants";"https://www.fratmat.info/article/2644918/societe/inp-hb-linternational-data-science-institute-mise-sur-lexcellence-et-linnovation-pour-ses-etudiants"
"Le Faso (BF)";"FR";"2026-10-04";"Contact";"https://lefaso.net/spip.php?article64819"
"Le Faso (BF)";"FR";"2026-10-04";"Contactez-nous";"https://lefaso.net/spip.php?article64819"
"Le Faso (BF)";"FR";"2026-10-04";"Burkina/Banque mondiale : Un nouveau cadre de partenariat pour soutenir les priorités nationales";"https://lefaso.netspip.php?article149723"
"Le Faso (BF)";"FR";"2026-10-04";"Association Nong-Taaba des personnes handicapées : Des kits scolaires offerts à des enfants défavorisés";"https://lefaso.netspip.php?article149722"
"Le Faso (BF)";"FR";"2026-10-04";"Ouagadougou : 1 702 motos et 25 tricycles mis en fourrière pour défaut de casque";"https://lefaso.net/spip.php?article149691"
"Le Faso (BF)";"FR";"2026-10-04";"Burkina : Le « Made in Burkina » au cœur de la deuxième phase des JEPPC 2026";"https://lefaso.net/spip.php?article149688"
"Le Faso (BF)";"FR";"2026-10-04";"𝐄𝐱𝐩𝐨𝐬𝐢𝐭𝐢𝐨𝐧 𝐠𝐨𝐮𝐯𝐞𝐫𝐧𝐞𝐦𝐞𝐧𝐭𝐚𝐥𝐞 : 𝐝𝐞𝐫𝐧𝐢𝐞𝐫𝐬 𝐫𝐞́𝐠𝐥𝐚𝐠𝐞𝐬 𝐚𝐮 𝐒𝐈𝐀𝐎, 𝐚̀ 𝐥𝐚 𝐯𝐞𝐢𝐥𝐥𝐞 𝐝𝐞 𝐥’𝐨𝐮𝐯𝐞𝐫𝐭𝐮𝐫𝐞";"https://lefaso.net/spip.php?article149687"
"Le Faso (BF)";"FR";"2026-10-04";"Burkina : L’Église Catholique fait don de 88 tonnes de ciment à Faso Mêbo";"https://lefaso.net/spip.php?article149672"
"Le Faso (BF)";"FR";"2026-10-04";"Djikologo : Les services des eaux et forêts saisissent 35 tonnes d’amendes de karité et démantèlent un site d’orpaillage clandestin";"https://lefaso.net/spip.php?article149666"
"Le Faso (BF)";"FR";"2026-10-04";"Burkina Faso : SenMoto, la plateforme qui digitalise la vente de motos";"https://lefaso.netspip.php?article149721"
"Le Faso (BF)";"FR";"2026-10-04";"Décès de YONI MARIE NATHALIE épouse KABORE : Faire part";"https://lefaso.netspip.php?article149720"
"Le Faso (BF)";"FR";"2026-10-04";"Burkina/Programme Jeunes cadres engagés : L’ONG Eau Vive Internationale offre à 13 jeunes diplômés une immersion professionnelle";"https://lefaso.netspip.php?article149719"
"Le Faso (BF)";"FR";"2026-10-04";"Planète des jeunes panafricanistes du Burkina Faso : Une conférence pour se pencher sur les défis de l’éducation de qualité";"https://lefaso.netspip.php?article149718"
"Le Faso (BF)";"FR";"2026-10-04";"Burkina : 153 messagers formés pour porter le message de la Révolution progressiste populaire";"https://lefaso.netspip.php?article149717"
"Le Faso (BF)";"FR";"2026-10-04";"Burkina/Octobre rose : Le gouvernement veut intensifier le dépistage des cancers féminins";"https://lefaso.netspip.php?article149716"
"Le Faso (BF)";"FR";"2026-10-04";"Les 100 Visages du Burkina Digital : Latifah Koura Diallo, une nouvelle génération d’ingénieures au cœur des réseaux";"https://lefaso.netspip.php?article149711"
"Le Faso (BF)";"FR";"2026-10-04";"Décès de Sylvain R Bonkoungou : Programme des obsèques";"https://lefaso.netspip.php?article149712"
"Le Faso (BF)";"FR";"2026-10-04";"Avis de disparition de Boundaogo Nouria Salimatou";"https://lefaso.netspip.php?article149710"
"Le Faso (BF)";"FR";"2026-10-04";"15e édition des UACO : Rendez-vous du 7 au 9 octobre 2026";"https://lefaso.netspip.php?article149709"
"Le Faso (BF)";"FR";"2026-10-04";"ONG Children Believe : 16 jeunes diplômés terminent leur première expérience professionnelle";"https://lefaso.netspip.php?article149708"
"Le Faso (BF)";"FR";"2026-10-04";"Décès ZEZOUMA MARCEL DOMINIQUE MILLOGO : Remerciements";"https://lefaso.netspip.php?article149713"
"Le Faso (BF)";"FR";"2026-10-04";"Nuit de la RPP : Burkinabè et Africains soutiennent le capitaine Ibrahim Traoré dans une ""mobilisation historique et exceptionnelle""";"https://lefaso.netspip.php?article149654"
"Le Faso (BF)";"FR";"2026-10-04";"En direct : Nuit de la Révolution Progressiste Populaire";"https://lefaso.netspip.php?article149651"
"Le Faso (BF)";"FR";"2026-10-04";"« Nuit de la RPP » : Une halte d’hommages aux forces combattantes et de célébrations des victoires et acquis engrangés, selon le comité d’organisation";"https://lefaso.netspip.php?article149542"
"Le Faso (BF)";"FR";"2026-10-04";"Burkina : Ibrahim Traoré à Bobo-Dioulasso pour inaugurer deux infrastructures stratégiques";"https://lefaso.netspip.php?article149097"
"Le Faso (BF)";"FR";"2026-10-04";"‎Burkina : La Présidence du Faso lance le concours Hakili Mousso pour détecter les talents scientifiques féminins";"https://lefaso.netspip.php?article148857"
"Le Faso (BF)";"FR";"2026-10-04";"Immersion patriotique obligatoire 2026 : Le capitaine Ibrahim Traoré exhorte les jeunes à éviter le chemin de la facilité et à servir la patrie";"https://lefaso.netspip.php?article148839"
"Le Faso (BF)";"FR";"2026-10-04";"Assemblée législative du peuple : Mathieu Boro fait ses premiers pas à l’hémicycle et promet de porter la voix des Burkinabè";"https://lefaso.netspip.php?article148412"
"Le Faso (BF)";"FR";"2026-10-04";"Burkina/JEPPC 2026 : Le général Célestin Simporé présente les mutations de l’armée et appelle à l’engagement patriotique";"https://lefaso.netspip.php?article149704"
"Le Faso (BF)";"FR";"2026-10-04";"Burkina/Rentrée judiciaire : Les mécanismes traditionnels appelés à rapprocher le droit des justiciables";"https://lefaso.netspip.php?article149696"
"Le Faso (BF)";"FR";"2026-10-04";"Les 100 Visages du Burkina Digital : Dr Issa Compaoré, l’homme qui a formé une génération d’informaticiens burkinabè";"https://lefaso.netspip.php?article149699"
"Le Faso (BF)";"FR";"2026-10-04";"Burkina : Le « Made in Burkina » au cœur de la deuxième phase des JEPPC 2026";"https://lefaso.netspip.php?article149688"
"Le Faso (BF)";"FR";"2026-10-04";"JEPPC 2026 : La gendarmerie mobile expose son matériel de maintien de l’ordre au SIAO";"https://lefaso.netspip.php?article149706"
"Le Faso (BF)";"FR";"2026-10-04";"Sur les pas du Christ : 58 pèlerins burkinabè de retour de Terre sainte";"https://lefaso.netspip.php?article149705"
"Le Faso (BF)";"FR";"2026-10-04";"Burkina : La 5ᵉ édition de Translog Africa se tiendra du 20 au 22 octobre 2026";"https://lefaso.netspip.php?article149695"
"Le Faso (BF)";"FR";"2026-10-04";"Consommer local : L’UEMOA veut transformer le marché régional en levier de souveraineté économique";"https://lefaso.netspip.php?article149701"
"Le Faso (BF)";"FR";"2026-10-04";"Bobo-Dioulasso : La SONATUR conjugue responsabilité sociale et développement immobilier";"https://lefaso.netspip.php?article149703"
"Le Faso (BF)";"FR";"2026-10-04";"Vulgarisation des chantiers de l’UEMOA : La commission salue le professionnalisme des journalistes et réaffirme son soutien";"https://lefaso.netspip.php?article149702"
"Le Faso (BF)";"FR";"2026-10-04";"UEMOA : La 7e édition du « Mois du consommer local » veut renforcer les échanges et la souveraineté économique régionale";"https://lefaso.netspip.php?article149678"
"Le Faso (BF)";"FR";"2026-10-04";"UEMOA/Paiements instantanés : 175 participants dont 20 au Burkina Faso sont autorisés à ouvrir au public les services de PI-SPI";"https://lefaso.netspip.php?article149683"
"Le Faso (BF)";"FR";"2026-10-04";"Match amical Burkina - Argentine : La FBF cherche une solution après l’annulation du vol vers Buenos Aires";"https://lefaso.netspip.php?article149707"
"Le Faso (BF)";"FR";"2026-10-04";"Camp Vacances karaté du club Saint-Nazareth de Tanghin : Les tout-petits ont appris, les grands ont renforcé leurs capacités";"https://lefaso.netspip.php?article149650"
"Le Faso (BF)";"FR";"2026-10-04";"Championnat national de cricket : Dragons Cricket sacré champion de la saison 2025-2026";"https://lefaso.netspip.php?article149610"
"Le Faso (BF)";"FR";"2026-10-04";"Sanfo Cup Maracana 2026 : Alladess s’impose aux tirs au but et décroche le trophée";"https://lefaso.netspip.php?article149624"
"Le Faso (BF)";"FR";"2026-10-04";"Daouda Kader Traoré, karatéka burkinabè : « J’ai décidé de laisser la place aux plus jeunes »";"https://lefaso.netspip.php?article149572"
"Le Faso (BF)";"FR";"2026-10-04";"Musique : Du simple « like » à l’achat, les REMA 2026 veulent convertir les followers";"https://lefaso.netspip.php?article149605"
"Le Faso (BF)";"FR";"2026-10-04";"Nabalüm, dix ans de carrière : Une reine qui ne baisse pas les bras";"https://lefaso.netspip.php?article149529"
"Le Faso (BF)";"FR";"2026-10-04";"SITHO 2026 : Le financement des projets structurants au cœur de la 16ᵉ édition";"https://lefaso.netspip.php?article149427"
"Le Faso (BF)";"FR";"2026-10-04";"Burkina/ Culture : L’institut burkinabè renaitra de ses cendres, foi de Georges Kaboré";"https://lefaso.netspip.php?article149354"
"Le Faso (BF)";"FR";"2026-10-04";"Musée national : L’exposition « Rupture » invite à repenser l’art et le rapport à la société";"https://lefaso.netspip.php?article149350"
"Le Faso (BF)";"FR";"2026-10-04";"UEMOA : Le « Consommer local » au service de l’intégration régionale";"https://lefaso.netspip.php?article149641"
"Le Faso (BF)";"FR";"2026-10-04";"UEMOA : Le volet régional du « Mois du consommer local » prévu du 1er au 4 octobre 2026 à Ouagadougou";"https://lefaso.netspip.php?article149637"
"Le Faso (BF)";"FR";"2026-10-04";"81e AG de l’ONU : ""Nous ne demandons à personne la permission d’exister"" Karamoko Jean Marie Traoré";"https://lefaso.netspip.php?article149590"
"Le Faso (BF)";"FR";"2026-10-04";"Xi Jinping à la Maison Blanche : La journaliste Shanhui Zhang analyse la visite du président chinois aux Etats-Unis";"https://lefaso.netspip.php?article149535"
"Le Faso (BF)";"FR";"2026-10-04";"ONU : Le Burkina Faso plaide pour un développement souverain et une réforme de la finance internationale";"https://lefaso.netspip.php?article149450"
"Le Faso (BF)";"FR";"2026-10-04";"Concours national d’innovation digitale : 208 solutions enregistrées pour Le Faso Digital 2026";"https://lefaso.netspip.php?article149665"
"Le Faso (BF)";"FR";"2026-10-04";"IA générative : Menace ou moteur pour l’emploi ?";"https://lefaso.netspip.php?article149668"
"Le Faso (BF)";"FR";"2026-10-04";"Burkina Faso : « CultivaTech ne supprime pas l’engrais, elle supprime le hasard », explique Wendkuuni Ben Ahmad Tapsoba";"https://lefaso.netspip.php?article149612"
"Le Faso (BF)";"FR";"2026-10-04";"Semaine du numérique 2026 : Le Comité national d’organisation officiellement installé";"https://lefaso.netspip.php?article149595"
"Le Faso (BF)";"FR";"2026-10-04";"Numériser un service ne signifie pas automatiquement le rendre accessible";"https://lefaso.netspip.php?article149479"
"Le Faso (BF)";"FR";"2026-10-04";"Offre de formation en cybersécurité du 15 mai au 20 juillet 2024";"https://lefaso.netspip.php?article130136"
"Le Faso (BF)";"FR";"2026-10-04";"Vœux de nouvel an de Dre Lydia ROUAMBA, Directrice Générale du Centre national de l’Information, de l’Orientation Scolaire et Professionnelle, et des Bourses (CIOSPB)";"https://lefaso.netspip.php?article118725"
"Le Faso (BF)";"FR";"2026-10-04";"CIOSPB : La République de la Tunisie met à la disposition du Burkina Faso des bourses études pour l’année académique 2022-2023";"https://lefaso.netspip.php?article115137"
"Le Faso (BF)";"FR";"2026-10-04";"7e édition de la Semaine nationale de l’Information et de l’Orientation (SIO) : Le Centre National des Œuvres Universitaires (CENOU) communique sur ses prestations aux nouveaux bacheliers";"https://lefaso.netspip.php?article114708"
"Le Faso (BF)";"FR";"2026-10-04";"Année académique 2022-2023 : Le Royaume du Maroc met à la disposition du Burkina Faso, cent-vingt (120) bourses d’études";"https://lefaso.netspip.php?article113781"
"Le Faso (BF)";"FR";"2026-10-04";"Décès de KAFANDO/KAZIENGA PANEMANEGO ODETTE : Faire part";"https://lefaso.netspip.php?article149401"
"Le Faso (BF)";"FR";"2026-10-04";"SOUVERAINETÉ ÉCONOMIQUE : ‎Le Président du Faso inaugure la première raffinerie d’or du Burkina";"https://lefaso.netspip.php?article149600"
"Le Faso (BF)";"FR";"2026-10-04";"Santé de la reproduction : « On estime qu’il y a autour de 30 % de contribution de la planification familiale à la réduction de la (…)";"https://lefaso.netspip.php?article149601"
"Le Faso (BF)";"FR";"2026-10-04";"Décès de SAWADOGO Marie Louise : Remerciements et faire part";"https://lefaso.netspip.php?article149599"
"Le Faso (BF)";"FR";"2026-10-04";"Tourisme au Bankui-Sourou : « Il faut accompagner les projets viables et faire confiance aux acteurs », soutient Lansané Dao,";"https://lefaso.netspip.php?article149526"
"Le Faso (BF)";"FR";"2026-10-04";"Musique : L’artiste Tim Winsey dévoile deux nouveaux albums à Ouagadougou";"https://lefaso.netspip.php?article144306"
"Le Faso (BF)";"FR";"2026-10-04";"Littérature : « Le Blessé de guerre », quand Dié Maurice Millogo transforme les blessures de la pauvreté en force";"https://lefaso.netspip.php?article149455"
"Le Faso (BF)";"FR";"2026-10-04";"Résultats du tirage du Faso Loto WELHY du Vendredi 02 octobre 2026.";"https://lefaso.netspip.php?article149697"
"Le Faso (BF)";"FR";"2026-10-04";"OFFRE LIBRAIRIE : Cette rentrée, payez moins avec Moov Money !";"https://lefaso.netspip.php?article149693"
"Le Faso (BF)";"FR";"2026-10-04";"Annonce legale : vente sur saisie immobiliere sur les diligences de l’avocat poursuivant (Immeuble urbain bâti (…)";"https://lefaso.netspip.php?article149664"
"Le Faso (BF)";"FR";"2026-10-04";"Annonce legale : vente sur saisie immobilière Sur les diligences de l’Avocat poursuivant (Immeuble bâti formant la (…)";"https://lefaso.netspip.php?article149663"
"Le Faso (BF)";"FR";"2026-10-04";"Résultats du tirage du Faso Loto ETOILE BONHEUR du Jeudi 01 octobre 2026";"https://lefaso.netspip.php?article149677"
"Le Faso (BF)";"FR";"2026-10-04";"Avis de vente aux enchères publiques";"https://lefaso.netspip.php?article149669"
"Le Faso (BF)";"FR";"2026-10-04";"Recrutement d’un bureau d’étude pour l’appui technique au SP/CNF dans l’élaboration des outils opérationnels";"https://lefaso.netspip.php?article149627"
"Le Faso (BF)";"FR";"2026-10-04";"Ecobank souhaite une excellente rentrée scolaire à tous les élèves, étudiants, parents et enseignants du Burkina Faso.";"https://lefaso.netspip.php?article149604"
"Le Faso (BF)";"FR";"2026-10-04";"Décès de Madame ZOUNGRANA/KABORÉ Dakiswinigda Rose Aïda : Remerciements";"https://lefaso.netspip.php?article148376"
"Le Faso (BF)";"FR";"2026-10-04";"Messe de requiem de Dima Fidéle";"https://lefaso.netspip.php?article148292"
"Le Faso (BF)";"FR";"2026-10-04";"Décès de Sompagnimdi Philippe Honoré OUEDRAOGO : REMERCIEMENTS & FAIRE-PART";"https://lefaso.netspip.php?article148049"
"Le Faso (BF)";"FR";"2026-10-04";"Programme des obsèques de Tapsoba née Nikiema G. Rosalie";"https://lefaso.netspip.php?article148026"
"Le Faso (BF)";"FR";"2026-10-04";"Décès de El-Hajj NANA SOUMAILA : Remerciements";"https://lefaso.netspip.php?article149642"
"Le Faso (BF)";"FR";"2026-10-04";"Décès de Lazare ZONGO : Faire part";"https://lefaso.netspip.php?article149671"
"Le Faso (BF)";"FR";"2026-10-04";"Décès de OUEDRAOGO Stéphane : Faire part";"https://lefaso.netspip.php?article149670"
"Le Faso (BF)";"FR";"2026-10-04";"Faire-part de Doua de Dr (El Hadj) Diarra Pierre Claver Osmane";"https://lefaso.netspip.php?article149690"
"Le Faso (BF)";"FR";"2026-10-04";"In memoriam : Kaboré Sibiri Dieudonné";"https://lefaso.netspip.php?article149686"
"Le Faso (BF)";"FR";"2026-10-04";"In memoriam : Mme Ouédraogo née Sawadogo Talato Natacha";"https://lefaso.netspip.php?article149648"
"Le Faso (BF)";"FR";"2026-10-04";"Décès de ZONGO Moussa Marcel : Remerciements";"https://lefaso.netspip.php?article149560"
"Le Faso (BF)";"FR";"2026-10-04";"Décès de KAGAMBEGA née ZONGO Julienne : Faire-part";"https://lefaso.netspip.php?article149647"
"Le Faso (BF)";"FR";"2026-10-04";"Sciences : Gaëlle Koné est partie de la curiosité pour les cellules à la recherche d’une piste contre le cancer";"https://lefaso.netspip.php?article149613"
"Le Faso (BF)";"FR";"2026-10-04";"Coopération : Evelyne Dabiré nommée ambassadrice extraordinaire  et plénipotentiaire du Canada près le Bénin";"https://lefaso.netspip.php?article147766"
"Le Faso (BF)";"FR";"2026-10-04";"Fraude financière : La BCEAO alerte sur une fausse vidéo utilisant l’image de son gouverneur, Jean-Claude Kassi Brou";"https://lefaso.netspip.php?article149324"
"Le Faso (BF)";"FR";"2026-10-04";"Maroc : Fatima Ezzahra El Mansouri, première femme nommée à la tête du gouvernement";"https://lefaso.netspip.php?article149633"
"Le Faso (BF)";"FR";"2026-10-04";"Modernisation des services consulaires : Le Burkina Faso lance YORI ID aux États-Unis";"https://lefaso.netspip.php?article149615"
"Le Faso (BF)";"FR";"2026-10-04";"Faune sauvage : Un crocodile capturé dans un cabaret au secteur 3 de Fada N’Gourma";"https://lefaso.netspip.php?article149406"
"Le Faso (BF)";"FR";"2026-10-04";"Dynamiques organisationnelles et interactions des acteurs de la filière bétail-viande au Burkina Faso";"https://lefaso.netspip.php?article149344"
"Le Faso (BF)";"FR";"2026-10-04";"Comment s’adapter aux effets des changements climatiques dans la commune rurale de Koumbia au Burkina Faso";"https://lefaso.netspip.php?article149339"
"Le Faso (BF)";"FR";"2026-10-04";"Perceptions et stratégies d’adaptation des agropasteurs du changement climatique au Burkina Faso";"https://lefaso.netspip.php?article149338"
"Le Faso (BF)";"FR";"2026-10-04";"Volontariat national : Le Burkina Faso ambitionne de constituer un vivier d’un million de réservistes en cinq ans";"https://lefaso.netspip.php?article149349#forum"
"Le Faso (BF)";"FR";"2026-10-04";"Relations internationales : Israël de plus en plus isolé et décrié";"https://lefaso.netspip.php?article149577#forum"
"Le Faso (BF)";"FR";"2026-10-04";"Maroc : Fatima Ezzahra El Mansouri, première femme nommée à la tête du gouvernement";"https://lefaso.netspip.php?article149633#forum"
"Le Faso (BF)";"FR";"2026-10-04";"Le général qui n’a pas demandé la permission";"https://lefaso.netspip.php?article149700#forum"
"Le Faso (BF)";"FR";"2026-10-04";"SOUVERAINETÉ ÉCONOMIQUE : ‎Le Président du Faso inaugure la première raffinerie d’or du Burkina";"https://lefaso.netspip.php?article149600#forum"
"Le Faso (BF)";"FR";"2026-10-04";"Match amical Burkina - Argentine : La FBF cherche une solution après l’annulation du vol vers Buenos Aires";"https://lefaso.netspip.php?article149707#forum"
"Le Faso (BF)";"FR";"2026-10-04";"Nuit de la RPP : Burkinabè et Africains soutiennent le capitaine Ibrahim Traoré dans une ""mobilisation historique et exceptionnelle""";"https://lefaso.netspip.php?article149654#forum"
"Le Faso (BF)";"FR";"2026-10-04";"Ouagadougou : 1 702 motos et 25 tricycles mis en fourrière pour défaut de casque";"https://lefaso.netspip.php?article149691#forum"
"Le Faso (BF)";"FR";"2026-10-04";"Burkina : Les députés adoptent à l’unanimité la loi de finances rectificative pour l’exécution du budget de l’État, exercice 2026";"https://lefaso.netspip.php?article149454#forum"
"Le Faso (BF)";"FR";"2026-10-04";"Burkina / Contrôle économique : La Brigade Mobile de Contrôle Économique et de la Répression des Fraudes (BMCRF) intensifie ses opérations pour assainir le marché";"https://lefaso.netspip.php?article146524#forum"
"Le Faso (BF)";"FR";"2026-10-04";"La société African Mining Partenair (AMP) SA recrute plusieurs profils";"https://lefaso.netspip.php?article137816#forum"
"Le Faso (BF)";"FR";"2026-10-04";"Santé/Nutrition : Le Plumpy Nut, un aliment thérapeutique destiné aux enfants malnutris vendus via les réseaux sociaux sans état d’âme";"https://lefaso.netspip.php?article141339#forum"
"Le Faso (BF)";"FR";"2026-10-04";"A propos...";"https://lefaso.net/spip.php?article29&rubrique17"
"Le Faso (BF)";"FR";"2026-10-04";"Publicité";"https://lefaso.net/spip.php?article5736&rubrique17t"
"Le Faso (BF)";"FR";"2026-10-04";"Partenariat";"https://lefaso.net/spip.php?article30&rubrique17"
"Le Faso (BF)";"FR";"2026-10-04";"Nous contacter";"https://lefaso.net/spip.php?article32&rubrique17"
"La Nation (BJ)";"FR";"2026-10-04";"Uemoa : Les États optent pour l'harmonisation communautaire des marchés publics";"https://lanation.bj/economie/uemoa-les-etats-optent-pour-lharmonisation-communautaire-des-marches-publics"
"La Nation (BJ)";"FR";"2026-10-04";"03 oct. 2026";"https://lanation.bj/economie/uemoa-les-etats-optent-pour-lharmonisation-communautaire-des-marches-publics"
"La Nation (BJ)";"FR";"2026-10-04";"Tourisme : le Bénin peut s’inspirer du modèle touristique mauricien
                            
                                                            Lecture de 2 min";"https://lanation.bj/economie/tourisme-le-benin-peut-sinspirer-du-modele-touristique-mauricien"
"La Nation (BJ)";"FR";"2026-10-04";"Investissements stratégiques en Afrique de l'Ouest: 390 millions de dollars approuvés
                            
                                                            Lecture de 3 min";"https://lanation.bj/economie/investissements-strategiques-en-afrique-de-louest-390-millions-de-dollars-approuves"
"La Nation (BJ)";"FR";"2026-10-04";"Lutte contre les flux financiers illicites: La prédominance du cash, un défi pour la traçabilité financière
                            
                                                            Lecture de 3 min";"https://lanation.bj/economie/lutte-contre-les-flux-financiers-illicites-la-predominance-du-cash-un-defi-pour-la-tracabilite-financiere"
"La Nation (BJ)";"FR";"2026-10-04";"Programme CyberIncub: Trois startups béninoises de cybersécurité distinguées";"https://lanation.bj/economie/programme-cyberincub-trois-startups-beninoises-de-cybersecurite-distinguees"
"Graphic Online (GH)";"EN";"2026-10-04";"Politics";"/news/politics.html"
"Graphic Online (GH)";"EN";"2026-10-04";"Business News";"/business/business-news.html"
"Graphic Online (GH)";"EN";"2026-10-04";"Companies";"/business/gb-companies.html"
"Graphic Online (GH)";"EN";"2026-10-04";"Markets";"/business/markets.html"
"Graphic Online (GH)";"EN";"2026-10-04";"Opinion";"/business/opinion.html"
"Graphic Online (GH)";"EN";"2026-10-04";"Auto News";"/business/ghana-auto-industry-news.html"
"Graphic Online (GH)";"EN";"2026-10-04";"Justin Kodua Frimpong re-elected General Secretary of NPP";"/news/politics/justin-kodua-frimpong-re-elected-general-secretary-of-npp.html"
"Graphic Online (GH)";"EN";"2026-10-04";"Mavis Hawa Koomson is the new National Women's Organiser of NPP";"/news/politics/mavis-hawa-koomson-is-the-new-national-womens-organiser-of-npp.html"
"Graphic Online (GH)";"EN";"2026-10-04";"John Boadu elected National Chairman of NPP";"/news/politics/john-boadu-elected-national-chairman-of-npp.html"
"Graphic Online (GH)";"EN";"2026-10-04";"Titus Glover elected National Organiser of NPP";"/news/politics/titus-glover-elected-national-organiser-of-npp.html"
"Graphic Online (GH)";"EN";"2026-10-04";"Kojo 'Bamba' Fosu Boadu, Nana Boakye and Nana Akomea elected 1st,...";"/news/politics/nana-akomea-is-new-first-vice-chairman-of-npp.html"
"Graphic Online (GH)";"EN";"2026-10-04";"Health sovereignty a priority for 1.4 billion Africans - President Mahama declares";"/news/general-news/health-sovereignty-a-priority-for-1-4-billion-africans-president-mahama-declares.html"
"Graphic Online (GH)";"EN";"2026-10-04";"President Mahama in Egypt for AU Mid-Year Summit";"/news/general-news/president-mahama-in-egypt-for-au-mid-year-summit.html"
"Graphic Online (GH)";"EN";"2026-10-04";"Manhyia South MP Nana Agyei Baffour Awuah  granted GH¢10 million bail";"/news/general-news/court-grants-bail-for-manhyia-south-mp-nana-agyei-baffour-awuah.html"
"Graphic Online (GH)";"EN";"2026-10-04";"Parliament condemns continued EOCO detention of Manhyia South MP Baffour Awuah and calls for immediate release";"/news/politics/parliament-condemns-continued-eoco-detention-manhyia-south-mp-baffour-awuah-and-calls-for-immediate-release.html"
"Graphic Online (GH)";"EN";"2026-10-04";"EOCO to arraign Manhyia South MP Nana Agyei Baffour before weekend court";"/news/general-news/eoco-denies-ghc50-million-bail-for-manhyia-south-mp-says-suspect-cooperating.html"
"Graphic Online (GH)";"EN";"2026-10-04";"Whispers from Tafi-Atome Monkey Sanctuary - Where loyalty is tied to the banana";"/news/general-news/ghana-news-whispers-from-tafi-atome-monkey-sanctuary-where-loyalty-is-tied-to-the-banana.html"
"Graphic Online (GH)";"EN";"2026-10-04";"SSNIT Board on why it requested National Security intervention on demolition of structures at Labadi, La Palm beachfronts";"/news/general-news/ssnit-board-on-why-it-requested-national-security-intervention-on-demolition-of-structures-at-labadi-la-palm-beachfronts.html"
"Graphic Online (GH)";"EN";"2026-10-04";"Bawumia on redesigning space at La beachfront to meet standards and assist operators to run it";"/news/general-news/bawumia-on-redesigning-space-at-la-beachfront-to-meet-standards-and-assist-operators-to-run-it.html"
"Graphic Online (GH)";"EN";"2026-10-04";"NPP sets Kumasi agog with national delegates conference";"/news/politics/ghana-news-npp-sets-kumasi-agog-with-national-delegates-conference-today-police-announce-temporary-roadblocks.html"
"Graphic Online (GH)";"EN";"2026-10-04";"La Pleasure Beach at ground zero - National Security demolishes all structures";"/news/general-news/ghana-news-la-pleasure-beach-at-ground-zero-national-security-demolishes-all-structures.html"
"Graphic Online (GH)";"EN";"2026-10-04";"Aftermath of North Industrial Area fire affected traders count their cost";"/news/general-news/ghana-news-aftermath-of-north-industrial-area-fire-duraplast-affected-traders-count-their-cost.html"
"Graphic Online (GH)";"EN";"2026-10-04";"Adentan Constituency is on course  — MP";"/news/politics/ghana-news-adentan-constituency-is-on-course-mp.html"
"Graphic Online (GH)";"EN";"2026-10-04";"3 Tasks of NPP’s next national executives";"/news/politics/ghana-news-3-tasks-of-npps-next-national-executives.html"
"Graphic Online (GH)";"EN";"2026-10-04";"Govt tables new proposals to teachers";"/news/education/ghana-news-govt-tables-new-proposals-to-teachers.html"
"Graphic Online (GH)";"EN";"2026-10-04";"Happy 76th Birthday to the Daily Graphic!";"/news/general-news/happy-76th-birthday-to-the-daily-graphic.html"
"Graphic Online (GH)";"EN";"2026-10-04";"NLA presents GH¢10 million dividend, Finance Minister says more needed";"/news/general-news/nla-presents-ghc10-million-dividend-finance-minister-says-more-needed.html"
"Graphic Online (GH)";"EN";"2026-10-04";"President visits medical ship, pledges support for free surgeries";"/news/general-news/ghana-news-president-visits-medical-ship-pledges-support-for-free-surgeries.html"
"Graphic Online (GH)";"EN";"2026-10-04";"Who chairs NPP into 2028?";"/news/general-news/ghana-news-who-chairs-npp-into-2028-tomorrows-national-delegates-conference-decide.html"
"Graphic Online (GH)";"EN";"2026-10-04";"NACOC begins pre-screening checks at Accra International Airport";"/news/general-news/nacoc-begins-pre-screening-checks-at-accra-international-airport.html"
"Graphic Online (GH)";"EN";"2026-10-04";"North Industrial Area fire: AMA clears unauthorised structures at Kofikrom";"/news/general-news/north-industrial-area-fire-ama-clears-unauthorised-structures-at-kofikrom.html"
"Graphic Online (GH)";"EN";"2026-10-04";"Manhyia South MP Baffour Awuah surrenders to EOCO, arrested";"/news/general-news/manhyia-south-mp-baffour-awuah-surrenders-to-eoco-arrested.html"
"Graphic Online (GH)";"EN";"2026-10-04";"Military begins demolition at La Pleasure Beach";"/news/general-news/military-begins-demolition-at-la-pleasure-beach-as-mp-rita-naa-odoley-sowah-resists.html"
"Graphic Online (GH)";"EN";"2026-10-04";"Dr Sylvia Adusu sworn in as first African woman on ITLOS";"/news/general-news/ghana-news-dr-sylvia-adusu-sworn-in-as-first-african-woman-on-itlos.html"
"Graphic Online (GH)";"EN";"2026-10-04";"World Congress to drive spiritual revival, boost nation’s economy — Rev. Wengam";"/news/general-news/ghana-news-world-congress-to-drive-spiritual-revival-boost-nations-economy-rev-wengam.html"
"Graphic Online (GH)";"EN";"2026-10-04";"Witchweed eats into crop harvests in northern Ghana";"/news/general-news/ghana-news-witchweed-eats-into-crop-harvests-in-northern-ghana.html"
"Graphic Online (GH)";"EN";"2026-10-04";"MT Asharami Ghana vessel arrives to enhance LPG supply";"/news/general-news/ghana-news-mt-asharami-ghana-vessel-arrives-to-enhance-lpg-supply.html"
"Graphic Online (GH)";"EN";"2026-10-04";"SSNIT increases stake in Société Générale Ghana to 24.36%";"/business/business-news/ssnit-increases-stake-in-societe-generale-ghana-to-24-36.html"
"Graphic Online (GH)";"EN";"2026-10-04";"Societe Generale exits Ghana, sells stake to Attijariwafa Bank and SSNIT";"/business/business-news/societe-generale-exits-ghana-sells-stake-to-attijariwafa-bank-and-ssnit.html"
"Graphic Online (GH)";"EN";"2026-10-04";"Fire Service controls Avenor fire incident [VIDEO]";"/news/general-news/fire-outbreak-at-avenor-in-accra.html"
"Graphic Online (GH)";"EN";"2026-10-04";"Tullow to cough up $393m tax - Loses legal battle against GRA";"/news/general-news/ghana-news-tullow-to-cough-up-393m-tax-loses-legal-battle-against-gra.html"
"Graphic Online (GH)";"EN";"2026-10-04";"GAPTE must stick to advertised times for the contra-flow system — Local Minister";"/news/general-news/ghana-news-gapte-must-stick-to-advertised-times-for-the-contra-flow-system-local-minister.html"
"Graphic Online (GH)";"EN";"2026-10-04";"TraffiTech-GH: Emergency, security vehicles exempt from speeding tickets";"/news/general-news/ghana-news-traffitech-gh-emergency-security-vehicles-exempt-from-speeding-tickets.html"
"Graphic Online (GH)";"EN";"2026-10-04";"Asogli 2026 Yam Festival  (Te Za) rounded off with durbar";"/news/general-news/asogli-2026-yam-festival-te-za-rounded-off-with-durbar.html"
"Graphic Online (GH)";"EN";"2026-10-04";"Kojo 'Bamba' Fosu Boadu, Nana Boakye and Nana Akomea elected 1st, 2nd and 3rd vice chairs of NPP";"/news/politics/nana-akomea-is-new-first-vice-chairman-of-npp.html"
"Graphic Online (GH)";"EN";"2026-10-04";"High Court grants Manhyia South MP Nana Agyei Baffour GH¢10 million bail";"/news/general-news/high-court-grants-manhyia-south-mp-nana-agyei-baffour-ghc10-million-bail.html"
"Graphic Online (GH)";"EN";"2026-10-04";"Ghana Politics";"/news/politics.html"
"Graphic Online (GH)";"EN";"2026-10-04";"General News";"/news/general-news.html"
"Graphic Online (GH)";"EN";"2026-10-04";"Education News";"/news/education.html"
"Graphic Online (GH)";"EN";"2026-10-04";"News in Ghana";"/news/general-news.html"
"Malijet (ML)";"FR";"2026-10-04";"Politique";"https://malijet.com/actualite-politique-au-mali"
"Malijet (ML)";"FR";"2026-10-04";"Economie";"https://malijet.com/actualite_economique_du_mali"
"Malijet (ML)";"FR";"2026-10-04";"Sports";"https://malijet.com/actualite_sportive_au_mali"
"Malijet (ML)";"FR";"2026-10-04";"Culture";"https://malijet.com/actualite_culturelle_au_mali"
"Malijet (ML)";"FR";"2026-10-04";"International";"https://malijet.com/actualite_internationale"
"Malijet (ML)";"FR";"2026-10-04";"AES";"https://malijet.com/actualite-sur-aes"
"Malijet (ML)";"FR";"2026-10-04";"Afrique";"https://malijet.com/actualite-sur-afrique"
"Malijet (ML)";"FR";"2026-10-04";"Célébration du 66ᵉ anniversaire de l’Armée de Terre malienne";"https://malijet.com/actualite_de_la_nation_malienne/312134-celebration-du-66-anniversaire-de-larmee-de-terre-malienne.html"
"Malijet (ML)";"FR";"2026-10-04";"Carnet d’audience: Chambre de commerce et d’industrie du Mali CCIM";"https://malijet.com/actualite_economique_du_mali/312104-carnet-daudience-chambre-de-commerce-et-dindustrie-du-mal.html"
"Malijet (ML)";"FR";"2026-10-04";"Mines : Le Burkina Faso inaugure sa première raffinerie d'or, un « acte de souveraineté assumée »";"https://malijet.com/actualite_economique_du_mali/312078-mines-le-burkina-faso-inaugure-sa-premiere-raffinerie-dor.html"
"Malijet (ML)";"FR";"2026-10-04";"Addis-Abeba : le Mali met en avant sa diplomatie et ses relations avec l’Éthiopie";"https://malijet.com/actualite-politique-au-mali/312053-addis-abeba-le-mali-met-en-avant-sa-diplomatie-et-ses-rela.html"
"Malijet (ML)";"FR";"2026-10-04";"Intégration économique : L'AES prépare son 5e sommet ministériel à Bamako";"https://malijet.com/actualite_economique_du_mali/312035-integration-economique-laes-prepare-son-5e-sommet-ministe.html"
"Malijet (ML)";"FR";"2026-10-04";"Super Coupe Ben Oumar Sy 2026 : le Djoliba succède au Stade Malien";"https://malijet.com/actualite_sportive_au_mali/312155-super-coupe-ben-oumar-sy-2026-le-djoliba-succede-au-stade.html"
"Malijet (ML)";"FR";"2026-10-04";"Nation";"https://malijet.com/actualite_de_la_nation_malienne"
"Malijet (ML)";"FR";"2026-10-04";"Mali : ouverture de la session ordinaire d’octobre du CNT";"https://malijet.com/actualite_de_la_nation_malienne/312153-mali-ouverture-de-la-session-ordinaire-doctobre-du-cnt.html"
"Malijet (ML)";"FR";"2026-10-04";"Coup d'état au Niger : L’Algérie dénonce une ""provocation"" et révèle son intervention militaire";"https://malijet.com/actualite-sur-afrique/312149-coup-detat-au-niger-lalgerie-denonce-une-provocation-e.html"
"Malijet (ML)";"FR";"2026-10-04";"UEMOA : les ministres adoptent de nouvelles mesures pour renforcer l’intégration régionale";"https://malijet.com/actualite_economique_du_mali/312147-uemoa-les-ministres-adoptent-de-nouvelles-mesures-pour-ren.html"
"Malijet (ML)";"FR";"2026-10-04";"Voir tout →";"https://malijet.com/actualite-politique-au-mali"
"Malijet (ML)";"FR";"2026-10-04";"Diplomatie : Le Mali célèbre l'indépendance de la Guinée, rappelant la fraternité entre « deux poumons d'un même corps »";"https://malijet.com/actualite-politique-au-mali/312143-diplomatie-le-mali-celebre-lindependance-de-la-guinee-ra.html"
"Malijet (ML)";"FR";"2026-10-04";"Troisième réunion du Comité de pilotage du Programme MPRR-SSA à Bamako";"https://malijet.com/actualite-politique-au-mali/312139-troisieme-reunion-du-comite-de-pilotage-du-programme-mprr-ss.html"
"Malijet (ML)";"FR";"2026-10-04";"Diplomatie : Abdoulaye Diop clôture sa mission à New York avec l'Iran et l'ONU";"https://malijet.com/actualite-politique-au-mali/312086-diplomatie-abdoulaye-diop-cloture-sa-mission-a-new-york-av.html"
"Malijet (ML)";"FR";"2026-10-04";"Voir tout →";"https://malijet.com/actualite_economique_du_mali"
"Malijet (ML)";"FR";"2026-10-04";"Investissement : La Banque mondiale exprime son intérêt pour le Forum du Mali Kura lors d'une rencontre avec l'API-Mali";"https://malijet.com/actualite_economique_du_mali/312138-investissement-la-banque-mondiale-exprime-son-interet-pour.html"
"Malijet (ML)";"FR";"2026-10-04";"Le lancement du forum d’investissement de la CEDEAO 2027 mobilise investisseurs et partenaires en faveur de la transformation de l’Afrique de l’ouest";"https://malijet.com/actualite_economique_du_mali/312116-le-lancement-du-forum-dinvestissement-de-la-cedeao-2027-mob.html"
"Malijet (ML)";"FR";"2026-10-04";"Mali : création d’une Agence pour la recherche et le développement des ressources minérales";"https://malijet.com/actualite_economique_du_mali/312110-mali-creation-dune-agence-pour-la-recherche-et-le-develop.html"
"Malijet (ML)";"FR";"2026-10-04";"Voir tout →";"https://malijet.com/actualite_sportive_au_mali"
"Malijet (ML)";"FR";"2026-10-04";"UFOA-A U20 : le Mali connaît ses adversaires";"https://malijet.com/actualite_sportive_au_mali/312133-ufoa-a-u20-le-mali-connait-ses-adversaires.html"
"Malijet (ML)";"FR";"2026-10-04";"Amical : le Mali et le Maroc se neutralisent à Rabat";"https://malijet.com/actualite_sportive_au_mali/312130-amical-le-mali-et-le-maroc-se-neutralisent-a-rabat.html"
"Malijet (ML)";"FR";"2026-10-04";"UFOA-A U-20 : le tirage au sort du tournoi effectué à Bamako";"https://malijet.com/actualite_sportive_au_mali/312128-ufoa-a-u-20-le-tirage-au-sort-du-tournoi-effectue-a-bamako.html"
"Malijet (ML)";"FR";"2026-10-04";"Voir tout →";"https://malijet.com/actualite_internationale"
"Malijet (ML)";"FR";"2026-10-04";"Sondage CGTN: La « Golden Week » témoigne de la vigueur de l'économie des vacances en Chine";"https://malijet.com/actualite_internationale/312132-sondage-cgtn-la-golden-week-temoigne-de-la-vigueur-de-l.html"
"Malijet (ML)";"FR";"2026-10-04";"Flydubai : bagarre, tentative de suicide, 11 septembre évité… ce que l’on sait de l’incident en plein vol";"https://malijet.com/actualite_internationale/312117-flydubai-bagarre-tentative-de-suicide-11-septembre-evite.html"
"Malijet (ML)";"FR";"2026-10-04";"Iran : une chanteuse condamnée à 74 coups de fouet";"https://malijet.com/actualite_internationale/312075-iran-une-chanteuse-condamnee-a-74-coups-de-fouet.html"
"Malijet (ML)";"FR";"2026-10-04";"Crash d'Air Algérie : la compagnie Swiftair condamnée à une amende de 225.000 euros pour homicides involontaires";"https://malijet.com/actualite_internationale/312064-crash-dair-algerie-la-compagnie-swiftair-condamnee-a-une.html"
"Malijet (ML)";"FR";"2026-10-04";"Voir tout →";"https://malijet.com/actualite-sur-aes"
"Malijet (ML)";"FR";"2026-10-04";"Premier pari confédéral AES : 150 millions de FCFA en jeu et une œuvre communautaire pour célébrer la coopération entre le Burkina Faso, le Mali et le Niger";"https://malijet.com/actualite-sur-aes/312142-premier-pari-confederal-aes-150-millions-de-fcfa-en-jeu-et.html"
"Malijet (ML)";"FR";"2026-10-04";"Jeunesse : L'AES lance son Université d'été des volontaires à Niamey pour bâtir une citoyenneté sahélienne commune";"https://malijet.com/actualite-sur-aes/312084-jeunesse-laes-lance-son-universite-dete-des-volontaires.html"
"Malijet (ML)";"FR";"2026-10-04";"AES : les ministres de l’Industrie et du Commerce adoptent une feuille de route à Bamako";"https://malijet.com/actualite-sur-aes/312083-aes-les-ministres-de-lindustrie-et-du-commerce-adoptent-u.html"
"Malijet (ML)";"FR";"2026-10-04";"AES : Abdoulaye Maïga échange avec les ministres de l’Industrie et du Commerce";"https://malijet.com/actualite-sur-aes/312068-aes-abdoulaye-maiga-echange-avec-les-ministres-de-lindust.html"
"Malijet (ML)";"FR";"2026-10-04";"Mines : Le Burkina Faso inaugure sa première raffinerie d'or, un « acte de souveraineté assumée »
                
                                    
                il y a 5 jours";"https://malijet.com/actualite_economique_du_mali/312078-mines-le-burkina-faso-inaugure-sa-premiere-raffinerie-dor.html"
"Malijet (ML)";"FR";"2026-10-04";"Iran : une chanteuse condamnée à 74 coups de fouet
                
                                    
                il y a 5 jours";"https://malijet.com/actualite_internationale/312075-iran-une-chanteuse-condamnee-a-74-coups-de-fouet.html"
"Malijet (ML)";"FR";"2026-10-04";"Coup d'état au Niger : L’Algérie dénonce une ""provocation"" et révèle son intervention militaire
                                        il y a 21 heures";"https://malijet.com/actualite-sur-afrique/312149-coup-detat-au-niger-lalgerie-denonce-une-provocation-e.html"
"Malijet (ML)";"FR";"2026-10-04";"Niger-Russie : Abdourahamane Tiani appelle à accélérer les projets de coopération
                                        il y a 1 jour";"https://malijet.com/actualite-sur-afrique/312145-niger-russie-abdourahamane-tiani-appelle-a-accelerer-les-p.html"
"Malijet (ML)";"FR";"2026-10-04";"Guinée-Bisseau : Le Haut commandement militaire interdit le retour de l'ancien président Umaro Sissoco Embaló
                                        2 commentaires
                                        il y a 1 jour";"https://malijet.com/actualite-sur-afrique/312141-guinee-bisseau-le-haut-commandement-militaire-interdit-le.html"
"Malijet (ML)";"FR";"2026-10-04";"Guinée : Mamadi Doumbouya place la jeunesse et la souveraineté au cœur du 68ᵉ anniversaire de l'indépendance
                                        il y a 2 jours";"https://malijet.com/actualite-sur-afrique/312131-guinee-mamadi-doumbouya-place-la-jeunesse-et-la-souveraine.html"
"Malijet (ML)";"FR";"2026-10-04";"Sénégal : L'Assemblée nationale adopte un texte pour mieux encadrer les dépenses de souveraineté
                                        il y a 2 jours";"https://malijet.com/actualite-sur-afrique/312129-senegal-lassemblee-nationale-adopte-un-texte-pour-mieux-e.html"
"Malijet (ML)";"FR";"2026-10-04";"Assemblée nationale ivoirienne : Le député Coulibaly Fononna Cheik Ahmed prend part à l'ouverture de la 2ème session ordinaire de 2026
                                        il y a 2 jours";"https://malijet.com/actualite-sur-afrique/312123-assemblee-nationale-ivoirienne-le-depute-coulibaly-fononna.html"
"Malijet (ML)";"FR";"2026-10-04";"Interpol enquête sur Air Sénégal : colis, drogue et soupçons de trafic
                                        il y a 3 jours";"https://malijet.com/actualite-sur-afrique/312102-interpol-enquete-sur-air-senegal-colis-drogue-et-soupcons.html"
"Malijet (ML)";"FR";"2026-10-04";"Maroc : Fatima Ezzahra El Mansouri nommée cheffe du gouvernement
                                        il y a 3 jours";"https://malijet.com/actualite-sur-afrique/312098-maroc-fatima-ezzahra-el-mansouri-nommee-cheffe-du-gouverne.html"
"Malijet (ML)";"FR";"2026-10-04";"Guinée-Bissau : Embaló annonce sa candidature à la présidentielle
                                        il y a 4 jours";"https://malijet.com/actualite-sur-afrique/312087-guinee-bissau-embalo-annonce-sa-candidature-a-la-president.html"
"Malijet (ML)";"FR";"2026-10-04";"Le chanteur Kizz Daniel annonce le décès de sa mère un an après celui de sa belle-mère
                                        il y a 1 semaine";"https://malijet.com/actualite-sur-afrique/312044-le-chanteur-kizz-daniel-annonce-le-deces-de-sa-mere-un-an-ap.html"
"Malijet (ML)";"FR";"2026-10-04";"Sondage CGTN: La « Golden Week » témoigne de la vigueur de l'économie des vacances en Chine
                                        il y a 2 jours";"https://malijet.com/actualite_internationale/312132-sondage-cgtn-la-golden-week-temoigne-de-la-vigueur-de-l.html"
"Malijet (ML)";"FR";"2026-10-04";"Flydubai : bagarre, tentative de suicide, 11 septembre évité… ce que l’on sait de l’incident en plein vol
                                        il y a 2 jours";"https://malijet.com/actualite_internationale/312117-flydubai-bagarre-tentative-de-suicide-11-septembre-evite.html"
"Malijet (ML)";"FR";"2026-10-04";"Iran : une chanteuse condamnée à 74 coups de fouet
                                        il y a 5 jours";"https://malijet.com/actualite_internationale/312075-iran-une-chanteuse-condamnee-a-74-coups-de-fouet.html"
"Malijet (ML)";"FR";"2026-10-04";"Crash d'Air Algérie : la compagnie Swiftair condamnée à une amende de 225.000 euros pour homicides involontaires
                                        il y a 5 jours";"https://malijet.com/actualite_internationale/312064-crash-dair-algerie-la-compagnie-swiftair-condamnee-a-une.html"
"Malijet (ML)";"FR";"2026-10-04";"ONU : Mamadi Doumbouya présente le « modèle guinéen » à la tribune de l'Assemblée générale
                                        il y a 1 semaine";"https://malijet.com/actualite_internationale/312001-onu-mamadi-doumbouya-presente-le-modele-guineen-a-la-t.html"
"Malijet (ML)";"FR";"2026-10-04";"La Libye dépose sa candidature à un siège de membre non permanent du Conseil de sécurité de l’ONU
                                        il y a 1 semaine";"https://malijet.com/actualite_internationale/311998-la-libye-depose-sa-candidature-a-un-siege-de-membre-non-perm.html"
"Malijet (ML)";"FR";"2026-10-04";"Visite d'État du président Xi Jinping aux États-Unis : « Collaboration structurée, gestion maîtrisée des divergences, responsabilité mondiale partagée »
                                        il y a 1 semaine";"https://malijet.com/actualite_internationale/311996-visite-detat-du-president-xi-jinping-aux-etats-unis-col.html"
"Malijet (ML)";"FR";"2026-10-04";"ONU : António Guterres appelle à l'unité face à un monde « fracturé »
                                        il y a 1 semaine";"https://malijet.com/actualite_internationale/311978-onu-antonio-guterres-appelle-a-lunite-face-a-un-monde-f.html"
"Malijet (ML)";"FR";"2026-10-04";"Réunion de la direction du PCC pour étudier des questions importantes relatives à l'autogouvernance du Parti et fixer les dates du prochain plénum du Parti
                                        il y a 1 semaine";"https://malijet.com/actualite_internationale/311970-reunion-de-la-direction-du-pcc-pour-etudier-des-questions-im.html"
"Malijet (ML)";"FR";"2026-10-04";"Gambie : Les États-Unis restituent 2,5 millions de dollars saisis à l’ancien président Yahya Jammeh
                                        il y a 1 semaine";"https://malijet.com/actualite_internationale/311964-gambie-les-etats-unis-restituent-25-millions-de-dollars-s.html"
"Malijet (ML)";"FR";"2026-10-04";"Mali : création d’une Agence pour la recherche et le développement des ressources minérales
                    2 commentaires
                    il y a 3 jours";"https://malijet.com/actualite_economique_du_mali/312110-mali-creation-dune-agence-pour-la-recherche-et-le-develop.html"
"Malijet (ML)";"FR";"2026-10-04";"Guinée-Bisseau : Le Haut commandement militaire interdit le retour de l'ancien président Umaro Sissoco Embaló
                    2 commentaires
                    il y a 1 jour";"https://malijet.com/actualite-sur-afrique/312141-guinee-bisseau-le-haut-commandement-militaire-interdit-le.html"
"Malijet (ML)";"FR";"2026-10-04";"Économie";"https://malijet.com/actualite_economique_du_mali"
