"Source";"Language";"Date";"Title";"URL"
"VRT NWS (EN)";"EN";"2026-10-09";"Politie CARMA waarschuwt voor TikToktrend 'Cat in the Hat' die jongeren angst aanjaagt: ""Bijzonder ingrijpend voor slachtoffer""";"https://www.vrt.be/vrtnws/nl/2026/10/09/socialemediatrend-cat-in-the-hat-duikt-nu-ook-op-in-genk-poli/?utm_source=corporate&utm_medium=referral&utm_campaign=rssfeed&utm_content=vrt-nws"
"VRT NWS (EN)";"EN";"2026-10-09";"Wijkschooltje PALeiS in Diepenbeek vecht voor overleving door dalend aantal leerlingen: ""Sluiting is financieel drama""";"https://www.vrt.be/vrtnws/nl/2026/10/09/wijkschooltje-crijt-diepenbeek-weinig-leerlingen-sluiting-onderw/?utm_source=corporate&utm_medium=referral&utm_campaign=rssfeed&utm_content=vrt-nws"
"VRT NWS (EN)";"EN";"2026-10-09";"Meisje (13) maandenlang verkracht na grooming door 'beste vriend' van haar vader";"https://www.vrt.be/vrtnws/nl/2026/10/09/meisje-13-maandenlang-verkrachting-na-grooming-door-beste-vri/?utm_source=corporate&utm_medium=referral&utm_campaign=rssfeed&utm_content=vrt-nws"
"VRT NWS (EN)";"EN";"2026-10-09";"Drie verdachten van schietpartij in Antwerpse stationsbuurt weer vrij na verhoor";"https://www.vrt.be/vrtnws/nl/2026/10/08/schietpartij-antwerpen-van-stralenstraat/?utm_source=corporate&utm_medium=referral&utm_campaign=rssfeed&utm_content=vrt-nws"
"VRT NWS (EN)";"EN";"2026-10-09";"Twee jaar na comeback: Antwerpse districtsschepen Ludo Van Campenhout opnieuw hervallen in alcoholverslaving";"https://www.vrt.be/vrtnws/nl/2026/10/09/ludo-van-campenhout-hervallen-alcoholverslaving-districtsschepen/?utm_source=corporate&utm_medium=referral&utm_campaign=rssfeed&utm_content=vrt-nws"
"VRT NWS (EN)";"EN";"2026-10-09";"Executie door vuurpeloton in Texas wordt live uitgezonden";"https://www.vrt.be/vrtnws/nl/2026/10/08/executie-door-vuurpeloton-in-texas-wordt-live-uitgezonden/?utm_source=corporate&utm_medium=referral&utm_campaign=rssfeed&utm_content=vrt-nws"
"VRT NWS (EN)";"EN";"2026-10-09";"Werken aan hotel Memlinc in Knokke-Heist herbegonnen: onterecht gesloopte gevels zijn hersteld";"https://www.vrt.be/vrtnws/nl/2026/10/09/memlinc-knokke-heist-luxeproject-beschermde-onderdelen/?utm_source=corporate&utm_medium=referral&utm_campaign=rssfeed&utm_content=vrt-nws"
"VRT NWS (EN)";"EN";"2026-10-09";"Vakbonden organiseren actiedag: hier kan je hinder verwachten";"https://www.vrt.be/vrtnws/nl/2026/10/08/hinder-staking-actiedag-acv-abvv/?utm_source=corporate&utm_medium=referral&utm_campaign=rssfeed&utm_content=vrt-nws"
"VRT NWS (EN)";"EN";"2026-10-09";"Na lerarentekort nu ook 'kinderentekort': weer minder leerlingen in Vlaamse scholen";"https://www.vrt.be/vrtnws/nl/2026/10/08/daling-geboortecijfer-invloed-leerlingenaantal/?utm_source=corporate&utm_medium=referral&utm_campaign=rssfeed&utm_content=vrt-nws"
"VRT NWS (EN)";"EN";"2026-10-09";"Betere begeleiding voor jongeren en experten die artsen adviseren: Vandenbroucke stelt nieuw kankerplan voor";"https://www.vrt.be/vrtnws/nl/2026/10/08/kankerplan-federale-regering/?utm_source=corporate&utm_medium=referral&utm_campaign=rssfeed&utm_content=vrt-nws"
"VRT NWS (EN)";"EN";"2026-10-09";"Geen loon en zelf opdraaien voor schade: wat houdt het recht op staken precies in?";"https://www.vrt.be/vrtnws/nl/2026/10/08/stakingsrecht-weet-ik-veel/?utm_source=corporate&utm_medium=referral&utm_campaign=rssfeed&utm_content=vrt-nws"
"VRT NWS (EN)";"EN";"2026-10-09";"Twee schepen gezonken in 2 dagen: ""Situatie op Zwarte Zee is ernstig""";"https://www.vrt.be/vrtnws/nl/2026/10/08/rusland-oekraiene-zwarte-zee-escalatie-militair-economisch-zware/?utm_source=corporate&utm_medium=referral&utm_campaign=rssfeed&utm_content=vrt-nws"
"VRT NWS (EN)";"EN";"2026-10-09";"Recordbedrag voor sociale woningen: al ruim 1 miljard euro geïnvesteerd";"https://www.vrt.be/vrtnws/nl/2026/10/08/sociale-woningen-1-miljard-investeringen-depraetere/?utm_source=corporate&utm_medium=referral&utm_campaign=rssfeed&utm_content=vrt-nws"
"VRT NWS (EN)";"EN";"2026-10-09";"Vlaamse maagdarmspecialist toont aan: met botox kan je opnieuw leren boeren";"https://www.vrt.be/vrtnws/nl/2026/10/07/boeren-botox-onderzoek-phd-cup/?utm_source=corporate&utm_medium=referral&utm_campaign=rssfeed&utm_content=vrt-nws"
"VRT NWS (EN)";"EN";"2026-10-09";"Belgisch impressionisme of Nacht van de Duisternis? Dit zijn onze 5 weekendtips";"https://www.vrt.be/vrtnws/nl/2026/10/06/weekendtips-10-11-oktober-jenny-montigny-impressionisme-film-fes/?utm_source=corporate&utm_medium=referral&utm_campaign=rssfeed&utm_content=vrt-nws"
"VRT NWS (EN)";"EN";"2026-10-09";"Politieagent Kelly Hauben getuigt in nieuwe VRT-reeks 'F*ck you, flik': ""Kreeg blok van 20 kilo tegen mijn hoofd""";"https://www.vrt.be/vrtnws/nl/2026/10/08/kelly-hauben-in-f-ck-you-flik-van-jan-verheyden/?utm_source=corporate&utm_medium=referral&utm_campaign=rssfeed&utm_content=vrt-nws"
"VRT NWS (EN)";"EN";"2026-10-09";"Bestelwagen rijdt in op politie langs E40 in Heverlee: agent schiet op banden";"https://www.vrt.be/vrtnws/nl/2026/10/08/haasrode-schietpartij/?utm_source=corporate&utm_medium=referral&utm_campaign=rssfeed&utm_content=vrt-nws"
"VRT NWS (EN)";"EN";"2026-10-09";"Nieuwe Russische aanval op Kramatorsk, dodental stijgt tot 35: ""Rusland wil al het leven in de Donbas vernietigen""";"https://www.vrt.be/vrtnws/nl/2026/10/08/oekraine-kramatorsk-russische-aanval/?utm_source=corporate&utm_medium=referral&utm_campaign=rssfeed&utm_content=vrt-nws"
"VRT NWS (EN)";"EN";"2026-10-09";"Geen vervolging na dood zoontje Eline Michiels uit 'De Mol': expert vraagt meer aandacht voor erkenning na medische fouten";"https://www.vrt.be/vrtnws/nl/2026/10/08/filiep-bataillie-boek-als-het-misgaat-communicatie-zorg/?utm_source=corporate&utm_medium=referral&utm_campaign=rssfeed&utm_content=vrt-nws"
"VRT NWS (EN)";"EN";"2026-10-09";"Wie is Bally Bagayoko, de burgemeester die opduikt bij studentenprotesten en daarmee Frankrijk verdeelt?";"https://www.vrt.be/vrtnws/nl/2026/10/08/de-burgemeester-van-saint-denis-bally-bagayoko-die-viraal-gaat-t/?utm_source=corporate&utm_medium=referral&utm_campaign=rssfeed&utm_content=vrt-nws"
"VRT NWS (EN)";"EN";"2026-10-09";"VRT-vakbonden staken maandag: zo ziet het aanbod op radio en televisie eruit";"https://www.vrt.be/vrtnws/nl/2026/10/08/vrt-stakingsdag-maandag-12-oktober/?utm_source=corporate&utm_medium=referral&utm_campaign=rssfeed&utm_content=vrt-nws"
"VRT NWS (EN)";"EN";"2026-10-09";"Volgens minister Quintin zit Antifa achter rellen in Luik, maar wat is dat eigenlijk?";"https://www.vrt.be/vrtnws/nl/2026/10/08/wat-is-antifa/?utm_source=corporate&utm_medium=referral&utm_campaign=rssfeed&utm_content=vrt-nws"
"VRT NWS (EN)";"EN";"2026-10-09";"De fysicus uit Tienen die met 'kosmisch spookdeeltje' Nobelprijs Fysica wint: dit is Francis Halzen (82)";"https://www.vrt.be/vrtnws/nl/2026/10/06/belg-francis-halzen-wint-nobelprijs-voor-natuurkunde/?utm_source=corporate&utm_medium=referral&utm_campaign=rssfeed&utm_content=vrt-nws"
"VRT NWS (EN)";"EN";"2026-10-09";"Lily, Benjamin en Arthur protesteren in Luik tegen de onderwijsbesparingen: ""1 leerkracht voor 35 leerlingen is te weinig""";"https://www.vrt.be/vrtnws/nl/2026/10/06/scholenprotest-waarom-protesteren-de-leerlingen-portret/?utm_source=corporate&utm_medium=referral&utm_campaign=rssfeed&utm_content=vrt-nws"
"VRT NWS (EN)";"EN";"2026-10-09";"Loon van 1.200 euro, huur van 1.600 euro: waarom steeds meer Spanjaarden geen betaalbare woning vinden";"https://www.vrt.be/vrtnws/nl/2026/10/05/hoe-diep-is-de-wooncrisis-in-spanje/?utm_source=corporate&utm_medium=referral&utm_campaign=rssfeed&utm_content=vrt-nws"
"VRT NWS (EN)";"EN";"2026-10-09";"Ondernemer uit Nieuwpoort haalt miljoenen op voor luxeresort in Kaapverdië: project na 4 jaar nog niet gebouwd";"https://www.vrt.be/vrtnws/nl/2026/10/01/hotel-kaapverdie-resort-nieuwpoort-serena-bay/?utm_source=corporate&utm_medium=referral&utm_campaign=rssfeed&utm_content=vrt-nws"
"VRT NWS (EN)";"EN";"2026-10-09";"Zijn je (bank)gegevens gelekt na een cyberaanval of datalek? Zo bescherm je jezelf tegen oplichters";"https://www.vrt.be/vrtnws/nl/2026/10/04/wat-als-je-gegevens-gelekt-zijn-datalek-tim-verheyden/?utm_source=corporate&utm_medium=referral&utm_campaign=rssfeed&utm_content=vrt-nws"
"VRT NWS (EN)";"EN";"2026-10-09";"Van het Jenevermuseum en Bozar tot sociaal-cultureel volwassenenwerk: hier bespaart Vlaams minister Gennez 47 miljoen euro";"https://www.vrt.be/vrtnws/nl/2026/10/01/overzicht-van-besparingen-cultuur-47-miljoen-euro-caroline-genne/?utm_source=corporate&utm_medium=referral&utm_campaign=rssfeed&utm_content=vrt-nws"
"VRT NWS (EN)";"EN";"2026-10-09";"Een woning kopen of een kind krijgen? Bereken hier hoeveel de nieuwe Vlaamse begroting jou kost";"https://www.vrt.be/vrtnws/nl/2026/09/30/kinderbijslag-kindergeld-huis-kopen-bereken-begroting-vlaams/?utm_source=corporate&utm_medium=referral&utm_campaign=rssfeed&utm_content=vrt-nws"
"VRT NWS (EN)";"EN";"2026-10-09";"Warmtepompen als vervanging voor gasketels: wat kosten ze en zijn ze een oplossing voor elk huis?";"https://www.vrt.be/vrtnws/nl/2026/09/17/warmtepompen-warmtenetten-of-hout-en-pelletkachels-alternati/?utm_source=corporate&utm_medium=referral&utm_campaign=rssfeed&utm_content=vrt-nws"
"VRT NWS (EN)";"EN";"2026-10-09";"Hoe goed ken jij de verkeersregels? Test je kennis met deze 10 vragen";"https://www.vrt.be/vrtnws/nl/2026/09/25/verkeersquiz/?utm_source=corporate&utm_medium=referral&utm_campaign=rssfeed&utm_content=vrt-nws"
"VRT NWS (EN)";"EN";"2026-10-09";"""Zet die roze bril af, België"": commandant Oekraïense dronetroepen waarschuwt voor Russische dreiging";"https://www.vrt.be/vrtnws/nl/2026/09/24/oekraine-arnaud-magyar-drones-oorlog-rusland/?utm_source=corporate&utm_medium=referral&utm_campaign=rssfeed&utm_content=vrt-nws"
"VRT NWS (EN)";"EN";"2026-10-09";"""Ik wil niet zeggen dat het dit jaar niet kan"": Marten Van Riel staat te popelen voor de Ironman van Hawaï en droomt luidop";"https://sporza.be/nl/2026/10/07/-ik-wil-niet-zeggen-dat-het-dit-jaar-niet-kan-marten-van-riel-staat-te-popelen-voor-de-ironman-van-hawai-en-droomt-luidop~1791386084680/"
"VRT NWS (EN)";"EN";"2026-10-09";"WK judo: Vicky Verschaere dwingt nummer 3 van Olympische Spelen tot golden score";"https://sporza.be/nl/2026/10/02/wk-judo-vicky-verschaere-dwingt-nummer-3-van-olympische-spelen-tot-golden-score~1790949133547/"
"VRT NWS (EN)";"EN";"2026-10-09";"De val was nog niet pijnlijk genoeg: collega's kunnen Thomas Silva niet ontwijken en rijden over benen van gevallen renner";"https://sporza.be/nl/2026/10/09/de-val-was-nog-niet-pijnlijk-genoeg-collega-s-kunnen-thomas-silva-niet-ontwijken-en-rijden-over-benen-van-gevallen-renner~1791542282084/"
"VRT NWS (EN)";"EN";"2026-10-09";"Kompany praat openlijk over prijs tegen racisme, maar ontwijkt vraag over City-zaak: ""Trots op alles wat ik daar bereikt heb""";"https://sporza.be/nl/2026/10/09/kompany-praat-openlijk-over-prijs-tegen-racisme-maar-ontwijkt-vraag-over-city-zaak-trots-op-alles-wat-ik-daar-bereikt-heb~1791538101455/"
"VRT NWS (EN)";"EN";"2026-10-09";"Giulio Ciccone en Lidl-Trek blazen contract op, transfer naar Pinarello-Q36.5 wenkt";"https://sporza.be/nl/2026/10/08/giulio-ciccone-en-lidl-trek-blazen-contract-op-transfer-naar-pinarello-q365-wenkt~1791484319249/"
"VRT NWS (EN)";"EN";"2026-10-09";"""Ik vertrouw de club voor de volle 100%"": Enzo Maresca reageert voor het eerst op City-verdict op persconferentie";"https://sporza.be/nl/2026/09/26/-ik-vertrouw-de-club-voor-de-volle-100-enzo-maresca-reageert-voor-het-eerst-op-city-verdict-op-persconferentie~1790432262352/"
"VRT NWS (EN)";"EN";"2026-10-09";"Bewogen debuut versterkte de roep naar ademruimte: een inkijk in het ""moeilijke"" vertrek van bondscoach Zanini bij de Red Dragons";"https://sporza.be/nl/2026/10/08/bewogen-debuut-versterkte-de-roep-naar-ademruimte-een-inkijk-in-het-moeilijke-vertrek-van-bondscoach-zanini-bij-de-red-dragons~1791469815229/"
"VRT NWS (EN)";"EN";"2026-10-09";"Gele lijkzakken, ex-Gent-speler als topschutter en gevoelige naamsverandering: het straffe verhaal van de verrassende leider in Turkije";"https://sporza.be/nl/2026/10/08/gele-lijkzakken-ex-gent-speler-als-topschutter-en-gevoelige-naamsverandering-het-straffe-verhaal-van-de-verrassende-leider-in-turkije~1791451781852/"
"VRT NWS (EN)";"EN";"2026-10-09";"Verstappen viert 250e GP met taart én extra motivatie in Singapore: ""Ik heb hier nog een rekening openstaan""";"https://sporza.be/nl/2026/10/09/verstappen-viert-250e-gp-met-taart-en-extra-motivatie-in-singapore-ik-heb-hier-nog-een-rekening-openstaan~1791528813120/"
"VRT NWS (EN)";"EN";"2026-10-09";"Op weg naar een hattrick? Lorena Wiebes wint eerste rit in Chinese rittenkoers met overmacht";"https://sporza.be/nl/2026/10/09/op-weg-naar-een-hattrick-lorena-wiebes-wint-eerste-rit-in-chinese-rittenkoers-met-overmacht~1791527955804/"
"VRT NWS (EN)";"EN";"2026-10-09";"Ligt de weg naar een vierde ambtstermijn open voor Infantino? Belangrijkste uitdager haakt af voor FIFA-voorzitterschap";"https://sporza.be/nl/2026/07/29/ligt-de-weg-naar-een-vierde-ambtstermijn-open-voor-infantino-belangrijkste-uitdager-haakt-af-voor-fifa-voorzitterschap~1785325277875/"
"VRT NWS (EN)";"EN";"2026-10-09";"Brazilië als boombox of rampscenario als vergeten passagier? Red Flames staan voor belangrijkste matchen ooit (en dat na twee stormpjes)";"https://sporza.be/nl/2026/10/08/brazilie-als-boombox-of-rampscenario-als-vergeten-passagier-red-flames-staan-voor-belangrijkste-matchen-ooit-en-dat-na-twee-stormpjes~1791462166486/"
"VRT NWS (EN)";"EN";"2026-10-09";"LeBron James in een nieuw truitje: basketbalicoon maakt veelbelovend debuut voor Philadelphia 76ers";"https://sporza.be/nl/2026/10/09/lebron-james-in-een-nieuw-truitje-basketbalicoon-maakt-veelbelovend-debuut-voor-philadelphia-76ers~1791521576447/"
"VRT NWS (EN)";"EN";"2026-10-09";"Robin Orins (24) hangt na 2 profseizoenen fiets aan de haak: ""Hoe hard ik ook mijn best deed, mijn lichaam zei ""neen""""";"https://sporza.be/nl/2026/10/08/robin-orins-24-hangt-na-2-profseizoenen-fiets-aan-de-haak-hoe-hard-ik-ook-mijn-best-deed-mijn-lichaam-zei-neen~1791484414112/"
"VRT NWS (EN)";"EN";"2026-10-09";"Vincent Mannaert spreekt als CEO met de pers: ""Balans bij de Duivels is positief""";"https://sporza.be/nl/2026/10/08/vincent-mannaert-spreekt-als-ceo-met-de-pers-balans-bij-de-dui~1791481761371/"
"VRT NWS (EN)";"EN";"2026-10-09";"Red Flames jagen op WK-ticket, en krijgen vrijdag Polen op bezoek";"https://sporza.be/nl/2026/10/08/red-flames-jagen-op-wk-ticket-en-krijgen-vrijdag-polen-op-bezoek~1791460265415/"
"VRT NWS (EN)";"EN";"2026-10-09";"Lionel Messi zwaait af bij Argentinië met 2 assists en een goal: ""Ik zal jullie missen""";"https://sporza.be/nl/2026/10/07/lionel-messi-zwaait-af-bij-argentinie-met-2-assists-en-een-goal~1791375090988/"
"VRT NWS (EN)";"EN";"2026-10-09";"VIDEO - 21 keer Messi-magie, herbeleef al zijn doelpunten op het WK voetbal";"https://sporza.be/nl/2026/10/07/video-21-keer-messi-magie-herbeleef-al-zijn-doelpunten-op-het-wk-voetbal~1791358313343/"
"VRT NWS (EN)";"EN";"2026-10-09";"VIDEO - Met overschot! Paul Magnier snelt eenvoudig naar winst in Binche-Chimay-Binche";"https://sporza.be/nl/2026/10/06/video-met-overschot-paul-magnier-snelt-eenvoudig-naar-winst-i~1791300037634/"
"RTBF Actus (FR)";"FR";"2026-10-09";"Faut-il répéter le schéma ou s'unir pour sortir du cercle vicieux ?";"/article/pas-dans-nos-poches-quelles-sont-les-revendications-des-syndicats-en-cette-journee-de-mobilisation-11797487"
"RTBF Actus (FR)";"FR";"2026-10-09";"Le Grand Cactus : Bernard Quintin chante pour les Fagnes";"/article/budget-2027-le-deficit-de-la-federation-wallonie-bruxelles-recule-la-rtbf-devra-economiser-au-moins-20-millions-d-euros-11797593"
"RTBF Actus (FR)";"FR";"2026-10-09";"James Dean, le nouvel homme";"/article/direct-manifestation-nationale-de-ce-9-octobre-selon-la-fgtb-50-000-personnes-sont-presentes-a-bruxelles-11797028"
"RTBF Actus (FR)";"FR";"2026-10-09";"Saloua est dépassée par son fils handicapé et violent";"/article/notre-colere-est-legitime-et-on-ne-nous-ecoute-pas-pourquoi-les-jeunes-manifestent-11797379"
"RTBF Actus (FR)";"FR";"2026-10-09";"Manifestation nationale : des casseurs sont entrés dans Bruxelles";"/article/angele-annonce-une-release-party-a-bruxelles-avec-plein-d-invites-pour-la-sortie-de-son-album-instinct-11797573"
"RTBF Actus (FR)";"FR";"2026-10-09";"Pourquoi dit-on « merde » au théâtre ?";"/article/angele-annonce-une-release-party-a-bruxelles-avec-plein-d-invites-pour-la-sortie-de-son-album-instinct-11797573"
"RTBF Actus (FR)";"FR";"2026-10-09";"On te présente la cause de CAP48Heures avec Arcane";"/article/la-revue-de-presse-et-si-la-violence-venait-du-monde-politique-11797416"
"RTBF Actus (FR)";"FR";"2026-10-09";"Aurait-on pu prévoir l'incendie dans les Fagnes dès la veille ?";"/article/f1-en-confiance-max-verstappen-vise-un-premier-succes-a-singapour-on-a-toujours-eu-du-mal-ici-11797550"
"RTBF Actus (FR)";"FR";"2026-10-09";"Djemella Tassin s’apprête à entrer dans l’histoire.";"/article/un-futur-numero-1-qui-ne-bat-pas-les-meilleurs-le-paradoxe-alexander-zverev-11797529"
"RTBF Actus (FR)";"FR";"2026-10-09";"Manifestation nationale : les militants des Engagés se rassemblent";"/article/standard-charleroi-a-huis-clos-punir-24-000-personnes-pour-les-agissements-de-quelques-uns-n-est-pas-une-solution-11797428"
"RTBF Actus (FR)";"FR";"2026-10-09";"The Magic City - Birmingham selon Sun Ra";"/article/le-prix-nobel-de-la-paix-attribue-a-la-sud-africaine-navi-pillay-11797495"
"RTBF Actus (FR)";"FR";"2026-10-09";"Muriel a grandi avec une soeur en situation de handicap";"/article/le-prix-nobel-de-la-paix-attribue-a-la-sud-africaine-navi-pillay-11797495"
"RTBF Actus (FR)";"FR";"2026-10-09";"""Pas dans nos poches !"" : quelles sont les revendications des syndicats en cette journée de mobilisation ?";"/article/acces-aux-soins-un-malade-mort-ne-coute-plus-rien-a-l-etat-denonce-une-dermatologue-11796832"
"RTBF Actus (FR)";"FR";"2026-10-09";"Budget 2027 de la FWB conclu, la RTBF devra économiser 20 millions d’euros supplémentaires";"/article/fromages-terroir-et-libre-echange-l-argentine-prise-entre-l-europe-et-les-etats-unis-11795523"
"RTBF Actus (FR)";"FR";"2026-10-09";"Direct – Manifestation nationale de ce 9 octobre : entre 30.000 et 50.000 personnes dans les rues de Bruxelles";"/article/greve-nationale-a-bruxelles-proprete-les-collectes-fortement-perturbees-et-plusieurs-recypark-fermes-11797515"
"RTBF Actus (FR)";"FR";"2026-10-09";"""Notre colère est légitime et on ne nous écoute pas"" : pourquoi les jeunes se mobilisent";"/article/manifestation-nationale-haydn-beethoven-et-l-ode-a-la-joie-quand-la-musique-defiait-le-pouvoir-11797465"
"RTBF Actus (FR)";"FR";"2026-10-09";"Angèle annonce une release party à Bruxelles avec plein d'invités pour la sortie de son album ""Instinct""";"/article/apres-10-ans-de-creation-le-belge-anthony-vaccarello-quitte-saint-laurent-11797452"
"RTBF Actus (FR)";"FR";"2026-10-09";"Angèle annonce une release party à Bruxelles avec plein d'invités pour la sortie de son album ""Instinct""";"/article/la-superbe-image-inedite-de-l-aube-sur-mars-partagee-par-la-nasa-11796910"
"RTBF Actus (FR)";"FR";"2026-10-09";"La revue de presse : et si la violence venait du monde politique ?";"/article/jerome-de-warzee-est-perdu-face-aux-manifestations-a-liege-on-ne-comprend-plus-rien-du-tout-11797468"
"RTBF Actus (FR)";"FR";"2026-10-09";"F1 – En confiance, Max Verstappen vise un premier succès à Singapour : ""On a toujours eu du mal ici""";"/article/quand-une-brigade-neerlandaise-decoupe-les-cadenas-des-velos-sous-les-yeux-meduses-de-philippe-gougler-11797493"
"RTBF Actus (FR)";"FR";"2026-10-09";"Un futur numéro 1 qui ne bat pas les meilleurs : le paradoxe Alexander Zverev";"/article/gianni-infantino-peut-sourire-victor-montagliani-son-rival-annonce-ne-devrait-pas-se-presenter-a-l-election-presidentielle-de-la-fifa-11797348"
"RTBF Actus (FR)";"FR";"2026-10-09";"Standard-Charleroi à huis clos : ""Punir 24.000 personnes pour les agissements de quelques-uns n’est pas une solution""";"/article/gianni-infantino-peut-sourire-victor-montagliani-son-rival-annonce-ne-devrait-pas-se-presenter-a-l-election-presidentielle-de-la-fifa-11797348"
"RTBF Actus (FR)";"FR";"2026-10-09";"Le prix Nobel de la paix 2026 attribué à Navanethem ""Navi"" Pillay, une vie à combattre l'impunité, de l'apartheid à Gaza";"/article/manifestations-etudiantes-et-defaite-face-a-la-france-sacha-ferra-se-met-en-mode-avion-11797371"
"RTBF Actus (FR)";"FR";"2026-10-09";"Le prix Nobel de la paix 2026 attribué à Navanethem ""Navi"" Pillay, une vie à combattre l'impunité, de l'apartheid à Gaza";"/article/courcelles-l-echevin-joel-hasselin-condamne-a-une-peine-de-travail-11797463"
"RTBF Actus (FR)";"FR";"2026-10-09";"Accès aux soins : ""Un malade mort ne coûte plus rien à l’État"", dénonce la présidente de l’Union belge des prestataires de soins";"/article/charleroi-le-corps-d-un-jeune-homme-de-21-ans-decouvert-dans-un-appartement-11797506"
"RTBF Actus (FR)";"FR";"2026-10-09";"Fromages, terroir et libre‑échange : l’Argentine prise entre l’Europe et les États‑Unis";"/article/c-est-quoi-l-antispecisme-comment-le-film-le-regne-animal-nous-invite-a-repenser-notre-rapport-aux-animaux-11795828"
"RTBF Actus (FR)";"FR";"2026-10-09";"Grève nationale à Bruxelles-Propreté : les collectes fortement perturbées et plusieurs Recypark fermés";"/article/la-saison-cycliste-touche-a-sa-fin-quelles-sont-les-dernieres-courses-a-suivre-11797386"
"RTBF Actus (FR)";"FR";"2026-10-09";"Manifestation nationale : Haydn, Beethoven et l’Ode à la joie, quand la musique défiait le pouvoir";"/article/incendie-dans-les-fagnes-l-engin-agricole-qui-pourrait-etre-a-l-origine-du-feu-du-14-aout-a-deja-provoque-un-incident-la-veille-11795886"
"RTBF Actus (FR)";"FR";"2026-10-09";"Après 10 ans de création, le Belge Anthony Vaccarello quitte Saint Laurent";"/article/les-red-flames-a-la-coupe-du-monde-2027-pourquoi-faire-simple-quand-on-peut-faire-complique-11797133"
"RTBF Actus (FR)";"FR";"2026-10-09";"La superbe image inédite de l’aube sur Mars, partagée par la NASA";"/article/la-bataille-contre-le-cancer-se-renforce-un-nouveau-plan-federal-pour-10-ans-11796930"
"RTBF Actus (FR)";"FR";"2026-10-09";"Jérôme de Warzée est perdu face aux manifestations à Liège : ""On ne comprend plus rien du tout""";"/article/un-policier-suspecte-de-viol-voit-sa-sanction-suspendue-par-le-conseil-d-etat-il-avait-ete-demissionne-d-office-11797299"
"RTBF Actus (FR)";"FR";"2026-10-09";"Quand une brigade néerlandaise découpe les cadenas des vélos sous les yeux médusés de Philippe Gougler";"/article/notre-enquete-revele-comment-des-adultes-ont-infiltre-les-manifestations-des-eleves-a-liege-et-incite-a-la-violence-11796889"
"RTBF Actus (FR)";"FR";"2026-10-09";"Gianni Infantino peut sourire : Victor Montagliani, son rival annoncé, ne devrait pas se présenter à l’élection présidentielle de la FIFA";"/article/budget-2027-le-deficit-de-la-federation-wallonie-bruxelles-recule-la-rtbf-devra-economiser-au-moins-20-millions-d-euros-11797593"
"RTBF Actus (FR)";"FR";"2026-10-09";"Gianni Infantino peut sourire : Victor Montagliani, son rival annoncé, ne devrait pas se présenter à l’élection présidentielle de la FIFA";"/article/notre-colere-est-legitime-et-on-ne-nous-ecoute-pas-pourquoi-les-jeunes-manifestent-11797379"
"RTBF Actus (FR)";"FR";"2026-10-09";"Manifestations étudiantes et défaite face à la France : Sacha ferra se met en mode avion";"/article/la-revue-de-presse-et-si-la-violence-venait-du-monde-politique-11797416"
"RTBF Actus (FR)";"FR";"2026-10-09";"Courcelles : l’échevin Joël Hasselin condamné à une peine de travail";"/article/contestation-du-secteur-de-l-enseignement-les-debats-a-la-chambre-sous-haute-tension-11797216"
"RTBF Actus (FR)";"FR";"2026-10-09";"Charleroi : le corps d'un jeune homme de 21 ans découvert dans un appartement";"/article/prix-de-l-abonnement-letec-minerval-et-precarite-etudiante-que-disent-les-chiffres-des-revendications-des-eleves-11796931"
"RTBF Actus (FR)";"FR";"2026-10-09";"C'est quoi, l'antispécisme ? Comment le film ""Le Règne animal"" nous invite à repenser notre rapport aux animaux";"/article/hausse-du-prix-du-minerval-le-mr-ne-fera-pas-marche-arriere-mais-des-evaluations-et-amendements-restent-possibles-pour-les-engages-11796996"
"RTBF Actus (FR)";"FR";"2026-10-09";"La saison cycliste touche à sa fin : quelles sont les dernières courses à suivre ?";"/article/a-choisir-quel-taux-d-imposition-accepteriez-vous-sur-vos-revenus-11796253"
"RTBF Actus (FR)";"FR";"2026-10-09";"Incendie dans les Fagnes : l’engin agricole qui pourrait être à l’origine du feu du 14 août a déjà provoqué un incident la veille";"/article/la-revue-de-presse-on-a-bien-fait-de-ne-pas-reformer-l-enseignement-flamand-11796803"
"RTBF Actus (FR)";"FR";"2026-10-09";"Les Red Flames à la Coupe du monde 2027 : pourquoi faire simple quand on peut faire compliqué ?";"/article/le-ministre-de-l-interieur-bernard-quintin-accuse-les-antifas-pour-les-incidents-de-liege-tous-les-moyens-necessaires-seront-mobilises-11796820"
"RTBF Actus (FR)";"FR";"2026-10-09";"La bataille contre le cancer se renforce : un nouveau plan fédéral pour 10 ans";"/article/les-red-flames-a-la-coupe-du-monde-2027-pourquoi-faire-simple-quand-on-peut-faire-complique-11797133"
"RTBF Actus (FR)";"FR";"2026-10-09";"Suspecté de viol, un policier de la zone de Charleroi voit sa sanction suspendue par le Conseil d’Etat : il avait été démissionné d’office";"/article/barrages-coupe-du-monde-2027-belgique-pologne-les-red-flames-doivent-gagner-a-domicile-direct-video-20h10-11797043"
"RTBF Actus (FR)";"FR";"2026-10-09";"Affiches, meneurs, incitations à la violence : que peut-on vraiment dire sur ceux qui influenceraient les manifestations des élèves ?";"/article/a-gaza-aucun-espoir-n-est-permis-pour-une-population-assiegee-affamee-et-sans-abri-11796992"
"RTBF Actus (FR)";"FR";"2026-10-09";"Budget 2027 de la FWB conclu, la RTBF devra économiser 20 millions d’euros supplémentaires";"/article/gaza-est-devenu-un-peu-le-trou-noir-de-notre-conscience-internationale-insiste-l-historien-jean-pierre-filiu-11797050"
"RTBF Actus (FR)";"FR";"2026-10-09";"""Notre colère est légitime et on ne nous écoute pas"" : pourquoi les jeunes se mobilisent";"/article/elections-en-israel-des-voix-s-elevent-pour-denoncer-une-democratie-en-danger-de-mort-11792709"
"RTBF Actus (FR)";"FR";"2026-10-09";"La revue de presse : et si la violence venait du monde politique ?";"/article/israel-en-alerte-face-a-tout-scenario-d-attaque-du-hamas-a-l-occasion-des-3-ans-du-7-octobre-11795917"
"RTBF Actus (FR)";"FR";"2026-10-09";"Contestation du secteur de l’enseignement : les débats à la Chambre sous haute tension";"/article/yemen-plus-de-90-frappes-saoudiennes-ces-dernieres-24-heures-11794271"
"RTBF Actus (FR)";"FR";"2026-10-09";"Prix de l'abonnement LeTec, minerval et précarité étudiante : que disent les chiffres des revendications des élèves ?";"/article/les-etats-unis-placent-sur-liste-noire-des-francais-accuses-de-financer-le-hamas-11794195"
"RTBF Actus (FR)";"FR";"2026-10-09";"Hausse du prix du minerval : le MR ne fera pas marche arrière, mais ""des évaluations et amendements"" restent possibles pour Les Engagés";"/article/des-images-satellites-de-google-montrent-l-etat-de-destruction-du-sud-de-la-bande-de-gaza-11792651"
"RTBF Actus (FR)";"FR";"2026-10-09";"Budget : deux experts pointent les trois problèmes majeurs du système d'imposition en Belgique";"/article/naza-le-film-qui-fait-scandale-en-israel-projete-en-belgique-les-dessous-des-frappes-israeliennes-sur-gaza-et-les-victimes-civiles-collaterales-11791763"
"RTBF Actus (FR)";"FR";"2026-10-09";"La revue de presse : ""On a bien fait de ne pas réformer l’enseignement flamand""";"/article/harcelement-mariages-forces-et-viols-des-femmes-de-gaza-temoignent-de-leur-insecurite-permanente-11791332"
"RTBF Actus (FR)";"FR";"2026-10-09";"Le ministre de l’Intérieur Bernard Quintin accuse les antifas pour les incidents de Liège, ""un fantasme pour légitimer son projet de loi"" répond le front antifasciste";"/article/gaetan-delferiere-toujours-plus-anxieux-le-retour-de-la-peste-je-ne-l-avais-pas-mis-dans-mon-bingo-2026-11796802"
"RTBF Actus (FR)";"FR";"2026-10-09";"Les Red Flames à la Coupe du monde 2027 : pourquoi faire simple quand on peut faire compliqué ?";"/article/la-revue-de-presse-on-a-bien-fait-de-ne-pas-reformer-l-enseignement-flamand-11796803"
"RTBF Actus (FR)";"FR";"2026-10-09";"Barrages – Coupe du monde 2027, Belgique – Pologne : les Red Flames doivent gagner à domicile (Direct vidéo 20h10)";"/article/quand-les-rolling-stones-rod-stewart-et-le-rock-se-sont-mis-au-disco-11796227"
"RTBF Actus (FR)";"FR";"2026-10-09";"A Gaza, aucun espoir n’est permis pour une population assiégée, affamée et sans abri";"/article/bart-de-wever-un-dernier-coup-de-pression-pour-la-route-11796804"
"RTBF Actus (FR)";"FR";"2026-10-09";"""Gaza est devenu un peu le trou noir de notre conscience internationale"", insiste l'historien Jean-Pierre Filiu";"/article/l-enfant-de-personne-l-histoire-vraie-et-bouleversante-d-un-ancien-enfant-place-10694013"
"RTBF Actus (FR)";"FR";"2026-10-09";"Élections en Israël : des voix s'élèvent pour dénoncer ""une démocratie en danger de mort""";"/article/gregoire-gerstmans-est-l-invite-de-culture-en-prime-11796304"
"RTBF Actus (FR)";"FR";"2026-10-09";"Israël en alerte face à ""tout scénario"" d'attaque du Hamas à l'occasion des 3 ans du 7-Octobre";"/article/james-dean-comment-une-enfance-saccagee-a-donne-naissance-a-une-legende-du-cinema-11794082"
"RTBF Actus (FR)";"FR";"2026-10-09";"Yémen : plus de 90 frappes saoudiennes ces dernières 24 heures";"/article/renaud-le-gosse-de-paname-entre-le-triomphe-des-mistral-gagnants-et-ses-annees-tourmentees-11628730"
"RTBF Actus (FR)";"FR";"2026-10-09";"Les États-Unis placent sur liste noire des Français accusés de financer le Hamas";"/article/vous-considerez-que-notre-reportage-est-incomplet-un-droit-de-reponse-est-il-possible-11786650"
"RTBF Actus (FR)";"FR";"2026-10-09";"Des images satellites de Google montrent l’état de destruction du sud de la bande de Gaza";"/article/proximite-interaction-et-collaboration-comment-la-rtbf-ancre-ses-contenus-au-c-ur-des-regions-11786513"
"RTBF Actus (FR)";"FR";"2026-10-09";"Naza, le film qui fait scandale en Israël projeté en Belgique : les dessous des frappes israéliennes sur Gaza et les victimes civiles collatérales";"/article/que-fait-la-rtbf-de-vos-donnees-collecte-algorithmes-et-protection-de-la-vie-privee-decryptes-11776913"
"RTBF Actus (FR)";"FR";"2026-10-09";"Harcèlement, mariages forcés et viols : des femmes de Gaza témoignent de leur insécurité permanente";"/article/enfant-illegitime-un-terme-a-eviter-sur-nos-antennes-11776723"
"RTBF Actus (FR)";"FR";"2026-10-09";"Gaëtan Delferière toujours plus anxieux : ""Le retour de la peste ? Je ne l’avais pas mis dans mon bingo 2026""";"/article/les-jeunes-et-l-actu-plus-informes-qu-on-ne-le-pense-mais-pas-a-l-abri-de-pieges-11763284"
"RTBF Actus (FR)";"FR";"2026-10-09";"La revue de presse : ""On a bien fait de ne pas réformer l’enseignement flamand""";"/article/moderation-sur-les-reseaux-sociaux-le-defi-quotidien-de-la-rtbf-11758876"
"RTBF Actus (FR)";"FR";"2026-10-09";"Quand les Rolling Stones, Rod Stewart et le rock se sont mis au disco";"/article/age-conseille-contenus-sensibles-une-nouvelle-signaletique-tele-des-le-1er-juillet-11745979"
"RTBF Actus (FR)";"FR";"2026-10-09";"Bart De Wever : un dernier coup de pression, pour la route";"/article/bivouacs-du-journalisme-les-contacts-avec-le-public-sont-extremement-enrichissants-on-retire-le-micro-la-camera-jean-pierre-jacqmin-ancien-directeur-de-l-info-de-la-rtbf-11746010"
"RTBF Actus (FR)";"FR";"2026-10-09";"""L’enfant de personne"" : l’histoire vraie et bouleversante d’un ancien enfant placé, avec Isabelle Carré, Andréa Bescond et Nawell Madani";"/article/coupe-du-monde-les-matchs-des-diables-rouges-aussi-pour-les-malvoyants-11743270"
"RTBF Actus (FR)";"FR";"2026-10-09";"Grégoire Gerstmans est l'invité de Culture en prime";"/article/le-reveil-de-tipik-vous-offre-un-lit-d-une-valeur-de-3000-11795077"
"RTBF Actus (FR)";"FR";"2026-10-09";"James Dean : comment trois films ont suffi à faire de lui une légende du cinéma ?";"/article/autour-de-gertrude-decouvrez-le-spectacle-immersif-exceptionnel-de-la-collegiale-sainte-gertrude-de-nivelles-11797152"
"RTBF Actus (FR)";"FR";"2026-10-09";"Renaud : entre ombre et lumière, retour sur le parcours en dents de scie d'un artiste adoré";"/article/assistez-aux-blind-de-la-saison-4-de-the-voice-kids-avec-tipik-11796949"
"RTBF Actus (FR)";"FR";"2026-10-09";"Vous considérez que notre reportage est incomplet ? Un droit de réponse est-il possible ?";"/article/remportez-vos-places-pour-le-film-mochy-avec-auvio-kids-11796356"
"RTBF Actus (FR)";"FR";"2026-10-09";"Comment la RTBF ancre ses contenus au cœur des régions : proximité, interactions et collaborations";"/article/remportez-vos-places-pour-heleween-avec-auvio-kids-11796355"
"RTBF Actus (FR)";"FR";"2026-10-09";"Que fait la RTBF de vos données ? Collecte, algorithmes et protection de la vie privée décryptés";"/article/gagnez-vos-acces-vip-au-village-des-kids-a-malmedy-11796360"
"RTBF Actus (FR)";"FR";"2026-10-09";"""Enfant illégitime"" : un terme à éviter sur nos antennes";"/article/tipik-vous-offre-des-places-de-cinema-pour-decouvrir-le-film-wicker-11796045"
"RTBF Actus (FR)";"FR";"2026-10-09";"Les jeunes et l’actu : plus informés qu’on ne le pense mais pas à l’abri de pièges";"/article/tentez-d-assister-a-l-avant-premiere-du-film-sanguine-11796032"
"RTBF Actus (FR)";"FR";"2026-10-09";"Modération sur les réseaux sociaux : le défi quotidien de la RTBF";"/article/concours-remporte-des-places-pour-la-made-in-asia-grace-a-rtbf-ixpe-tipik-et-tarmac-11795881"
"RTBF Actus (FR)";"FR";"2026-10-09";"Nouvelle signalétique TV : ce qui change ce 1er juillet";"/article/manifestation-et-greve-les-9-et-12-octobre-quelles-perturbations-dans-les-transports-et-les-services-publics-11796891"
"RTBF Actus (FR)";"FR";"2026-10-09";"Bivouacs du journalisme : ""Les contacts avec le public sont extrêmement enrichissants"", Jean-Pierre Jacqmin, ancien directeur de l’info de la RTBF";"/article/direct-manifestation-nationale-de-ce-9-octobre-selon-la-fgtb-50-000-personnes-sont-presentes-a-bruxelles-11797028"
"RTBF Actus (FR)";"FR";"2026-10-09";"Coupe du monde : les matchs des Diables Rouges aussi pour les malvoyants";"/article/incendie-dans-les-fagnes-l-engin-agricole-qui-pourrait-etre-a-l-origine-du-feu-du-14-aout-a-deja-provoque-un-incident-la-veille-11795886"
"RTBF Actus (FR)";"FR";"2026-10-09";"Le réveil de Tipik vous offre un lit d'une valeur de 3000€ avec la Literie Massart";"/article/notre-enquete-revele-comment-des-adultes-ont-infiltre-les-manifestations-des-eleves-a-liege-et-incite-a-la-violence-11796889"
"RTBF Actus (FR)";"FR";"2026-10-09";"""Autour de Gertrude"" : découvrez le spectacle immersif exceptionnel de la collégiale Sainte-Gertrude de Nivelles";"/article/liege-un-forain-tire-a-la-carabine-en-direction-d-etudiants-en-marge-d-une-manifestation-deux-blesses-legers-11796966"
"RTBF Actus (FR)";"FR";"2026-10-09";"Assistez aux Blind de la saison 4 de The Voice Kids avec Tipik";"/article/a-choisir-quel-taux-d-imposition-accepteriez-vous-sur-vos-revenus-11796253"
"RTBF Actus (FR)";"FR";"2026-10-09";"Remportez vos places pour le film Mochy avec Auvio Kids";"https://auvio.rtbf.be/media/les-remarquables-les-remarquables-best-of-3526457"
"RTBF Actus (FR)";"FR";"2026-10-09";"Remportez vos places pour Héléween avec Auvio Kids";"https://auvio.rtbf.be/media/les-enquetes-de-murdoch-les-enquetes-de-murdoch-s17-3526021"
"RTBF Actus (FR)";"FR";"2026-10-09";"Gagnez vos accès VIP au Village des Kids à Malmedy";"https://auvio.rtbf.be/media/le-8-9-le-8-9-3526389"
"RTBF Actus (FR)";"FR";"2026-10-09";"Tipik vous offre des places de cinéma pour découvrir le film Wicker";"https://auvio.rtbf.be/media/un-si-grand-soleil-un-si-grand-soleil-3525911"
"RTBF Actus (FR)";"FR";"2026-10-09";"Tentez d'assister à l'avant-première du film Sanguine";"https://auvio.rtbf.be/media/le-6-8-le-6-8-3526345"
"RTBF Actus (FR)";"FR";"2026-10-09";"Concours : remporte des places pour la Made in Asia grâce à RTBF iXPé et Tipik";"https://auvio.rtbf.be/media/caramba-caramba-3526170"
"RTBF Actus (FR)";"FR";"2026-10-09";"Manifestation et grève les 9 et 12 octobre : quelles perturbations dans les transports et les services publics ?";"https://auvio.rtbf.be/media/les-feux-de-l-amour-feux-de-l-amour-s27-3525828"
"RTBF Actus (FR)";"FR";"2026-10-09";"Direct – Manifestation nationale de ce 9 octobre : entre 30.000 et 50.000 personnes dans les rues de Bruxelles";"https://auvio.rtbf.be/media/velvet-le-nouvel-empire-velvet-le-nouvel-empire-3525829"
"RTBF Actus (FR)";"FR";"2026-10-09";"Incendie dans les Fagnes : l’engin agricole qui pourrait être à l’origine du feu du 14 août a déjà provoqué un incident la veille";"https://auvio.rtbf.be/media/nous-parents-nous-parents-3525817"
"RTBF Actus (FR)";"FR";"2026-10-09";"Affiches, meneurs, incitations à la violence : que peut-on vraiment dire sur ceux qui influenceraient les manifestations des élèves ?";"https://auvio.rtbf.be/media/jour-blanc-le-defi-fou-de-participer-aux-jeux-paralympiques-de-milan-cortina-3525816"
"RTBF Actus (FR)";"FR";"2026-10-09";"Liège : un tir de carabine à plomb en direction d'étudiants en marge d'une manifestation, deux blessés légers";"https://auvio.rtbf.be/media/il-reste-encore-demain-le-courage-bouleversant-de-dire-non-3525806"
"RTBF Actus (FR)";"FR";"2026-10-09";"Budget : deux experts pointent les trois problèmes majeurs du système d'imposition en Belgique";"https://auvio.rtbf.be/media/sante-mentale-briser-le-tabou-ces-celebrites-liberent-la-parole-3526080"
"France 24 (EN)";"EN";"2026-10-09";"South Africa's Navi Pillay wins 2026 Nobel Peace Prize";"https://france24.com/en/europe/20261009-south-africa-s-navanethem-navi-pillay-wins-2026-nobel-peace-prize"
"France 24 (EN)";"EN";"2026-10-09";"Nobel Prize in Literature awarded to Canada’s Anne Carson";"https://france24.com/en/europe/20261008-nobel-prize-in-literature-awarded-to-canada-anne-carson"
"France 24 (EN)";"EN";"2026-10-09";"Nobel Prize in Chemistry awarded to France's Henri Kagan, Japan's Kenso Soai";"https://france24.com/en/europe/20261007-nobel-prize-in-chemistry-jointly-awarded-to-france-s-henri-kagan-japan-s-kenso-soai"
"France 24 (EN)";"EN";"2026-10-09";"Live: 141 French high schools closed as student protests continue for fifth day";"https://france24.com/en/france/20261009-live-141-french-high-schools-closed-as-student-protests-continue-for-fifth-day"
"France 24 (EN)";"EN";"2026-10-09";"Trump envoys, European officials to discuss ‘new ideas’ for Ukraine peace in Miami";"https://france24.com/en/europe/20261008-trump-envoys-ukraine-peace-talks-miami"
"France 24 (EN)";"EN";"2026-10-09";"New York mayor to ask Trump for ICE withdrawal after agents shoot man in car with child";"https://france24.com/en/americas/20261009-new-york-mayor-calls-for-ice-removal-after-man-shot-with-5-year-old-nearby"
"France 24 (EN)";"EN";"2026-10-09";"Fort Hood shooter’s firing squad execution to be livestreamed, Pentagon says";"https://france24.com/en/americas/20261008-fort-hood-shooter-firing-squad-execution-livestreamed-pentagon"
"France 24 (EN)";"EN";"2026-10-09";"‘Nothing will stop us’: French student protests show few signs of ending";"https://france24.com/en/france/20261008-nothing-will-stop-us-french-student-protests-show-few-signs-of-ending"
"France 24 (EN)";"EN";"2026-10-09";"Families reunited as USS Lincoln returns from troubled 10-month deployment";"https://france24.com/en/americas/20261009-families-reunited-as-uss-lincoln-comes-home-after-troubled-gulf-deployment"
"France 24 (EN)";"EN";"2026-10-09";"Tens of thousands march in Madrid to mourn pensioner whose eviction sparked housing protests";"https://france24.com/en/europe/20261009-tens-of-thousands-march-in-madrid-to-mourn-pensioner-whose-eviction-sparked-housing-protests"
"France 24 (EN)";"EN";"2026-10-09";"Man City will win appeal over financial charges, says Maresca";"https://france24.com/en/live-news/20261009-man-city-will-win-appeal-over-financial-charges-says-maresca"
"France 24 (EN)";"EN";"2026-10-09";"Pentagon vows to livestream first military execution in decades";"https://france24.com/en/video/20261009-pentagon-vows-to-livestream-first-military-execution-in-decades"
"France 24 (EN)";"EN";"2026-10-09";"South African judge Navi Pillay wins Nobel Peace Prize";"https://france24.com/en/live-news/20261009-will-nobel-peace-prize-pick-make-waves-at-the-white-house"
"France 24 (EN)";"EN";"2026-10-09";"Black Sea and black ops: How exposed is Europe to Ukraine war spillover?";"https://france24.com/en/tv-shows/the-debate/20261008-black-sea-and-black-ops-how-exposed-is-europe-to-ukraine-war-spillover"
"France 24 (EN)";"EN";"2026-10-09";"Canadian poet and author Anne Carson wins Nobel Prize in Literature";"https://france24.com/en/tv-shows/arts24/20261009-canadian-poet-and-author-anne-carson-wins-nobel-prize-in-literature"
"France 24 (EN)";"EN";"2026-10-09";"Aaron Sorkin, Mikey Madison, Jeremy Allen White: The director and cast behind the Facebook sequel";"https://france24.com/en/tv-shows/arts24/20261008-aaron-sorkin-mikey-madison-jeremy-allen-white-the-director-and-cast-behind-the-facebook-sequel"
"France 24 (EN)";"EN";"2026-10-09";"US targets Microsoft, Adobe in new visa crackdown";"https://france24.com/en/tv-shows/business/20261009-us-targets-microsoft-adobe-in-new-visa-crackdown"
"France 24 (EN)";"EN";"2026-10-09";"Protest culture: Why do French students repeatedly rise up?";"https://france24.com/en/tv-shows/french-connections/20261008-protest-culture-why-do-french-students-repeatedly-rise-up"
"France 24 (EN)";"EN";"2026-10-09";"Strait of Hormuz crisis fuels Cairo's plastic recycling business";"https://france24.com/en/tv-shows/focus/20261008-strait-of-hormuz-crisis-fuels-cairo-s-plastic-recycling-business"
"France 24 (EN)";"EN";"2026-10-09";"Palestinians gained 'nothing' from October 7, Egyptian businessman Naguib Sawiris says";"https://france24.com/en/tv-shows/t%C3%AAte-%C3%A0-t%C3%AAte/20261008-palestinians-gained-nothing-from-october-7-egyptian-businessman-naguib-sawiris-says"
"France 24 (EN)";"EN";"2026-10-09";"Paraguay, a tax and political haven for Brazil's far right";"https://france24.com/en/tv-shows/reporters/20261002-paraguay-a-tax-and-political-haven-for-brazil-s-far-right"
"France 24 (EN)";"EN";"2026-10-09";"French government vows to boost teacher numbers in bid to ease school crisis";"https://france24.com/en/france/20261008-live-students-fourth-round-protests-education-funding-france"
"France 24 (EN)";"EN";"2026-10-09";"What France's student protesters want – and what the government is offering";"https://france24.com/en/france/20261007-what-france-s-student-protesters-want-%E2%80%93-and-what-the-government-is-offering"
"France 24 (EN)";"EN";"2026-10-09";"France suspends the use of stun grenades after student protester loses hand";"https://france24.com/en/france/20261007-france-suspends-the-use-of-stun-grenades-after-student-protester-loses-hand"
"France 24 (EN)";"EN";"2026-10-09";"Brazil's Flavio Bolsonaro wins support of third-place candidate in presidential race";"https://france24.com/en/americas/20261009-brazil-flavio-bolsonaro-third-place-candidate-lula"
"France 24 (EN)";"EN";"2026-10-09";"French, US and Russian astronauts return to Earth after eight months in space";"https://france24.com/en/europe/20261008-french-us-and-russian-astronauts-return-to-earth-after-eight-months-in-space"
"France 24 (EN)";"EN";"2026-10-09";"OpenAI bans Russian, Iranian ChatGPT propaganda networks";"https://france24.com/en/technology/20261008-openai-bans-russian-iranian-chatgpt-propaganda-networks"
"France 24 (EN)";"EN";"2026-10-09";"US files new torture charges against  Venezuela's Nicolas Maduro and wife Cilia Flores";"https://france24.com/en/americas/20261008-us-files-new-torture-charges-venezuela-nicolas-maduro-cilia-flores"
"France 24 (EN)";"EN";"2026-10-09";"Two Latvian men arrested at UK base housing US and NATO intelligence hubs";"https://france24.com/en/europe/20261008-two-latvian-men-arrested-at-uk-base-housing-us-and-nato-intelligence-hubs"
"France 24 (EN)";"EN";"2026-10-09";"Search warrants for former prince Andrew's homes were unlawful, UK court rules";"https://france24.com/en/europe/20261008-search-warrants-for-former-prince-andrew-homes-were-unlawful-uk-court-rules"
"France 24 (EN)";"EN";"2026-10-09";"Diplomats take shelter in Saudi capital as Yemen's Houthis target Riyadh airport";"https://france24.com/en/middle-east/20261008-diplomats-school-pupils-take-shelter-in-saudi-capital-as-yemen-s-houthis-step-up-attacks"
"France 24 (EN)";"EN";"2026-10-09";"How Netanyahu survived the political fallout from the October 7 attacks";"https://france24.com/en/middle-east/20261007-how-netanyahu-survived-the-political-fallout-from-the-october-7-attacks"
"France 24 (EN)";"EN";"2026-10-09";"How Lula’s successes in Brazil may have paved the way for his presidential defeat";"https://france24.com/en/americas/20261005-how-lulas-successes-in-brazil-may-have-paved-the-way-for-his-presidential-defeat"
"France 24 (EN)";"EN";"2026-10-09";"Ossoff and El-Sayed: Two Senate races and what they say about the Democratic Party";"https://france24.com/en/americas/20261004-ossoff-and-el-sayed-two-senate-races-and-what-they-say-about-the-democratic-party"
"France 24 (EN)";"EN";"2026-10-09";"Italy’s Ustica enigma: Can French files solve mystery crash blamed on stray missile?";"https://france24.com/en/europe/20261003-italy-ustica-enigma-can-french-files-solve-mystery-crash-blamed-on-stray-missile-gaddafi"
"France 24 (EN)";"EN";"2026-10-09";"Explosions heard in Saudi capital Riyadh after Houthis' deadly attacks on airports";"https://france24.com/en/middle-east/20261008-saudi-arabia-strikes-deadly-houthi-attacks-airports"
"France 24 (EN)";"EN";"2026-10-09";"'We're fed up': Paris students rise up in a movement that shows no sign of slowing";"https://france24.com/en/france/20261006-we-re-fed-up-paris-students-rise-up-in-a-movement-that-shows-no-sign-of-slowing"
"France 24 (EN)";"EN";"2026-10-09";"French student unions demand talks with Lecornu as PM seeks to ease tensions";"https://france24.com/en/france/20261007-live-france-suspends-stun-grenade-use-school-protests-after-15-year-old-loses-hand"
"France 24 (EN)";"EN";"2026-10-09";"Christa Pike 'angry and confused' after surviving Tennessee execution attempt";"https://france24.com/en/americas/20261006-christa-pike-regains-consciousness-after-botched-tennessee-execution-attempt"
"France 24 (EN)";"EN";"2026-10-09";"French interior ministry estimates 250,000 join student protests; organisers claim 450,000";"https://france24.com/en/france/20261006-french-interior-ministry-estimates-250-000-join-student-protests-organisers-claim-450-000"
"France 24 (EN)";"EN";"2026-10-09";"Russian lab worker's death sparks plague fears as unverified claims spread online";"https://france24.com/en/tv-shows/truth-or-fake/20261006-russian-lab-worker-s-death-sparks-plague-fears-as-unverified-claims-spread-online-1"
"France 24 (EN)";"EN";"2026-10-09";"'Busification': Inside Ukraine’s controversial recruitment practices";"https://france24.com/en/europe/20261006-busification-inside-ukraine-s-controversial-recruitment-practices"
"France 24 (EN)";"EN";"2026-10-09";"West Bank: Palestinians ‘harassed’ by settlers’ increasing use of drones";"https://france24.com/en/middle-east/20261004-occupied-west-bank-palestinians-harassed-settlers-drones"
"France 24 (EN)";"EN";"2026-10-09";"Video shows Iranian police beating, sexually humiliating teenage detainee";"https://france24.com/en/middle-east/20260929-iran-police-video-teenage-detainee-abuse"
"France 24 (EN)";"EN";"2026-10-09";"Residents in West Bank's Masafer Yatta face Israeli demolitions";"https://france24.com/en/tv-shows/the-observers/20260924-residents-west-bank-masafer-yatta-israeli-demolitions"
"France 24 (EN)";"EN";"2026-10-09";"The church by the airport: Inside Russia’s suspected spy activities in Sweden";"https://france24.com/en/europe/20250704-the-church-by-the-airport-inside-russia-s-suspected-spy-activities-in-sweden"
"France 24 (EN)";"EN";"2026-10-09";"Searching for radioactive waste in the depths of the Atlantic";"https://france24.com/en/environment/20250607-searching-radioactive-waste-depths-atlantic-france-nuclear"
"France 24 (EN)";"EN";"2026-10-09";"‘Unwavering friendship’: The true story of nine women who escaped a Nazi death march";"https://france24.com/en/europe/20250429-true-story-nine-women-who-escaped-nazi-death-march-ravensbruck"
"France 24 (EN)";"EN";"2026-10-09";"Pope Francis, first Latin American pontiff and champion of the forgotten";"https://france24.com/en/europe/20250421-pope-francis-first-latin-american-pontiff-dies-after-double-pneumonia-battle"
"France 24 (EN)";"EN";"2026-10-09";"Haiti’s independence ransom: Macron offers ‘truth’, Haitians want reparations";"https://france24.com/en/americas/20250417-haiti-independence-ransom-macron-offers-truth-haitians-want-reparations-slavery"
"France 24 (EN)";"EN";"2026-10-09";"Saved from destruction: Paris show offers glimpse of Gaza’s archaeological treasures";"https://france24.com/en/culture/20250403-saved-from-destruction-paris-exhibition-offers-glimpse-of-gaza-archaeological-treasures"
"France 24 (EN)";"EN";"2026-10-09";"El Nino set to intensify before peaking in December, UN warns";"https://france24.com/en/environment/20261008-el-nino-set-to-intensify-before-peaking-in-december-un-warns"
"France 24 (EN)";"EN";"2026-10-09";"Frenchwoman buys elephants from abusive owners in Laos";"https://france24.com/en/tv-shows/down-to-earth/20261005-frenchwoman-buys-elephants-from-abusive-owners-in-laos"
"France 24 (EN)";"EN";"2026-10-09";"Pacific leaders urge climate action as UN pre-COP talks open in Fiji";"https://france24.com/en/environment/20261004-pacific-leaders-climate-action-un-pre-cop-talks-fiji"
"France 24 (EN)";"EN";"2026-10-09";"More than half of Europe faced intense summer heat stress, EU monitor says";"https://france24.com/en/environment/20261002-europe-summer-heat-stress-eu-monitor"
"France 24 (EN)";"EN";"2026-10-09";"Boston Ballet returns to Paris and builds lasting legacy";"https://france24.com/en/tv-shows/entre-nous/20261008-boston-ballet-returns-to-paris-and-builds-lasting-legacy"
"France 24 (EN)";"EN";"2026-10-09";"A new 'Les Mis': This week in French film";"https://france24.com/en/tv-shows/arts24/20261007-a-new-les-mis-this-week-in-french-film"
"France 24 (EN)";"EN";"2026-10-09";"Morocco and Senegal await AFCON final verdict after arbitration hearing";"https://france24.com/en/sport/20261009-morocco-and-senegal-await-afcon-final-verdict-after-arbitration-hearing"
"France 24 (EN)";"EN";"2026-10-09";"Portugal: Cristiano Ronaldo controversy rumbles on";"https://france24.com/en/tv-shows/sports/20261008-portugal-cristiano-ronaldo-controversy-rumbles-on"
"France 24 (EN)";"EN";"2026-10-09";"Lionel Messi scores as Argentina beat Benin for his last international game";"https://france24.com/en/tv-shows/sports/20261007-lionel-messi-scores-as-argentina-beat-benin-for-his-last-international-game"
"France 24 (EN)";"EN";"2026-10-09";"Messi bids farewell to Argentina fans in emotional international finale";"https://france24.com/en/sport/20261007-messi-bids-farewell-to-argentina-fans-in-emotional-international-finale"
"France 24 (EN)";"EN";"2026-10-09";"AI companies sign voluntary accord on safety with Trump";"https://france24.com/en/technology/20260929-trump-says-ai-companies-sign-voluntary-accord-on-safety-controls"
"France 24 (EN)";"EN";"2026-10-09";"Rogue AI accessed federal websites, posted user images online, ChatGPT says";"https://france24.com/en/technology/20260926-chatgpt-says-its-rogue-ai-agents-posted-users-images-online-entered-federal-website"
"France 24 (EN)";"EN";"2026-10-09";"French student protests: Police impunity ‘below' the standards of a 'well-functioning democracy’";"https://france24.com/en/video/20261009-french-student-protests-police-impunity-below-the-standards-of-a-well-functioning-democracy-1"
"France 24 (EN)";"EN";"2026-10-09";"Court of Arbitration for Sport hears Senegal's appeal over AFCON title";"https://france24.com/en/tv-shows/eye-on-africa/20261009-court-of-arbitration-for-sport-hears-senegal-s-appeal-over-afcon-title"
"France 24 (EN)";"EN";"2026-10-09";"Senegal and Morocco set for AFCON title rematch – in Swiss sports court";"https://france24.com/en/africa/20261008-senegal-and-morocco-set-for-afcon-title-rematch-%E2%80%93-swiss-sports-court"
"France 24 (EN)";"EN";"2026-10-09";"Hegseth says Fort Hood shooter's military execution will be 'livestreamed'";"https://france24.com/en/tv-shows/press-review/20261009-hegseth-says-fort-hood-shooter-s-military-execution-will-be-livestreamed"
"France 24 (EN)";"EN";"2026-10-09";"China's evolving funeral practices: From traditional burials to cremation";"https://france24.com/en/tv-shows/focus/20261007-china-s-evolving-funeral-practices-from-traditional-burials-to-cremation"
"France 24 (EN)";"EN";"2026-10-09";"ICC unseals arrest warrants for Taliban education ministers";"https://france24.com/en/asia-pacific/20261005-icc-unseals-arrest-warrants-for-taliban-education-ministers"
"France 24 (EN)";"EN";"2026-10-09";"Indian police detain demonstrators as protests over voter roll revision intensify";"https://france24.com/en/video/20261005-ndian-police-detain-demonstrators-as-protests-over-voter-roll-revision-intensify"
"France 24 (EN)";"EN";"2026-10-09";"North Korea launches ballistic missile as tensions with Seoul grow over border mine blasts";"https://france24.com/en/asia-pacific/20261003-north-korea-fires-ballistic-missile-after-seoul-s-apology-demand"
"France 24 (EN)";"EN";"2026-10-09";"Transforming Payments in the DRC: A Leap Towards a Digital Future";"https://france24.com/en/sponsored-content/20250923-transforming-payments-in-the-drc-a-leap-towards-a-digital-future"
"France 24 (EN)";"EN";"2026-10-09";"Africa's $88 billion solutions: How ATAF fights illicit financial flows";"https://france24.com/en/sponsored-content/20250108-africa-s-88-billion-solutions-how-ataf-fights-illicit-financial-flows"
"France 24 (EN)";"EN";"2026-10-09";"Burundi: innovative solutions to fight stunting in children";"https://france24.com/en/sponsored-content/20240122-burundi-innovative-solutions-to-fight-stunting-in-children"
"France 24 (EN)";"EN";"2026-10-09";"Child malnutrition in Burundi: concrete actions to help children";"https://france24.com/en/sponsored-content/20231215-child-malnutrition-in-burundi-concrete-actions-to-help-children"
"France 24 (EN)";"EN";"2026-10-09";"Interview of Anthony Ginter, President & CEO - WEO";"https://france24.com/en/sponsored-content/20230911-interview-of-anthony-ginter-president-ceo-weo"
"France 24 (EN)";"EN";"2026-10-09";"2026";"https://france24.com/en/archives/2026/01/"
"France 24 (EN)";"EN";"2026-10-09";"2025";"https://france24.com/en/archives/2025/01/"
"France 24 (EN)";"EN";"2026-10-09";"2024";"https://france24.com/en/archives/2024/01/"
"France 24 (EN)";"EN";"2026-10-09";"2023";"https://france24.com/en/archives/2023/01/"
"France 24 (EN)";"EN";"2026-10-09";"2022";"https://france24.com/en/archives/2022/01/"
"France 24 (EN)";"EN";"2026-10-09";"2021";"https://france24.com/en/archives/2021/01/"
"France 24 (EN)";"EN";"2026-10-09";"2020";"https://france24.com/en/archives/2020/01/"
"Le Monde (FR)";"FR";"2026-10-09";"Le Monde’s app";"https://www.lemonde.fr/en/about-us/article/2023/09/06/le-monde-in-english-now-available-on-our-mobile-app_6125308_115.html"
"Le Monde (FR)";"FR";"2026-10-09";"Trauma endures in Paris suburb after police grenade shatters teenager's jaw";"https://www.lemonde.fr/en/france/article/2026/10/09/trauma-endures-in-paris-suburb-after-police-grenade-shatters-teenager-s-jaw-they-maim-a-student-leave-and-then-what-how-are-we-supposed-to-pick-up-the-pieces_6758415_7.html"
"Le Monde (FR)";"FR";"2026-10-09";"French high school protests: The questions raised by two weeks of police intervention";"https://www.lemonde.fr/en/france/article/2026/10/08/french-high-school-protests-the-questions-raised-by-two-weeks-of-police-intervention_6758395_7.html"
"Le Monde (FR)";"FR";"2026-10-09";"High school protests draw tens of thousands across France for second time in a week";"https://www.lemonde.fr/en/france/article/2026/10/09/high-school-protests-draw-tens-of-thousands-across-france-for-second-time-in-a-week_6758404_7.html"
"Le Monde (FR)";"FR";"2026-10-09";"Nobel Peace Prize awarded to Navanethem 'Navi' Pillay for her efforts to promote international law";"https://www.lemonde.fr/en/international/article/2026/10/09/2026-nobel-peace-prize-awarded-to-south-africa-s-navanethem-navi-pillay_6758414_4.html"
"Le Monde (FR)";"FR";"2026-10-09";"What Jorgen Watne Frydnes, chair of the Nobel Peace Prize committee, knows about peace";"https://www.lemonde.fr/en/international/article/2026/10/08/what-jorgen-watne-frydnes-chair-of-the-nobel-peace-prize-committee-knows-about-peace_6758397_4.html"
"Le Monde (FR)";"FR";"2026-10-09";"High number of voters makes France's left-wing primary more unpredictable than expected";"https://www.lemonde.fr/en/politics/article/2026/10/09/over-140-000-voters-will-take-part-in-france-s-left-wing-primary-making-up-for-a-more-unpredictable-election-than-expected_6758417_5.html"
"Le Monde (FR)";"FR";"2026-10-09";"'Trump dividend': Can promising voters a check help win an election?";"https://www.lemonde.fr/en/opinion/article/2026/10/09/trump-dividend-can-promising-voters-a-check-help-win-an-election_6758405_23.html"
"Le Monde (FR)";"FR";"2026-10-09";"Lutetia wall: 'An archeological discovery can be instantaneous, but knowledge never is'";"https://www.lemonde.fr/en/opinion/article/2026/10/09/lutetia-wall-an-archeological-discovery-can-be-instantaneous-but-knowledge-never-is_6758407_23.html"
"Le Monde (FR)";"FR";"2026-10-09";"Document   Ivan Safronov Subscribers onlyThe letter of imprisoned Russian journalist Ivan Safronov: 'Like Jean Valjean, I know what captivity is, and I know how to cherish freedom'  Safronov, a prisoner of conscience who was arrested in 2020 and is now detained in Siberia, turns to literature as a lifeline. He recently reread Victor Hugo's Les Misérables. Here is the letter he sent to Le Monde about this classic.    5 min read";"https://www.lemonde.fr/en/books/article/2026/10/09/the-letter-of-imprisoned-russian-journalist-ivan-safronov-like-jean-valjean-i-know-what-captivity-is-and-i-know-how-to-cherish-freedom_6758411_33.html"
"Le Monde (FR)";"FR";"2026-10-09";"New York mayor will ask Trump to withdraw ICE after shooting";"https://www.lemonde.fr/en/international/article/2026/10/09/new-york-mayor-will-ask-trump-to-withdraw-ice-after-shooting_6758410_4.html"
"Le Monde (FR)";"FR";"2026-10-09";"Pentagon chief says execution of military base shooter to be 'public'";"https://www.lemonde.fr/en/international/article/2026/10/09/pentagon-chief-says-execution-of-military-base-shooter-to-be-public_6758403_4.html"
"Le Monde (FR)";"FR";"2026-10-09";"France's debt crisis and high school protests draw global attention";"https://www.lemonde.fr/en/international/article/2026/10/09/between-record-debt-and-high-school-protests-france-s-situation-draws-global-attention_6758409_4.html"
"Le Monde (FR)";"FR";"2026-10-09";"Italy's Giorgia Meloni passes key electoral law ahead of 2027 elections";"https://www.lemonde.fr/en/international/article/2026/10/09/italy-s-giorgia-meloni-passes-key-electoral-law-ahead-of-2027-elections_6758413_4.html"
"Le Monde (FR)";"FR";"2026-10-09";"Pro-Iran groups behind foiled attack on Bank of America in Paris, FBI finds";"https://www.lemonde.fr/en/france/article/2026/10/08/pro-iran-groups-behind-foiled-attack-on-bank-of-america-in-paris-fbi-finds_6758400_7.html"
"Le Monde (FR)";"FR";"2026-10-09";"Russian strike on buses kills 30 in Ukrainian frontline city";"https://www.lemonde.fr/en/international/article/2026/10/08/russian-strike-on-buses-kills-30-in-ukrainian-city_6758396_4.html"
"Le Monde (FR)";"FR";"2026-10-09";"Paris officials seek to reduce the area under heritage protection in the capital";"https://www.lemonde.fr/en/economy/article/2026/10/09/paris-officials-seek-to-reduce-the-area-under-heritage-protection-in-the-capital_6758408_19.html"
"Le Monde (FR)";"FR";"2026-10-09";"Anthony Vaccarello leaves Saint Laurent after glittering decade";"https://www.lemonde.fr/en/m-le-mag/article/2026/10/09/anthony-vaccarello-leaves-saint-laurent-after-glittering-decade_6758412_117.html"
"Le Monde (FR)";"FR";"2026-10-09";"French astronaut Sophie Adenot back on Earth after 237 days aboard the ISS";"https://www.lemonde.fr/en/science/article/2026/10/08/french-astronaut-sophie-adenot-back-on-earth-after-237-days-aboard-the-iss_6758399_10.html"
"Le Monde (FR)";"FR";"2026-10-09";"France struggles to reassure financial markets as Asian investors fuel distrust";"https://www.lemonde.fr/en/economy/article/2026/10/08/france-struggles-to-reassure-financial-markets-as-asian-investors-fuel-distrust_6758402_19.html"
"Le Monde (FR)";"FR";"2026-10-09";"French presidential election: 'The far right and radical left remain highly fragile, as they face contradictions that are hard to overcome'";"https://www.lemonde.fr/en/opinion/article/2026/10/08/french-presidential-election-the-far-right-and-radical-left-remain-highly-fragile-as-they-face-contradictions-that-are-hard-to-overcome_6758388_23.html"
"Le Monde (FR)";"FR";"2026-10-09";"Canadian writer Anne Carson awarded 2026 Nobel Prize in literature";"https://www.lemonde.fr/en/books/article/2026/10/08/canadian-writer-anne-carson-awarded-2026-nobel-prize-in-literature_6758386_33.html"
"Le Monde (FR)";"FR";"2026-10-09";"In Depth   Arthur Carpentier and  Eléa Pommiers Subscribers onlyFrench high school protests: The questions raised by two weeks of police intervention  Increasingly criticized after footage emerged showing heavy-handed police tactics and injured teenagers, Interior Minister Laurent Nuñez is not toning down his communication. Law enforcement says 6,059 arrests were made between September 28 and October 5, a record number.    6 min read";"https://www.lemonde.fr/en/france/article/2026/10/08/french-high-school-protests-the-questions-raised-by-two-weeks-of-police-intervention_6758395_7.html"
"Le Monde (FR)";"FR";"2026-10-09";"Interview   Séverin Graveleau Subscribers onlyFrench high school protests: 'Young people are not fooled by the discrimination and contempt that society directs at them'  Sociologist and child psychiatrist Laelia Benoit analyzes the discourse surrounding high school student protests through the lens of 'childism,' a term that refers to the set of prejudices against minors based on their age, which she introduced to France.    6 min read";"https://www.lemonde.fr/en/campus/article/2026/10/08/french-high-school-protests-young-people-are-not-fooled-by-the-discrimination-and-contempt-that-society-directs-at-them_6758374_11.html"
"Le Monde (FR)";"FR";"2026-10-09";"Round-up Subscribers onlyWhat students are saying during high school blockades: 'I am worried about my future and for all students in France'  From the Paris suburbs to Marseille, as well as Toulouse and Lyon, high schoolers interviewed by Le Monde during the blockades described their study conditions, their concerns and their need to be heard.    5 min read";"https://www.lemonde.fr/en/france/article/2026/10/06/what-students-are-voicing-during-high-school-blockades-i-am-worried-about-my-future-and-for-all-students-in-france_6758294_7.html"
"Le Monde (FR)";"FR";"2026-10-09";"Editorial French high school protests: The assertion of a social movement   Le Monde";"https://www.lemonde.fr/en/opinion/article/2026/10/07/french-high-school-protests-the-assertion-of-a-social-movement_6758357_23.html"
"Le Monde (FR)";"FR";"2026-10-09";"Op-Ed Subscribe'Russian journalist Anna Politkovskaya believed that a society that accepts lies ends up accepting violence as well'      Eric Bergkraut Filmmaker";"https://www.lemonde.fr/en/opinion/article/2026/10/08/russian-journalist-anna-politkovskaya-believed-that-a-society-that-accepts-lies-ends-up-accepting-violence-as-well_6758372_23.html"
"Le Monde (FR)";"FR";"2026-10-09";"Column Subscribe'It is time to recognize that Palestinians represent Israel's true hope'      Jean-Pierre Filiu Historian and professor at Sciences Po Paris";"https://www.lemonde.fr/en/opinion/article/2026/10/05/it-is-time-to-recognize-that-palestinians-represent-israel-s-true-hope_6758265_23.html"
"Le Monde (FR)";"FR";"2026-10-09";"From schools to fuel, French PM Lecornu cornered by 'overlapping crises'";"https://www.lemonde.fr/en/politics/article/2026/10/08/from-schools-to-fuel-french-pm-lecornu-cornered-by-overlapping-crises_6758384_5.html"
"Le Monde (FR)";"FR";"2026-10-09";"Charte du Groupe";"https://www.lemonde.fr/actualite-medias/article/2010/11/03/la-charte-d-ethique-et-de-deontologie-du-groupe-le-monde_1434737_3236.html"
"Le Monde (FR)";"FR";"2026-10-09";"Group Policy";"https://www.lemonde.fr/en/about-us/article/2022/04/06/groupe-le-monde-s-code-of-ethics-and-professional-conduct_5979823_115.html"
"Le Monde (FR)";"FR";"2026-10-09";"RSS feed";"https://www.lemonde.fr/en/about-us/article/2026/03/27/le-monde-rss-feeds_6751860_115.html"
"RFI Afrique (FR)";"FR";"2026-10-09";"2026";"https://www.rfi.fr/fr/archives/2026/01/"
"RFI Afrique (FR)";"FR";"2026-10-09";"2025";"https://www.rfi.fr/fr/archives/2025/01/"
"RFI Afrique (FR)";"FR";"2026-10-09";"2024";"https://www.rfi.fr/fr/archives/2024/01/"
"RFI Afrique (FR)";"FR";"2026-10-09";"2023";"https://www.rfi.fr/fr/archives/2023/01/"
"RFI Afrique (FR)";"FR";"2026-10-09";"2022";"https://www.rfi.fr/fr/archives/2022/01/"
"RFI Afrique (FR)";"FR";"2026-10-09";"2021";"https://www.rfi.fr/fr/archives/2021/01/"
"RFI Afrique (FR)";"FR";"2026-10-09";"2020";"https://www.rfi.fr/fr/archives/2020/01/"
"RTL (FR)";"FR";"2026-10-09";"Politique";"https://rtl.fr/actu/politique"
"RTL (FR)";"FR";"2026-10-09";"International";"https://rtl.fr/actu/international"
"RTL (FR)";"FR";"2026-10-09";"Justice et faits divers";"https://rtl.fr/actu/justice-faits-divers"
"RTL (FR)";"FR";"2026-10-09";"Conso";"https://rtl.fr/actu/economie-consommation"
"RTL (FR)";"FR";"2026-10-09";"Food";"https://rtl.fr/actu/food"
"RTL (FR)";"FR";"2026-10-09";"Santé";"https://rtl.fr/actu/bien-etre"
"RTL (FR)";"FR";"2026-10-09";"Société";"https://rtl.fr/actu/debats-societe"
"RTL (FR)";"FR";"2026-10-09";"Tech";"https://rtl.fr/actu/sciences-tech"
"RTL (FR)";"FR";"2026-10-09";"Arts Spectacles";"https://rtl.fr/culture/arts-spectacles"
"RTL (FR)";"FR";"2026-10-09";"Ciné Séries";"https://rtl.fr/culture/cine-series"
"RTL (FR)";"FR";"2026-10-09";"Médias et people";"https://rtl.fr/culture/medias-people"
"RTL (FR)";"FR";"2026-10-09";"Musique";"https://rtl.fr/culture/musique"
"RTL (FR)";"FR";"2026-10-09";"Culture Générale";"https://rtl.fr/culture/culture-generale"
"RTL (FR)";"FR";"2026-10-09";"Humour";"https://rtl.fr/culture/humour"
"RTL (FR)";"FR";"2026-10-09";"Histoire";"https://rtl.fr/culture/histoire"
"RTL (FR)";"FR";"2026-10-09";"Football";"https://rtl.fr/sport/football"
"RTL (FR)";"FR";"2026-10-09";"Autres sports";"https://rtl.fr/sport/autres-sports"
"France Inter (FR)";"FR";"2026-10-09";"""L’Inconnue du quai de Javel"" : quand la littérature rend justice aux victimes";"https://radiofrance.fr/franceinter/podcasts/grand-bien-vous-fasse/grand-bien-vous-fasse-du-vendredi-09-octobre-2026-8184912"
"France Inter (FR)";"FR";"2026-10-09";"La chanteuse Adèle Castillon dévoile ""C’est tout moi"", un autoportrait intime";"https://radiofrance.fr/franceinter/podcasts/musicaline/musicaline-du-vendredi-09-octobre-2026-9794345"
"France Inter (FR)";"FR";"2026-10-09";"Benjamin Lavernhe pour le film ""Les misérables""";"https://radiofrance.fr/franceinter/podcasts/totemic/totemic-du-vendredi-09-octobre-2026-6053977"
"France Inter (FR)";"FR";"2026-10-09";"3 000 profs remplaçants d’ici mardi : comment le ministre de l’Éducation compte-t-il s’y prendre ?";"https://radiofrance.fr/franceinter/podcasts/l-info-de-france-inter/3-000-profs-remplacants-d-ici-mardi-comment-le-ministre-de-l-education-compte-t-il-s-y-prendre-8278398"
"France Inter (FR)";"FR";"2026-10-09";"L'info de France Inter";"https://radiofrance.fr/franceinter/podcasts/les-documents-france-inter"
"France Inter (FR)";"FR";"2026-10-09";"La mobilisation des lycéens continue";"https://radiofrance.fr/franceinter/podcasts/le-13-14/le-13-14-du-vendredi-02-octobre-2026-1956378"
"France Inter (FR)";"FR";"2026-10-09";"Le 13/14";"https://radiofrance.fr/franceinter/podcasts/le-13-14"
"France Inter (FR)";"FR";"2026-10-09";"Quitter Gaza après le 7-Octobre";"https://radiofrance.fr/franceinter/podcasts/quitter-gaza-apres-le-7-octobre"
"France Inter (FR)";"FR";"2026-10-09";"A Gaza ""c'est une lutte quotidienne pour avoir accès à l'eau, la nourriture, aux soins"", alerte Médecins sans frontières";"https://radiofrance.fr/franceinter/podcasts/l-invite-de-6h20/la-question-de-6h20-du-vendredi-09-octobre-2026-9600787"
"France Inter (FR)";"FR";"2026-10-09";"""J’ai vu tout le monde courir"" : à Dunkerque, Sofiane filme une intervention policière et déclenche une enquête";"https://radiofrance.fr/franceinter/podcasts/l-info-de-france-inter/j-ai-vu-tout-le-monde-courir-sofiane-temoin-a-dunkerque-3588892"
"France Inter (FR)";"FR";"2026-10-09";"""Psychologiquement ça ne va pas"", des enfants de Gaza soignés dans un hôpital de Cisjordanie à Naplouse";"https://radiofrance.fr/franceinter/podcasts/france-inter-sur-le-terrain/sur-le-terrain-du-vendredi-09-octobre-2026-3518554"
"France Inter (FR)";"FR";"2026-10-09";"""Il y a un modernisme fou dans Victor Hugo"" affirme Vincent Lindon qui incarne Jean Valjean dans Les Misérables";"https://radiofrance.fr/franceinter/podcasts/l-invite-de-8h20-le-grand-entretien/l-invite-de-8h20-le-grand-entretien-du-jeudi-08-octobre-2026-1956307"
"France Inter (FR)";"FR";"2026-10-09";"Maintien de l’ordre : la France est-elle plus répressive que ses voisins européens ?";"https://radiofrance.fr/franceinter/podcasts/l-info-de-france-inter/maintien-de-l-ordre-la-france-est-elle-plus-repressive-que-ses-voisins-europeens-8397446"
"France Inter (FR)";"FR";"2026-10-09";"OpenAI : sommes nous en train de vivre le ""moment le plus important"" de l'histoire des maths ?";"https://radiofrance.fr/franceinter/podcasts/nos-vies-numeriques/nos-vies-numeriques-du-jeudi-08-octobre-2026-8270913"
"France Inter (FR)";"FR";"2026-10-09";"Avec l'IA, ""les métiers vont profondément changer"" affirme le directeur général de Mistral AI Arthur Mensch";"https://radiofrance.fr/franceinter/podcasts/l-invite-de-7h50/l-invite-de-7h50-du-jeudi-08-octobre-2026-5814839"
"France Inter (FR)";"FR";"2026-10-09";"""On n’est en sécurité nulle part"", une université américaine accusée d'avoir étouffé une affaire de viol";"https://radiofrance.fr/franceinter/podcasts/l-info-de-france-inter/on-n-est-en-securite-nulle-part-une-universite-americaine-est-accusee-d-avoir-etouffe-une-affaire-de-viol-9125038"
"France Inter (FR)";"FR";"2026-10-09";"""Mon esprit est encore là-bas"", confie Nabil Diab, journaliste palestinien ayant quitté Gaza";"https://radiofrance.fr/franceinter/podcasts/le-8h20-du-week-end/le-grand-entretien-du-vendredi-09-octobre-2026-5515283"
"France Inter (FR)";"FR";"2026-10-09";"Le 8h20 du week-end";"https://radiofrance.fr/franceinter/podcasts/l-invite-du-week-end"
"France Inter (FR)";"FR";"2026-10-09";"PFAS dans les poêles Tefal : le groupe Seb mis en demeure par trois associations";"https://radiofrance.fr/franceinter/podcasts/l-info-de-france-inter/pfas-trois-associations-mettent-en-demeure-le-groupe-seb-1014259"
"France Inter (FR)";"FR";"2026-10-09";"Le capitaine Martin Hertau et l'ingénieur Eric Brossier, en dérive en Arctique";"https://radiofrance.fr/franceinter/podcasts/l-invite-du-13-14/l-invite-du-13-14-du-jeudi-08-octobre-2026-3033935"
"France Inter (FR)";"FR";"2026-10-09";"L'invité du 13/14";"https://radiofrance.fr/franceinter/podcasts/l-invite-du-13h00"
"France Inter (FR)";"FR";"2026-10-09";"Le journal de 13h";"https://radiofrance.fr/franceinter/podcasts/le-journal-de-13h"
"France Inter (FR)";"FR";"2026-10-09";"""La Maison des os et de la pluie"", de Gabino Iglesias, une sombre histoire de vengeance à Porto Rico";"https://radiofrance.fr/franceinter/podcasts/le-polar-sonne-toujours-2-fois/le-polar-sonne-toujours-2-fois-du-jeudi-17-septembre-2026-2291630"
"France Inter (FR)";"FR";"2026-10-09";"Lilia Hassaine";"https://radiofrance.fr/franceinter/podcasts/rien-ne-s-oppose-a-la-nuit/rien-ne-s-oppose-a-la-nuit-du-lundi-31-aout-2026-3444181"
"France Inter (FR)";"FR";"2026-10-09";"Yannick Haenel : ""La rupture, c'est le début de la vocation""";"https://radiofrance.fr/franceinter/podcasts/le-grand-portrait/le-grand-portrait-du-lundi-07-septembre-2026-9287050"
"France Inter (FR)";"FR";"2026-10-09";"""C'était ça ou mourir"" de Thelyson Orélien, exil et résilience";"https://radiofrance.fr/franceinter/podcasts/le-grand-portrait/le-grand-portrait-du-jeudi-03-septembre-2026-5280607"
"France Inter (FR)";"FR";"2026-10-09";"""Une éclaircie"" de Jean-Baptiste Del Amo : comment son corps a changé son regard sur le monde";"https://radiofrance.fr/franceinter/podcasts/l-invite-de-7h50-du-week-end/l-invite-de-7h50-du-we-du-dimanche-30-aout-2026-2767136"
"France Inter (FR)";"FR";"2026-10-09";"Jean-Philippe Toussaint publie ""La Hantise""";"https://radiofrance.fr/franceinter/podcasts/le-grand-atelier/le-grand-atelier-du-dimanche-30-aout-2026-1560875"
"France Inter (FR)";"FR";"2026-10-09";"Adèle Haenel pour son livre ""Viser juste"" : des mots pour penser le réel";"https://radiofrance.fr/franceinter/podcasts/totemic/totemic-du-vendredi-28-aout-2026-9167302"
"France Inter (FR)";"FR";"2026-10-09";"""À voix haute"" : l'enquête familiale de Polina Panassenko à l'époque de la Russie stalinienne a séduit Le Masque";"https://radiofrance.fr/franceinter/podcasts/le-masque-et-la-plume/a-voix-haute-de-polina-panassenko-2511870"
"France Inter (FR)";"FR";"2026-10-09";"""Ce qui nous frôle sous la surface"" de Colum McCann : le Masque a eu du mal à retenir sa respiration";"https://radiofrance.fr/franceinter/podcasts/le-masque-et-la-plume/ce-qui-nous-frole-sous-la-surface-de-colum-mccann-8357623"
"France Inter (FR)";"FR";"2026-10-09";"Franc-jeu";"https://radiofrance.fr/franceinter/podcasts/franc-jeu"
"France Inter (FR)";"FR";"2026-10-09";"Le 6/9";"https://radiofrance.fr/franceinter/podcasts/le-6-9"
"France Inter (FR)";"FR";"2026-10-09";"Franche culture";"https://radiofrance.fr/franceinter/podcasts/franche-culture"
"France Inter (FR)";"FR";"2026-10-09";"Les ailes de géant";"https://radiofrance.fr/franceinter/podcasts/les-ailes-de-geant"
"France Inter (FR)";"FR";"2026-10-09";"Recto-Verso";"https://radiofrance.fr/franceinter/podcasts/recto-verso"
"France Inter (FR)";"FR";"2026-10-09";"Le 18/20";"https://radiofrance.fr/franceinter/podcasts/le-18-20"
"France Inter (FR)";"FR";"2026-10-09";"C'est loin mais c'est beau";"https://radiofrance.fr/franceinter/podcasts/c-est-loin-mais-c-est-beau"
"France Inter (FR)";"FR";"2026-10-09";"Le Billet de Thomas Poitevin";"https://radiofrance.fr/franceinter/podcasts/vero-la-gestionnaire-de-communautes"
"France Inter (FR)";"FR";"2026-10-09";"Rien ne s'oppose à la nuit";"https://radiofrance.fr/franceinter/podcasts/rien-ne-s-oppose-a-la-nuit"
"France Inter (FR)";"FR";"2026-10-09";"La chronique de Samuel Jensky";"https://radiofrance.fr/franceinter/podcasts/la-chronique-de-samuel-jensky"
"France Inter (FR)";"FR";"2026-10-09";"La chronique de Camille Tissot";"https://radiofrance.fr/franceinter/podcasts/la-chronique-de-camille-tissot"
"France Inter (FR)";"FR";"2026-10-09";"Nos vies numériques";"https://radiofrance.fr/franceinter/podcasts/nos-vies-numeriques"
"France Inter (FR)";"FR";"2026-10-09";"La Revue de presse";"https://radiofrance.fr/franceinter/podcasts/la-revue-de-presse"
"France Inter (FR)";"FR";"2026-10-09";"Tout va trop vite";"https://radiofrance.fr/franceinter/podcasts/les-histoires-du-monde"
"France Inter (FR)";"FR";"2026-10-09";"Le Billet de Jessé";"https://radiofrance.fr/franceinter/podcasts/la-chronique-de-jesse"
"France Inter (FR)";"FR";"2026-10-09";"L'édito de Dov Alfon";"https://radiofrance.fr/franceinter/podcasts/l-edito-de-dov-alfon"
"France Inter (FR)";"FR";"2026-10-09";"Soft planète";"https://radiofrance.fr/franceinter/podcasts/soft-planete"
"France Inter (FR)";"FR";"2026-10-09";"Un jeudi soir sur la terre";"https://radiofrance.fr/franceinter/podcasts/un-jeudi-soir-sur-la-terre"
"France Inter (FR)";"FR";"2026-10-09";"Le petit carnet de campagne";"https://radiofrance.fr/franceinter/podcasts/petits-carnets-de-campagne"
"France Inter (FR)";"FR";"2026-10-09";"Chez la belle-famille";"https://radiofrance.fr/franceinter/podcasts/chez-la-belle-famille"
"France Inter (FR)";"FR";"2026-10-09";"Comment comprendre la guerre fratricide qui a déchiré la Yougoslavie ?";"https://radiofrance.fr/franceinter/podcasts/serie-comment-comprendre-la-guerre-fratricide-qui-a-dechire-la-yougoslavie"
"France Inter (FR)";"FR";"2026-10-09";"Le Carnaval des Bestioles";"https://radiofrance.fr/franceinter/podcasts/serie-le-carnaval-des-bestioles"
"France Inter (FR)";"FR";"2026-10-09";"Loin des clichés, qui sont les Templiers du Moyen Âge ?";"https://radiofrance.fr/franceinter/podcasts/serie-loin-des-cliches-qui-sont-les-templiers-du-moyen-age"
"France Inter (FR)";"FR";"2026-10-09";"Les Faussaires";"https://radiofrance.fr/franceinter/podcasts/selection-les-faussaires"
"France Inter (FR)";"FR";"2026-10-09";"Le jeune homme qui défiait le Kremlin";"https://radiofrance.fr/franceinter/podcasts/serie-le-jeune-homme-qui-defiait-le-kremlin"
"France Inter (FR)";"FR";"2026-10-09";"Le Masque et Annie Ernaux";"https://radiofrance.fr/franceinter/podcasts/serie-le-masque-et-annie-ernaux"
"France Inter (FR)";"FR";"2026-10-09";"Reines et Rois";"https://radiofrance.fr/franceinter/podcasts/reines-et-rois"
"France Inter (FR)";"FR";"2026-10-09";"""L'espèce explosive"", ""Ni vue, ni connue"" et ""Ton animal maternel"" : les sorties ciné du mercredi";"https://radiofrance.fr/franceinter/podcasts/cine-mercredi/mercredi-cinema-du-mercredi-07-octobre-2026-8779620"
"France Inter (FR)";"FR";"2026-10-09";"Ciné mercredi";"https://radiofrance.fr/franceinter/podcasts/mercredi-cinema"
"France Inter (FR)";"FR";"2026-10-09";"Guerre civile en Birmanie : le récit de l'après-Aung San Suu Kyi";"https://radiofrance.fr/franceinter/podcasts/l-info-de-france-inter/guerre-civile-en-birmanie-le-recit-de-l-apres-aung-san-suu-kyi-4840303"
"France Inter (FR)";"FR";"2026-10-09";"Iyad Ag Ghali, le djihadiste qui défie le Mali";"https://radiofrance.fr/franceinter/podcasts/l-info-de-france-inter/iyad-ag-ghali-le-djihadiste-qui-defile-le-mali-4200074"
"France Inter (FR)";"FR";"2026-10-09";"Poutine, le tsar soviétique";"https://radiofrance.fr/franceinter/podcasts/serie-poutine-le-tsar-sovietique"
"France Inter (FR)";"FR";"2026-10-09";"Alfred Dreyfus, le combat de la République";"https://radiofrance.fr/franceinter/podcasts/serie-alfred-dreyfus-le-combat-de-la-republique"
"France Inter (FR)";"FR";"2026-10-09";"Simone de Beauvoir, itinéraire d'une jeune fille rangée";"https://radiofrance.fr/franceinter/podcasts/serie-simone-de-beauvoir-itineraire-d-une-jeune-fille-rangee"
"France Inter (FR)";"FR";"2026-10-09";"Sigmaringen, le crépuscule des bourreaux";"https://radiofrance.fr/franceinter/podcasts/serie-le-crepuscule-des-bourreaux"
"France Inter (FR)";"FR";"2026-10-09";"Mafia - Meurtres et trahisons : histoires de familles";"https://radiofrance.fr/franceinter/podcasts/serie-mafia-meurtres-et-trahisons-histoires-de-familles"
"France Inter (FR)";"FR";"2026-10-09";"Cache-cache";"https://radiofrance.fr/franceinter/podcasts/serie-cache-cache"
"France Inter (FR)";"FR";"2026-10-09";"Musique !";"https://radiofrance.fr/franceinter/podcasts/serie-musique"
"France Inter (FR)";"FR";"2026-10-09";"Tina et les boucliers de Mars";"https://radiofrance.fr/franceinter/podcasts/serie-tina-et-les-boucliers-de-mars"
"France Inter (FR)";"FR";"2026-10-09";"Les aventures du professeur Caillou";"https://radiofrance.fr/franceinter/podcasts/les-aventures-du-professeur-caillou"
"France Inter (FR)";"FR";"2026-10-09";"Une histoire et... Oli, nouveaux épisodes !";"https://radiofrance.fr/franceinter/podcasts/une-histoire-et-oli"
"France Inter (FR)";"FR";"2026-10-09";"Les Odyssées, nouveaux épisodes !";"https://radiofrance.fr/franceinter/podcasts/les-odyssees"
"France Inter (FR)";"FR";"2026-10-09";"L'invité : Patrick Boulanger, historien et ancien président de l’académie des sciences, lettres et arts de Marseille.";"https://radiofrance.fr/franceinter/podcasts/affaires-sensibles/affaires-sensibles-l-invite-du-jeudi-08-octobre-2026-4478466"
"France Inter (FR)";"FR";"2026-10-09";"Affaires sensibles";"https://radiofrance.fr/franceinter/podcasts/affaires-sensibles"
"France Inter (FR)";"FR";"2026-10-09";"Le récit : 1938, Marseille, l'incendie des Nouvelles Galeries";"https://radiofrance.fr/franceinter/podcasts/affaires-sensibles/affaires-sensibles-le-recit-du-jeudi-08-octobre-2026-4449477"
"France Inter (FR)";"FR";"2026-10-09";"L’incendie des Nouvelles Galeries à Marseille en 1938 - L'intégrale";"https://radiofrance.fr/franceinter/podcasts/affaires-sensibles/affaires-sensibles-du-jeudi-08-octobre-2026-9171678"
"France Inter (FR)";"FR";"2026-10-09";"L'invité : Eric Halphen, ancien magistrat";"https://radiofrance.fr/franceinter/podcasts/affaires-sensibles/affaires-sensibles-l-invite-du-mercredi-07-octobre-2026-9463512"
"France Inter (FR)";"FR";"2026-10-09";"Les concerts d'Inter";"https://radiofrance.fr/franceinter/podcasts/les-concerts-d-inter"
"France Inter (FR)";"FR";"2026-10-09";"Frissons";"https://radiofrance.fr/franceinter/podcasts/frissons"
"France Inter (FR)";"FR";"2026-10-09";"Mini vulgaire : les véhicules";"https://radiofrance.fr/franceinter/podcasts/serie-mini-vulgaire-les-vehicules"
"France Inter (FR)";"FR";"2026-10-09";"Révélations";"https://radiofrance.fr/franceinter/podcasts/revelations"
"France Inter (FR)";"FR";"2026-10-09";"Afghanistan, le tourisme sans les femmes";"https://radiofrance.fr/franceinter/podcasts/interception/interception-du-dimanche-08-mars-2026-4136320"
"France Inter (FR)";"FR";"2026-10-09";"Taylor Swift, le monde, ma fille et moi";"https://radiofrance.fr/franceinter/podcasts/taylor-swift-le-monde-ma-fille-et-moi"
"France Inter (FR)";"FR";"2026-10-09";"Les déportés";"https://radiofrance.fr/franceinter/podcasts/serie-les-deportes"
"France Inter (FR)";"FR";"2026-10-09";"Etats-Unis : ce pays qui marie ses enfants";"https://radiofrance.fr/franceinter/podcasts/interception/interception-du-dimanche-05-mars-2023-8505277"
"France Inter (FR)";"FR";"2026-10-09";"Sur les traces d'Ousmane Dembélé";"https://radiofrance.fr/franceinter/podcasts/serie-sur-les-traces-d-ousmane-dembele"
"France Inter (FR)";"FR";"2026-10-09";"Collégiennes à vendre";"https://radiofrance.fr/franceinter/podcasts/interception/interception-du-dimanche-12-octobre-2025-2574397"
"France Inter (FR)";"FR";"2026-10-09";"Maison des enfants cachés de Moissac : un futur lieu de mémoire des enfants juifs sous l’Occupation";"https://radiofrance.fr/franceinter/podcasts/carnets-de-campagne/carnets-de-campagne-du-vendredi-09-octobre-2026-4497117"
"France Inter (FR)";"FR";"2026-10-09";"Carnets de campagne";"https://radiofrance.fr/franceinter/podcasts/carnets-de-campagne"
"France Inter (FR)";"FR";"2026-10-09";"Rachida Brakni et le doublage";"https://radiofrance.fr/franceinter/podcasts/franche-culture/franche-culture-du-vendredi-09-octobre-2026-4676417"
"France Inter (FR)";"FR";"2026-10-09";"Grand bien vous fasse !";"https://radiofrance.fr/franceinter/podcasts/grand-bien-vous-fasse"
"France Inter (FR)";"FR";"2026-10-09";"à Moissac | 5";"https://radiofrance.fr/franceinter/podcasts/le-jeu-des-1-000/le-jeu-des-1000-euros-du-vendredi-09-octobre-2026-4819771"
"France Inter (FR)";"FR";"2026-10-09";"Le jeu des 1 000 €";"https://radiofrance.fr/franceinter/podcasts/le-jeu-des-1000"
"France Inter (FR)";"FR";"2026-10-09";"Dis-moi ton prénom, je te dirai qui tu es";"https://radiofrance.fr/franceinter/podcasts/la-drole-d-humeur/leopold-lemarchand-la-franche-touch-du-vendredi-09-octobre-2026-2152834"
"France Inter (FR)";"FR";"2026-10-09";"La drôle d’humeur";"https://radiofrance.fr/franceinter/podcasts/la-drole-d-humeur-de"
"France Inter (FR)";"FR";"2026-10-09";"Le tennis rend-il fou ?";"https://radiofrance.fr/franceinter/podcasts/noemie-pennacino-l-amie-de-la-franche/noemie-pennacino-l-amie-de-la-franche-du-vendredi-09-octobre-2026-4237282"
"France Inter (FR)";"FR";"2026-10-09";"Noémie Pennacino : l’amie de la Franche";"https://radiofrance.fr/franceinter/podcasts/noemie-pennacino-l-amie-de-la-franche"
"France Inter (FR)";"FR";"2026-10-09";"Daniel Morin en liberté : Fiona G ? Fiona Gianilla ?";"https://radiofrance.fr/franceinter/podcasts/daniel-morin-en-liberte/daniel-morin-en-liberte-du-vendredi-09-octobre-2026-8742944"
"France Inter (FR)";"FR";"2026-10-09";"Daniel Morin en liberté";"https://radiofrance.fr/franceinter/podcasts/daniel-morin"
"France Inter (FR)";"FR";"2026-10-09";"On peut plus rien dire";"https://radiofrance.fr/franceinter/podcasts/la-chronique-de-samuel-jensky/samuel-jensky-la-franche-touch-du-vendredi-09-octobre-2026-7697926"
"France Inter (FR)";"FR";"2026-10-09";"Utiliser le mot ""génocide"" pour qualifier la situation à Gaza ou non ?";"https://radiofrance.fr/franceinter/podcasts/geopolitique/geopolitique-du-vendredi-09-octobre-2026-9042298"
"France Inter (FR)";"FR";"2026-10-09";"Géopolitique";"https://radiofrance.fr/franceinter/podcasts/geopolitique"
"France Inter (FR)";"FR";"2026-10-09";"Mémoire : doit-on quelque chose aux morts selon la philosophie ?";"https://radiofrance.fr/franceinter/podcasts/les-punchlines-de-la-philo/les-punchlines-de-la-philo-du-vendredi-09-octobre-2026-3758668"
"France Inter (FR)";"FR";"2026-10-09";"La petite philosophie du quotidien";"https://radiofrance.fr/franceinter/podcasts/philosophie"
"France Inter (FR)";"FR";"2026-10-09";"Le Panama s'apprête à sortir de la liste européenne des paradis fiscaux";"https://radiofrance.fr/franceinter/podcasts/l-edito-eco-vsd/l-economie-vue-par-du-vendredi-09-octobre-2026-7295970"
"France Inter (FR)";"FR";"2026-10-09";"L'édito éco VSD";"https://radiofrance.fr/franceinter/podcasts/l-economie-vue-par"
"France Inter (FR)";"FR";"2026-10-09";"Les stations service ou le double symbole de la vie chère et de la désertification de la France rurale";"https://radiofrance.fr/franceinter/podcasts/l-edito-politique-vsd/la-politique-vue-par-du-vendredi-09-octobre-2026-8022323"
"France Inter (FR)";"FR";"2026-10-09";"L'édito politique VSD";"https://radiofrance.fr/franceinter/podcasts/la-politique-vue-par"
"France Inter (FR)";"FR";"2026-10-09";"66 % des nappes phréatiques sous les normales, une situation ""très préoccupante"", selon le service géologique national";"https://radiofrance.fr/franceinter/podcasts/l-info-de-france-inter/l-info-de-france-inter-2445174"
"France Inter (FR)";"FR";"2026-10-09";"Victoire de Reporterre contre l'Etat";"https://radiofrance.fr/franceinter/podcasts/tout-va-bien-dans-ce-monde/tout-va-bien-dans-ce-monde-du-jeudi-08-octobre-2026-7641749"
"France Inter (FR)";"FR";"2026-10-09";"Tout va bien dans ce monde";"https://radiofrance.fr/franceinter/podcasts/tout-va-bien-dans-ce-monde"
"France Inter (FR)";"FR";"2026-10-09";"Le retour de ""L'Heure de vérité"" : ce que cette émission a changé";"https://radiofrance.fr/franceinter/podcasts/le-petit-carnet-de-campagne/petits-carnets-de-campagne-du-jeudi-08-octobre-2026-1800521"
"France Inter (FR)";"FR";"2026-10-09";"Grossesse gériatrique : les enjeux d'une meilleure prise en charge médicale";"https://radiofrance.fr/franceinter/podcasts/zoom-zoom-zen/zoom-zoom-zen-du-jeudi-08-octobre-2026-7849082"
"France Inter (FR)";"FR";"2026-10-09";"Zoom Zoom Zen";"https://radiofrance.fr/franceinter/podcasts/zoom-zoom-zen"
"France Inter (FR)";"FR";"2026-10-09";"Pourquoi les champignons nous fascinent-ils ? Qu'est-ce qu'un champignon ?";"https://radiofrance.fr/franceinter/podcasts/grand-bien-vous-fasse/grand-bien-vous-fasse-du-jeudi-08-octobre-2026-3903063"
"France Inter (FR)";"FR";"2026-10-09";"Carburants : comment la France veut faire baisser le prix du diesel à la pompe";"https://radiofrance.fr/franceinter/podcasts/l-info-de-france-inter/carburant-comment-la-france-veut-faire-baisser-le-prix-a-la-pompe-5449030"
"France Inter (FR)";"FR";"2026-10-09";"Où vont les fils électriques quand il n'y a plus de poteaux ?";"https://radiofrance.fr/franceinter/podcasts/les-p-tits-bateaux/les-p-tits-bateaux-du-mercredi-07-octobre-2026-9540092"
"France Inter (FR)";"FR";"2026-10-09";"Les P'tits Bateaux";"https://radiofrance.fr/franceinter/podcasts/les-p-tits-bateaux"
"France Inter (FR)";"FR";"2026-10-09";"Violences sexuelles dans le football : la face sombre du ballon rond";"https://radiofrance.fr/franceinter/podcasts/zoom-zoom-zen/zoom-zoom-zen-du-mercredi-07-octobre-2026-7829851"
"France Inter (FR)";"FR";"2026-10-09";"Juju Fitcats : ""Pendant longtemps, c'était la maladie qui était plus forte que moi""";"https://radiofrance.fr/franceinter/podcasts/le-grand-portrait/le-grand-portrait-du-jeudi-08-octobre-2026-1584095"
"France Inter (FR)";"FR";"2026-10-09";"Le Grand portrait";"https://radiofrance.fr/franceinter/podcasts/l-invite-de-9h10"
"France Inter (FR)";"FR";"2026-10-09";"Seuls mais ensemble...";"https://radiofrance.fr/franceinter/podcasts/le-pas-de-cote-de-christophe-andre/le-pas-de-cote-de-christophe-andre-du-mardi-06-octobre-2026-9164770"
"France Inter (FR)";"FR";"2026-10-09";"Le pas de côté de Christophe André";"https://radiofrance.fr/franceinter/podcasts/le-pas-de-cote-de-christophe-andre"
"France Inter (FR)";"FR";"2026-10-09";"La retraite à 40 ans : l'impossible adieu des champions";"https://radiofrance.fr/franceinter/podcasts/l-edito-sport/la-chronique-de-nathalie-iannetta-du-vendredi-09-octobre-2026-6685633"
"France Inter (FR)";"FR";"2026-10-09";"L'Édito sport";"https://radiofrance.fr/franceinter/podcasts/la-chronique-de-nathalie-iannetta"
"France Inter (FR)";"FR";"2026-10-09";"""J’ai appris le français et j’ai appris une autre culture"" : raconte Sofia Kelmer, pongiste brésilienne de 18 ans";"https://radiofrance.fr/franceinter/podcasts/esprit-sport/esprit-sport-du-vendredi-09-octobre-2026-4620904"
"France Inter (FR)";"FR";"2026-10-09";"Esprit sport";"https://radiofrance.fr/franceinter/podcasts/esprit-sport"
"France Inter (FR)";"FR";"2026-10-09";"Des protections hygiéniques proposées au Parc des Princes, ""super initiative"" saluent les supportrices";"https://radiofrance.fr/franceinter/podcasts/l-info-de-france-inter/des-protections-hygieniques-proposees-au-parc-des-princes-super-initiative-saluent-les-supportrices-7754750"
"France Culture (FR)";"FR";"2026-10-09";"Table-ronde : Qui sont les acteurs de la paix ?";"https://radiofrance.fr/franceculture/podcasts/cultures-monde/table-ronde-qui-sont-les-acteurs-de-la-paix-6195339"
"France Culture (FR)";"FR";"2026-10-09";"Comprendre les Nobel de sciences";"https://radiofrance.fr/franceculture/podcasts/serie-comprendre-les-nobel-de-sciences"
"France Culture (FR)";"FR";"2026-10-09";"Jonathan Littell : ""L'Europe est la seule possibilité dans un monde incroyablement darwinien""";"https://radiofrance.fr/franceculture/podcasts/l-invite-e-des-matins/jonathan-littell-est-l-invite-des-matins-1833515"
"France Culture (FR)";"FR";"2026-10-09";"Face aux lycéens, la réponse sécuritaire a-t-elle pris le pas sur l’écoute ?";"https://radiofrance.fr/franceculture/podcasts/l-invite-e-des-matins/face-au-mouvement-lyceen-le-maintien-de-l-ordre-prend-il-le-pas-sur-l-ecoute-4464310"
"France Culture (FR)";"FR";"2026-10-09";"Suspicion de peste en Russie : doit-on vraiment s’inquiéter ?";"https://radiofrance.fr/franceculture/podcasts/les-enjeux-internationaux/suspicion-de-peste-en-russie-doit-on-vraiment-s-inquieter-3337279"
"France Culture (FR)";"FR";"2026-10-09";"Violences sexuelles : enquêter sur les mineurs auteurs d’inceste";"https://radiofrance.fr/franceculture/podcasts/les-chantiers-de-la-recherche/violences-sexuelles-enqueter-sur-les-mineurs-auteurs-d-inceste-2975726"
"France Culture (FR)";"FR";"2026-10-09";"""Le Grand Monde"" de Pierre Lemaitre";"https://radiofrance.fr/franceculture/podcasts/serie-le-grand-monde-de-pierre-lemaitre"
"France Culture (FR)";"FR";"2026-10-09";"Affaire Cornell : aux États-Unis, les fraternités étudiantes pointées du doigt";"https://radiofrance.fr/franceculture/podcasts/la-revue-de-presse-internationale/la-revue-de-presse-internationale-emission-du-vendredi-09-octobre-2026-6638018"
"France Culture (FR)";"FR";"2026-10-09";"La Revue de presse internationale";"https://radiofrance.fr/franceculture/podcasts/revue-de-presse-internationale"
"France Culture (FR)";"FR";"2026-10-09";"Comment s’écrivent les colonisations ?";"https://radiofrance.fr/franceculture/podcasts/les-enjeux-internationaux/comment-s-ecrivent-les-colonisations-7287391"
"France Culture (FR)";"FR";"2026-10-09";"Les Enjeux internationaux";"https://radiofrance.fr/franceculture/podcasts/les-enjeux-internationaux"
"France Culture (FR)";"FR";"2026-10-09";"Les start-up épargnées dans le projet de budget 2027 du gouvernement";"https://radiofrance.fr/franceculture/podcasts/le-journal-de-l-eco/les-start-up-epargnees-dans-le-projet-de-budget-2027-du-gouvernement-5421691"
"France Culture (FR)";"FR";"2026-10-09";"Le Journal de l'éco";"https://radiofrance.fr/franceculture/podcasts/le-journal-de-l-eco"
"France Culture (FR)";"FR";"2026-10-09";"Cinéma et programmes audiovisuels : ""L'international doit être pensé dès le début des créations"", selon le CNC";"https://radiofrance.fr/franceculture/podcasts/l-info-culturelle-reportages-enquetes-analyses/cinema-et-programmes-audiovisuels-l-international-doit-etre-pense-des-le-debut-des-creations-selon-le-cnc-9492042"
"France Culture (FR)";"FR";"2026-10-09";"L'Info culturelle : reportages, enquêtes, analyses";"https://radiofrance.fr/franceculture/podcasts/l-actualite-culturelle-reportages-enquetes-analyses"
"France Culture (FR)";"FR";"2026-10-09";"Le Prix Nobel de la paix 2026 à la juriste sud-africaine Navanethem Pillay, dite Navi Pillay";"https://radiofrance.fr/franceculture/podcasts/journal-de-12h30/le-prix-nobel-de-la-paix-2026-a-la-juriste-sud-africaine-navanethem-pillay-dite-navi-pillay"
"France Culture (FR)";"FR";"2026-10-09";"Journal de 12h30";"https://radiofrance.fr/franceculture/podcasts/journal-de-12h30"
"France Culture (FR)";"FR";"2026-10-09";"Tuer la mère, sauver sa peau, avec Louise Chennevière";"https://radiofrance.fr/franceculture/podcasts/le-book-club/tuer-la-mere-sauver-sa-peau-avec-louise-chenneviere-3624540"
"France Culture (FR)";"FR";"2026-10-09";"Phœbe Hadjimarkos Clarke, écrivaine : “Il m’est impossible d’écrire un roman sans fantastique déguisé”";"https://radiofrance.fr/franceculture/podcasts/les-midis-de-culture-l-invite-e/phoebe-hadjimarkos-clarke-traverse-les-frontieres-avec-le-livre-des-souterrains-1020724"
"France Culture (FR)";"FR";"2026-10-09";"L'or du démon : rencontre avec Ian McGuire";"https://radiofrance.fr/franceculture/podcasts/mauvais-genres/l-or-du-demon-rencontre-avec-ian-mcguire-9391974"
"France Culture (FR)";"FR";"2026-10-09";"Kae Tempest : retour au roman";"https://radiofrance.fr/franceculture/podcasts/le-book-club/kae-tempest-retour-au-roman-2794282"
"France Culture (FR)";"FR";"2026-10-09";"""Nous aussi"" d'Anne Godard : la force du ""on""";"https://radiofrance.fr/franceculture/podcasts/le-regard-culturel/le-regard-culturel-chronique-du-mercredi-09-septembre-2026-5280197"
"France Culture (FR)";"FR";"2026-10-09";"Antoine Volodine et les 11 romans d'Infernus Johannes : le post-exotisme, bouquet final";"https://radiofrance.fr/franceculture/podcasts/mauvais-genres/operation-volodine-le-post-exotisme-bouquet-final-1076220"
"France Culture (FR)";"FR";"2026-10-09";"""Debout dans tes rêves"" d'Abdellah Taïa, une histoire d'amitié";"https://radiofrance.fr/franceculture/podcasts/le-book-club/promesses-avec-abdellah-taia-4947356"
"France Culture (FR)";"FR";"2026-10-09";"""Mais que fait ce sang sur le pull de Jennifer ?"" de Lucie Rico, ou l’obsession d’une phrase inachevée";"https://radiofrance.fr/franceculture/podcasts/le-book-club/lucie-rico-ou-l-obsession-d-une-phrase-inachevee-4284547"
"France Culture (FR)";"FR";"2026-10-09";"Écrire l’inceste selon Daria Marx dans ""Tuer le vieux""";"https://radiofrance.fr/franceculture/podcasts/les-midis-de-culture/tuer-le-vieux-ecrire-l-inceste-selon-daria-marx-8396852"
"France Culture (FR)";"FR";"2026-10-09";"Premier roman : ""Abdallah Superstar"", un conte électro entre la France et Djibouti";"https://radiofrance.fr/franceculture/podcasts/l-invite-e-des-matins-d-ete/abdallah-superstar-un-conte-electro-entre-la-france-et-djibouti-3189093"
"France Culture (FR)";"FR";"2026-10-09";"Crise pétrolière : quelle marge pour taxer les profits des raffineurs ?";"https://radiofrance.fr/franceculture/podcasts/le-journal-de-l-eco/crise-petroliere-quelle-marge-pour-taxer-les-profits-des-raffineurs-1629158"
"France Culture (FR)";"FR";"2026-10-09";"Les Philosophes au pouvoir";"https://radiofrance.fr/franceculture/podcasts/les-philosophes-au-pouvoir"
"France Culture (FR)";"FR";"2026-10-09";"Le Cas de conscience";"https://radiofrance.fr/franceculture/podcasts/le-cas-de-conscience"
"France Culture (FR)";"FR";"2026-10-09";"Grand Angle";"https://radiofrance.fr/franceculture/podcasts/grand-angle-de-plan-large"
"France Culture (FR)";"FR";"2026-10-09";"Classe créative : le manager de la semaine";"https://radiofrance.fr/franceculture/podcasts/classe-creative-le-manager-de-la-semaine"
"France Culture (FR)";"FR";"2026-10-09";"Le Droit d'ailleurs";"https://radiofrance.fr/franceculture/podcasts/le-droit-d-ailleurs"
"France Culture (FR)";"FR";"2026-10-09";"Les Clés de l'enfance";"https://radiofrance.fr/franceculture/podcasts/les-cles-de-l-enfance"
"France Culture (FR)";"FR";"2026-10-09";"Les Mystères des lieux";"https://radiofrance.fr/franceculture/podcasts/les-mysteres-des-lieux"
"France Culture (FR)";"FR";"2026-10-09";"Le Film de la semaine";"https://radiofrance.fr/franceculture/podcasts/le-film-de-la-semaine-de-plan-large"
"France Culture (FR)";"FR";"2026-10-09";"Le Point culture XXL : l'agenda";"https://radiofrance.fr/franceculture/podcasts/le-point-culture-xxl-l-agenda"
"France Culture (FR)";"FR";"2026-10-09";"Au nom du droit";"https://radiofrance.fr/franceculture/podcasts/au-nom-du-droit"
"France Culture (FR)";"FR";"2026-10-09";"Questions du soir : le débat";"https://radiofrance.fr/franceculture/podcasts/le-temps-du-debat"
"France Culture (FR)";"FR";"2026-10-09";"Les Midis de Culture";"https://radiofrance.fr/franceculture/podcasts/les-midis-de-culture"
"France Culture (FR)";"FR";"2026-10-09";"Avec philosophie";"https://radiofrance.fr/franceculture/podcasts/avec-philosophie"
"France Culture (FR)";"FR";"2026-10-09";"Le Point idées : le journal des sciences sociales";"https://radiofrance.fr/franceculture/podcasts/le-point-idees"
"France Culture (FR)";"FR";"2026-10-09";"Les Matins";"https://radiofrance.fr/franceculture/podcasts/les-matins"
"France Culture (FR)";"FR";"2026-10-09";"Questions du soir : l'idée";"https://radiofrance.fr/franceculture/podcasts/l-idee-questions-du-soir"
"France Culture (FR)";"FR";"2026-10-09";"La Science, CQFD";"https://radiofrance.fr/franceculture/podcasts/la-science-cqfd"
"France Culture (FR)";"FR";"2026-10-09";"Où va le rêve américain ?";"https://radiofrance.fr/franceculture/podcasts/serie-ou-va-le-reve-americain"
"France Culture (FR)";"FR";"2026-10-09";"La solidarité internationale : la fin d'un modèle ?";"https://radiofrance.fr/franceculture/podcasts/serie-la-solidarite-internationale-la-fin-d-un-modele"
"France Culture (FR)";"FR";"2026-10-09";"François d'Assise, la sainteté est un sport de combat";"https://radiofrance.fr/franceculture/podcasts/serie-francois-d-assise-la-saintete-est-un-sport-de-combat"
"France Culture (FR)";"FR";"2026-10-09";"Marx avant ""Le Capital""";"https://radiofrance.fr/franceculture/podcasts/serie-marx-avant-le-capital"
"France Culture (FR)";"FR";"2026-10-09";"Cuicui, meuh, tagada, histoires d'animaux";"https://radiofrance.fr/franceculture/podcasts/serie-cuicui-meuh-tagada-histoires-d-animaux"
"France Culture (FR)";"FR";"2026-10-09";"Parasite(s)";"https://radiofrance.fr/franceculture/podcasts/serie-parasite-s"
"France Culture (FR)";"FR";"2026-10-09";"""The Social Reckoning"" ou le faux semblant de la contestation";"https://radiofrance.fr/franceculture/podcasts/un-monde-connecte/the-social-reckoning-ou-le-faux-semblant-de-la-contestation-2910870"
"France Culture (FR)";"FR";"2026-10-09";"Un monde connecté";"https://radiofrance.fr/franceculture/podcasts/planete-connectee"
"France Culture (FR)";"FR";"2026-10-09";"""Ton Animal maternel"" et ""L'Espèce explosive"" : deux films de la déroute";"https://radiofrance.fr/franceculture/podcasts/le-regard-culturel/le-regard-culturel-chronique-du-mercredi-07-octobre-2026-3450876"
"France Culture (FR)";"FR";"2026-10-09";"Le Regard culturel";"https://radiofrance.fr/franceculture/podcasts/la-critique"
"France Culture (FR)";"FR";"2026-10-09";"Religieuses, des histoires de sœurs";"https://radiofrance.fr/franceculture/podcasts/serie-religieuses-des-histoires-de-soeurs"
"France Culture (FR)";"FR";"2026-10-09";"L'Ardèche, le temps des communautés";"https://radiofrance.fr/franceculture/podcasts/serie-l-ardeche-le-temps-des-communautes"
"France Culture (FR)";"FR";"2026-10-09";"Au pays des songes, 2001-2026 (Israël-Palestine, archives oniriques)";"https://radiofrance.fr/franceculture/podcasts/serie-au-pays-des-songes-2001-2026-israel-palestine-archives-oniriques"
"France Culture (FR)";"FR";"2026-10-09";"Les 2Be3 : étoiles filantes";"https://radiofrance.fr/franceculture/podcasts/serie-les-2be3-etoiles-filantes"
"France Culture (FR)";"FR";"2026-10-09";"Verdun 1916, au cœur d'une guerre totale";"https://radiofrance.fr/franceculture/podcasts/serie-verdun-1916-au-coeur-d-une-guerre-totale"
"France Culture (FR)";"FR";"2026-10-09";"La Joconde sort du silence";"https://radiofrance.fr/franceculture/podcasts/serie-la-joconde-sort-du-silence"
"France Culture (FR)";"FR";"2026-10-09";"Troubles dys : des vies à inventer";"https://radiofrance.fr/franceculture/podcasts/serie-troubles-dys-des-vies-a-inventer"
"France Culture (FR)";"FR";"2026-10-09";"Habiba Msika (1903-1930), une artiste libre aux multiples talents";"https://radiofrance.fr/franceculture/podcasts/toute-une-vie/habiba-msika-une-artiste-libre-aux-multiples-talents-6978561"
"France Culture (FR)";"FR";"2026-10-09";"Hans le Malin, le cheval qui savait lire et compter";"https://radiofrance.fr/franceculture/podcasts/serie-hans-le-malin-le-cheval-qui-savait-lire-et-compter"
"France Culture (FR)";"FR";"2026-10-09";"Les ultras de la collaboration";"https://radiofrance.fr/franceculture/podcasts/serie-les-ultras-de-la-collaboration"
"France Culture (FR)";"FR";"2026-10-09";"Catholiques de France, la tentation radicale";"https://radiofrance.fr/franceculture/podcasts/serie-catholiques-de-france-la-tentation-radicale"
"France Culture (FR)";"FR";"2026-10-09";"L'effet chat";"https://radiofrance.fr/franceculture/podcasts/serie-l-effet-chat"
"France Culture (FR)";"FR";"2026-10-09";"La trilogie des ""J'ai trop..."" de David Lescot";"https://radiofrance.fr/franceculture/podcasts/serie-la-trilogie-des-j-ai-trop-de-david-lescot"
"France Culture (FR)";"FR";"2026-10-09";"""Les Malheurs de Sophie, une comédie musicale"" de Sabine Zovighian et Michael Liot - Saison 2";"https://radiofrance.fr/franceculture/podcasts/serie-les-malheurs-de-sophie-une-comedie-musicale-de-sabine-zovighian-et-michael-liot-saison-2"
"France Culture (FR)";"FR";"2026-10-09";"LSD, la série documentaire";"https://radiofrance.fr/franceculture/podcasts/lsd-la-serie-documentaire"
"France Culture (FR)";"FR";"2026-10-09";"Le chanteur de rue qui ne plaisait pas à tout le monde";"https://radiofrance.fr/franceculture/podcasts/les-pieds-sur-terre/le-chanteur-de-rue-qui-ne-plaisait-pas-a-tout-le-monde-9681781"
"France Culture (FR)";"FR";"2026-10-09";"Les Pieds sur terre";"https://radiofrance.fr/franceculture/podcasts/les-pieds-sur-terre"
"France Culture (FR)";"FR";"2026-10-09";"Avenue Jean Moulin : Annecy et Cran-Gevrier";"https://radiofrance.fr/franceculture/podcasts/les-pieds-sur-terre/avenue-jean-moulin-annecy-et-cran-gevrier-7935271"
"France Culture (FR)";"FR";"2026-10-09";"Conte d'été : amours de jeunesse";"https://radiofrance.fr/franceculture/podcasts/les-pieds-sur-terre/conte-d-ete-amours-de-jeunessse-5949660"
"France Culture (FR)";"FR";"2026-10-09";"Sur le tournage d'un porno ""éthique""";"https://radiofrance.fr/franceculture/podcasts/les-pieds-sur-terre/sur-le-tournage-d-un-porno-ethique-4896878"
"France Culture (FR)";"FR";"2026-10-09";"Héroïne, le temps des seringues";"https://radiofrance.fr/franceculture/podcasts/serie-heroine-le-temps-des-seringues"
"France Culture (FR)";"FR";"2026-10-09";"Même pas mort";"https://radiofrance.fr/franceculture/podcasts/serie-meme-pas-mort"
"France Culture (FR)";"FR";"2026-10-09";"""Les Eloignés"" de Sophie Maurer";"https://radiofrance.fr/franceculture/podcasts/serie-les-eloignes-de-sophie-maurer"
"France Culture (FR)";"FR";"2026-10-09";"Vie de chien";"https://radiofrance.fr/franceculture/podcasts/serie-vie-de-chien"
"France Culture (FR)";"FR";"2026-10-09";"Mes années Boum, une enquête algérienne";"https://radiofrance.fr/franceculture/podcasts/serie-mes-annees-boum-une-enquete-algerienne"
"France Culture (FR)";"FR";"2026-10-09";"Concert-fiction : Blanche-Neige & sortilèges";"https://radiofrance.fr/franceculture/podcasts/fictions-theatre-et-cie/concert-fiction-blanche-neige-sortileges-3143340"
"France Culture (FR)";"FR";"2026-10-09";"Le journal de ma vie";"https://radiofrance.fr/franceculture/podcasts/serie-le-journal-de-ma-vie"
"France Culture (FR)";"FR";"2026-10-09";"""L'Homme invisible"" de H. G. Wells";"https://radiofrance.fr/franceculture/podcasts/serie-l-homme-invisible-de-h-g-wells"
"France Culture (FR)";"FR";"2026-10-09";"""AfficheTonEx"" de Romain Weber et Constance Vilanova";"https://radiofrance.fr/franceculture/podcasts/serie-affichetonex-ecrit-par-romain-weber"
"France Culture (FR)";"FR";"2026-10-09";"Fureurs";"https://radiofrance.fr/franceculture/podcasts/serie-fureurs"
"France Culture (FR)";"FR";"2026-10-09";"Les Fondations sont-elles devenues indispensables à la culture ?";"https://radiofrance.fr/franceculture/podcasts/le-point-culture/les-fondations-sont-elles-devenues-indispensables-a-la-culture-2689949"
"France Culture (FR)";"FR";"2026-10-09";"Le Point culture";"https://radiofrance.fr/franceculture/podcasts/affaire-en-cours"
"France Culture (FR)";"FR";"2026-10-09";"Jean-Charles Clichet aime la farce et l'art contemporain";"https://radiofrance.fr/franceculture/podcasts/le-point-culture-xxl-l-agenda/jean-charles-clichet-aime-la-farce-et-l-art-contemporain-5262110"
"France Culture (FR)";"FR";"2026-10-09";"Extremely Large Telescope : des cibles privilégiées pour la recherche de vie extraterrestre";"https://radiofrance.fr/franceculture/podcasts/avec-sciences/extremely-large-telescope-des-cibles-privilegiees-pour-la-recherche-de-vie-extraterrestre-8862860"
"France Culture (FR)";"FR";"2026-10-09";"Avec sciences";"https://radiofrance.fr/franceculture/podcasts/le-journal-des-sciences"
"France Culture (FR)";"FR";"2026-10-09";"Anne Carson, poétesse canadienne, prix Nobel de littérature 2026";"https://radiofrance.fr/franceculture/podcasts/les-midis-de-culture-l-invite-e/qui-sera-le-prix-nobel-de-litterature-2026-7670704"
"France Culture (FR)";"FR";"2026-10-09";"Les Midis de Culture : l'invité(e)";"https://radiofrance.fr/franceculture/podcasts/les-midis-de-culture-l-invite"
"France Culture (FR)";"FR";"2026-10-09";"Cultures Monde";"https://radiofrance.fr/franceculture/podcasts/cultures-monde"
"France Culture (FR)";"FR";"2026-10-09";"La Gagaouzie, une province moldave sous influence russe";"https://radiofrance.fr/franceculture/podcasts/cultures-monde/la-gagaouzie-une-province-moldave-sous-influence-russe-4242848"
"France Culture (FR)";"FR";"2026-10-09";"Retour de Gagaouzie en Moldavie / Qui sont les acteurs de la paix ?";"https://radiofrance.fr/franceculture/podcasts/cultures-monde/retour-de-gagaouzie-en-moldavie-qui-sont-les-acteurs-de-la-paix-1396460"
"France Culture (FR)";"FR";"2026-10-09";"Blocus lycéens : quand le bâtiment parle";"https://radiofrance.fr/franceculture/podcasts/le-point-idees-le-journal-des-sciences-sociales/le-point-culture-xxl-le-point-idees-emission-du-vendredi-09-octobre-2026-1800495"
"France Culture (FR)";"FR";"2026-10-09";"Écrire la vie des femmes, pour une histoire populaire";"https://radiofrance.fr/franceculture/podcasts/le-cours-de-l-histoire/ecrire-la-vie-des-femmes-pour-une-histoire-populaire-3981103"
"France Culture (FR)";"FR";"2026-10-09";"Le Cours de l'histoire";"https://radiofrance.fr/franceculture/podcasts/le-cours-de-l-histoire"
"France Culture (FR)";"FR";"2026-10-09";"Les raisons du succès des Rendez-vous de l’histoire à Blois, avec Éric Alary";"https://radiofrance.fr/franceculture/podcasts/l-invite-e-des-matins/les-raisons-du-succes-des-rendez-vous-de-l-histoire-a-blois-avec-eric-alary-8984764"
"France Culture (FR)";"FR";"2026-10-09";"L'Invité(e) des Matins";"https://radiofrance.fr/franceculture/podcasts/l-invite-e-des-matins"
"France Culture (FR)";"FR";"2026-10-09";"En France, la fronde s'étend contre les data centers";"https://radiofrance.fr/franceculture/podcasts/journal-de-7-h/journal-de-7h-du-vendredi-09-octobre-2026-9774449"
"France Culture (FR)";"FR";"2026-10-09";"Journal de 7 h";"https://radiofrance.fr/franceculture/podcasts/journal-de-7-h"
"France Culture (FR)";"FR";"2026-10-09";"La Loire peut-elle être dotée d’une personnalité juridique ?";"https://radiofrance.fr/franceculture/podcasts/grand-reportage/la-loire-peut-elle-etre-dotee-d-une-personnalite-juridique-6698973"
"France Culture (FR)";"FR";"2026-10-09";"Grand Reportage";"https://radiofrance.fr/franceculture/podcasts/grand-reportage"
"France Culture (FR)";"FR";"2026-10-09";"Édouard Philippe va-t-il ravir la droite ?";"https://radiofrance.fr/franceculture/podcasts/le-billet-politique/edouard-philippe-va-t-il-ravir-la-droite-5296500"
"France Culture (FR)";"FR";"2026-10-09";"Le Billet politique";"https://radiofrance.fr/franceculture/podcasts/le-billet-politique"
"France Culture (FR)";"FR";"2026-10-09";"Comment sortir de la dette ? L'exemple argentin";"https://radiofrance.fr/franceculture/podcasts/le-droit-d-ailleurs/l-exemple-argentin-un-equilibre-budgetaire-fragile-2435750"
"France Culture (FR)";"FR";"2026-10-09";"La biodiversité domestique : ces espèces qui ne survivent plus sans nous";"https://radiofrance.fr/franceculture/podcasts/le-fil-sciences/une-biodiversite-a-transmettre-9426919"
"France Culture (FR)";"FR";"2026-10-09";"Le Fil sciences";"https://radiofrance.fr/franceculture/podcasts/le-fil-science"
"France Culture (FR)";"FR";"2026-10-09";"Burger, trop gras, trop sucré, trop sacré";"https://radiofrance.fr/franceculture/podcasts/cultures-monde/burger-trop-gras-trop-sucre-trop-sacre-7282662"
"France Culture (FR)";"FR";"2026-10-09";"Les Chantiers de la recherche";"https://radiofrance.fr/franceculture/podcasts/les-chantiers-de-la-recherche"
"France Culture (FR)";"FR";"2026-10-09";"Vive la pistache française !";"https://radiofrance.fr/franceculture/podcasts/les-bonnes-choses/les-bonnes-choses-emission-du-dimanche-04-octobre-2026-7272030"
"France Culture (FR)";"FR";"2026-10-09";"Les Bonnes Choses";"https://radiofrance.fr/franceculture/podcasts/les-bonnes-choses"
"France Culture (FR)";"FR";"2026-10-09";"De l’histoire au cinéma : raconter la chute de la France en 1940";"https://radiofrance.fr/franceculture/podcasts/l-invite-e-des-matins/marchandes-d-art-de-l-entre-deux-guerres-comment-s-ecrivent-les-colonisations-histoire-et-cinema-la-defaite-de-1940-7015759"
"ARTE (FR)";"FR";"2026-10-09";"Guide TV";"https://www.arte.tv/fr/guide/"
"ARTE (FR)";"FR";"2026-10-09";"[Vidéo/Article] Amours Solitaires";"https://www.arte.tv/fr/videos/RC-019324/amours-solitaires/"
"ARTE (FR)";"FR";"2026-10-09";"Amours solitairesUne série inspirée du compte Instagram de Morgane OrtinReconquérir son ex, c’est… compliqué, surtout quand on est parti à l’étranger sans lui donner de nouvelles.Série";"https://www.arte.tv/fr/videos/RC-019324/amours-solitaires/"
"ARTE (FR)";"FR";"2026-10-09";"Regarder";"https://www.arte.tv/fr/videos/RC-019324/amours-solitaires/"
"ARTE (FR)";"FR";"2026-10-09";"Info";"https://www.arte.tv/fr/videos/info-et-societe/"
"ARTE (FR)";"FR";"2026-10-09";"Documentaires";"https://www.arte.tv/fr/videos/documentaires-et-reportages/"
"ARTE (FR)";"FR";"2026-10-09";"Séries";"https://www.arte.tv/fr/videos/series-et-fictions/"
"ARTE (FR)";"FR";"2026-10-09";"Émissions";"https://www.arte.tv/fr/videos/emissions/"
"ARTE (FR)";"FR";"2026-10-09";"Concert";"https://www.arte.tv/fr/videos/135044-000-A/catherine-ringer-chante-les-rita-mitsouko/"
"ARTE (FR)";"FR";"2026-10-09";"Hommage à Catherine RingerSon concert à la Philharmonie de ParisHommage à la légende de la pop hexagonale disparue ce 14 septembre. Replongez dans l'univers des Rita Mitsouko, capté en 2019.101 minConcert";"https://www.arte.tv/fr/videos/135044-000-A/catherine-ringer-chante-les-rita-mitsouko/"
"ARTE (FR)";"FR";"2026-10-09";"Regarder";"https://www.arte.tv/fr/videos/135044-000-A/catherine-ringer-chante-les-rita-mitsouko/"
"ARTE (FR)";"FR";"2026-10-09";"Bande-annonce";"https://www.arte.tv/fr/videos/135044-000-A/?trailer=true"
"ARTE (FR)";"FR";"2026-10-09";"Concert";"https://www.arte.tv/fr/videos/132676-000-A/raye-guests/"
"ARTE (FR)";"FR";"2026-10-09";"Raye & guestsAu Montreux Jazz Festival 2026À l'occasion de la 60e édition du Montreux Jazz Festival, Raye invite sur scène plusieurs stars internationales de la pop.115 minConcertSous-titres. Sous-titresVersion originale. Version originale";"https://www.arte.tv/fr/videos/132676-000-A/raye-guests/"
"ARTE (FR)";"FR";"2026-10-09";"Regarder";"https://www.arte.tv/fr/videos/132676-000-A/raye-guests/"
"ARTE (FR)";"FR";"2026-10-09";"Bande-annonce";"https://www.arte.tv/fr/videos/132676-000-A/?trailer=true"
"ARTE (FR)";"FR";"2026-10-09";"Concert";"https://www.arte.tv/fr/videos/134165-001-A/yael-naim-orange-blossom-et-robinson-khoury/"
"ARTE (FR)";"FR";"2026-10-09";"Les Concerts VolantsNouvelle soirée tout en couleursYael Naim, Orange Blossom et Robinson Khoury : trois univers musicaux métissés pour ce voyage avec les Concerts Volants.94 minConcert";"https://www.arte.tv/fr/videos/134165-001-A/yael-naim-orange-blossom-et-robinson-khoury/"
"ARTE (FR)";"FR";"2026-10-09";"Regarder";"https://www.arte.tv/fr/videos/134165-001-A/yael-naim-orange-blossom-et-robinson-khoury/"
"ARTE (FR)";"FR";"2026-10-09";"Série";"https://www.arte.tv/fr/videos/RC-024574/de-grace/"
"ARTE (FR)";"FR";"2026-10-09";"De grâceAvec Olivier Gourmet et Panayotis PascotUne tragédie familiale dans l’univers des dockers du Havre. Avec Olivier Gourmet.Série";"https://www.arte.tv/fr/videos/RC-024574/de-grace/"
"ARTE (FR)";"FR";"2026-10-09";"Regarder";"https://www.arte.tv/fr/videos/RC-024574/de-grace/"
"ARTE (FR)";"FR";"2026-10-09";"Bande-annonce";"https://www.arte.tv/fr/videos/RC-024574/?trailer=true"
"ARTE (FR)";"FR";"2026-10-09";"Concert";"https://www.arte.tv/fr/videos/133232-004-A/marguerite/"
"ARTE (FR)";"FR";"2026-10-09";"MargueriteLa révélation pop au Cabaret VertRévélée par la Star Academy, Marguerite livre une performance mêlant sensibilité, franchise et espièglerie.52 minConcert";"https://www.arte.tv/fr/videos/133232-004-A/marguerite/"
"ARTE (FR)";"FR";"2026-10-09";"Regarder";"https://www.arte.tv/fr/videos/133232-004-A/marguerite/"
"ARTE (FR)";"FR";"2026-10-09";"Concert";"https://www.arte.tv/fr/videos/133654-000-A/selah-sue-and-the-gallands/"
"ARTE (FR)";"FR";"2026-10-09";"Selah Sue and the GallandsSession en plein air au lac LémanPour sa 60e édition, le Montreux Jazz Festival dévoile une session live d’exception avec Selah Sue & The Gallands. 34 minConcert";"https://www.arte.tv/fr/videos/133654-000-A/selah-sue-and-the-gallands/"
"ARTE (FR)";"FR";"2026-10-09";"Regarder";"https://www.arte.tv/fr/videos/133654-000-A/selah-sue-and-the-gallands/"
"ARTE (FR)";"FR";"2026-10-09";"Votre prochaine série vous attend";"https://www.arte.tv/fr/videos/series-et-fictions/"
"ARTE (FR)";"FR";"2026-10-09";"Voir tout";"https://www.arte.tv/fr/videos/series-et-fictions/"
"ARTE (FR)";"FR";"2026-10-09";"Nos films à l'affiche";"https://www.arte.tv/fr/videos/cinema/"
"ARTE (FR)";"FR";"2026-10-09";"Voir tout";"https://www.arte.tv/fr/videos/cinema/"
"ARTE (FR)";"FR";"2026-10-09";"Les documentaires à ne pas manquer";"https://www.arte.tv/fr/videos/documentaires-et-reportages/"
"ARTE (FR)";"FR";"2026-10-09";"Voir tout";"https://www.arte.tv/fr/videos/documentaires-et-reportages/"
"ARTE (FR)";"FR";"2026-10-09";"Prolongez l'été !";"https://www.arte.tv/fr/videos/RC-028332/prolonger-l-ete/"
"ARTE (FR)";"FR";"2026-10-09";"Voir tout";"https://www.arte.tv/fr/videos/RC-028332/prolonger-l-ete/"
"ARTE (FR)";"FR";"2026-10-09";"Mafia - Le pouvoir des clans";"https://www.arte.tv/fr/videos/RC-028397/mafia-le-pouvoir-des-clans/"
"ARTE (FR)";"FR";"2026-10-09";"Voir tout";"https://www.arte.tv/fr/videos/RC-028397/mafia-le-pouvoir-des-clans/"
"ARTE (FR)";"FR";"2026-10-09";"Israël : pleins feux sur un pays fracturé";"https://www.arte.tv/fr/videos/RC-028278/"
"ARTE (FR)";"FR";"2026-10-09";"Voir tout";"https://www.arte.tv/fr/videos/RC-028278/"
"ARTE (FR)";"FR";"2026-10-09";"Culture";"https://www.arte.tv/fr/videos/culture-et-pop/"
"ARTE (FR)";"FR";"2026-10-09";"Voir tout";"https://www.arte.tv/fr/videos/culture-et-pop/"
"ARTE (FR)";"FR";"2026-10-09";"Nos émissions en un coup d'œil";"https://www.arte.tv/fr/videos/emissions/"
"ARTE (FR)";"FR";"2026-10-09";"Voir tout";"https://www.arte.tv/fr/videos/emissions/"
"ARTE (FR)";"FR";"2026-10-09";"Histoire";"https://www.arte.tv/fr/videos/histoire/"
"ARTE (FR)";"FR";"2026-10-09";"Voir tout";"https://www.arte.tv/fr/videos/histoire/"
"ARTE (FR)";"FR";"2026-10-09";"Pour la Fête de la science";"https://www.arte.tv/fr/videos/sciences/"
"ARTE (FR)";"FR";"2026-10-09";"Voir tout";"https://www.arte.tv/fr/videos/sciences/"
"ARTE (FR)";"FR";"2026-10-09";"Les vidéos les plus vues";"https://www.arte.tv/fr/videos/plus-vues/"
"ARTE (FR)";"FR";"2026-10-09";"Voir tout";"https://www.arte.tv/fr/videos/plus-vues/"
"ARTE (FR)";"FR";"2026-10-09";"Catastrophe - Une série british sur les affres du couple";"https://www.arte.tv/fr/videos/RC-027959/catastrophe/"
"ARTE (FR)";"FR";"2026-10-09";"Taxe-moi, si tu peux ! - Les astuces fiscales des super-riches";"https://www.arte.tv/fr/videos/RC-027810/taxe-moi-si-tu-peux/"
"Time Magazine World (EN)";"EN";"2026-10-09";"Navanethem 'Navi' Pillay Wins the 2026 Nobel Peace Prize";"https://time.com/article/2026/10/09/navanethem-navi-pillay-wins-the-2026-nobel-peace-prize/"
"Time Magazine World (EN)";"EN";"2026-10-09";"Senate Investigation Challenges Big Tech’s Case for AI Data Centers";"https://time.com/article/2026/10/08/senate-investigation-ai-data-centers/"
"Time Magazine World (EN)";"EN";"2026-10-09";"He's Running In a District Trump Won By 21 Points. Democrats See an Opening";"https://time.com/article/2026/10/08/Tennessee-Justin-Pearson-poll-election-gerrymandering-DCCC/"
"Time Magazine World (EN)";"EN";"2026-10-09";"What to Know About Hurricane Isaias";"https://time.com/article/2026/10/08/hurricane-isaias-what-to-know/"
"Time Magazine World (EN)";"EN";"2026-10-09";"At San Antonio Rally, Trump Warns He’ll ‘Never Forgive’ Texas if Talarico Wins";"https://time.com/article/2026/10/08/trump-rally-san-antonio-texas-talarico/"
"Time Magazine World (EN)";"EN";"2026-10-09";"Kansas Has Emerged as a Senate Battleground State. Here’s Why It Matters";"https://time.com/article/2026/10/07/why-kansas-has-emerged-as-a-new-battleground-state-and-why-it-matters/"
"Time Magazine World (EN)";"EN";"2026-10-09";"Meet the Nobel Peace Prize Contenders Who Could Beat Trump This Year";"https://time.com/article/2026/10/08/meet-the-nobel-peace-prize-contenders-that-could-beat-trump/"
"Time Magazine World (EN)";"EN";"2026-10-09";"The Excellence of Shai Gilgeous-Alexander";"https://time.com/article/2026/10/08/shai-gilgeous-alexander-sga-interview/"
"Time Magazine World (EN)";"EN";"2026-10-09";"Review: 'Artificial'";"https://time.com/article/2026/10/06/artificial-review-andrew-garfield-sam-altman/"
"Time Magazine World (EN)";"EN";"2026-10-09";"Omar Sy on 'Lupin' Season 4";"https://time.com/article/2026/10/07/omar-sy-lupin-season-4/"
"Time Magazine World (EN)";"EN";"2026-10-09";"'Cupertino' Is the Best Network Lawyer Show in Ages";"https://time.com/article/2026/10/08/cupertino-review-cbs/"
"Time Magazine World (EN)";"EN";"2026-10-09";"Breaking Down the Ending of 'Below'";"https://time.com/article/2026/10/01/below-netflix-ending/"
"Time Magazine World (EN)";"EN";"2026-10-09";"TIME100 Next 2026TIME100 Next 2026";"https://time.com/collection/time100-next/2026/"
"Time Magazine World (EN)";"EN";"2026-10-09";"Swizz Beatz and Alicia Keys";"https://time.com/collection/time100-art/2026/alicia-keys-and-swizz-beatz/"
"Time Magazine World (EN)";"EN";"2026-10-09";"What the Cornell 7 Case Reveals About Consent and Bravery";"https://time.com/article/2026/10/07/what-the-cornell-7-case-reveals-about-consent-and-bravery/"
"Time Magazine World (EN)";"EN";"2026-10-09";"Hoping for Better, 3 Years Since Oct. 7";"https://time.com/article/2026/10/06/hoping-for-better-3-years-since-oct-7/"
"Time Magazine World (EN)";"EN";"2026-10-09";"The War in Iran Will Make It Harder for Americans to Stay Warm This Winter";"https://time.com/article/2026/10/07/the-war-in-iran-will-make-it-harder-for-americans-to-stay-warm-this-winter/"
"Time Magazine World (EN)";"EN";"2026-10-09";"How to Beat Trump’s Noise Machine";"https://time.com/article/2026/10/07/trump-nebraska-los-angeles-iran-war-noise-machine/"
"Time Magazine World (EN)";"EN";"2026-10-09";"TIME100 Next 2026: The World's Most Influential Rising Stars";"https://time.com/collection/time100-next/2026/"
"Time Magazine World (EN)";"EN";"2026-10-09";"Eye Cells May Have Been Rejuvenated for the First Time in People";"https://time.com/article/2026/10/08/eye-cells-rejuvenated-for-the-first-time-in-people/"
"Time Magazine World (EN)";"EN";"2026-10-09";"What Worries Experts About the Russia 'Plague' Incident";"https://time.com/article/2026/10/07/what-worries-experts-about-the-russia-plague-incident/"
"Time Magazine World (EN)";"EN";"2026-10-09";"What to Say When Someone Shows Up Sick";"https://time.com/article/2026/10/07/what-to-say-when-someone-shows-up-sick/"
"Time Magazine World (EN)";"EN";"2026-10-09";"Why Audiobook Walking Clubs Are Taking Off";"https://time.com/article/2026/10/07/audiobook-walking-clubs/"
"Time Magazine World (EN)";"EN";"2026-10-09";"Are Compounding Pharmacies Safe?";"https://time.com/article/2026/10/07/compounding-pharmacies-weight-loss-drugs/"
"Time Magazine World (EN)";"EN";"2026-10-09";"Don't Cancel Your Plans. Shrink Them";"https://time.com/article/2026/10/06/dont-cancel-plans-shrink-them/"
"Time Magazine World (EN)";"EN";"2026-10-09";"Now Is the Best Time to Get Your Flu Shot";"https://time.com/article/2026/10/05/now-is-the-best-time-to-get-your-flu-shot/"
"Time Magazine World (EN)";"EN";"2026-10-09";"Breaking Down the Finale of Mike Flanagan's 'Carrie'";"https://time.com/article/2026/10/05/carrie-mike-flanagan-finale-explained/"
"Time Magazine World (EN)";"EN";"2026-10-09";"Review: 'The Social Reckoning'";"https://time.com/article/2026/10/07/the-social-reckoning-review/"
"Time Magazine World (EN)";"EN";"2026-10-09";"The Women Behind 'The Social Reckoning'";"https://time.com/article/2026/10/06/mikey-madison-frances-haugen-the-social-reckoning/"
"Time Magazine World (EN)";"EN";"2026-10-09";"Meta’s Muse AI Agent Is Building a Dossier On You";"https://time.com/article/2026/10/06/meta-muse-ai-agent-privacy/"
"Time Magazine World (EN)";"EN";"2026-10-09";"The Elon Musk Documentary That Has Him Fighting Back";"https://time.com/article/2026/10/05/elon-musk-gibney-documentary/"
"Time Magazine World (EN)";"EN";"2026-10-09";"Awe in the Age of AI";"https://time.com/article/2026/10/02/awe-in-the-age-of-ai/"
"Time Magazine World (EN)";"EN";"2026-10-09";"Why the U.S. Must Simultaneously Compete—and Cooperate—With China on AI";"https://time.com/article/2026/10/01/the-u-s-must-compete-and-cooperate-with-china-on-ai/"
"Time Magazine World (EN)";"EN";"2026-10-09";"How Google Is Quietly Turning Millions of People Into AI Users";"https://time.com/article/2026/09/29/google-search-ai-mode-chat/"
"Time Magazine World (EN)";"EN";"2026-10-09";"The Case Against Pacing the AI Frontier";"https://time.com/article/2026/09/28/the-case-against-pacing-the-ai-frontier/"
"Time Magazine World (EN)";"EN";"2026-10-09";"What Are Kelvin Waves?";"https://time.com/article/2026/10/07/kelvin-waves-california-el-nino/"
"Time Magazine World (EN)";"EN";"2026-10-09";"When Is the Best Time to See Peak Fall Foliage?";"https://time.com/article/2026/10/05/when-is-the-best-time-to-see-peak-fall-foliage-/"
"Time Magazine World (EN)";"EN";"2026-10-09";"Europe’s Approach to Climate Change Is Entering a New Era";"https://time.com/article/2026/10/02/europe-s-approach-to-climate-is-entering-a-new-era/"
"Time Magazine World (EN)";"EN";"2026-10-09";"How Does Climate Change Impact Nor'easters?";"https://time.com/article/2026/09/25/climate-change-nor-easters/"
"Time Magazine World (EN)";"EN";"2026-10-09";"Everyone's Still Talking About Climate Change, Actually";"https://time.com/article/2026/09/25/new-york-climate-week/"
"Time Magazine World (EN)";"EN";"2026-10-09";"How To Help Pollinators Survive Winter";"https://time.com/article/2026/09/24/fall-yard-cleanup-pollinators-winter/"
"Icilome (FR)";"FR";"2026-10-09";"Quand l’argent se retrouve dans des Polytank";"https://icilome.com/2026/10/quand-largent-se-retrouve-dans-des-polytank/"
"Icilome (FR)";"FR";"2026-10-09";"TOGO : FIAT LUX ! La lumière y est";"https://icilome.com/2026/10/togo-fiat-lux-la-lumiere-y-est/"
"Icilome (FR)";"FR";"2026-10-09";"Togo – Prof. Togoata Apédo-Amah appelle l’opposition à un « examen de conscience »";"https://icilome.com/2026/10/togo-prof-togoata-apedo-amah-appelle-lopposition-a-un-examen-de-conscience/"
"Icilome (FR)";"FR";"2026-10-09";"Classement FIFA : le Togo recule et la Corée du Nord lui souffle dans le cou";"https://icilome.com/2026/10/classement-fifa-le-togo-recule-et-la-coree-du-nord-lui-souffle-dans-le-cou/"
"Icilome (FR)";"FR";"2026-10-09";"Togo – Faure Gnassingbé en visite officielle en Chine";"https://icilome.com/2026/10/togo-faure-gnassingbe-en-visite-officielle-en-chine/"
"Icilome (FR)";"FR";"2026-10-09";"Drame à Dekadome : le MMLK exige la fermeture des carrières illégales";"https://icilome.com/2026/10/drame-a-dekadome-le-mmlk-exige-la-fermeture-des-carrieres-illegales/"
"Icilome (FR)";"FR";"2026-10-09";"Togo : Génération Togo appelle à une mobilisation nationale le 20 novembre";"https://icilome.com/2026/10/togo-generation-togo-appelle-a-une-mobilisation-nationale-le-20-novembre/"
"Icilome (FR)";"FR";"2026-10-09";"Togo- 36 ans après le soulèvement populaire, quel avenir?";"https://icilome.com/2026/10/togo-36-ans-apres-le-soulevement-populaire-quel-avenir/"
"Icilome (FR)";"FR";"2026-10-09";"La culture togolaise au bord de l’épuisement";"https://icilome.com/2026/10/la-culture-togolaise-au-bord-de-lepuisement/"
"Icilome (FR)";"FR";"2026-10-09";"France : Amnesty dénonce une réponse policière « disproportionnée » aux manifestations lycéennes";"https://icilome.com/2026/10/france-amnesty-denonce-une-reponse-policiere-disproportionnee-aux-manifestations-lyceennes/"
"Icilome (FR)";"FR";"2026-10-09";"Togo- PAREC II : A Avéta, l’AFD referme un chapitre et en prépare un autre";"https://icilome.com/2026/10/togo-parec-ii-a-aveta-lafd-referme-un-chapitre-et-en-prepare-un-autre/"
"Icilome (FR)";"FR";"2026-10-09";"Roger Folikoué : croire, aimer et donner sens à sa vie";"https://icilome.com/2026/10/roger-folikoue-croire-aimer-et-donner-sens-a-sa-vie/"
"Icilome (FR)";"FR";"2026-10-09";"Togo – Noces de cristal du SYNJIT : hommage aux pionniers et cap sur l’avenir";"https://icilome.com/2026/09/togo-noces-de-cristal-du-synjit-hommage-aux-pionniers-et-cap-sur-lavenir/"
"Icilome (FR)";"FR";"2026-10-09";"Togo – SYNJIT : 15 ans d’engagement syndical, un webinaire pour remobiliser les journalistes togolais";"https://icilome.com/2026/08/togo-synjit-15-ans-dengagement-syndical-un-webinaire-pour-remobiliser-les-journalistes-togolais/"
"Icilome (FR)";"FR";"2026-10-09";"Édito- Au Togo, on n’arrête plus les voleurs, on arrête les vendeurs de journaux";"https://icilome.com/2026/08/edito-au-togo-on-narrete-plus-les-voleurs-on-arrete-les-vendeurs-de-journaux/"
"Icilome (FR)";"FR";"2026-10-09";"Togo- Le PPT dénonce une « caporalisation » de la presse après l’interpellation musclée d’un vendeur de journaux";"https://icilome.com/2026/08/togo-le-ppt-denonce-une-caporalisation-de-la-presse-apres-linterpellation-musclee-dun-vendeur-de-journaux/"
"Icilome (FR)";"FR";"2026-10-09";"Oration On Liberty! Addressed to the People and Governors of Togo";"https://icilome.com/2026/07/oration-on-liberty-addressed-to-the-people-and-governors-of-togo/"
"Icilome (FR)";"FR";"2026-10-09";"Togo- Le SYNJIT prépare ses 15 ans avec de nouvelles cartes de membres";"https://icilome.com/2026/07/togo-le-synjit-prepare-ses-15-ans-avec-de-nouvelles-cartes-de-membres/"
"Icilome (FR)";"FR";"2026-10-09";"Video: Abdoul Aziz Goma Addresses the UN on Repression in Togo";"https://icilome.com/2026/03/video-abdoul-aziz-goma-addresses-the-un-on-repression-in-togo/"
"Icilome (FR)";"FR";"2026-10-09";"Togo – Enquête, pressions et refus de l’exil : le message fort de Roger Amemavoh (Vidéo)";"https://icilome.com/2026/02/togo-enquete-pressions-et-refus-de-lexil-le-message-fort-de-roger-amemavor-video/"
"Icilome (FR)";"FR";"2026-10-09";"Bénin : Le président Talon s’adresse à la nation après la tentative de coup d’État (vidéo)";"https://icilome.com/2025/12/benin-le-president-talon-sadresse-a-la-nation-apres-la-tentative-de-coup-detat-video/"
"Icilome (FR)";"FR";"2026-10-09";"Yves Edoh Agbodjan, alias Togbevi Kpéssé précise les objectifs de la délégation du M66 à New York (Interview)";"https://icilome.com/2025/09/yves-edoh-agbodjan-alias-togbevi-kpesse-precise-les-objectifs-de-la-delegation-du-m66-a-new-york-interview/"
"Icilome (FR)";"FR";"2026-10-09";"Vidéo – Le MO5 rejoint l’appel à la mobilisation du 30 août au Togo";"https://icilome.com/2025/08/video-le-mo5-rejoint-lappel-a-la-mobilisation-du-30-aout-au-togo/"
"Icilome (FR)";"FR";"2026-10-09";"Génie Imhotep : le jeu de culture en santé entame sa troisième saison ce samedi";"https://icilome.com/2026/10/genie-imhotep-le-jeu-de-culture-en-sante-entame-sa-troisieme-saison/"
"Icilome (FR)";"FR";"2026-10-09";"Le « Mistral » français, la visite de Macron au Sénégal : quels sont les projets de Paris concernant le Sénégal ?";"https://icilome.com/2026/10/le-mistral-francais-la-visite-de-macron-au-senegal-quels-sont-les-projets-de-paris-concernant-le-senegal/"
"Icilome (FR)";"FR";"2026-10-09";"Incident sanitaire à l’Aéroport de Lomé : L’art de cacher le soleil avec la main";"https://icilome.com/2026/10/incident-sanitaire-a-laeroport-de-lome-lart-de-cacher-le-soleil-avec-la-main/"
"Icilome (FR)";"FR";"2026-10-09";"Application de l’Arrêt de la Cour de la CEDEAO : mettons le cap sur le Conseil de Paix et de Sécurité de l’Union Africaine";"https://icilome.com/2026/10/application-de-larret-de-la-cour-de-la-cedeao-mettons-le-cap-sur-le-conseil-de-paix-et-de-securite-de-lunion-africaine/"
"Icilome (FR)";"FR";"2026-10-09";"Togo – Après New York, Lomé réunit bientôt les ministres africains de l’Éducation pour mettre la nouvelle carte au programme";"https://icilome.com/2026/10/togo-apres-new-york-lome-reunit-bientot-les-ministres-africains-de-leducation-pour-mettre-la-nouvelle-carte-au-programme/"
"Icilome (FR)";"FR";"2026-10-09";"Visas et cartes de séjour : le Togo réécrit ses règles d’entrée";"https://icilome.com/2026/10/visas-et-cartes-de-sejour-le-togo-reecrit-ses-regles-dentree/"
"Icilome (FR)";"FR";"2026-10-09";"Togo- Justice: Bientôt un recueil numérique de la jurisprudence togolaise, accessible en ligne";"https://icilome.com/2026/10/togo-justice-bientot-un-recueil-numerique-de-la-jurisprudence-togolaise-accessible-en-ligne/"
"Icilome (FR)";"FR";"2026-10-09";"Togo- Consommer local : le gouvernement togolais déroule son programme d’octobre";"https://icilome.com/2026/10/togo-consommer-local-le-gouvernement-togolais-deroule-son-programme-doctobre/"
"Icilome (FR)";"FR";"2026-10-09";"Togo- Voici les grandes décisions du Conseil des ministres de ce mardi 06 octobre 2026";"https://icilome.com/2026/10/togo-voici-les-grandes-decisions-du-conseil-des-ministres-de-ce-mardi-06-octobre-2026/"
"Icilome (FR)";"FR";"2026-10-09";"Togo- 21ème Foire Internationale de Lomé : rendez-vous au CETEF TOGO 2000 du 27 novembre au 13 décembre 2026";"https://icilome.com/2026/10/togo-21eme-foire-internationale-de-lome-rendez-vous-au-cetef-togo-2000-du-27-novembre-au-13-decembre-2026/"
"Icilome (FR)";"FR";"2026-10-09";"Journées Portes Ouvertes de la Police Nationale : le racket occulté ?";"https://icilome.com/2026/10/journees-portes-ouvertes-de-la-police-nationale-le-racket-occulte/"
"Icilome (FR)";"FR";"2026-10-09";"Togo – L’opposition promet un « dernier avertissement » au régime le 20 novembre";"https://icilome.com/2026/10/togo-lopposition-promet-un-dernier-avertissement-au-regime-le-20-novembre/"
"Icilome (FR)";"FR";"2026-10-09";"Togo – L’ADDI fête ses 35 ans en s’interrogeant sur la place de la jeunesse";"https://icilome.com/2026/10/togo-laddi-fete-ses-35-ans-en-sinterrogeant-sur-la-place-de-la-jeunesse/"
"Icilome (FR)";"FR";"2026-10-09";"Togo – Au siège de la CDPA, la mémoire du 5 octobre comme arme politique";"https://icilome.com/2026/10/togo-au-siege-de-la-cdpa-la-memoire-du-5-octobre-comme-arme-politique/"
"Icilome (FR)";"FR";"2026-10-09";"Togo: L’IA au service du Trésor ou de la poule aux œufs d’or et du panier percé Ohh « boubou-gnats » de ladite 5e République";"https://icilome.com/2026/10/togo-lia-au-service-du-tresor-ou-de-la-poule-aux-oeufs-dor-et-du-panier-perce-ohh-boubou-gnats-de-ladite-5e-republique/"
"Icilome (FR)";"FR";"2026-10-09";"Togo – Le  gouvernement se soucie-t-il de sa jeunesse ?";"https://icilome.com/2026/10/togo-le-gouvernement-se-soucie-t-il-de-sa-jeunesse/"
"Icilome (FR)";"FR";"2026-10-09";"Interview du président reconduit à la tête du PPT :  Honoré ADONTUI parle du nouveau défi et lance un appel au gouvernement";"https://icilome.com/2026/10/interview-du-president-reconduit-a-la-tete-du-ppt-honore-adontui-parle-du-nouveau-defi-et-lance-un-appel-au-gouvernement/"
"Icilome (FR)";"FR";"2026-10-09";"Togo – L’opposition appelle à se « ressourcer » à la CDPA ce dimanche";"https://icilome.com/2026/10/togo-lopposition-appelle-a-se-ressourcer-a-la-cdpa-ce-dimanche/"
"Icilome (FR)";"FR";"2026-10-09";"Togo : la diaspora désormais connectée à son ministère";"https://icilome.com/2026/10/togo-la-diaspora-desormais-connectee-a-son-ministere/"
"Icilome (FR)";"FR";"2026-10-09";"Togo-Russie : Lomé et Moscou élargissent leur partenariat aux mines et à l’énergie";"https://icilome.com/2026/10/togo-russie-lome-et-moscou-elargissent-leur-partenariat-aux-mines-et-a-lenergie/"
"Icilome (FR)";"FR";"2026-10-09";"Togo- Kara : 27 milliards s’ajoutent aux autres milliards déjà investis dans la recherche d’eau potable";"https://icilome.com/2026/10/togo-kara-27-milliards-sajoutent-aux-autres-milliards-deja-investis-dans-la-recherche-deau-potable/"
"Icilome (FR)";"FR";"2026-10-09";"Dr Charles BIRREGAH élu Vice-Président de la Conférence Régionale des Recteurs de l’AUF pour l’Afrique de l’Ouest";"https://icilome.com/2026/10/dr-charles-birregah-elu-vice-president-de-la-conference-regionale-des-recteurs-de-lauf-pour-lafrique-de-louest/"
"Icilome (FR)";"FR";"2026-10-09";"Résumé analytique d’un extrait de l’interview de Yaouza Ouro-Sama";"https://icilome.com/2026/10/resume-analytique-dun-extrait-de-linterview-de-yaouza-ouro-sama/"
"Icilome (FR)";"FR";"2026-10-09";"Togo : Paix sans démocratie, se mentir";"https://icilome.com/2026/10/togo-paix-sans-democratie-se-mentir/"
"Icilome (FR)";"FR";"2026-10-09";"Togo – Eau potable : à Kara, la bataille se joue d’abord sur le terrain";"https://icilome.com/2026/10/togo-eau-potable-a-kara-la-bataille-se-joue-dabord-sur-le-terrain/"
"Icilome (FR)";"FR";"2026-10-09";"Togo- Racket : le ministère de la Sécurité ouvre une ligne directe, le 1014";"https://icilome.com/2026/10/togo-racket-le-ministere-de-la-securite-ouvre-une-ligne-directe-le-1014/"
"Icilome (FR)";"FR";"2026-10-09";"Togo- CHU Sylvanus Olympio : à la morgue, les oubliés attendent toujours";"https://icilome.com/2026/10/togo-chu-sylvanus-olympio-a-la-morgue-les-oublies-attendent-toujours/"
"Icilome (FR)";"FR";"2026-10-09";"Nord du Togo : le colonel N’Guwaki prend Koundjoaré sous la pression des incursions";"https://icilome.com/2026/10/nord-du-togo-le-colonel-nguwaki-prend-koundjoare-sous-la-pression-des-incursions/"
"Icilome (FR)";"FR";"2026-10-09";"Togo- Anié : le plus grand magasin du marché réduit en cendre";"https://icilome.com/2026/09/togo-anie-le-plus-grand-magasin-du-marche-reduit-en-cendre/"
"Icilome (FR)";"FR";"2026-10-09";"Togo – BAC annulé pour trois candidats, comment le pouvoir encourage l’immoralité";"https://icilome.com/2026/09/togo-bac-annule-pour-trois-candidats-comment-le-pouvoir-encourage-limmoralite/"
"Icilome (FR)";"FR";"2026-10-09";"Tribune | Togo- Emploi, entrepreneuriat, formation : des programmes existent, mais les résultats sont-ils à la hauteur des attentes ?";"https://icilome.com/2026/09/tribune-togo-emploi-entrepreneuriat-formation-des-programmes-existent-mais-les-resultats-sont-ils-a-la-hauteur-des-attentes/"
"Icilome (FR)";"FR";"2026-10-09";"Togo- Agression au siège de la CDPA : pour Adjamagbo-Johnson, l’enquête s’est bloquée après la promotion de l’officier chargé du dossier";"https://icilome.com/2026/09/togo-agression-au-siege-de-la-cdpa-pour-adjamagbo-johnson-lenquete-sest-bloquee-apres-la-promotion-de-lofficier-charge-du-dossier/"
"Icilome (FR)";"FR";"2026-10-09";"Agoè-Fidokpui : Poteaux et câbles électriques abandonnés au milieu d’un marché inauguré aujourd’hui";"https://icilome.com/2026/09/agoe-fidokpui-poteaux-et-cables-electriques-abandonnes-au-milieu-dun-marche-inaugure-aujourdhui/"
"Icilome (FR)";"FR";"2026-10-09";"Agression de journalistes en septembre 2024 : le PPT s’interroge sur l’indifférence du gouvernement";"https://icilome.com/2026/09/agression-de-journalistes-en-septembre-2024-le-ppt-sinterroge-sur-lindifference-du-gouvernement/"
"Icilome (FR)";"FR";"2026-10-09";"Mali : Amnesty International accuse l’armée et Wagner de crimes de guerre contre des civils";"https://icilome.com/2026/09/141120/"
"Icilome (FR)";"FR";"2026-10-09";"Togo : Mme Kafui Adjamagbo-Johnson, pourquoi elle ne démissionne pas de l’Assemblée… pour l’instant";"https://icilome.com/2026/09/togo-mme-kafui-adjamagbo-johnson-pourquoi-elle-ne-demissionne-pas-de-lassemblee/"
"Icilome (FR)";"FR";"2026-10-09";"Togo- 29 septembre 2024 : deux ans après, les journalistes agressés au siège de la CDPA attendent toujours des réponses";"https://icilome.com/2026/09/togo-29-septembre-2024-deux-ans-apres-les-journalistes-agresses-au-siege-de-la-cdpa-attendent-toujours-des-reponses/"
"Icilome (FR)";"FR";"2026-10-09";"Togo- Eau potable : Kara lance un chantier pour près de 200 000 personnes";"https://icilome.com/2026/09/togo-eau-potable-kara-lance-un-chantier-pour-pres-de-200-000-personnes/"
"Icilome (FR)";"FR";"2026-10-09";"« Correct the Map » : Dussey, Bishop Donald et Blessing OR fêtent la victoire";"https://icilome.com/2026/09/correct-the-map-dussey-bishop-donald-et-blessing-or-fetent-la-victoire/"
"Icilome (FR)";"FR";"2026-10-09";"Après la mobilisation de New York, la DMK ORIGINALE appelle à l’unité des forces démocratiques togolaises";"https://icilome.com/2026/09/apres-la-mobilisation-de-new-york-la-dmk-originale-appelle-a-lunite-des-forces-democratiques-togolaises/"
"Icilome (FR)";"FR";"2026-10-09";"Africa Next Bénévolat : les lauréats des Africa Next Awards s’engagent à accompagner 100 PME africaines";"https://icilome.com/2026/09/africa-next-benevolat-les-laureats-des-africa-next-awards-sengagent-a-accompagner-100-pme-africaines/"
"Icilome (FR)";"FR";"2026-10-09";"CreaConnex 2026 : les créateurs de contenu appelés à mieux structurer leur activité";"https://icilome.com/2026/09/creaconnex-2026-les-createurs-de-contenu-appeles-a-mieux-structurer-leur-activite/"
"Icilome (FR)";"FR";"2026-10-09";"Togo : à Tchamba, 473 patients attendent l’aboutissement d’une mission chirurgicale gratuite";"https://icilome.com/2026/09/togo-a-tchamba-473-patients-attendent-laboutissement-dune-mission-chirurgicale-gratuite/"
"Icilome (FR)";"FR";"2026-10-09";"Togo – Hongrie : vers une accélération des projets communs dans l’eau et l’assainissement";"https://icilome.com/2026/09/togo-hongrie-vers-une-acceleration-des-projets-communs-dans-leau-et-lassainissement/"
"Icilome (FR)";"FR";"2026-10-09";"Comment le Togo s’écroule tout seul";"https://icilome.com/2026/09/comment-le-togo-secroule-tout-seul/"
"Icilome (FR)";"FR";"2026-10-09";"Le carburant a monté, la santé est descendue";"https://icilome.com/2026/09/le-carburant-a-monte-la-sante-est-descendue/"
"Icilome (FR)";"FR";"2026-10-09";"Togo- Kégué a retrouvé ses Éperviers, et les Éperviers ont retrouvé leur public";"https://icilome.com/2026/09/togo-kegue-a-retrouve-ses-eperviers-et-les-eperviers-ont-retrouve-leur-public/"
"Icilome (FR)";"FR";"2026-10-09";"Togo- Précarité des journalistes du privé: Le cri d’alarme du SYNJIT auprès des Nations Unies";"https://icilome.com/2026/09/togo-precarite-des-journalistes-du-prive-le-cri-dalarme-du-synjit-aupres-des-nations-unies/"
"Togo First (FR)";"FR";"2026-10-09";"Togo-Chine : Faure Gnassingbé à Pékin pour aligner la coopération sur la Vision 2040";"https://www.togofirst.com/fr/gouvernance-economique/0810-20286-togo-chine-faure-gnassingbe-attendu-en-chine-pour-renforcer-le-partenariat-strategique"
"Togo First (FR)";"FR";"2026-10-09";"Togo : quatre priorités pour rapprocher l’enseignement supérieur de l’économie";"https://www.togofirst.com/fr/education/0910-20292-togo-quatre-priorites-pour-rapprocher-l-enseignement-superieur-de-l-economie"
"Togo First (FR)";"FR";"2026-10-09";"Togo : le budget 2027 se prépare à intégrer le dividende démographique";"https://www.togofirst.com/fr/gouvernance-economique/0910-20291-togo-le-budget-2027-se-prepare-a-integrer-le-dividende-demographique"
"Togo First (FR)";"FR";"2026-10-09";"Togo : Martin Drevon quitte la NSCT après six ans à la tête de la filière coton";"https://www.togofirst.com/fr/agro/0910-20290-togo-martin-drevon-quitte-la-nsct-apres-six-ans-a-la-tete-de-la-filiere-coton"
"Togo First (FR)";"FR";"2026-10-09";"A Lomé, Togolais et Russes ont défini de nouvelles perspectives de Coopération";"https://www.togofirst.com/fr/gouvernance-economique/0910-20289-a-lome-togolais-et-russes-ont-defini-de-nouvelles-perspectives-de-cooperation"
"Togo First (FR)";"FR";"2026-10-09";"Cuisson propre : le Togo avance vers un programme pour réduire la dépendance à la biomasse";"https://www.togofirst.com/fr/gouvernance-economique/0810-20285-cuisson-propre-le-togo-avance-vers-un-programme-pour-reduire-la-dependance-a-la-biomasse"
"Togo First (FR)";"FR";"2026-10-09";"Togo : le gouvernement veut renforcer le contrôle des explosifs et substances sensibles";"https://www.togofirst.com/fr/securite/0810-20282-togo-le-gouvernement-veut-renforcer-le-controle-des-explosifs-et-substances-sensibles"
"Togo First (FR)";"FR";"2026-10-09";"Togo : un nouveau cadre pour mieux aligner les diplômes sur les besoins de l’emploi";"https://www.togofirst.com/fr/education/0810-20281-togo-un-nouveau-cadre-pour-mieux-aligner-les-diplomes-sur-les-besoins-de-l-emploi"
"Togo First (FR)";"FR";"2026-10-09";"Togo : le gouvernement veut davantage ouvrir le secteur électrique aux investissements privés";"https://www.togofirst.com/fr/energies/0810-20279-togo-le-gouvernement-veut-davantage-ouvrir-le-secteur-electrique-aux-investissements-prives"
"Togo First (FR)";"FR";"2026-10-09";"Visas d’entrée et cartes de séjour : le Togo révise les modalités de délivrance";"https://www.togofirst.com/fr/gestion-publique/0710-20277-visas-d-entree-et-cartes-de-sejour-le-togo-revise-les-modalites-de-delivrance"
"Togo First (FR)";"FR";"2026-10-09";"Consommer local 2026 : le Togo mise sur la production locale pour sa souveraineté économique";"https://www.togofirst.com/fr/gouvernance-economique/0710-20273-consommer-local-2026-le-togo-mise-sur-la-production-locale-pour-sa-souverainete-economique"
"Togo First (FR)";"FR";"2026-10-09";"À Lomé, les acteurs africains cherchent de nouveaux financements pour l’inclusion des personnes handicapées";"https://www.togofirst.com/fr/social/0710-20271-a-lome-les-acteurs-africains-cherchent-de-nouveaux-financements-pour-l-inclusion-des-personnes-handicapees"
"Togo First (FR)";"FR";"2026-10-09";"Togo : le Parlement prépare une nouvelle réponse législative contre la pollution plastique";"https://www.togofirst.com/fr/gestion-publique/0710-20270-togo-le-parlement-prepare-une-nouvelle-reponse-legislative-contre-la-pollution-plastique"
"Togo First (FR)";"FR";"2026-10-09";"Développement urbain : le Togo rationalise ses interventions avec la création de la SONADU";"https://www.togofirst.com/fr/gestion-publique/0710-20268-developpement-urbain-le-togo-rationalise-ses-interventions-avec-la-creation-de-la-sonadu"
"Togo First (FR)";"FR";"2026-10-09";"Togo : l’État vise 2109 milliards FCFA de recettes fiscales en 2031";"https://www.togofirst.com/fr/gouvernance-economique/0710-20267-togo-l-etat-vise-2109-milliards-fcfa-de-recettes-fiscales-en-2031"
"Togo First (FR)";"FR";"2026-10-09";"Foncier, permis de construire, urbanisme : le Togo revendique 20 ans de réformes";"https://www.togofirst.com/fr/gouvernance-economique/0610-20264-foncier-permis-de-construire-urbanisme-le-togo-revendique-20-ans-de-reformes"
"Togo First (FR)";"FR";"2026-10-09";"Fourniture d’électricité : des perturbations possibles, sur fond de travaux de WAPCo";"https://www.togofirst.com/fr/energies/0610-20259-fourniture-d-electricite-des-perturbations-possibles-sur-fond-de-travaux-de-wapco"
"Togo First (FR)";"FR";"2026-10-09";"HCR et ASKY s’allient pour favoriser l’emploi et l’entrepreneuriat des réfugiés";"https://www.togofirst.com/fr/social/0610-20258-hcr-et-asky-s-allient-pour-favoriser-l-emploi-et-l-entrepreneuriat-des-refugies"
"Togo First (FR)";"FR";"2026-10-09";"Épargne digitale : Ohana Africa et Ecobank lancent le « Compte Familial » au Togo";"https://www.togofirst.com/fr/finance/2809-20187-epargne-digitale-ohana-africa-et-ecobank-lancent-le-compte-familial-au-togo"
"Togo First (FR)";"FR";"2026-10-09";"Togo : une nouvelle solution numérique de gestion des TPME lancée";"https://www.togofirst.com/fr/gouvernance-economique/2709-20178-vendre-facturer-suivre-b-pilot-l-appli-pour-simplifier-la-gestion-des-tpme"
"Togo First (FR)";"FR";"2026-10-09";"Gaëlle de Souza (Gazelle d'Afrik) : « On a tout chez nous, c'est nous-mêmes qui ne l'exploitons pas »";"https://www.togofirst.com/fr/agro/2609-20175-gael-de-souza-gazelle-dafrik-on-a-tout-chez-nous-cest-nous-memes-qui-ne-lexploitons-pas"
"Togo First (FR)";"FR";"2026-10-09";"« Nous voulons bâtir une marque laitière africaine à partir du wangash togolais », Assaba Akouétévi, promotrice de ROSHTA Wangash";"https://www.togofirst.com/fr/agro/1909-20108-nous-voulons-batir-une-marque-laitiere-africaine-a-partir-du-wangash-togolais-assaba-akouetevi-promotrice-de-roshta-wangash"
"Togo First (FR)";"FR";"2026-10-09";"Salim Tebonou (HORI) : « J'ai dû démissionner moi-même de la structure que j'avais co-créée pour repartir de zéro »";"https://www.togofirst.com/fr/gouvernance-economique/0208-19767-salim-tebonou-hori-jai-du-demissionner-moi-meme-de-la-structure-que-javais-creee-pour-repartir-de-zero"
"Togo First (FR)";"FR";"2026-10-09";"FIL 2026 : 70 % de réduction sur les stands pour les femmes et jeunes entrepreneurs";"https://www.togofirst.com/fr/gouvernance-economique/2707-19692-fil-2026-70-de-reduction-sur-les-stands-pour-les-femmes-et-jeunes-entrepreneurs"
"Togo First (FR)";"FR";"2026-10-09";"Togo : après la hausse du prix du carburant, le gouvernement baisse les tarifs de péage";"https://www.togofirst.com/fr/transport/0207-19428-togo-apres-la-hausse-du-prix-du-carburant-le-gouvernement-baisse-les-tarifs-de-peage"
"Togo First (FR)";"FR";"2026-10-09";"Togo : les résultats des examens désormais accessibles gratuitement via le Web, WhatsApp et Telegram";"https://www.togofirst.com/fr/education/0806-19171-togo-les-resultats-des-examens-desormais-accessibles-gratuitement-via-le-web-whatsapp-et-telegram"
"Togo First (FR)";"FR";"2026-10-09";"Le Togolais Kodjo Akpatigbe prend la tête de Deloitte au Togo et au Bénin";"https://www.togofirst.com/fr/finance/0207-19423-le-togolais-kodjo-akpatigbe-prend-la-tete-de-deloitte-au-togo-et-au-benin"
"Togo First (FR)";"FR";"2026-10-09";"Gouvernance et financement du secteur routier : le Togo crée l’AGEROUTE et la SONAFIR";"https://www.togofirst.com/fr/transport/2906-19371-gouvernance-et-financement-du-secteur-routier-le-togo-cree-l-ageroute-et-la-sonafir"
"Togo First (FR)";"FR";"2026-10-09";"Lancement d’une mission d’élaboration des normes de certification pour les entreprises de BTP";"https://www.togofirst.com/"
"Togo First (FR)";"FR";"2026-10-09";"Logement : à Kpomé-Dalavé, Adedze annonce le passage du programme des 20 000 unités à sa phase opérationnelle";"https://www.togofirst.com/fr/gouvernance-economique/1206-19219-logement-a-kpome-dalave-adedze-annonce-le-passage-du-programme-des-20-000-unites-a-sa-phase-operationnelle"
"Togo First (FR)";"FR";"2026-10-09";"Togo : pour une fonction publique plus performante, le gouvernement entend mettre en place un plan national";"https://www.togofirst.com/"
"Togo First (FR)";"FR";"2026-10-09";"Restauration des terres : la FAO lance un appel à projets pour des subventions pouvant atteindre 50 000 $";"https://www.togofirst.com/fr/agro/1506-19233-restauration-des-terres-la-fao-lance-un-appel-a-projets-pour-des-subventions-pouvant-atteindre-50-000"
"Togo First (FR)";"FR";"2026-10-09";"Togo - Maroc : Lacs 3 et Dakhla préparent un partenariat autour de l’économie bleue";"https://www.togofirst.com/fr/gouvernance-economique/0610-20257-togo-maroc-lacs-3-et-dakhla-preparent-un-partenariat-autour-de-l-economie-bleue"
"Togo First (FR)";"FR";"2026-10-09";"Energie : depuis Lomé, la Cedeao harmonise ses données afin de mieux orienter ses investissements";"https://www.togofirst.com/fr/energies/0610-20256-energie-depuis-lome-la-cedeao-harmonise-ses-donnees-afin-de-mieux-orienter-ses-investissements"
"Togo First (FR)";"FR";"2026-10-09";"Togo : un projet soutenu par la BAD cible la maîtrise de la masse salariale";"https://www.togofirst.com/fr/gouvernance-economique/0610-20255-togo-un-projet-soutenu-par-la-bad-cible-la-maitrise-de-la-masse-salariale"
"Togo First (FR)";"FR";"2026-10-09";"Togo - Chine : Lomé veut fluidifier les relations entre fisc et investisseurs";"https://www.togofirst.com/fr/gouvernance-economique/0510-20252-togo-chine-lome-veut-fluidifier-les-relations-entre-fisc-et-investisseurs"
"Togo First (FR)";"FR";"2026-10-09";"Diplomatie : Robert Dussey distingué à New York en marge de l’AG des Nations unies";"https://www.togofirst.com/fr/politique/0510-20247-diplomatie-robert-dussey-distingue-a-new-york-en-marge-de-l-ag-des-nations-unies"
"Togo First (FR)";"FR";"2026-10-09";"Monnaie électronique : la BCEAO rend PI-SPI obligatoire à partir de novembre";"https://www.togofirst.com/fr/gouvernance-economique/0510-20246-transferts-monetaires-interoperables-la-bceao-rend-pi-spi-obligatoire-pour-les-particuliers-des-novembre-2026"
"Togo First (FR)";"FR";"2026-10-09";"Campagne de commercialisation de karité : priorité aux besoins des transformateurs locaux";"https://www.togofirst.com/fr/agro/0510-20245-campagne-de-commercialisation-de-karite-priorite-aux-besoins-des-transformateurs-locaux"
"Togo First (FR)";"FR";"2026-10-09";"Port de Lomé : une nouvelle tournée dans l’AES pour consolider les corridors vers le Sahel";"https://www.togofirst.com/fr/gouvernance-economique/0510-20244-port-de-lome-une-nouvelle-tournee-dans-l-aes-pour-consolider-les-corridors-vers-le-sahel"
"Togo First (FR)";"FR";"2026-10-09";"Ecobank Togo équipe 80 bacheliers d’ordinateurs pour renforcer leurs compétences numériques";"https://www.togofirst.com/fr/tic/0510-20242-ecobank-togo-equipe-80-bacheliers-d-ordinateurs-pour-renforcer-leurs-competences-numeriques"
"Togo First (FR)";"FR";"2026-10-09";"Au Togo, le Sénat ouvre le chantier du budget 2027";"https://www.togofirst.com/fr/gestion-publique/0210-20236-au-togo-le-senat-ouvre-le-chantier-du-budget-2027"
"Togo First (FR)";"FR";"2026-10-09";"Togo : des brigades mobiles pour renforcer la surveillance environnementale et forestière";"https://www.togofirst.com/fr/agro/0210-20235-togo-des-brigades-mobiles-pour-renforcer-la-surveillance-environnementale-et-forestiere"
"Togo First (FR)";"FR";"2026-10-09";"Agriculture : Lomé s’appuiera sur le satellite du Kirghizistan pour mieux surveiller ses terres";"https://www.togofirst.com/fr/agro/0210-20234-agriculture-lome-s-appuiera-sur-le-satellite-du-kirghizistan-pour-mieux-surveiller-ses-terres"
"Togo First (FR)";"FR";"2026-10-09";"FAO : le mécanisme Forêts et Paysans a mobilisé environ 2,7 milliards FCFA en 7 ans au Togo";"https://www.togofirst.com/fr/agro/0210-20232-fao-le-mecanisme-forets-et-paysans-a-mobilise-environ-2-7-milliards-fcfa-en-7-ans-au-togo"
"Togo First (FR)";"FR";"2026-10-09";"À Lomé, la jeunesse francophone prépare sa contribution au Sommet de Phnom Penh";"https://www.togofirst.com/fr/social/0210-20231-a-lome-la-jeunesse-francophone-prepare-sa-contribution-au-sommet-de-phnom-penh"
"Togo First (FR)";"FR";"2026-10-09";"L’AED et WIETC s’associent pour rapprocher les formations des IFAD des besoins des chantiers au Togo";"https://www.togofirst.com/fr/btp/0210-20230-l-aed-et-wietc-s-associent-pour-rapprocher-les-formations-des-ifad-des-besoins-des-chantiers-au-togo"
"Togo First (FR)";"FR";"2026-10-09";"Togo : 16 démarches du ministère des Affaires étrangères désormais accessibles en ligne";"https://www.togofirst.com/fr/services-publics/0110-20224-togo-16-demarches-du-ministere-des-affaires-etrangeres-desormais-accessibles-en-ligne"
"Togo First (FR)";"FR";"2026-10-09";"Togo : le PAJEC prépare un dispositif pilote d’assurance agricole";"https://www.togofirst.com/fr/agro/0110-20223-togo-le-pajec-prepare-un-dispositif-pilote-d-assurance-agricole"
"Togo First (FR)";"FR";"2026-10-09";"Togo-Russie : la PIA présente ses opportunités d’investissement à une délégation russe";"https://www.togofirst.com/fr/investissement/0110-20222-togo-russie-la-pia-presente-ses-opportunites-d-investissement-a-une-delegation-russe"
"Togo First (FR)";"FR";"2026-10-09";"Pensions de retraite : au Togo, la CRT tourne la page du paiement en espèces";"https://www.togofirst.com/fr/social/0110-20221-pensions-de-retraite-au-togo-la-crt-tourne-la-page-du-paiement-en-especes"
"Togo First (FR)";"FR";"2026-10-09";"Energie : le Togo soutient l’implantation de la raffinerie de Dangote au Kenya";"https://www.togofirst.com/fr/energies/0110-20220-energie-le-togo-soutient-l-implantation-de-la-raffinerie-de-dangote-au-kenya"
"Togo First (FR)";"FR";"2026-10-09";"Projet D-CLIC: environ 300 millions FCFA investis par l’OIF dans la formation numérique des jeunes Togolais";"https://www.togofirst.com/fr/tic/0110-20218-projet-d-clic-environ-300-millions-fcfa-investis-par-l-oif-dans-la-formation-numerique-des-jeunes-togolais"
"Togo First (FR)";"FR";"2026-10-09";"Partenariat : l’UL ouvre la voie à un master en énergie en double diplôme avec l'Université de Rostock";"https://www.togofirst.com/fr/education/3009-20215-partenariat-l-ul-ouvre-la-voie-a-un-master-en-energie-en-double-diplome-avec-luniversite-de-rostock"
"Togo First (FR)";"FR";"2026-10-09";"Coopération décentralisée : Lacs 1 et Nuremberg veulent prolonger leur partenariat";"https://www.togofirst.com/fr/gouvernance-economique/3009-20213-cooperation-decentralisee-lacs-1-et-nuremberg-veulent-prolonger-leur-partenariat"
"Togo First (FR)";"FR";"2026-10-09";"Togo-Russie : la CCI-Togo veut structurer les partenariats entre entreprises";"https://www.togofirst.com/fr/gouvernance-economique/3009-20212-togo-russie-la-cci-togo-veut-structurer-les-partenariats-entre-entreprises"
"Togo First (FR)";"FR";"2026-10-09";"Port de Lomé : les contrôles se renforcent aux entrées et sorties des môles 1 et 2";"https://www.togofirst.com/fr/gouvernance-economique/3009-20208-port-de-lome-les-controles-se-renforcent-aux-entrees-et-sorties-des-moles-1-et-2"
"Togo First (FR)";"FR";"2026-10-09";"Togo : la BIDC lance l’EIF 2027, plus de 500 participants et 40 projets annoncés à Lomé";"https://www.togofirst.com/fr/gouvernance-economique/3009-20207-togo-la-bidc-lance-l-eif-2027-plus-de-500-participants-et-40-projets-annonces-a-lome"
"L'Alternative (TG)";"FR";"2026-10-09";"Accueil";"https://lalternative.info/"
"L'Alternative (TG)";"FR";"2026-10-09";"A propos";"https://lalternative.info/about-us/"
"L'Alternative (TG)";"FR";"2026-10-09";"Abonnement";"https://lalternative.info/abonnez-vous-a-votre-journal/"
"L'Alternative (TG)";"FR";"2026-10-09";"Togo- Primature, ministère des Enseignements, brigade pour mineurs, CNDH passifs sur...";"https://lalternative.info/2024/09/14/togo-primature-ministere-des-enseignements-brigade-pour-mineurs-cndh-passifs-sur-le-viol-sur-une-petite-fille-a-lecole-la-madone/"
"L'Alternative (TG)";"FR";"2026-10-09";"Togo- Kao Baobadi, l’architecte de l’immeuble défectueux de la LONATO, ses...";"https://lalternative.info/2024/05/15/togo-kao-baobadi-larchitecte-de-limmeuble-defectueux-de-la-lonato-ses-deux-appartements-a-dubai/"
"L'Alternative (TG)";"FR";"2026-10-09";"Un appartement d’Yvonne Bawizibadi Gnassingbé à Dubaï au cœur d’une lutte...";"https://lalternative.info/2024/05/17/un-appartement-dyvonne-bawizibadi-gnassingbe-a-dubai-au-coeur-dune-lutte-de-succession/"
"L'Alternative (TG)";"FR";"2026-10-09";"Togo- Vague d’arrestations en cours au sein des FAT";"https://lalternative.info/2024/07/16/togo-vague-darrestations-en-cours-au-sein-des-fat/"
"L'Alternative (TG)";"FR";"2026-10-09";"Togo- Vote de moins de 50 députés, procurations fabriquées au nom...";"https://lalternative.info/2024/03/31/togo-vote-de-moins-de-50-deputes-procurations-fabriquees-au-nom-des-absents-voici-comment-le-coup-detat-constitutionnel-sest-passe-lundi/"
"L'Alternative (TG)";"FR";"2026-10-09";"Togo-La CEET installe un groupe de 14 millions chez la ministre...";"https://lalternative.info/2024/03/15/togo-la-ceet-installe-un-groupe-de-14-millions-chez-la-ministre-de-lenergie-et-des-mines/"
"L'Alternative (TG)";"FR";"2026-10-09";"Togo- Football : Qui est Nibombé Daré, le nouveau sélectionneur des Eperviers ?";"https://lalternative.info/2024/07/15/togo-football-qui-est-nibombe-dare-le-nouveau-selectionneur-des-eperviers/"
"L'Alternative (TG)";"FR";"2026-10-09";"Togo- Justice : Mandat d’arrêt international contre le Cdt Olivier Amah...";"https://lalternative.info/2024/08/07/togo-justice-mandat-darret-international-contre-le-cdt-olivier-amah-et-le-journaliste-ferdinand-ayite/"
"L'Alternative (TG)";"FR";"2026-10-09";"Togo- CEET: Voici les 3 étapes pour mettre à jour son...";"https://lalternative.info/2024/06/27/togo-ceet-voici-les-3-etapes-pour-mettre-a-jour-son-compteur-cash-power/"
"L'Alternative (TG)";"FR";"2026-10-09";"Togo- Arrestations à Kara : incertitude sur le sort du capitaine...";"https://lalternative.info/2024/07/23/togo-arrestations-a-kara-incertitude-sur-le-sort-du-capitaine-dare-kondi-photo/"
"L'Alternative (TG)";"FR";"2026-10-09";"Togo- Kpendjal : Inhumation sans hommage des militaires tombés au front";"https://lalternative.info/2024/07/29/togo-kpendjal-inhumation-sans-hommage-des-militaires-tombes-au-front/"
"L'Alternative (TG)";"FR";"2026-10-09";"NOUS SOUTENIR";"/donate"
"L'Alternative (TG)";"FR";"2026-10-09";"À propos";"https://lalternative.info/about-us/"
"L'Alternative (TG)";"FR";"2026-10-09";"Faire un don";"https://lalternative.info/donate/"
"L'Alternative (TG)";"FR";"2026-10-09";"Abonnez-vous à votre journal";"https://lalternative.info/abonnez-vous-a-votre-journal/"
"L'Alternative (TG)";"FR";"2026-10-09";"Journal L'alternative";"https://lalternative.info/author/lalternative24/"
"L'Alternative (TG)";"FR";"2026-10-09";"Togo- Un jeune officier retrouvé mort dans son bureau au camp BIR";"https://lalternative.info/2026/09/24/togo-un-jeune-officier-retrouve-mort-dans-son-bureau-au-camp-bir/"
"L'Alternative (TG)";"FR";"2026-10-09";"Togo- Journaliste kidnappé, torturé puis jeté dans la brousse… à qui profite le crime ?";"https://lalternative.info/2026/09/09/togo-journaliste-kidnappe-torture-puis-jete-dans-la-brousse-a-qui-profite-le-crime/"
"L'Alternative (TG)";"FR";"2026-10-09";"Diplomatie : deux français arrêtés au Togo, Faure Gnassingbé veut l’extradition de Ferdinand AYITE contre leur libération";"https://lalternative.info/2026/08/18/diplomatie-deux-francais-arretes-au-togo-faure-gnassingbe-veut-lextradition-de-ferdinand-ayite-contre-leur-liberation/"
"L'Alternative (TG)";"FR";"2026-10-09";"Mahama décide de consulter le peuple pour la révision constitutionnelle";"https://lalternative.info/2026/08/16/mahama-decide-de-consulter-le-peuple-pour-la-revision-constitutionnelle/"
"L'Alternative (TG)";"FR";"2026-10-09";"Togo- Tribune : La Cour de justice de la CEDEAO face à un pouvoir qui s’entête à ne jamais avoir tort";"https://lalternative.info/2026/08/10/togo-tribune-la-cour-de-justice-de-la-cedeao-face-a-un-pouvoir-qui-sentete-a-ne-jamais-avoir-tort/"
"L'Alternative (TG)";"FR";"2026-10-09";"La révision constitutionnelle ravive les tensions politiques";"https://lalternative.info/2026/08/08/la-revision-constitutionnelle-ravive-les-tensions-politiques/"
"L'Alternative (TG)";"FR";"2026-10-09";"Togo- Kara : 27 milliards s’ajoutent aux autres milliards déjà investis dans la recherche d’eau potable";"https://lalternative.info/2026/10/01/togo-kara-27-milliards-sajoutent-aux-autres-milliards-deja-investis-dans-la-recherche-deau-potable/"
"L'Alternative (TG)";"FR";"2026-10-09";"Togo- Tribune : « On ne soigne pas à la tête du client »";"https://lalternative.info/2026/09/12/togo-tribune-on-ne-soigne-pas-a-la-tete-du-client/"
"L'Alternative (TG)";"FR";"2026-10-09";"Togo- Tribune : Nous voulons savoir ce que vous reprochez à Fred Vedomey";"https://lalternative.info/2026/08/28/togo-tribune-nous-voulons-savoir-ce-que-vous-reprochez-a-fred-vedomey/"
"L'Alternative (TG)";"FR";"2026-10-09";"Togo-Tribune : Moscou tisse sa toile à Lomé";"https://lalternative.info/2026/07/30/togo-tribune-moscou-tisse-sa-toile-a-lome/"
"L'Alternative (TG)";"FR";"2026-10-09";"TRIBUNE- Coupe du monde 2026 : Pourquoi les sélections africaines s’effondrent en fin de match";"https://lalternative.info/2026/07/05/tribune-coupe-du-monde-2026-pourquoi-les-selections-africaines-seffondrent-en-fin-de-match/"
"L'Alternative (TG)";"FR";"2026-10-09";"Togo- Savanes, une bombe sociale : autochtones et réfugiés burkinabé se disputent les ressources limitées";"https://lalternative.info/2026/09/23/togo-savanes-une-bombe-sociale-autochtones-et-refugies-burkinabe-se-disputent-les-ressources-limitees/"
"L'Alternative (TG)";"FR";"2026-10-09";"Togo- Aéroport de Lomé : l’espace duty free cédé à un privé";"https://lalternative.info/2026/09/23/togo-aeroport-de-lome-lespace-duty-free-cede-a-un-prive/"
"L'Alternative (TG)";"FR";"2026-10-09";"Des douaniers en détention pour trafic de drogue";"https://lalternative.info/2026/09/20/des-douaniers-en-detention-pour-trafic-de-drogue/"
"L'Alternative (TG)";"FR";"2026-10-09";"Togo- Hausse des prix du carburant : Deux Togolais s’affrontent, le virtuel et le réel";"https://lalternative.info/2026/09/16/togo-hausse-des-prix-du-carburant-deux-togolais-saffrontent-le-virtuel-et-le-reel/"
"L'Alternative (TG)";"FR";"2026-10-09";"Togo- Anié : le plus grand magasin du marché réduit en cendre";"https://lalternative.info/2026/09/28/togo-anie-le-plus-grand-magasin-du-marche-reduit-en-cendre/"
"L'Alternative (TG)";"FR";"2026-10-09";"Togo- Les dirigeants africains en chantiers, Faure Gnassingbé fête la correction du « Map »";"https://lalternative.info/2026/09/13/togo-quand-les-dirigeants-africains-sont-sur-les-chantiers-faure-gnassingbe-fete-la-correction-du-map/"
"L'Alternative (TG)";"FR";"2026-10-09";"Togo- Une augmentation de 137 F CFA sur le litre du super sans plomb en 3 mois";"https://lalternative.info/2026/09/11/togo-une-augmentation-de-137-f-cfa-sur-le-litre-du-super-sans-plomb-en-3-mois/"
"L'Alternative (TG)";"FR";"2026-10-09";"Offre d’emploi/L’ALTERNATIVE";"https://lalternative.info/2024/03/07/offre-demploi-lalternative/"
"L'Alternative (TG)";"FR";"2026-10-09";"« Le peuple ne mange pas les notations » : Oligui Nguema dans le concret, Faure Gnassingbé dans les chiffres fabriqués";"https://lalternative.info/2026/09/10/le-peuple-ne-mange-pas-les-notations-oligui-nguema-dans-le-concret-faure-gnassingbe-dans-les-chiffres-fabriques/"
"L'Alternative (TG)";"FR";"2026-10-09";"Isidore kouwonou";"https://lalternative.info/author/ksisdore/"
"L'Alternative (TG)";"FR";"2026-10-09";"Togo- OTR : Éric Amouzou Folly le mari d’une des inspectrices, arrêté";"https://lalternative.info/2026/09/07/togo-otr-eric-amouzou-folly-le-mari-dune-des-inspectrices-arrete/"
"L'Alternative (TG)";"FR";"2026-10-09";"L'Alternative";"https://lalternative.info/author/equipeedito/"
"L'Alternative (TG)";"FR";"2026-10-09";"Togo- Encore un scandale à l’OTR : des cadres de la DGI en garde à vue à la DCPJ";"https://lalternative.info/2026/09/06/togo-encore-un-scandale-a-lotr-des-cadres-de-la-dgi-en-garde-a-vue-a-la-dcpj/"
"L'Alternative (TG)";"FR";"2026-10-09";"La CCJA condamne définitivement l’UTB à verser plus de 2,5 milliards de FCFA à TMI";"https://lalternative.info/2026/07/22/la-ccja-condamne-definitivement-lutb-a-verser-plus-de-25-milliards-de-fcfa-a-tmi/"
"L'Alternative (TG)";"FR";"2026-10-09";"Togo- Scandale à l’OTR : Donko Bileyo et Klouvi Dedegan inculpées par le doyen des juges";"https://lalternative.info/2026/05/17/togo-scandale-a-lotr-donko-bileyo-et-klouvi-dedegan-inculpees-par-le-doyen-des-juges/"
"L'Alternative (TG)";"FR";"2026-10-09";"Togo- OTR : Donko Bileyo virée, plainte contre Ferdinand Ayité retirée";"https://lalternative.info/2026/04/19/togo-otr-donko-bileyo-viree-plainte-contre-ferdinand-ayite-retiree/"
"L'Alternative (TG)";"FR";"2026-10-09";"Togo- OTR : le CENTIF saisit le procureur, le doyen des juges d’instruction ouvre une enquête, un autre compte de 530 millions découverts à NSIA";"https://lalternative.info/2026/04/05/togo-otr-le-centif-saisit-le-procureur-le-doyen-des-juges-dinstruction-ouvre-une-enquete-un-autre-compte-de-530-millions-decouverts-a-nsia/"
"L'Alternative (TG)";"FR";"2026-10-09";"John Mahama offre des billets de la Coupe du monde à la diaspora ghanéenne";"https://lalternative.info/2026/06/01/john-mahama-offre-des-billets-de-la-coupe-du-monde-a-la-diaspora-ghaneenne/"
"L'Alternative (TG)";"FR";"2026-10-09";"View all posts";"https://lalternative.info/author/lalternative24/"
"L'Alternative (TG)";"FR";"2026-10-09";"Facebook";"https://www.facebook.com/sharer/sharer.php?u=https://lalternative.info/"
"L'Alternative (TG)";"FR";"2026-10-09";"Twitter";"https://twitter.com/intent/tweet?text=Check%20out%20this%20article:%20Accueil%20-%20https://lalternative.info/"
"L'Alternative (TG)";"FR";"2026-10-09";"Pinterest";"https://www.pinterest.com/pin/create/button/?url=https%3A%2F%2Flalternative.info%2F&description=Accueil"
"L'Alternative (TG)";"FR";"2026-10-09";"Whatsapp";"https://api.whatsapp.com/send?text=Accueil %0A%0A https%3A%2F%2Flalternative.info%2F"
"L'Alternative (TG)";"FR";"2026-10-09";"Telegram";"https://telegram.me/share/url?url=https%3A%2F%2Flalternative.info%2F&text=Accueil"
"L'Alternative (TG)";"FR";"2026-10-09";"Email";"mailto:?subject=Accueil&BODY=https://lalternative.info/"
"L'Alternative (TG)";"FR";"2026-10-09";"À propos";"/about-us"
"L'Alternative (TG)";"FR";"2026-10-09";"Politique de confidentialité";"/privacy-policy"
"L'Alternative (TG)";"FR";"2026-10-09";"Conditions d'utilisation";"/conditions-dutilisation"
"L'Alternative (TG)";"FR";"2026-10-09";"Règlementation européenne";"https://lalternative.info/reglementation-europeenneeu/"
"L'Alternative (TG)";"FR";"2026-10-09";"Facebook";"https://www.facebook.com/profile.php?id=61556605160366"
"L'Alternative (TG)";"FR";"2026-10-09";"Twitter";"https://twitter.com/lalternative_of"
"L'Alternative (TG)";"FR";"2026-10-09";"Instagram";"https://www.instagram.com/lalternative_of/"
"L'Alternative (TG)";"FR";"2026-10-09";"Youtube";"https://www.youtube.com/channel/UCk6JMYUcGDarZYNb-mPPLPA"
"L'Alternative (TG)";"FR";"2026-10-09";"Gérer les options";"#"
"L'Alternative (TG)";"FR";"2026-10-09";"Gérer les services";"#"
"L'Alternative (TG)";"FR";"2026-10-09";"Gérer {vendor_count} fournisseurs";"#"
"L'Alternative (TG)";"FR";"2026-10-09";"En savoir plus sur ces finalités";"https://cookiedatabase.org/tcf/purposes/"
"L'Alternative (TG)";"FR";"2026-10-09";"Voir les préférences";"#"
"L'Alternative (TG)";"FR";"2026-10-09";"{title}";"#"
"L'Alternative (TG)";"FR";"2026-10-09";"Queue";"#"
"L'Alternative (TG)";"FR";"2026-10-09";"Flash plugin";"http://get.adobe.com/flashplayer/"
"Laabali (TG)";"FR";"2026-10-09";"Africa-Newsroom";"https://laabali.com/africa-newsroom/"
"Laabali (TG)";"FR";"2026-10-09";"...";"#"
"Laabali (TG)";"FR";"2026-10-09";"Hippolyte DAMETARE Sougliman : Acteur de la société civile et des médias";"https://laabali.com/post/15620/hippolyte-dametare-sougliman-acteur-de-la-societe-civile-et-des-medias/ "
"Laabali (TG)";"FR";"2026-10-09";"Diplomatie et droits humains : Le juriste togolais Miname Aimé Lalle hisse haut les couleurs du Togo sur la scène sous-régionale";"https://laabali.com/post/15611/diplomatie-et-droits-humains-le-juriste-togolais-miname-aime-lalle-hisse-haut-les-couleurs-du-togo-sur-la-scene-sous-regionale/ "
"Laabali (TG)";"FR";"2026-10-09";"De cuisinier à chef de canton : portrait de Batidja Tindandja, le nouveau chef d’Ogaro";"https://laabali.com/post/15600/de-cuisinier-a-chef-de-canton-portrait-de-batidja-tindandja-le-nouveau-chef-dogaro/ "
"Laabali (TG)";"FR";"2026-10-09";"Journalistes du privé au Togo : le SYNJIT alerte l’ONU sur une précarité persistante";"https://laabali.com/post/15588/journalistes-du-prive-au-togo-le-synjit-alerte-lonu-sur-une-precarite-persistante/ "
"Laabali (TG)";"FR";"2026-10-09";"Journalistes du privé au Togo : le SYNJIT alerte l’ONU sur une précarité persistante";"https://laabali.com/?p=15588"
"Laabali (TG)";"FR";"2026-10-09";"La Fédération nationale des maisons familiales de formation rurale du Togo lance un appel à projet de Construction de 50 poulaillers traditionnels améliorés au profit des bénéficiaires de l’IFAD Elevage Barkoissi et 30 poulaillers améliorés au profit des bénéficiaires de la FMFRT";"https://laabali.com/?p=15553"
"Laabali (TG)";"FR";"2026-10-09";"Enfants en situation de handicap: Aphmoto soutient en kits scolaires à Dapaong";"https://laabali.com/?p=15515"
"Laabali (TG)";"FR";"2026-10-09";"Ponio : 30 femmes formées aux activités génératrices de revenus";"https://laabali.com/?p=15505"
"Laabali (TG)";"FR";"2026-10-09";"Violences basées sur le genre : AFE sensibilise les communautés à Cinkassé";"https://laabali.com/?p=15384"
"Laabali (TG)";"FR";"2026-10-09";"INADES-Formation : 4 sites maraichers/champs écoles remis aux Scoops dans les savanes";"https://laabali.com/?p=15139"
"Laabali (TG)";"FR";"2026-10-09";"JII 2026 : Dans les Savanes, les infirmiers célébrés pour leur résilience";"https://laabali.com/?p=15103"
"Laabali (TG)";"FR";"2026-10-09";"Dapaong : A2FHV-S sensibilise des acteurs du bâtiment à l’accessibilité des infrastructures publiques";"https://laabali.com/?p=15076"
"Laabali (TG)";"FR";"2026-10-09";"Nadjoundi: ""Les droits de femmes ne donnent pas droit aux femmes de frapper leurs maris""";"https://laabali.com/?p=14881"
"Laabali (TG)";"FR";"2026-10-09";"Yark Damehamme: L’insubmersible général qui murmure aux oreilles de Faure Gnassimgbé";"https://laabali.com/?p=14271"
"Laabali (TG)";"FR";"2026-10-09";"Dapaong : les défis de l’assainissement toujours présents !";"https://laabali.com/?p=13413"
"Laabali (TG)";"FR";"2026-10-09";"Accès à l’eau potable : L’ONG MECAP cultive l’espoir pour la fin de la soif dans les Savanes";"https://laabali.com/?p=13297"
"Laabali (TG)";"FR";"2026-10-09";"Sanloaga (Togo): «Ils enlèvent nos jeunes garçons pour en faire des combattants» 15158 vues";"
                                        https://laabali.com/post/6306/sanloaga-togo-ils-enlevent-nous-jeunes-garcons-pour-en-faire-des-combattants/                                        
                                        "
"Laabali (TG)";"FR";"2026-10-09";"Dapaong: Ouverture du 1e Forum des producteurs agricoles (FOPAT) 14038 vues";"
                                        https://laabali.com/post/6477/dapaong-ouverture-du-1e-forum-des-producteurs-agricoles-fopat/                                        
                                        "
"Laabali (TG)";"FR";"2026-10-09";"TGI/Dapaong: Le départ du président et son équipe fait des mécontents 13007 vues";"
                                        https://laabali.com/post/192/tgi-dapaong-le-depart-du-president-et-son-equipe-fait-des-mecontents/                                        
                                        "
"Laabali (TG)";"FR";"2026-10-09";"Savanes: Les FAT repoussent une attaque, deux assaillants neutralisés 7461 vues";"
                                        https://laabali.com/post/5663/savanes-les-fat-repoussent-une-attaque-deux-assaillants-neutralises/                                        
                                        "
"Laabali (TG)";"FR";"2026-10-09";"Contre le terrorisme: Le Togo fait appel à ses anciens soldats 4367 vues";"
                                        https://laabali.com/post/6743/contre-le-terrorisme-le-togo-fait-appel-a-ses-anciens-soldats/                                        
                                        "
"Laabali (TG)";"FR";"2026-10-09";"Le Maire Monoka Laré et la commune de Tandjouaré 1";"https://laabali.com/post/12171/monoka-lare/"
"Laabali (TG)";"FR";"2026-10-09";"par Edouard Samboe";"#"
"Laabali (TG)";"FR";"2026-10-09";"Suka ou l'art divinatoire: Foi ou culture moba ?";"https://laabali.com/post/12078/suka-ou-lart-divinatoire-foi-ou-culture-moba/"
"Laabali (TG)";"FR";"2026-10-09";"Togo/Education: Diagnostic d'un secteur en panne de repères";"https://laabali.com/post/6749/togo-education-diagnostic-dun-secteur-en-pannes-de-reperes/"
"Laabali (TG)";"FR";"2026-10-09";"Contre le terrorisme: Le Togo fait appel à ses anciens soldats";"https://laabali.com/post/6743/contre-le-terrorisme-le-togo-fait-appel-a-ses-anciens-soldats/"
"Laabali (TG)";"FR";"2026-10-09";"«Le pouvoir doit faire en sorte qu'il y ait moins de frustrations sur les plans politiques et économiques», Pr David Dosseh, OSC";"https://laabali.com/post/6688/le-pouvoir-doit-faire-en-sorte-quil-y-ait-moins-de-frustrations-sur-les-plans-politiques-et-economiques-pr-david-dosseh-osc/"
"Laabali (TG)";"FR";"2026-10-09";"FOPAT: A Dapaong , les producteurs veulent des usines de transformations de tomates";"https://laabali.com/post/6533/fopat-a-dapaong-les-producteurs-veulent-des-usines-de-transformations-de-tomates/"
"Laabali (TG)";"FR";"2026-10-09";"Dapaong: Ouverture du 1e Forum des producteurs agricoles (FOPAT)";"https://laabali.com/post/6477/dapaong-ouverture-du-1e-forum-des-producteurs-agricoles-fopat/"
"Laabali (TG)";"FR";"2026-10-09";"Frontière Burkina-Togo: Le durcissement des mesures sécuritaires impacte Kompienga";"https://laabali.com/post/6464/frontiere-burkina-togo-le-durcissement-des-mesures-securitaires-impacte-kompienga/"
"Laabali (TG)";"FR";"2026-10-09";"Sanloaga (Togo): «Ils enlèvent nos jeunes garçons pour en faire des combattants» 15158 vues";" https://laabali.com/post/6306/sanloaga-togo-ils-enlevent-nous-jeunes-garcons-pour-en-faire-des-combattants/ "
"Laabali (TG)";"FR";"2026-10-09";"Dapaong: Ouverture du 1e Forum des producteurs agricoles (FOPAT) 14038 vues";" https://laabali.com/post/6477/dapaong-ouverture-du-1e-forum-des-producteurs-agricoles-fopat/ "
"Laabali (TG)";"FR";"2026-10-09";"TGI/Dapaong: Le départ du président et son équipe fait des mécontents 13007 vues";" https://laabali.com/post/192/tgi-dapaong-le-depart-du-president-et-son-equipe-fait-des-mecontents/ "
"Laabali (TG)";"FR";"2026-10-09";"CrEaT";""
"Fraternité Matin (CI)";"FR";"2026-10-09";"Sécurité sanitaire : la Banque mondiale salue l’expertise de l’Institut Pasteur de Côte d’Ivoire";"https://www.fratmat.info/article/2645060/societe/securite-sanitaire-la-banque-mondiale-salue-lexpertise-de-linstitut-pasteur-de-cote-divoire"
"Fraternité Matin (CI)";"FR";"2026-10-09";"Bouaké : la future plateforme logistique avance vers l’étape détaillée";"https://www.fratmat.info/article/2645058/regions/bouake-la-future-plateforme-logistique-avance-vers-letape-detaillee"
"Fraternité Matin (CI)";"FR";"2026-10-09";"Coopération : Le chef de la diplomatie indienne échange avec Alassane Ouattara";"https://www.fratmat.info/article/2645052/politique/cooperation-le-chef-de-la-diplomatie-indienne-echange-avec-alassane-ouattara"
"Fraternité Matin (CI)";"FR";"2026-10-09";"Le ministre Adjé Silas Metch : « Le sport peut être un formidable laboratoire de leadership féminin »";"https://www.fratmat.info/article/2645053/sports/le-ministre-adje-silas-metch-le-sport-peut-etre-un-formidable-laboratoire-de-leadership-feminin-"
"Fraternité Matin (CI)";"FR";"2026-10-09";"Coopération Côte d’Ivoire-Inde : Dr S. Jaishankar appelle à « construire et entretenir les relations »";"https://www.fratmat.info/article/2645046/politique/cooperation-cote-divoire-inde-dr-s-jaishankar-appelle-a-construire-et-entretenir-les-relations-"
"Fraternité Matin (CI)";"FR";"2026-10-09";"Escroquerie présumée dans l’immobilier : le parquet financier ouvre une information judiciaire";"https://www.fratmat.info/article/2645031/societe/escroquerie-presumee-dans-limmobilier-le-parquet-financier-ouvre-une-information-judiciaire"
"Le Faso (BF)";"FR";"2026-10-09";"Contact";"https://lefaso.net/spip.php?article64819"
"Le Faso (BF)";"FR";"2026-10-09";"Contactez-nous";"https://lefaso.net/spip.php?article64819"
"Le Faso (BF)";"FR";"2026-10-09";"JEPPC 2026/Transformation digitale : 10 milliards de francs CFA investis pour les premières « Maisons du citoyen »";"https://lefaso.netspip.php?article149856"
"Le Faso (BF)";"FR";"2026-10-09";"Burkina Faso : Les gouverneurs des quatre nouvelles régions nommés";"https://lefaso.netspip.php?article149854"
"Le Faso (BF)";"FR";"2026-10-09";"Burkina : Plus de 125 millions de FCFA issus de la vente des ouvrages de la révolution remis au Fonds de soutien patriotique";"https://lefaso.net/spip.php?article149853"
"Le Faso (BF)";"FR";"2026-10-09";"Prix Nobel de littérature 2026 : La Canadienne Anne Carson récompensée pour son œuvre inventive";"https://lefaso.net/spip.php?article149850"
"Le Faso (BF)";"FR";"2026-10-09";"Port du casque à Ouagadougou : 703 engins conduits en fourrière lors d’une opération de contrôle";"https://lefaso.net/spip.php?article149826"
"Le Faso (BF)";"FR";"2026-10-09";"CAN 2025 : Le Maroc et le Sénégal devant le TAS pour trancher le sort de la finale";"https://lefaso.net/spip.php?article149821"
"Le Faso (BF)";"FR";"2026-10-09";"Prétendue plateforme d’investissement ""Vigoureux Torlian"" : Vista Group alerte sur une usurpation de l’image de son chairman Simon Tiemtoré";"https://lefaso.net/spip.php?article149822"
"Le Faso (BF)";"FR";"2026-10-09";"Championnat du monde de Võ Cổ Truyền 2026 : le Burkina Faso décroche 30 médailles en Italie";"https://lefaso.net/spip.php?article149824"
"Le Faso (BF)";"FR";"2026-10-09";"Affaire « Allah Ti Kouma » : Me Ini Esther Doli poursuivie pour diffamation ‎‎";"https://lefaso.net/spip.php?article149801"
"Le Faso (BF)";"FR";"2026-10-09";"‎‎Prix Nobel de chimie 2026 : Henri B. Kagan et Kenso Soai récompensés pour avoir percé un mystère du vivant ‎";"https://lefaso.net/spip.php?article149795"
"Le Faso (BF)";"FR";"2026-10-09";"‎Gendarmerie nationale : Un avis de recherche lancé contre Sanfo Boureima ‎";"https://lefaso.net/spip.php?article149791"
"Le Faso (BF)";"FR";"2026-10-09";"‎Mali : Consolidation de la présence des FAMa à Kidal";"https://lefaso.net/spip.php?article149792"
"Le Faso (BF)";"FR";"2026-10-09";"Journée mondiale du coton 2026 : Le Burkina réaffirme sa volonté de rompre avec le modèle colonial par la transformation locale";"https://lefaso.net/spip.php?article149790"
"Le Faso (BF)";"FR";"2026-10-09";"Budget 2027 : 4 200 milliards FCFA de recettes prévus";"https://lefaso.netspip.php?article149855"
"Le Faso (BF)";"FR";"2026-10-09";"Burkina :  Plus de 125 millions de FCFA issus de la vente des ouvrages de la révolution remis au Fonds de soutien patriotique";"https://lefaso.netspip.php?article149853"
"Le Faso (BF)";"FR";"2026-10-09";"Journée internationale de la Poste : Le Burkina Faso engagé à faire du réseau postal un levier de développement";"https://lefaso.netspip.php?article149851"
"Le Faso (BF)";"FR";"2026-10-09";"Prix Nobel de littérature 2026 : La Canadienne Anne Carson récompensée pour son œuvre inventive";"https://lefaso.netspip.php?article149850"
"Le Faso (BF)";"FR";"2026-10-09";"UACO 2026 : « Il faut que les Africains retournent à l’enseignement de leur histoire », Claude Wilfried Ekanga, analyste politique (…)";"https://lefaso.netspip.php?article149828"
"Le Faso (BF)";"FR";"2026-10-09";"Les 100 Visages du Burkina Digital : Serge Balma, donner au Burkina Faso un horizon spatial";"https://lefaso.netspip.php?article149843"
"Le Faso (BF)";"FR";"2026-10-09";"Le Faso Digital 2026 : L’ANPFI s’engage pour faire de l’innovation numérique un levier d’inclusion financière";"https://lefaso.netspip.php?article149849"
"Le Faso (BF)";"FR";"2026-10-09";"Burkina/Plan d’urgence de la campagne sèche 2026-2027 : Le ministère en charge de l’agriculture prévoit d’investir environ 254 milliards (…)";"https://lefaso.netspip.php?article149847"
"Le Faso (BF)";"FR";"2026-10-09";"Burkina/Éducation : Objectif 60% de diplômés dans le technique et le professionnel en 2050";"https://lefaso.netspip.php?article149820"
"Le Faso (BF)";"FR";"2026-10-09";"Burkina/Gastronomie : Ana Djiga, la jeune cheffe cuisinière qui valorise les produits locaux à l’international";"https://lefaso.netspip.php?article149838"
"Le Faso (BF)";"FR";"2026-10-09";"SNC Bobo 2026 : Les lauréats partent à la conquête du public dans six villes du Burkina";"https://lefaso.netspip.php?article149832"
"Le Faso (BF)";"FR";"2026-10-09";"Burkina/Volontariat public : Le GIP-PNVB échange avec de futurs volontaires seniors";"https://lefaso.netspip.php?article149836"
"Le Faso (BF)";"FR";"2026-10-09";"Nuit de la RPP : Burkinabè et Africains soutiennent le capitaine Ibrahim Traoré dans une ""mobilisation historique et exceptionnelle""";"https://lefaso.netspip.php?article149654"
"Le Faso (BF)";"FR";"2026-10-09";"En direct : Nuit de la Révolution Progressiste Populaire";"https://lefaso.netspip.php?article149651"
"Le Faso (BF)";"FR";"2026-10-09";"« Nuit de la RPP » : Une halte d’hommages aux forces combattantes et de célébrations des victoires et acquis engrangés, selon le comité d’organisation";"https://lefaso.netspip.php?article149542"
"Le Faso (BF)";"FR";"2026-10-09";"Burkina : Ibrahim Traoré à Bobo-Dioulasso pour inaugurer deux infrastructures stratégiques";"https://lefaso.netspip.php?article149097"
"Le Faso (BF)";"FR";"2026-10-09";"‎Burkina : La Présidence du Faso lance le concours Hakili Mousso pour détecter les talents scientifiques féminins";"https://lefaso.netspip.php?article148857"
"Le Faso (BF)";"FR";"2026-10-09";"Immersion patriotique obligatoire 2026 : Le capitaine Ibrahim Traoré exhorte les jeunes à éviter le chemin de la facilité et à servir la patrie";"https://lefaso.netspip.php?article148839"
"Le Faso (BF)";"FR";"2026-10-09";"Assemblée législative du peuple : Mathieu Boro fait ses premiers pas à l’hémicycle et promet de porter la voix des Burkinabè";"https://lefaso.netspip.php?article148412"
"Le Faso (BF)";"FR";"2026-10-09";"Burkina/Communication : Les XVè UACO battent leur plein à l’Université Joseph Ki-Zerbo avec des panels sur divers thèmes";"https://lefaso.netspip.php?article149825"
"Le Faso (BF)";"FR";"2026-10-09";"Université Joseph Ki-Zerbo : Les nouveaux étudiants accueillis pour la rentrée 2026-2027";"https://lefaso.netspip.php?article149831"
"Le Faso (BF)";"FR";"2026-10-09";"Port du casque à Ouagadougou : 703 engins conduits en fourrière lors d’une opération de contrôle";"https://lefaso.netspip.php?article149826"
"Le Faso (BF)";"FR";"2026-10-09";"Burkina : Les filiales de Vista Bank Burkina mobilisées pour un don de sang";"https://lefaso.netspip.php?article149848"
"Le Faso (BF)";"FR";"2026-10-09";"Boromo : AGRODIA présente ses semences à haut rendement et promeut la souveraineté alimentaire";"https://lefaso.netspip.php?article149837"
"Le Faso (BF)";"FR";"2026-10-09";"Burkina : 20 centres médicaux communaux et un Institut du cœur en projet";"https://lefaso.netspip.php?article149846"
"Le Faso (BF)";"FR";"2026-10-09";"Comment l’Inde a sauvé ses tigres de même que ses lions, ses rhinocéros et ses éléphants";"https://lefaso.netspip.php?article149830"
"Le Faso (BF)";"FR";"2026-10-09";"Burkina/Budget 2027 : 4 200 milliards FCFA de recettes prévus";"https://lefaso.netspip.php?article149840"
"Le Faso (BF)";"FR";"2026-10-09";"Bobo-Dioulasso : L’ANPFI outille les médias sur l’inclusion financière et la protection des consommateurs";"https://lefaso.netspip.php?article149811"
"Le Faso (BF)";"FR";"2026-10-09";"Stratégie 2027-2031 de la BAD pour le Burkina :  La Banque et le gouvernement s’accordent sur les priorités cohérentes avec le Plan RELANCE";"https://lefaso.netspip.php?article149784"
"Le Faso (BF)";"FR";"2026-10-09";"Burkina/Banque mondiale : Un nouveau cadre de partenariat pour soutenir les priorités nationales";"https://lefaso.netspip.php?article149723"
"Le Faso (BF)";"FR";"2026-10-09";"Match amical international : Le Burkina Faso s’incline face à l’Argentine (7-0)";"https://lefaso.netspip.php?article149724"
"Le Faso (BF)";"FR";"2026-10-09";"Football : Une « Ligue de la souveraineté » pour rapprocher la haute compétition des régions";"https://lefaso.netspip.php?article149839"
"Le Faso (BF)";"FR";"2026-10-09";"Championnat du monde de Võ Cổ Truyền 2026 : le Burkina Faso décroche 30 médailles en Italie";"https://lefaso.netspip.php?article149824"
"Le Faso (BF)";"FR";"2026-10-09";"CAN 2025 : Le Maroc et le Sénégal devant le TAS pour trancher le sort de la finale";"https://lefaso.netspip.php?article149821"
"Le Faso (BF)";"FR";"2026-10-09";"Affaire « Allah Ti Kouma » : Me Ini Esther Doli poursuivie pour diffamation ‎";"https://lefaso.netspip.php?article149801"
"Le Faso (BF)";"FR";"2026-10-09";"Burkina/Football : De nouveaux techniciens à la tête des étalons Dames et des U17";"https://lefaso.netspip.php?article149770"
"Le Faso (BF)";"FR";"2026-10-09";"Musique : Du simple « like » à l’achat, les REMA 2026 veulent convertir les followers";"https://lefaso.netspip.php?article149605"
"Le Faso (BF)";"FR";"2026-10-09";"Nabalüm, dix ans de carrière : Une reine qui ne baisse pas les bras";"https://lefaso.netspip.php?article149529"
"Le Faso (BF)";"FR";"2026-10-09";"SITHO 2026 : Le financement des projets structurants au cœur de la 16ᵉ édition";"https://lefaso.netspip.php?article149427"
"Le Faso (BF)";"FR";"2026-10-09";"Burkina/ Culture : L’institut burkinabè renaitra de ses cendres, foi de Georges Kaboré";"https://lefaso.netspip.php?article149354"
"Le Faso (BF)";"FR";"2026-10-09";"Musée national : L’exposition « Rupture » invite à repenser l’art et le rapport à la société";"https://lefaso.netspip.php?article149350"
"Le Faso (BF)";"FR";"2026-10-09";"Union africaine : Réunis en Egypte, dirigeants cherchent à « transformer engagements politiques en réalisations concrètes »";"https://lefaso.netspip.php?article149737"
"Le Faso (BF)";"FR";"2026-10-09";"UEMOA : Le « Consommer local » au service de l’intégration régionale";"https://lefaso.netspip.php?article149641"
"Le Faso (BF)";"FR";"2026-10-09";"UEMOA : Le volet régional du « Mois du consommer local » prévu du 1er au 4 octobre 2026 à Ouagadougou";"https://lefaso.netspip.php?article149637"
"Le Faso (BF)";"FR";"2026-10-09";"81e AG de l’ONU : ""Nous ne demandons à personne la permission d’exister"" Karamoko Jean Marie Traoré";"https://lefaso.netspip.php?article149590"
"Le Faso (BF)";"FR";"2026-10-09";"Xi Jinping à la Maison Blanche : La journaliste Shanhui Zhang analyse la visite du président chinois aux Etats-Unis";"https://lefaso.netspip.php?article149535"
"Le Faso (BF)";"FR";"2026-10-09";"Qui utilise une console portable dédiée au jeu PC, et pour quoi faire ?";"https://lefaso.netspip.php?article149793"
"Le Faso (BF)";"FR";"2026-10-09";"Le Faso Digital 2026 : L’ARCEP renouvelle son engagement et parraine le Prix de l’Innovation inclusive";"https://lefaso.netspip.php?article149776"
"Le Faso (BF)";"FR";"2026-10-09";"Promotion des langues nationales au Burkina : Zaamsé, l’application qui veut réconcilier les jeunes burkinabè avec leurs langues d’origine";"https://lefaso.netspip.php?article149765"
"Le Faso (BF)";"FR";"2026-10-09";"Le Faso Digital 2026 : Wave Burkina s’engage aux côtés de la Foire virtuelle des solutions digitales";"https://lefaso.netspip.php?article149755"
"Le Faso (BF)";"FR";"2026-10-09";"Burkina : En cas de danger, “Sécurité+”, une application locale veut rapprocher les secours des personnes en difficulté";"https://lefaso.netspip.php?article149742"
"Le Faso (BF)";"FR";"2026-10-09";"Offre de formation en cybersécurité du 15 mai au 20 juillet 2024";"https://lefaso.netspip.php?article130136"
"Le Faso (BF)";"FR";"2026-10-09";"Vœux de nouvel an de Dre Lydia ROUAMBA, Directrice Générale du Centre national de l’Information, de l’Orientation Scolaire et Professionnelle, et des Bourses (CIOSPB)";"https://lefaso.netspip.php?article118725"
"Le Faso (BF)";"FR";"2026-10-09";"CIOSPB : La République de la Tunisie met à la disposition du Burkina Faso des bourses études pour l’année académique 2022-2023";"https://lefaso.netspip.php?article115137"
"Le Faso (BF)";"FR";"2026-10-09";"7e édition de la Semaine nationale de l’Information et de l’Orientation (SIO) : Le Centre National des Œuvres Universitaires (CENOU) communique sur ses prestations aux nouveaux bacheliers";"https://lefaso.netspip.php?article114708"
"Le Faso (BF)";"FR";"2026-10-09";"Année académique 2022-2023 : Le Royaume du Maroc met à la disposition du Burkina Faso, cent-vingt (120) bourses d’études";"https://lefaso.netspip.php?article113781"
"Le Faso (BF)";"FR";"2026-10-09";"SONABEL : Les candidats admis aux recrutements en CDI convoqués le 9 octobre 2026";"https://lefaso.netspip.php?article149182"
"Le Faso (BF)";"FR";"2026-10-09";"Bientôt les fêtes de fin d’année : Réservez et organisez vos Year Parties à Sopatel Silmandé !";"https://lefaso.netspip.php?article149815"
"Le Faso (BF)";"FR";"2026-10-09";"GIZ : Appel à propositions pour le recrutement d’une agence de communication événementielle dans le cadre de la foire transfrontalière (…)";"https://lefaso.netspip.php?article149816"
"Le Faso (BF)";"FR";"2026-10-09";"GIZ : Appel à propositions pour le recrutement d’un consultant senior en conseil stratégique dans le cadre du projet ProCVA";"https://lefaso.netspip.php?article149817"
"Le Faso (BF)";"FR";"2026-10-09";"SUNU assurances vie Burkina Faso : Avis aux assurés et ayants droit dont les contrats sont arrivés à échéance";"https://lefaso.netspip.php?article149233"
"Le Faso (BF)";"FR";"2026-10-09";"Musique : L’artiste Tim Winsey dévoile deux nouveaux albums à Ouagadougou";"https://lefaso.netspip.php?article144306"
"Le Faso (BF)";"FR";"2026-10-09";"Littérature : « Le Blessé de guerre », quand Dié Maurice Millogo transforme les blessures de la pauvreté en force";"https://lefaso.netspip.php?article149455"
"Le Faso (BF)";"FR";"2026-10-09";"Résultats du tirage du Faso Loto MIN-NÖGÖ du Jeudi 08 octobre 2026.";"https://lefaso.netspip.php?article149833"
"Le Faso (BF)";"FR";"2026-10-09";"GIZ : Appel à propositions pour le recrutement d’un consultant senior en conseil stratégique dans le cadre du projet (…)";"https://lefaso.netspip.php?article149817"
"Le Faso (BF)";"FR";"2026-10-09";"GIZ : Appel à propositions pour le recrutement d’une agence de communication événementielle dans le cadre de la (…)";"https://lefaso.netspip.php?article149816"
"Le Faso (BF)";"FR";"2026-10-09";"Résultats du tirage du Faso Loto KOUNANDIA du mercredi 07 octobre 2026";"https://lefaso.netspip.php?article149807"
"Le Faso (BF)";"FR";"2026-10-09";"ENAM : la rentrée 2026-2027 débute le 8 octobre avec la semaine d’accueil des nouveaux énarques";"https://lefaso.netspip.php?article149769"
"Le Faso (BF)";"FR";"2026-10-09";"Décès de Madame ZOUNGRANA/KABORÉ Dakiswinigda Rose Aïda : Remerciements";"https://lefaso.netspip.php?article148376"
"Le Faso (BF)";"FR";"2026-10-09";"Messe de requiem de Dima Fidéle";"https://lefaso.netspip.php?article148292"
"Le Faso (BF)";"FR";"2026-10-09";"Décès de Sompagnimdi Philippe Honoré OUEDRAOGO : REMERCIEMENTS & FAIRE-PART";"https://lefaso.netspip.php?article148049"
"Le Faso (BF)";"FR";"2026-10-09";"Programme des obsèques de Tapsoba née Nikiema G. Rosalie";"https://lefaso.netspip.php?article148026"
"Le Faso (BF)";"FR";"2026-10-09";"Décès de SAAM NAABA DE SANKUI, NAABA KOANGA, KABORE Joanny : Faire-part";"https://lefaso.netspip.php?article149842"
"Le Faso (BF)";"FR";"2026-10-09";"In memoriam : BELEM NEE KABORE MARTHE";"https://lefaso.netspip.php?article149841"
"Le Faso (BF)";"FR";"2026-10-09";"Décès de KONE née YONI Céline : Remerciements";"https://lefaso.netspip.php?article149808"
"Le Faso (BF)";"FR";"2026-10-09";"IN MEMORIAM : COMPAORE/SY N’DEYE ROKHAYA DIANE BERTILLE";"https://lefaso.netspip.php?article149829"
"Le Faso (BF)";"FR";"2026-10-09";"Décès de Zizien Bayaro Aymard : Remerciements";"https://lefaso.netspip.php?article149852"
"Le Faso (BF)";"FR";"2026-10-09";"Décès de Keita Charles Rimsida dit charlo : Faire-part";"https://lefaso.netspip.php?article149834"
"Le Faso (BF)";"FR";"2026-10-09";"Décès du Pr Didier Zongo : Remerciements";"https://lefaso.netspip.php?article149835"
"Le Faso (BF)";"FR";"2026-10-09";"Décès de Tasséré Jean Edgard : Remerciements";"https://lefaso.netspip.php?article149844"
"Le Faso (BF)";"FR";"2026-10-09";"Littérature : Kéyombié Kansolé, une auteure qui veut « changer le monde » par les mots";"https://lefaso.netspip.php?article149803"
"Le Faso (BF)";"FR";"2026-10-09";"Coopération : Evelyne Dabiré nommée ambassadrice extraordinaire  et plénipotentiaire du Canada près le Bénin";"https://lefaso.netspip.php?article147766"
"Le Faso (BF)";"FR";"2026-10-09";"Burkina : Le gouvernement dément le lancement d’une plateforme dénommée IA Prime Aura";"https://lefaso.netspip.php?article149751"
"Le Faso (BF)";"FR";"2026-10-09";"‎Prix Nobel de chimie 2026 : Henri B. Kagan et Kenso Soai récompensés pour avoir percé un mystère du vivant ‎";"https://lefaso.netspip.php?article149795"
"Le Faso (BF)";"FR";"2026-10-09";"Modernisation des services consulaires : Le Burkina Faso lance YORI ID aux États-Unis";"https://lefaso.netspip.php?article149615"
"Le Faso (BF)";"FR";"2026-10-09";"Faune sauvage : Un crocodile capturé dans un cabaret au secteur 3 de Fada N’Gourma";"https://lefaso.netspip.php?article149406"
"Le Faso (BF)";"FR";"2026-10-09";"Dynamiques organisationnelles et interactions des acteurs de la filière bétail-viande au Burkina Faso";"https://lefaso.netspip.php?article149344"
"Le Faso (BF)";"FR";"2026-10-09";"Comment s’adapter aux effets des changements climatiques dans la commune rurale de Koumbia au Burkina Faso";"https://lefaso.netspip.php?article149339"
"Le Faso (BF)";"FR";"2026-10-09";"Perceptions et stratégies d’adaptation des agropasteurs du changement climatique au Burkina Faso";"https://lefaso.netspip.php?article149338"
"Le Faso (BF)";"FR";"2026-10-09";"Bobo-Dioulasso : La police nationale annonce des patrouilles nocturnes pour faire respecter le port du casque";"https://lefaso.netspip.php?article149781#forum"
"Le Faso (BF)";"FR";"2026-10-09";"La France cherche l’AES… ses lycéens cherchent professeurs";"https://lefaso.netspip.php?article149804#forum"
"Le Faso (BF)";"FR";"2026-10-09";"Burkina/Budget 2027 : 4 200 milliards FCFA de recettes prévus";"https://lefaso.netspip.php?article149840#forum"
"Le Faso (BF)";"FR";"2026-10-09";"UACO 2026 : « Il faut que les Africains retournent à l’enseignement de leur histoire », Claude Wilfried Ekanga, analyste politique camerounais";"https://lefaso.netspip.php?article149828#forum"
"Le Faso (BF)";"FR";"2026-10-09";"‎Prix Nobel de chimie 2026 : Henri B. Kagan et Kenso Soai récompensés pour avoir percé un mystère du vivant ‎";"https://lefaso.netspip.php?article149795#forum"
"Le Faso (BF)";"FR";"2026-10-09";"Les 100 Visages du Burkina Digital : Bakénon Koné, des premiers réseaux universitaires aux grandes infrastructures de l’Internet burkinabè";"https://lefaso.netspip.php?article149810#forum"
"Le Faso (BF)";"FR";"2026-10-09";"Burkina/Éducation : Objectif 60% de diplômés dans le technique et le professionnel en 2050";"https://lefaso.netspip.php?article149820#forum"
"Le Faso (BF)";"FR";"2026-10-09";"Affaire « Allah Ti Kouma » : Me Ini Esther Doli poursuivie pour diffamation ‎";"https://lefaso.netspip.php?article149801#forum"
"Le Faso (BF)";"FR";"2026-10-09";"Match amical : Le gouvernement salue l’engagement patriotique des Etalons face à l’Argentine";"https://lefaso.netspip.php?article149741#forum"
"Le Faso (BF)";"FR";"2026-10-09";"‎Mali : Consolidation de la présence des FAMa à Kidal  ‎";"https://lefaso.netspip.php?article149792#forum"
"Le Faso (BF)";"FR";"2026-10-09";"Volontariat national : Le Burkina Faso ambitionne de constituer un vivier d’un million de réservistes en cinq ans";"https://lefaso.netspip.php?article149349#forum"
"Le Faso (BF)";"FR";"2026-10-09";"Agroécologie : Plus de 70 millions FCFA d’équipements agricoles remis aux SCOOP et CUMA bénéficiaires du programme GP-SAEP à Koudougou";"https://lefaso.netspip.php?article146764#forum"
"Le Faso (BF)";"FR";"2026-10-09";"A propos...";"https://lefaso.net/spip.php?article29&rubrique17"
"Le Faso (BF)";"FR";"2026-10-09";"Publicité";"https://lefaso.net/spip.php?article5736&rubrique17t"
"Le Faso (BF)";"FR";"2026-10-09";"Partenariat";"https://lefaso.net/spip.php?article30&rubrique17"
"Le Faso (BF)";"FR";"2026-10-09";"Nous contacter";"https://lefaso.net/spip.php?article32&rubrique17"
"La Nation (BJ)";"FR";"2026-10-09";"Numérique et commerce mondial: Une opportunité à saisir pour la jeunesse africaine";"https://lanation.bj/economie/numerique-et-commerce-mondial-une-opportunite-a-saisir-pour-la-jeunesse-africaine"
"La Nation (BJ)";"FR";"2026-10-09";"Commerce maritime : le Burkina Faso s’affirme comme un partenaire stratégique du Port autonome de Cotonou
                            
                                                            Lecture de 2 min";"https://lanation.bj/economie/commerce-maritime-le-burkina-faso-saffirme-comme-un-partenaire-strategique-du-port-autonome-de-cotonou"
"La Nation (BJ)";"FR";"2026-10-09";"Destination Bénin: 600 milliards de francs Cfa pour booster le tourisme en 2027
                            
                                                            Lecture de 3 min";"https://lanation.bj/economie/destination-benin-600-milliards-de-francs-cfa-pour-booster-le-tourisme-en-2027"
"La Nation (BJ)";"FR";"2026-10-09";"Transferts d’argent dans l’espace UEMOA : envoyer jusqu’à 8 000 FCFA gratuitement dès novembre
                            
                                                            Lecture de 2 min";"https://lanation.bj/economie/transferts-dargent-dans-lespace-uemoa-envoyer-jusqua-8-000-fcfa-gratuitement-des-novembre"
"La Nation (BJ)";"FR";"2026-10-09";"Lutte contre les flux financiers illicites: La prédominance du cash, un défi pour la traçabilité financière";"https://lanation.bj/economie/lutte-contre-les-flux-financiers-illicites-la-predominance-du-cash-un-defi-pour-la-tracabilite-financiere"
"Graphic Online (GH)";"EN";"2026-10-09";"Politics";"/news/politics.html"
"Graphic Online (GH)";"EN";"2026-10-09";"Business News";"/business/business-news.html"
"Graphic Online (GH)";"EN";"2026-10-09";"Companies";"/business/gb-companies.html"
"Graphic Online (GH)";"EN";"2026-10-09";"Markets";"/business/markets.html"
"Graphic Online (GH)";"EN";"2026-10-09";"Opinion";"/business/opinion.html"
"Graphic Online (GH)";"EN";"2026-10-09";"Auto News";"/business/ghana-auto-industry-news.html"
"Graphic Online (GH)";"EN";"2026-10-09";"1,568 new lawyers called to the Ghana Bar";"/news/general-news/ghana-news-1-568-new-lawyers-called-to-the-ghana-bar.html"
"Graphic Online (GH)";"EN";"2026-10-09";"Banks to stop loans to govt workers over delayed remittances from...";"/news/general-news/ghana-news-banks-to-stop-loans-to-govt-workers-over-delayed-remittances-from-controller.html"
"Graphic Online (GH)";"EN";"2026-10-09";"Health Ministry declares Yellow Fever outbreak in Upper West Region";"/news/health/health-ministry-declares-yellow-fever-outbreak-in-upper-west-region.html"
"Graphic Online (GH)";"EN";"2026-10-09";"GRA invites Jamila Home management over alleged assault of officer";"/news/general-news/gra-invites-jamila-home-management-over-alleged-assault-of-officer.html"
"Graphic Online (GH)";"EN";"2026-10-09";"Ghana moves to establish National Space Agency";"/news/general-news/ghana-moves-to-establish-national-space-agency.html"
"Graphic Online (GH)";"EN";"2026-10-09";"FBI: Nearly $10m in losses identified in latest Ghana fraud bust (PHOTOS)";"/news/general-news/fbi-nearly-10m-in-losses-identified-in-latest-ghana-fraud-bust-photos.html"
"Graphic Online (GH)";"EN";"2026-10-09";"You will not succeed in stopping preaching in vehicles – Rev. Bempah";"/news/general-news/you-will-not-succeed-in-stopping-preaching-in-vehicles-rev-bempah.html"
"Graphic Online (GH)";"EN";"2026-10-09";"Ghana: Offshore gold exploration suspended pending stakeholder talks";"/news/general-news/ghana-offshore-gold-exploration-suspended-pending-stakeholder-talks.html"
"Graphic Online (GH)";"EN";"2026-10-09";"Community watch committee arrest three illegal miners at Jema in Aowin area of Western Region";"/news/general-news/community-watch-committee-arrest-three-illegal-miners-at-jema.html"
"Graphic Online (GH)";"EN";"2026-10-09";"VIDEO: Akyerensua-Hwidiem road safety hazard unresolved 4 months after citizen journalist's report";"/news/general-news/video-acherensua-hwiediem-road-safety-hazard.html"
"Graphic Online (GH)";"EN";"2026-10-09";"Accra to get facelift ahead of 70th independence anniversary - Roads Minister Agbodza";"/news/general-news/ghana-news-accra-to-get-facelift-ahead-of-70th-independence-anniversary-roads-minister.html"
"Graphic Online (GH)";"EN";"2026-10-09";"Protect businesses, don’t shut them down - Chief Justice urges judiciary, others";"/news/general-news/ghana-news-protect-businesses-dont-shut-them-down-chief-justice-urges-judiciary-others.html"
"Graphic Online (GH)";"EN";"2026-10-09";"State must support local entrepreneurs - Ibrahim Mahama urges at Dzata Cement 5th milestone";"/news/general-news/ghana-news-state-must-support-local-entrepreneurs-ibrahim-mahama-urges-at-dzata-cement-5th-milestone.html"
"Graphic Online (GH)";"EN";"2026-10-09";"Schools have adequate food supplies - Education Minister dismisses Dr Bawumia's no food claims";"/news/education/ghana-news-shss-have-adequate-food-supplies-education-minister-dismisses-dr-bawumias-no-food-claims.html"
"Graphic Online (GH)";"EN";"2026-10-09";"Govt spends GH¢917m on No-Fees-Stress Policy - Haruna Iddrisu";"/news/general-news/ghana-news-govt-spends-ghc917m-on-no-fees-stress-policy-haruna-iddrisu.html"
"Graphic Online (GH)";"EN";"2026-10-09";"Former NPP Chairman, Minority Leader Odoi-Sykes dies at 98";"/news/general-news/former-npp-chairman-minority-leader-odoi-sykes-dies-at-98.html"
"Graphic Online (GH)";"EN";"2026-10-09";"Bank of Ghana warns against digital fraud, ponzi schemes";"/business/business-news/bank-of-ghana-warns-against-digital-fraud-ponzi-schemes.html"
"Graphic Online (GH)";"EN";"2026-10-09";"Two remanded over alleged GH¢800,000 fraud";"/news/general-news/media-worker-journalist-remanded-over-alleged-ghc800-000-fraud.html"
"Graphic Online (GH)";"EN";"2026-10-09";"Bank of Ghana advises the public on what to do with torn cedi notes";"/business/business-news/bank-of-ghana-advises-the-public-on-what-to-do-with-torn-cedi-notes.html"
"Graphic Online (GH)";"EN";"2026-10-09";"President Mahama directs Finance Minister to allocate GH¢1bn for Housing Fund in 2027 Budget";"/news/general-news/president-mahama-directs-finance-minister-to-allocate-ghc1bn-for-housing-fund-in-2027-budget.html"
"Graphic Online (GH)";"EN";"2026-10-09";"Former NAFCO boss Hanan case adjourned over access to seized devices";"/news/general-news/hanan-case-adjourned-over-access-to-seized-devices.html"
"Graphic Online (GH)";"EN";"2026-10-09";"President Mahama tells Indian investors: Ghana is open for business";"/news/general-news/president-mahama-tells-indian-investors-ghana-is-open-for-business.html"
"Graphic Online (GH)";"EN";"2026-10-09";"Ghana's inflation rises to 5.2% in September 2026";"/business/business-news/ghanas-inflation-rises-to-5-2-in-september.html"
"Graphic Online (GH)";"EN";"2026-10-09";"Acting CLOGSAG President dismisses purported appointments";"/news/general-news/ghana-news-ag-clogsag-president-dismisses-purported-appointments.html"
"Graphic Online (GH)";"EN";"2026-10-09";"New Economy: Govt to prioritise creation of decent jobs - Finance Minister";"/news/general-news/ghana-news-new-economy-govt-to-prioritise-creation-of-decent-jobs-finance-minister.html"
"Graphic Online (GH)";"EN";"2026-10-09";"Stanbic launches ‘Be Powered’ to drive green energy, sustainable mobility";"/news/general-news/ghana-news-stanbic-launches-be-powered-to-drive-green-energy-sustainable-mobility.html"
"Graphic Online (GH)";"EN";"2026-10-09";"VRA pushes for 100% cash waterfall payments";"/news/general-news/ghana-news-vra-pushes-for-100-cash-waterfall-payments.html"
"Graphic Online (GH)";"EN";"2026-10-09";"EOCO returns Hanan’s £6,700, GH¢2,750, laptops and phones after lawyers protest";"/news/general-news/eoco-returns-hanans-gbp6-700-ghc2-750-laptops-and-phones-after-lawyers-protest.html"
"Graphic Online (GH)";"EN";"2026-10-09";"Suspend offshore gold exploration licence - Fisheries association to gov't";"/news/general-news/suspend-offshore-gold-exploration-licence-fisheries-association-to-govt.html"
"Graphic Online (GH)";"EN";"2026-10-09";"Ablakwa says Cabinet has approved Ghana's bid to join BRICS";"/news/politics/ablakwa-says-cabinet-has-approved-ghanas-bid-to-join-brics.html"
"Graphic Online (GH)";"EN";"2026-10-09";"Court grants bail to banker accused of stealing GH¢1million";"/news/general-news/court-grants-bail-to-banker-accused-of-stealing-ghc1million.html"
"Graphic Online (GH)";"EN";"2026-10-09";"CSA opens Cyber Security Awareness Month with call for stronger collaboration";"/news/general-news/csa-opens-cyber-security-awareness-month-with-call-for-stronger-collaboration.html"
"Graphic Online (GH)";"EN";"2026-10-09";"Compensation coming for La Pleasure Beach demolition victims";"/news/general-news/compensation-coming-for-la-pleasure-beach-demolition-victims.html"
"Graphic Online (GH)";"EN";"2026-10-09";"BoG to issue new credit risk and liquidity directives";"/business/business-news/bog-to-issue-new-credit-risk-and-liquidity-directives.html"
"Graphic Online (GH)";"EN";"2026-10-09";"Parliament grills Central Regional Coordinating Council over GH¢14.9m payments processed outside GIFMIS";"/news/general-news/pac-grills-central-rcc-over-ghc14-9m-payments-processed-outside-gifmis.html"
"Graphic Online (GH)";"EN";"2026-10-09";"Bank of Ghana names 20 loan apps operating without licence";"/business/business-news/bank-of-ghana-names-20-loan-apps-operating-without-licence.html"
"Graphic Online (GH)";"EN";"2026-10-09";"IGP deploys special team to investigate deaths of 3 children in Tamale";"/news/general-news/igp-deploys-special-team-to-investigate-deaths-of-3-children-in-tamale.html"
"Graphic Online (GH)";"EN";"2026-10-09";"Banks to stop loans to govt workers over delayed remittances from Controller";"/news/general-news/ghana-news-banks-to-stop-loans-to-govt-workers-over-delayed-remittances-from-controller.html"
"Graphic Online (GH)";"EN";"2026-10-09";"Govt committed to protecting free speech — Kwakye Ofosu";"/news/general-news/ghana-news-govt-committed-to-protecting-free-speech-kwakye-ofosu.html"
"Graphic Online (GH)";"EN";"2026-10-09";"National interests must transcend partisan politics - Most Rev. Prof. Asante declares";"/news/politics/ghana-news-national-interests-must-transcend-partisan-politics-most-rev-prof-asante-declares.html"
"Graphic Online (GH)";"EN";"2026-10-09";"Sam George pushes back on FBI claim over Ghana cybercrime operation";"/news/general-news/sam-george-pushes-back-on-fbi-claim-over-ghana-cybercrime-operation.html"
"Graphic Online (GH)";"EN";"2026-10-09";"Road accidents claim 2,151 lives in 10,157 crashes from January to September";"/news/general-news/road-accidents-claim-2-151-lives-in-10-157-crashes-from-january-to-september.html"
"Graphic Online (GH)";"EN";"2026-10-09";"Devastating tidal waves: Ada East Assembly calls for permanent engineering solution";"/news/general-news/devastating-tidal-waves-ada-east-assembly-calls-for-permanent-engineering-solution.html"
"Graphic Online (GH)";"EN";"2026-10-09";"Ghana Politics";"/news/politics.html"
"Graphic Online (GH)";"EN";"2026-10-09";"General News";"/news/general-news.html"
"Graphic Online (GH)";"EN";"2026-10-09";"Education News";"/news/education.html"
"Graphic Online (GH)";"EN";"2026-10-09";"News in Ghana";"/news/general-news.html"
"Malijet (ML)";"FR";"2026-10-09";"Politique";"https://malijet.com/actualite-politique-au-mali"
"Malijet (ML)";"FR";"2026-10-09";"Economie";"https://malijet.com/actualite_economique_du_mali"
"Malijet (ML)";"FR";"2026-10-09";"Sports";"https://malijet.com/actualite_sportive_au_mali"
"Malijet (ML)";"FR";"2026-10-09";"Culture";"https://malijet.com/actualite_culturelle_au_mali"
"Malijet (ML)";"FR";"2026-10-09";"International";"https://malijet.com/actualite_internationale"
"Malijet (ML)";"FR";"2026-10-09";"AES";"https://malijet.com/actualite-sur-aes"
"Malijet (ML)";"FR";"2026-10-09";"Afrique";"https://malijet.com/actualite-sur-afrique"
"Malijet (ML)";"FR";"2026-10-09";"Hydrocarbures : 975 citernes enregistrées en douze jours";"https://malijet.com/actualite_economique_du_mali/312239-hydrocarbures-975-citernes-enregistrees-en-douze-jours.html"
"Malijet (ML)";"FR";"2026-10-09";"Coton : le Mali plaide pour davantage de transformation locale";"https://malijet.com/actualite_economique_du_mali/312226-coton-le-mali-plaide-pour-davantage-de-transformation-loca.html"
"Malijet (ML)";"FR";"2026-10-09";"Transferts d’argent : la BCEAO instaure de nouvelles conditions tarifaires dans l’UEMOA";"https://malijet.com/actualite_economique_du_mali/312191-transferts-dargent-la-bceao-instaure-de-nouvelles-conditi.html"
"Malijet (ML)";"FR";"2026-10-09";"Célébration du 66ᵉ anniversaire de l’Armée de Terre malienne";"https://malijet.com/actualite_de_la_nation_malienne/312134-celebration-du-66-anniversaire-de-larmee-de-terre-malienne.html"
"Malijet (ML)";"FR";"2026-10-09";"Guinée-Bissau : « Les conditions ne sont pas réunies pour organiser la présidentielle du 06 décembre »";"https://malijet.com/actualite-sur-afrique/312244-guinee-bissau-les-conditions-ne-sont-pas-reunies-pour-or.html"
"Malijet (ML)";"FR";"2026-10-09";"Administration publique : le Mali mise sur des normes pour améliorer les services aux citoyens";"https://malijet.com/actualite-politique-au-mali/312243-administration-publique-le-mali-mise-sur-des-normes-pour-a.html"
"Malijet (ML)";"FR";"2026-10-09";"Éliminatoires des JO 2028 : le Mali s’incline à Lomé";"https://malijet.com/actualite_sportive_au_mali/312241-eliminatoires-des-jo-2028-le-mali-sincline-a-lome.html"
"Malijet (ML)";"FR";"2026-10-09";"Voir tout →";"https://malijet.com/actualite-politique-au-mali"
"Malijet (ML)";"FR";"2026-10-09";"Coopération Mali-Ghana : Un attaché de défense ghanéen officiellement installé à Bamako";"https://malijet.com/actualite-politique-au-mali/312190-cooperation-mali-ghana-un-attache-de-defense-ghaneen-offic.html"
"Malijet (ML)";"FR";"2026-10-09";"UEMOA : une délégation du CIP participe à la 153ᵉ Assemblée générale de l’UIP";"https://malijet.com/actualite-politique-au-mali/312182-uemoa-une-delegation-du-cip-participe-a-la-153-assemblee.html"
"Malijet (ML)";"FR";"2026-10-09";"Justice : La Mission EUCAP Sahel Mali fait le point sur l'avancement de la Maison de Justice de Kayes";"https://malijet.com/actualite-politique-au-mali/312177-justice-la-mission-eucap-sahel-mali-fait-le-point-sur-lav.html"
"Malijet (ML)";"FR";"2026-10-09";"Voir tout →";"https://malijet.com/actualite_economique_du_mali"
"Malijet (ML)";"FR";"2026-10-09";"Mobilité au Mali : Safran Service Automobile entre en scène";"https://malijet.com/actualite_economique_du_mali/312221-mobilite-au-mali-safran-service-automobile-entre-en-scene.html"
"Malijet (ML)";"FR";"2026-10-09";"Forum Mali Kura : l’API-Mali mobilise les investisseurs russes";"https://malijet.com/actualite_economique_du_mali/312218-forum-mali-kura-lapi-mali-mobilise-les-investisseurs-russ.html"
"Malijet (ML)";"FR";"2026-10-09";"Voir tout →";"https://malijet.com/actualite_sportive_au_mali"
"Malijet (ML)";"FR";"2026-10-09";"Sport : Le TAS examine ce jeudi le litige opposant le Sénégal et le Maroc sur l'issue de leur finale";"https://malijet.com/actualite_sportive_au_mali/312231-sport-le-tas-examine-ce-jeudi-le-litige-opposant-le-senega.html"
"Malijet (ML)";"FR";"2026-10-09";"Sport et industrie : Abiola Ijasanmi rejoint le Conseil Consultatif de l'African Collaborations Group";"https://malijet.com/actualite_sportive_au_mali/312229-sport-et-industrie-abiola-ijasanmi-rejoint-le-conseil-cons.html"
"Malijet (ML)";"FR";"2026-10-09";"Football-Mali : Le coup d'envoi de la Ligue 1 Orange 2026-2027 reporté à une date ultérieure.";"https://malijet.com/actualite_sportive_au_mali/312212-football-mali-le-coup-denvoi-de-la-ligue-1-orange-2026-20.html"
"Malijet (ML)";"FR";"2026-10-09";"Voir tout →";"https://malijet.com/actualite_internationale"
"Malijet (ML)";"FR";"2026-10-09";"« Loi de la République Populaire de Chine  Sur la promotion de l’unité et du progrès ethniques » :  Source d’inspiration pour les pays africains";"https://malijet.com/actualite_internationale/312213-loi-de-la-republique-populaire-de-chine-sur-la-promotion.html"
"Malijet (ML)";"FR";"2026-10-09";"Diplomatie : Le président béninois Romuald Wadagni reçu par Emmanuel Macron à l'Élysée";"https://malijet.com/actualite_internationale/312178-diplomatie-le-president-beninois-romuald-wadagni-recu-par.html"
"Malijet (ML)";"FR";"2026-10-09";"Sondage CGTN: La « Golden Week » témoigne de la vigueur de l'économie des vacances en Chine";"https://malijet.com/actualite_internationale/312132-sondage-cgtn-la-golden-week-temoigne-de-la-vigueur-de-l.html"
"Malijet (ML)";"FR";"2026-10-09";"Flydubai : bagarre, tentative de suicide, 11 septembre évité… ce que l’on sait de l’incident en plein vol";"https://malijet.com/actualite_internationale/312117-flydubai-bagarre-tentative-de-suicide-11-septembre-evite.html"
"Malijet (ML)";"FR";"2026-10-09";"Voir tout →";"https://malijet.com/actualite-sur-aes"
"Malijet (ML)";"FR";"2026-10-09";"Premier pari confédéral AES : 150 millions de FCFA en jeu et une œuvre communautaire pour célébrer la coopération entre le Burkina Faso, le Mali et le Niger";"https://malijet.com/actualite-sur-aes/312142-premier-pari-confederal-aes-150-millions-de-fcfa-en-jeu-et.html"
"Malijet (ML)";"FR";"2026-10-09";"Jeunesse : L'AES lance son Université d'été des volontaires à Niamey pour bâtir une citoyenneté sahélienne commune";"https://malijet.com/actualite-sur-aes/312084-jeunesse-laes-lance-son-universite-dete-des-volontaires.html"
"Malijet (ML)";"FR";"2026-10-09";"AES : les ministres de l’Industrie et du Commerce adoptent une feuille de route à Bamako";"https://malijet.com/actualite-sur-aes/312083-aes-les-ministres-de-lindustrie-et-du-commerce-adoptent-u.html"
"Malijet (ML)";"FR";"2026-10-09";"AES : Abdoulaye Maïga échange avec les ministres de l’Industrie et du Commerce";"https://malijet.com/actualite-sur-aes/312068-aes-abdoulaye-maiga-echange-avec-les-ministres-de-lindust.html"
"Malijet (ML)";"FR";"2026-10-09";"Coup d'état au Niger : L’Algérie dénonce une ""provocation"" et révèle son intervention militaire
                
                                    
                il y a 5 jours";"https://malijet.com/actualite-sur-afrique/312149-coup-detat-au-niger-lalgerie-denonce-une-provocation-e.html"
"Malijet (ML)";"FR";"2026-10-09";"Guinée-Bissau : « Les conditions ne sont pas réunies pour organiser la présidentielle du 06 décembre »
                                        il y a 2 heures";"https://malijet.com/actualite-sur-afrique/312244-guinee-bissau-les-conditions-ne-sont-pas-reunies-pour-or.html"
"Malijet (ML)";"FR";"2026-10-09";"Communication : Les 15ᵉ UACO s'ouvrent à Ouagadougou autour de la souveraineté informationnelle africaine
                                        il y a 1 jour";"https://malijet.com/actualite-sur-afrique/312230-communication-les-15-uaco-souvrent-a-ouagadougou-autour.html"
"Malijet (ML)";"FR";"2026-10-09";"Justice communautaire : Cinq nouveaux juges prêtent serment à la Cour de justice de la CEDEAO à Abuja
                                        il y a 1 jour";"https://malijet.com/actualite-sur-afrique/312216-justice-communautaire-cinq-nouveaux-juges-pretent-serment.html"
"Malijet (ML)";"FR";"2026-10-09";"CEDEAO : Bassirou Diomaye Faye en visite à la Cour de justice à Abuja
                                        il y a 2 jours";"https://malijet.com/actualite-sur-afrique/312209-cedeao-bassirou-diomaye-faye-en-visite-a-la-cour-de-justic.html"
"Malijet (ML)";"FR";"2026-10-09";"Le président du Ghana gracie 863 personnes à l’occasion de l’anniversaire de l’indépendance du pays
                                        il y a 2 jours";"https://malijet.com/actualite-sur-afrique/312206-le-president-du-ghana-gracie-863-personnes-a-loccasion-de-l.html"
"Malijet (ML)";"FR";"2026-10-09";"Nigeria : 32 morts dans le crash d’un avion militaire dans l’Ondo
                                        il y a 2 jours";"https://malijet.com/actualite-sur-afrique/312195-nigeria-32-morts-dans-le-crash-dun-avion-militaire-dans-l.html"
"Malijet (ML)";"FR";"2026-10-09";"Intempéries : Le Sénégal sous les eaux, Dakar et Matam durement touchés
                                        il y a 3 jours";"https://malijet.com/actualite-sur-afrique/312180-intemperies-le-senegal-sous-les-eaux-dakar-et-matam-durem.html"
"Malijet (ML)";"FR";"2026-10-09";"Nigeria : Anwar, le cerveau de l'ISWAP dans le sud du pays, neutralisé par les forces de sécurité
                                        il y a 3 jours";"https://malijet.com/actualite-sur-afrique/312179-nigeria-anwar-le-cerveau-de-liswap-dans-le-sud-du-pays.html"
"Malijet (ML)";"FR";"2026-10-09";"Diplomatie : Le Sénégal et l'Égypte renforcent leur partenariat bilatéral
                                        il y a 4 jours";"https://malijet.com/actualite-sur-afrique/312172-diplomatie-le-senegal-et-legypte-renforcent-leur-partenar.html"
"Malijet (ML)";"FR";"2026-10-09";"Coup d'état au Niger : L’Algérie dénonce une ""provocation"" et révèle son intervention militaire
                                        il y a 5 jours";"https://malijet.com/actualite-sur-afrique/312149-coup-detat-au-niger-lalgerie-denonce-une-provocation-e.html"
"Malijet (ML)";"FR";"2026-10-09";"« Loi de la République Populaire de Chine  Sur la promotion de l’unité et du progrès ethniques » :  Source d’inspiration pour les pays africains
                                        il y a 1 jour";"https://malijet.com/actualite_internationale/312213-loi-de-la-republique-populaire-de-chine-sur-la-promotion.html"
"Malijet (ML)";"FR";"2026-10-09";"Diplomatie : Le président béninois Romuald Wadagni reçu par Emmanuel Macron à l'Élysée
                                        il y a 3 jours";"https://malijet.com/actualite_internationale/312178-diplomatie-le-president-beninois-romuald-wadagni-recu-par.html"
"Malijet (ML)";"FR";"2026-10-09";"Sondage CGTN: La « Golden Week » témoigne de la vigueur de l'économie des vacances en Chine
                                        il y a 1 semaine";"https://malijet.com/actualite_internationale/312132-sondage-cgtn-la-golden-week-temoigne-de-la-vigueur-de-l.html"
"Malijet (ML)";"FR";"2026-10-09";"Flydubai : bagarre, tentative de suicide, 11 septembre évité… ce que l’on sait de l’incident en plein vol
                                        il y a 1 semaine";"https://malijet.com/actualite_internationale/312117-flydubai-bagarre-tentative-de-suicide-11-septembre-evite.html"
"Malijet (ML)";"FR";"2026-10-09";"Iran : une chanteuse condamnée à 74 coups de fouet
                                        il y a 1 semaine";"https://malijet.com/actualite_internationale/312075-iran-une-chanteuse-condamnee-a-74-coups-de-fouet.html"
"Malijet (ML)";"FR";"2026-10-09";"Crash d'Air Algérie : la compagnie Swiftair condamnée à une amende de 225.000 euros pour homicides involontaires
                                        il y a 1 semaine";"https://malijet.com/actualite_internationale/312064-crash-dair-algerie-la-compagnie-swiftair-condamnee-a-une.html"
"Malijet (ML)";"FR";"2026-10-09";"ONU : Mamadi Doumbouya présente le « modèle guinéen » à la tribune de l'Assemblée générale
                                        il y a 2 semaines";"https://malijet.com/actualite_internationale/312001-onu-mamadi-doumbouya-presente-le-modele-guineen-a-la-t.html"
"Malijet (ML)";"FR";"2026-10-09";"La Libye dépose sa candidature à un siège de membre non permanent du Conseil de sécurité de l’ONU
                                        il y a 2 semaines";"https://malijet.com/actualite_internationale/311998-la-libye-depose-sa-candidature-a-un-siege-de-membre-non-perm.html"
"Malijet (ML)";"FR";"2026-10-09";"Visite d'État du président Xi Jinping aux États-Unis : « Collaboration structurée, gestion maîtrisée des divergences, responsabilité mondiale partagée »
                                        il y a 2 semaines";"https://malijet.com/actualite_internationale/311996-visite-detat-du-president-xi-jinping-aux-etats-unis-col.html"
"Malijet (ML)";"FR";"2026-10-09";"ONU : António Guterres appelle à l'unité face à un monde « fracturé »
                                        il y a 2 semaines";"https://malijet.com/actualite_internationale/311978-onu-antonio-guterres-appelle-a-lunite-face-a-un-monde-f.html"
"Malijet (ML)";"FR";"2026-10-09";"Guinée-Bisseau : Le Haut commandement militaire interdit le retour de l'ancien président Umaro Sissoco Embaló
                    2 commentaires
                    il y a 6 jours";"https://malijet.com/actualite-sur-afrique/312141-guinee-bisseau-le-haut-commandement-militaire-interdit-le.html"
"Malijet (ML)";"FR";"2026-10-09";"Mali : ouverture de la session ordinaire d’octobre du CNT
                    1 commentaire
                    il y a 5 jours";"https://malijet.com/actualite_de_la_nation_malienne/312153-mali-ouverture-de-la-session-ordinaire-doctobre-du-cnt.html"
"Malijet (ML)";"FR";"2026-10-09";"Transferts d’argent : la BCEAO instaure de nouvelles conditions tarifaires dans l’UEMOA
                    1 commentaire
                    il y a 3 jours";"https://malijet.com/actualite_economique_du_mali/312191-transferts-dargent-la-bceao-instaure-de-nouvelles-conditi.html"
"Malijet (ML)";"FR";"2026-10-09";"Économie";"https://malijet.com/actualite_economique_du_mali"
