"Source";"Language";"Date";"Title";"URL"
"VRT NWS (EN)";"EN";"2026-10-06";"Volg alles over De Warmste Week ook via VRT NWS";"https://www.vrt.be/vrtnws/nl/2026/09/25/de-warmste-week-216-projecten-rond-een-warme-thuis-voor-iedereen/"
"VRT NWS (EN)";"EN";"2026-10-06";"Kilometerslang oliespoor in straten van Lier: fietsers glijden uit, brandweer uren aan het werk";"https://www.vrt.be/vrtnws/nl/2026/10/06/oliespoor-centrum-lier-glad-fietsers-afstappen-brandweer/?utm_source=corporate&utm_medium=referral&utm_campaign=rssfeed&utm_content=vrt-nws"
"VRT NWS (EN)";"EN";"2026-10-06";"Nultolerantie voor alcohol voor beginnende bestuurders vanaf volgend jaar";"https://www.vrt.be/vrtnws/nl/2026/10/06/federale-regering-voert-in-2027-nultolerantie-in-voor-beginnende/?utm_source=corporate&utm_medium=referral&utm_campaign=rssfeed&utm_content=vrt-nws"
"VRT NWS (EN)";"EN";"2026-10-06";"Spaans Grondwettelijk Hof maakt weg vrij voor terugkeer Catalaanse leider Carles Puigdemont";"https://www.vrt.be/vrtnws/nl/2026/10/06/spaans-hooggerechtshof-maakt-weg-vrij-voor-terugkeer-catalaanse/?utm_source=corporate&utm_medium=referral&utm_campaign=rssfeed&utm_content=vrt-nws"
"VRT NWS (EN)";"EN";"2026-10-06";"Vooral bij fietsers stijgt aantal dodelijke ongevallen: ""Trend zet zich voort""";"https://www.vrt.be/vrtnws/nl/2026/10/06/meer-dodelijke-ongevallen-met-fietsers/?utm_source=corporate&utm_medium=referral&utm_campaign=rssfeed&utm_content=vrt-nws"
"VRT NWS (EN)";"EN";"2026-10-06";"""Gratis matcha"": beelden van eendenkroos in Gentse wateren halen BBC";"https://www.vrt.be/vrtnws/nl/2026/10/06/eendenkroos-gent-haalt-bbc/?utm_source=corporate&utm_medium=referral&utm_campaign=rssfeed&utm_content=vrt-nws"
"VRT NWS (EN)";"EN";"2026-10-06";"Risico op verdere verspreiding van pest na incident in Rusland ""zeer laag"" volgens WHO";"https://www.vrt.be/vrtnws/nl/2026/10/06/risico-op-verdere-verspreiding-van-pest-na-incident-in-rusland-z/?utm_source=corporate&utm_medium=referral&utm_campaign=rssfeed&utm_content=vrt-nws"
"VRT NWS (EN)";"EN";"2026-10-06";"Bekende kinder- en spoedarts Gerlant van Berlaer aangehouden voor voyeurisme";"https://www.vrt.be/vrtnws/nl/2026/10/06/bekende-spoedarts-aangehouden-voyeurisme/?utm_source=corporate&utm_medium=referral&utm_campaign=rssfeed&utm_content=vrt-nws"
"VRT NWS (EN)";"EN";"2026-10-06";"Ook stinkwantsen in huis? ""De soort is zo verspreid dat we er niet meer vanaf geraken""";"https://www.vrt.be/vrtnws/nl/2026/10/06/schildwants-in-huis/?utm_source=corporate&utm_medium=referral&utm_campaign=rssfeed&utm_content=vrt-nws"
"VRT NWS (EN)";"EN";"2026-10-06";"Voormalige topman van Duitse buitenlandse inlichtingendienst aangehouden voor spionage";"https://www.vrt.be/vrtnws/nl/2026/10/06/duitse-topman-spionage/?utm_source=corporate&utm_medium=referral&utm_campaign=rssfeed&utm_content=vrt-nws"
"VRT NWS (EN)";"EN";"2026-10-06";"Dansleraar uit 'So You Think You Can Dance' veroordeeld voor misbruik van 2 minderjarige leerlingen";"https://www.vrt.be/vrtnws/nl/2026/10/06/dansleraar-izegem-veroordeeld-minderjarig-prostitutie/?utm_source=corporate&utm_medium=referral&utm_campaign=rssfeed&utm_content=vrt-nws"
"VRT NWS (EN)";"EN";"2026-10-06";"Nederlander (21) aangehouden voor aanslag met zwaar vuurwerk in Berchem";"https://www.vrt.be/vrtnws/nl/2026/10/06/nederlander-aangehouden-aanslag-berchem/?utm_source=corporate&utm_medium=referral&utm_campaign=rssfeed&utm_content=vrt-nws"
"VRT NWS (EN)";"EN";"2026-10-06";"Amerikaanse sensatie Sombr staat volgend jaar op Main Stage van Rock Werchter";"https://www.vrt.be/vrtnws/nl/2026/10/06/sombr-op-rock-werchter/?utm_source=corporate&utm_medium=referral&utm_campaign=rssfeed&utm_content=vrt-nws"
"VRT NWS (EN)";"EN";"2026-10-06";"""Copiloot wilde Flydubai-vliegtuig laten neerstorten op luchthaven Tel Aviv"", melden Amerikaanse media";"https://www.vrt.be/vrtnws/nl/2026/10/06/copiloot-vlucht-flydubai-vliegtuig-crashen-op-vliegveld-tel-aviv/?utm_source=corporate&utm_medium=referral&utm_campaign=rssfeed&utm_content=vrt-nws"
"VRT NWS (EN)";"EN";"2026-10-06";"Drie redenen waarom het nieuwe album van Froukje je meteen de dansvloer op sleurt";"https://www.vrt.be/vrtnws/nl/2026/10/05/muziektip-froukje-kijk-je-naar-mij/?utm_source=corporate&utm_medium=referral&utm_campaign=rssfeed&utm_content=vrt-nws"
"VRT NWS (EN)";"EN";"2026-10-06";"Van 'Mariken van Niemeghen' tot 'Max Havelaar' in de klas: zo wil literaire canon jongeren opnieuw doen lezen";"https://www.vrt.be/vrtnws/nl/2026/10/05/literaire-canon-onderwijs-klassiekers-boeken-die-blijven/?utm_source=corporate&utm_medium=referral&utm_campaign=rssfeed&utm_content=vrt-nws"
"VRT NWS (EN)";"EN";"2026-10-06";"Paul Marchal schrijft na 30 jaar opnieuw het verhaal van An: ""Het is tijd om opnieuw DNA te onderzoeken""";"https://www.vrt.be/vrtnws/nl/2026/10/05/30-jaar-na-de-verdwijning-van-an-schrijft-paul-marchal-het-boek/?utm_source=corporate&utm_medium=referral&utm_campaign=rssfeed&utm_content=vrt-nws"
"VRT NWS (EN)";"EN";"2026-10-06";"Auto's vol sensoren en toch blijven kettingbotsingen gebeuren: hoe kan dat?";"https://www.vrt.be/vrtnws/nl/2026/10/05/sensoren-auto-mist-kettingbotsing-gatrijden/?utm_source=corporate&utm_medium=referral&utm_campaign=rssfeed&utm_content=vrt-nws"
"VRT NWS (EN)";"EN";"2026-10-06";"Ondernemer uit Nieuwpoort haalt miljoenen op voor luxeresort in Kaapverdië: project na 4 jaar nog niet gebouwd";"https://www.vrt.be/vrtnws/nl/2026/10/01/hotel-kaapverdie-resort-nieuwpoort-serena-bay/?utm_source=corporate&utm_medium=referral&utm_campaign=rssfeed&utm_content=vrt-nws"
"VRT NWS (EN)";"EN";"2026-10-06";"Zijn je (bank)gegevens gelekt na een cyberaanval of datalek? Zo bescherm je jezelf tegen oplichters";"https://www.vrt.be/vrtnws/nl/2026/10/04/wat-als-je-gegevens-gelekt-zijn-datalek-tim-verheyden/?utm_source=corporate&utm_medium=referral&utm_campaign=rssfeed&utm_content=vrt-nws"
"VRT NWS (EN)";"EN";"2026-10-06";"Van het Jenevermuseum en Bozar tot sociaal-cultureel volwassenenwerk: hier bespaart Vlaams minister Gennez 47 miljoen euro";"https://www.vrt.be/vrtnws/nl/2026/10/01/overzicht-van-besparingen-cultuur-47-miljoen-euro-caroline-genne/?utm_source=corporate&utm_medium=referral&utm_campaign=rssfeed&utm_content=vrt-nws"
"VRT NWS (EN)";"EN";"2026-10-06";"Een woning kopen of een kind krijgen? Bereken hier hoeveel de nieuwe Vlaamse begroting jou kost";"https://www.vrt.be/vrtnws/nl/2026/09/30/kinderbijslag-kindergeld-huis-kopen-bereken-begroting-vlaams/?utm_source=corporate&utm_medium=referral&utm_campaign=rssfeed&utm_content=vrt-nws"
"VRT NWS (EN)";"EN";"2026-10-06";"Dienstencheques stijgen van 10 naar 12 euro: ""Ik vrees bloedbad in onze sector""";"https://www.vrt.be/vrtnws/nl/2026/09/28/poetshulpen-getuigen-over-stijgende-prijs-dienstencheques/?utm_source=corporate&utm_medium=referral&utm_campaign=rssfeed&utm_content=vrt-nws"
"VRT NWS (EN)";"EN";"2026-10-06";"Warmtepompen als vervanging voor gasketels: wat kosten ze en zijn ze een oplossing voor elk huis?";"https://www.vrt.be/vrtnws/nl/2026/09/17/warmtepompen-warmtenetten-of-hout-en-pelletkachels-alternati/?utm_source=corporate&utm_medium=referral&utm_campaign=rssfeed&utm_content=vrt-nws"
"VRT NWS (EN)";"EN";"2026-10-06";"Hoe goed ken jij de verkeersregels? Test je kennis met deze 10 vragen";"https://www.vrt.be/vrtnws/nl/2026/09/25/verkeersquiz/?utm_source=corporate&utm_medium=referral&utm_campaign=rssfeed&utm_content=vrt-nws"
"VRT NWS (EN)";"EN";"2026-10-06";"""Zet die roze bril af, België"": commandant Oekraïense dronetroepen waarschuwt voor Russische dreiging";"https://www.vrt.be/vrtnws/nl/2026/09/24/oekraine-arnaud-magyar-drones-oorlog-rusland/?utm_source=corporate&utm_medium=referral&utm_campaign=rssfeed&utm_content=vrt-nws"
"VRT NWS (EN)";"EN";"2026-10-06";"Ze verbreekt het record van Mariah Carey: wie is Ella Langley die plots een wereldhit op zak heeft?";"https://www.vrt.be/vrtnws/nl/2026/09/25/ella-langley-verbreekt-record-van-mariah-carey-met-choosin-texa/?utm_source=corporate&utm_medium=referral&utm_campaign=rssfeed&utm_content=vrt-nws"
"VRT NWS (EN)";"EN";"2026-10-06";"IN KAART: Hoeveel kost zwemmen in jouw buurt?";"https://www.vrt.be/vrtnws/nl/2026/08/13/zwembaden-vlaanderen-aantal-gemeentelijk-lago-sportoase/?utm_source=corporate&utm_medium=referral&utm_campaign=rssfeed&utm_content=vrt-nws"
"VRT NWS (EN)";"EN";"2026-10-06";"LIVE Binche-Chimay-Binche: Strijd om in vroege vlucht te geraken is begonnen, kijk live vanaf 14.55 uur";"https://sporza.be/nl/matches/wielrennen/binche-chimay-binche/2026/binche-chimay-binche-live-binche-chimay-binche-strijd-om-in-vroege-vlucht-te-geraken-is-begonnen-kijk-live-vanaf-1455-uur~1791261957231/"
"VRT NWS (EN)";"EN";"2026-10-06";"Het IOC bevestigt dat India en Qatar tot de 7 kandidaten behoren voor de Olympische Spelen van 2036";"https://sporza.be/nl/2026/10/06/het-ioc-bevestigt-dat-india-en-qatar-tot-de-7-kandidaten-behoren~1791282278512/"
"VRT NWS (EN)";"EN";"2026-10-06";"WK judo: Mina Libeer is uitgeschakeld in de derde ronde";"https://sporza.be/nl/2026/10/02/wk-judo-mina-libeer-is-uitgeschakeld-in-de-derde-ronde~1790947960521/"
"VRT NWS (EN)";"EN";"2026-10-06";"""Het is tegenwoordig moeilijk om je ambities nog uit te spreken"": Lotte Kopecky lucht haar hart voor WK baanwielrennen";"https://sporza.be/nl/2026/10/06/-het-is-tegenwoordig-moeilijk-om-je-ambities-nog-uit-te-spreken-lotte-kopecky-lucht-haar-hart-voor-wk-baanwielrennen~1791278857236/"
"VRT NWS (EN)";"EN";"2026-10-06";"Geen prijzengeld en aftrek van belangrijke ATP-punten: Daniil Medvedev kent zijn straf na bal in het publiek";"https://sporza.be/nl/2026/10/06/geen-prijzengeld-en-aftrek-van-belangrijke-atp-punten-daniil-medvedev-kent-zijn-straf-na-bal-in-het-publiek~1791275578949/"
"VRT NWS (EN)";"EN";"2026-10-06";"Het seizoen van Jannik Sinner zit erop: ""Ik moet denken aan de lange termijn""";"https://sporza.be/nl/2026/10/06/het-seizoen-van-jannik-sinner-zit-erop-ik-moet-denken-aan-de-l~1791276793533/"
"VRT NWS (EN)";"EN";"2026-10-06";"POLL: Hoe beoordeel jij de start van Mark van Bommel als bondscoach van België?";"https://sporza.be/nl/2026/10/06/poll-hoe-beoordeel-jij-de-start-van-mark-van-bommel-als-bondscoach-van-belgie~1791276531859/"
"VRT NWS (EN)";"EN";"2026-10-06";"En plots passeert Tadej Pogacar - in gewone UAE-kleuren - in zijn geboortestad Komenda";"https://sporza.be/nl/2026/10/06/en-plots-passeert-tadej-pogacar-in-gewone-uae-kleuren-in-zij~1791272979910/"
"VRT NWS (EN)";"EN";"2026-10-06";"Jurgen Mettepenningen is mysterieus over cross in Hamme en legt de lat hoog: ""Verwacht meer dan 10 tv-crossen te winnen""";"https://sporza.be/nl/2026/10/06/jurgen-mettepenningen-is-mysterieus-over-cross-in-hamme-en-legt-de-lat-hoog-verwacht-meer-dan-10-tv-crossen-te-winnen~1791270986840/"
"VRT NWS (EN)";"EN";"2026-10-06";"De opdracht is simpel, maar ook verraderlijk: verzilveren Belgische beloften straks gouden matchbal richting EK?";"https://sporza.be/nl/2026/10/05/de-opdracht-is-simpel-maar-ook-verraderlijk-verzilveren-belgische-beloften-straks-gouden-matchbal-richting-ek~1791220411773/"
"VRT NWS (EN)";"EN";"2026-10-06";"Vandenbempt vindt enkele Duivelse lichtpunten in realitycheck tegen Frankrijk: ""We mogen dit niet dramatiseren""";"https://sporza.be/nl/2026/10/06/vandenbempt-vindt-enkele-duivelse-lichtpunten-in-realitycheck-tegen-frankrijk-we-mogen-dit-niet-dramatiseren~1791242253246/"
"VRT NWS (EN)";"EN";"2026-10-06";"L'Equipe spaart de Rode Duivels niet en ziet een schaduw hangen boven de ploeg: ""Sommige keuzes van de coach verbazen""";"https://sporza.be/nl/2026/10/06/l-equipe-spaart-de-rode-duivels-niet-en-ziet-een-schaduw-hangen-boven-de-ploeg-sommige-keuzes-van-de-coach-verbazen~1791266595754/"
"VRT NWS (EN)";"EN";"2026-10-06";"Zelfs Zidane loofde zijn magistrale bal, maar bescheiden Lavia kan maar om één ding lachen: ""Dit voelt als een wedergeboorte""";"https://sporza.be/nl/2026/10/05/zelfs-zidane-loofde-zijn-magistrale-bal-maar-bescheiden-lavia-kan-maar-om-een-ding-lachen-dit-voelt-als-een-wedergeboorte~1791228495672/"
"VRT NWS (EN)";"EN";"2026-10-06";"Wat nu? Dit zijn de scenario's voor de Belgen in het vervolg van de Nations League (met ook gevolgen voor het EK)";"https://sporza.be/nl/2026/10/05/wat-nu-dit-zijn-de-scenario-s-voor-de-belgen-in-het-vervolg-van-de-nations-league-met-ook-gevolgen-voor-het-ek~1791222531382/"
"VRT NWS (EN)";"EN";"2026-10-06";"Van Bommel ziet ""meer positieve dan negatieve zaken"" bij Duivels ondanks dreun: ""Kwestie van tijd voor we topland verslaan""";"https://sporza.be/nl/2026/10/06/van-bommel-ziet-meer-positieve-dan-negatieve-zaken-bij-duivels-ondanks-dreun-kwestie-van-tijd-voor-we-topland-verslaan~1791240101524/"
"VRT NWS (EN)";"EN";"2026-10-06";"""Zo laag inzakken? Niet het plan van de coach"": Duivels zoeken naar verklaring voor de implosie, die ""niet normaal"" was";"https://sporza.be/nl/2026/10/05/-zo-laag-inzakken-niet-het-plan-van-de-coach-duivels-zoeken-naar-verklaring-voor-de-implosie-die-niet-normaal-was~1791231369130/"
"VRT NWS (EN)";"EN";"2026-10-06";"""Ik blijf iets zien dat niet te rijmen is met de uitslag"": Giulio Ciccone trekt EK-finishfoto in twijfel in lang betoog";"https://sporza.be/nl/2026/10/05/-ik-blijf-iets-zien-dat-niet-te-rijmen-is-met-de-uitslag-giulio-ciccone-trekt-ek-finishfoto-in-twijfel-in-lang-betoog~1791211429414/"
"RTBF Actus (FR)";"FR";"2026-10-06";"Quel paillage pour quelles plantes ?";"/article/espagne-la-justice-leve-le-mandat-d-arret-visant-l-independantiste-catalan-carles-puigdemont-11795722"
"RTBF Actus (FR)";"FR";"2026-10-06";"Des trains pas comme les autres au Cambodge";"/article/budget-federal-je-ne-peux-pas-faire-partie-d-un-gouvernement-qui-s-en-prend-a-toutes-les-personnes-vulnerables-declare-vandenbroucke-11795677"
"RTBF Actus (FR)";"FR";"2026-10-06";"Le bilan de Mark van Bommel après 4 rencontres";"/article/le-nobel-de-physique-revient-a-un-belge-francis-halzen-chasseur-de-neutrinos-sous-la-glace-11795578"
"RTBF Actus (FR)";"FR";"2026-10-06";"Inde : des travailleurs indiens forment des robots qui pourraient un jour les remplacer";"/article/a-sec-des-le-9-du-mois-alba-vous-rassure-le-gouvernement-c-est-pire-11795493"
"RTBF Actus (FR)";"FR";"2026-10-06";"A sec dès le 9 du mois ? Alba vous rassure : « Le gouvernement c’est pire ! »";"/article/le-chomage-en-hausse-en-region-bruxelloise-en-septembre-a-16-1-11795706"
"RTBF Actus (FR)";"FR";"2026-10-06";"Aidants proches: l'urgence d'un statut spécifique";"/article/le-chomage-en-hausse-en-region-bruxelloise-en-septembre-a-16-1-11795706"
"RTBF Actus (FR)";"FR";"2026-10-06";"Prince Waly s’est éteint en laissant son empreinte dans le rap francophone";"/article/la-saison-de-neuville-l-avenir-de-hyundai-ou-encore-le-changement-de-promoteur-du-wrc-long-entretien-avec-cyril-abiteboul-11794854"
"RTBF Actus (FR)";"FR";"2026-10-06";"Jean-Michel Le Moine, ex-patron de la Crim’ à Bruxelles";"/article/mobilisation-des-eleves-les-violences-et-degradations-feront-l-objet-d-une-reponse-penale-systematique-indique-le-parquet-de-liege-11795633"
"RTBF Actus (FR)";"FR";"2026-10-06";"Debrief des 4 premières rencontres de Ligue des nations";"/article/proces-ullens-l-accuse-presente-ses-excuses-avant-le-delibere-sur-sa-culpabilite-11795580"
"RTBF Actus (FR)";"FR";"2026-10-06";"Le premier timbre de l'histoire";"/article/une-ecrivaine-non-europeenne-pour-le-nobel-de-litterature-2026-reponse-jeudi-11795626"
"RTBF Actus (FR)";"FR";"2026-10-06";"Mélissa Da Costa partage ses livres favoris";"/article/direct-manifestation-des-eleves-4e-jour-de-mobilisation-a-bruxelles-et-en-wallonie-11795522"
"RTBF Actus (FR)";"FR";"2026-10-06";"Complètement Foot - Fred Waseige : ""Cela fait du bien de voir Lavia enfin avec le maillot de l’équipe nationale.""";"/article/direct-manifestation-des-eleves-4e-jour-de-mobilisation-a-bruxelles-et-en-wallonie-11795522"
"RTBF Actus (FR)";"FR";"2026-10-06";"Espagne: la justice lève le mandat d'arrêt visant l'indépendantiste catalan Carles Puigdemont";"/article/la-minute-insolite-avec-deja-960-films-en-2026-il-vise-le-record-de-films-vus-au-cinema-en-un-an-11795179"
"RTBF Actus (FR)";"FR";"2026-10-06";"Budget fédéral : ""Je ne peux pas faire partie d'un gouvernement qui s'en prend à toutes les personnes vulnérables"", déclare Vandenbroucke";"/article/france-belgique-jerome-de-warzee-aneanti-par-la-debacle-ce-n-est-plus-un-trou-d-air-c-est-une-depressurisation-de-cabine-11795566"
"RTBF Actus (FR)";"FR";"2026-10-06";"Le Nobel de physique revient à un Belge : Francis Halzen, chasseur de neutrinos sous la glace";"/article/stib-le-metro-interrompu-entre-simonis-et-roi-baudouin-ces-10-et-11-octobre-11795640"
"RTBF Actus (FR)";"FR";"2026-10-06";"A sec dès le 9 du mois ? Alba vous rassure : ""Le gouvernement c’est pire !""";"/article/absent-depuis-mi-juillet-jannik-sinner-met-finalement-un-terme-a-sa-saison-11795625"
"RTBF Actus (FR)";"FR";"2026-10-06";"Le chômage en hausse en Région bruxelloise en septembre, à 16,1 %";"/article/jean-michel-le-moine-ex-patron-de-la-crim-a-bruxelles-partout-ou-un-individu-passe-il-laisse-une-trace-11795500"
"RTBF Actus (FR)";"FR";"2026-10-06";"Le chômage en hausse en Région bruxelloise en septembre, à 16,1 %";"/article/petrole-les-exportations-du-moyen-orient-ont-retrouve-leur-niveau-d-avant-guerre-pas-les-prix-11795501"
"RTBF Actus (FR)";"FR";"2026-10-06";"La saison de Neuville, l'avenir de Hyundai ou encore le changement de promoteur du WRC : long entretien avec Cyril Abiteboul";"/article/soupcon-de-peste-en-russie-les-autorites-nient-la-mise-en-place-de-mesures-sanitaires-11795610"
"RTBF Actus (FR)";"FR";"2026-10-06";"Mobilisation des élèves : ""les violences et dégradations feront l’objet d’une réponse pénale systématique"", indique le parquet de Liège";"/article/budget-bruxellois-un-coup-de-com-pour-le-ps-ce-sont-vos-enfants-qui-vont-payer-selon-dorian-de-meeus-11795620"
"RTBF Actus (FR)";"FR";"2026-10-06";"Procès Ullens : l’accusé présente ses excuses avant le délibéré sur sa culpabilité";"/article/binche-chimay-binche-qui-succedera-a-jordi-meeus-et-lorena-wiebes-direct-video-13h35-presentation-des-coureurs-a-11h-11795194"
"RTBF Actus (FR)";"FR";"2026-10-06";"Une écrivaine non européenne pour le Nobel de littérature 2026 ? Réponse jeudi";"/article/binche-chimay-binche-qui-succedera-a-jordi-meeus-et-lorena-wiebes-direct-video-13h35-presentation-des-coureurs-a-11h-11795194"
"RTBF Actus (FR)";"FR";"2026-10-06";"Direct – Manifestation des élèves : 4e jour de mobilisation, des écoles bloquées à Bruxelles et en région liégeoise";"/article/la-revue-de-presse-budget-bruxellois-indolore-ou-irrealiste-11795529"
"RTBF Actus (FR)";"FR";"2026-10-06";"Direct – Manifestation des élèves : 4e jour de mobilisation, des écoles bloquées à Bruxelles et en région liégeoise";"/article/creuser-a-singapour-et-conclure-a-austin-kimi-antonelli-pourrait-etre-champion-dans-2-grands-prix-en-f1-11795630"
"RTBF Actus (FR)";"FR";"2026-10-06";"La minute insolite : avec déjà 960 films en 2026, il vise le record de films vus au cinéma en un an";"/article/il-a-uni-tout-un-pays-un-amour-eternel-les-joueurs-de-l-albiceleste-emus-aux-larmes-avant-les-adieux-de-messi-11795276"
"RTBF Actus (FR)";"FR";"2026-10-06";"France-Belgique, Jérôme de Warzée anéanti par la débâcle : ""Ce n’est plus un trou d’air, c’est une dépressurisation de cabine""";"/article/france-vol-d-une-piece-exceptionnelle-et-unique-realisee-par-dali-11795598"
"RTBF Actus (FR)";"FR";"2026-10-06";"STIB : le métro interrompu entre Simonis et Roi Baudouin ces 10 et 11 octobre";"/article/deja-vu-un-monde-d-ecart-la-presse-n-epargne-pas-les-diables-rouges-apres-leur-defaite-contre-la-france-11795508"
"RTBF Actus (FR)";"FR";"2026-10-06";"Absent depuis mi-juillet, Jannik Sinner met un terme à sa saison";"/article/sombr-rejoint-les-tetes-d-affiche-de-rock-werchter-2027-11795376"
"RTBF Actus (FR)";"FR";"2026-10-06";"Jean-Michel Le Moine, ex-patron de la Crim’  à Bruxelles : ""Partout où un individu passe, il laisse une trace""";"/article/emportes-par-une-tornade-en-fin-de-match-les-diables-rouges-concedent-une-7e-defaite-d-affilee-contre-la-france-11795423"
"RTBF Actus (FR)";"FR";"2026-10-06";"Pétrole : les exportations du Moyen-Orient ont retrouvé leur niveau d’avant-guerre, pas les prix";"/article/des-milliers-de-videos-de-femmes-droguees-et-violees-a-anvers-cette-enquete-belge-qui-fait-penser-a-l-affaire-gisele-pelicot-11795323"
"RTBF Actus (FR)";"FR";"2026-10-06";"Soupçon de peste en Russie : les autorités nient la mise en place de mesures sanitaires, un risque ""faible"" selon l'OMS";"/article/agression-sexuelle-d-une-fillette-a-walhain-selon-l-avocat-de-la-commune-rien-ne-prouve-que-les-faits-ont-ete-commis-a-l-ecole-11795429"
"RTBF Actus (FR)";"FR";"2026-10-06";"Budget bruxellois : un coup de com' pour le PS ? ""Ce sont vos enfants qui vont payer"", selon Dorian de Meeûs";"/article/nigeria-crash-d-un-avion-de-l-armee-de-l-air-avec-32-personnes-a-bord-11795405"
"RTBF Actus (FR)";"FR";"2026-10-06";"Binche-Chimay-Binche : qui succédera à Jordi Meeus et Lorena Wiebes ? (Direct vidéo 13h35)";"/article/deja-vu-un-monde-d-ecart-la-presse-n-epargne-pas-les-diables-rouges-apres-leur-defaite-contre-la-france-11795508"
"RTBF Actus (FR)";"FR";"2026-10-06";"Binche-Chimay-Binche : qui succédera à Jordi Meeus et Lorena Wiebes ? (Direct vidéo 13h35)";"/article/lavia-imite-de-bruyne-une-statistique-etonnante-un-defenseur-furtif-5-enseignements-apres-france-belgique-11795398"
"RTBF Actus (FR)";"FR";"2026-10-06";"La revue de presse : budget bruxellois, indolore ou irréaliste ?";"/article/une-passe-de-genie-mais-beaucoup-de-frustration-pour-romeo-lavia-ce-qui-reste-c-est-qu-on-n-a-pas-les-3-points-11795459"
"RTBF Actus (FR)";"FR";"2026-10-06";"Creuser à Singapour et conclure à Austin : Kimi Antonelli pourrait être champion dans 2 Grands Prix en F1";"/article/on-a-vraiment-un-probleme-pour-gerer-nos-fins-de-match-11794770"
"RTBF Actus (FR)";"FR";"2026-10-06";"""Il a uni tout un pays"", ""Un amour éternel"" : les joueurs de l’Albiceleste émus aux larmes avant les adieux de Messi";"/article/une-victoire-meritee-selon-zinedine-zidane-les-belges-nous-poseront-toujours-des-problemes-11795397"
"RTBF Actus (FR)";"FR";"2026-10-06";"France : vol d’une ""pièce exceptionnelle et unique"" réalisée par Dali";"/article/on-a-fait-jeu-egal-plus-de-positif-que-de-negatif-aucun-joueur-decevant-le-bilan-de-mark-van-bommel-11795396"
"RTBF Actus (FR)";"FR";"2026-10-06";"""Déjà-vu"", ""Un monde d’écart""… : la presse n’épargne pas les Diables Rouges après leur défaite contre la France";"/article/nathan-ngoy-apres-la-defaite-des-diables-rouges-on-a-trop-recule-c-etait-une-erreur-11795449"
"RTBF Actus (FR)";"FR";"2026-10-06";"Sombr rejoint les têtes d’affiche de Rock Werchter 2027";"/article/lukebakio-a-la-finition-lavia-a-l-assist-avant-la-deroute-les-notes-des-diables-rouges-apres-france-belgique-11793354"
"RTBF Actus (FR)";"FR";"2026-10-06";"Emportés par une tornade en fin de match, les Diables Rouges concèdent une 7e défaite d’affilée contre la France";"/article/emportes-par-une-tornade-en-fin-de-match-les-diables-rouges-concedent-une-7e-defaite-d-affilee-contre-la-france-11795423"
"RTBF Actus (FR)";"FR";"2026-10-06";"Des milliers de vidéos de femmes droguées et violées à Anvers : cette enquête belge qui fait penser à l’affaire Pélicot";"/article/budget-bruxellois-un-coup-de-com-pour-le-ps-ce-sont-vos-enfants-qui-vont-payer-selon-dorian-de-meeus-11795620"
"RTBF Actus (FR)";"FR";"2026-10-06";"Agression sexuelle d’une fillette à Walhain : selon l’avocat de la commune, rien ne prouve que les faits ont été commis à l’école";"/article/petrole-les-exportations-du-moyen-orient-ont-retrouve-leur-niveau-d-avant-guerre-pas-les-prix-11795501"
"RTBF Actus (FR)";"FR";"2026-10-06";"Nigeria : crash d’un avion de l’armée de l’air avec 32 personnes à bord";"/article/la-nostalgie-des-annees-90-vaut-des-millions-meme-en-os-de-dinosaure-11795581"
"RTBF Actus (FR)";"FR";"2026-10-06";"""Déjà-vu"", ""Un monde d’écart""… : la presse n’épargne pas les Diables Rouges après leur défaite contre la France";"/article/la-multiplication-des-services-un-moyen-pour-les-centres-commerciaux-de-se-reinventer-11795361"
"RTBF Actus (FR)";"FR";"2026-10-06";"Lavia imite De Bruyne, une statistique étonnante, un défenseur furtif : 5 enseignements après France - Belgique";"/article/trump-autorise-tous-les-americains-a-acheter-du-diesel-rouge-11795490"
"RTBF Actus (FR)";"FR";"2026-10-06";"Sa passe de génie vite oubliée, Romeo Lavia est frustré : ""Ce qui reste, c'est qu'on n'a pas les 3 points""";"/article/en-septembre-la-voiture-electrique-depasse-les-50-des-nouvelles-immatriculations-une-premiere-en-belgique-11795034"
"RTBF Actus (FR)";"FR";"2026-10-06";"""On a vraiment un problème pour gérer nos fins de match"" : les Diables Rouges ont tout perdu en 15 minutes";"/article/le-recap-du-lundi-5-octobre-les-manifs-etudiantes-en-france-et-en-belgique-et-le-budget-du-gouvernement-bruxellois-11795237"
"RTBF Actus (FR)";"FR";"2026-10-06";"""Une victoire méritée"" selon Zinedine Zidane : ""Les Belges nous poseront toujours des problèmes...""";"/article/guerre-en-ukraine-et-si-la-coree-du-nord-etait-la-grande-gagnante-du-conflit-11795213"
"RTBF Actus (FR)";"FR";"2026-10-06";"""On a fait jeu égal"", ""plus de positif que de négatif"", ""aucun joueur décevant"" : le bilan de Mark van Bommel";"/article/ces-cinq-apps-de-paiement-mobile-s-allient-pour-reduire-la-dependance-de-l-europe-a-visa-et-mastercard-11794945"
"RTBF Actus (FR)";"FR";"2026-10-06";"Nathan Ngoy après la défaite des Diables rouges : ""On a trop reculé, c’était une erreur""";"/article/creuser-a-singapour-et-conclure-a-austin-kimi-antonelli-pourrait-etre-champion-dans-2-grands-prix-en-f1-11795630"
"RTBF Actus (FR)";"FR";"2026-10-06";"Lukebakio à la finition, Lavia à l'assist avant la déroute : les notes des Diables Rouges après France - Belgique";"/article/je-pensais-que-ma-course-etait-terminee-lewis-hamilton-l-art-de-la-remontada-11795288"
"RTBF Actus (FR)";"FR";"2026-10-06";"Emportés par une tornade en fin de match, les Diables Rouges concèdent une 7e défaite d’affilée contre la France";"/article/de-la-malaisie-a-singapour-valtteri-bottas-passe-d-un-grand-prix-de-f1-a-l-autre-en-gravel-11795174"
"RTBF Actus (FR)";"FR";"2026-10-06";"Budget bruxellois : un coup de com' pour le PS ? ""Ce sont vos enfants qui vont payer"", selon Dorian de Meeûs";"/article/une-premiere-historique-un-grand-perdant-et-le-chaos-5-choses-a-retenir-du-gp-de-f1-a-bahrein-11794639"
"RTBF Actus (FR)";"FR";"2026-10-06";"Pétrole : les exportations du Moyen-Orient ont retrouvé leur niveau d’avant-guerre, pas les prix";"/article/f1-bahrein-max-verstappen-savoure-sa-premiere-victoire-de-la-saison-je-suis-tres-fier-11794637"
"RTBF Actus (FR)";"FR";"2026-10-06";"Un dinosaure, une étude scientifique et des millions partis en fumée";"/article/f1-bahrein-catastrophe-au-championnat-pour-george-russell-contraint-a-l-abandon-a-cinq-tours-de-l-arrivee-11794710"
"RTBF Actus (FR)";"FR";"2026-10-06";"La multiplication des services, un moyen pour les centres commerciaux de se réinventer";"/article/f1-bahrein-verstappen-signe-sa-premiere-victoire-de-la-saison-apres-une-course-chaotique-abandon-de-russell-11794636"
"RTBF Actus (FR)";"FR";"2026-10-06";"Trump autorise tous les Américains à acheter du diesel rouge";"/article/f1-bahrein-probleme-de-logiciel-moteur-sous-la-pluie-et-voitures-a-l-arret-l-image-insolite-lors-du-tour-de-formation-11794654"
"RTBF Actus (FR)";"FR";"2026-10-06";"En septembre, la voiture électrique dépasse les 50% des nouvelles immatriculations, une première en Belgique";"/article/f1-bahrein-verstappen-vise-une-premiere-victoire-en-2026-direct-video-a-8h30-11794417"
"RTBF Actus (FR)";"FR";"2026-10-06";"Le récap du lundi 5 octobre : les manifs étudiantes en France et en Belgique et le budget du gouvernement bruxellois";"/article/a-sec-des-le-9-du-mois-alba-vous-rassure-le-gouvernement-c-est-pire-11795493"
"RTBF Actus (FR)";"FR";"2026-10-06";"Guerre en Ukraine : et si la Corée du Nord était la grande gagnante du conflit ?";"/article/france-belgique-jerome-de-warzee-aneanti-par-la-debacle-ce-n-est-plus-un-trou-d-air-c-est-une-depressurisation-de-cabine-11795566"
"RTBF Actus (FR)";"FR";"2026-10-06";"Ces cinq apps de paiement mobile s’allient pour réduire la dépendance de l’Europe à Visa et Mastercard";"/article/tarifs-du-tec-les-limites-de-la-logique-de-gestion-11795509"
"RTBF Actus (FR)";"FR";"2026-10-06";"Creuser à Singapour et conclure à Austin : Kimi Antonelli pourrait être champion dans 2 Grands Prix en F1";"/article/la-revue-de-presse-budget-bruxellois-indolore-ou-irrealiste-11795529"
"RTBF Actus (FR)";"FR";"2026-10-06";"""Je pensais que ma course était terminée"" : Lewis Hamilton, récit d'une incroyable remontada";"/article/alice-pol-lumineuse-cindy-dans-la-serie-dr-seylan-et-cindy-des-la-lecture-j-etais-emballee-11792702"
"RTBF Actus (FR)";"FR";"2026-10-06";"De la Malaisie à Singapour, Valtteri Bottas passe d’un Grand Prix de F1 à l’autre… en gravel";"/article/serie-victoria-aurore-morisse-affaire-conclue-analyse-le-destin-d-une-reine-avant-gardiste-11792801"
"RTBF Actus (FR)";"FR";"2026-10-06";"Une première historique, un grand perdant et le chaos : 5 choses à retenir du GP de F1 à Bahreïn";"/article/pourquoi-l-heritage-de-franco-divise-encore-l-espagne-11793417"
"RTBF Actus (FR)";"FR";"2026-10-06";"F1 Bahreïn – Max Verstappen savoure sa première victoire de la saison : ""Je suis très fier""";"/article/doc-shot-pays-nordiques-face-a-la-menace-russe-tous-aux-abris-11558156"
"RTBF Actus (FR)";"FR";"2026-10-06";"F1 Bahreïn : fin des espoirs de titre pour Russell, contraint à l’abandon à cinq tours de l’arrivée ? ""Difficile à accepter""";"/article/vous-considerez-que-notre-reportage-est-incomplet-un-droit-de-reponse-est-il-possible-11786650"
"RTBF Actus (FR)";"FR";"2026-10-06";"F1 Bahreïn : Verstappen signe sa première victoire de la saison après une course chaotique, abandon de Russell";"/article/proximite-interaction-et-collaboration-comment-la-rtbf-ancre-ses-contenus-au-c-ur-des-regions-11786513"
"RTBF Actus (FR)";"FR";"2026-10-06";"F1 Bahreïn – Problème de logiciel moteur sous la pluie et voitures à l’arrêt : l’image insolite lors du tour de formation";"/article/que-fait-la-rtbf-de-vos-donnees-collecte-algorithmes-et-protection-de-la-vie-privee-decryptes-11776913"
"RTBF Actus (FR)";"FR";"2026-10-06";"F1 Bahreïn : revivez la victoire de Max Verstappen";"/article/enfant-illegitime-un-terme-a-eviter-sur-nos-antennes-11776723"
"RTBF Actus (FR)";"FR";"2026-10-06";"A sec dès le 9 du mois ? Alba vous rassure : ""Le gouvernement c’est pire !""";"/article/les-jeunes-et-l-actu-plus-informes-qu-on-ne-le-pense-mais-pas-a-l-abri-de-pieges-11763284"
"RTBF Actus (FR)";"FR";"2026-10-06";"France-Belgique, Jérôme de Warzée anéanti par la débâcle : ""Ce n’est plus un trou d’air, c’est une dépressurisation de cabine""";"/article/moderation-sur-les-reseaux-sociaux-le-defi-quotidien-de-la-rtbf-11758876"
"RTBF Actus (FR)";"FR";"2026-10-06";"Tarifs LETEC : les limites de la logique de gestion qui ne s’assume pas comme une logique politique";"/article/age-conseille-contenus-sensibles-une-nouvelle-signaletique-tele-des-le-1er-juillet-11745979"
"RTBF Actus (FR)";"FR";"2026-10-06";"La revue de presse : budget bruxellois, indolore ou irréaliste ?";"/article/bivouacs-du-journalisme-les-contacts-avec-le-public-sont-extremement-enrichissants-on-retire-le-micro-la-camera-jean-pierre-jacqmin-ancien-directeur-de-l-info-de-la-rtbf-11746010"
"RTBF Actus (FR)";"FR";"2026-10-06";"Alice Pol, lumineuse Cindy dans la série ""Dr Seylan & Cindy"" : ""Dès la lecture, j'étais emballée""";"/article/coupe-du-monde-les-matchs-des-diables-rouges-aussi-pour-les-malvoyants-11743270"
"RTBF Actus (FR)";"FR";"2026-10-06";"Aurore Morisse (Affaire conclue) évoque le destin hors-norme de la reine Victoria : ""C'est la grand-mère et la mère de l'Europe""";"/article/gagnez-vos-places-pour-decouvrir-street-fighter-au-cinema-11792784"
"RTBF Actus (FR)";"FR";"2026-10-06";"Fascisme, exils, nostalgie : l'héritage trouble de Franco";"/article/concours-agenda-cine-gagnez-vos-places-pour-assister-a-l-avant-premiere-du-film-l-ordre-pourpre-11793647"
"RTBF Actus (FR)";"FR";"2026-10-06";"Pays nordiques face à la menace russe : tous aux abris ?";"/article/concours-agenda-cine-gagnez-vos-places-pour-aller-voir-le-film-fausse-note-11793975"
"RTBF Actus (FR)";"FR";"2026-10-06";"Vous considérez que notre reportage est incomplet ? Un droit de réponse est-il possible ?";"/article/concours-la-trois-les-justes-au-theatre-des-martyrs-11788963"
"RTBF Actus (FR)";"FR";"2026-10-06";"Comment la RTBF ancre ses contenus au cœur des régions : proximité, interactions et collaborations";"/article/concours-la-trois-benjamin-biolay-en-concert-a-l-ancienne-belgique-le-15-octobre-2026-11788953"
"RTBF Actus (FR)";"FR";"2026-10-06";"Que fait la RTBF de vos données ? Collecte, algorithmes et protection de la vie privée décryptés";"/article/festival-international-nature-namur-de-retour-du-10-au-18-octobre-2026-la-nature-est-un-spectacle-11795221"
"RTBF Actus (FR)";"FR";"2026-10-06";"""Enfant illégitime"" : un terme à éviter sur nos antennes";"/article/malcolm-todd-le-sweet-boy-debarque-au-forest-national-11793385"
"RTBF Actus (FR)";"FR";"2026-10-06";"Les jeunes et l’actu : plus informés qu’on ne le pense mais pas à l’abri de pièges";"/article/l-agenda-de-tipik-11114470"
"RTBF Actus (FR)";"FR";"2026-10-06";"Modération sur les réseaux sociaux : le défi quotidien de la RTBF";"/article/concours-agenda-cine-gagnez-vos-places-pour-aller-voir-le-film-mochy-11793950"
"RTBF Actus (FR)";"FR";"2026-10-06";"Nouvelle signalétique TV : ce qui change ce 1er juillet";"/article/je-demande-quelque-chose-de-tres-simple-giulio-ciccone-le-millimetre-de-la-discorde-11795336"
"RTBF Actus (FR)";"FR";"2026-10-06";"Bivouacs du journalisme : ""Les contacts avec le public sont extrêmement enrichissants"", Jean-Pierre Jacqmin, ancien directeur de l’info de la RTBF";"/article/des-milliers-de-videos-de-femmes-droguees-et-violees-a-anvers-cette-enquete-belge-qui-fait-penser-a-l-affaire-gisele-pelicot-11795323"
"RTBF Actus (FR)";"FR";"2026-10-06";"Coupe du monde : les matchs des Diables Rouges aussi pour les malvoyants";"/article/emportes-par-une-tornade-en-fin-de-match-les-diables-rouges-concedent-une-7e-defaite-d-affilee-contre-la-france-11795423"
"RTBF Actus (FR)";"FR";"2026-10-06";"Street Fighter : découvrez le film en avant-première avec Tipik !";"/article/direct-manifestation-des-eleves-4e-jour-de-mobilisation-a-bruxelles-et-en-wallonie-11795522"
"RTBF Actus (FR)";"FR";"2026-10-06";"Concours Agenda Ciné : Gagnez vos places pour assister à l’avant-première du film ""L'ordre Pourpre""";"/article/on-a-fait-jeu-egal-plus-de-positif-que-de-negatif-aucun-joueur-decevant-le-bilan-de-mark-van-bommel-11795396"
"RTBF Actus (FR)";"FR";"2026-10-06";"Concours Agenda Ciné : gagnez vos places pour aller voir le film ""Fausse Note""";"/article/une-victoire-meritee-selon-zinedine-zidane-les-belges-nous-poseront-toujours-des-problemes-11795397"
"RTBF Actus (FR)";"FR";"2026-10-06";"Concours La Trois : Les Justes au Théâtre des Martyrs";"https://auvio.rtbf.be/media/les-enquetes-de-murdoch-les-enquetes-de-murdoch-3524656"
"RTBF Actus (FR)";"FR";"2026-10-06";"Concours La Trois : Benjamin Biolay en concert à l’Ancienne Belgique le 15 octobre 2026";"https://auvio.rtbf.be/media/le-8-9-le-8-9-3525027"
"RTBF Actus (FR)";"FR";"2026-10-06";"Festival International Nature Namur de retour du 10 au 18 octobre 2026 : la nature est un spectacle";"https://auvio.rtbf.be/media/un-si-grand-soleil-un-si-grand-soleil-3524573"
"RTBF Actus (FR)";"FR";"2026-10-06";"Malcolm Todd, le « Sweet Boy », débarque au Forest National";"https://auvio.rtbf.be/media/le-6-8-le-6-8-3524980"
"RTBF Actus (FR)";"FR";"2026-10-06";"Concerts, spectacles, festival et évènements : retrouvez l’agenda de Tipik pour ne rien rater !";"https://auvio.rtbf.be/media/les-feux-de-l-amour-feux-de-l-amour-s27-3524516"
"RTBF Actus (FR)";"FR";"2026-10-06";"Concours Agenda Ciné : gagnez vos places pour aller voir le film ""Mochy""";"https://auvio.rtbf.be/media/velvet-le-nouvel-empire-velvet-le-nouvel-empire-3524519"
"RTBF Actus (FR)";"FR";"2026-10-06";"""Je demande quelque chose de très simple"" : Giulio Ciccone, le millimètre de la discorde";"https://auvio.rtbf.be/media/dr-seylan-cindy-dr-seylan-cindy-3524507"
"RTBF Actus (FR)";"FR";"2026-10-06";"Des milliers de vidéos de femmes droguées et violées à Anvers : cette enquête belge qui fait penser à l’affaire Pélicot";"https://auvio.rtbf.be/media/ici-tout-commence-ici-tout-commence-3524411"
"RTBF Actus (FR)";"FR";"2026-10-06";"Emportés par une tornade en fin de match, les Diables Rouges concèdent une 7e défaite d’affilée contre la France";"https://auvio.rtbf.be/media/l-enfant-qui-mesurait-le-monde-une-relation-profonde-se-tisse-entre-un-grand-pere-distant-et-son-petit-fils-3524575"
"RTBF Actus (FR)";"FR";"2026-10-06";"Direct – Manifestation des élèves : 4e jour de mobilisation, des écoles bloquées à Bruxelles et en région liégeoise";"https://auvio.rtbf.be/media/sexe-faible-l-amerique-en-guerre-contre-ses-femmes-quand-femmes-vont-en-prison-pour-les-crimes-de-leur-mari-3524591"
"RTBF Actus (FR)";"FR";"2026-10-06";"""On a fait jeu égal"", ""plus de positif que de négatif"", ""aucun joueur décevant"" : le bilan de Mark van Bommel";"https://auvio.rtbf.be/media/en-tongs-au-pied-de-l-himalaya-audrey-lamy-en-mere-courage-pour-son-fils-autiste-3524576"
"RTBF Actus (FR)";"FR";"2026-10-06";"""Une victoire méritée"" selon Zinedine Zidane : ""Les Belges nous poseront toujours des problèmes...""";"https://auvio.rtbf.be/media/quoi-quand-ou-quoi-quand-ou-3524472"
"France 24 (EN)";"EN";"2026-10-06";"Live: Thousands of students march across France as clashes reported in Lyon and Strasbourg";"https://france24.com/en/europe/20261006-live-tens-of-thousands-expected-at-paris-protests-as-unions-join-students"
"France 24 (EN)";"EN";"2026-10-06";"More than 5,000 detained during French student protests";"https://france24.com/en/france/20261005-live-up-to-500-schools-to-shut-in-france-as-student-protests-continue"
"France 24 (EN)";"EN";"2026-10-06";"France's Macron observes test of new nuclear-capable missile without warhead";"https://france24.com/en/france/20261006-france-macron-observes-test-of-new-nuclear-capable-missile-without-warhead"
"France 24 (EN)";"EN";"2026-10-06";"Nobel Prize in Physics awarded to Francis Halzen for ice research";"https://france24.com/en/science/20261006-nobel-prize-in-physics-awarded-to-francis-halzen-for-ice-research"
"France 24 (EN)";"EN";"2026-10-06";"Le Pen vows to save €140 billion by 2032 if elected to prevent French 'default'";"https://france24.com/en/france/20261006-le-pen-vows-%E2%82%AC140-billion-savings-if-elected-to-prevent-french-default"
"France 24 (EN)";"EN";"2026-10-06";"Israel warns Gazans will pay 'heavy price' for any October 7 attacks on military";"https://france24.com/en/middle-east/20261006-israel-warns-gazans-will-pay-heavy-price-for-any-october-7-attacks-on-military"
"France 24 (EN)";"EN";"2026-10-06";"Quebec separatists vow independence vote after provincial election win";"https://france24.com/en/americas/20261005-separatists-win-quebec-election-with-pledge-to-vote-on-leaving-canada"
"France 24 (EN)";"EN";"2026-10-06";"Ukraine hits Moscow with one of its largest drone attacks in two years";"https://france24.com/en/europe/20261006-massive-ukrainian-drone-attack-targets-moscow-russian-officials-say"
"France 24 (EN)";"EN";"2026-10-06";"🔴 Live: Thousands of students march across France as clashes reported in Lyon and Strasbourg";"https://www.france24.com/en/europe/20261006-live-tens-of-thousands-expected-at-paris-protests-as-unions-join-students"
"France 24 (EN)";"EN";"2026-10-06";"'No future': Thousands mass in France for high school protests";"https://france24.comhttps://www.france24.com/en/europe/20261006-live-tens-of-thousands-expected-at-paris-protests-as-unions-join-students"
"France 24 (EN)";"EN";"2026-10-06";"Russia denies imposing anti-plague measures after death of worker";"https://france24.com/en/live-news/20261006-tens-of-thousands-expected-in-paris-for-high-school-protests"
"France 24 (EN)";"EN";"2026-10-06";"India, Qatar, S.Africa among nations who want to host 2036 Olympics";"https://france24.com/en/live-news/20261006-moscow-denies-sanitary-measures-over-plague-reports"
"France 24 (EN)";"EN";"2026-10-06";"Should we be worried about a plague outbreak in Russia?";"https://france24.com/en/live-news/20261006-india-qatar-s-africa-among-nations-who-want-to-host-2036-olympics"
"France 24 (EN)";"EN";"2026-10-06";"Return of the Bolsonaros: Why the far-right surge in Brazilian elections?";"https://france24.com/en/tv-shows/press-review/20261006-should-we-be-worried-about-a-plague-outbreak-in-russia"
"France 24 (EN)";"EN";"2026-10-06";"Euro falls to 17-month low against dollar on French debt concerns";"https://france24.com/en/tv-shows/the-debate/20261005-return-of-the-bolsonaros-why-the-far-right-surge-in-brazilian-elections"
"France 24 (EN)";"EN";"2026-10-06";"Frenchwoman buys elephants from abusive owners in Laos";"https://france24.com/en/tv-shows/business/20261005-euro-falls-to-17-month-low-against-the-usd-on-french-debt-concerns"
"France 24 (EN)";"EN";"2026-10-06";"Paraguay, a tax and political haven for Brazil's far right";"https://france24.com/en/tv-shows/down-to-earth/20261005-frenchwoman-buys-elephants-from-abusive-owners-in-laos"
"France 24 (EN)";"EN";"2026-10-06";"The Cornell 7: Allegations spark fury over gang rape culture";"https://france24.com/en/tv-shows/reporters/20261002-paraguay-a-tax-and-political-haven-for-brazil-s-far-right"
"France 24 (EN)";"EN";"2026-10-06";"Brazil presidential election heads to run-off as Flavio Bolsonaro leads Lula";"https://france24.com/en/tv-shows/the-51/20261002-the-cornell-7-allegations-spark-fury-over-gang-rape-culture"
"France 24 (EN)";"EN";"2026-10-06";"Brazil presidential election: 'Bolsonaro being ahead is a surprise,' researcher says";"https://france24.com/en/americas/20261005-brazil-presidential-election-runoff-bolsonaro-lula"
"France 24 (EN)";"EN";"2026-10-06";"What's real and what's fake? How AI is impacting Brazil's election race";"https://france24.com/en/tv-shows/perspective/20261005-brazil-presidential-election-bolsonaro-being-ahead-is-a-surprise-researcher-says"
"France 24 (EN)";"EN";"2026-10-06";"Flavio Bolsonaro: A profile of Brazil's potential president";"https://france24.com/en/tv-shows/focus/20261002-what-s-real-and-what-s-fake-how-ai-is-impacting-brazil-s-election-race"
"France 24 (EN)";"EN";"2026-10-06";"Trump targets tax-free diesel as Republicans approach midterms";"https://france24.com/en/tv-shows/spotlight/20261004-a-profile-of-brazil-s-potential-president"
"France 24 (EN)";"EN";"2026-10-06";"US to execute 2009 Fort Hood shooter Nidal Hasan by firing squad";"https://france24.com/en/americas/20261006-trump-targets-tax-free-diesel-as-republicans-approach-midterms"
"France 24 (EN)";"EN";"2026-10-06";"On the run for 20 years, Ugandan warlord Kony still 'active' within the Lord's Resistance Army";"https://france24.com/en/americas/20261006-trump-approves-firing-squad-execution-of-fort-hood-shooter-nidal-hasan"
"France 24 (EN)";"EN";"2026-10-06";"France’s purchasing power crisis: Navigating the pinch";"https://france24.com/en/africa/20261002-on-the-run-for-20-years-ugandan-warlord-kony-still-active-within-the-lord-s-resistance-army"
"France 24 (EN)";"EN";"2026-10-06";"‘Russian sleeper cell’: Can Germany’s far-right AfD be barred from sensitive intel?";"https://france24.com/en/economy/20261001-france-s-purchasing-power-crisis-navigating-the-pinch"
"France 24 (EN)";"EN";"2026-10-06";"Russia ramps up disinformation attacks on French media ahead of 2027 presidential race";"https://france24.com/en/europe/20260927-russian-sleeper-cell-can-germany-far-right-afd-be-barred-from-sensitive-intelligence"
"France 24 (EN)";"EN";"2026-10-06";"Who are the mystery pilots who successfully landed endangered Flydubai flight 1073?";"https://france24.com/en/france/20260930-russia-ramps-up-disinformation-attacks-on-french-media-ahead-of-2027-presidential-race"
"France 24 (EN)";"EN";"2026-10-06";"Ossoff and El-Sayed: Two Senate races and what they say about the Democratic Party";"https://france24.com/en/middle-east/20261004-who-are-the-mystery-pilots-who-successfully-landed-endangered-flydubai-flight-1073"
"France 24 (EN)";"EN";"2026-10-06";"Hundreds of schools to shut Monday as France braces for more student protests";"https://france24.com/en/americas/20261004-ossoff-and-el-sayed-two-senate-races-and-what-they-say-about-the-democratic-party"
"France 24 (EN)";"EN";"2026-10-06";"Rwandan genocide suspect 'hunter' Dafroza Gauthier dies at 72";"https://france24.com/en/france/20261004-up-to-500-french-schools-to-be-totally-or-partly-closed-monday-due-to-protests"
"France 24 (EN)";"EN";"2026-10-06";"US withdraws B-1 bombers from British military base RAF Fairford amid security concerns";"https://france24.com/en/africa/20261004-rwandan-genocide-hunter-dafroza-gauthier-dies-at-72"
"France 24 (EN)";"EN";"2026-10-06";"Iran says no military solution to war as peace talks with US stall";"https://france24.com/en/europe/20261004-us-bombers-raf-fairford-uk-pentagon"
"France 24 (EN)";"EN";"2026-10-06";"West Bank: Palestinians ‘harassed’ by settlers’ increasing use of drones";"https://france24.com/en/middle-east/20261004-iran-us-military-middle-east-war-peace-talks"
"France 24 (EN)";"EN";"2026-10-06";"Video shows Iranian police beating, sexually humiliating teenage detainee";"https://france24.com/en/middle-east/20261004-occupied-west-bank-palestinians-harassed-settlers-drones"
"France 24 (EN)";"EN";"2026-10-06";"Residents in West Bank's Masafer Yatta face Israeli demolitions";"https://france24.com/en/middle-east/20260929-iran-police-video-teenage-detainee-abuse"
"France 24 (EN)";"EN";"2026-10-06";"A look back at Tunisia's summer of shortages";"https://france24.com/en/tv-shows/the-observers/20260924-residents-west-bank-masafer-yatta-israeli-demolitions"
"France 24 (EN)";"EN";"2026-10-06";"The church by the airport: Inside Russia’s suspected spy activities in Sweden";"https://france24.com/en/tv-shows/the-observers/20260924-look-back-tunisiassummer-shortages"
"France 24 (EN)";"EN";"2026-10-06";"Searching for radioactive waste in the depths of the Atlantic";"https://france24.com/en/europe/20250704-the-church-by-the-airport-inside-russia-s-suspected-spy-activities-in-sweden"
"France 24 (EN)";"EN";"2026-10-06";"‘Unwavering friendship’: The true story of nine women who escaped a Nazi death march";"https://france24.com/en/environment/20250607-searching-radioactive-waste-depths-atlantic-france-nuclear"
"France 24 (EN)";"EN";"2026-10-06";"Pope Francis, first Latin American pontiff and champion of the forgotten";"https://france24.com/en/europe/20250429-true-story-nine-women-who-escaped-nazi-death-march-ravensbruck"
"France 24 (EN)";"EN";"2026-10-06";"Haiti’s independence ransom: Macron offers ‘truth’, Haitians want reparations";"https://france24.com/en/europe/20250421-pope-francis-first-latin-american-pontiff-dies-after-double-pneumonia-battle"
"France 24 (EN)";"EN";"2026-10-06";"Saved from destruction: Paris show offers glimpse of Gaza’s archaeological treasures";"https://france24.com/en/americas/20250417-haiti-independence-ransom-macron-offers-truth-haitians-want-reparations-slavery"
"France 24 (EN)";"EN";"2026-10-06";"Pacific leaders urge climate action as UN pre-COP talks open in Fiji";"https://france24.com/en/culture/20250403-saved-from-destruction-paris-exhibition-offers-glimpse-of-gaza-archaeological-treasures"
"France 24 (EN)";"EN";"2026-10-06";"More than half of Europe faced intense summer heat stress, EU monitor says";"https://france24.com/en/environment/20261004-pacific-leaders-climate-action-un-pre-cop-talks-fiji"
"France 24 (EN)";"EN";"2026-10-06";"Heatwaves, wildfires expose a third of world to extreme ozone pollution";"https://france24.com/en/environment/20261002-europe-summer-heat-stress-eu-monitor"
"France 24 (EN)";"EN";"2026-10-06";"Sulaf and Late Again on uprooting and reconnecting with their heritage";"https://france24.com/en/environment/20260930-heatwaves-wildfires-expose-a-third-of-world-to-extreme-ozone-pollution"
"France 24 (EN)";"EN";"2026-10-06";"U2 celebrate 50 years in music with surprise gigs";"https://france24.com/en/tv-shows/arts24/20261005-sulaf-and-late-again-on-uprooting-and-reconnecting-with-their-heritage"
"France 24 (EN)";"EN";"2026-10-06";"Will AI write our books? Row over bestseller fuels fear over future of literature";"https://france24.com/en/tv-shows/arts24/20261002-u2-celebrate-50-years-in-music-with-surprise-gigs"
"France 24 (EN)";"EN";"2026-10-06";"Rethinking traditional designs: A French twist on the kimono";"https://france24.com/en/tv-shows/the-debate/20261002-will-ai-write-our-books-row-over-bestseller-fuels-fear-over-future-of-literature"
"France 24 (EN)";"EN";"2026-10-06";"Nations League: France defeat Belgium in second-half comeback";"https://france24.com/en/tv-shows/entre-nous/20261001-rethinking-traditional-designs-a-french-twist-on-the-kimono"
"France 24 (EN)";"EN";"2026-10-06";"Nations League: France face Belgium as they battle for top spot in group A";"https://france24.com/en/tv-shows/sports/20261006-nations-league-france-defeat-belgium-in-second-half-comeback"
"France 24 (EN)";"EN";"2026-10-06";"Evenepoel snatches photo-finish win to clinch European road cycling crown";"https://france24.com/en/tv-shows/sports/20261005-nations-league-france-face-belgium-as-they-battle-for-top-spot-in-group-a"
"France 24 (EN)";"EN";"2026-10-06";"Ireland–Israel nations League clash overshadowed by political tensions";"https://france24.com/en/sport/20261004-evenepoel-snatches-photo-finish-win-to-clinch-european-road-cycling-crown"
"France 24 (EN)";"EN";"2026-10-06";"AI companies sign voluntary accord on safety with Trump";"https://france24.com/en/video/20261004-ireland%E2%80%93israel-nations-league-clash-overshadowed-by-political-tensions"
"France 24 (EN)";"EN";"2026-10-06";"Rogue AI accessed federal websites, posted user images online, ChatGPT says";"https://france24.com/en/technology/20260929-trump-says-ai-companies-sign-voluntary-accord-on-safety-controls"
"France 24 (EN)";"EN";"2026-10-06";"It's not malicious, it's indifference: Thousands of books sent to AI woodchipper";"https://france24.com/en/technology/20260926-chatgpt-says-its-rogue-ai-agents-posted-users-images-online-entered-federal-website"
"France 24 (EN)";"EN";"2026-10-06";"Student protests: First images from demonstrations in Paris";"https://france24.com/en/tv-shows/spotlight/20260917-intent-not-malicious-it-s-indifference-thousands-if-not-millions-of-books-sent-to-ai-woodchipper"
"France 24 (EN)";"EN";"2026-10-06";"Ethiopian federal forces control Tigray capital as regional rivals meet in Egypt";"https://france24.com/en/video/20261006-student-protests-first-images-from-demonstrations-in-paris"
"France 24 (EN)";"EN";"2026-10-06";"Ethiopia's Tigray rebels abandon regional capital Mekelle as government forces enter city";"https://france24.com/en/africa/20261004-ethiopian-federal-forces-control-tigray-capital-as-regional-rivals-meet-in-egypt"
"France 24 (EN)";"EN";"2026-10-06";"ISIS suspects face 'outsourced' justice in Iraq as HRW warns of 'collective global detention crisis'";"https://france24.com/en/africa/20261003-ethiopia-s-tigray-rebels-abandon-regional-capital-of-mekelle-as-pro-government-forces-advance"
"France 24 (EN)";"EN";"2026-10-06";"Houthis claim attacks on Riyadh airport as Saudi-led forces strike Yemen";"https://france24.com/en/video/20261005-isis-suspects-face-outsourced-justice-in-iraq-as-hrw-warns-of-collective-global-detention-crisis-1"
"France 24 (EN)";"EN";"2026-10-06";"New York declares statewide disaster emergency as measles cases rise";"https://france24.com/en/middle-east/20261005-yemen-military-announces-broad-range-of-strikes-against-houthis-in-bid-to-retake-lost-territory"
"France 24 (EN)";"EN";"2026-10-06";"ICC unseals arrest warrants for Taliban education ministers";"https://france24.com/en/americas/20261005-new-york-declares-statewide-disaster-emergency-as-measles-cases-rise"
"France 24 (EN)";"EN";"2026-10-06";"Indian police detain demonstrators as protests over voter roll revision intensify";"https://france24.com/en/asia-pacific/20261005-icc-unseals-arrest-warrants-for-taliban-education-ministers"
"France 24 (EN)";"EN";"2026-10-06";"North Korea launches ballistic missile as tensions with Seoul grow over border mine blasts";"https://france24.com/en/video/20261005-ndian-police-detain-demonstrators-as-protests-over-voter-roll-revision-intensify"
"France 24 (EN)";"EN";"2026-10-06";"'Make our streets safer!' Mass women's protests sweep India over sexual violence";"https://france24.com/en/asia-pacific/20261003-north-korea-fires-ballistic-missile-after-seoul-s-apology-demand"
"France 24 (EN)";"EN";"2026-10-06";"Transforming Payments in the DRC: A Leap Towards a Digital Future";"https://france24.com/en/tv-shows/access-asia/20261002-make-our-streets-safer-mass-women-s-protests-sweep-india-over-sexual-violence"
"France 24 (EN)";"EN";"2026-10-06";"Africa's $88 billion solutions: How ATAF fights illicit financial flows";"https://france24.com/en/sponsored-content/20250923-transforming-payments-in-the-drc-a-leap-towards-a-digital-future"
"France 24 (EN)";"EN";"2026-10-06";"Burundi: innovative solutions to fight stunting in children";"https://france24.com/en/sponsored-content/20250108-africa-s-88-billion-solutions-how-ataf-fights-illicit-financial-flows"
"France 24 (EN)";"EN";"2026-10-06";"Child malnutrition in Burundi: concrete actions to help children";"https://france24.com/en/sponsored-content/20240122-burundi-innovative-solutions-to-fight-stunting-in-children"
"France 24 (EN)";"EN";"2026-10-06";"Interview of Anthony Ginter, President & CEO - WEO";"https://france24.com/en/sponsored-content/20231215-child-malnutrition-in-burundi-concrete-actions-to-help-children"
"France 24 (EN)";"EN";"2026-10-06";"2026";"https://france24.com/en/sponsored-content/20230911-interview-of-anthony-ginter-president-ceo-weo"
"France 24 (EN)";"EN";"2026-10-06";"2025";"https://france24.com/en/archives/2026/01/"
"France 24 (EN)";"EN";"2026-10-06";"2024";"https://france24.com/en/archives/2025/01/"
"France 24 (EN)";"EN";"2026-10-06";"2023";"https://france24.com/en/archives/2024/01/"
"France 24 (EN)";"EN";"2026-10-06";"2022";"https://france24.com/en/archives/2023/01/"
"France 24 (EN)";"EN";"2026-10-06";"2021";"https://france24.com/en/archives/2022/01/"
"France 24 (EN)";"EN";"2026-10-06";"2020";"https://france24.com/en/archives/2021/01/"
"Le Monde (FR)";"FR";"2026-10-06";"Le Monde’s app";"https://www.lemonde.fr/en/about-us/article/2023/09/06/le-monde-in-english-now-available-on-our-mobile-app_6125308_115.html"
"Le Monde (FR)";"FR";"2026-10-06";"What students are saying during high school blockades: 'I am worried about my future and for all students in France'";"https://www.lemonde.fr/en/france/article/2026/10/06/what-students-are-voicing-during-high-school-blockades-i-am-worried-about-my-future-and-for-all-students-in-france_6758294_7.html"
"Le Monde (FR)";"FR";"2026-10-06";"Unions join high school students as tens of thousands expected to demonstrate across France";"https://www.lemonde.fr/en/france/article/2026/10/06/unions-join-high-school-students-as-tens-of-thousands-expected-to-demonstrate-across-france_6758289_7.html"
"Le Monde (FR)";"FR";"2026-10-06";"French government cornered by high school protests that threaten to escalate";"https://www.lemonde.fr/en/politics/article/2026/10/06/french-government-cornered-by-high-school-protests-that-threaten-to-escalate_6758297_5.html"
"Le Monde (FR)";"FR";"2026-10-06";"'France's student protests are, above all, a collective expression of how difficult schoolwork has become'";"https://www.lemonde.fr/en/opinion/article/2026/10/06/france-s-student-protests-are-above-all-a-collective-expression-of-how-difficult-schoolwork-has-become_6758287_23.html"
"Le Monde (FR)";"FR";"2026-10-06";"French high school protests: What we know about injuries among demonstrators and police";"https://www.lemonde.fr/en/france/article/2026/10/06/high-school-protests-what-we-know-about-injuries-among-demonstrators-and-police_6758279_7.html"
"Le Monde (FR)";"FR";"2026-10-06";"In Aberdeen, the slow twilight of North Sea oil and gas";"https://www.lemonde.fr/en/economy/article/2026/10/05/in-aberdeen-scotland-the-slow-twilight-of-north-sea-oil-and-gas_6758278_19.html"
"Le Monde (FR)";"FR";"2026-10-06";"Russia's reassurances only fuel anxiety over suspected plague outbreak in Siberia";"https://www.lemonde.fr/en/environment/article/2026/10/06/russia-s-reassurances-only-fuel-anxiety-over-suspected-plague-outbreak-in-siberia_6758298_114.html"
"Le Monde (FR)";"FR";"2026-10-06";"Despite pain, two former October 7 Hamas hostages promote message of peace";"https://www.lemonde.fr/en/m-le-mag/article/2026/10/06/three-years-after-october-7-despite-pain-two-former-hamas-hostages-promote-message-of-peace_6758284_117.html"
"Le Monde (FR)";"FR";"2026-10-06";"In Depth   Clément Guillou and  Corentin Lesueur Subscribers onlyDefending Bardella no matter what, Marine Le Pen's risky strategy  The far-right party closed ranks behind its president despite the evidence of his past antisemitic writings published by investigative news site Mediapart. Jordan Bardella's loss of credibility could taint Marine Le Pen's presidential campaign.    6 min read";"https://www.lemonde.fr/en/politics/article/2026/10/06/defending-bardella-no-matter-what-marine-le-pen-s-risky-strategy_6758303_5.html"
"Le Monde (FR)";"FR";"2026-10-06";"2026 Nobel Prize in Physics awarded to Belgium's Francis Halzen for his work on subatomic particles at the South Pole";"https://www.lemonde.fr/en/international/article/2026/10/06/2026-nobel-prize-in-physics-awarded-to-belgium-s-francis-halzen_6758300_4.html"
"Le Monde (FR)";"FR";"2026-10-06";"Israel threatens to make Gazans pay 'heavy price' for any Hamas attack during October 7 anniversary";"https://www.lemonde.fr/en/international/article/2026/10/06/israel-threatens-to-make-gazans-pay-heavy-price-for-any-hamas-attack-during-october-7-anniversary_6758301_4.html"
"Le Monde (FR)";"FR";"2026-10-06";"Separatists win provincial elections in Québec in test for Canada PM";"https://www.lemonde.fr/en/international/article/2026/10/06/separatists-win-provincial-elections-in-quebec-in-test-for-canada-pm_6758288_4.html"
"Le Monde (FR)";"FR";"2026-10-06";"Spanish PM Sanchez once again bets on the ballot box amid housing crisis unrest";"https://www.lemonde.fr/en/international/article/2026/10/06/in-spain-sanchez-once-again-bets-on-the-ballot-box-amid-housing-crisis-unrest_6758280_4.html"
"Le Monde (FR)";"FR";"2026-10-06";"Summer 2026 heatwave cost France €16 billion, says Assemblée Nationale report";"https://www.lemonde.fr/en/politics/article/2026/10/06/summer-2026-heatwave-cost-france-16-billion-says-assemblee-nationale-report_6758282_5.html"
"Le Monde (FR)";"FR";"2026-10-06";"Discovery of 11 bodies in Johannesburg exposes scale of violence against women";"https://www.lemonde.fr/en/le-monde-africa/article/2026/10/06/discovery-of-11-bodies-in-johannesburg-exposes-scale-of-violence-against-women_6758291_124.html"
"Le Monde (FR)";"FR";"2026-10-06";"Former German spy chief arrested for espionage, treason";"https://www.lemonde.fr/en/international/article/2026/10/06/former-german-spy-chief-arrested-for-espionage-treason_6758299_4.html"
"Le Monde (FR)";"FR";"2026-10-06";"North Korean refugee describes life caught between capitalist hustle and socialist repression";"https://www.lemonde.fr/en/international/article/2026/10/05/north-korean-refugee-describes-life-caught-between-capitalist-hustle-and-socialist-repression_6758270_4.html"
"Le Monde (FR)";"FR";"2026-10-06";"Constant atmosphere of war is gripping Kyiv residents: 'The enemy is destroying the city'";"https://www.lemonde.fr/en/international/article/2026/10/05/constant-atmosphere-of-war-is-gripping-kyiv-residents-the-enemy-is-destroying-the-city_6758266_4.html"
"Le Monde (FR)";"FR";"2026-10-06";"Olise powers France to 4-1 win over Belgium in UEFA Nations League";"https://www.lemonde.fr/en/sports/article/2026/10/06/olise-powers-france-to-4-1-win-over-belgium-in-nations-league_6758281_9.html"
"Le Monde (FR)";"FR";"2026-10-06";"Annick Lemoine, president of the Musée d'Orsay: 'I want the museum to become a place for debate that fosters critical thinking'";"https://www.lemonde.fr/en/culture/article/2026/10/05/annick-lemoine-president-of-the-musee-d-orsay-i-want-the-museum-to-become-a-place-for-debate-that-fosters-critical-thinking_6758276_30.html"
"Le Monde (FR)";"FR";"2026-10-06";"Best-selling British author and former Conservative politician Jeffrey Archer dies, aged 86";"https://www.lemonde.fr/en/books/article/2026/10/06/best-selling-british-author-and-fomer-conservative-politician-jeffrey-archer-dies-aged-86_6758283_33.html"
"Le Monde (FR)";"FR";"2026-10-06";"News analysis   Eléa Pommiers and  Sylvie Lecherbonnier Subscribers onlyWhy French high schoolers are protesting, and why their movement is already historic  What began as a spontaneous protest in the Paris suburbs has grown to a scale unseen in decades, as students denounce learning conditions and uncertain prospects. The government's essentially repressive response risks fuelling further anger.    6 min read";"https://www.lemonde.fr/en/france/article/2026/10/05/why-french-high-schoolers-are-protesting-and-why-their-movement-is-already-historic_6758257_7.html"
"Le Monde (FR)";"FR";"2026-10-06";"Interview   Pascal Riché Subscribers onlyArancha Gonzalez Laya and Jean Tirole: 'Europe's model is now fighting for its survival'  In an interview with Le Monde, the two experts discuss the shifting global political and economic order and Europe's place and future within it.    10 min read";"https://www.lemonde.fr/en/books/article/2026/10/04/scholar-arancha-gonzalez-laya-and-economist-jean-tirole-europe-s-model-is-now-fighting-for-its-survival_6758228_33.html"
"Le Monde (FR)";"FR";"2026-10-06";"Editorial French high school protests: The risk of a united front of discontent   Le Monde";"https://www.lemonde.fr/en/opinion/article/2026/10/05/french-high-school-protests-the-risk-of-a-united-front-of-discontent_6758264_23.html"
"Le Monde (FR)";"FR";"2026-10-06";"Column Subscribe'It is time to recognize that Palestinians represent Israel's true hope'      Jean-Pierre Filiu Historian and professor at Sciences Po Paris";"https://www.lemonde.fr/en/opinion/article/2026/10/05/it-is-time-to-recognize-that-palestinians-represent-israel-s-true-hope_6758265_23.html"
"Le Monde (FR)";"FR";"2026-10-06";"Column Subscribe'First surrender, then negotiation. These are Moscow's words'      Alain Frachon Columnist";"https://www.lemonde.fr/en/opinion/article/2026/10/02/war-in-ukraine-first-surrender-then-negotiation-these-are-moscow-s-words_6758165_23.html"
"Le Monde (FR)";"FR";"2026-10-06";"Why French high schoolers are protesting, and why their movement is already historic";"https://www.lemonde.fr/en/france/article/2026/10/05/why-french-high-schoolers-are-protesting-and-why-their-movement-is-already-historic_6758257_7.html"
"Le Monde (FR)";"FR";"2026-10-06";"Nobel Prize in medicine awarded to trio for optogenetics work";"https://www.lemonde.fr/en/health/article/2026/10/05/nobel-prize-in-medicine-awarded-to-trio-for-optogenetics-work_6758259_14.html"
"Le Monde (FR)";"FR";"2026-10-06";"French teenager loses hand due to police grenade in high school protests";"https://www.lemonde.fr/en/france/article/2026/10/05/french-teenager-loses-hand-picking-up-police-grenade-in-high-school-protests_6758269_7.html"
"Le Monde (FR)";"FR";"2026-10-06";"Trump takes control of Republican midterms campaign to boost his own image";"https://www.lemonde.fr/en/international/article/2026/10/05/trump-takes-control-of-republican-midterms-campaign-to-boost-his-own-image_6758262_4.html"
"Le Monde (FR)";"FR";"2026-10-06";"French high school protests: The risk of a united front of discontent";"https://www.lemonde.fr/en/opinion/article/2026/10/05/french-high-school-protests-the-risk-of-a-united-front-of-discontent_6758264_23.html"
"Le Monde (FR)";"FR";"2026-10-06";"Turkey and Pakistan pledge to deploy troops to Saudi Arabia";"https://www.lemonde.fr/en/international/article/2026/10/05/turkey-and-pakistan-pledge-to-deploy-troops-to-saudi-arabia_6758277_4.html"
"Le Monde (FR)";"FR";"2026-10-06";"Anna Politkovskaya: The journalist killed 20 years ago for understanding Putin before anyone else";"https://www.lemonde.fr/en/international/article/2026/10/05/anna-politkovskaya-the-journalist-killed-20-years-ago-for-understanding-putin-before-anyone-else_6758274_4.html"
"Le Monde (FR)";"FR";"2026-10-06";"Charte du Groupe";"https://www.lemonde.fr/actualite-medias/article/2010/11/03/la-charte-d-ethique-et-de-deontologie-du-groupe-le-monde_1434737_3236.html"
"Le Monde (FR)";"FR";"2026-10-06";"Group Policy";"https://www.lemonde.fr/en/about-us/article/2022/04/06/groupe-le-monde-s-code-of-ethics-and-professional-conduct_5979823_115.html"
"Le Monde (FR)";"FR";"2026-10-06";"RSS feed";"https://www.lemonde.fr/en/about-us/article/2026/03/27/le-monde-rss-feeds_6751860_115.html"
"RFI Afrique (FR)";"FR";"2026-10-06";"2026";"https://www.rfi.fr/fr/archives/2026/01/"
"RFI Afrique (FR)";"FR";"2026-10-06";"2025";"https://www.rfi.fr/fr/archives/2025/01/"
"RFI Afrique (FR)";"FR";"2026-10-06";"2024";"https://www.rfi.fr/fr/archives/2024/01/"
"RFI Afrique (FR)";"FR";"2026-10-06";"2023";"https://www.rfi.fr/fr/archives/2023/01/"
"RFI Afrique (FR)";"FR";"2026-10-06";"2022";"https://www.rfi.fr/fr/archives/2022/01/"
"RFI Afrique (FR)";"FR";"2026-10-06";"2021";"https://www.rfi.fr/fr/archives/2021/01/"
"RFI Afrique (FR)";"FR";"2026-10-06";"2020";"https://www.rfi.fr/fr/archives/2020/01/"
"RTL (FR)";"FR";"2026-10-06";"Politique";"https://rtl.fr/actu/politique"
"RTL (FR)";"FR";"2026-10-06";"International";"https://rtl.fr/actu/international"
"RTL (FR)";"FR";"2026-10-06";"Justice et faits divers";"https://rtl.fr/actu/justice-faits-divers"
"RTL (FR)";"FR";"2026-10-06";"Conso";"https://rtl.fr/actu/economie-consommation"
"RTL (FR)";"FR";"2026-10-06";"Food";"https://rtl.fr/actu/food"
"RTL (FR)";"FR";"2026-10-06";"Santé";"https://rtl.fr/actu/bien-etre"
"RTL (FR)";"FR";"2026-10-06";"Société";"https://rtl.fr/actu/debats-societe"
"RTL (FR)";"FR";"2026-10-06";"Tech";"https://rtl.fr/actu/sciences-tech"
"RTL (FR)";"FR";"2026-10-06";"Arts Spectacles";"https://rtl.fr/culture/arts-spectacles"
"RTL (FR)";"FR";"2026-10-06";"Ciné Séries";"https://rtl.fr/culture/cine-series"
"RTL (FR)";"FR";"2026-10-06";"Médias et people";"https://rtl.fr/culture/medias-people"
"RTL (FR)";"FR";"2026-10-06";"Musique";"https://rtl.fr/culture/musique"
"RTL (FR)";"FR";"2026-10-06";"Culture Générale";"https://rtl.fr/culture/culture-generale"
"RTL (FR)";"FR";"2026-10-06";"Humour";"https://rtl.fr/culture/humour"
"RTL (FR)";"FR";"2026-10-06";"Histoire";"https://rtl.fr/culture/histoire"
"RTL (FR)";"FR";"2026-10-06";"Football";"https://rtl.fr/sport/football"
"RTL (FR)";"FR";"2026-10-06";"Autres sports";"https://rtl.fr/sport/autres-sports"
"France Inter (FR)";"FR";"2026-10-06";"Le suicide collectif de la secte Etats-Unienne Heaven's Gate";"https://radiofrance.fr/franceinter/podcasts/affaires-sensibles/affaires-sensibles-du-mercredi-30-septembre-2026-3644814"
"France Inter (FR)";"FR";"2026-10-06";"Comment expliquer l'épidémie de solitude ?";"https://radiofrance.fr/franceinter/podcasts/grand-bien-vous-fasse/grand-bien-vous-fasse-du-mardi-06-octobre-2026-7385929"
"France Inter (FR)";"FR";"2026-10-06";"Lycéens blessés : ""Dans la quasi-totalité des cas, l'intervention [policière] est proportionnée"", assure Laurent Nuñez";"https://radiofrance.fr/franceinter/podcasts/l-invite-de-8h20-le-grand-entretien/l-invite-de-8h20-le-grand-entretien-du-mardi-06-octobre-2026-5079012"
"France Inter (FR)";"FR";"2026-10-06";"L'Invité de 8h20 : le grand entretien";"https://radiofrance.fr/franceinter/podcasts/l-invite-de-8h20-le-grand-entretien"
"France Inter (FR)";"FR";"2026-10-06";"Blocages dans les lycées : ces jeunes qui manifestent pour la première fois";"https://radiofrance.fr/franceinter/podcasts/france-inter-sur-le-terrain/reportage-france-inter-sur-le-terrain-du-mardi-06-octobre-2026-8314963"
"France Inter (FR)";"FR";"2026-10-06";"France Inter sur le terrain";"https://radiofrance.fr/franceinter/podcasts/grand-angle"
"France Inter (FR)";"FR";"2026-10-06";"Présidentielle 2027 : les métiers de l'ombre";"https://radiofrance.fr/franceinter/podcasts/serie-presidentielle-2027-les-metiers-de-l-ombre"
"France Inter (FR)";"FR";"2026-10-06";"Israël-Palestine : Les Israéliens";"https://radiofrance.fr/franceinter/podcasts/serie-israel-palestine-les-israeliens"
"France Inter (FR)";"FR";"2026-10-06";"Israël-Palestine : Les Palestiniens";"https://radiofrance.fr/franceinter/podcasts/serie-israel-palestine-les-palestiniens"
"France Inter (FR)";"FR";"2026-10-06";"Hommage à Prince Waly";"https://radiofrance.fr/franceinter/podcasts/a-la-reguliere/a-la-reguliere-du-lundi-05-octobre-2026-7631566"
"France Inter (FR)";"FR";"2026-10-06";"En Espagne, la crise du logement fait vaciller le gouvernement de Pedro Sánchez";"https://radiofrance.fr/franceinter/podcasts/l-info-de-france-inter/en-espagne-la-crise-du-logement-fait-vaciller-le-gouvernement-de-pedro-sanchez-2178015"
"France Inter (FR)";"FR";"2026-10-06";"""On attend la fête du village pour pouvoir retrouver tout le monde"" : des vies rétrécies par le prix du carburant";"https://radiofrance.fr/franceinter/podcasts/le-grand-reportage-de-france-inter/le-grand-reportage-du-lundi-05-octobre-2026-6658970"
"France Inter (FR)";"FR";"2026-10-06";"Julian Jackson : ""La France était plus prête pour la guerre en 1940 qu'en 1914""";"https://radiofrance.fr/franceinter/podcasts/l-invite-de-8h20-le-grand-entretien/l-invite-de-8h20-le-grand-entretien-du-lundi-05-octobre-2026-8762379"
"France Inter (FR)";"FR";"2026-10-06";"Vous pouvez tous les télécharger : quelles informations inattendues renferment nos jeux de données Facebook";"https://radiofrance.fr/franceinter/podcasts/nos-vies-numeriques/nos-vies-numeriques-du-lundi-05-octobre-2026-4421178"
"France Inter (FR)";"FR";"2026-10-06";"Soutien financier au Hamas et corruption présumée de proches de Netanyahou, enquête sur l’action secrète du Qatar";"https://radiofrance.fr/franceinter/podcasts/revelations/revelations-partie-2-du-dimanche-04-octobre-2026-3383552"
"France Inter (FR)";"FR";"2026-10-06";"Patrick Modiano pour son nouveau livre ""L'Éléphant"" : ""Il fallait continuer d'écrire""";"https://radiofrance.fr/franceinter/podcasts/totemic/totemic-du-vendredi-02-octobre-2026-4410215"
"France Inter (FR)";"FR";"2026-10-06";"Le Masque et Patrick Modiano";"https://radiofrance.fr/franceinter/podcasts/serie-le-masque-et-patrick-modiano"
"France Inter (FR)";"FR";"2026-10-06";"""Ses dents du haut sont cassées et ses dents du bas ont été arrachées"", les parents d'Eden 14 ans bouleversés";"https://radiofrance.fr/franceinter/podcasts/l-info-de-france-inter/un-lyceen-a-la-machoire-fracture-5032114"
"France Inter (FR)";"FR";"2026-10-06";"L'info de France Inter";"https://radiofrance.fr/franceinter/podcasts/les-documents-france-inter"
"France Inter (FR)";"FR";"2026-10-06";"""On ne nous a pas crus"" : plusieurs centaines de personnes manifestent à Paris contre les VSS";"https://radiofrance.fr/franceinter/podcasts/l-info-de-france-inter/on-nous-a-pas-cru-300-personnes-manifestent-a-paris-contre-les-vss-1849660"
"France Inter (FR)";"FR";"2026-10-06";"""Vous prêtez plus attention à nous quand il s’agit de violences"" : des lycéens face au ministre de l’Éducation";"https://radiofrance.fr/franceinter/podcasts/l-info-de-france-inter/vous-pretez-plus-attention-a-nous-quand-il-y-a-des-violences-des-lyceens-face-au-ministre-de-l-education-5717890"
"France Inter (FR)";"FR";"2026-10-06";"Cathy Aldrovandi : ""Il faudra qu'il y ait une transmission mémorielle de Chloé, c'est par les jeunes que ça passera.""";"https://radiofrance.fr/franceinter/podcasts/l-invite-du-13-14/l-invite-du-13-14-du-lundi-05-octobre-2026-8774940"
"France Inter (FR)";"FR";"2026-10-06";"L'invité du 13/14";"https://radiofrance.fr/franceinter/podcasts/l-invite-du-13h00"
"France Inter (FR)";"FR";"2026-10-06";"Le journal de 13h";"https://radiofrance.fr/franceinter/podcasts/le-journal-de-13h"
"France Inter (FR)";"FR";"2026-10-06";"""La Maison des os et de la pluie"", de Gabino Iglesias, une sombre histoire de vengeance à Porto Rico";"https://radiofrance.fr/franceinter/podcasts/le-polar-sonne-toujours-2-fois/le-polar-sonne-toujours-2-fois-du-jeudi-17-septembre-2026-2291630"
"France Inter (FR)";"FR";"2026-10-06";"Lilia Hassaine";"https://radiofrance.fr/franceinter/podcasts/rien-ne-s-oppose-a-la-nuit/rien-ne-s-oppose-a-la-nuit-du-lundi-31-aout-2026-3444181"
"France Inter (FR)";"FR";"2026-10-06";"Yannick Haenel : ""La rupture, c'est le début de la vocation""";"https://radiofrance.fr/franceinter/podcasts/le-grand-portrait/le-grand-portrait-du-lundi-07-septembre-2026-9287050"
"France Inter (FR)";"FR";"2026-10-06";"""C'était ça ou mourir"" de Thelyson Orélien, exil et résilience";"https://radiofrance.fr/franceinter/podcasts/le-grand-portrait/le-grand-portrait-du-jeudi-03-septembre-2026-5280607"
"France Inter (FR)";"FR";"2026-10-06";"""Une éclaircie"" de Jean-Baptiste Del Amo : comment son corps a changé son regard sur le monde";"https://radiofrance.fr/franceinter/podcasts/l-invite-de-7h50-du-week-end/l-invite-de-7h50-du-we-du-dimanche-30-aout-2026-2767136"
"France Inter (FR)";"FR";"2026-10-06";"Jean-Philippe Toussaint publie ""La Hantise""";"https://radiofrance.fr/franceinter/podcasts/le-grand-atelier/le-grand-atelier-du-dimanche-30-aout-2026-1560875"
"France Inter (FR)";"FR";"2026-10-06";"Adèle Haenel pour son livre ""Viser juste"" : des mots pour penser le réel";"https://radiofrance.fr/franceinter/podcasts/totemic/totemic-du-vendredi-28-aout-2026-9167302"
"France Inter (FR)";"FR";"2026-10-06";"""À voix haute"" : l'enquête familiale de Polina Panassenko à l'époque de la Russie stalinienne a séduit Le Masque";"https://radiofrance.fr/franceinter/podcasts/le-masque-et-la-plume/a-voix-haute-de-polina-panassenko-2511870"
"France Inter (FR)";"FR";"2026-10-06";"""Ce qui nous frôle sous la surface"" de Colum McCann : le Masque a eu du mal à retenir sa respiration";"https://radiofrance.fr/franceinter/podcasts/le-masque-et-la-plume/ce-qui-nous-frole-sous-la-surface-de-colum-mccann-8357623"
"France Inter (FR)";"FR";"2026-10-06";"Guerre en Ukraine : ""Il y a une volonté de monter d'un cran dans l'usure, la fatigue et la terreur"", affirme Elsa Vidal";"https://radiofrance.fr/franceinter/podcasts/l-invite-de-6h20/la-question-de-6h20-du-jeudi-03-septembre-2026-1101444"
"France Inter (FR)";"FR";"2026-10-06";"L'invité de 6h20";"https://radiofrance.fr/franceinter/podcasts/l-invite-de-6h20"
"France Inter (FR)";"FR";"2026-10-06";"Franc-jeu";"https://radiofrance.fr/franceinter/podcasts/franc-jeu"
"France Inter (FR)";"FR";"2026-10-06";"Le 6/9";"https://radiofrance.fr/franceinter/podcasts/le-6-9"
"France Inter (FR)";"FR";"2026-10-06";"Franche culture";"https://radiofrance.fr/franceinter/podcasts/franche-culture"
"France Inter (FR)";"FR";"2026-10-06";"Les ailes de géant";"https://radiofrance.fr/franceinter/podcasts/les-ailes-de-geant"
"France Inter (FR)";"FR";"2026-10-06";"Recto-Verso";"https://radiofrance.fr/franceinter/podcasts/recto-verso"
"France Inter (FR)";"FR";"2026-10-06";"Le 18/20";"https://radiofrance.fr/franceinter/podcasts/le-18-20"
"France Inter (FR)";"FR";"2026-10-06";"C'est loin mais c'est beau";"https://radiofrance.fr/franceinter/podcasts/c-est-loin-mais-c-est-beau"
"France Inter (FR)";"FR";"2026-10-06";"Le Billet de Thomas Poitevin";"https://radiofrance.fr/franceinter/podcasts/vero-la-gestionnaire-de-communautes"
"France Inter (FR)";"FR";"2026-10-06";"Rien ne s'oppose à la nuit";"https://radiofrance.fr/franceinter/podcasts/rien-ne-s-oppose-a-la-nuit"
"France Inter (FR)";"FR";"2026-10-06";"La chronique de Samuel Jensky";"https://radiofrance.fr/franceinter/podcasts/la-chronique-de-samuel-jensky"
"France Inter (FR)";"FR";"2026-10-06";"La chronique de Camille Tissot";"https://radiofrance.fr/franceinter/podcasts/la-chronique-de-camille-tissot"
"France Inter (FR)";"FR";"2026-10-06";"Nos vies numériques";"https://radiofrance.fr/franceinter/podcasts/nos-vies-numeriques"
"France Inter (FR)";"FR";"2026-10-06";"La Revue de presse";"https://radiofrance.fr/franceinter/podcasts/la-revue-de-presse"
"France Inter (FR)";"FR";"2026-10-06";"Tout va trop vite";"https://radiofrance.fr/franceinter/podcasts/les-histoires-du-monde"
"France Inter (FR)";"FR";"2026-10-06";"Le Billet de Jessé";"https://radiofrance.fr/franceinter/podcasts/la-chronique-de-jesse"
"France Inter (FR)";"FR";"2026-10-06";"L'édito de Dov Alfon";"https://radiofrance.fr/franceinter/podcasts/l-edito-de-dov-alfon"
"France Inter (FR)";"FR";"2026-10-06";"Soft planète";"https://radiofrance.fr/franceinter/podcasts/soft-planete"
"France Inter (FR)";"FR";"2026-10-06";"Un jeudi soir sur la terre";"https://radiofrance.fr/franceinter/podcasts/un-jeudi-soir-sur-la-terre"
"France Inter (FR)";"FR";"2026-10-06";"Le petit carnet de campagne";"https://radiofrance.fr/franceinter/podcasts/petits-carnets-de-campagne"
"France Inter (FR)";"FR";"2026-10-06";"Chez la belle-famille";"https://radiofrance.fr/franceinter/podcasts/chez-la-belle-famille"
"France Inter (FR)";"FR";"2026-10-06";"Loin des clichés, qui sont les Templiers du Moyen Âge ?";"https://radiofrance.fr/franceinter/podcasts/serie-loin-des-cliches-qui-sont-les-templiers-du-moyen-age"
"France Inter (FR)";"FR";"2026-10-06";"Les Faussaires";"https://radiofrance.fr/franceinter/podcasts/selection-les-faussaires"
"France Inter (FR)";"FR";"2026-10-06";"Le jeune homme qui défiait le Kremlin";"https://radiofrance.fr/franceinter/podcasts/serie-le-jeune-homme-qui-defiait-le-kremlin"
"France Inter (FR)";"FR";"2026-10-06";"Le Masque et Annie Ernaux";"https://radiofrance.fr/franceinter/podcasts/serie-le-masque-et-annie-ernaux"
"France Inter (FR)";"FR";"2026-10-06";"Comment la mode raconte notre histoire ?";"https://radiofrance.fr/franceinter/podcasts/serie-comment-la-mode-raconte-notre-histoire"
"France Inter (FR)";"FR";"2026-10-06";"Charline au Havre";"https://radiofrance.fr/franceinter/podcasts/serie-charline-au-havre"
"France Inter (FR)";"FR";"2026-10-06";"Reines et Rois";"https://radiofrance.fr/franceinter/podcasts/reines-et-rois"
"France Inter (FR)";"FR";"2026-10-06";"""Verity"" : méfiez-vous des apparences";"https://radiofrance.fr/franceinter/podcasts/capture-d-ecrans/capture-d-ecrans-du-vendredi-02-octobre-2026-1840766"
"France Inter (FR)";"FR";"2026-10-06";"Capture d'écrans";"https://radiofrance.fr/franceinter/podcasts/capture-d-ecrans"
"France Inter (FR)";"FR";"2026-10-06";"""Mémoire de fille"", ""Le Chant des oliviers"", ""Melpomène"", ""Notre salut"", ""Un hiver russe"", quels films voir ou pas ?";"https://radiofrance.fr/franceinter/podcasts/les-sorties-cinema-de-la-semaine/les-sorties-cinema-de-la-semaine-du-samedi-03-octobre-2026-6276582"
"France Inter (FR)";"FR";"2026-10-06";"Les sorties cinéma de la semaine";"https://radiofrance.fr/franceinter/podcasts/les-sorties-cinema-de-la-semaine"
"France Inter (FR)";"FR";"2026-10-06";"Guerre civile en Birmanie : le récit de l'après-Aung San Suu Kyi";"https://radiofrance.fr/franceinter/podcasts/l-info-de-france-inter/guerre-civile-en-birmanie-le-recit-de-l-apres-aung-san-suu-kyi-4840303"
"France Inter (FR)";"FR";"2026-10-06";"Iyad Ag Ghali, le djihadiste qui défie le Mali";"https://radiofrance.fr/franceinter/podcasts/l-info-de-france-inter/iyad-ag-ghali-le-djihadiste-qui-defile-le-mali-4200074"
"France Inter (FR)";"FR";"2026-10-06";"Poutine, le tsar soviétique";"https://radiofrance.fr/franceinter/podcasts/serie-poutine-le-tsar-sovietique"
"France Inter (FR)";"FR";"2026-10-06";"Alfred Dreyfus, le combat de la République";"https://radiofrance.fr/franceinter/podcasts/serie-alfred-dreyfus-le-combat-de-la-republique"
"France Inter (FR)";"FR";"2026-10-06";"Simone de Beauvoir, itinéraire d'une jeune fille rangée";"https://radiofrance.fr/franceinter/podcasts/serie-simone-de-beauvoir-itineraire-d-une-jeune-fille-rangee"
"France Inter (FR)";"FR";"2026-10-06";"Sigmaringen, le crépuscule des bourreaux";"https://radiofrance.fr/franceinter/podcasts/serie-le-crepuscule-des-bourreaux"
"France Inter (FR)";"FR";"2026-10-06";"Mafia - Meurtres et trahisons : histoires de familles";"https://radiofrance.fr/franceinter/podcasts/serie-mafia-meurtres-et-trahisons-histoires-de-familles"
"France Inter (FR)";"FR";"2026-10-06";"Musique !";"https://radiofrance.fr/franceinter/podcasts/serie-musique"
"France Inter (FR)";"FR";"2026-10-06";"Cache-cache";"https://radiofrance.fr/franceinter/podcasts/serie-cache-cache"
"France Inter (FR)";"FR";"2026-10-06";"C'est la rentrée des P'tits Bateaux";"https://radiofrance.fr/franceinter/podcasts/serie-c-est-la-rentree-des-p-tits-bateaux"
"France Inter (FR)";"FR";"2026-10-06";"Tina et les boucliers de Mars";"https://radiofrance.fr/franceinter/podcasts/serie-tina-et-les-boucliers-de-mars"
"France Inter (FR)";"FR";"2026-10-06";"Les aventures du professeur Caillou";"https://radiofrance.fr/franceinter/podcasts/les-aventures-du-professeur-caillou"
"France Inter (FR)";"FR";"2026-10-06";"Bestioles, nouveaux épisodes !";"https://radiofrance.fr/franceinter/podcasts/bestioles"
"France Inter (FR)";"FR";"2026-10-06";"Une histoire et... Oli, nouveaux épisodes !";"https://radiofrance.fr/franceinter/podcasts/une-histoire-et-oli"
"France Inter (FR)";"FR";"2026-10-06";"Les Odyssées, nouveaux épisodes !";"https://radiofrance.fr/franceinter/podcasts/les-odyssees"
"France Inter (FR)";"FR";"2026-10-06";"Mini vulgaire : les véhicules";"https://radiofrance.fr/franceinter/podcasts/serie-mini-vulgaire-les-vehicules"
"France Inter (FR)";"FR";"2026-10-06";"Chuchote-moi une histoire";"https://radiofrance.fr/franceinter/podcasts/chuchote-moi-une-histoire"
"France Inter (FR)";"FR";"2026-10-06";"L'invité : Yvonnick Denoël, historien, spécialiste du renseignement";"https://radiofrance.fr/franceinter/podcasts/affaires-sensibles/affaires-sensibles-l-invite-du-lundi-05-octobre-2026-2728468"
"France Inter (FR)";"FR";"2026-10-06";"Affaires sensibles";"https://radiofrance.fr/franceinter/podcasts/affaires-sensibles"
"France Inter (FR)";"FR";"2026-10-06";"Les bipeurs tueurs du Mossad contre le Hezbollah - Le récit";"https://radiofrance.fr/franceinter/podcasts/affaires-sensibles/affaires-sensibles-le-recit-du-lundi-05-octobre-2026-6490956"
"France Inter (FR)";"FR";"2026-10-06";"L'explosion des bipeurs du Hezbollah au Liban, une opération inédite du Mossad  - L'intégrale";"https://radiofrance.fr/franceinter/podcasts/affaires-sensibles/affaires-sensibles-du-lundi-05-octobre-2026-9973954"
"France Inter (FR)";"FR";"2026-10-06";"L'invité : l'archéologue Gérard Coulon";"https://radiofrance.fr/franceinter/podcasts/affaires-sensibles/affaires-sensibles-l-invite-du-jeudi-01-octobre-2026-3048450"
"France Inter (FR)";"FR";"2026-10-06";"Bestioles";"https://radiofrance.fr/franceinter/podcasts/bestioles"
"France Inter (FR)";"FR";"2026-10-06";"Les concerts d'Inter";"https://radiofrance.fr/franceinter/podcasts/les-concerts-d-inter"
"France Inter (FR)";"FR";"2026-10-06";"Frissons";"https://radiofrance.fr/franceinter/podcasts/frissons"
"France Inter (FR)";"FR";"2026-10-06";"Révélations";"https://radiofrance.fr/franceinter/podcasts/revelations"
"France Inter (FR)";"FR";"2026-10-06";"Afghanistan, le tourisme sans les femmes";"https://radiofrance.fr/franceinter/podcasts/interception/interception-du-dimanche-08-mars-2026-4136320"
"France Inter (FR)";"FR";"2026-10-06";"Taylor Swift, le monde, ma fille et moi";"https://radiofrance.fr/franceinter/podcasts/taylor-swift-le-monde-ma-fille-et-moi"
"France Inter (FR)";"FR";"2026-10-06";"Les déportés";"https://radiofrance.fr/franceinter/podcasts/serie-les-deportes"
"France Inter (FR)";"FR";"2026-10-06";"Etats-Unis : ce pays qui marie ses enfants";"https://radiofrance.fr/franceinter/podcasts/interception/interception-du-dimanche-05-mars-2023-8505277"
"France Inter (FR)";"FR";"2026-10-06";"Sur les traces d'Ousmane Dembélé";"https://radiofrance.fr/franceinter/podcasts/serie-sur-les-traces-d-ousmane-dembele"
"France Inter (FR)";"FR";"2026-10-06";"Collégiennes à vendre";"https://radiofrance.fr/franceinter/podcasts/interception/interception-du-dimanche-12-octobre-2025-2574397"
"France Inter (FR)";"FR";"2026-10-06";"La Pause Brindille : réseau national de solidarité pour les jeunes aidants";"https://radiofrance.fr/franceinter/podcasts/carnets-de-campagne/carnets-de-campagne-du-mardi-06-octobre-2026-7623378"
"France Inter (FR)";"FR";"2026-10-06";"Carnets de campagne";"https://radiofrance.fr/franceinter/podcasts/carnets-de-campagne"
"France Inter (FR)";"FR";"2026-10-06";"Quand Hollywood dévore les classiques";"https://radiofrance.fr/franceinter/podcasts/victor-dekyvere/la-chronique-de-victor-dekyvere-du-mardi-06-octobre-2026-4939419"
"France Inter (FR)";"FR";"2026-10-06";"La chronique de Victor Dekyvère";"https://radiofrance.fr/franceinter/podcasts/la-chronique-de-victor-dekyvere"
"France Inter (FR)";"FR";"2026-10-06";"Grand bien vous fasse !";"https://radiofrance.fr/franceinter/podcasts/grand-bien-vous-fasse"
"France Inter (FR)";"FR";"2026-10-06";"à Moissac | 2";"https://radiofrance.fr/franceinter/podcasts/le-jeu-des-1-000/le-jeu-des-1000-euros-du-mardi-06-octobre-2026-2860105"
"France Inter (FR)";"FR";"2026-10-06";"Le jeu des 1 000 €";"https://radiofrance.fr/franceinter/podcasts/le-jeu-des-1000"
"France Inter (FR)";"FR";"2026-10-06";"Daniel Morin en liberté : Marine Baousson, doublure";"https://radiofrance.fr/franceinter/podcasts/daniel-morin-en-liberte/daniel-morin-en-liberte-du-mardi-06-octobre-2026-6833931"
"France Inter (FR)";"FR";"2026-10-06";"Daniel Morin en liberté";"https://radiofrance.fr/franceinter/podcasts/daniel-morin"
"France Inter (FR)";"FR";"2026-10-06";"Prendre un tunnel pour s’évader";"https://radiofrance.fr/franceinter/podcasts/la-chronique-de-fiona-gianilla/fiona-gianilla-la-franche-touch-du-mardi-06-octobre-2026-5712306"
"France Inter (FR)";"FR";"2026-10-06";"La chronique de Fiona Gianilla";"https://radiofrance.fr/franceinter/podcasts/la-chronique-de-fiona-g"
"France Inter (FR)";"FR";"2026-10-06";"20 ans après Anna Politkovskaïa : que reste-t-il de la liberté d'informer en Russie ?";"https://radiofrance.fr/franceinter/podcasts/le-debat/le-debat-de-la-grand-matinale-du-mardi-06-octobre-2026-3151767"
"France Inter (FR)";"FR";"2026-10-06";"Le débat";"https://radiofrance.fr/franceinter/podcasts/le-debat-du-7-10"
"France Inter (FR)";"FR";"2026-10-06";"L’Espagne ouvre le bal électoral en Europe, la place de l’extrême droite est en jeu";"https://radiofrance.fr/franceinter/podcasts/geopolitique/geopolitique-du-mardi-06-octobre-2026-4465560"
"France Inter (FR)";"FR";"2026-10-06";"Géopolitique";"https://radiofrance.fr/franceinter/podcasts/geopolitique"
"France Inter (FR)";"FR";"2026-10-06";"Delphine Horvilleur : ""Sont seuls tous les gens qui veulent aller contre l'air du temps et la polarisation""";"https://radiofrance.fr/franceinter/podcasts/l-invite-de-7h50/l-invite-de-7h50-du-mardi-06-octobre-2026-7093436"
"France Inter (FR)";"FR";"2026-10-06";"L'Invité de 7h50";"https://radiofrance.fr/franceinter/podcasts/l-invite-de-7h50"
"France Inter (FR)";"FR";"2026-10-06";"Origine du RN";"https://radiofrance.fr/franceinter/podcasts/la-chronique-de-manon-bril/manon-bril-l-amie-de-la-franche-du-mardi-06-octobre-2026-6301180"
"France Inter (FR)";"FR";"2026-10-06";"La chronique de Manon Bril";"https://radiofrance.fr/franceinter/podcasts/la-chronique-de-manon-bril"
"France Inter (FR)";"FR";"2026-10-06";"Adrien Boullier - Jardinier-botaniste au château d'Acquigny (Eure) - ""C'est la plante qui laisse une trace, pas l'homme""";"https://radiofrance.fr/franceinter/podcasts/regarde-la-france/regarde-la-france-du-mardi-06-octobre-2026-2532915"
"France Inter (FR)";"FR";"2026-10-06";"Regarde la France";"https://radiofrance.fr/franceinter/podcasts/regarde-la-france"
"France Inter (FR)";"FR";"2026-10-06";"L'agriculture en coup de chaud";"https://radiofrance.fr/franceinter/podcasts/l-edito-eco/l-edito-eco-du-mardi-06-octobre-2026-7845753"
"France Inter (FR)";"FR";"2026-10-06";"L'Édito éco";"https://radiofrance.fr/franceinter/podcasts/l-edito-eco"
"France Inter (FR)";"FR";"2026-10-06";"Star montante de l'énergie, où est passé l'hydrogène ?";"https://radiofrance.fr/franceinter/podcasts/debout-la-terre/debout-la-terre-du-mardi-06-octobre-2026-9327530"
"France Inter (FR)";"FR";"2026-10-06";"Debout la Terre";"https://radiofrance.fr/franceinter/podcasts/la-lutte-enchantee"
"France Inter (FR)";"FR";"2026-10-06";"""On doit tout jeter"", des agriculteurs face à la contamination aux PFAS";"https://radiofrance.fr/franceinter/podcasts/le-grand-reportage-de-france-inter/le-grand-reportage-du-mardi-06-octobre-2026-6548317"
"France Inter (FR)";"FR";"2026-10-06";"Le Grand reportage de France Inter";"https://radiofrance.fr/franceinter/podcasts/le-zoom-de-la-redaction"
"France Inter (FR)";"FR";"2026-10-06";"La pomme, histoire d’une co-évolution réussie";"https://radiofrance.fr/franceinter/podcasts/tout-va-bien-dans-ce-monde/tout-va-bien-dans-ce-monde-du-lundi-05-octobre-2026-7115184"
"France Inter (FR)";"FR";"2026-10-06";"Tout va bien dans ce monde";"https://radiofrance.fr/franceinter/podcasts/tout-va-bien-dans-ce-monde"
"France Inter (FR)";"FR";"2026-10-06";"Chasseurs et écologistes : un dialogue est-il possible?";"https://radiofrance.fr/franceinter/podcasts/la-terre-au-carre/la-terre-au-carre-du-lundi-05-octobre-2026-2263336"
"France Inter (FR)";"FR";"2026-10-06";"La Terre au carré";"https://radiofrance.fr/franceinter/podcasts/la-terre-au-carre"
"France Inter (FR)";"FR";"2026-10-06";"Beaufort, le lac de Roselend et son village englouti";"https://radiofrance.fr/franceinter/podcasts/c-est-loin-mais-c-est-beau/c-est-loin-mais-c-est-beau-du-mardi-06-octobre-2026-1217223"
"France Inter (FR)";"FR";"2026-10-06";"Le mouvement d'une jeunesse en crise";"https://radiofrance.fr/franceinter/podcasts/l-edito-politique/l-edito-politique-du-mardi-06-octobre-2026-9881916"
"France Inter (FR)";"FR";"2026-10-06";"L'Édito politique";"https://radiofrance.fr/franceinter/podcasts/l-edito-politique"
"France Inter (FR)";"FR";"2026-10-06";"Pourquoi les trimarans vont plus vite que des catamarans ?";"https://radiofrance.fr/franceinter/podcasts/les-p-tits-bateaux/les-p-tits-bateaux-du-lundi-05-octobre-2026-7782658"
"France Inter (FR)";"FR";"2026-10-06";"Les P'tits Bateaux";"https://radiofrance.fr/franceinter/podcasts/les-p-tits-bateaux"
"France Inter (FR)";"FR";"2026-10-06";"Blocage des lycées : à l’origine du mouvement";"https://radiofrance.fr/franceinter/podcasts/zoom-zoom-zen/zoom-zoom-zen-du-lundi-05-octobre-2026-8870325"
"France Inter (FR)";"FR";"2026-10-06";"Zoom Zoom Zen";"https://radiofrance.fr/franceinter/podcasts/zoom-zoom-zen"
"France Inter (FR)";"FR";"2026-10-06";"Ménopause, contraception, endométriose : que penser des traitements hormonaux ?";"https://radiofrance.fr/franceinter/podcasts/grand-bien-vous-fasse/grand-bien-vous-fasse-du-lundi-05-octobre-2026-7970799"
"France Inter (FR)";"FR";"2026-10-06";"Paul Belmondo : ""Mon père avait une boulimie de travailler, parce qu'il pensait que ça ne durerait pas""";"https://radiofrance.fr/franceinter/podcasts/le-grand-portrait/le-grand-portrait-du-lundi-05-octobre-2026-7563928"
"France Inter (FR)";"FR";"2026-10-06";"Le Grand portrait";"https://radiofrance.fr/franceinter/podcasts/l-invite-de-9h10"
"France Inter (FR)";"FR";"2026-10-06";"""Même les failles laissent passer la lumière"" de Célia Samba : l'illettrisme éclairé par une héroïne bouleversante";"https://radiofrance.fr/franceinter/podcasts/la-bibliotheque-des-ados/la-bibliotheque-des-ados-du-lundi-05-octobre-2026-4572534"
"France Inter (FR)";"FR";"2026-10-06";"La bibliothèque des ados";"https://radiofrance.fr/franceinter/podcasts/la-bibliotheque-des-ados"
"France Inter (FR)";"FR";"2026-10-06";"Seuls mais ensemble...";"https://radiofrance.fr/franceinter/podcasts/le-pas-de-cote-de-christophe-andre/le-pas-de-cote-de-christophe-andre-du-mardi-06-octobre-2026-9164770"
"France Inter (FR)";"FR";"2026-10-06";"Le pas de côté de Christophe André";"https://radiofrance.fr/franceinter/podcasts/le-pas-de-cote-de-christophe-andre"
"France Inter (FR)";"FR";"2026-10-06";"Assistants sexuels pour personnes handicapées : la fin du tabou ?";"https://radiofrance.fr/franceinter/podcasts/le-grand-reportage-de-france-inter/le-grand-reportage-du-jeudi-01-octobre-2026-1836469"
"France Inter (FR)";"FR";"2026-10-06";"Alexis Landot : ""Je regarde la mort en face, je sais qu'elle n'est pas dans mon dos""";"https://radiofrance.fr/franceinter/podcasts/nouvelles-tetes/nouvelles-tetes-du-mardi-06-octobre-2026-9013332"
"France Inter (FR)";"FR";"2026-10-06";"Nouvelles têtes";"https://radiofrance.fr/franceinter/podcasts/nouvelles-tetes"
"France Inter (FR)";"FR";"2026-10-06";"Équipe de France féminine de rugby : près de 45 ans après leur premier match, les pionnières enfin honorées";"https://radiofrance.fr/franceinter/podcasts/l-info-de-france-inter/equipe-de-france-feminine-de-rugby-pres-de-45-ans-apres-leur-premier-match-les-pionnieres-enfin-honorees-6184850"
"France Inter (FR)";"FR";"2026-10-06";"À SQY Ping, le parasport au quotidien : Florence Sireau, ""Ce club reste familial""";"https://radiofrance.fr/franceinter/podcasts/esprit-sport/esprit-sport-du-mardi-06-octobre-2026-8325993"
"France Inter (FR)";"FR";"2026-10-06";"Esprit sport";"https://radiofrance.fr/franceinter/podcasts/esprit-sport"
"France Inter (FR)";"FR";"2026-10-06";"Soft planète du lundi 05 octobre 2026";"https://radiofrance.fr/franceinter/podcasts/soft-planete/soft-planete-du-lundi-05-octobre-2026-3947720"
"France Culture (FR)";"FR";"2026-10-06";"Eva Gonzalez au Petit Palais : la peintre... et la femme ?";"https://radiofrance.fr/franceculture/podcasts/le-regard-culturel/le-regard-culturel-chronique-du-mardi-06-octobre-2026-5249819"
"France Culture (FR)";"FR";"2026-10-06";"En démocratie, qui a le droit à la violence ?";"https://radiofrance.fr/franceculture/podcasts/les-chantiers-de-la-recherche/quel-a-ete-le-role-des-femmes-dans-le-genocide-au-rwanda-4658991"
"France Culture (FR)";"FR";"2026-10-06";"Israël : une campagne électorale à l'ombre du 7-Octobre";"https://radiofrance.fr/franceculture/podcasts/affaires-etrangeres/israel-une-campagne-electorale-a-l-ombre-du-7-octobre-1907704"
"France Culture (FR)";"FR";"2026-10-06";"Hélène Hazera, une femme de combat";"https://radiofrance.fr/franceculture/podcasts/serie-helene-hazera-une-femme-de-combat"
"France Culture (FR)";"FR";"2026-10-06";"Aaron Sorkin, réalisateur : ""Donald Trump autorise les Américains à se comporter de manière indécente”";"https://radiofrance.fr/franceculture/podcasts/les-enjeux-internationaux/aaron-sorkin-realisateur-de-the-social-reckoning-1690525"
"France Culture (FR)";"FR";"2026-10-06";"Le prix Nobel de médecine et physiologie 2026 récompense l'optogénétique";"https://radiofrance.fr/franceculture/podcasts/avec-sciences/le-prix-nobel-de-medecine-et-physiologie-2026-recompense-l-optogenetique-4170937"
"France Culture (FR)";"FR";"2026-10-06";"Brésil : les blessures d’une démocratie";"https://radiofrance.fr/franceculture/podcasts/serie-bresil-les-blessures-d-une-democratie"
"France Culture (FR)";"FR";"2026-10-06";"""Le Grand Monde"" de Pierre Lemaitre";"https://radiofrance.fr/franceculture/podcasts/serie-le-grand-monde-de-pierre-lemaitre"
"France Culture (FR)";"FR";"2026-10-06";"Canada : les indépendantistes remportent les élections au Québec";"https://radiofrance.fr/franceculture/podcasts/la-revue-de-presse-internationale/la-revue-de-presse-internationale-emission-du-mardi-06-octobre-2026-1131280"
"France Culture (FR)";"FR";"2026-10-06";"La Revue de presse internationale";"https://radiofrance.fr/franceculture/podcasts/revue-de-presse-internationale"
"France Culture (FR)";"FR";"2026-10-06";"Les Enjeux internationaux";"https://radiofrance.fr/franceculture/podcasts/les-enjeux-internationaux"
"France Culture (FR)";"FR";"2026-10-06";"Pour se financer, les musées publics ont de nouvelles idées";"https://radiofrance.fr/franceculture/podcasts/le-journal-de-l-eco/pour-se-financer-les-musees-publics-ont-des-nouvelles-idees-2449799"
"France Culture (FR)";"FR";"2026-10-06";"Le Journal de l'éco";"https://radiofrance.fr/franceculture/podcasts/le-journal-de-l-eco"
"France Culture (FR)";"FR";"2026-10-06";"Les bibliothécaires, ""intermédiaires culturels"" discrets dans la chaîne du livre";"https://radiofrance.fr/franceculture/podcasts/l-info-culturelle-reportages-enquetes-analyses/des-bibliothecaires-qui-ont-change-au-fil-du-temps-2772357"
"France Culture (FR)";"FR";"2026-10-06";"L'Info culturelle : reportages, enquêtes, analyses";"https://radiofrance.fr/franceculture/podcasts/l-actualite-culturelle-reportages-enquetes-analyses"
"France Culture (FR)";"FR";"2026-10-06";"L' « Acte III » de la mobilisation des lycéens : manifestations en cours dans plusieurs villes";"https://radiofrance.fr/franceculture/podcasts/journal-de-12h30/journal-de-12h30-du-mardi-06-octobre-2026-1645718"
"France Culture (FR)";"FR";"2026-10-06";"Journal de 12h30";"https://radiofrance.fr/franceculture/podcasts/journal-de-12h30"
"France Culture (FR)";"FR";"2026-10-06";"Tuer la mère, sauver sa peau, avec Louise Chennevière";"https://radiofrance.fr/franceculture/podcasts/le-book-club/tuer-la-mere-sauver-sa-peau-avec-louise-chenneviere-3624540"
"France Culture (FR)";"FR";"2026-10-06";"Phœbe Hadjimarkos Clarke, écrivaine : “Il m’est impossible d’écrire un roman sans fantastique déguisé”";"https://radiofrance.fr/franceculture/podcasts/les-midis-de-culture-l-invite-e/phoebe-hadjimarkos-clarke-traverse-les-frontieres-avec-le-livre-des-souterrains-1020724"
"France Culture (FR)";"FR";"2026-10-06";"L'or du démon : rencontre avec Ian McGuire";"https://radiofrance.fr/franceculture/podcasts/mauvais-genres/l-or-du-demon-rencontre-avec-ian-mcguire-9391974"
"France Culture (FR)";"FR";"2026-10-06";"Kae Tempest : retour au roman";"https://radiofrance.fr/franceculture/podcasts/le-book-club/kae-tempest-retour-au-roman-2794282"
"France Culture (FR)";"FR";"2026-10-06";"""Nous aussi"" d'Anne Godard : la force du ""on""";"https://radiofrance.fr/franceculture/podcasts/le-regard-culturel/le-regard-culturel-chronique-du-mercredi-09-septembre-2026-5280197"
"France Culture (FR)";"FR";"2026-10-06";"Antoine Volodine et les 11 romans d'Infernus Johannes : le post-exotisme, bouquet final";"https://radiofrance.fr/franceculture/podcasts/mauvais-genres/operation-volodine-le-post-exotisme-bouquet-final-1076220"
"France Culture (FR)";"FR";"2026-10-06";"""Debout dans tes rêves"" d'Abdellah Taïa, une histoire d'amitié";"https://radiofrance.fr/franceculture/podcasts/le-book-club/promesses-avec-abdellah-taia-4947356"
"France Culture (FR)";"FR";"2026-10-06";"""Mais que fait ce sang sur le pull de Jennifer ?"" de Lucie Rico, ou l’obsession d’une phrase inachevée";"https://radiofrance.fr/franceculture/podcasts/le-book-club/lucie-rico-ou-l-obsession-d-une-phrase-inachevee-4284547"
"France Culture (FR)";"FR";"2026-10-06";"Écrire l’inceste selon Daria Marx dans ""Tuer le vieux""";"https://radiofrance.fr/franceculture/podcasts/les-midis-de-culture/tuer-le-vieux-ecrire-l-inceste-selon-daria-marx-8396852"
"France Culture (FR)";"FR";"2026-10-06";"Premier roman : ""Abdallah Superstar"", un conte électro entre la France et Djibouti";"https://radiofrance.fr/franceculture/podcasts/l-invite-e-des-matins-d-ete/abdallah-superstar-un-conte-electro-entre-la-france-et-djibouti-3189093"
"France Culture (FR)";"FR";"2026-10-06";"Les Philosophes au pouvoir";"https://radiofrance.fr/franceculture/podcasts/les-philosophes-au-pouvoir"
"France Culture (FR)";"FR";"2026-10-06";"Le Cas de conscience";"https://radiofrance.fr/franceculture/podcasts/le-cas-de-conscience"
"France Culture (FR)";"FR";"2026-10-06";"Grand Angle";"https://radiofrance.fr/franceculture/podcasts/grand-angle-de-plan-large"
"France Culture (FR)";"FR";"2026-10-06";"Classe créative : le manager de la semaine";"https://radiofrance.fr/franceculture/podcasts/classe-creative-le-manager-de-la-semaine"
"France Culture (FR)";"FR";"2026-10-06";"Le Droit d'ailleurs";"https://radiofrance.fr/franceculture/podcasts/le-droit-d-ailleurs"
"France Culture (FR)";"FR";"2026-10-06";"Les Clés de l'enfance";"https://radiofrance.fr/franceculture/podcasts/les-cles-de-l-enfance"
"France Culture (FR)";"FR";"2026-10-06";"Les Mystères des lieux";"https://radiofrance.fr/franceculture/podcasts/les-mysteres-des-lieux"
"France Culture (FR)";"FR";"2026-10-06";"Le Film de la semaine";"https://radiofrance.fr/franceculture/podcasts/le-film-de-la-semaine-de-plan-large"
"France Culture (FR)";"FR";"2026-10-06";"Le Point culture XXL : l'agenda";"https://radiofrance.fr/franceculture/podcasts/le-point-culture-xxl-l-agenda"
"France Culture (FR)";"FR";"2026-10-06";"Au nom du droit";"https://radiofrance.fr/franceculture/podcasts/au-nom-du-droit"
"France Culture (FR)";"FR";"2026-10-06";"Questions du soir : le débat";"https://radiofrance.fr/franceculture/podcasts/le-temps-du-debat"
"France Culture (FR)";"FR";"2026-10-06";"Les Midis de Culture";"https://radiofrance.fr/franceculture/podcasts/les-midis-de-culture"
"France Culture (FR)";"FR";"2026-10-06";"Avec philosophie";"https://radiofrance.fr/franceculture/podcasts/avec-philosophie"
"France Culture (FR)";"FR";"2026-10-06";"Le Point idées : le journal des sciences sociales";"https://radiofrance.fr/franceculture/podcasts/le-point-idees"
"France Culture (FR)";"FR";"2026-10-06";"Les Matins";"https://radiofrance.fr/franceculture/podcasts/les-matins"
"France Culture (FR)";"FR";"2026-10-06";"Questions du soir : l'idée";"https://radiofrance.fr/franceculture/podcasts/l-idee-questions-du-soir"
"France Culture (FR)";"FR";"2026-10-06";"La Science, CQFD";"https://radiofrance.fr/franceculture/podcasts/la-science-cqfd"
"France Culture (FR)";"FR";"2026-10-06";"François d'Assise, la sainteté est un sport de combat";"https://radiofrance.fr/franceculture/podcasts/serie-francois-d-assise-la-saintete-est-un-sport-de-combat"
"France Culture (FR)";"FR";"2026-10-06";"Marx avant ""Le Capital""";"https://radiofrance.fr/franceculture/podcasts/serie-marx-avant-le-capital"
"France Culture (FR)";"FR";"2026-10-06";"Cuicui, meuh, tagada, histoires d'animaux";"https://radiofrance.fr/franceculture/podcasts/serie-cuicui-meuh-tagada-histoires-d-animaux"
"France Culture (FR)";"FR";"2026-10-06";"Parasite(s)";"https://radiofrance.fr/franceculture/podcasts/serie-parasite-s"
"France Culture (FR)";"FR";"2026-10-06";"Chantal Goya, la Mylène Farmer des enfants";"https://radiofrance.fr/franceculture/podcasts/serie-chantal-goya-la-mylene-farmer-des-enfants"
"France Culture (FR)";"FR";"2026-10-06";"Belgique : l’extrême droite privée de direct";"https://radiofrance.fr/franceculture/podcasts/serie-belgique-l-extreme-droite-privee-de-direct"
"France Culture (FR)";"FR";"2026-10-06";"""Notre salut"" et l'obéissance anticipative";"https://radiofrance.fr/franceculture/podcasts/le-regard-culturel/le-regard-culturel-chronique-du-mercredi-30-septembre-2026-9787753"
"France Culture (FR)";"FR";"2026-10-06";"Le Regard culturel";"https://radiofrance.fr/franceculture/podcasts/la-critique"
"France Culture (FR)";"FR";"2026-10-06";"Religieuses, des histoires de sœurs";"https://radiofrance.fr/franceculture/podcasts/serie-religieuses-des-histoires-de-soeurs"
"France Culture (FR)";"FR";"2026-10-06";"L'Ardèche, le temps des communautés";"https://radiofrance.fr/franceculture/podcasts/serie-l-ardeche-le-temps-des-communautes"
"France Culture (FR)";"FR";"2026-10-06";"Au pays des songes, 2001-2026 (Israël-Palestine, archives oniriques)";"https://radiofrance.fr/franceculture/podcasts/serie-au-pays-des-songes-2001-2026-israel-palestine-archives-oniriques"
"France Culture (FR)";"FR";"2026-10-06";"Les 2Be3 : étoiles filantes";"https://radiofrance.fr/franceculture/podcasts/serie-les-2be3-etoiles-filantes"
"France Culture (FR)";"FR";"2026-10-06";"Verdun 1916, au cœur d'une guerre totale";"https://radiofrance.fr/franceculture/podcasts/serie-verdun-1916-au-coeur-d-une-guerre-totale"
"France Culture (FR)";"FR";"2026-10-06";"La Joconde sort du silence";"https://radiofrance.fr/franceculture/podcasts/serie-la-joconde-sort-du-silence"
"France Culture (FR)";"FR";"2026-10-06";"Troubles dys : des vies à inventer";"https://radiofrance.fr/franceculture/podcasts/serie-troubles-dys-des-vies-a-inventer"
"France Culture (FR)";"FR";"2026-10-06";"Habiba Msika (1903-1930), une artiste libre aux multiples talents";"https://radiofrance.fr/franceculture/podcasts/toute-une-vie/habiba-msika-une-artiste-libre-aux-multiples-talents-6978561"
"France Culture (FR)";"FR";"2026-10-06";"Hans le Malin, le cheval qui savait lire et compter";"https://radiofrance.fr/franceculture/podcasts/serie-hans-le-malin-le-cheval-qui-savait-lire-et-compter"
"France Culture (FR)";"FR";"2026-10-06";"Les ultras de la collaboration";"https://radiofrance.fr/franceculture/podcasts/serie-les-ultras-de-la-collaboration"
"France Culture (FR)";"FR";"2026-10-06";"Catholiques de France, la tentation radicale";"https://radiofrance.fr/franceculture/podcasts/serie-catholiques-de-france-la-tentation-radicale"
"France Culture (FR)";"FR";"2026-10-06";"L'effet chat";"https://radiofrance.fr/franceculture/podcasts/serie-l-effet-chat"
"France Culture (FR)";"FR";"2026-10-06";"La trilogie des ""J'ai trop..."" de David Lescot";"https://radiofrance.fr/franceculture/podcasts/serie-la-trilogie-des-j-ai-trop-de-david-lescot"
"France Culture (FR)";"FR";"2026-10-06";"""Les Malheurs de Sophie, une comédie musicale"" de Sabine Zovighian et Michael Liot - Saison 2";"https://radiofrance.fr/franceculture/podcasts/serie-les-malheurs-de-sophie-une-comedie-musicale-de-sabine-zovighian-et-michael-liot-saison-2"
"France Culture (FR)";"FR";"2026-10-06";"""Le Petit Chaperon rouge"" de Pierre Senges, d’après le conte de Charles Perrault";"https://radiofrance.fr/franceculture/podcasts/fictions-theatre-et-cie/le-petit-chaperon-rouge-concert-fiction-de-pierre-senges-d-apres-le-conte-de-charles-perrault-1991892"
"France Culture (FR)";"FR";"2026-10-06";"Le Trésor de Rackham le Rouge : les Aventures de Tintin";"https://radiofrance.fr/franceculture/podcasts/serie-le-tresor-de-rackham-le-rouge-les-aventures-de-tintin"
"France Culture (FR)";"FR";"2026-10-06";"LSD, la série documentaire";"https://radiofrance.fr/franceculture/podcasts/lsd-la-serie-documentaire"
"France Culture (FR)";"FR";"2026-10-06";"Conte d'été : amours de jeunesse";"https://radiofrance.fr/franceculture/podcasts/les-pieds-sur-terre/conte-d-ete-amours-de-jeunessse-5949660"
"France Culture (FR)";"FR";"2026-10-06";"Les Pieds sur terre";"https://radiofrance.fr/franceculture/podcasts/les-pieds-sur-terre"
"France Culture (FR)";"FR";"2026-10-06";"Sur le tournage d'un porno ""éthique""";"https://radiofrance.fr/franceculture/podcasts/les-pieds-sur-terre/sur-le-tournage-d-un-porno-ethique-4896878"
"France Culture (FR)";"FR";"2026-10-06";"La cavale de l'urne électorale";"https://radiofrance.fr/franceculture/podcasts/les-pieds-sur-terre/la-cavale-de-l-urne-electorale-5859915"
"France Culture (FR)";"FR";"2026-10-06";"En trouple";"https://radiofrance.fr/franceculture/podcasts/les-pieds-sur-terre/en-trouple-6905943"
"France Culture (FR)";"FR";"2026-10-06";"Héroïne, le temps des seringues";"https://radiofrance.fr/franceculture/podcasts/serie-heroine-le-temps-des-seringues"
"France Culture (FR)";"FR";"2026-10-06";"Même pas mort";"https://radiofrance.fr/franceculture/podcasts/serie-meme-pas-mort"
"France Culture (FR)";"FR";"2026-10-06";"""Les Eloignés"" de Sophie Maurer";"https://radiofrance.fr/franceculture/podcasts/serie-les-eloignes-de-sophie-maurer"
"France Culture (FR)";"FR";"2026-10-06";"Vie de chien";"https://radiofrance.fr/franceculture/podcasts/serie-vie-de-chien"
"France Culture (FR)";"FR";"2026-10-06";"Mes années Boum, une enquête algérienne";"https://radiofrance.fr/franceculture/podcasts/serie-mes-annees-boum-une-enquete-algerienne"
"France Culture (FR)";"FR";"2026-10-06";"Concert-fiction : Blanche-Neige & sortilèges";"https://radiofrance.fr/franceculture/podcasts/fictions-theatre-et-cie/concert-fiction-blanche-neige-sortileges-3143340"
"France Culture (FR)";"FR";"2026-10-06";"Le journal de ma vie";"https://radiofrance.fr/franceculture/podcasts/serie-le-journal-de-ma-vie"
"France Culture (FR)";"FR";"2026-10-06";"""L'Homme invisible"" de H. G. Wells";"https://radiofrance.fr/franceculture/podcasts/serie-l-homme-invisible-de-h-g-wells"
"France Culture (FR)";"FR";"2026-10-06";"""AfficheTonEx"" de Romain Weber et Constance Vilanova";"https://radiofrance.fr/franceculture/podcasts/serie-affichetonex-ecrit-par-romain-weber"
"France Culture (FR)";"FR";"2026-10-06";"Fureurs";"https://radiofrance.fr/franceculture/podcasts/serie-fureurs"
"France Culture (FR)";"FR";"2026-10-06";"Republication du roman ""Une femme nommée Moïse"" : Tennessee Williams au-delà du théâtre";"https://radiofrance.fr/franceculture/podcasts/le-point-culture/les-midis-de-culture-le-point-culture-emission-du-mardi-06-octobre-2026-2741424"
"France Culture (FR)";"FR";"2026-10-06";"Le Point culture";"https://radiofrance.fr/franceculture/podcasts/affaire-en-cours"
"France Culture (FR)";"FR";"2026-10-06";"""Football Leaks"" : le lanceur d'alerte Rui Pinto lâché par la justice portugaise";"https://radiofrance.fr/franceculture/podcasts/un-monde-connecte/football-leaks-le-lanceur-d-alerte-rui-pinto-lache-par-la-justice-portugaise-3177547"
"France Culture (FR)";"FR";"2026-10-06";"Un monde connecté";"https://radiofrance.fr/franceculture/podcasts/planete-connectee"
"France Culture (FR)";"FR";"2026-10-06";"Les géants de la tech font-ils de bons méchants de cinéma ?";"https://radiofrance.fr/franceculture/podcasts/les-midis-de-culture/les-geants-de-la-tech-font-ils-de-bons-mechants-de-cinema-5237156"
"France Culture (FR)";"FR";"2026-10-06";"Isabelle Huppert joue une figurante dans ""Ni vue ni connue""";"https://radiofrance.fr/franceculture/podcasts/les-midis-de-culture-l-invite-e/isabelle-huppert-joue-une-figurante-dans-ni-vue-ni-connue-1354919"
"France Culture (FR)";"FR";"2026-10-06";"Les Midis de Culture : l'invité(e)";"https://radiofrance.fr/franceculture/podcasts/les-midis-de-culture-l-invite"
"France Culture (FR)";"FR";"2026-10-06";"Le Kalevala";"https://radiofrance.fr/franceculture/podcasts/tout-un-monde/grands-textes-fondateurs-1-le-kalevala-plongee-dans-les-mondes-finno-ougriens-hongrie-finlande-esthonie-etc-7407092"
"France Culture (FR)";"FR";"2026-10-06";"Tout un monde";"https://radiofrance.fr/franceculture/podcasts/tout-un-monde"
"France Culture (FR)";"FR";"2026-10-06";"Voiture, un modèle qui écrase tout";"https://radiofrance.fr/franceculture/podcasts/cultures-monde/voiture-un-modele-qui-ecrase-tout-1526679"
"France Culture (FR)";"FR";"2026-10-06";"Cultures Monde";"https://radiofrance.fr/franceculture/podcasts/cultures-monde"
"France Culture (FR)";"FR";"2026-10-06";"Pourquoi le pouvoir ne doit-il insulter personne ?";"https://radiofrance.fr/franceculture/podcasts/le-pourquoi-du-comment-philo/pourquoi-le-pouvoir-ne-doit-il-insulter-personne-1273622"
"France Culture (FR)";"FR";"2026-10-06";"Le Pourquoi du comment : philo";"https://radiofrance.fr/franceculture/podcasts/le-pourquoi-du-comment-philo"
"France Culture (FR)";"FR";"2026-10-06";"Socrate contre l'emprise amoureuse";"https://radiofrance.fr/franceculture/podcasts/avec-philosophie/faut-il-preferer-le-sexe-entre-amis-4953622"
"France Culture (FR)";"FR";"2026-10-06";"Marseille au Moyen Âge, le commerce à bon port";"https://radiofrance.fr/franceculture/podcasts/le-cours-de-l-histoire/marseille-au-moyen-age-le-commerce-a-bon-port-8668570"
"France Culture (FR)";"FR";"2026-10-06";"Le Cours de l'histoire";"https://radiofrance.fr/franceculture/podcasts/le-cours-de-l-histoire"
"France Culture (FR)";"FR";"2026-10-06";"Les Chantiers de la recherche";"https://radiofrance.fr/franceculture/podcasts/les-chantiers-de-la-recherche"
"France Culture (FR)";"FR";"2026-10-06";"La loi ""pour le plein-emploi"" fragiliserait davantage des personnes déjà précaires";"https://radiofrance.fr/franceculture/podcasts/journal-de-7-h/journal-de-7h-du-mardi-06-octobre-2026-4662810"
"France Culture (FR)";"FR";"2026-10-06";"Journal de 7 h";"https://radiofrance.fr/franceculture/podcasts/journal-de-7-h"
"France Culture (FR)";"FR";"2026-10-06";"Naissance d'une personnalité juridique pour une entité naturelle";"https://radiofrance.fr/franceculture/podcasts/grand-reportage/naissance-d-une-personnalite-juridique-pour-une-entite-naturelle-3754642"
"France Culture (FR)";"FR";"2026-10-06";"Grand Reportage";"https://radiofrance.fr/franceculture/podcasts/grand-reportage"
"France Culture (FR)";"FR";"2026-10-06";"Lycéens mutilés : Laurent Nuñez peut-il laisser faire ?";"https://radiofrance.fr/franceculture/podcasts/le-billet-politique/lyceens-mutiles-laurent-nunez-peut-il-laisser-faire-8834627"
"France Culture (FR)";"FR";"2026-10-06";"Le Billet politique";"https://radiofrance.fr/franceculture/podcasts/le-billet-politique"
"France Culture (FR)";"FR";"2026-10-06";"Mouvement lycéen : quelles réponses apporter aux revendications ?";"https://radiofrance.fr/franceculture/podcasts/l-invite-e-des-matins/l-invite-e-des-matins-emission-du-mardi-06-octobre-2026-6970653"
"France Culture (FR)";"FR";"2026-10-06";"L'Invité(e) des Matins";"https://radiofrance.fr/franceculture/podcasts/l-invite-e-des-matins"
"France Culture (FR)";"FR";"2026-10-06";"Une famille théâtrale";"https://radiofrance.fr/franceculture/podcasts/a-voix-nue/une-famille-theatrale-1282640"
"France Culture (FR)";"FR";"2026-10-06";"À voix nue";"https://radiofrance.fr/franceculture/podcasts/a-voix-nue"
"France Culture (FR)";"FR";"2026-10-06";"Vive la pistache française !";"https://radiofrance.fr/franceculture/podcasts/les-bonnes-choses/les-bonnes-choses-emission-du-dimanche-04-octobre-2026-7272030"
"France Culture (FR)";"FR";"2026-10-06";"Les Bonnes Choses";"https://radiofrance.fr/franceculture/podcasts/les-bonnes-choses"
"France Culture (FR)";"FR";"2026-10-06";"Baguettes et controverses : l’histoire mouvementée du pain blanc en France";"https://radiofrance.fr/franceculture/podcasts/les-chantiers-de-la-recherche/baguettes-et-controverses-l-histoire-mouvementee-du-pain-blanc-en-france-1442854"
"ARTE (FR)";"FR";"2026-10-06";"Guide TV";"https://www.arte.tv/fr/guide/"
"ARTE (FR)";"FR";"2026-10-06";"[Vidéo/Article] Amours Solitaires";"https://www.arte.tv/fr/videos/RC-019324/amours-solitaires/"
"ARTE (FR)";"FR";"2026-10-06";"Amours solitairesUne série inspirée du compte Instagram de Morgane OrtinReconquérir son ex, c’est… compliqué, surtout quand on est parti à l’étranger sans lui donner de nouvelles.Série";"https://www.arte.tv/fr/videos/RC-019324/amours-solitaires/"
"ARTE (FR)";"FR";"2026-10-06";"Regarder";"https://www.arte.tv/fr/videos/RC-019324/amours-solitaires/"
"ARTE (FR)";"FR";"2026-10-06";"Info";"https://www.arte.tv/fr/videos/info-et-societe/"
"ARTE (FR)";"FR";"2026-10-06";"Documentaires";"https://www.arte.tv/fr/videos/documentaires-et-reportages/"
"ARTE (FR)";"FR";"2026-10-06";"Séries";"https://www.arte.tv/fr/videos/series-et-fictions/"
"ARTE (FR)";"FR";"2026-10-06";"Émissions";"https://www.arte.tv/fr/videos/emissions/"
"ARTE (FR)";"FR";"2026-10-06";"Concert";"https://www.arte.tv/fr/videos/135044-000-A/catherine-ringer-chante-les-rita-mitsouko/"
"ARTE (FR)";"FR";"2026-10-06";"Hommage à Catherine RingerSon concert à la Philharmonie de ParisHommage à la légende de la pop hexagonale disparue ce 14 septembre. Replongez dans l'univers des Rita Mitsouko, capté en 2019.101 minConcert";"https://www.arte.tv/fr/videos/135044-000-A/catherine-ringer-chante-les-rita-mitsouko/"
"ARTE (FR)";"FR";"2026-10-06";"Regarder";"https://www.arte.tv/fr/videos/135044-000-A/catherine-ringer-chante-les-rita-mitsouko/"
"ARTE (FR)";"FR";"2026-10-06";"Bande-annonce";"https://www.arte.tv/fr/videos/135044-000-A/?trailer=true"
"ARTE (FR)";"FR";"2026-10-06";"Concert";"https://www.arte.tv/fr/videos/132676-000-A/raye-guests/"
"ARTE (FR)";"FR";"2026-10-06";"Raye & guestsAu Montreux Jazz Festival 2026À l'occasion de la 60e édition du Montreux Jazz Festival, Raye invite sur scène plusieurs stars internationales de la pop.115 minConcertSous-titres. Sous-titresVersion originale. Version originale";"https://www.arte.tv/fr/videos/132676-000-A/raye-guests/"
"ARTE (FR)";"FR";"2026-10-06";"Regarder";"https://www.arte.tv/fr/videos/132676-000-A/raye-guests/"
"ARTE (FR)";"FR";"2026-10-06";"Bande-annonce";"https://www.arte.tv/fr/videos/132676-000-A/?trailer=true"
"ARTE (FR)";"FR";"2026-10-06";"Concert";"https://www.arte.tv/fr/videos/134165-001-A/yael-naim-orange-blossom-et-robinson-khoury/"
"ARTE (FR)";"FR";"2026-10-06";"Les Concerts VolantsNouvelle soirée tout en couleursYael Naim, Orange Blossom et Robinson Khoury : trois univers musicaux métissés pour ce voyage avec les Concerts Volants.94 minConcert";"https://www.arte.tv/fr/videos/134165-001-A/yael-naim-orange-blossom-et-robinson-khoury/"
"ARTE (FR)";"FR";"2026-10-06";"Regarder";"https://www.arte.tv/fr/videos/134165-001-A/yael-naim-orange-blossom-et-robinson-khoury/"
"ARTE (FR)";"FR";"2026-10-06";"Série";"https://www.arte.tv/fr/videos/RC-024574/de-grace/"
"ARTE (FR)";"FR";"2026-10-06";"De grâceAvec Olivier Gourmet et Panayotis PascotUne tragédie familiale dans l’univers des dockers du Havre. Avec Olivier Gourmet.Série";"https://www.arte.tv/fr/videos/RC-024574/de-grace/"
"ARTE (FR)";"FR";"2026-10-06";"Regarder";"https://www.arte.tv/fr/videos/RC-024574/de-grace/"
"ARTE (FR)";"FR";"2026-10-06";"Bande-annonce";"https://www.arte.tv/fr/videos/RC-024574/?trailer=true"
"ARTE (FR)";"FR";"2026-10-06";"Concert";"https://www.arte.tv/fr/videos/133232-004-A/marguerite/"
"ARTE (FR)";"FR";"2026-10-06";"MargueriteLa révélation pop au Cabaret VertRévélée par la Star Academy, Marguerite livre une performance mêlant sensibilité, franchise et espièglerie.52 minConcert";"https://www.arte.tv/fr/videos/133232-004-A/marguerite/"
"ARTE (FR)";"FR";"2026-10-06";"Regarder";"https://www.arte.tv/fr/videos/133232-004-A/marguerite/"
"ARTE (FR)";"FR";"2026-10-06";"Concert";"https://www.arte.tv/fr/videos/133654-000-A/selah-sue-and-the-gallands/"
"ARTE (FR)";"FR";"2026-10-06";"Selah Sue and the GallandsSession en plein air au lac LémanPour sa 60e édition, le Montreux Jazz Festival dévoile une session live d’exception avec Selah Sue & The Gallands. 34 minConcert";"https://www.arte.tv/fr/videos/133654-000-A/selah-sue-and-the-gallands/"
"ARTE (FR)";"FR";"2026-10-06";"Regarder";"https://www.arte.tv/fr/videos/133654-000-A/selah-sue-and-the-gallands/"
"ARTE (FR)";"FR";"2026-10-06";"Votre prochaine série vous attend";"https://www.arte.tv/fr/videos/series-et-fictions/"
"ARTE (FR)";"FR";"2026-10-06";"Voir tout";"https://www.arte.tv/fr/videos/series-et-fictions/"
"ARTE (FR)";"FR";"2026-10-06";"Nos films à l'affiche";"https://www.arte.tv/fr/videos/cinema/"
"ARTE (FR)";"FR";"2026-10-06";"Voir tout";"https://www.arte.tv/fr/videos/cinema/"
"ARTE (FR)";"FR";"2026-10-06";"Les documentaires à ne pas manquer";"https://www.arte.tv/fr/videos/documentaires-et-reportages/"
"ARTE (FR)";"FR";"2026-10-06";"Voir tout";"https://www.arte.tv/fr/videos/documentaires-et-reportages/"
"ARTE (FR)";"FR";"2026-10-06";"Prolongez l'été !";"https://www.arte.tv/fr/videos/RC-028332/prolonger-l-ete/"
"ARTE (FR)";"FR";"2026-10-06";"Voir tout";"https://www.arte.tv/fr/videos/RC-028332/prolonger-l-ete/"
"ARTE (FR)";"FR";"2026-10-06";"Culture";"https://www.arte.tv/fr/videos/culture-et-pop/"
"ARTE (FR)";"FR";"2026-10-06";"Voir tout";"https://www.arte.tv/fr/videos/culture-et-pop/"
"ARTE (FR)";"FR";"2026-10-06";"Nos émissions en un coup d'œil";"https://www.arte.tv/fr/videos/emissions/"
"ARTE (FR)";"FR";"2026-10-06";"Voir tout";"https://www.arte.tv/fr/videos/emissions/"
"ARTE (FR)";"FR";"2026-10-06";"Histoire";"https://www.arte.tv/fr/videos/histoire/"
"ARTE (FR)";"FR";"2026-10-06";"Voir tout";"https://www.arte.tv/fr/videos/histoire/"
"ARTE (FR)";"FR";"2026-10-06";"Sciences et technologies";"https://www.arte.tv/fr/videos/sciences/"
"ARTE (FR)";"FR";"2026-10-06";"Voir tout";"https://www.arte.tv/fr/videos/sciences/"
"ARTE (FR)";"FR";"2026-10-06";"Les vidéos les plus vues";"https://www.arte.tv/fr/videos/plus-vues/"
"ARTE (FR)";"FR";"2026-10-06";"Voir tout";"https://www.arte.tv/fr/videos/plus-vues/"
"ARTE (FR)";"FR";"2026-10-06";"Catastrophe - Une série british sur les affres du couple";"https://www.arte.tv/fr/videos/RC-027959/catastrophe/"
"ARTE (FR)";"FR";"2026-10-06";"Taxe-moi, si tu peux ! - Les astuces fiscales des super-riches";"https://www.arte.tv/fr/videos/RC-027810/taxe-moi-si-tu-peux/"
"Time Magazine World (EN)";"EN";"2026-10-06";"POLITICO Blocked From Air Force One Amid Battle Over Media Access";"https://time.com/article/2026/10/05/politico-white-house-pool-air-force-one-trump-media-ban/"
"Time Magazine World (EN)";"EN";"2026-10-06";"Trump Administration Mounts ‘Largest Denaturalization Effort in Modern History’";"https://time.com/article/2026/10/06/denaturalization-citizenship-immigration-justice-department-trump/"
"Time Magazine World (EN)";"EN";"2026-10-06";"Trump Expands Access to Tax-Exempt Dyed Diesel to Try to Lower Fuel Costs";"https://time.com/article/2026/10/06/us-dyed-diesel-federal-highway-tax-fuel-costs-trump-farmers/"
"Time Magazine World (EN)";"EN";"2026-10-06";"Spain’s Leader Is Betting His Government on the Housing Crisis";"https://time.com/article/2026/10/05/spain-snap-elections-sanchez-housing-crisis/"
"Time Magazine World (EN)";"EN";"2026-10-06";"Now Is the Best Time to Get Your Flu Shot";"https://time.com/article/2026/10/05/now-is-the-best-time-to-get-your-flu-shot/"
"Time Magazine World (EN)";"EN";"2026-10-06";"Why the U.S. Bomber Withdrawal From a U.K. Air Base Is Significant";"https://time.com/article/2026/10/05/why-us-bomber-withdrawal-from-raf-fairford-air-base-matters/"
"Time Magazine World (EN)";"EN";"2026-10-06";"‘Cornell 7’ Case Renews Scrutiny of Fraternities";"https://time.com/article/2026/10/05/cornell-university-sexual-assault-allegations-fraternity-jane-doe-lawsuit/"
"Time Magazine World (EN)";"EN";"2026-10-06";"TIME100 Next 2026";"https://time.com/collection/time100-next/2026/"
"Time Magazine World (EN)";"EN";"2026-10-06";"When Is the Best Time to See Peak Fall Foliage?";"https://time.com/article/2026/10/05/when-is-the-best-time-to-see-peak-fall-foliage-/"
"Time Magazine World (EN)";"EN";"2026-10-06";"Making Sense of Verity's Ambiguous Ending";"https://time.com/article/2026/10/01/verity-ending-explained/"
"Time Magazine World (EN)";"EN";"2026-10-06";"The Case Against Wearing Headphones in Public";"https://time.com/article/2026/10/05/the-case-against-wearing-headphones-in-public/"
"Time Magazine World (EN)";"EN";"2026-10-06";"We Won't Know the Answers to AI's Most Important Questions Until It's Too Late";"https://time.com/article/2026/10/03/we-won-t-know-the-answers-to-ai-s-most-important-questions-until-its-too-late/"
"Time Magazine World (EN)";"EN";"2026-10-06";"TIME100 Next 2026TIME100 Next 2026";"https://time.com/collection/time100-next/2026/"
"Time Magazine World (EN)";"EN";"2026-10-06";"Swizz Beatz and Alicia Keys";"https://time.com/collection/time100-art/2026/alicia-keys-and-swizz-beatz/"
"Time Magazine World (EN)";"EN";"2026-10-06";"Money Reveals What Kind of Friend You Are";"https://time.com/article/2026/09/28/money-reveals-what-kind-of-friend-you-are/"
"Time Magazine World (EN)";"EN";"2026-10-06";"Flying Doesn’t Have to Be This Miserable";"https://time.com/article/2026/09/29/flying-doesn-t-have-to-be-this-miserable/"
"Time Magazine World (EN)";"EN";"2026-10-06";"The Case Against Pacing the AI Frontier";"https://time.com/article/2026/09/28/the-case-against-pacing-the-ai-frontier/"
"Time Magazine World (EN)";"EN";"2026-10-06";"How the War is Changing the Geography of Iran’s Influence";"https://time.com/article/2026/09/29/iran-war-houthis-red-sea-chokepoints-regional-influence/"
"Time Magazine World (EN)";"EN";"2026-10-06";"TIME100 Next 2026: The World's Most Influential Rising Stars";"https://time.com/collection/time100-next/2026/"
"Time Magazine World (EN)";"EN";"2026-10-06";"What We Know About Russia Pneumonic 'Plague' After Dozens Quarantined in Siberia";"https://time.com/article/2026/10/05/russia-plague-fears-siberia-quarantine-lab-worker-died/"
"Time Magazine World (EN)";"EN";"2026-10-06";"Gambling Is Sending More People to the ER";"https://time.com/article/2026/10/05/gambling-emergency-room-visits/"
"Time Magazine World (EN)";"EN";"2026-10-06";"America’s Health Care Workforce Is in Crisis";"https://time.com/article/2026/10/04/us-health-care-workforce-in-crisis/"
"Time Magazine World (EN)";"EN";"2026-10-06";"What to Know About the Dengue Outbreak in the U.S.";"https://time.com/article/2026/10/02/what-to-know-about-dengue-outbreak-florida-mosquito/"
"Time Magazine World (EN)";"EN";"2026-10-06";"The Next Generation of Weight-Loss Drugs Is Almost Here";"https://time.com/article/2026/10/01/next-generation-of-weight-loss-drugs-is-almost-here/"
"Time Magazine World (EN)";"EN";"2026-10-06";"Walking Faster May Help Reverse Frailty";"https://time.com/article/2026/09/30/walking-briskly-may-help-reverse-frailty/"
"Time Magazine World (EN)";"EN";"2026-10-06";"Breaking Down the Ending of 'Four Hands, Two Sonatas'";"https://time.com/article/2026/10/01/four-hands-two-sonatas-ending/"
"Time Magazine World (EN)";"EN";"2026-10-06";"The Elon Musk Documentary That Has Him Fighting Back";"https://time.com/article/2026/10/05/elon-musk-gibney-documentary/"
"Time Magazine World (EN)";"EN";"2026-10-06";"How 'East of Eden' Rescues Cathy From Evil";"https://time.com/article/2026/10/02/east-of-eden-netflix-cathy/"
"Time Magazine World (EN)";"EN";"2026-10-06";"'Tip Toe' Captures a World Gone Mad: Review";"https://time.com/article/2026/10/01/tip-toe-review-starz/"
"Time Magazine World (EN)";"EN";"2026-10-06";"The True Story Behind 'Atonement'";"https://time.com/article/2026/09/28/atonement-true-story-iraq-war/"
"Time Magazine World (EN)";"EN";"2026-10-06";"The True Story Behind 'The Widower'";"https://time.com/article/2026/09/28/the-widower-thomas-randolph-netflix/"
"Time Magazine World (EN)";"EN";"2026-10-06";"Awe in the Age of AI";"https://time.com/article/2026/10/02/awe-in-the-age-of-ai/"
"Time Magazine World (EN)";"EN";"2026-10-06";"Why the U.S. Must Simultaneously Compete—and Cooperate—With China on AI";"https://time.com/article/2026/10/01/the-u-s-must-compete-and-cooperate-with-china-on-ai/"
"Time Magazine World (EN)";"EN";"2026-10-06";"How Google Is Quietly Turning Millions of People Into AI Users";"https://time.com/article/2026/09/29/google-search-ai-mode-chat/"
"Time Magazine World (EN)";"EN";"2026-10-06";"The Fight to Rein In AI Is Dividing Washington";"https://time.com/article/2026/09/25/ai-congress-regulation-safety-democrats-republicans/"
"Time Magazine World (EN)";"EN";"2026-10-06";"Trump and Xi Meet Ahead of State Dinner With A.I. Leaders";"https://time.com/article/2026/09/24/Trump-Xi-meeting-White-House-2026-AI-trade-Iran/"
"Time Magazine World (EN)";"EN";"2026-10-06";"Europe’s Approach to Climate Change Is Entering a New Era";"https://time.com/article/2026/10/02/europe-s-approach-to-climate-is-entering-a-new-era/"
"Time Magazine World (EN)";"EN";"2026-10-06";"How Does Climate Change Impact Nor'easters?";"https://time.com/article/2026/09/25/climate-change-nor-easters/"
"Time Magazine World (EN)";"EN";"2026-10-06";"Everyone's Still Talking About Climate Change, Actually";"https://time.com/article/2026/09/25/new-york-climate-week/"
"Time Magazine World (EN)";"EN";"2026-10-06";"How To Help Pollinators Survive Winter";"https://time.com/article/2026/09/24/fall-yard-cleanup-pollinators-winter/"
"Time Magazine World (EN)";"EN";"2026-10-06";"Why California Declared a State of Emergency Due to El Niño";"https://time.com/article/2026/09/23/california-state-of-emergency-el-nino/"
"Time Magazine World (EN)";"EN";"2026-10-06";"Hurricane Polo Intensifies Off Mexico’s Coast";"https://time.com/article/2026/09/23/hurricane-polo-natural-disaster-el-nino-weather-mexico/"
"Icilome (FR)";"FR";"2026-10-06";"Togo- 21ème Foire Internationale de Lomé : rendez-vous au CETEF TOGO 2000 du 27 novembre au 13 décembre 2026";"https://icilome.com/2026/10/togo-21eme-foire-internationale-de-lome-rendez-vous-au-cetef-togo-2000-du-27-novembre-au-13-decembre-2026/"
"Icilome (FR)";"FR";"2026-10-06";"Togo – L’opposition promet un « dernier avertissement » au régime le 20 novembre";"https://icilome.com/2026/10/togo-lopposition-promet-un-dernier-avertissement-au-regime-le-20-novembre/"
"Icilome (FR)";"FR";"2026-10-06";"Togo – Au siège de la CDPA, la mémoire du 5 octobre comme arme politique";"https://icilome.com/2026/10/togo-au-siege-de-la-cdpa-la-memoire-du-5-octobre-comme-arme-politique/"
"Icilome (FR)";"FR";"2026-10-06";"Togo: L’IA au service du Trésor ou de la poule aux œufs d’or et du panier percé Ohh « boubou-gnats » de ladite 5e République";"https://icilome.com/2026/10/togo-lia-au-service-du-tresor-ou-de-la-poule-aux-oeufs-dor-et-du-panier-perce-ohh-boubou-gnats-de-ladite-5e-republique/"
"Icilome (FR)";"FR";"2026-10-06";"Togo : la diaspora désormais connectée à son ministère";"https://icilome.com/2026/10/togo-la-diaspora-desormais-connectee-a-son-ministere/"
"Icilome (FR)";"FR";"2026-10-06";"Journées Portes Ouvertes de la Police Nationale : le racket occulté ?";"https://icilome.com/2026/10/journees-portes-ouvertes-de-la-police-nationale-le-racket-occulte/"
"Icilome (FR)";"FR";"2026-10-06";"Togo – L’ADDI fête ses 35 ans en s’interrogeant sur la place de la jeunesse";"https://icilome.com/2026/10/togo-laddi-fete-ses-35-ans-en-sinterrogeant-sur-la-place-de-la-jeunesse/"
"Icilome (FR)";"FR";"2026-10-06";"Togo – Le  gouvernement se soucie-t-il de sa jeunesse ?";"https://icilome.com/2026/10/togo-le-gouvernement-se-soucie-t-il-de-sa-jeunesse/"
"Icilome (FR)";"FR";"2026-10-06";"Interview du président reconduit à la tête du PPT :  Honoré ADONTUI parle du nouveau défi et lance un appel au gouvernement";"https://icilome.com/2026/10/interview-du-president-reconduit-a-la-tete-du-ppt-honore-adontui-parle-du-nouveau-defi-et-lance-un-appel-au-gouvernement/"
"Icilome (FR)";"FR";"2026-10-06";"Togo – L’opposition appelle à se « ressourcer » à la CDPA ce dimanche";"https://icilome.com/2026/10/togo-lopposition-appelle-a-se-ressourcer-a-la-cdpa-ce-dimanche/"
"Icilome (FR)";"FR";"2026-10-06";"Togo-Russie : Lomé et Moscou élargissent leur partenariat aux mines et à l’énergie";"https://icilome.com/2026/10/togo-russie-lome-et-moscou-elargissent-leur-partenariat-aux-mines-et-a-lenergie/"
"Icilome (FR)";"FR";"2026-10-06";"Togo- Kara : 27 milliards s’ajoutent aux autres milliards déjà investis dans la recherche d’eau potable";"https://icilome.com/2026/10/togo-kara-27-milliards-sajoutent-aux-autres-milliards-deja-investis-dans-la-recherche-deau-potable/"
"Icilome (FR)";"FR";"2026-10-06";"Togo – Noces de cristal du SYNJIT : hommage aux pionniers et cap sur l’avenir";"https://icilome.com/2026/09/togo-noces-de-cristal-du-synjit-hommage-aux-pionniers-et-cap-sur-lavenir/"
"Icilome (FR)";"FR";"2026-10-06";"Togo – SYNJIT : 15 ans d’engagement syndical, un webinaire pour remobiliser les journalistes togolais";"https://icilome.com/2026/08/togo-synjit-15-ans-dengagement-syndical-un-webinaire-pour-remobiliser-les-journalistes-togolais/"
"Icilome (FR)";"FR";"2026-10-06";"Édito- Au Togo, on n’arrête plus les voleurs, on arrête les vendeurs de journaux";"https://icilome.com/2026/08/edito-au-togo-on-narrete-plus-les-voleurs-on-arrete-les-vendeurs-de-journaux/"
"Icilome (FR)";"FR";"2026-10-06";"Togo- Le PPT dénonce une « caporalisation » de la presse après l’interpellation musclée d’un vendeur de journaux";"https://icilome.com/2026/08/togo-le-ppt-denonce-une-caporalisation-de-la-presse-apres-linterpellation-musclee-dun-vendeur-de-journaux/"
"Icilome (FR)";"FR";"2026-10-06";"Oration On Liberty! Addressed to the People and Governors of Togo";"https://icilome.com/2026/07/oration-on-liberty-addressed-to-the-people-and-governors-of-togo/"
"Icilome (FR)";"FR";"2026-10-06";"Togo- Le SYNJIT prépare ses 15 ans avec de nouvelles cartes de membres";"https://icilome.com/2026/07/togo-le-synjit-prepare-ses-15-ans-avec-de-nouvelles-cartes-de-membres/"
"Icilome (FR)";"FR";"2026-10-06";"Video: Abdoul Aziz Goma Addresses the UN on Repression in Togo";"https://icilome.com/2026/03/video-abdoul-aziz-goma-addresses-the-un-on-repression-in-togo/"
"Icilome (FR)";"FR";"2026-10-06";"Togo – Enquête, pressions et refus de l’exil : le message fort de Roger Amemavoh (Vidéo)";"https://icilome.com/2026/02/togo-enquete-pressions-et-refus-de-lexil-le-message-fort-de-roger-amemavor-video/"
"Icilome (FR)";"FR";"2026-10-06";"Bénin : Le président Talon s’adresse à la nation après la tentative de coup d’État (vidéo)";"https://icilome.com/2025/12/benin-le-president-talon-sadresse-a-la-nation-apres-la-tentative-de-coup-detat-video/"
"Icilome (FR)";"FR";"2026-10-06";"Yves Edoh Agbodjan, alias Togbevi Kpéssé précise les objectifs de la délégation du M66 à New York (Interview)";"https://icilome.com/2025/09/yves-edoh-agbodjan-alias-togbevi-kpesse-precise-les-objectifs-de-la-delegation-du-m66-a-new-york-interview/"
"Icilome (FR)";"FR";"2026-10-06";"Vidéo – Le MO5 rejoint l’appel à la mobilisation du 30 août au Togo";"https://icilome.com/2025/08/video-le-mo5-rejoint-lappel-a-la-mobilisation-du-30-aout-au-togo/"
"Icilome (FR)";"FR";"2026-10-06";"Dr Charles BIRREGAH élu Vice-Président de la Conférence Régionale des Recteurs de l’AUF pour l’Afrique de l’Ouest";"https://icilome.com/2026/10/dr-charles-birregah-elu-vice-president-de-la-conference-regionale-des-recteurs-de-lauf-pour-lafrique-de-louest/"
"Icilome (FR)";"FR";"2026-10-06";"Résumé analytique d’un extrait de l’interview de Yaouza Ouro-Sama";"https://icilome.com/2026/10/resume-analytique-dun-extrait-de-linterview-de-yaouza-ouro-sama/"
"Icilome (FR)";"FR";"2026-10-06";"Togo : Paix sans démocratie, se mentir";"https://icilome.com/2026/10/togo-paix-sans-democratie-se-mentir/"
"Icilome (FR)";"FR";"2026-10-06";"Togo – Eau potable : à Kara, la bataille se joue d’abord sur le terrain";"https://icilome.com/2026/10/togo-eau-potable-a-kara-la-bataille-se-joue-dabord-sur-le-terrain/"
"Icilome (FR)";"FR";"2026-10-06";"Togo- Racket : le ministère de la Sécurité ouvre une ligne directe, le 1014";"https://icilome.com/2026/10/togo-racket-le-ministere-de-la-securite-ouvre-une-ligne-directe-le-1014/"
"Icilome (FR)";"FR";"2026-10-06";"Togo- CHU Sylvanus Olympio : à la morgue, les oubliés attendent toujours";"https://icilome.com/2026/10/togo-chu-sylvanus-olympio-a-la-morgue-les-oublies-attendent-toujours/"
"Icilome (FR)";"FR";"2026-10-06";"Nord du Togo : le colonel N’Guwaki prend Koundjoaré sous la pression des incursions";"https://icilome.com/2026/10/nord-du-togo-le-colonel-nguwaki-prend-koundjoare-sous-la-pression-des-incursions/"
"Icilome (FR)";"FR";"2026-10-06";"Togo- Anié : le plus grand magasin du marché réduit en cendre";"https://icilome.com/2026/09/togo-anie-le-plus-grand-magasin-du-marche-reduit-en-cendre/"
"Icilome (FR)";"FR";"2026-10-06";"Togo – BAC annulé pour trois candidats, comment le pouvoir encourage l’immoralité";"https://icilome.com/2026/09/togo-bac-annule-pour-trois-candidats-comment-le-pouvoir-encourage-limmoralite/"
"Icilome (FR)";"FR";"2026-10-06";"Tribune | Togo- Emploi, entrepreneuriat, formation : des programmes existent, mais les résultats sont-ils à la hauteur des attentes ?";"https://icilome.com/2026/09/tribune-togo-emploi-entrepreneuriat-formation-des-programmes-existent-mais-les-resultats-sont-ils-a-la-hauteur-des-attentes/"
"Icilome (FR)";"FR";"2026-10-06";"Togo- Agression au siège de la CDPA : pour Adjamagbo-Johnson, l’enquête s’est bloquée après la promotion de l’officier chargé du dossier";"https://icilome.com/2026/09/togo-agression-au-siege-de-la-cdpa-pour-adjamagbo-johnson-lenquete-sest-bloquee-apres-la-promotion-de-lofficier-charge-du-dossier/"
"Icilome (FR)";"FR";"2026-10-06";"Agoè-Fidokpui : Poteaux et câbles électriques abandonnés au milieu d’un marché inauguré aujourd’hui";"https://icilome.com/2026/09/agoe-fidokpui-poteaux-et-cables-electriques-abandonnes-au-milieu-dun-marche-inaugure-aujourdhui/"
"Icilome (FR)";"FR";"2026-10-06";"Agression de journalistes en septembre 2024 : le PPT s’interroge sur l’indifférence du gouvernement";"https://icilome.com/2026/09/agression-de-journalistes-en-septembre-2024-le-ppt-sinterroge-sur-lindifference-du-gouvernement/"
"Icilome (FR)";"FR";"2026-10-06";"Mali : Amnesty International accuse l’armée et Wagner de crimes de guerre contre des civils";"https://icilome.com/2026/09/141120/"
"Icilome (FR)";"FR";"2026-10-06";"Togo : Mme Kafui Adjamagbo-Johnson, pourquoi elle ne démissionne pas de l’Assemblée… pour l’instant";"https://icilome.com/2026/09/togo-mme-kafui-adjamagbo-johnson-pourquoi-elle-ne-demissionne-pas-de-lassemblee/"
"Icilome (FR)";"FR";"2026-10-06";"Togo- 29 septembre 2024 : deux ans après, les journalistes agressés au siège de la CDPA attendent toujours des réponses";"https://icilome.com/2026/09/togo-29-septembre-2024-deux-ans-apres-les-journalistes-agresses-au-siege-de-la-cdpa-attendent-toujours-des-reponses/"
"Icilome (FR)";"FR";"2026-10-06";"Togo- Eau potable : Kara lance un chantier pour près de 200 000 personnes";"https://icilome.com/2026/09/togo-eau-potable-kara-lance-un-chantier-pour-pres-de-200-000-personnes/"
"Icilome (FR)";"FR";"2026-10-06";"« Correct the Map » : Dussey, Bishop Donald et Blessing OR fêtent la victoire";"https://icilome.com/2026/09/correct-the-map-dussey-bishop-donald-et-blessing-or-fetent-la-victoire/"
"Icilome (FR)";"FR";"2026-10-06";"Après la mobilisation de New York, la DMK ORIGINALE appelle à l’unité des forces démocratiques togolaises";"https://icilome.com/2026/09/apres-la-mobilisation-de-new-york-la-dmk-originale-appelle-a-lunite-des-forces-democratiques-togolaises/"
"Icilome (FR)";"FR";"2026-10-06";"Africa Next Bénévolat : les lauréats des Africa Next Awards s’engagent à accompagner 100 PME africaines";"https://icilome.com/2026/09/africa-next-benevolat-les-laureats-des-africa-next-awards-sengagent-a-accompagner-100-pme-africaines/"
"Icilome (FR)";"FR";"2026-10-06";"CreaConnex 2026 : les créateurs de contenu appelés à mieux structurer leur activité";"https://icilome.com/2026/09/creaconnex-2026-les-createurs-de-contenu-appeles-a-mieux-structurer-leur-activite/"
"Icilome (FR)";"FR";"2026-10-06";"Togo : à Tchamba, 473 patients attendent l’aboutissement d’une mission chirurgicale gratuite";"https://icilome.com/2026/09/togo-a-tchamba-473-patients-attendent-laboutissement-dune-mission-chirurgicale-gratuite/"
"Icilome (FR)";"FR";"2026-10-06";"Togo – Hongrie : vers une accélération des projets communs dans l’eau et l’assainissement";"https://icilome.com/2026/09/togo-hongrie-vers-une-acceleration-des-projets-communs-dans-leau-et-lassainissement/"
"Icilome (FR)";"FR";"2026-10-06";"Comment le Togo s’écroule tout seul";"https://icilome.com/2026/09/comment-le-togo-secroule-tout-seul/"
"Icilome (FR)";"FR";"2026-10-06";"Le carburant a monté, la santé est descendue";"https://icilome.com/2026/09/le-carburant-a-monte-la-sante-est-descendue/"
"Icilome (FR)";"FR";"2026-10-06";"Togo- Kégué a retrouvé ses Éperviers, et les Éperviers ont retrouvé leur public";"https://icilome.com/2026/09/togo-kegue-a-retrouve-ses-eperviers-et-les-eperviers-ont-retrouve-leur-public/"
"Icilome (FR)";"FR";"2026-10-06";"Togo- Précarité des journalistes du privé: Le cri d’alarme du SYNJIT auprès des Nations Unies";"https://icilome.com/2026/09/togo-precarite-des-journalistes-du-prive-le-cri-dalarme-du-synjit-aupres-des-nations-unies/"
"Icilome (FR)";"FR";"2026-10-06";"Personnes sourdes au Togo : L’AST réclame des droits accessibles dans les faits";"https://icilome.com/2026/09/personnes-sourdes-au-togo-last-reclame-des-droits-accessibles-dans-les-faits/"
"Icilome (FR)";"FR";"2026-10-06";"Togo- Savanes, une bombe sociale : autochtones et réfugiés burkinabé se disputent les ressources limitées";"https://icilome.com/2026/09/togo-savanes-une-bombe-sociale-autochtones-et-refugies-burkinabe-se-disputent-les-ressources-limitees/"
"Icilome (FR)";"FR";"2026-10-06";"Nationale N°1/Après l’ultimatum : A quand le démarrage des travaux ?";"https://icilome.com/2026/09/nationale-n1-apres-lultimatum-a-quand-le-demarrage-des-travaux/"
"Icilome (FR)";"FR";"2026-10-06";"Togo- Vers quelle destination nous conduit-on ?";"https://icilome.com/2026/09/togo-vers-quelle-destination-nous-conduit-on/"
"Icilome (FR)";"FR";"2026-10-06";"Togo – Burundi : Les Éperviers appelés à étouffer les Hirondelles d’entrée";"https://icilome.com/2026/09/togo-burundi-les-eperviers-appeles-a-etouffer-les-hirondelles-dentree/"
"Icilome (FR)";"FR";"2026-10-06";"Chine-Togo : 54 ans de relations diplomatiques célébrés à Lomé";"https://icilome.com/2026/09/chine-togo-54-ans-de-relations-diplomatiques-celebres-a-lome/"
"Icilome (FR)";"FR";"2026-10-06";"Cherté des soins dans les hôpitaux publics face au droit  à la santé au Togo";"https://icilome.com/2026/09/cherte-des-soins-dans-les-hopitaux-publics-face-au-droit-a-la-sante-au-togo/"
"Icilome (FR)";"FR";"2026-10-06";"Togo- Prof. Kadanga Beketi :  « Les opinions politiques, religieuses ou sociales d’un patient ne peuvent pas constituer un motif de refus de soins »";"https://icilome.com/2026/09/togo-prof-kadanga-beketi-les-opinions-politiques-religieuses-ou-sociales-dun-patient-ne-peuvent-pas-constituer-un-motif-de-refus-de-soins/"
"Icilome (FR)";"FR";"2026-10-06";"Togo – 40 ans après, le devoir de mémoire";"https://icilome.com/2026/09/togo-40-ans-apres-le-devoir-de-memoire/"
"Icilome (FR)";"FR";"2026-10-06";"Togo – OTR : 155 véhicules seront mis aux enchères au PAL";"https://icilome.com/2026/09/togo-otr-155-vehicules-seront-mis-aux-encheres-au-pal/"
"Icilome (FR)";"FR";"2026-10-06";"Tribune – Épilogue | L’Ordre a parlé : Quand la déontologie a le dernier mot sur la menace";"https://icilome.com/2026/09/tribune-epilogue-lordre-a-parle-quand-la-deontologie-a-le-dernier-mot-sur-la-menace/"
"Icilome (FR)";"FR";"2026-10-06";"Robert Dussey sur la présence des “mercenaires russes” au Togo";"https://icilome.com/2026/09/robert-dussey-sur-la-presence-des-mercenaires-russes-au-togo/"
"Icilome (FR)";"FR";"2026-10-06";"Laissons le livre d’Orélien faire le même chemin";"https://icilome.com/2026/09/laissons-le-livre-dorelien-faire-le-meme-chemin/"
"Icilome (FR)";"FR";"2026-10-06";"Togo- Aéroport de Lomé : l’espace duty free cédé à un privé";"https://icilome.com/2026/09/togo-aeroport-de-lome-lespace-duty-free-cede-a-un-prive/"
"Icilome (FR)";"FR";"2026-10-06";"Togo – L’Ordre des médecins interpellé après des propos controversés de Mme Myriam Dossou-d’Almeida";"https://icilome.com/2026/09/togo-lordre-des-medecins-interpelle-apres-des-propos-controverses-de-mme-myriam-dossou-dalmeida/"
"Icilome (FR)";"FR";"2026-10-06";"Togo – Trois mois après le cambriolage de son cabinet, aucune avancée dans l’enquête sur Me Bokodjin";"https://icilome.com/2026/09/togo-trois-mois-apres-le-cambriolage-de-son-cabinet-aucune-avancee-dans-lenquete-sur-me-bokodjin/"
"Icilome (FR)";"FR";"2026-10-06";"Togo-Russie : Lomé accueille la première commission mixte intergouvernementale du 29 septembre au 1er octobre";"https://icilome.com/2026/09/togo-russie-lome-accueille-la-premiere-commission-mixte-intergouvernementale-du-29-septembre-au-1er-octobre/"
"Icilome (FR)";"FR";"2026-10-06";"Togo : la HARC muscle son dialogue avec les créateurs de contenus, entre pédagogie et encadrement publicitaire";"https://icilome.com/2026/09/togo-la-harc-muscle-son-dialogue-avec-les-createurs-de-contenus-entre-pedagogie-et-encadrement-publicitaire/"
"Icilome (FR)";"FR";"2026-10-06";"Togo- Fraude au bac : cinq ans de suspension pour deux agents d’un centre d’écrit à Tabligbo";"https://icilome.com/2026/09/togo-fraude-au-bac-cinq-ans-de-suspension-pour-deux-agents-dun-centre-decrit-a-tabligbo/"
"Icilome (FR)";"FR";"2026-10-06";"Togo – Le pouvoir togolais a plusieurs cordes à son arc";"https://icilome.com/2026/09/togo-le-pouvoir-togolais-a-plusieurs-cordes-a-son-arc/"
"Icilome (FR)";"FR";"2026-10-06";"Togo- Invité à Lomé pour un « accord de paix », le rebelle tchadien Luc Beyam finit en garde à vue pour dette d’hôtel";"https://icilome.com/2026/09/togo-invite-a-lome-pour-un-accord-de-paix-le-rebelle-tchadien-luc-beyam-finit-en-garde-a-vue-pour-dette-dhotel/"
"Togo First (FR)";"FR";"2026-10-06";"Diplomatie : Robert Dussey distingué à New York en marge de l’AG des Nations unies";"https://www.togofirst.com/fr/politique/0510-20247-diplomatie-robert-dussey-distingue-a-new-york-en-marge-de-l-ag-des-nations-unies"
"Togo First (FR)";"FR";"2026-10-06";"Togo - Chine : Lomé veut fluidifier les relations entre fisc et investisseurs";"https://www.togofirst.com/fr/gouvernance-economique/0510-20252-togo-chine-lome-veut-fluidifier-les-relations-entre-fisc-et-investisseurs"
"Togo First (FR)";"FR";"2026-10-06";"Monnaie électronique : la BCEAO rend PI-SPI obligatoire à partir de novembre";"https://www.togofirst.com/fr/gouvernance-economique/0510-20246-transferts-monetaires-interoperables-la-bceao-rend-pi-spi-obligatoire-pour-les-particuliers-des-novembre-2026"
"Togo First (FR)";"FR";"2026-10-06";"Campagne de commercialisation de karité : priorité aux besoins des transformateurs locaux";"https://www.togofirst.com/fr/agro/0510-20245-campagne-de-commercialisation-de-karite-priorite-aux-besoins-des-transformateurs-locaux"
"Togo First (FR)";"FR";"2026-10-06";"Port de Lomé : une nouvelle tournée dans l’AES pour consolider les corridors vers le Sahel";"https://www.togofirst.com/fr/gouvernance-economique/0510-20244-port-de-lome-une-nouvelle-tournee-dans-l-aes-pour-consolider-les-corridors-vers-le-sahel"
"Togo First (FR)";"FR";"2026-10-06";"Ecobank Togo équipe 80 bacheliers d’ordinateurs pour renforcer leurs compétences numériques";"https://www.togofirst.com/fr/tic/0510-20242-ecobank-togo-equipe-80-bacheliers-d-ordinateurs-pour-renforcer-leurs-competences-numeriques"
"Togo First (FR)";"FR";"2026-10-06";"Au Togo, le Sénat ouvre le chantier du budget 2027";"https://www.togofirst.com/fr/gestion-publique/0210-20236-au-togo-le-senat-ouvre-le-chantier-du-budget-2027"
"Togo First (FR)";"FR";"2026-10-06";"Togo : des brigades mobiles pour renforcer la surveillance environnementale et forestière";"https://www.togofirst.com/fr/agro/0210-20235-togo-des-brigades-mobiles-pour-renforcer-la-surveillance-environnementale-et-forestiere"
"Togo First (FR)";"FR";"2026-10-06";"Agriculture : Lomé s’appuiera sur le satellite du Kirghizistan pour mieux surveiller ses terres";"https://www.togofirst.com/fr/agro/0210-20234-agriculture-lome-s-appuiera-sur-le-satellite-du-kirghizistan-pour-mieux-surveiller-ses-terres"
"Togo First (FR)";"FR";"2026-10-06";"FAO : le mécanisme Forêts et Paysans a mobilisé environ 2,7 milliards FCFA en 7 ans au Togo";"https://www.togofirst.com/fr/agro/0210-20232-fao-le-mecanisme-forets-et-paysans-a-mobilise-environ-2-7-milliards-fcfa-en-7-ans-au-togo"
"Togo First (FR)";"FR";"2026-10-06";"À Lomé, la jeunesse francophone prépare sa contribution au Sommet de Phnom Penh";"https://www.togofirst.com/fr/social/0210-20231-a-lome-la-jeunesse-francophone-prepare-sa-contribution-au-sommet-de-phnom-penh"
"Togo First (FR)";"FR";"2026-10-06";"L’AED et WIETC s’associent pour rapprocher les formations des IFAD des besoins des chantiers au Togo";"https://www.togofirst.com/fr/btp/0210-20230-l-aed-et-wietc-s-associent-pour-rapprocher-les-formations-des-ifad-des-besoins-des-chantiers-au-togo"
"Togo First (FR)";"FR";"2026-10-06";"Togo : 16 démarches du ministère des Affaires étrangères désormais accessibles en ligne";"https://www.togofirst.com/fr/services-publics/0110-20224-togo-16-demarches-du-ministere-des-affaires-etrangeres-desormais-accessibles-en-ligne"
"Togo First (FR)";"FR";"2026-10-06";"Togo : le PAJEC prépare un dispositif pilote d’assurance agricole";"https://www.togofirst.com/fr/agro/0110-20223-togo-le-pajec-prepare-un-dispositif-pilote-d-assurance-agricole"
"Togo First (FR)";"FR";"2026-10-06";"Togo-Russie : la PIA présente ses opportunités d’investissement à une délégation russe";"https://www.togofirst.com/fr/investissement/0110-20222-togo-russie-la-pia-presente-ses-opportunites-d-investissement-a-une-delegation-russe"
"Togo First (FR)";"FR";"2026-10-06";"Pensions de retraite : au Togo, la CRT tourne la page du paiement en espèces";"https://www.togofirst.com/fr/social/0110-20221-pensions-de-retraite-au-togo-la-crt-tourne-la-page-du-paiement-en-especes"
"Togo First (FR)";"FR";"2026-10-06";"Energie : le Togo soutient l’implantation de la raffinerie de Dangote au Kenya";"https://www.togofirst.com/fr/energies/0110-20220-energie-le-togo-soutient-l-implantation-de-la-raffinerie-de-dangote-au-kenya"
"Togo First (FR)";"FR";"2026-10-06";"Projet D-CLIC: environ 300 millions FCFA investis par l’OIF dans la formation numérique des jeunes Togolais";"https://www.togofirst.com/fr/tic/0110-20218-projet-d-clic-environ-300-millions-fcfa-investis-par-l-oif-dans-la-formation-numerique-des-jeunes-togolais"
"Togo First (FR)";"FR";"2026-10-06";"Épargne digitale : Ohana Africa et Ecobank lancent le « Compte Familial » au Togo";"https://www.togofirst.com/fr/finance/2809-20187-epargne-digitale-ohana-africa-et-ecobank-lancent-le-compte-familial-au-togo"
"Togo First (FR)";"FR";"2026-10-06";"Togo : une nouvelle solution numérique de gestion des TPME lancée";"https://www.togofirst.com/fr/gouvernance-economique/2709-20178-vendre-facturer-suivre-b-pilot-l-appli-pour-simplifier-la-gestion-des-tpme"
"Togo First (FR)";"FR";"2026-10-06";"Gaëlle de Souza (Gazelle d'Afrik) : « On a tout chez nous, c'est nous-mêmes qui ne l'exploitons pas »";"https://www.togofirst.com/fr/agro/2609-20175-gael-de-souza-gazelle-dafrik-on-a-tout-chez-nous-cest-nous-memes-qui-ne-lexploitons-pas"
"Togo First (FR)";"FR";"2026-10-06";"« Nous voulons bâtir une marque laitière africaine à partir du wangash togolais », Assaba Akouétévi, promotrice de ROSHTA Wangash";"https://www.togofirst.com/fr/agro/1909-20108-nous-voulons-batir-une-marque-laitiere-africaine-a-partir-du-wangash-togolais-assaba-akouetevi-promotrice-de-roshta-wangash"
"Togo First (FR)";"FR";"2026-10-06";"Salim Tebonou (HORI) : « J'ai dû démissionner moi-même de la structure que j'avais co-créée pour repartir de zéro »";"https://www.togofirst.com/fr/gouvernance-economique/0208-19767-salim-tebonou-hori-jai-du-demissionner-moi-meme-de-la-structure-que-javais-creee-pour-repartir-de-zero"
"Togo First (FR)";"FR";"2026-10-06";"FIL 2026 : 70 % de réduction sur les stands pour les femmes et jeunes entrepreneurs";"https://www.togofirst.com/fr/gouvernance-economique/2707-19692-fil-2026-70-de-reduction-sur-les-stands-pour-les-femmes-et-jeunes-entrepreneurs"
"Togo First (FR)";"FR";"2026-10-06";"Togo : après la hausse du prix du carburant, le gouvernement baisse les tarifs de péage";"https://www.togofirst.com/fr/transport/0207-19428-togo-apres-la-hausse-du-prix-du-carburant-le-gouvernement-baisse-les-tarifs-de-peage"
"Togo First (FR)";"FR";"2026-10-06";"Togo : les résultats des examens désormais accessibles gratuitement via le Web, WhatsApp et Telegram";"https://www.togofirst.com/fr/education/0806-19171-togo-les-resultats-des-examens-desormais-accessibles-gratuitement-via-le-web-whatsapp-et-telegram"
"Togo First (FR)";"FR";"2026-10-06";"Le Togolais Kodjo Akpatigbe prend la tête de Deloitte au Togo et au Bénin";"https://www.togofirst.com/fr/finance/0207-19423-le-togolais-kodjo-akpatigbe-prend-la-tete-de-deloitte-au-togo-et-au-benin"
"Togo First (FR)";"FR";"2026-10-06";"Gouvernance et financement du secteur routier : le Togo crée l’AGEROUTE et la SONAFIR";"https://www.togofirst.com/fr/transport/2906-19371-gouvernance-et-financement-du-secteur-routier-le-togo-cree-l-ageroute-et-la-sonafir"
"Togo First (FR)";"FR";"2026-10-06";"Lancement d’une mission d’élaboration des normes de certification pour les entreprises de BTP";"https://www.togofirst.com/"
"Togo First (FR)";"FR";"2026-10-06";"Logement : à Kpomé-Dalavé, Adedze annonce le passage du programme des 20 000 unités à sa phase opérationnelle";"https://www.togofirst.com/fr/gouvernance-economique/1206-19219-logement-a-kpome-dalave-adedze-annonce-le-passage-du-programme-des-20-000-unites-a-sa-phase-operationnelle"
"Togo First (FR)";"FR";"2026-10-06";"Togo : pour une fonction publique plus performante, le gouvernement entend mettre en place un plan national";"https://www.togofirst.com/"
"Togo First (FR)";"FR";"2026-10-06";"Restauration des terres : la FAO lance un appel à projets pour des subventions pouvant atteindre 50 000 $";"https://www.togofirst.com/fr/agro/1506-19233-restauration-des-terres-la-fao-lance-un-appel-a-projets-pour-des-subventions-pouvant-atteindre-50-000"
"Togo First (FR)";"FR";"2026-10-06";"Partenariat : l’UL ouvre la voie à un master en énergie en double diplôme avec l'Université de Rostock";"https://www.togofirst.com/fr/education/3009-20215-partenariat-l-ul-ouvre-la-voie-a-un-master-en-energie-en-double-diplome-avec-luniversite-de-rostock"
"Togo First (FR)";"FR";"2026-10-06";"Coopération décentralisée : Lacs 1 et Nuremberg veulent prolonger leur partenariat";"https://www.togofirst.com/fr/gouvernance-economique/3009-20213-cooperation-decentralisee-lacs-1-et-nuremberg-veulent-prolonger-leur-partenariat"
"Togo First (FR)";"FR";"2026-10-06";"Togo-Russie : la CCI-Togo veut structurer les partenariats entre entreprises";"https://www.togofirst.com/fr/gouvernance-economique/3009-20212-togo-russie-la-cci-togo-veut-structurer-les-partenariats-entre-entreprises"
"Togo First (FR)";"FR";"2026-10-06";"Port de Lomé : les contrôles se renforcent aux entrées et sorties des môles 1 et 2";"https://www.togofirst.com/fr/gouvernance-economique/3009-20208-port-de-lome-les-controles-se-renforcent-aux-entrees-et-sorties-des-moles-1-et-2"
"Togo First (FR)";"FR";"2026-10-06";"Togo : la BIDC lance l’EIF 2027, plus de 500 participants et 40 projets annoncés à Lomé";"https://www.togofirst.com/fr/gouvernance-economique/3009-20207-togo-la-bidc-lance-l-eif-2027-plus-de-500-participants-et-40-projets-annonces-a-lome"
"Togo First (FR)";"FR";"2026-10-06";"BIDC : 10 millions USD mobilisés pour l’agriculture climatique au Togo et dans deux autres pays";"https://www.togofirst.com/fr/agro/2909-20204-bidc-10-millions-usd-mobilises-pour-l-agriculture-climatique-au-togo-et-dans-deux-autres-pays"
"Togo First (FR)";"FR";"2026-10-06";"Togo : de nouvelles démarches administratives désormais accessibles en ligne";"https://www.togofirst.com/fr/services-publics/2909-20203-togo-de-nouvelles-demarches-administratives-desormais-accessibles-en-ligne"
"Togo First (FR)";"FR";"2026-10-06";"Libre circulation en Afrique : Lomé prépare le futur Conseil consultatif des migrations";"https://www.togofirst.com/fr/gouvernance-economique/2909-20197-libre-circulation-en-afrique-lome-prepare-le-futur-conseil-consultatif-des-migrations"
"Togo First (FR)";"FR";"2026-10-06";"Togo : « Voix du Togo » entre en phase de test pour intégrer les langues locales à l’IA";"https://www.togofirst.com/fr/tic/2909-20196-togo-voix-du-togo-entre-en-phase-de-test-pour-integrer-les-langues-locales-a-l-ia"
"Togo First (FR)";"FR";"2026-10-06";"Togo : la campagne café-cacao 2026-2027 démarre avec de nouveaux prix aux producteurs";"https://www.togofirst.com/fr/agro/2909-20195-togo-la-campagne-cafe-cacao-2026-2027-demarre-avec-de-nouveaux-prix-aux-producteurs"
"Togo First (FR)";"FR";"2026-10-06";"Togo : les chiffres clés du secteur touristique";"https://www.togofirst.com/fr/culture/2909-20194-togo-les-chiffres-cles-du-secteur-touristique"
"Togo First (FR)";"FR";"2026-10-06";"Eau potable : 27 milliards FCFA pour desservir plus de 200 000 personnes à Kara";"https://www.togofirst.com/fr/social/2909-20193-eau-potable-27-milliards-fcfa-pour-desservir-plus-de-200-000-personnes-a-kara"
"Togo First (FR)";"FR";"2026-10-06";"Le Togo accélère la mise en place d’un compte satellite pour mieux mesurer le poids du tourisme";"https://www.togofirst.com/fr/gouvernance-economique/2809-20188-le-togo-accelere-la-mise-en-place-d-un-compte-satellite-pour-mieux-mesurer-le-poids-du-tourisme"
"Togo First (FR)";"FR";"2026-10-06";"L’Université de Kara conclut un partenariat avec la PIA pour rapprocher la recherche de l’industrie";"https://www.togofirst.com/fr/formation/2809-20186-l-universite-de-kara-conclut-un-partenariat-avec-la-pia-pour-rapprocher-la-recherche-de-l-industrie"
"Togo First (FR)";"FR";"2026-10-06";"Depuis Paris, la CCI-Togo veut connecter les PME aux marchés internationaux";"https://www.togofirst.com/fr/gouvernance-economique/2809-20185-depuis-paris-la-cci-togo-veut-connecter-les-pme-aux-marches-internationaux"
"Togo First (FR)";"FR";"2026-10-06";"Lomé et Abu Dhabi signent un accord d’exemption de visas diplomatiques";"https://www.togofirst.com/fr/politique/2809-20182-lome-et-abu-dhabi-signent-un-accord-d-exemption-de-visas-diplomatiques"
"Togo First (FR)";"FR";"2026-10-06";"Togo-Hongrie : après l’accord de 2025, Budapest veut accélérer les stations de boues de vidange du Grand Lomé";"https://www.togofirst.com/fr/social/2809-20181-togo-hongrie-apres-l-accord-de-2025-budapest-veut-accelerer-les-stations-de-boues-de-vidange-du-grand-lome"
"Togo First (FR)";"FR";"2026-10-06";"Télécoms : YAS conserve l'avantage national, mais Moov se distingue sur la 4G à Lomé";"https://www.togofirst.com/fr/telecoms/2709-20177-telecoms-yas-conserve-lavantage-national-mais-moov-se-distingue-sur-la-4g-a-lome"
"Togo First (FR)";"FR";"2026-10-06";"Togo : une mission de Gavi prépare la mise en œuvre de la stratégie 2026-2030";"https://www.togofirst.com/fr/sante/2509-20173-togo-une-mission-de-gavi-prepare-la-mise-en-uvre-de-la-strategie-2026-2030"
"Togo First (FR)";"FR";"2026-10-06";"Au Togo, les préfectures de Blitta et Ogou placées sous surveillance après une flambée de cas de rougeole";"https://www.togofirst.com/fr/sante/2509-20167-au-togo-les-prefectures-de-blitta-et-ogou-placees-sous-surveillance-apres-une-flambee-de-cas-de-rougeole"
"Togo First (FR)";"FR";"2026-10-06";"FESPACO 2027 : le Togo, pays invité d’honneur";"https://www.togofirst.com/fr/culture/2509-20166-fespaco-2027-le-togo-pays-invite-d-honneur"
"Togo First (FR)";"FR";"2026-10-06";"Protection des données : le Togo et le Mali renforcent leur coopération";"https://www.togofirst.com/fr/tic/2509-20165-protection-des-donnees-le-togo-et-le-mali-renforcent-leur-cooperation"
"Togo First (FR)";"FR";"2026-10-06";"La BOAD débloque 82 milliards FCFA au profit du Togo, pour l'Agriculture et l'énergie";"https://www.togofirst.com/fr/gouvernance-economique/2509-20164-la-boad-debloque-82-milliards-fcfa-au-profit-du-togo-pour-lagriculture-et-lenergie"
"L'Alternative (TG)";"FR";"2026-10-06";"Accueil";"https://lalternative.info/"
"L'Alternative (TG)";"FR";"2026-10-06";"A propos";"https://lalternative.info/about-us/"
"L'Alternative (TG)";"FR";"2026-10-06";"Abonnement";"https://lalternative.info/abonnez-vous-a-votre-journal/"
"L'Alternative (TG)";"FR";"2026-10-06";"Togo- Primature, ministère des Enseignements, brigade pour mineurs, CNDH passifs sur...";"https://lalternative.info/2024/09/14/togo-primature-ministere-des-enseignements-brigade-pour-mineurs-cndh-passifs-sur-le-viol-sur-une-petite-fille-a-lecole-la-madone/"
"L'Alternative (TG)";"FR";"2026-10-06";"Togo- Kao Baobadi, l’architecte de l’immeuble défectueux de la LONATO, ses...";"https://lalternative.info/2024/05/15/togo-kao-baobadi-larchitecte-de-limmeuble-defectueux-de-la-lonato-ses-deux-appartements-a-dubai/"
"L'Alternative (TG)";"FR";"2026-10-06";"Un appartement d’Yvonne Bawizibadi Gnassingbé à Dubaï au cœur d’une lutte...";"https://lalternative.info/2024/05/17/un-appartement-dyvonne-bawizibadi-gnassingbe-a-dubai-au-coeur-dune-lutte-de-succession/"
"L'Alternative (TG)";"FR";"2026-10-06";"Togo- Vague d’arrestations en cours au sein des FAT";"https://lalternative.info/2024/07/16/togo-vague-darrestations-en-cours-au-sein-des-fat/"
"L'Alternative (TG)";"FR";"2026-10-06";"Togo- Vote de moins de 50 députés, procurations fabriquées au nom...";"https://lalternative.info/2024/03/31/togo-vote-de-moins-de-50-deputes-procurations-fabriquees-au-nom-des-absents-voici-comment-le-coup-detat-constitutionnel-sest-passe-lundi/"
"L'Alternative (TG)";"FR";"2026-10-06";"Togo-La CEET installe un groupe de 14 millions chez la ministre...";"https://lalternative.info/2024/03/15/togo-la-ceet-installe-un-groupe-de-14-millions-chez-la-ministre-de-lenergie-et-des-mines/"
"L'Alternative (TG)";"FR";"2026-10-06";"Togo- Football : Qui est Nibombé Daré, le nouveau sélectionneur des Eperviers ?";"https://lalternative.info/2024/07/15/togo-football-qui-est-nibombe-dare-le-nouveau-selectionneur-des-eperviers/"
"L'Alternative (TG)";"FR";"2026-10-06";"Togo- Justice : Mandat d’arrêt international contre le Cdt Olivier Amah...";"https://lalternative.info/2024/08/07/togo-justice-mandat-darret-international-contre-le-cdt-olivier-amah-et-le-journaliste-ferdinand-ayite/"
"L'Alternative (TG)";"FR";"2026-10-06";"Togo- CEET: Voici les 3 étapes pour mettre à jour son...";"https://lalternative.info/2024/06/27/togo-ceet-voici-les-3-etapes-pour-mettre-a-jour-son-compteur-cash-power/"
"L'Alternative (TG)";"FR";"2026-10-06";"Togo- Arrestations à Kara : incertitude sur le sort du capitaine...";"https://lalternative.info/2024/07/23/togo-arrestations-a-kara-incertitude-sur-le-sort-du-capitaine-dare-kondi-photo/"
"L'Alternative (TG)";"FR";"2026-10-06";"Togo- Kpendjal : Inhumation sans hommage des militaires tombés au front";"https://lalternative.info/2024/07/29/togo-kpendjal-inhumation-sans-hommage-des-militaires-tombes-au-front/"
"L'Alternative (TG)";"FR";"2026-10-06";"NOUS SOUTENIR";"/donate"
"L'Alternative (TG)";"FR";"2026-10-06";"À propos";"https://lalternative.info/about-us/"
"L'Alternative (TG)";"FR";"2026-10-06";"Faire un don";"https://lalternative.info/donate/"
"L'Alternative (TG)";"FR";"2026-10-06";"Abonnez-vous à votre journal";"https://lalternative.info/abonnez-vous-a-votre-journal/"
"L'Alternative (TG)";"FR";"2026-10-06";"Journal L'alternative";"https://lalternative.info/author/lalternative24/"
"L'Alternative (TG)";"FR";"2026-10-06";"Togo- Un jeune officier retrouvé mort dans son bureau au camp BIR";"https://lalternative.info/2026/09/24/togo-un-jeune-officier-retrouve-mort-dans-son-bureau-au-camp-bir/"
"L'Alternative (TG)";"FR";"2026-10-06";"Togo- Journaliste kidnappé, torturé puis jeté dans la brousse… à qui profite le crime ?";"https://lalternative.info/2026/09/09/togo-journaliste-kidnappe-torture-puis-jete-dans-la-brousse-a-qui-profite-le-crime/"
"L'Alternative (TG)";"FR";"2026-10-06";"Diplomatie : deux français arrêtés au Togo, Faure Gnassingbé veut l’extradition de Ferdinand AYITE contre leur libération";"https://lalternative.info/2026/08/18/diplomatie-deux-francais-arretes-au-togo-faure-gnassingbe-veut-lextradition-de-ferdinand-ayite-contre-leur-liberation/"
"L'Alternative (TG)";"FR";"2026-10-06";"Mahama décide de consulter le peuple pour la révision constitutionnelle";"https://lalternative.info/2026/08/16/mahama-decide-de-consulter-le-peuple-pour-la-revision-constitutionnelle/"
"L'Alternative (TG)";"FR";"2026-10-06";"Togo- Tribune : La Cour de justice de la CEDEAO face à un pouvoir qui s’entête à ne jamais avoir tort";"https://lalternative.info/2026/08/10/togo-tribune-la-cour-de-justice-de-la-cedeao-face-a-un-pouvoir-qui-sentete-a-ne-jamais-avoir-tort/"
"L'Alternative (TG)";"FR";"2026-10-06";"La révision constitutionnelle ravive les tensions politiques";"https://lalternative.info/2026/08/08/la-revision-constitutionnelle-ravive-les-tensions-politiques/"
"L'Alternative (TG)";"FR";"2026-10-06";"Togo- Kara : 27 milliards s’ajoutent aux autres milliards déjà investis dans la recherche d’eau potable";"https://lalternative.info/2026/10/01/togo-kara-27-milliards-sajoutent-aux-autres-milliards-deja-investis-dans-la-recherche-deau-potable/"
"L'Alternative (TG)";"FR";"2026-10-06";"Togo- Tribune : « On ne soigne pas à la tête du client »";"https://lalternative.info/2026/09/12/togo-tribune-on-ne-soigne-pas-a-la-tete-du-client/"
"L'Alternative (TG)";"FR";"2026-10-06";"Togo- Tribune : Nous voulons savoir ce que vous reprochez à Fred Vedomey";"https://lalternative.info/2026/08/28/togo-tribune-nous-voulons-savoir-ce-que-vous-reprochez-a-fred-vedomey/"
"L'Alternative (TG)";"FR";"2026-10-06";"Togo-Tribune : Moscou tisse sa toile à Lomé";"https://lalternative.info/2026/07/30/togo-tribune-moscou-tisse-sa-toile-a-lome/"
"L'Alternative (TG)";"FR";"2026-10-06";"TRIBUNE- Coupe du monde 2026 : Pourquoi les sélections africaines s’effondrent en fin de match";"https://lalternative.info/2026/07/05/tribune-coupe-du-monde-2026-pourquoi-les-selections-africaines-seffondrent-en-fin-de-match/"
"L'Alternative (TG)";"FR";"2026-10-06";"Togo- Savanes, une bombe sociale : autochtones et réfugiés burkinabé se disputent les ressources limitées";"https://lalternative.info/2026/09/23/togo-savanes-une-bombe-sociale-autochtones-et-refugies-burkinabe-se-disputent-les-ressources-limitees/"
"L'Alternative (TG)";"FR";"2026-10-06";"Togo- Aéroport de Lomé : l’espace duty free cédé à un privé";"https://lalternative.info/2026/09/23/togo-aeroport-de-lome-lespace-duty-free-cede-a-un-prive/"
"L'Alternative (TG)";"FR";"2026-10-06";"Des douaniers en détention pour trafic de drogue";"https://lalternative.info/2026/09/20/des-douaniers-en-detention-pour-trafic-de-drogue/"
"L'Alternative (TG)";"FR";"2026-10-06";"Togo- Hausse des prix du carburant : Deux Togolais s’affrontent, le virtuel et le réel";"https://lalternative.info/2026/09/16/togo-hausse-des-prix-du-carburant-deux-togolais-saffrontent-le-virtuel-et-le-reel/"
"L'Alternative (TG)";"FR";"2026-10-06";"Togo- Anié : le plus grand magasin du marché réduit en cendre";"https://lalternative.info/2026/09/28/togo-anie-le-plus-grand-magasin-du-marche-reduit-en-cendre/"
"L'Alternative (TG)";"FR";"2026-10-06";"Togo- Les dirigeants africains en chantiers, Faure Gnassingbé fête la correction du « Map »";"https://lalternative.info/2026/09/13/togo-quand-les-dirigeants-africains-sont-sur-les-chantiers-faure-gnassingbe-fete-la-correction-du-map/"
"L'Alternative (TG)";"FR";"2026-10-06";"Togo- Une augmentation de 137 F CFA sur le litre du super sans plomb en 3 mois";"https://lalternative.info/2026/09/11/togo-une-augmentation-de-137-f-cfa-sur-le-litre-du-super-sans-plomb-en-3-mois/"
"L'Alternative (TG)";"FR";"2026-10-06";"Offre d’emploi/L’ALTERNATIVE";"https://lalternative.info/2024/03/07/offre-demploi-lalternative/"
"L'Alternative (TG)";"FR";"2026-10-06";"« Le peuple ne mange pas les notations » : Oligui Nguema dans le concret, Faure Gnassingbé dans les chiffres fabriqués";"https://lalternative.info/2026/09/10/le-peuple-ne-mange-pas-les-notations-oligui-nguema-dans-le-concret-faure-gnassingbe-dans-les-chiffres-fabriques/"
"L'Alternative (TG)";"FR";"2026-10-06";"Isidore kouwonou";"https://lalternative.info/author/ksisdore/"
"L'Alternative (TG)";"FR";"2026-10-06";"Togo- OTR : Éric Amouzou Folly le mari d’une des inspectrices, arrêté";"https://lalternative.info/2026/09/07/togo-otr-eric-amouzou-folly-le-mari-dune-des-inspectrices-arrete/"
"L'Alternative (TG)";"FR";"2026-10-06";"L'Alternative";"https://lalternative.info/author/equipeedito/"
"L'Alternative (TG)";"FR";"2026-10-06";"Togo- Encore un scandale à l’OTR : des cadres de la DGI en garde à vue à la DCPJ";"https://lalternative.info/2026/09/06/togo-encore-un-scandale-a-lotr-des-cadres-de-la-dgi-en-garde-a-vue-a-la-dcpj/"
"L'Alternative (TG)";"FR";"2026-10-06";"La CCJA condamne définitivement l’UTB à verser plus de 2,5 milliards de FCFA à TMI";"https://lalternative.info/2026/07/22/la-ccja-condamne-definitivement-lutb-a-verser-plus-de-25-milliards-de-fcfa-a-tmi/"
"L'Alternative (TG)";"FR";"2026-10-06";"Togo- Scandale à l’OTR : Donko Bileyo et Klouvi Dedegan inculpées par le doyen des juges";"https://lalternative.info/2026/05/17/togo-scandale-a-lotr-donko-bileyo-et-klouvi-dedegan-inculpees-par-le-doyen-des-juges/"
"L'Alternative (TG)";"FR";"2026-10-06";"Togo- OTR : Donko Bileyo virée, plainte contre Ferdinand Ayité retirée";"https://lalternative.info/2026/04/19/togo-otr-donko-bileyo-viree-plainte-contre-ferdinand-ayite-retiree/"
"L'Alternative (TG)";"FR";"2026-10-06";"Togo- OTR : le CENTIF saisit le procureur, le doyen des juges d’instruction ouvre une enquête, un autre compte de 530 millions découverts à NSIA";"https://lalternative.info/2026/04/05/togo-otr-le-centif-saisit-le-procureur-le-doyen-des-juges-dinstruction-ouvre-une-enquete-un-autre-compte-de-530-millions-decouverts-a-nsia/"
"L'Alternative (TG)";"FR";"2026-10-06";"John Mahama offre des billets de la Coupe du monde à la diaspora ghanéenne";"https://lalternative.info/2026/06/01/john-mahama-offre-des-billets-de-la-coupe-du-monde-a-la-diaspora-ghaneenne/"
"L'Alternative (TG)";"FR";"2026-10-06";"View all posts";"https://lalternative.info/author/lalternative24/"
"L'Alternative (TG)";"FR";"2026-10-06";"Facebook";"https://www.facebook.com/sharer/sharer.php?u=https://lalternative.info/"
"L'Alternative (TG)";"FR";"2026-10-06";"Twitter";"https://twitter.com/intent/tweet?text=Check%20out%20this%20article:%20Accueil%20-%20https://lalternative.info/"
"L'Alternative (TG)";"FR";"2026-10-06";"Pinterest";"https://www.pinterest.com/pin/create/button/?url=https%3A%2F%2Flalternative.info%2F&description=Accueil"
"L'Alternative (TG)";"FR";"2026-10-06";"Whatsapp";"https://api.whatsapp.com/send?text=Accueil %0A%0A https%3A%2F%2Flalternative.info%2F"
"L'Alternative (TG)";"FR";"2026-10-06";"Telegram";"https://telegram.me/share/url?url=https%3A%2F%2Flalternative.info%2F&text=Accueil"
"L'Alternative (TG)";"FR";"2026-10-06";"Email";"mailto:?subject=Accueil&BODY=https://lalternative.info/"
"L'Alternative (TG)";"FR";"2026-10-06";"À propos";"/about-us"
"L'Alternative (TG)";"FR";"2026-10-06";"Politique de confidentialité";"/privacy-policy"
"L'Alternative (TG)";"FR";"2026-10-06";"Conditions d'utilisation";"/conditions-dutilisation"
"L'Alternative (TG)";"FR";"2026-10-06";"Règlementation européenne";"https://lalternative.info/reglementation-europeenneeu/"
"L'Alternative (TG)";"FR";"2026-10-06";"Facebook";"https://www.facebook.com/profile.php?id=61556605160366"
"L'Alternative (TG)";"FR";"2026-10-06";"Twitter";"https://twitter.com/lalternative_of"
"L'Alternative (TG)";"FR";"2026-10-06";"Instagram";"https://www.instagram.com/lalternative_of/"
"L'Alternative (TG)";"FR";"2026-10-06";"Youtube";"https://www.youtube.com/channel/UCk6JMYUcGDarZYNb-mPPLPA"
"L'Alternative (TG)";"FR";"2026-10-06";"Gérer les options";"#"
"L'Alternative (TG)";"FR";"2026-10-06";"Gérer les services";"#"
"L'Alternative (TG)";"FR";"2026-10-06";"Gérer {vendor_count} fournisseurs";"#"
"L'Alternative (TG)";"FR";"2026-10-06";"En savoir plus sur ces finalités";"https://cookiedatabase.org/tcf/purposes/"
"L'Alternative (TG)";"FR";"2026-10-06";"Voir les préférences";"#"
"L'Alternative (TG)";"FR";"2026-10-06";"{title}";"#"
"L'Alternative (TG)";"FR";"2026-10-06";"Queue";"#"
"L'Alternative (TG)";"FR";"2026-10-06";"Flash plugin";"http://get.adobe.com/flashplayer/"
"Laabali (TG)";"FR";"2026-10-06";"Africa-Newsroom";"https://laabali.com/africa-newsroom/"
"Laabali (TG)";"FR";"2026-10-06";"...";"#"
"Laabali (TG)";"FR";"2026-10-06";"De cuisinier à chef de canton : portrait de Batidja Tindandja, le nouveau chef d’Ogaro";"https://laabali.com/post/15600/de-cuisinier-a-chef-de-canton-portrait-de-batidja-tindandja-le-nouveau-chef-dogaro/ "
"Laabali (TG)";"FR";"2026-10-06";"Journalistes du privé au Togo : le SYNJIT alerte l’ONU sur une précarité persistante";"https://laabali.com/post/15588/journalistes-du-prive-au-togo-le-synjit-alerte-lonu-sur-une-precarite-persistante/ "
"Laabali (TG)";"FR";"2026-10-06";"Rentrée scolaire à Tône : l’APHMOTO fait don de kits scolaires aux enfants handicapés";"https://laabali.com/post/15583/rentree-scolaire-a-tone-laphmoto-fait-don-de-kits-scolaires-aux-enfants-handicapes/ "
"Laabali (TG)";"FR";"2026-10-06";"Atelier bilan du projet Savanes-COG : « Nous sommes satisfaits », affirme Laguatissoa Bangbar (FODES)";"https://laabali.com/post/15575/atelier-bilan-du-projet-savanes-cog-nous-sommes-satisfaits-affirme-laguatissoa-bangbar-fodes/ "
"Laabali (TG)";"FR";"2026-10-06";"Journalistes du privé au Togo : le SYNJIT alerte l’ONU sur une précarité persistante";"https://laabali.com/?p=15588"
"Laabali (TG)";"FR";"2026-10-06";"La Fédération nationale des maisons familiales de formation rurale du Togo lance un appel à projet de Construction de 50 poulaillers traditionnels améliorés au profit des bénéficiaires de l’IFAD Elevage Barkoissi et 30 poulaillers améliorés au profit des bénéficiaires de la FMFRT";"https://laabali.com/?p=15553"
"Laabali (TG)";"FR";"2026-10-06";"Enfants en situation de handicap: Aphmoto soutient en kits scolaires à Dapaong";"https://laabali.com/?p=15515"
"Laabali (TG)";"FR";"2026-10-06";"Ponio : 30 femmes formées aux activités génératrices de revenus";"https://laabali.com/?p=15505"
"Laabali (TG)";"FR";"2026-10-06";"Violences basées sur le genre : AFE sensibilise les communautés à Cinkassé";"https://laabali.com/?p=15384"
"Laabali (TG)";"FR";"2026-10-06";"INADES-Formation : 4 sites maraichers/champs écoles remis aux Scoops dans les savanes";"https://laabali.com/?p=15139"
"Laabali (TG)";"FR";"2026-10-06";"JII 2026 : Dans les Savanes, les infirmiers célébrés pour leur résilience";"https://laabali.com/?p=15103"
"Laabali (TG)";"FR";"2026-10-06";"Dapaong : A2FHV-S sensibilise des acteurs du bâtiment à l’accessibilité des infrastructures publiques";"https://laabali.com/?p=15076"
"Laabali (TG)";"FR";"2026-10-06";"Nadjoundi: ""Les droits de femmes ne donnent pas droit aux femmes de frapper leurs maris""";"https://laabali.com/?p=14881"
"Laabali (TG)";"FR";"2026-10-06";"Yark Damehamme: L’insubmersible général qui murmure aux oreilles de Faure Gnassimgbé";"https://laabali.com/?p=14271"
"Laabali (TG)";"FR";"2026-10-06";"Dapaong : les défis de l’assainissement toujours présents !";"https://laabali.com/?p=13413"
"Laabali (TG)";"FR";"2026-10-06";"Accès à l’eau potable : L’ONG MECAP cultive l’espoir pour la fin de la soif dans les Savanes";"https://laabali.com/?p=13297"
"Laabali (TG)";"FR";"2026-10-06";"Sanloaga (Togo): «Ils enlèvent nos jeunes garçons pour en faire des combattants» 15129 vues";"
                                        https://laabali.com/post/6306/sanloaga-togo-ils-enlevent-nous-jeunes-garcons-pour-en-faire-des-combattants/                                        
                                        "
"Laabali (TG)";"FR";"2026-10-06";"Dapaong: Ouverture du 1e Forum des producteurs agricoles (FOPAT) 13992 vues";"
                                        https://laabali.com/post/6477/dapaong-ouverture-du-1e-forum-des-producteurs-agricoles-fopat/                                        
                                        "
"Laabali (TG)";"FR";"2026-10-06";"TGI/Dapaong: Le départ du président et son équipe fait des mécontents 12967 vues";"
                                        https://laabali.com/post/192/tgi-dapaong-le-depart-du-president-et-son-equipe-fait-des-mecontents/                                        
                                        "
"Laabali (TG)";"FR";"2026-10-06";"Savanes: Les FAT repoussent une attaque, deux assaillants neutralisés 7448 vues";"
                                        https://laabali.com/post/5663/savanes-les-fat-repoussent-une-attaque-deux-assaillants-neutralises/                                        
                                        "
"Laabali (TG)";"FR";"2026-10-06";"Contre le terrorisme: Le Togo fait appel à ses anciens soldats 4356 vues";"
                                        https://laabali.com/post/6743/contre-le-terrorisme-le-togo-fait-appel-a-ses-anciens-soldats/                                        
                                        "
"Laabali (TG)";"FR";"2026-10-06";"Le Maire Monoka Laré et la commune de Tandjouaré 1";"https://laabali.com/post/12171/monoka-lare/"
"Laabali (TG)";"FR";"2026-10-06";"par Edouard Samboe";"#"
"Laabali (TG)";"FR";"2026-10-06";"Suka ou l'art divinatoire: Foi ou culture moba ?";"https://laabali.com/post/12078/suka-ou-lart-divinatoire-foi-ou-culture-moba/"
"Laabali (TG)";"FR";"2026-10-06";"Togo/Education: Diagnostic d'un secteur en panne de repères";"https://laabali.com/post/6749/togo-education-diagnostic-dun-secteur-en-pannes-de-reperes/"
"Laabali (TG)";"FR";"2026-10-06";"Contre le terrorisme: Le Togo fait appel à ses anciens soldats";"https://laabali.com/post/6743/contre-le-terrorisme-le-togo-fait-appel-a-ses-anciens-soldats/"
"Laabali (TG)";"FR";"2026-10-06";"«Le pouvoir doit faire en sorte qu'il y ait moins de frustrations sur les plans politiques et économiques», Pr David Dosseh, OSC";"https://laabali.com/post/6688/le-pouvoir-doit-faire-en-sorte-quil-y-ait-moins-de-frustrations-sur-les-plans-politiques-et-economiques-pr-david-dosseh-osc/"
"Laabali (TG)";"FR";"2026-10-06";"FOPAT: A Dapaong , les producteurs veulent des usines de transformations de tomates";"https://laabali.com/post/6533/fopat-a-dapaong-les-producteurs-veulent-des-usines-de-transformations-de-tomates/"
"Laabali (TG)";"FR";"2026-10-06";"Dapaong: Ouverture du 1e Forum des producteurs agricoles (FOPAT)";"https://laabali.com/post/6477/dapaong-ouverture-du-1e-forum-des-producteurs-agricoles-fopat/"
"Laabali (TG)";"FR";"2026-10-06";"Frontière Burkina-Togo: Le durcissement des mesures sécuritaires impacte Kompienga";"https://laabali.com/post/6464/frontiere-burkina-togo-le-durcissement-des-mesures-securitaires-impacte-kompienga/"
"Laabali (TG)";"FR";"2026-10-06";"Sanloaga (Togo): «Ils enlèvent nos jeunes garçons pour en faire des combattants» 15129 vues";" https://laabali.com/post/6306/sanloaga-togo-ils-enlevent-nous-jeunes-garcons-pour-en-faire-des-combattants/ "
"Laabali (TG)";"FR";"2026-10-06";"Dapaong: Ouverture du 1e Forum des producteurs agricoles (FOPAT) 13992 vues";" https://laabali.com/post/6477/dapaong-ouverture-du-1e-forum-des-producteurs-agricoles-fopat/ "
"Laabali (TG)";"FR";"2026-10-06";"TGI/Dapaong: Le départ du président et son équipe fait des mécontents 12967 vues";" https://laabali.com/post/192/tgi-dapaong-le-depart-du-president-et-son-equipe-fait-des-mecontents/ "
"Laabali (TG)";"FR";"2026-10-06";"CrEaT";""
"Fraternité Matin (CI)";"FR";"2026-10-06";"Côte d’Ivoire - Bidc: 13 ans de coopération renforcée et 1,5 milliard de dollars annoncés pour le Pnd 2026-2030";"https://www.fratmat.info/article/2644981/economie/cooperation-multilaterale/cote-divoire---bidc-13-ans-de-cooperation-renforcee-et-15-milliard-de-dollars-annonces-pour-le-pnd-2026-2030"
"Fraternité Matin (CI)";"FR";"2026-10-06";"Journées foncières d'Abidjan 2026 : Les participants font de la sécurisation un pilier pour rassurer les investisseurs";"https://www.fratmat.info/article/2644969/economie/journees-foncieres-dabidjan-2026-les-participants-font-de-la-securisation-un-pilier-pour-rassurer-les-investisseurs"
"Fraternité Matin (CI)";"FR";"2026-10-06";"Autoroute du nord : 9 morts et plusieurs blessés dans un accident";"https://www.fratmat.info/article/2644963/societe/autoroute-du-nord-9-morts-et-plusieurs-blesses-dans-un-accident"
"Fraternité Matin (CI)";"FR";"2026-10-06";"Éducation et préservation de l’environnement: Des cartables recyclés distribués pour une école plus verte";"https://www.fratmat.info/article/2644960/societe/education-et-preservation-de-lenvironnement-des-cartables-recycles-distribues-pour-une-ecole-plus-verte"
"Fraternité Matin (CI)";"FR";"2026-10-06";"Décès : Cheikh Hamidou Kane, la grande voix de « L’Aventure ambiguë » s’est tue";"https://www.fratmat.info/article/2644945/culture/deces-cheikh-hamidou-kane-la-grande-voix-de-laventure-ambigue-sest-tue"
"Fraternité Matin (CI)";"FR";"2026-10-06";"Portrait/Raymond Aka-Adjo : L’architecte qui dessina les contours d’une Côte d’Ivoire nouvelle";"https://www.fratmat.info/article/2644942/culture/portraitraymond-aka-adjo-larchitecte-qui-dessina-les-contours-dune-cote-divoire-nouvelle"
"Le Faso (BF)";"FR";"2026-10-06";"Contact";"https://lefaso.net/spip.php?article64819"
"Le Faso (BF)";"FR";"2026-10-06";"Contactez-nous";"https://lefaso.net/spip.php?article64819"
"Le Faso (BF)";"FR";"2026-10-06";"Lutte contre la contrebande au Burkina : La Gendarmerie saisit d’importantes quantités d’engrais, d’essence et de cigarettes";"https://lefaso.netspip.php?article149762"
"Le Faso (BF)";"FR";"2026-10-06";"Santé : De l’extension des infrastructures à la baisse du coût des soins, le bilan du gouvernement aux JEPPC 2026";"https://lefaso.netspip.php?article149761"
"Le Faso (BF)";"FR";"2026-10-06";"Lutte contre la contrebande au Burkina : La Gendarmerie saisit d’importantes quantités d’engrais, d’essence et de cigarettes";"https://lefaso.net/spip.php?article149762"
"Le Faso (BF)";"FR";"2026-10-06";"Espagne : Une crise du logement fait tomber le Parlement, législatives anticipées le 29 novembre 2026";"https://lefaso.net/spip.php?article149747"
"Le Faso (BF)";"FR";"2026-10-06";"Võ Cổ Truyền : Baba Ayoub Diarra décroche deux médailles de bronze en Italie";"https://lefaso.net/spip.php?article149745"
"Le Faso (BF)";"FR";"2026-10-06";"Football/Match amical international : Le gouvernement salue l’engagement patriotique des Etalons face à l’Argentine";"https://lefaso.net/spip.php?article149741"
"Le Faso (BF)";"FR";"2026-10-06";"Prix Nobel de médecine 2026 : L’Américain Karl Deisseroth et les Allemands Peter Hegemann et Georg Nagel lauréats";"https://lefaso.net/spip.php?article149739"
"Le Faso (BF)";"FR";"2026-10-06";"Union africaine : Réunis en Egypte, dirigeants cherchent à « transformer engagements politiques en réalisations concrètes »";"https://lefaso.net/spip.php?article149737"
"Le Faso (BF)";"FR";"2026-10-06";"Burkina : 153 messagers formés pour porter le message de la Révolution progressiste populaire";"https://lefaso.net/spip.php?article149717"
"Le Faso (BF)";"FR";"2026-10-06";"Nécrologie : L’auteur de « L’Aventure ambiguë », Cheikh Hamidou Kane, est décédé";"https://lefaso.net/spip.php?article149725"
"Le Faso (BF)";"FR";"2026-10-06";"Match amical international : Le Burkina Faso s’incline face à l’Argentine (7-0)";"https://lefaso.net/spip.php?article149724"
"Le Faso (BF)";"FR";"2026-10-06";"Burkina/Banque mondiale : Un nouveau cadre de partenariat pour soutenir les priorités nationales";"https://lefaso.net/spip.php?article149724"
"Le Faso (BF)";"FR";"2026-10-06";"Planète des jeunes panafricanistes du Burkina Faso : Une conférence pour se pencher sur les défis de l’éducation de qualité";"https://lefaso.net/spip.php?article149718"
"Le Faso (BF)";"FR";"2026-10-06";"Promotion des langues nationales au Burkina : Zaamsé, l’application qui veut réconcilier les jeunes burkinabè avec leurs langues d’origine";"https://lefaso.netspip.php?article149765"
"Le Faso (BF)";"FR";"2026-10-06";"Burkina/Solidarité : Plus 1,34 million de personnes retournées et accompagnées dans 1 055 localités";"https://lefaso.netspip.php?article149760"
"Le Faso (BF)";"FR";"2026-10-06";"Souveraineté économique : Les Burkinabè invités à produire, transformer et consommer local";"https://lefaso.netspip.php?article149740"
"Le Faso (BF)";"FR";"2026-10-06";"Les 100 Visages du Burkina Digital : Clément Bassolé, du community management à la stratégie, dix ans pour faire du digital un métier";"https://lefaso.netspip.php?article149748"
"Le Faso (BF)";"FR";"2026-10-06";"Le Faso Digital 2026 : Wave Burkina s’engage aux côtés de la Foire virtuelle des solutions digitales";"https://lefaso.netspip.php?article149755"
"Le Faso (BF)";"FR";"2026-10-06";"Enseignement supérieur : Le Premier ministre inaugure un amphithéâtre de 500 places au profit de l’IBAM";"https://lefaso.netspip.php?article149746"
"Le Faso (BF)";"FR";"2026-10-06";"Bobo-Dioulasso : Le dossier Lionel Bilgo renvoyé au 19 octobre 2026";"https://lefaso.netspip.php?article149735"
"Le Faso (BF)";"FR";"2026-10-06";"Burkina : En cas de danger, “Sécurité+”, une application locale veut rapprocher les secours des personnes en difficulté";"https://lefaso.netspip.php?article149742"
"Le Faso (BF)";"FR";"2026-10-06";"Décès de Cheikh Hamidou Kane : La leçon de la Grande Royale subsistera toujours";"https://lefaso.netspip.php?article149750"
"Le Faso (BF)";"FR";"2026-10-06";"Stages, emplois, mémoires : Halte au « kra » comme monnaie d’échange !";"https://lefaso.netspip.php?article149756"
"Le Faso (BF)";"FR";"2026-10-06";"Port du casque : 1 601 usagers verbalisés en trois jours dans le Kadiogo, bientôt la répression du non-port par les passagers";"https://lefaso.netspip.php?article149754"
"Le Faso (BF)";"FR";"2026-10-06";"Vous n’êtes pas satisfait d’un service Orange ? : Faites-le-nous savoir sur Max it";"https://lefaso.netspip.php?article149764"
"Le Faso (BF)";"FR";"2026-10-06";"Nuit de la RPP : Burkinabè et Africains soutiennent le capitaine Ibrahim Traoré dans une ""mobilisation historique et exceptionnelle""";"https://lefaso.netspip.php?article149654"
"Le Faso (BF)";"FR";"2026-10-06";"En direct : Nuit de la Révolution Progressiste Populaire";"https://lefaso.netspip.php?article149651"
"Le Faso (BF)";"FR";"2026-10-06";"« Nuit de la RPP » : Une halte d’hommages aux forces combattantes et de célébrations des victoires et acquis engrangés, selon le comité d’organisation";"https://lefaso.netspip.php?article149542"
"Le Faso (BF)";"FR";"2026-10-06";"Burkina : Ibrahim Traoré à Bobo-Dioulasso pour inaugurer deux infrastructures stratégiques";"https://lefaso.netspip.php?article149097"
"Le Faso (BF)";"FR";"2026-10-06";"‎Burkina : La Présidence du Faso lance le concours Hakili Mousso pour détecter les talents scientifiques féminins";"https://lefaso.netspip.php?article148857"
"Le Faso (BF)";"FR";"2026-10-06";"Immersion patriotique obligatoire 2026 : Le capitaine Ibrahim Traoré exhorte les jeunes à éviter le chemin de la facilité et à servir la patrie";"https://lefaso.netspip.php?article148839"
"Le Faso (BF)";"FR";"2026-10-06";"Assemblée législative du peuple : Mathieu Boro fait ses premiers pas à l’hémicycle et promet de porter la voix des Burkinabè";"https://lefaso.netspip.php?article148412"
"Le Faso (BF)";"FR";"2026-10-06";"Port obligatoire du casque : 2 866 usagers contrôlés et 6 millions de FCFA d’amendes dressées dans le Guiriko";"https://lefaso.netspip.php?article149744"
"Le Faso (BF)";"FR";"2026-10-06";"Ouagadougou : RAYNAL Assurances inaugure un rond-point";"https://lefaso.netspip.php?article149736"
"Le Faso (BF)";"FR";"2026-10-06";"Burkina / Cancer du sein : Le MammaTyper désormais disponible";"https://lefaso.netspip.php?article149734"
"Le Faso (BF)";"FR";"2026-10-06";"Burkina : 153 messagers formés pour porter le message de la Révolution progressiste populaire";"https://lefaso.netspip.php?article149717"
"Le Faso (BF)";"FR";"2026-10-06";"Les 100 Visages du Burkina Digital : Edmond Yougbaré, transformer l’information en décision, et la décision en résultats";"https://lefaso.netspip.php?article149731"
"Le Faso (BF)";"FR";"2026-10-06";"Planète des jeunes panafricanistes du Burkina Faso : Une conférence pour se pencher sur les défis de l’éducation de qualité";"https://lefaso.netspip.php?article149718"
"Le Faso (BF)";"FR";"2026-10-06";"Burkina/Octobre rose : Le gouvernement veut intensifier le dépistage des cancers féminins";"https://lefaso.netspip.php?article149716"
"Le Faso (BF)";"FR";"2026-10-06";"Burkina/Banque mondiale : Un nouveau cadre de partenariat pour soutenir les priorités nationales";"https://lefaso.netspip.php?article149723"
"Le Faso (BF)";"FR";"2026-10-06";"Match amical international : Le Burkina Faso s’incline face à l’Argentine (7-0)";"https://lefaso.netspip.php?article149724"
"Le Faso (BF)";"FR";"2026-10-06";"Consommer local : L’UEMOA veut transformer le marché régional en levier de souveraineté économique";"https://lefaso.netspip.php?article149701"
"Le Faso (BF)";"FR";"2026-10-06";"Bobo-Dioulasso : La SONATUR conjugue responsabilité sociale et développement immobilier";"https://lefaso.netspip.php?article149703"
"Le Faso (BF)";"FR";"2026-10-06";"Vulgarisation des chantiers de l’UEMOA : La commission salue le professionnalisme des journalistes et réaffirme son soutien";"https://lefaso.netspip.php?article149702"
"Le Faso (BF)";"FR";"2026-10-06";"Match amical : Le gouvernement salue l’engagement patriotique des Etalons face à l’Argentine";"https://lefaso.netspip.php?article149741"
"Le Faso (BF)";"FR";"2026-10-06";"Sports : Le président du Faso félicite le champion d’Afrique WBA « Le Percuteur » et les Étalons U15 filles, médaillées à la Coupe d’Afrique scolaire";"https://lefaso.netspip.php?article149759"
"Le Faso (BF)";"FR";"2026-10-06";"Võ Cổ Truyền : Baba Ayoub Diarra décroche deux médailles de bronze en Italie";"https://lefaso.netspip.php?article149745"
"Le Faso (BF)";"FR";"2026-10-06";"Match amical Burkina - Argentine : La FBF cherche une solution après l’annulation du vol vers Buenos Aires";"https://lefaso.netspip.php?article149707"
"Le Faso (BF)";"FR";"2026-10-06";"Camp Vacances karaté du club Saint-Nazareth de Tanghin : Les tout-petits ont appris, les grands ont renforcé leurs capacités";"https://lefaso.netspip.php?article149650"
"Le Faso (BF)";"FR";"2026-10-06";"Musique : Du simple « like » à l’achat, les REMA 2026 veulent convertir les followers";"https://lefaso.netspip.php?article149605"
"Le Faso (BF)";"FR";"2026-10-06";"Nabalüm, dix ans de carrière : Une reine qui ne baisse pas les bras";"https://lefaso.netspip.php?article149529"
"Le Faso (BF)";"FR";"2026-10-06";"SITHO 2026 : Le financement des projets structurants au cœur de la 16ᵉ édition";"https://lefaso.netspip.php?article149427"
"Le Faso (BF)";"FR";"2026-10-06";"Burkina/ Culture : L’institut burkinabè renaitra de ses cendres, foi de Georges Kaboré";"https://lefaso.netspip.php?article149354"
"Le Faso (BF)";"FR";"2026-10-06";"Musée national : L’exposition « Rupture » invite à repenser l’art et le rapport à la société";"https://lefaso.netspip.php?article149350"
"Le Faso (BF)";"FR";"2026-10-06";"Union africaine : Réunis en Egypte, dirigeants cherchent à « transformer engagements politiques en réalisations concrètes »";"https://lefaso.netspip.php?article149737"
"Le Faso (BF)";"FR";"2026-10-06";"UEMOA : Le « Consommer local » au service de l’intégration régionale";"https://lefaso.netspip.php?article149641"
"Le Faso (BF)";"FR";"2026-10-06";"UEMOA : Le volet régional du « Mois du consommer local » prévu du 1er au 4 octobre 2026 à Ouagadougou";"https://lefaso.netspip.php?article149637"
"Le Faso (BF)";"FR";"2026-10-06";"81e AG de l’ONU : ""Nous ne demandons à personne la permission d’exister"" Karamoko Jean Marie Traoré";"https://lefaso.netspip.php?article149590"
"Le Faso (BF)";"FR";"2026-10-06";"Xi Jinping à la Maison Blanche : La journaliste Shanhui Zhang analyse la visite du président chinois aux Etats-Unis";"https://lefaso.netspip.php?article149535"
"Le Faso (BF)";"FR";"2026-10-06";"Les 100 Visages du Burkina Digital : Latifah Koura Diallo, une nouvelle génération d’ingénieures au cœur des réseaux";"https://lefaso.netspip.php?article149711"
"Le Faso (BF)";"FR";"2026-10-06";"Concours national d’innovation digitale : 208 solutions enregistrées pour Le Faso Digital 2026";"https://lefaso.netspip.php?article149665"
"Le Faso (BF)";"FR";"2026-10-06";"IA générative : Menace ou moteur pour l’emploi ?";"https://lefaso.netspip.php?article149668"
"Le Faso (BF)";"FR";"2026-10-06";"Burkina Faso : « CultivaTech ne supprime pas l’engrais, elle supprime le hasard », explique Wendkuuni Ben Ahmad Tapsoba";"https://lefaso.netspip.php?article149612"
"Le Faso (BF)";"FR";"2026-10-06";"Semaine du numérique 2026 : Le Comité national d’organisation officiellement installé";"https://lefaso.netspip.php?article149595"
"Le Faso (BF)";"FR";"2026-10-06";"Offre de formation en cybersécurité du 15 mai au 20 juillet 2024";"https://lefaso.netspip.php?article130136"
"Le Faso (BF)";"FR";"2026-10-06";"Vœux de nouvel an de Dre Lydia ROUAMBA, Directrice Générale du Centre national de l’Information, de l’Orientation Scolaire et Professionnelle, et des Bourses (CIOSPB)";"https://lefaso.netspip.php?article118725"
"Le Faso (BF)";"FR";"2026-10-06";"CIOSPB : La République de la Tunisie met à la disposition du Burkina Faso des bourses études pour l’année académique 2022-2023";"https://lefaso.netspip.php?article115137"
"Le Faso (BF)";"FR";"2026-10-06";"7e édition de la Semaine nationale de l’Information et de l’Orientation (SIO) : Le Centre National des Œuvres Universitaires (CENOU) communique sur ses prestations aux nouveaux bacheliers";"https://lefaso.netspip.php?article114708"
"Le Faso (BF)";"FR";"2026-10-06";"Année académique 2022-2023 : Le Royaume du Maroc met à la disposition du Burkina Faso, cent-vingt (120) bourses d’études";"https://lefaso.netspip.php?article113781"
"Le Faso (BF)";"FR";"2026-10-06";"Santé de la reproduction : « On estime qu’il y a autour de 30 % de contribution de la planification familiale à la réduction de la (…)";"https://lefaso.netspip.php?article149601"
"Le Faso (BF)";"FR";"2026-10-06";"Décès de SAWADOGO Marie Louise : Remerciements et faire part";"https://lefaso.netspip.php?article149599"
"Le Faso (BF)";"FR";"2026-10-06";"Kourweogo : Un crocodile capturé après l’agression d’un mineur";"https://lefaso.netspip.php?article149602"
"Le Faso (BF)";"FR";"2026-10-06";"Décès de ZONGO Moussa Marcel : Remerciements";"https://lefaso.netspip.php?article149560"
"Le Faso (BF)";"FR";"2026-10-06";"Trafic de stupéfiants : Près de 86 kg de cannabis saisis à Ouagadougou";"https://lefaso.netspip.php?article149603"
"Le Faso (BF)";"FR";"2026-10-06";"Musique : L’artiste Tim Winsey dévoile deux nouveaux albums à Ouagadougou";"https://lefaso.netspip.php?article144306"
"Le Faso (BF)";"FR";"2026-10-06";"Littérature : « Le Blessé de guerre », quand Dié Maurice Millogo transforme les blessures de la pauvreté en force";"https://lefaso.netspip.php?article149455"
"Le Faso (BF)";"FR";"2026-10-06";"Orange/Max it : Comment bénéficier des 500 Mo ou 1000 Mo gratuits ?";"https://lefaso.netspip.php?article149763"
"Le Faso (BF)";"FR";"2026-10-06";"Offre d’emploi : SOPATEL Silmandé SA recrute un (01) Caissier Principal et un (01) Agent de Recouvrement";"https://lefaso.netspip.php?article149757"
"Le Faso (BF)";"FR";"2026-10-06";"ATAD : Appel d’offres pour l’acquisition et la livraison de cinq motos";"https://lefaso.netspip.php?article149753"
"Le Faso (BF)";"FR";"2026-10-06";"ATAD : Appel d’offres pour la fourniture de matériels pédagogiques à 40 centres SSA/P";"https://lefaso.netspip.php?article149752"
"Le Faso (BF)";"FR";"2026-10-06";"TRANCHE COMMUNE ENTENTE (TCE) 2026 : Décrocher des lots allant de 2 000 000 à 20 000 000 F CFA au grand tirage";"https://lefaso.netspip.php?article149738"
"Le Faso (BF)";"FR";"2026-10-06";"Résultats du tirage du Faso Loto BARKA du Dimanche 04 octobre 2026";"https://lefaso.netspip.php?article149730"
"Le Faso (BF)";"FR";"2026-10-06";"Avis de disparition de Boundaogo Nouria Salimatou";"https://lefaso.netspip.php?article149710"
"Le Faso (BF)";"FR";"2026-10-06";"Résultats du tirage du Faso Loto WELHY du Vendredi 02 octobre 2026.";"https://lefaso.netspip.php?article149697"
"Le Faso (BF)";"FR";"2026-10-06";"Décès de Madame ZOUNGRANA/KABORÉ Dakiswinigda Rose Aïda : Remerciements";"https://lefaso.netspip.php?article148376"
"Le Faso (BF)";"FR";"2026-10-06";"Messe de requiem de Dima Fidéle";"https://lefaso.netspip.php?article148292"
"Le Faso (BF)";"FR";"2026-10-06";"Décès de Sompagnimdi Philippe Honoré OUEDRAOGO : REMERCIEMENTS & FAIRE-PART";"https://lefaso.netspip.php?article148049"
"Le Faso (BF)";"FR";"2026-10-06";"Programme des obsèques de Tapsoba née Nikiema G. Rosalie";"https://lefaso.netspip.php?article148026"
"Le Faso (BF)";"FR";"2026-10-06";"Décès de NANA Frédéric Barthélémy : Remerciements et faire-part";"https://lefaso.netspip.php?article149758"
"Le Faso (BF)";"FR";"2026-10-06";"In Memoriam : Yves Guimbien TOE";"https://lefaso.netspip.php?article149743"
"Le Faso (BF)";"FR";"2026-10-06";"Nécrologie : L’auteur de « L’Aventure ambiguë », Cheikh Hamidou Kane, est décédé";"https://lefaso.netspip.php?article149725"
"Le Faso (BF)";"FR";"2026-10-06";"Décès de El hadj Traoré Ali : Faire-part";"https://lefaso.netspip.php?article149727"
"Le Faso (BF)";"FR";"2026-10-06";"Décès de Zonlo Bibiane Go : faire part";"https://lefaso.netspip.php?article149732"
"Le Faso (BF)";"FR";"2026-10-06";"Décès de YONI MARIE NATHALIE épouse KABORE : Faire part";"https://lefaso.netspip.php?article149720"
"Le Faso (BF)";"FR";"2026-10-06";"Décès de Sylvain R Bonkoungou : Programme des obsèques";"https://lefaso.netspip.php?article149712"
"Le Faso (BF)";"FR";"2026-10-06";"Décès ZEZOUMA MARCEL DOMINIQUE MILLOGO : Remerciements";"https://lefaso.netspip.php?article149713"
"Le Faso (BF)";"FR";"2026-10-06";"Sciences : Gaëlle Koné est partie de la curiosité pour les cellules à la recherche d’une piste contre le cancer";"https://lefaso.netspip.php?article149613"
"Le Faso (BF)";"FR";"2026-10-06";"Coopération : Evelyne Dabiré nommée ambassadrice extraordinaire  et plénipotentiaire du Canada près le Bénin";"https://lefaso.netspip.php?article147766"
"Le Faso (BF)";"FR";"2026-10-06";"Burkina : Le gouvernement dément le lancement d’une plateforme dénommée IA Prime Aura";"https://lefaso.netspip.php?article149751"
"Le Faso (BF)";"FR";"2026-10-06";"Espagne : Une crise du logement fait tomber le Parlement, législatives anticipées le 29 novembre 2026";"https://lefaso.netspip.php?article149747"
"Le Faso (BF)";"FR";"2026-10-06";"Modernisation des services consulaires : Le Burkina Faso lance YORI ID aux États-Unis";"https://lefaso.netspip.php?article149615"
"Le Faso (BF)";"FR";"2026-10-06";"Faune sauvage : Un crocodile capturé dans un cabaret au secteur 3 de Fada N’Gourma";"https://lefaso.netspip.php?article149406"
"Le Faso (BF)";"FR";"2026-10-06";"Dynamiques organisationnelles et interactions des acteurs de la filière bétail-viande au Burkina Faso";"https://lefaso.netspip.php?article149344"
"Le Faso (BF)";"FR";"2026-10-06";"Comment s’adapter aux effets des changements climatiques dans la commune rurale de Koumbia au Burkina Faso";"https://lefaso.netspip.php?article149339"
"Le Faso (BF)";"FR";"2026-10-06";"Perceptions et stratégies d’adaptation des agropasteurs du changement climatique au Burkina Faso";"https://lefaso.netspip.php?article149338"
"Le Faso (BF)";"FR";"2026-10-06";"Burkina : Les députés adoptent à l’unanimité la loi de finances rectificative pour l’exécution du budget de l’État, exercice 2026";"https://lefaso.netspip.php?article149454#forum"
"Le Faso (BF)";"FR";"2026-10-06";"Nabalüm, dix ans de carrière : Une reine qui ne baisse pas les bras";"https://lefaso.netspip.php?article149529#forum"
"Le Faso (BF)";"FR";"2026-10-06";"Match amical international : Le Burkina Faso s’incline face à l’Argentine (7-0)";"https://lefaso.netspip.php?article149724#forum"
"Le Faso (BF)";"FR";"2026-10-06";"Bobo-Dioulasso : Le dossier Lionel Bilgo renvoyé au 19 octobre 2026";"https://lefaso.netspip.php?article149735#forum"
"Le Faso (BF)";"FR";"2026-10-06";"Planète des jeunes panafricanistes du Burkina Faso : Une conférence pour se pencher sur les défis de l’éducation de qualité";"https://lefaso.netspip.php?article149718#forum"
"Le Faso (BF)";"FR";"2026-10-06";"Volontariat national : Le Burkina Faso ambitionne de constituer un vivier d’un million de réservistes en cinq ans";"https://lefaso.netspip.php?article149349#forum"
"Le Faso (BF)";"FR";"2026-10-06";"SOUVERAINETÉ ÉCONOMIQUE : ‎Le Président du Faso inaugure la première raffinerie d’or du Burkina";"https://lefaso.netspip.php?article149600#forum"
"Le Faso (BF)";"FR";"2026-10-06";"Nécrologie : L’auteur de « L’Aventure ambiguë », Cheikh Hamidou Kane, est décédé";"https://lefaso.netspip.php?article149725#forum"
"Le Faso (BF)";"FR";"2026-10-06";"Burkina/Banque mondiale : Un nouveau cadre de partenariat pour soutenir les priorités nationales";"https://lefaso.netspip.php?article149723#forum"
"Le Faso (BF)";"FR";"2026-10-06";"Match amical Burkina - Argentine : La FBF cherche une solution après l’annulation du vol vers Buenos Aires";"https://lefaso.netspip.php?article149707#forum"
"Le Faso (BF)";"FR";"2026-10-06";"Relations internationales : Israël de plus en plus isolé et décrié";"https://lefaso.netspip.php?article149577#forum"
"Le Faso (BF)";"FR";"2026-10-06";"A propos...";"https://lefaso.net/spip.php?article29&rubrique17"
"Le Faso (BF)";"FR";"2026-10-06";"Publicité";"https://lefaso.net/spip.php?article5736&rubrique17t"
"Le Faso (BF)";"FR";"2026-10-06";"Partenariat";"https://lefaso.net/spip.php?article30&rubrique17"
"Le Faso (BF)";"FR";"2026-10-06";"Nous contacter";"https://lefaso.net/spip.php?article32&rubrique17"
"La Nation (BJ)";"FR";"2026-10-06";"Destination Bénin: 600 milliards de francs Cfa pour booster le tourisme en 2027";"https://lanation.bj/economie/destination-benin-600-milliards-de-francs-cfa-pour-booster-le-tourisme-en-2027"
"La Nation (BJ)";"FR";"2026-10-06";"06 oct. 2026";"https://lanation.bj/economie/destination-benin-600-milliards-de-francs-cfa-pour-booster-le-tourisme-en-2027"
"La Nation (BJ)";"FR";"2026-10-06";"Transferts d’argent dans l’espace UEMOA : envoyer jusqu’à 8 000 FCFA gratuitement dès novembre
                            
                                                            Lecture de 2 min";"https://lanation.bj/economie/transferts-dargent-dans-lespace-uemoa-envoyer-jusqua-8-000-fcfa-gratuitement-des-novembre"
"La Nation (BJ)";"FR";"2026-10-06";"Accélération de sa transformation: L'Afrique de l'Ouest mise sur l'investissement
                            
                                                            Lecture de 3 min";"https://lanation.bj/economie/acceleration-de-sa-transformation-lafrique-de-louest-mise-sur-linvestissement"
"La Nation (BJ)";"FR";"2026-10-06";"Administration fiscale: Le RéFAFI-Bénin porté sur les fonts baptismaux
                            
                                                            Lecture de 3 min";"https://lanation.bj/economie/administration-fiscale-le-refafi-benin-porte-sur-les-fonts-baptismaux"
"La Nation (BJ)";"FR";"2026-10-06";"Commande publique: L'offre locale face au défi du volume et de la qualité";"https://lanation.bj/economie/commande-publique-loffre-locale-face-au-defi-du-volume-et-de-la-qualite"
"Graphic Online (GH)";"EN";"2026-10-06";"Politics";"/news/politics.html"
"Graphic Online (GH)";"EN";"2026-10-06";"Business News";"/business/business-news.html"
"Graphic Online (GH)";"EN";"2026-10-06";"Companies";"/business/gb-companies.html"
"Graphic Online (GH)";"EN";"2026-10-06";"Markets";"/business/markets.html"
"Graphic Online (GH)";"EN";"2026-10-06";"Opinion";"/business/opinion.html"
"Graphic Online (GH)";"EN";"2026-10-06";"Auto News";"/business/ghana-auto-industry-news.html"
"Graphic Online (GH)";"EN";"2026-10-06";"NPP’s 2028 battle goes beyond new executive - Analysts assert";"/news/politics/ghana-news-npps-2028-battle-goes-beyond-new-executive-analysts-assert.html"
"Graphic Online (GH)";"EN";"2026-10-06";"Nigeria mourns 32 killed as military plane crashes into swamp";"/news/general-news/nigeria-mourns-32-killed-as-military-plane-crashes-into-swamp.html"
"Graphic Online (GH)";"EN";"2026-10-06";"NPP amends constitution on how three national vice chairpersons...";"/news/politics/npp-amends-constitution-on-how-national-vice-chairpersons-are-elected.html"
"Graphic Online (GH)";"EN";"2026-10-06";"Call off strike - GES Director-General appeals";"/news/education/ghana-news-call-off-strike-ges-director-general-appeals.html"
"Graphic Online (GH)";"EN";"2026-10-06";"Govt to sustain teacher education funding - Vice-President...";"/news/education/ghana-news-govt-to-sustain-teacher-education-funding-vice-president-assures-at-ghana-teacher-prize.html"
"Graphic Online (GH)";"EN";"2026-10-06";"NDC opens nominations for 2026 Regional Executive elections";"/news/politics/ghana-news-ndc-opens-nominations-for-2026-regional-executive-elections.html"
"Graphic Online (GH)";"EN";"2026-10-06";"NPP must close ranks after contest — Agyarko";"/news/politics/ghana-news-npp-must-close-ranks-after-contest-agyarko.html"
"Graphic Online (GH)";"EN";"2026-10-06";"Foreign Affairs Minister assesses visa services in surprise visits";"/news/general-news/ghana-news-foreign-affairs-minister-assesses-visa-services-in-surprise-visits.html"
"Graphic Online (GH)";"EN";"2026-10-06";"Police arrest suspected drug dealer in Paga, seizes 38 parcels of Indian hemp";"/news/general-news/police-arrest-suspected-drug-dealer-in-paga-seizes-38-parcels-of-indian-hemp.html"
"Graphic Online (GH)";"EN";"2026-10-06";"Yam Festival turns bloody at Nchiraa, 2 killed, 14 people including police officer injured";"/news/general-news/yam-festival-turns-bloody-at-nchiraa-2-killed-14-people-including-police-officer-injured.html"
"Graphic Online (GH)";"EN";"2026-10-06";"President Mahama grants pardon to 863 convicted persons";"/news/general-news/president-mahama-grants-pardon-to-863-convicted-persons.html"
"Graphic Online (GH)";"EN";"2026-10-06";"GTEC directs UDS to immediately cease unauthorised mode of delivering accredited LLB programme";"/news/education/gtec-directs-uds-to-immediately-cease-unauthorised-mode-of-delivering-accredited-llb-programme.html"
"Graphic Online (GH)";"EN";"2026-10-06";"AI must not replace human judgment in public spending — BoG Governor Asiama";"/business/business-news/ai-must-not-replace-human-judgment-in-public-spending-bog-governor-asiama.html"
"Graphic Online (GH)";"EN";"2026-10-06";"New date to be announced as GSA suspends Pre-Shipment Inspection for imported used vehicles";"/news/general-news/new-date-to-be-announced-as-gsa-suspends-pre-shipment-inspection-for-imported-used-vehicles.html"
"Graphic Online (GH)";"EN";"2026-10-06";"Three missing children found dead in parked vehicle in Tamale";"/news/general-news/three-missing-children-found-dead-in-parked-vehicle-in-tamale.html"
"Graphic Online (GH)";"EN";"2026-10-06";"'24-hour markets' in districts redesignated as 'District Economy Markets' - Mahama Ayariga announces";"/news/general-news/24-hour-markets-in-districts-redesignated-as-district-economy-markets-mahama-ayariga-announces.html"
"Graphic Online (GH)";"EN";"2026-10-06";"Seven people arrested over abuse of cedi notes";"/news/general-news/seven-people-arrested-over-abuse-of-cedi-notes.html"
"Graphic Online (GH)";"EN";"2026-10-06";"TUTAG President explains grounds for industrial action";"/news/education/tutag-president-explains-grounds-for-industrial-action.html"
"Graphic Online (GH)";"EN";"2026-10-06";"Ghana bans preaching on buses with jail terms for offenders";"/news/general-news/ghana-bans-preaching-on-buses-with-jail-terms-for-offenders.html"
"Graphic Online (GH)";"EN";"2026-10-06";"German and US scientists win Nobel medicine prize for work on optogenetics";"/news/general-news/german-and-us-scientists-win-nobel-medicine-prize-for-work-on-optogenetics.html"
"Graphic Online (GH)";"EN";"2026-10-06";"NPP national council, elders and executives will serve as checks on new party leader role under amended constitution - Professor Oquaye";"/news/politics/npp-flagbearer-will-not-have-free-hand-professor-oquaye.html"
"Graphic Online (GH)";"EN";"2026-10-06";"Ghana Jollof case: Nurse Salomey Awity Bafoh granted GH¢100,000 bail; Case adjourned to February 17, 2027";"/news/general-news/ghana-jollof-case-nurse-salomey-bafoh-granted-ghc100-000-bail.html"
"Graphic Online (GH)";"EN";"2026-10-06";"NCA awards spectrum to MTN Ghana for 5G services for 15 years";"/business/business-news/nca-awards-spectrum-to-mtn-ghana-for-5g-services.html"
"Graphic Online (GH)";"EN";"2026-10-06";"John Boadu pledges NPP renewal";"/news/general-news/john-boadu-pledges-npp-renewal.html"
"Graphic Online (GH)";"EN";"2026-10-06";"NPP won’t wait to plan government - Dr Bawumia declares";"/news/politics/ghana-news-npp-wont-wait-to-plan-government-dr-bawumia-declares.html"
"Graphic Online (GH)";"EN";"2026-10-06";"Chief Justice urges Judiciary to strengthen foundations of justice";"/news/general-news/ghana-news-chief-justice-urges-judiciary-to-strengthen-foundations-of-justice.html"
"Graphic Online (GH)";"EN";"2026-10-06";"NPP makes presidential candidate party leader";"/news/politics/ghana-news-npp-makes-presidential-candidate-party-leader.html"
"Graphic Online (GH)";"EN";"2026-10-06";"How Kojo 'Bamba' pulled a surprise and got elected as NPP 1st national vice chairman beating 12 other contestants";"/news/politics/how-kojo-bamba-pulled-a-surprise-and-got-elected-as-npp-national-1st-vice-chairman-beating-12-other-contestants.html"
"Graphic Online (GH)";"EN";"2026-10-06";"'Political victory is never an entitlement' - Newly elected NPP National Chairman John Boadu pledges to lead with humility";"/news/politics/political-victory-is-never-an-entitlement-newly-elected-npp-national-chairman-john-boadu-pledges-to-lead-with-humility.html"
"Graphic Online (GH)";"EN";"2026-10-06";"Mavis Hawa Koomson is the new National Women's Organiser of NPP";"/news/politics/mavis-hawa-koomson-is-the-new-national-womens-organiser-of-npp.html"
"Graphic Online (GH)";"EN";"2026-10-06";"Kojo 'Bamba' Fosu Boadu, Nana Boakye and Nana Akomea elected 1st, 2nd and 3rd vice chairs of NPP";"/news/politics/nana-akomea-is-new-first-vice-chairman-of-npp.html"
"Graphic Online (GH)";"EN";"2026-10-06";"John Boadu elected National Chairman of NPP";"/news/politics/john-boadu-elected-national-chairman-of-npp.html"
"Graphic Online (GH)";"EN";"2026-10-06";"Justin Kodua Frimpong re-elected General Secretary of NPP";"/news/politics/justin-kodua-frimpong-re-elected-general-secretary-of-npp.html"
"Graphic Online (GH)";"EN";"2026-10-06";"Titus Glover elected National Organiser of NPP";"/news/politics/titus-glover-elected-national-organiser-of-npp.html"
"Graphic Online (GH)";"EN";"2026-10-06";"Health sovereignty a priority for 1.4 billion Africans - President Mahama declares";"/news/general-news/health-sovereignty-a-priority-for-1-4-billion-africans-president-mahama-declares.html"
"Graphic Online (GH)";"EN";"2026-10-06";"President Mahama in Egypt for AU Mid-Year Summit";"/news/general-news/president-mahama-in-egypt-for-au-mid-year-summit.html"
"Graphic Online (GH)";"EN";"2026-10-06";"Manhyia South MP Nana Agyei Baffour Awuah  granted GH¢10 million bail";"/news/general-news/court-grants-bail-for-manhyia-south-mp-nana-agyei-baffour-awuah.html"
"Graphic Online (GH)";"EN";"2026-10-06";"Parliament condemns continued EOCO detention of Manhyia South MP Baffour Awuah and calls for immediate release";"/news/politics/parliament-condemns-continued-eoco-detention-manhyia-south-mp-baffour-awuah-and-calls-for-immediate-release.html"
"Graphic Online (GH)";"EN";"2026-10-06";"NPP amends constitution on how three national vice chairpersons are elected; It will now be separate elective positions";"/news/politics/npp-amends-constitution-on-how-national-vice-chairpersons-are-elected.html"
"Graphic Online (GH)";"EN";"2026-10-06";"Graphic’s Gilbert Azeem Tiroog bags 2 awards at Upper East GJA Awards";"/news/general-news/ghana-news-graphics-gilbert-azeem-tiroog-bags-2-awards-at-upper-east-gja-awards.html"
"Graphic Online (GH)";"EN";"2026-10-06";"Activa International Insurance Ghana reinforces culture of compliance and customer protection";"/news/general-news/activa-international-insurance-ghana-reinforces-culture-of-compliance-and-customer-protection.html"
"Graphic Online (GH)";"EN";"2026-10-06";"Fidelity Bank Ghana seeks shareholder approval for IPO and GSE listing";"/business/business-news/fidelity-bank-ghana-seeks-shareholder-approval-for-ipo-and-gse-listing.html"
"Graphic Online (GH)";"EN";"2026-10-06";"Local government Minister Mahama Ayariga projects GH¢50 waste bill under new collection system";"/news/general-news/local-government-minister-mahama-ayariga-projects-ghc50-waste-bill-under-new-collection-system.html"
"Graphic Online (GH)";"EN";"2026-10-06";"Ghana Politics";"/news/politics.html"
"Graphic Online (GH)";"EN";"2026-10-06";"General News";"/news/general-news.html"
"Graphic Online (GH)";"EN";"2026-10-06";"Education News";"/news/education.html"
"Graphic Online (GH)";"EN";"2026-10-06";"News in Ghana";"/news/general-news.html"
"Malijet (ML)";"FR";"2026-10-06";"Politique";"https://malijet.com/actualite-politique-au-mali"
"Malijet (ML)";"FR";"2026-10-06";"Economie";"https://malijet.com/actualite_economique_du_mali"
"Malijet (ML)";"FR";"2026-10-06";"Sports";"https://malijet.com/actualite_sportive_au_mali"
"Malijet (ML)";"FR";"2026-10-06";"Culture";"https://malijet.com/actualite_culturelle_au_mali"
"Malijet (ML)";"FR";"2026-10-06";"International";"https://malijet.com/actualite_internationale"
"Malijet (ML)";"FR";"2026-10-06";"AES";"https://malijet.com/actualite-sur-aes"
"Malijet (ML)";"FR";"2026-10-06";"Afrique";"https://malijet.com/actualite-sur-afrique"
"Malijet (ML)";"FR";"2026-10-06";"Transferts d’argent : la BCEAO instaure de nouvelles conditions tarifaires dans l’UEMOA";"https://malijet.com/actualite_economique_du_mali/312191-transferts-dargent-la-bceao-instaure-de-nouvelles-conditi.html"
"Malijet (ML)";"FR";"2026-10-06";"Célébration du 66ᵉ anniversaire de l’Armée de Terre malienne";"https://malijet.com/actualite_de_la_nation_malienne/312134-celebration-du-66-anniversaire-de-larmee-de-terre-malienne.html"
"Malijet (ML)";"FR";"2026-10-06";"Carnet d’audience: Chambre de commerce et d’industrie du Mali CCIM";"https://malijet.com/actualite_economique_du_mali/312104-carnet-daudience-chambre-de-commerce-et-dindustrie-du-mal.html"
"Malijet (ML)";"FR";"2026-10-06";"Mines : Le Burkina Faso inaugure sa première raffinerie d'or, un « acte de souveraineté assumée »";"https://malijet.com/actualite_economique_du_mali/312078-mines-le-burkina-faso-inaugure-sa-premiere-raffinerie-dor.html"
"Malijet (ML)";"FR";"2026-10-06";"Coopération Mali-Ghana : Un attaché de défense ghanéen officiellement installé à Bamako";"https://malijet.com/actualite-politique-au-mali/312190-cooperation-mali-ghana-un-attache-de-defense-ghaneen-offic.html"
"Malijet (ML)";"FR";"2026-10-06";"UEMOA : Bamako accueille la 27ᵉ réunion statutaire annuelle des présidents des Cours des comptes";"https://malijet.com/actualite_economique_du_mali/312189-uemoa-bamako-accueille-la-27-reunion-statutaire-annuelle.html"
"Malijet (ML)";"FR";"2026-10-06";"Prix de la viande : le gouvernement renforce la concertation avec les acteurs de la filière";"https://malijet.com/actualite_economique_du_mali/312185-prix-de-la-viande-le-gouvernement-renforce-la-concertation.html"
"Malijet (ML)";"FR";"2026-10-06";"UEMOA : une délégation du CIP participe à la 153ᵉ Assemblée générale de l’UIP";"https://malijet.com/actualite-politique-au-mali/312182-uemoa-une-delegation-du-cip-participe-a-la-153-assemblee.html"
"Malijet (ML)";"FR";"2026-10-06";"Voir tout →";"https://malijet.com/actualite-politique-au-mali"
"Malijet (ML)";"FR";"2026-10-06";"Justice : La Mission EUCAP Sahel Mali fait le point sur l'avancement de la Maison de Justice de Kayes";"https://malijet.com/actualite-politique-au-mali/312177-justice-la-mission-eucap-sahel-mali-fait-le-point-sur-lav.html"
"Malijet (ML)";"FR";"2026-10-06";"81e session ordinaire de l’Assemblée Générale des Nations-Unies: Le Mali dénonce les agressions ukrainiennes au Sahel";"https://malijet.com/actualite-politique-au-mali/312170-81e-session-ordinaire-de-lassemblee-generale-des-nations-un.html"
"Malijet (ML)";"FR";"2026-10-06";"Voir tout →";"https://malijet.com/actualite_economique_du_mali"
"Malijet (ML)";"FR";"2026-10-06";"UEMOA : les ministres adoptent de nouvelles mesures pour renforcer l’intégration régionale";"https://malijet.com/actualite_economique_du_mali/312147-uemoa-les-ministres-adoptent-de-nouvelles-mesures-pour-ren.html"
"Malijet (ML)";"FR";"2026-10-06";"Voir tout →";"https://malijet.com/actualite_sportive_au_mali"
"Malijet (ML)";"FR";"2026-10-06";"8e Congrès de l’Association des journalistes sportifs du Mali (AJSM): Oumar Baba Traoré réélu pour un nouveau mandat de quatre ans";"https://malijet.com/actualite_sportive_au_mali/312167-8e-congres-de-lassociation-des-journalistes-sportifs-du-mal.html"
"Malijet (ML)";"FR";"2026-10-06";"Amical Maroc-Mali : pas de vainqueur à Tanger";"https://malijet.com/actualite_sportive_au_mali/312166-amical-maroc-mali-pas-de-vainqueur-a-tanger.html"
"Malijet (ML)";"FR";"2026-10-06";"Sport : Oumar Baba Traoré réélu président de l'Association des Journalistes Sportifs du Mali";"https://malijet.com/actualite_sportive_au_mali/312163-sport-oumar-baba-traore-reelu-president-de-lassociation-d.html"
"Malijet (ML)";"FR";"2026-10-06";"Éliminatoires JO 2028 : la liste des Aigles Dames pour la double confrontation face au Bénin";"https://malijet.com/actualite_sportive_au_mali/312156-eliminatoires-jo-2028-la-liste-des-aigles-dames-pour-la-do.html"
"Malijet (ML)";"FR";"2026-10-06";"Voir tout →";"https://malijet.com/actualite_internationale"
"Malijet (ML)";"FR";"2026-10-06";"Diplomatie : Le président béninois Romuald Wadagni reçu par Emmanuel Macron à l'Élysée";"https://malijet.com/actualite_internationale/312178-diplomatie-le-president-beninois-romuald-wadagni-recu-par.html"
"Malijet (ML)";"FR";"2026-10-06";"Sondage CGTN: La « Golden Week » témoigne de la vigueur de l'économie des vacances en Chine";"https://malijet.com/actualite_internationale/312132-sondage-cgtn-la-golden-week-temoigne-de-la-vigueur-de-l.html"
"Malijet (ML)";"FR";"2026-10-06";"Flydubai : bagarre, tentative de suicide, 11 septembre évité… ce que l’on sait de l’incident en plein vol";"https://malijet.com/actualite_internationale/312117-flydubai-bagarre-tentative-de-suicide-11-septembre-evite.html"
"Malijet (ML)";"FR";"2026-10-06";"Iran : une chanteuse condamnée à 74 coups de fouet";"https://malijet.com/actualite_internationale/312075-iran-une-chanteuse-condamnee-a-74-coups-de-fouet.html"
"Malijet (ML)";"FR";"2026-10-06";"Voir tout →";"https://malijet.com/actualite-sur-aes"
"Malijet (ML)";"FR";"2026-10-06";"Premier pari confédéral AES : 150 millions de FCFA en jeu et une œuvre communautaire pour célébrer la coopération entre le Burkina Faso, le Mali et le Niger";"https://malijet.com/actualite-sur-aes/312142-premier-pari-confederal-aes-150-millions-de-fcfa-en-jeu-et.html"
"Malijet (ML)";"FR";"2026-10-06";"Jeunesse : L'AES lance son Université d'été des volontaires à Niamey pour bâtir une citoyenneté sahélienne commune";"https://malijet.com/actualite-sur-aes/312084-jeunesse-laes-lance-son-universite-dete-des-volontaires.html"
"Malijet (ML)";"FR";"2026-10-06";"AES : les ministres de l’Industrie et du Commerce adoptent une feuille de route à Bamako";"https://malijet.com/actualite-sur-aes/312083-aes-les-ministres-de-lindustrie-et-du-commerce-adoptent-u.html"
"Malijet (ML)";"FR";"2026-10-06";"AES : Abdoulaye Maïga échange avec les ministres de l’Industrie et du Commerce";"https://malijet.com/actualite-sur-aes/312068-aes-abdoulaye-maiga-echange-avec-les-ministres-de-lindust.html"
"Malijet (ML)";"FR";"2026-10-06";"Intempéries : Le Sénégal sous les eaux, Dakar et Matam durement touchés
                                        il y a 22 heures";"https://malijet.com/actualite-sur-afrique/312180-intemperies-le-senegal-sous-les-eaux-dakar-et-matam-durem.html"
"Malijet (ML)";"FR";"2026-10-06";"Nigeria : Anwar, le cerveau de l'ISWAP dans le sud du pays, neutralisé par les forces de sécurité
                                        il y a 23 heures";"https://malijet.com/actualite-sur-afrique/312179-nigeria-anwar-le-cerveau-de-liswap-dans-le-sud-du-pays.html"
"Malijet (ML)";"FR";"2026-10-06";"Diplomatie : Le Sénégal et l'Égypte renforcent leur partenariat bilatéral
                                        il y a 1 jour";"https://malijet.com/actualite-sur-afrique/312172-diplomatie-le-senegal-et-legypte-renforcent-leur-partenar.html"
"Malijet (ML)";"FR";"2026-10-06";"Coup d'état au Niger : L’Algérie dénonce une ""provocation"" et révèle son intervention militaire
                                        il y a 2 jours";"https://malijet.com/actualite-sur-afrique/312149-coup-detat-au-niger-lalgerie-denonce-une-provocation-e.html"
"Malijet (ML)";"FR";"2026-10-06";"Niger-Russie : Abdourahamane Tiani appelle à accélérer les projets de coopération
                                        il y a 3 jours";"https://malijet.com/actualite-sur-afrique/312145-niger-russie-abdourahamane-tiani-appelle-a-accelerer-les-p.html"
"Malijet (ML)";"FR";"2026-10-06";"Guinée-Bisseau : Le Haut commandement militaire interdit le retour de l'ancien président Umaro Sissoco Embaló
                                        2 commentaires
                                        il y a 3 jours";"https://malijet.com/actualite-sur-afrique/312141-guinee-bisseau-le-haut-commandement-militaire-interdit-le.html"
"Malijet (ML)";"FR";"2026-10-06";"Guinée : Mamadi Doumbouya place la jeunesse et la souveraineté au cœur du 68ᵉ anniversaire de l'indépendance
                                        il y a 4 jours";"https://malijet.com/actualite-sur-afrique/312131-guinee-mamadi-doumbouya-place-la-jeunesse-et-la-souveraine.html"
"Malijet (ML)";"FR";"2026-10-06";"Sénégal : L'Assemblée nationale adopte un texte pour mieux encadrer les dépenses de souveraineté
                                        il y a 4 jours";"https://malijet.com/actualite-sur-afrique/312129-senegal-lassemblee-nationale-adopte-un-texte-pour-mieux-e.html"
"Malijet (ML)";"FR";"2026-10-06";"Assemblée nationale ivoirienne : Le député Coulibaly Fononna Cheik Ahmed prend part à l'ouverture de la 2ème session ordinaire de 2026
                                        il y a 4 jours";"https://malijet.com/actualite-sur-afrique/312123-assemblee-nationale-ivoirienne-le-depute-coulibaly-fononna.html"
"Malijet (ML)";"FR";"2026-10-06";"Interpol enquête sur Air Sénégal : colis, drogue et soupçons de trafic
                                        il y a 5 jours";"https://malijet.com/actualite-sur-afrique/312102-interpol-enquete-sur-air-senegal-colis-drogue-et-soupcons.html"
"Malijet (ML)";"FR";"2026-10-06";"Diplomatie : Le président béninois Romuald Wadagni reçu par Emmanuel Macron à l'Élysée
                                        il y a 23 heures";"https://malijet.com/actualite_internationale/312178-diplomatie-le-president-beninois-romuald-wadagni-recu-par.html"
"Malijet (ML)";"FR";"2026-10-06";"Sondage CGTN: La « Golden Week » témoigne de la vigueur de l'économie des vacances en Chine
                                        il y a 4 jours";"https://malijet.com/actualite_internationale/312132-sondage-cgtn-la-golden-week-temoigne-de-la-vigueur-de-l.html"
"Malijet (ML)";"FR";"2026-10-06";"Flydubai : bagarre, tentative de suicide, 11 septembre évité… ce que l’on sait de l’incident en plein vol
                                        il y a 4 jours";"https://malijet.com/actualite_internationale/312117-flydubai-bagarre-tentative-de-suicide-11-septembre-evite.html"
"Malijet (ML)";"FR";"2026-10-06";"Iran : une chanteuse condamnée à 74 coups de fouet
                                        il y a 1 semaine";"https://malijet.com/actualite_internationale/312075-iran-une-chanteuse-condamnee-a-74-coups-de-fouet.html"
"Malijet (ML)";"FR";"2026-10-06";"Crash d'Air Algérie : la compagnie Swiftair condamnée à une amende de 225.000 euros pour homicides involontaires
                                        il y a 1 semaine";"https://malijet.com/actualite_internationale/312064-crash-dair-algerie-la-compagnie-swiftair-condamnee-a-une.html"
"Malijet (ML)";"FR";"2026-10-06";"ONU : Mamadi Doumbouya présente le « modèle guinéen » à la tribune de l'Assemblée générale
                                        il y a 1 semaine";"https://malijet.com/actualite_internationale/312001-onu-mamadi-doumbouya-presente-le-modele-guineen-a-la-t.html"
"Malijet (ML)";"FR";"2026-10-06";"La Libye dépose sa candidature à un siège de membre non permanent du Conseil de sécurité de l’ONU
                                        il y a 1 semaine";"https://malijet.com/actualite_internationale/311998-la-libye-depose-sa-candidature-a-un-siege-de-membre-non-perm.html"
"Malijet (ML)";"FR";"2026-10-06";"Visite d'État du président Xi Jinping aux États-Unis : « Collaboration structurée, gestion maîtrisée des divergences, responsabilité mondiale partagée »
                                        il y a 1 semaine";"https://malijet.com/actualite_internationale/311996-visite-detat-du-president-xi-jinping-aux-etats-unis-col.html"
"Malijet (ML)";"FR";"2026-10-06";"ONU : António Guterres appelle à l'unité face à un monde « fracturé »
                                        il y a 1 semaine";"https://malijet.com/actualite_internationale/311978-onu-antonio-guterres-appelle-a-lunite-face-a-un-monde-f.html"
"Malijet (ML)";"FR";"2026-10-06";"Réunion de la direction du PCC pour étudier des questions importantes relatives à l'autogouvernance du Parti et fixer les dates du prochain plénum du Parti
                                        il y a 1 semaine";"https://malijet.com/actualite_internationale/311970-reunion-de-la-direction-du-pcc-pour-etudier-des-questions-im.html"
"Malijet (ML)";"FR";"2026-10-06";"Mali : création d’une Agence pour la recherche et le développement des ressources minérales
                    2 commentaires
                    il y a 5 jours";"https://malijet.com/actualite_economique_du_mali/312110-mali-creation-dune-agence-pour-la-recherche-et-le-develop.html"
"Malijet (ML)";"FR";"2026-10-06";"Guinée-Bisseau : Le Haut commandement militaire interdit le retour de l'ancien président Umaro Sissoco Embaló
                    2 commentaires
                    il y a 3 jours";"https://malijet.com/actualite-sur-afrique/312141-guinee-bisseau-le-haut-commandement-militaire-interdit-le.html"
"Malijet (ML)";"FR";"2026-10-06";"Économie";"https://malijet.com/actualite_economique_du_mali"
