"Source";"Language";"Date";"Title";"URL"
"VRT NWS (EN)";"EN";"2026-09-21";"Zo download je een podcast via VRT MAX";"https://www.vrt.be/vrtmax/artikels/2025/10/22/hoe-download-ik-een-podcast/"
"VRT NWS (EN)";"EN";"2026-09-21";"Man uit Drongen vrijgesproken voor dood van zijn vrouw die van de trap was gevallen";"https://www.vrt.be/vrtnws/nl/2026/09/21/man-drongen-vrijgesproken-dood-vrouw-val-trap/?utm_source=corporate&utm_medium=referral&utm_campaign=rssfeed&utm_content=vrt-nws"
"VRT NWS (EN)";"EN";"2026-09-21";"Koningin Mathilde steunt nieuwe STIP IT-campagne en kinderen die gepest zijn";"https://www.vrt.be/vrtnws/nl/2026/09/19/koningin-mathilde-steunt-kinderen-die-gepest-zijn-tijdens-nieuwe/?utm_source=corporate&utm_medium=referral&utm_campaign=rssfeed&utm_content=vrt-nws"
"VRT NWS (EN)";"EN";"2026-09-21";"Aanklager vraagt 20 jaar cel voor vader van Jairon (14) en 3 jaar voor andere beschuldigden";"https://www.vrt.be/vrtnws/nl/2026/09/21/proces-jairon-strafmaat-zitting/?utm_source=corporate&utm_medium=referral&utm_campaign=rssfeed&utm_content=vrt-nws"
"VRT NWS (EN)";"EN";"2026-09-21";"Waarom het niet botert tussen Lachaert en De Gucht";"https://www.vrt.be/vrtnws/nl/2026/09/20/de-virtuele-realiteit-van-politieke-peilingen/?utm_source=corporate&utm_medium=referral&utm_campaign=rssfeed&utm_content=vrt-nws"
"VRT NWS (EN)";"EN";"2026-09-21";"""Heel veel stress"": eerstejaars starten aan UGent met gezonde zenuwen en (meestal) veel goesting";"https://www.vrt.be/vrtnws/nl/2026/09/21/eerstejaars-universiteit-ugent-ufo-de-sutter-psychologie/?utm_source=corporate&utm_medium=referral&utm_campaign=rssfeed&utm_content=vrt-nws"
"VRT NWS (EN)";"EN";"2026-09-21";"Ex-Jehovah's Getuige twijfelt of versoepeling van bloedtransfusies ook impact zal hebben: ""Regel is bijna in hun DNA ingebracht""";"https://www.vrt.be/vrtnws/nl/2026/09/21/jehovah-s-getuigen-bloedtransfusie/?utm_source=corporate&utm_medium=referral&utm_campaign=rssfeed&utm_content=vrt-nws"
"VRT NWS (EN)";"EN";"2026-09-21";"Leuvense studenten verhuizen naar kot tijdens autoloze zondag: ""Kan de stad geen andere dag kiezen?""";"https://www.vrt.be/vrtnws/nl/2026/09/21/intocht-studenten-leuven-kot/?utm_source=corporate&utm_medium=referral&utm_campaign=rssfeed&utm_content=vrt-nws"
"VRT NWS (EN)";"EN";"2026-09-21";"Limburg telt meeste 'moordstrookjes' langs gewestwegen, Gent koploper bij centrumsteden";"https://www.vrt.be/vrtnws/nl/2026/09/21/limburg-is-provincie-met-meeste-aantal-moordstrookjes-in-vlaan/?utm_source=corporate&utm_medium=referral&utm_campaign=rssfeed&utm_content=vrt-nws"
"VRT NWS (EN)";"EN";"2026-09-21";"Werd er gesjoemeld met dino Dan? Bekende Belgische dinosaurusexpert geschorst";"https://www.vrt.be/vrtnws/nl/2026/09/21/dino-dan-pascal-godefroit-onderzoek-naar-gesjoemel/?utm_source=corporate&utm_medium=referral&utm_campaign=rssfeed&utm_content=vrt-nws"
"VRT NWS (EN)";"EN";"2026-09-21";"Nog geen 10 maanden na zware diagnose is hij dé uitblinker: de straffe comeback van Sam Deroo, verteld door zijn partner";"https://www.vrt.be/vrtnws/nl/2026/09/20/sam-deroo-door-de-ogen-van-zijn-partner/?utm_source=corporate&utm_medium=referral&utm_campaign=rssfeed&utm_content=vrt-nws"
"VRT NWS (EN)";"EN";"2026-09-21";"Kot vol muizen en schimmel, maar wel kwaliteitslabel: ""Ik betaal 870 euro, wat is zo'n attest eigenlijk waard?""";"https://www.vrt.be/vrtnws/nl/2026/09/18/studentenkoten-tekort-kwaliteislabel-undercover-winwin-getuigeni/?utm_source=corporate&utm_medium=referral&utm_campaign=rssfeed&utm_content=vrt-nws"
"VRT NWS (EN)";"EN";"2026-09-21";"""We moeten hierover praten"": Streamz-docureeks over seksueel kindermisbruik laat ook Sven Pichal aan het woord";"https://www.vrt.be/vrtnws/nl/2026/09/18/docureeks-het-bestaat-streamz-seksueel-kindermisbruik-sven-picha/?utm_source=corporate&utm_medium=referral&utm_campaign=rssfeed&utm_content=vrt-nws"
"VRT NWS (EN)";"EN";"2026-09-21";"Stemmen voor Marokkaanse verkiezingen vanuit buitenland? Dat kan voor het eerst met digitale volmacht";"https://www.vrt.be/vrtnws/nl/2026/09/20/marokkanen-in-het-buitenland-kunnen-voor-het-eerst-digitaal-stem/?utm_source=corporate&utm_medium=referral&utm_campaign=rssfeed&utm_content=vrt-nws"
"VRT NWS (EN)";"EN";"2026-09-21";"Dementiezorg kost België 7 miljard per jaar: ""Nu investeren om situatie onder controle te houden""";"https://www.vrt.be/vrtnws/nl/2026/09/17/dementiezorg-kost-belgie-ruim-7-miljard-euro-per-jaar/?utm_source=corporate&utm_medium=referral&utm_campaign=rssfeed&utm_content=vrt-nws"
"VRT NWS (EN)";"EN";"2026-09-21";"Aardappelboer doodde dochtertjes Maud (8) en Ona (5) en wilde mogelijk ook ex-vrouw ombrengen: proces start deze week";"https://www.vrt.be/vrtnws/nl/2026/09/16/assisenproces-chris-vanhaverbeke-moord-dochtertjes-voorbeschouwi/?utm_source=corporate&utm_medium=referral&utm_campaign=rssfeed&utm_content=vrt-nws"
"VRT NWS (EN)";"EN";"2026-09-21";"Dit zijn de opvallendste passages uit Diana-boek 'Zwanenzang': van handtastelijke Al-Fayed tot ""beetje mollig daar""";"https://www.vrt.be/vrtnws/nl/2026/09/20/dit-is-zwanenzang-mijn-zus-diana/?utm_source=corporate&utm_medium=referral&utm_campaign=rssfeed&utm_content=vrt-nws"
"VRT NWS (EN)";"EN";"2026-09-21";"Egbert Lachaert niet langer bij Anders: ""Moeilijkste beslissing uit mijn carrière""";"https://www.vrt.be/vrtnws/nl/2026/09/20/egbert-lachaert-die-stopte-als-fractieleider-bij-anders-gaat-a/?utm_source=corporate&utm_medium=referral&utm_campaign=rssfeed&utm_content=vrt-nws"
"VRT NWS (EN)";"EN";"2026-09-21";"PFAS voor datacentra en AI: ook Belgisch chemiebedrijf Syensqo schroeft productie van 'forever chemicals' op";"https://www.vrt.be/vrtnws/nl/2026/09/20/belgische-multinational-syensqo-verhoogt-pfas-productie-voor-mic/?utm_source=corporate&utm_medium=referral&utm_campaign=rssfeed&utm_content=vrt-nws"
"VRT NWS (EN)";"EN";"2026-09-21";"Kind zwaargewond na aanrijding door taxi tijdens autoloze zondag in Brussel, bestuurder legt negatieve alcohol- en drugstest af";"https://www.vrt.be/vrtnws/nl/2026/09/20/kind-zwaargewond-na-aanrijding-op-stalingradlaan-in-brussel-tijd/?utm_source=corporate&utm_medium=referral&utm_campaign=rssfeed&utm_content=vrt-nws"
"VRT NWS (EN)";"EN";"2026-09-21";"Luchthaven Charleroi verwacht 34 vluchten te schrappen door staking luchtverkeersleiders";"https://www.vrt.be/vrtnws/nl/2026/09/20/luchthaven-charleroi-verwacht-morgen-34-vluchten-te-schrappen-do/?utm_source=corporate&utm_medium=referral&utm_campaign=rssfeed&utm_content=vrt-nws"
"VRT NWS (EN)";"EN";"2026-09-21";"Broer van prinses Diana verdedigt zich in interview: ""Charles heeft echt gezegd dat we haar snel zullen vergeten""";"https://www.vrt.be/vrtnws/nl/2026/09/20/charles-spencer-verdedigt-uitspraken-in-boek-diana/?utm_source=corporate&utm_medium=referral&utm_campaign=rssfeed&utm_content=vrt-nws"
"VRT NWS (EN)";"EN";"2026-09-21";"Unieke kans voor verzamelaars: muzieksamensteller Jos Van Oosterwyck (77) verkoopt volledige platen- en cd-collectie";"https://www.vrt.be/vrtnws/nl/2026/09/20/televisie-en-radio-muzieksamensteller-jos-van-oosterwijk-verkoop/?utm_source=corporate&utm_medium=referral&utm_campaign=rssfeed&utm_content=vrt-nws"
"VRT NWS (EN)";"EN";"2026-09-21";"De eerste weken van Harry en Meghan in Engeland zijn 'F.C. De Kampioenen' in het echt: misverstanden troef";"https://www.vrt.be/vrtnws/nl/2026/09/17/harry-en-meghan-3-weken-in-het-vk/?utm_source=corporate&utm_medium=referral&utm_campaign=rssfeed&utm_content=vrt-nws"
"VRT NWS (EN)";"EN";"2026-09-21";"Waarom de geruchten over de gezondheid van Xi Jinping zoveel onrust veroorzaken";"https://www.vrt.be/vrtnws/nl/2026/09/19/wat-is-er-aan-de-hand-met-de-gezondheid-van-de-chinese-president/?utm_source=corporate&utm_medium=referral&utm_campaign=rssfeed&utm_content=vrt-nws"
"VRT NWS (EN)";"EN";"2026-09-21";"""Ik was nooit verder dan fietsen met zijwieltjes geraakt"": 4 volwassenen getuigen over leren fietsen op latere leeftijd";"https://www.vrt.be/vrtnws/nl/2026/09/15/mobiliteit-volwassen-die-leren-fietsen/?utm_source=corporate&utm_medium=referral&utm_campaign=rssfeed&utm_content=vrt-nws"
"VRT NWS (EN)";"EN";"2026-09-21";"Wanneer wordt mijn gasaansluiting afgesloten en hoe haalbaar is dat? Jouw vragen over afbouw van aardgas beantwoord";"https://www.vrt.be/vrtnws/nl/2026/09/16/vragen-afbouw-aardgasnet-vlaanderen/?utm_source=corporate&utm_medium=referral&utm_campaign=rssfeed&utm_content=vrt-nws"
"VRT NWS (EN)";"EN";"2026-09-21";"""Trouwste vriend van Israël"": wie is Robert Kraft (85), de Joods-Amerikaanse miljardair die Macklemore van het podium weert";"https://www.vrt.be/vrtnws/nl/2026/09/16/wie-is-robert-kraft-de-joods-amerikaanse-miljardair-in-de-saga/?utm_source=corporate&utm_medium=referral&utm_campaign=rssfeed&utm_content=vrt-nws"
"VRT NWS (EN)";"EN";"2026-09-21";"De Wevers 'witte kaftje' met begrotingsideeën blijft een mysterie, maar dit weten we wel al";"https://www.vrt.be/vrtnws/nl/2026/09/14/begrotingsvoorstellen-wit-kaftje-de-wever/?utm_source=corporate&utm_medium=referral&utm_campaign=rssfeed&utm_content=vrt-nws"
"VRT NWS (EN)";"EN";"2026-09-21";"30e herdenking van dood van prinses Diana is pas voor volgende zomer, maar geldmachine draait nu al";"https://www.vrt.be/vrtnws/nl/2026/09/11/diana-in-2027-30-jaar-dood-hoe-de-herdenkingen-of-het-commerci/?utm_source=corporate&utm_medium=referral&utm_campaign=rssfeed&utm_content=vrt-nws"
"VRT NWS (EN)";"EN";"2026-09-21";"Waarom heeft Europa een eigen satellietnetwerk nodig? En komen we niet hopeloos te laat?";"https://www.vrt.be/vrtnws/nl/2026/09/11/iris2-waarom-europa-eigen-satellietnetwerk-nodig-heeft/?utm_source=corporate&utm_medium=referral&utm_campaign=rssfeed&utm_content=vrt-nws"
"VRT NWS (EN)";"EN";"2026-09-21";"ETF's winnen aan populariteit bij Belgische beleggers: zo werkt 'hangmatbeleggen'";"https://www.vrt.be/vrtnws/nl/2026/09/09/wat-zijn-etf-s-en-hoe-ga-je-ermee-aan-de-slag/?utm_source=corporate&utm_medium=referral&utm_campaign=rssfeed&utm_content=vrt-nws"
"VRT NWS (EN)";"EN";"2026-09-21";"LIVESTREAM (18u): Kan Matisse Van Kerckhove nog een Belgische WK-medaille in de wacht slepen?";"https://sporza.be/nl/matches/wielrennen/wk-beloften/2026/wk-wielrennen-tijdrit-beloften-mannen-livestream-18u-kan-matisse-van-kerckhove-nog-een-belgische-wk-medaille-in-de-wacht-slepen~1789381115956/"
"VRT NWS (EN)";"EN";"2026-09-21";"LIVESTREAM (15u): Belgische vrouwen willen verrassen op WK tijdrijden bij de beloften";"https://sporza.be/nl/matches/wielrennen/wk-beloften-vrouwen/2026/wk-wielrennen-tijdrit-beloften-vrouwen-livestream-15u-belgische-vrouwen-willen-verrassen-op-wk-tijdrijden-bij-de-beloften~1789380596069/"
"VRT NWS (EN)";"EN";"2026-09-21";"""Het is toch pijnlijk ontwaken"": Peter Vandenbempt plaatst 2 clubs op cruciaal kruispunt, maar looft ook ""uniek fenomeen"" Union";"https://sporza.be/nl/2026/09/21/-het-is-toch-pijnlijk-ontwaken-peter-vandenbempt-plaatst-2-clubs-op-cruciaal-kruispunt-maar-looft-ook-uniek-fenomeen-union~1789972403866/"
"VRT NWS (EN)";"EN";"2026-09-21";"Jeline Vandromme haakt door beenblessure af voor Final 8 van Billie Jean King Cup";"https://sporza.be/nl/2026/09/21/jeline-vandromme-haakt-door-beenblessure-af-voor-final-8-van-bil~1789982369965/"
"VRT NWS (EN)";"EN";"2026-09-21";"""Eigenlijk is dit wedstrijdvervalsing"": analisten hekelen auto's naast tijdritparcours tijdens WK";"https://sporza.be/nl/2026/09/21/eigenlijk-is-dit-wedstrijdvervalsing-analisten-hekelen-auto-s~1789981935880/"
"VRT NWS (EN)";"EN";"2026-09-21";"Meer dan een maatje te groot: ontketende Remco Evenepoel raast naar historische 4e wereldtitel tijdrijden";"https://sporza.be/nl/matches/wielrennen/wereldkampioenschappen/2026/wereldkampioenschappen-2026-meer-dan-een-maatje-te-groot-ontketende-remco-evenepoel-raast-naar-historische-4e-wereldtitel-tijdrijden~1759432024650/"
"VRT NWS (EN)";"EN";"2026-09-21";"Paul Seixas klopt zichzelf op de borst en looft Remco Evenepoel: ""Hij is onverslaanbaar""";"https://sporza.be/nl/2026/09/20/paul-seixas-klopt-zichzelf-op-de-borst-en-looft-remco-evenepoel-hij-is-onverslaanbaar~1789940550343/"
"VRT NWS (EN)";"EN";"2026-09-21";"De onmacht spat van het gezicht van zilveren Filippo Ganna: ""Ik reed nochtans mijn beste tijdrit van 45 minuten""";"https://sporza.be/nl/2026/09/21/de-onmacht-spat-van-het-gezicht-van-zilveren-filippo-ganna-ik-reed-nochtans-mijn-beste-tijdrit-van-45-minuten~1789980176955/"
"VRT NWS (EN)";"EN";"2026-09-21";"Herdenkingsdag wijzigt F1-kalender: GP in Azerbeidzjan dit weekend uitzonderlijk op zaterdag";"https://sporza.be/nl/2026/09/21/herdenkingsdag-wijzigt-f1-kalender-gp-in-azerbeidzjan-dit-weeke~1789971884842/"
"VRT NWS (EN)";"EN";"2026-09-21";"Een ""speels"" prikje voor de WK-wegrit: bondscoach steelt de show op overwinningsfeestje van Remco Evenepoel";"https://sporza.be/nl/2026/09/21/een-speels-prikje-voor-de-wk-wegrit-bondscoach-steelt-de-show-op-overwinningsfeestje-van-remco-evenepoel~1789965920749/"
"VRT NWS (EN)";"EN";"2026-09-21";"Nog geen 10 maanden na zware diagnose is hij dé uitblinker: de straffe comeback van Sam Deroo, verteld door zijn partner";"https://sporza.be/nl/2026/09/20/nog-geen-10-maanden-na-zware-diagnose-is-hij-de-uitblinker-de-straffe-comeback-van-sam-deroo-verteld-door-zijn-partner~1789906744262/"
"VRT NWS (EN)";"EN";"2026-09-21";"Pech voor juniorenrenner Seff Van Kerckhove: Belgische troef moet passen voor WK na aanrijding op training";"https://sporza.be/nl/2026/09/20/pech-voor-juniorenrenner-seff-van-kerckhove-belgische-troef-moet-passen-voor-wk-na-aanrijding-op-training~1789933608115/"
"VRT NWS (EN)";"EN";"2026-09-21";"Renaat en José mijmeren over de zegereeks van Remco Evenepoel: ""Hij is nog maar 26 jaar. Er is nog ruimte zat""";"https://sporza.be/nl/2026/09/20/renaat-en-jose-mijmeren-over-de-zegereeks-van-remco-evenepoel-hij-is-nog-maar-26-jaar-er-is-nog-ruimte-zat~1789935895436/"
"VRT NWS (EN)";"EN";"2026-09-21";"Remco Evenepoel was nog maar eens soeverein tegen de klok: ""Mijn beste tijdrit ooit? Oei, dat is snel rondgegaan""";"https://sporza.be/nl/2026/09/20/remco-evenepoel-was-nog-maar-eens-soeverein-tegen-de-klok-mijn-beste-tijdrit-ooit-oei-dat-is-snel-rondgegaan~1789926955893/"
"VRT NWS (EN)";"EN";"2026-09-21";"Bondscoach ziet hoe supercompensatie toeslaat bij Remco Evenepoel: ""Dit geeft veel vertrouwen voor de wegrit""";"https://sporza.be/nl/2026/09/20/bondscoach-ziet-hoe-supercompensatie-toeslaat-bij-remco-evenepoel-dit-geeft-veel-vertrouwen-voor-de-wegrit~1789927095515/"
"VRT NWS (EN)";"EN";"2026-09-21";"Diepe zucht van opluchting bij Alec Segaert, die nog alleszeggend knikje kreeg over Evenepoel: ""Toen wist ik: het komt in orde""";"https://sporza.be/nl/2026/09/20/diepe-zucht-van-opluchting-bij-alec-segaert-die-nog-alleszeggend-knikje-kreeg-over-evenepoel-toen-wist-ik-het-komt-in-orde~1789932488614/"
"VRT NWS (EN)";"EN";"2026-09-21";"""Het is een apart beeld"": Remco Evenepoel zoekt en vindt vrouw Oumi in de aankomstzone in Montréal";"https://sporza.be/nl/2026/09/20/het-is-een-apart-beeld-remco-evenepoel-zoekt-en-vindt-vrouw-o~1789932275286/"
"VRT NWS (EN)";"EN";"2026-09-21";"Mathieu van der Poel na nummertje in Luxemburg: ""Ik had superbenen, hopelijk een goed voorteken voor het WK""";"https://sporza.be/nl/2026/09/20/mathieu-van-der-poel-na-nummertje-in-luxemburg-ik-had-superbenen-hopelijk-een-goed-voorteken-voor-het-wk~1789923597092/"
"RTBF Actus (FR)";"FR";"2026-09-21";"Namur : les Wallos vues par les visiteurs étrangers";"/article/formule-1-pourquoi-le-grand-prix-d-azerbaidjan-aura-t-il-lieu-samedi-et-pas-dimanche-11788204"
"RTBF Actus (FR)";"FR";"2026-09-21";"30 ans de ""Persona"" : pourquoi ça buzz moins en Europe ?";"/article/boucle-du-hainaut-les-lignes-electriques-a-tres-haute-tension-sont-elles-dangereuses-pour-la-sante-humaine-11788042"
"RTBF Actus (FR)";"FR";"2026-09-21";"Sandra Kim, c'est pas moi";"/article/la-n-va-25-ans-de-poker-flamand-11788141"
"RTBF Actus (FR)";"FR";"2026-09-21";"TVA, plafonnement de  l’indexation : « On dit stop »";"/article/10-milliards-d-euros-a-trouver-hors-de-question-pour-la-fgtb-d-aller-chercher-cet-argent-dans-la-poche-des-travailleurs-11788118"
"RTBF Actus (FR)";"FR";"2026-09-21";"4 titres de champion du monde du chrono pour Remco Evenepoel";"/article/le-belge-atow-champion-du-monde-de-rocket-league-11788178"
"RTBF Actus (FR)";"FR";"2026-09-21";"À Bruxelles, une journée sans voiture et presque sans bruit";"/article/le-belge-atow-champion-du-monde-de-rocket-league-11788178"
"RTBF Actus (FR)";"FR";"2026-09-21";"Complètement Foot - L'absence de Thomas Meunier et d'Alexis Saelemaekers dans la sélection";"/article/prix-record-a-la-pompe-le-diesel-franchit-la-barre-de-2-5-euros-le-litre-11788188"
"RTBF Actus (FR)";"FR";"2026-09-21";"En Ukraine, les sations-services prises pour cibles par la Russie";"/article/un-premier-rassemblement-charge-pour-mark-van-bommel-pourquoi-les-diables-joueront-4-matches-en-11-jours-11785855"
"RTBF Actus (FR)";"FR";"2026-09-21";"On apprend à guider un avion";"/article/pourquoi-les-telenovelas-cartonnent-elles-encore-aujourd-hui-11785527"
"RTBF Actus (FR)";"FR";"2026-09-21";"Revivez le podium de Remco Evenepoel aux Mondiaux de cyclisme";"/article/ed-sheeran-assure-avoir-du-modifier-sa-scenographie-pour-des-raisons-de-securite-11788150"
"RTBF Actus (FR)";"FR";"2026-09-21";"Le Grand Cactus : Ça pique ou ça passe ? L'interview d'Elodie Poux";"/article/un-ovni-une-suprematie-totale-remco-evenepoel-vole-sur-le-chrono-depuis-les-jeux-de-paris-11788117"
"RTBF Actus (FR)";"FR";"2026-09-21";"Complètement Foot - ""L'Union, c'est trop fort pour notre compétition""";"/article/un-ovni-une-suprematie-totale-remco-evenepoel-vole-sur-le-chrono-depuis-les-jeux-de-paris-11788117"
"RTBF Actus (FR)";"FR";"2026-09-21";"Formule 1 : pourquoi le Grand-Prix d’Azerbaidjan aura-t-il lieu samedi et pas dimanche ?";"/article/clavier-les-faisans-et-canards-laches-pour-la-chasse-vadrouillent-dans-les-jardins-et-meurent-dans-la-rue-11788075"
"RTBF Actus (FR)";"FR";"2026-09-21";"Boucle du Hainaut : les lignes électriques à très haute tension sont-elles dangereuses pour la santé humaine ?";"/article/le-conseil-d-etat-suspend-la-fermeture-de-magasins-de-nuit-prononcee-par-la-ville-de-liege-11788183"
"RTBF Actus (FR)";"FR";"2026-09-21";"La N-VA, 25 ans de poker flamand";"/article/l-euro-joue-sa-souverainete-cote-pile-et-cote-face-nouveau-look-pour-les-billets-de-banque-et-strategie-numerique-11788114"
"RTBF Actus (FR)";"FR";"2026-09-21";"10 milliards d’euros à trouver : ""Hors de question"" pour la FGTB d’aller chercher cet argent dans la poche des travailleurs";"/article/des-dizaines-de-reseaux-criminels-internationaux-demanteles-grace-a-une-operation-dirigee-par-la-police-federale-11787231"
"RTBF Actus (FR)";"FR";"2026-09-21";"Le Belge ""Atow"" champion du monde de ""Rocket League""";"/article/150-signalements-de-drones-au-dessus-de-sites-strategiques-dont-des-entreprises-liees-a-la-defense-a-charleroi-11787118"
"RTBF Actus (FR)";"FR";"2026-09-21";"Le Belge ""Atow"" champion du monde de ""Rocket League""";"/article/festival-du-film-de-toronto-le-premier-prix-decerne-a-la-bola-negra-fresque-sur-l-histoire-queer-espagnole-11788018"
"RTBF Actus (FR)";"FR";"2026-09-21";"Prix record à la pompe : le diesel franchit la barre de 2,5 euros le litre";"/article/gaza-histoire-d-une-enclave-des-origines-a-la-catastrophe-humanitaire-11780149"
"RTBF Actus (FR)";"FR";"2026-09-21";"Un premier rassemblement chargé pour Mark van Bommel : pourquoi les Diables joueront 4 matches en 11 jours";"/article/les-secrets-de-la-pop-plongez-dans-les-25-nouvelles-histoires-incroyables-des-coulisses-de-la-pop-11775518"
"RTBF Actus (FR)";"FR";"2026-09-21";"Pourquoi les télénovelas cartonnent-elles encore aujourd’hui ?";"/article/autisme-et-tdah-quand-un-trouble-en-cache-deux-comment-y-voir-clair-11783149"
"RTBF Actus (FR)";"FR";"2026-09-21";"Ed Sheeran assure avoir dû modifier sa scénographie pour des ""raisons de sécurité""";"/article/autisme-et-tdah-quand-un-trouble-en-cache-deux-comment-y-voir-clair-11783149"
"RTBF Actus (FR)";"FR";"2026-09-21";"Un ovni, une suprématie totale : Remco Evenepoel vole sur le chrono depuis les Jeux de Paris";"/article/evenepoel-proche-de-la-perfection-seixas-impressionnant-gerard-bulens-analyse-le-chrono-des-mondiaux-11788050"
"RTBF Actus (FR)";"FR";"2026-09-21";"Un ovni, une suprématie totale : Remco Evenepoel vole sur le chrono depuis les Jeux de Paris";"/article/la-revue-de-presse-deux-guerres-et-la-meme-consequence-pour-le-monde-11788130"
"RTBF Actus (FR)";"FR";"2026-09-21";"Clavier : les faisans et canards lâchés pour la chasse vadrouillent dans les jardins et meurent dans la rue";"/article/reforme-de-l-enseignement-moins-de-voyages-scolaires-pour-les-eleves-11787546"
"RTBF Actus (FR)";"FR";"2026-09-21";"Le Conseil d'État suspend la fermeture de magasins de nuit prononcée par la Ville de Liège";"/article/budget-wallon-la-chasse-aux-centaines-de-millions-est-relancee-11786807"
"RTBF Actus (FR)";"FR";"2026-09-21";"L’euro joue sa souveraineté côté pile et côté face : nouveau look pour les billets de banque et stratégie numérique";"/article/elections-regionales-en-allemagne-la-cdu-du-chancelier-merz-echoue-en-mecklembourg-pomeranie-occidentale-et-a-berlin-11788108"
"RTBF Actus (FR)";"FR";"2026-09-21";"Des dizaines de réseaux criminels internationaux démantelés grâce à une opération dirigée par la police fédérale";"/article/remco-evenepoel-entre-dans-l-histoire-avec-un-4e-sacre-mondial-consecutif-du-contre-la-montre-11787923"
"RTBF Actus (FR)";"FR";"2026-09-21";"150 signalements de drones au-dessus de sites stratégiques, dont des entreprises liées à la défense à Charleroi";"/article/une-voiture-percute-des-spectateurs-lors-d-un-evenement-automobile-a-avelgem-six-blesses-11787999"
"RTBF Actus (FR)";"FR";"2026-09-21";"Festival du film de Toronto : le premier prix décerné à ""La bola negra"", fresque sur l’histoire queer espagnole";"/article/la-reprise-de-winkler-la-belle-action-de-charleroi-voici-le-top-5-des-buts-de-la-7e-journee-de-pro-league-11787962"
"RTBF Actus (FR)";"FR";"2026-09-21";"Comment Gaza est passée d’un carrefour prospère à une enclave ravagée par la guerre ?";"/article/assassinat-du-chatelain-de-wingene-evert-de-clercq-qui-a-aide-a-recruter-l-assassin-libere-aux-pays-bas-11787727"
"RTBF Actus (FR)";"FR";"2026-09-21";"Les secrets de la pop : plongez dans les 25 nouvelles histoires incroyables des coulisses de la pop !";"/article/175-km-en-solitaire-au-luxembourg-mathieu-van-der-poel-signe-un-incroyable-numero-avant-les-mondiaux-11787890"
"RTBF Actus (FR)";"FR";"2026-09-21";"Autisme et TDAH : quand un trouble en cache deux, comment y voir clair ?";"/article/quels-artistes-se-produiront-aux-fetes-de-wallonie-a-namur-decouvrez-le-programme-complet-pour-2026-11774664"
"RTBF Actus (FR)";"FR";"2026-09-21";"Autisme et TDAH : quand un trouble en cache deux, comment y voir clair ?";"/article/fetes-de-wallonie-revivez-les-meilleurs-moments-d-une-soiree-placee-sous-le-signe-de-la-transmission-11787729"
"RTBF Actus (FR)";"FR";"2026-09-21";"Evenepoel ""proche de la perfection"", Seixas ""impressionnant"" : Gérard Bulens analyse le chrono des Mondiaux";"/article/emotion-pour-le-concert-de-salvatore-adamo-a-mons-11787781"
"RTBF Actus (FR)";"FR";"2026-09-21";"La revue de presse : deux guerres, et la même conséquence pour le monde";"/article/fetes-de-wallonie-freddy-tougaux-est-parti-a-la-louviere-pour-verifier-si-le-wallon-a-encore-de-l-avenir-11787650"
"RTBF Actus (FR)";"FR";"2026-09-21";"Réforme de l’enseignement : moins de voyages scolaires pour les élèves";"/article/fetes-de-wallonie-je-suis-un-grand-pere-heureux-quand-la-fierte-wallonne-se-transmet-de-generation-en-generation-11787685"
"RTBF Actus (FR)";"FR";"2026-09-21";"Budget wallon : la chasse aux centaines de millions est relancée";"/article/fetes-de-wallonie-essyla-nous-fait-decouvrir-les-lieux-namurois-qui-ont-marque-son-enfance-mais-aussi-sa-carriere-11787647"
"RTBF Actus (FR)";"FR";"2026-09-21";"Elections régionales en Allemagne : la CDU du chancelier Merz échoue en Mecklembourg-Poméranie occidentale et à Berlin";"/article/fanny-jandrain-celebre-les-fetes-de-wallonie-dans-une-emission-speciale-de-stoemp-peket-et-des-rawettes-11785542"
"RTBF Actus (FR)";"FR";"2026-09-21";"Remco Evenepoel entre dans l’histoire avec un 4e sacre mondial consécutif du contre-la-montre";"/article/fetes-de-wallonie-une-chorale-de-700-eleves-reunis-pour-les-175-ans-du-bia-bouquet-chant-folklorique-namurois-11786196"
"RTBF Actus (FR)";"FR";"2026-09-21";"Une voiture percute des spectateurs lors d’un événement automobile à Avelgem : six blessés";"/article/la-securite-routiere-au-c-ur-des-fetes-de-wallonie-11784883"
"RTBF Actus (FR)";"FR";"2026-09-21";"La reprise de Winkler, la belle action de Charleroi : voici le top 5 des buts de la 7e journée de Pro League";"/article/dembele-kvara-et-doue-dans-le-retroviseur-ferran-torres-le-heros-inattendu-d-un-psg-en-mode-diesel-11788137"
"RTBF Actus (FR)";"FR";"2026-09-21";"Assassinat du châtelain de Wingene : Evert de Clercq, qui a aidé à recruter l'assassin, libéré aux Pays-Bas";"/article/il-n-a-pas-pu-supporter-la-pression-jose-mourinho-dezingue-l-arbitre-du-derby-entre-l-atletico-et-le-real-11787988"
"RTBF Actus (FR)";"FR";"2026-09-21";"175 km en solitaire au Luxembourg : Mathieu Van der Poel signe un numéro avant les Mondiaux, ""je ne sais pas ce qui m'a pris""";"/article/un-premier-rassemblement-charge-pour-mark-van-bommel-pourquoi-les-diables-joueront-4-matches-en-11-jours-11785855"
"RTBF Actus (FR)";"FR";"2026-09-21";"Quels artistes se produiront aux Fêtes de Wallonie à Namur ? Découvrez le programme complet pour 2026";"/article/la-reprise-de-winkler-la-belle-action-de-charleroi-voici-le-top-5-des-buts-de-la-7e-journee-de-pro-league-11787962"
"RTBF Actus (FR)";"FR";"2026-09-21";"Fêtes de Wallonie : revivez les meilleurs moments d’une soirée placée sous le signe de la transmission";"/article/l-union-c-est-trop-fort-pour-notre-competition-joachim-mununga-subjugue-apres-le-0-2-a-l-antwerp-11786606"
"RTBF Actus (FR)";"FR";"2026-09-21";"Emotion pour le concert de Salvatore Adamo à Mons";"/article/le-paris-saint-germain-emerge-dans-le-classique-a-l-om-mika-godts-monte-en-fin-de-match-11788041"
"RTBF Actus (FR)";"FR";"2026-09-21";"Fêtes de Wallonie : Freddy Tougaux est parti à La Louvière pour vérifier si le wallon a encore de l’avenir";"/article/retrouvez-les-resumes-videos-de-la-7e-journee-de-pro-league-11787946"
"RTBF Actus (FR)";"FR";"2026-09-21";"Fêtes de Wallonie : ""Je suis un grand-père heureux"", quand la fierté wallonne se transmet de génération en génération.";"/article/envie-de-prendre-place-dans-le-public-de-la-tribune-voici-comment-faire-pour-assister-a-l-emission-11771995"
"RTBF Actus (FR)";"FR";"2026-09-21";"Fêtes de Wallonie : Essyla nous fait découvrir les lieux namurois qui ont marqué son enfance mais aussi sa carrière";"/article/un-diable-rouge-en-feu-diego-moreira-a-nouveau-buteur-avec-l-ac-milan-11788067"
"RTBF Actus (FR)";"FR";"2026-09-21";"Fanny Jandrain célèbre les Fêtes de Wallonie dans une émission spéciale de Stoemp, Pékèt et des rawettes";"/article/mondiaux-de-cyclisme-seff-van-kerckhove-forfait-chez-les-juniors-apres-un-accident-11788239"
"RTBF Actus (FR)";"FR";"2026-09-21";"Fêtes de Wallonie : une chorale de 600 élèves réunis pour les 175 ans du ""Bia Bouquet"", chant folklorique namurois";"/article/un-ovni-une-suprematie-totale-remco-evenepoel-vole-sur-le-chrono-depuis-les-jeux-de-paris-11788117"
"RTBF Actus (FR)";"FR";"2026-09-21";"La sécurité routière au cœur des Fêtes de Wallonie";"/article/evenepoel-proche-de-la-perfection-seixas-impressionnant-gerard-bulens-analyse-le-chrono-des-mondiaux-11788050"
"RTBF Actus (FR)";"FR";"2026-09-21";"Dembelé, Kvara et Doué dans le rétroviseur : Ferran Torres, le héros inattendu d’un PSG en mode Diesel";"/article/mondiaux-de-montreal-suivez-le-chrono-masculin-u23-avec-les-belges-jasper-schoofs-et-matisse-van-kerckhove-direct-video-17h50-11787966"
"RTBF Actus (FR)";"FR";"2026-09-21";"""Il n’a pas pu supporter la pression"" : José Mourinho dézingue l’arbitre du derby entre l’Atlético et le Real";"/article/remco-evenepoel-en-veut-encore-apres-le-chrono-des-mondiaux-l-an-prochain-j-irai-a-annecy-pour-un-cinquieme-titre-11788047"
"RTBF Actus (FR)";"FR";"2026-09-21";"Un premier rassemblement chargé pour Mark van Bommel : pourquoi les Diables joueront 4 matches en 11 jours";"/article/remco-evenepoel-entre-dans-l-histoire-avec-un-4e-sacre-mondial-consecutif-du-contre-la-montre-11787923"
"RTBF Actus (FR)";"FR";"2026-09-21";"La reprise de Winkler, la belle action de Charleroi : voici le top 5 des buts de la 7e journée de Pro League";"/article/175-km-en-solitaire-au-luxembourg-mathieu-van-der-poel-signe-un-incroyable-numero-avant-les-mondiaux-11787890"
"RTBF Actus (FR)";"FR";"2026-09-21";"Complètement Foot : ""L’Union, c’est trop fort pour notre compétition""";"/article/marlen-reusser-realise-le-double-sur-le-chrono-des-mondiaux-de-cyclisme-le-jour-de-ses-35-ans-11787896"
"RTBF Actus (FR)";"FR";"2026-09-21";"Le Paris Saint-Germain émerge à l'OM dans le Classique, Mika Godts monte en fin de match";"/article/tour-de-slovaquie-lennert-van-eetvelt-triomphe-dans-la-derniere-etape-et-remporte-le-general-11787873"
"RTBF Actus (FR)";"FR";"2026-09-21";"Retrouvez les résumés vidéos de la 7e journée de Pro League";"/article/la-n-va-25-ans-de-poker-flamand-11788141"
"RTBF Actus (FR)";"FR";"2026-09-21";"Envie de prendre place dans le public de La Tribune ? Voici comment faire pour assister à l’émission";"/article/jerome-de-warzee-anxieux-de-voir-un-nationaliste-flamand-aux-fetes-de-wallonie-une-belle-preuve-de-notre-sado-wallonisme-11788160"
"RTBF Actus (FR)";"FR";"2026-09-21";"Un Diable Rouge en feu : Diego Moreira à nouveau buteur avec l’AC Milan";"/article/roooh-ca-va-on-peut-plus-rien-dire-quand-osman-nous-raconte-son-gros-coup-de-vieux-11788107"
"RTBF Actus (FR)";"FR";"2026-09-21";"Mondiaux de cyclisme : Seff Van Kerckhove forfait chez les juniors après un accident";"/article/la-revue-de-presse-deux-guerres-et-la-meme-consequence-pour-le-monde-11788130"
"RTBF Actus (FR)";"FR";"2026-09-21";"Un ovni, une suprématie totale : Remco Evenepoel vole sur le chrono depuis les Jeux de Paris";"/article/un-p-tit-truc-en-plus-l-un-des-plus-gros-succes-du-cinema-francais-debarque-sur-la-rtbf-11779520"
"RTBF Actus (FR)";"FR";"2026-09-21";"Evenepoel ""proche de la perfection"", Seixas ""impressionnant"" : Gérard Bulens analyse le chrono des Mondiaux";"/article/gaza-histoire-d-une-enclave-des-origines-a-la-catastrophe-humanitaire-11780149"
"RTBF Actus (FR)";"FR";"2026-09-21";"Mondiaux de Montréal : suivez le chrono masculin U23 avec les Belges Jasper Schoofs et Matisse Van Kerckhove (Direct vidéo 17h50)";"/article/vous-considerez-que-notre-reportage-est-incomplet-un-droit-de-reponse-est-il-possible-11786650"
"RTBF Actus (FR)";"FR";"2026-09-21";"Remco Evenepoel en veut encore après le chrono des Mondiaux : ""L’an prochain, j’irai à Annecy pour un 5e titre !""";"/article/proximite-interaction-et-collaboration-comment-la-rtbf-ancre-ses-contenus-au-c-ur-des-regions-11786513"
"RTBF Actus (FR)";"FR";"2026-09-21";"Remco Evenepoel entre dans l’histoire avec un 4e sacre mondial consécutif du contre-la-montre";"/article/que-fait-la-rtbf-de-vos-donnees-collecte-algorithmes-et-protection-de-la-vie-privee-decryptes-11776913"
"RTBF Actus (FR)";"FR";"2026-09-21";"175 km en solitaire au Luxembourg : Mathieu Van der Poel signe un numéro avant les Mondiaux, ""je ne sais pas ce qui m'a pris""";"/article/enfant-illegitime-un-terme-a-eviter-sur-nos-antennes-11776723"
"RTBF Actus (FR)";"FR";"2026-09-21";"Mondiaux de cyclisme : Marlen Reusser réalise le doublé sur le chrono le jour de ses 35 ans";"/article/les-jeunes-et-l-actu-plus-informes-qu-on-ne-le-pense-mais-pas-a-l-abri-de-pieges-11763284"
"RTBF Actus (FR)";"FR";"2026-09-21";"Tour de Slovaquie : Lennert Van Eetvelt triomphe dans la dernière étape et remporte le général";"/article/moderation-sur-les-reseaux-sociaux-le-defi-quotidien-de-la-rtbf-11758876"
"RTBF Actus (FR)";"FR";"2026-09-21";"La N-VA, 25 ans de poker flamand";"/article/age-conseille-contenus-sensibles-une-nouvelle-signaletique-tele-des-le-1er-juillet-11745979"
"RTBF Actus (FR)";"FR";"2026-09-21";"Jérôme de Warzée anxieux de voir un nationaliste flamand aux Fêtes de Wallonie : ""Une belle preuve de notre sado-wallonisme""";"/article/bivouacs-du-journalisme-les-contacts-avec-le-public-sont-extremement-enrichissants-on-retire-le-micro-la-camera-jean-pierre-jacqmin-ancien-directeur-de-l-info-de-la-rtbf-11746010"
"RTBF Actus (FR)";"FR";"2026-09-21";"""Roooh ça va, on peut plus rien dire !"" : quand Osman nous raconte son gros coup de vieux";"/article/coupe-du-monde-les-matchs-des-diables-rouges-aussi-pour-les-malvoyants-11743270"
"RTBF Actus (FR)";"FR";"2026-09-21";"La revue de presse : deux guerres, et la même conséquence pour le monde";"/article/remportez-vos-places-pour-le-concert-de-philippe-thuriot-au-festival-musiq3-brabant-wallon-11788209"
"RTBF Actus (FR)";"FR";"2026-09-21";"""Un p’tit truc en plus"" : l’un des plus gros succès du cinéma français débarque sur la RTBF";"/article/gagnez-vos-places-pour-un-voyage-musical-en-famille-au-festival-musiq3-brabant-wallon-11788217"
"RTBF Actus (FR)";"FR";"2026-09-21";"Comment Gaza est passée d’un carrefour prospère à une enclave ravagée par la guerre ?";"/article/concours-remportez-un-sejour-tout-compris-sur-la-cote-d-azur-avec-votre-famille-11784991"
"RTBF Actus (FR)";"FR";"2026-09-21";"Vous considérez que notre reportage est incomplet ? Un droit de réponse est-il possible ?";"/article/besoin-de-souffler-le-reveil-de-tipik-vous-offre-une-experience-spa-japonais-chez-nasu-11788123"
"RTBF Actus (FR)";"FR";"2026-09-21";"Comment la RTBF ancre ses contenus au cœur des régions : proximité, interactions et collaborations";"/article/defiez-vos-potes-aux-flechettes-le-reveil-de-tipik-vous-offre-vos-acces-chez-darts-brussels-11788115"
"RTBF Actus (FR)";"FR";"2026-09-21";"Que fait la RTBF de vos données ? Collecte, algorithmes et protection de la vie privée décryptés";"/article/lou-prem-s-revient-avec-or-zone-saison-2-gagnez-vos-acces-pour-l-avant-premiere-11788112"
"RTBF Actus (FR)";"FR";"2026-09-21";"""Enfant illégitime"" : un terme à éviter sur nos antennes";"/article/la-journee-decouverte-entreprises-est-de-retour-le-dimanche-4-octobre-2026-11775528"
"RTBF Actus (FR)";"FR";"2026-09-21";"Les jeunes et l’actu : plus informés qu’on ne le pense mais pas à l’abri de pièges";"/article/concours-agenda-cine-gagnez-vos-places-pour-aller-voir-le-film-garance-11787052"
"RTBF Actus (FR)";"FR";"2026-09-21";"Modération sur les réseaux sociaux : le défi quotidien de la RTBF";"/article/concours-agenda-cine-gagnez-vos-places-pour-assister-a-l-avant-premiere-du-film-ni-vue-ni-connue-11787087"
"RTBF Actus (FR)";"FR";"2026-09-21";"Nouvelle signalétique TV : ce qui change ce 1er juillet";"/article/remco-evenepoel-entre-dans-l-histoire-avec-un-4e-sacre-mondial-consecutif-du-contre-la-montre-11787923"
"RTBF Actus (FR)";"FR";"2026-09-21";"Bivouacs du journalisme : ""Les contacts avec le public sont extrêmement enrichissants"", Jean-Pierre Jacqmin, ancien directeur de l’info de la RTBF";"/article/175-km-en-solitaire-au-luxembourg-mathieu-van-der-poel-signe-un-incroyable-numero-avant-les-mondiaux-11787890"
"RTBF Actus (FR)";"FR";"2026-09-21";"Coupe du monde : les matchs des Diables Rouges aussi pour les malvoyants";"/article/un-ovni-une-suprematie-totale-remco-evenepoel-vole-sur-le-chrono-depuis-les-jeux-de-paris-11788117"
"RTBF Actus (FR)";"FR";"2026-09-21";"Remportez vos places pour le concert de Philippe Thuriot au Festival Musiq3 Brabant wallon !";"/article/elections-regionales-en-allemagne-le-parti-d-extreme-droite-afd-en-forte-progression-a-berlin-et-en-mecklembourg-pomeranie-11787954"
"RTBF Actus (FR)";"FR";"2026-09-21";"Gagnez vos places pour un voyage musical en famille au Festival Musiq3 Brabant wallon !";"/article/150-signalements-de-drones-au-dessus-de-sites-strategiques-dont-des-entreprises-liees-a-la-defense-a-charleroi-11787118"
"RTBF Actus (FR)";"FR";"2026-09-21";"Concours : remportez un séjour tout compris sur la Côte d'Azur avec votre famille";"/article/des-dizaines-de-reseaux-criminels-internationaux-demanteles-grace-a-une-operation-dirigee-par-la-police-federale-11787231"
"RTBF Actus (FR)";"FR";"2026-09-21";"Besoin de souffler ? Le Réveil de Tipik vous offre une expérience Spa japonais chez Nasu";"https://auvio.rtbf.be/media/le-8-9-le-8-9-3518893"
"RTBF Actus (FR)";"FR";"2026-09-21";"Défiez vos potes aux fléchettes : Le Réveil de Tipik vous offre vos accès chez Darts Brussels";"https://auvio.rtbf.be/media/un-si-grand-soleil-un-si-grand-soleil-3518580"
"RTBF Actus (FR)";"FR";"2026-09-21";"Lou PREM’s revient avec OR ZONE – Saison 2 : gagnez vos accès pour l’avant-première";"https://auvio.rtbf.be/media/le-6-8-le-6-8-3518843"
"RTBF Actus (FR)";"FR";"2026-09-21";"La Journée Découverte Entreprises est de retour le dimanche 4 octobre 2026";"https://auvio.rtbf.be/media/alors-on-sort-alors-on-sort-3518559"
"RTBF Actus (FR)";"FR";"2026-09-21";"Concours Agenda Ciné : gagnez vos places pour aller voir le film ""Garance""";"https://auvio.rtbf.be/media/les-feux-de-l-amour-feux-de-l-amour-s27-3518562"
"RTBF Actus (FR)";"FR";"2026-09-21";"Concours Agenda Ciné : gagnez vos places pour assister à l’avant-première du film ""Ni vue ni connue""";"https://auvio.rtbf.be/media/velvet-le-nouvel-empire-velvet-le-nouvel-empire-3518564"
"RTBF Actus (FR)";"FR";"2026-09-21";"Remco Evenepoel entre dans l’histoire avec un 4e sacre mondial consécutif du contre-la-montre";"https://auvio.rtbf.be/media/generation-war-generation-war-3518565"
"RTBF Actus (FR)";"FR";"2026-09-21";"175 km en solitaire au Luxembourg : Mathieu Van der Poel signe un numéro avant les Mondiaux, ""je ne sais pas ce qui m'a pris""";"https://auvio.rtbf.be/media/meurtres-a-laguiole-vincent-winterhalter-et-ilona-bachelier-menent-l-enquete-3517838"
"RTBF Actus (FR)";"FR";"2026-09-21";"Un ovni, une suprématie totale : Remco Evenepoel vole sur le chrono depuis les Jeux de Paris";"https://auvio.rtbf.be/media/des-trains-pas-comme-les-autres-des-trains-pas-comme-les-autres-3517830"
"RTBF Actus (FR)";"FR";"2026-09-21";"Elections régionales en Allemagne : le parti d’extrême droite AfD en forte progression à Berlin et en Mecklembourg-Poméranie";"https://auvio.rtbf.be/media/championnat-du-monde-de-cyclisme-championnats-du-monde-de-cyclisme-3518742"
"RTBF Actus (FR)";"FR";"2026-09-21";"150 signalements de drones au-dessus de sites stratégiques, dont des entreprises liées à la défense à Charleroi";"https://auvio.rtbf.be/media/le-jardin-extraordinaire-le-jardin-extraordinaire-3517805"
"RTBF Actus (FR)";"FR";"2026-09-21";"Des dizaines de réseaux criminels internationaux démantelés grâce à une opération dirigée par la police fédérale";"https://auvio.rtbf.be/media/meteo-meteo-climat-20h20-3518726"
"France 24 (EN)";"EN";"2026-09-21";"‘Waiting for us to crack’: In Cameroon, the victims of Trump’s deportations face uncertain fates";"https://france24.com/en/africa/20260921-waiting-for-us-to-crack-victims-of-trump-deportations-face-uncertain-fates-in-cameroon"
"France 24 (EN)";"EN";"2026-09-21";"ICE, Trump and Africa: Secret deals, broken lives";"https://france24.com/en/tv-shows/reporters/20260921-ice-trump-and-africa-secret-deals-broken-lives"
"France 24 (EN)";"EN";"2026-09-21";"Third-country removals: Trump’s deportation policy by the numbers";"https://france24.com/en/americas/20260921-third-country-removals-trump-deportation-policy-numbers"
"France 24 (EN)";"EN";"2026-09-21";"Deported to Africa: An international investigation into Trump’s migrant policy";"https://france24.com/en/africa/20260921-deported-to-africa-an-international-investigation-into-trump-s-migrant-policy"
"France 24 (EN)";"EN";"2026-09-21";"Eswatini rights groups stage rare protest over ‘illegal aliens’ deported from the US";"https://france24.com/en/live-news/20250727-questions-swell-in-eswatini-over-five-men-deported-from-us"
"France 24 (EN)";"EN";"2026-09-21";"Live: Russia says it hit Ukrainian cargo vessels, Izmail port and logistics centre";"https://france24.com/en/europe/20260921-live-united-russia-dominates-in-elections-moscow-vows-revenge-after-massive-drone-attack"
"France 24 (EN)";"EN";"2026-09-21";"Five takeaways from Germany's regional elections after far-right gains";"https://france24.com/en/europe/20260921-five-takeaways-from-germany-s-regional-elections-after-far-right-gains"
"France 24 (EN)";"EN";"2026-09-21";"Pope Leo to visit a secular France at odds with Catholic views on abortion, euthanasia";"https://france24.com/en/france/20260921-pope-leo-xiv-in-france-to-find-secular-country-at-odds-with-catholic-views-on-abortion-euthanasia"
"France 24 (EN)";"EN";"2026-09-21";"Trump to meet Macron in New York before UN General Assembly";"https://france24.com/en/americas/20260921-trump-to-meet-macron-in-new-york-before-un-general-assembly"
"France 24 (EN)";"EN";"2026-09-21";"Putin party wins record number of parliament seats in first vote since 2022 invasion of Ukraine";"https://france24.com/en/europe/20260920-putin-s-party-set-to-retain-power-after-russia-vote-hit-by-cyberattacks-drones"
"France 24 (EN)";"EN";"2026-09-21";"US fears wider Middle East escalation after Houthis attack Riyadh";"https://france24.com/en/middle-east/20260919-us-fears-rapid-escalation-in-mideast-after-houthis-attack-riyadh"
"France 24 (EN)";"EN";"2026-09-21";"US approves $24.3 billion sale of 48 F-35 warplanes to Saudi Arabia";"https://france24.com/en/middle-east/20260918-us-approves-24-3-billion-sale-of-48-f-35-warplanes-to-saudi-arabia"
"France 24 (EN)";"EN";"2026-09-21";"War in Iran 'jeopardises the Trump presidency', ex-Obama National Security Council member says";"https://france24.com/en/tv-shows/t%C3%AAte-%C3%A0-t%C3%AAte/20260918-war-in-iran-jeopardises-the-trump-presidency-ex-obama-national-security-council-member-says"
"France 24 (EN)";"EN";"2026-09-21";"Pakistan arrests sisters of imprisoned former PM Imran Khan";"https://france24.com/en/asia-pacific/20260921-sisters-of-jailed-former-pakistani-pm-imran-khan-arrested"
"France 24 (EN)";"EN";"2026-09-21";"Thousands protest in France against bill expanding protections for police use of force";"https://france24.com/en/france/20260920-thousands-protest-in-france-against-bill-expanding-protections-for-police-use-of-force"
"France 24 (EN)";"EN";"2026-09-21";"Germany’s Merz admits ‘disaster’ in state elections, vows to press ahead with reforms";"https://france24.com/en/europe/20260920-germany-s-far-right-afd-makes-strong-gains-in-two-state-elections"
"France 24 (EN)";"EN";"2026-09-21";"US, China discuss opening an AI communication channel ahead of Trump-Xi summit";"https://france24.com/en/americas/20260921-us-china-discuss-ai-safety-ahead-of-trump-xi-summit"
"France 24 (EN)";"EN";"2026-09-21";"Macron, Carney hail new chapter in France-Canada ties at symbolic archipelago meeting";"https://france24.com/en/france/20260920-macron-carney-hail-new-chapter-in-france-canada-ties-at-symbolic-archipelago-meeting"
"France 24 (EN)";"EN";"2026-09-21";"Iran closes French language centre in Tehran for ‘illegal acts’";"https://france24.com/en/middle-east/20260920-iran-closes-french-language-centre-in-tehran-for-illegal-acts"
"France 24 (EN)";"EN";"2026-09-21";"Torres strikes again as PSG beat bitter rivals Marseille";"https://france24.com/en/sport/20260920-torres-strikes-again-as-psg-beat-bitter-rivals-marseille-2-1"
"France 24 (EN)";"EN";"2026-09-21";"Russia vows to ‘intensify’ strikes on Kyiv after Ukraine’s election-day drone attacks";"https://france24.com/en/europe/20260920-live-russian-election-enters-final-day-in-shadow-of-war-in-ukraine"
"France 24 (EN)";"EN";"2026-09-21";"AI-pocalypse? Tech leaders, politicians clash over development slowdown";"https://france24.com/en/tv-shows/tech-24/20260921-ai-pocalypse-tech-leaders-politicians-clash-over-development-slowdowni"
"France 24 (EN)";"EN";"2026-09-21";"Pop, protests and Palestine: Ed Sheeran’s moral maze";"https://france24.com/en/tv-shows/spotlight/20260919-pop-protests-palestine-ed-sheeran-s-moral-maze"
"France 24 (EN)";"EN";"2026-09-21";"Who are the 100 world-leading environmentalists, according to The Independent?";"https://france24.com/en/tv-shows/press-review/20260921-who-are-the-100-world-leading-environmentalists-according-to-the-independent"
"France 24 (EN)";"EN";"2026-09-21";"Fear and broken families: Inside a Texas ICE detention centre";"https://france24.com/en/tv-shows/reporters/20260918-reporters-fear-and-broken-families-inside-a-texas-ice-detention-centre"
"France 24 (EN)";"EN";"2026-09-21";"It's not malicious, it's indifference: Thousands of books sent to AI woodchipper";"https://france24.com/en/tv-shows/spotlight/20260917-intent-not-malicious-it-s-indifference-thousands-if-not-millions-of-books-sent-to-ai-woodchipper"
"France 24 (EN)";"EN";"2026-09-21";"The Ceuta effect: how far will Europe's anti-migrant backlash go?";"https://france24.com/en/tv-shows/the-debate/20260917-the-ceuta-effect-how-far-will-europe-s-anti-migrant-backlash-go"
"France 24 (EN)";"EN";"2026-09-21";"‘Gut-wrenching pain’: First conviction in French school sex abuse scandal fails to quell parents’ anger";"https://france24.com/en/france/20260916-gut-wrenching-pain-first-conviction-in-french-school-sex-abuse-scandal-fails-to-quell-parents-anger"
"France 24 (EN)";"EN";"2026-09-21";"French candidates race to claim the cost-of-living issue ahead of 2027 vote";"https://france24.com/en/france/20260914-french-candidates-race-to-claim-the-cost-of-living-issue-ahead-of-2027-vote"
"France 24 (EN)";"EN";"2026-09-21";"Jewish ‘supercop’ runs on Arab ticket in Israeli polls – and sparks a storm";"https://france24.com/en/middle-east/20260912-jewish-supercop-runs-on-arab-ticket-in-israeli-polls-%E2%80%93-and-sparks-a-storm"
"France 24 (EN)";"EN";"2026-09-21";"Elections in Russia: the 1001 tricks to remove inconvenient candidates";"https://france24.com/en/europe/20260911-elections-in-russia-the-1001-tricks-to-remove-inconvenient-candidates"
"France 24 (EN)";"EN";"2026-09-21";"Saudi Arabia says air defences intercepted Houthi ballistic missile targeting Riyadh";"https://france24.com/en/middle-east/20260919-smoke-flames-seen-near-riyadh-airport-major-flight-disruptions-reported"
"France 24 (EN)";"EN";"2026-09-21";"French police arrest two Germans after 'for fun' Louvre stunt in Mona Lisa hall";"https://france24.com/en/france/20260919-two-arrested-for-louvre-stunt-for-fun-in-mona-lisa-hall"
"France 24 (EN)";"EN";"2026-09-21";"Macron welcomes Carney on French North Atlantic territory off Canadian coast";"https://france24.com/en/france/20260919-french-outpost-off-canada-in-the-spotlight-as-macron-hosts-carney-on-symbolic-visit"
"France 24 (EN)";"EN";"2026-09-21";"France's new head coach Zidane unveils team line-up for Nations League matches";"https://france24.com/en/sport/20260918-france-new-head-coach-zidane-unveils-his-first-team-line-up-for-nations-league-matches-live"
"France 24 (EN)";"EN";"2026-09-21";"Scientists discover first new wild cat in more than 100 years";"https://france24.com/en/americas/20260919-scientists-discover-first-new-wild-cat-in-more-than-100-years"
"France 24 (EN)";"EN";"2026-09-21";"Russia seizes assets of Swiss food giant Nestle and three French firms";"https://france24.com/en/europe/20260918-russia-seizes-assets-of-swiss-food-giant-nestle-and-three-french-firms"
"France 24 (EN)";"EN";"2026-09-21";"Trump says US, Denmark reach deal to expand military presence in Greenland";"https://france24.com/en/europe/20260918-greenland-denmark-us-deal-un-general-assembly"
"France 24 (EN)";"EN";"2026-09-21";"US Midterms: Russian disinformation campaign targets Democrats";"https://france24.com/en/tv-shows/truth-or-fake/20260917-us-midterms-russian-disinformation-campaign-targets-democrats"
"France 24 (EN)";"EN";"2026-09-21";"Viral Putin, Modi and Xi selfie at BRICS summit is AI-generated";"https://france24.com/en/tv-shows/truth-or-fake/20260915-viral-putin-modi-and-xi-selfie-at-brics-summit-is-ai-generated"
"France 24 (EN)";"EN";"2026-09-21";"Ivorian footballer Malick Yalcouyé falsely accused of lying about his age";"https://france24.com/en/europe/20260916-ivorian-footballer-malick-yalcouy%C3%A9-falsely-accused-of-lying-about-his-age"
"France 24 (EN)";"EN";"2026-09-21";"Hate speech against Rohingya refugees on the rise in Malaysia";"https://france24.com/en/tv-shows/the-observers/20260911-hate-speech-rohingya-refugees-rise-malaysia"
"France 24 (EN)";"EN";"2026-09-21";"‘I’m spending my savings just to survive’: Iran’s economic crisis fuels new protests";"https://france24.com/en/middle-east/20260910-iran-economic-crisis-protests-war-repression"
"France 24 (EN)";"EN";"2026-09-21";"The church by the airport: Inside Russia’s suspected spy activities in Sweden";"https://france24.com/en/europe/20250704-the-church-by-the-airport-inside-russia-s-suspected-spy-activities-in-sweden"
"France 24 (EN)";"EN";"2026-09-21";"Searching for radioactive waste in the depths of the Atlantic";"https://france24.com/en/environment/20250607-searching-radioactive-waste-depths-atlantic-france-nuclear"
"France 24 (EN)";"EN";"2026-09-21";"‘Unwavering friendship’: The true story of nine women who escaped a Nazi death march";"https://france24.com/en/europe/20250429-true-story-nine-women-who-escaped-nazi-death-march-ravensbruck"
"France 24 (EN)";"EN";"2026-09-21";"Pope Francis, first Latin American pontiff and champion of the forgotten";"https://france24.com/en/europe/20250421-pope-francis-first-latin-american-pontiff-dies-after-double-pneumonia-battle"
"France 24 (EN)";"EN";"2026-09-21";"Haiti’s independence ransom: Macron offers ‘truth’, Haitians want reparations";"https://france24.com/en/americas/20250417-haiti-independence-ransom-macron-offers-truth-haitians-want-reparations-slavery"
"France 24 (EN)";"EN";"2026-09-21";"Saved from destruction: Paris show offers glimpse of Gaza’s archaeological treasures";"https://france24.com/en/culture/20250403-saved-from-destruction-paris-exhibition-offers-glimpse-of-gaza-archaeological-treasures"
"France 24 (EN)";"EN";"2026-09-21";"'The Bibi Files': Documentary reveals the police interrogations behind Netanyahu’s graft trial";"https://france24.com/en/middle-east/20240910-the-bibi-files-documentary-reveals-the-police-interrogations-behind-netanyahu-s-graft-trial"
"France 24 (EN)";"EN";"2026-09-21";"Wildfires, heatwaves threaten global air quality and health, UN warns";"https://france24.com/en/environment/20260907-wildfires-heatwaves-global-air-quality-health-un"
"France 24 (EN)";"EN";"2026-09-21";"Expert warns of 'hotter summers, more wildfires, more drought and more floods'";"https://france24.com/en/tv-shows/perspective/20260901-expert-warns-of-hotter-summers-more-wildfires-more-drought-and-more-floods"
"France 24 (EN)";"EN";"2026-09-21";"'Glaciers in Himalayas retreating': Nepal floods triggered by 'glacier collapse & massive landslide'";"https://france24.com/en/video/20260901-glaciers-in-himalayas-retreating-nepal-floods-triggered-by-glacier-collapse-massive-landslide"
"France 24 (EN)";"EN";"2026-09-21";"Agnes Obel captures the cosmic feelings of motherhood";"https://france24.com/en/tv-shows/arts24/20260918-agnes-obel-captures-the-cosmic-feelings-of-motherhood"
"France 24 (EN)";"EN";"2026-09-21";"Nicolas Winding Refn on nearly dying, reuniting with Ryan Gosling and why 'polarisation is success'";"https://france24.com/en/tv-shows/arts24/20260917-nicolas-winding-refn-on-nearly-dying-reuniting-with-ryan-gosling-and-why-polarisation-is-success"
"France 24 (EN)";"EN";"2026-09-21";"Ligue 1: Paris Saint-Germain head to Marseille for a tense Classique";"https://france24.com/en/tv-shows/sports/20260920-ligue-1-paris-saint-germain-head-to-marseille-for-a-tense-classique"
"France 24 (EN)";"EN";"2026-09-21";"Deportation project: 72 journalists investigate US treatment of migrants";"https://france24.com/en/video/20260921-deportation-project-72-journalists-investigate-us-treatment-of-migrants-1"
"France 24 (EN)";"EN";"2026-09-21";"Israeli settler and Palestinian driver killed in West Bank shootings";"https://france24.com/en/middle-east/20260920-israeli-settler-and-palestinian-driver-killed-in-west-bank-shootings"
"France 24 (EN)";"EN";"2026-09-21";"The week in pictures: Syria protests, Céline Dion on stage and Quito wildfires";"https://france24.com/en/middle-east/20260920-the-week-in-pictures-syria-protests-c%C3%A9line-dion-on-stage-and-quito-wildfires"
"France 24 (EN)";"EN";"2026-09-21";"Russia's ruling party on track to win election after Ukraine's drone attacks on Moscow";"https://france24.com/en/europe/20260920-russia-s-ruling-party-on-track-to-win-election-after-ukraine-s-drone-attacks-on-moscow"
"France 24 (EN)";"EN";"2026-09-21";"North Korea fires two ballistic missiles into the sea in latest weapons display";"https://france24.com/en/asia-pacific/20260920-north-korea-fires-two-ballistic-missiles-into-the-sea-in-latest-weapons-display"
"France 24 (EN)";"EN";"2026-09-21";"AI safety: No, China will not hit the brakes";"https://france24.com/en/tv-shows/access-asia/20260918-ai-safety-no-china-will-not-hit-the-brakes"
"France 24 (EN)";"EN";"2026-09-21";"Transforming Payments in the DRC: A Leap Towards a Digital Future";"https://france24.com/en/sponsored-content/20250923-transforming-payments-in-the-drc-a-leap-towards-a-digital-future"
"France 24 (EN)";"EN";"2026-09-21";"Africa's $88 billion solutions: How ATAF fights illicit financial flows";"https://france24.com/en/sponsored-content/20250108-africa-s-88-billion-solutions-how-ataf-fights-illicit-financial-flows"
"France 24 (EN)";"EN";"2026-09-21";"Burundi: innovative solutions to fight stunting in children";"https://france24.com/en/sponsored-content/20240122-burundi-innovative-solutions-to-fight-stunting-in-children"
"France 24 (EN)";"EN";"2026-09-21";"Child malnutrition in Burundi: concrete actions to help children";"https://france24.com/en/sponsored-content/20231215-child-malnutrition-in-burundi-concrete-actions-to-help-children"
"France 24 (EN)";"EN";"2026-09-21";"Interview of Anthony Ginter, President & CEO - WEO";"https://france24.com/en/sponsored-content/20230911-interview-of-anthony-ginter-president-ceo-weo"
"France 24 (EN)";"EN";"2026-09-21";"2026";"https://france24.com/en/archives/2026/01/"
"France 24 (EN)";"EN";"2026-09-21";"2025";"https://france24.com/en/archives/2025/01/"
"France 24 (EN)";"EN";"2026-09-21";"2024";"https://france24.com/en/archives/2024/01/"
"France 24 (EN)";"EN";"2026-09-21";"2023";"https://france24.com/en/archives/2023/01/"
"France 24 (EN)";"EN";"2026-09-21";"2022";"https://france24.com/en/archives/2022/01/"
"France 24 (EN)";"EN";"2026-09-21";"2021";"https://france24.com/en/archives/2021/01/"
"France 24 (EN)";"EN";"2026-09-21";"2020";"https://france24.com/en/archives/2020/01/"
"Le Monde (FR)";"FR";"2026-09-21";"Le Monde’s app";"https://www.lemonde.fr/en/about-us/article/2023/09/06/le-monde-in-english-now-available-on-our-mobile-app_6125308_115.html"
"Le Monde (FR)";"FR";"2026-09-21";"Far-right AfD's rise in Germany's regional elections worries EU";"https://www.lemonde.fr/en/international/article/2026/09/21/far-right-afd-s-rise-in-germany-s-regional-elections-worries-eu_6757760_4.html"
"Le Monde (FR)";"FR";"2026-09-21";"German Chancellor Merz and his party suffer historic defeat in regional elections";"https://www.lemonde.fr/en/international/article/2026/09/21/german-regional-elections-chancellor-merz-and-his-party-suffer-historic-defeat_6757759_4.html"
"Le Monde (FR)";"FR";"2026-09-21";"Elif Eralp wins Berlin election and becomes new face of radical left";"https://www.lemonde.fr/en/international/article/2026/09/21/elif-eralp-wins-berlin-election-and-becomes-new-face-of-radical-left_6757757_4.html"
"Le Monde (FR)";"FR";"2026-09-21";"France and Canada strengthen ties in response to Trump's provocations";"https://www.lemonde.fr/en/international/article/2026/09/21/france-and-canada-strengthen-ties-in-response-to-trump-s-provocations_6757758_4.html"
"Le Monde (FR)";"FR";"2026-09-21";"Kremlin orchestrates Russian elections by manipulating votes and barring observers";"https://www.lemonde.fr/en/international/article/2026/09/21/kremlin-orchestrates-russian-elections-by-manipulating-votes-and-barring-observers_6757755_4.html"
"Le Monde (FR)";"FR";"2026-09-21";"Mamdani and Paris Mayor Grégoire meet to advocate for housing access and climate solutions";"https://www.lemonde.fr/en/politics/article/2026/09/20/new-york-and-paris-mayors-mamdani-and-gregoire-meet-to-advocate-for-housing-access-and-climate-solutions_6757742_5.html"
"Le Monde (FR)";"FR";"2026-09-21";"Gaza's women are the only ones keeping their families alive: 'I had to keep going to find food for the children'";"https://www.lemonde.fr/en/international/article/2026/09/21/gaza-s-women-are-the-only-ones-keeping-their-families-alive-i-had-to-keep-going-to-find-food-for-the-children_6757753_4.html"
"Le Monde (FR)";"FR";"2026-09-21";"The artist's creative process revealed in 'Andy Warhol: Line and Image'";"https://www.lemonde.fr/en/culture/article/2026/09/21/the-artist-s-creative-process-revealed-in-andy-warhol-line-and-image_6757750_30.html"
"Le Monde (FR)";"FR";"2026-09-21";"In Depth   Agnès Gautheron Subscribers onlyRental shortages in Paris and other major French cities are hitting all social classes  The shortage of housing for rent is so severe that even white-collar professionals are struggling to find apartments. Real estate professionals blame higher interest rates, energy efficiency requirements and the end of a tax incentive scheme for landlords.    7 min read";"https://www.lemonde.fr/en/france/article/2026/09/21/rental-shortages-in-paris-and-other-major-french-cities-are-hitting-all-social-classes_6757751_7.html"
"Le Monde (FR)";"FR";"2026-09-21";"Trump to meet Macron in New York on sidelines of UN General Assembly";"https://www.lemonde.fr/en/international/article/2026/09/21/trump-to-meet-macron-in-new-york-on-sidelines-of-un-general-assembly_6757756_4.html"
"Le Monde (FR)";"FR";"2026-09-21";"'A debt can be erased, but the decisions that created it always have to be paid for in one way or another'";"https://www.lemonde.fr/en/opinion/article/2026/09/21/a-debt-can-be-erased-but-the-decisions-that-created-it-always-have-to-be-paid-for-in-one-way-or-another_6757749_23.html"
"Le Monde (FR)";"FR";"2026-09-21";"'I loved all the strange, beautiful behaviors': How a passion for insects is born";"https://www.lemonde.fr/en/environment/article/2026/09/20/i-loved-all-the-strange-beautiful-behaviors-how-a-passion-for-insects-is-born_6757744_114.html"
"Le Monde (FR)";"FR";"2026-09-21";"Artist Bartabas's new equestrian show, a suspended moment between two partners who need no words";"https://www.lemonde.fr/en/culture/article/2026/09/21/artist-bartabas-s-new-equestrian-show-a-suspended-moment-between-two-partners-who-need-no-words_6757748_30.html"
"Le Monde (FR)";"FR";"2026-09-21";"How concerned should we be about AI's supposed existential threat to humanity?";"https://www.lemonde.fr/en/pixels/article/2026/09/20/how-concerned-should-we-be-about-ai-s-supposed-existential-threat-to-humanity_6757739_13.html"
"Le Monde (FR)";"FR";"2026-09-21";"Torres on target again as PSG beat 10-man Marseille";"https://www.lemonde.fr/en/sports/article/2026/09/21/torres-on-target-again-as-psg-beat-10-man-marseille-in-ligue-1_6757747_9.html"
"Le Monde (FR)";"FR";"2026-09-21";"Thousands march in Paris against bill granting police presumption of legitimate self defense";"https://www.lemonde.fr/en/france/article/2026/09/20/thousands-march-in-paris-against-bill-granting-police-presumption-of-legitimate-self-defense_6757740_7.html"
"Le Monde (FR)";"FR";"2026-09-21";"Iran shuts down language center affiliated with French embassy in Tehran";"https://www.lemonde.fr/en/international/article/2026/09/20/iran-shuts-language-center-affiliated-with-french-embassy-in-tehran_6757743_4.html"
"Le Monde (FR)";"FR";"2026-09-21";"ICE agent shoots and wounds man in Texas";"https://www.lemonde.fr/en/international/article/2026/09/21/man-hospitalized-in-texas-after-being-shot-by-ice-agent_6757752_4.html"
"Le Monde (FR)";"FR";"2026-09-21";"The cruel fate of Daniel Ortega's opponents detained by ICE";"https://www.lemonde.fr/en/international/article/2026/09/21/the-cruel-fate-of-daniel-ortega-s-opponents-detained-by-ice-in-the-us_6757746_4.html"
"Le Monde (FR)";"FR";"2026-09-21";"Arnaud Lagardère, from his father's shadow to Vincent Bolloré's";"https://www.lemonde.fr/en/m-le-mag/article/2026/09/20/arnaud-lagardere-from-his-father-s-shadow-to-vincent-bollore-s_6757741_117.html"
"Le Monde (FR)";"FR";"2026-09-21";"US extradites 18 suspects five years after Haitian president assassinated";"https://www.lemonde.fr/en/international/article/2026/09/21/us-extradites-18-suspects-five-years-after-haitian-president-assassinated_6757754_4.html"
"Le Monde (FR)";"FR";"2026-09-21";"Interview   Nabil Wakim Subscribers onlyEmma Heming Willis on her husband Bruce Willis's illness: 'Once I stopped being in denial, we've learned to just navigate the disease'  The actor learned he was suffering from a neurodegenerative disease at 67. Close to four years after the diagnosis, his wife describes how she coped with the illness and her new role as a caregiver.    7 min read";"https://www.lemonde.fr/en/intimacy/article/2026/09/19/emma-heming-willis-on-her-husband-bruce-willis-s-illness-once-i-stopped-being-in-denial-we-ve-learned-to-just-navigate-the-disease_6757720_310.html"
"Le Monde (FR)";"FR";"2026-09-21";"Feature   Claire Gatinois and  Elise Vincent Subscribers onlyMacron reaffirms French sovereignty over Saint Pierre and Miquelon against Trump's ambitions  Emmanuel Macron arrived in the French North Atlantic territory on Saturday, where he will receive Canadian Prime Minister Mark Carney. The visit signals Canada's intent to distance itself from the US under Donald Trump.    4 min read";"https://www.lemonde.fr/en/international/article/2026/09/20/macron-reaffirms-french-sovereignty-over-saint-pierre-and-miquelon-against-trump-s-ambitions_6757732_4.html"
"Le Monde (FR)";"FR";"2026-09-21";"Feature   Laurent Carpentier Subscribers onlyParis's Techno Parade turns up volume to protest law targeting free parties  After a two-year hiatus, the festive protest returned Saturday afternoon in a cheerful atmosphere. Organizers and participants voiced criticism of the Ripost law adopted this summer that imposes harsher penalties on self-organized raves.    3 min read";"https://www.lemonde.fr/en/culture/article/2026/09/20/paris-s-techno-parade-turns-up-volume-to-protest-law-targeting-free-parties_6757730_30.html"
"Le Monde (FR)";"FR";"2026-09-21";"Column Subscribe'Benjamin Netanyahu has literally sabotaged Israeli diplomacy'      Jean-Pierre Filiu Historian and professor at Sciences Po Paris";"https://www.lemonde.fr/en/international/article/2026/09/20/benjamin-netanyahu-has-literally-sabotaged-israeli-diplomacy_6757737_4.html"
"Le Monde (FR)";"FR";"2026-09-21";"Editorial French budget: PM Lecornu's precarious balancing act   Le Monde";"https://www.lemonde.fr/en/opinion/article/2026/09/19/french-budget-pm-lecornu-s-precarious-balancing-act_6757715_23.html"
"Le Monde (FR)";"FR";"2026-09-21";"Op-Ed SubscribeThierry Chopin, political scientist: 'Amid the current upheaval in international relations, Canada and the EU need to move closer together'      Thierry Chopin political scientist";"https://www.lemonde.fr/en/opinion/article/2026/09/18/thierry-chopin-political-scientist-amid-the-current-upheaval-in-international-relations-canada-and-the-eu-need-to-move-closer-together_6757646_23.html"
"Le Monde (FR)";"FR";"2026-09-21";"Warren Buffett hands over $1 trillion financial empire to son";"https://www.lemonde.fr/en/international/article/2026/09/20/warren-buffett-hands-over-his-1-trillion-financial-empire-to-his-son_6757738_4.html"
"Le Monde (FR)";"FR";"2026-09-21";"Germany's far-right AfD celebrates another state election win";"https://www.lemonde.fr/en/international/article/2026/09/20/germans-vote-in-state-elections-threatening-fresh-blow-to-merz_6757733_4.html"
"Le Monde (FR)";"FR";"2026-09-21";"Macron reaffirms French sovereignty over Saint Pierre and Miquelon against Trump's ambitions";"https://www.lemonde.fr/en/international/article/2026/09/20/macron-reaffirms-french-sovereignty-over-saint-pierre-and-miquelon-against-trump-s-ambitions_6757732_4.html"
"Le Monde (FR)";"FR";"2026-09-21";"'Benjamin Netanyahu has literally sabotaged Israeli diplomacy'";"https://www.lemonde.fr/en/international/article/2026/09/20/benjamin-netanyahu-has-literally-sabotaged-israeli-diplomacy_6757737_4.html"
"Le Monde (FR)";"FR";"2026-09-21";"Ukrainian drones hit Moscow on last day of Russian elections, killing two";"https://www.lemonde.fr/en/international/article/2026/09/20/hundreds-of-drones-target-moscow-killing-at-least-two_6757731_4.html"
"Le Monde (FR)";"FR";"2026-09-21";"Macron says France and Canada 'great independent nations who want to stay that way'";"https://www.lemonde.fr/en/international/article/2026/09/20/macron-says-france-and-canada-great-independent-nations-who-want-to-stay-that-way-on-trip-to-saint-pierre-and-miquelon_6757745_4.html"
"Le Monde (FR)";"FR";"2026-09-21";"Charte du Groupe";"https://www.lemonde.fr/actualite-medias/article/2010/11/03/la-charte-d-ethique-et-de-deontologie-du-groupe-le-monde_1434737_3236.html"
"Le Monde (FR)";"FR";"2026-09-21";"Group Policy";"https://www.lemonde.fr/en/about-us/article/2022/04/06/groupe-le-monde-s-code-of-ethics-and-professional-conduct_5979823_115.html"
"Le Monde (FR)";"FR";"2026-09-21";"RSS feed";"https://www.lemonde.fr/en/about-us/article/2026/03/27/le-monde-rss-feeds_6751860_115.html"
"RFI Afrique (FR)";"FR";"2026-09-21";"2026";"https://www.rfi.fr/fr/archives/2026/01/"
"RFI Afrique (FR)";"FR";"2026-09-21";"2025";"https://www.rfi.fr/fr/archives/2025/01/"
"RFI Afrique (FR)";"FR";"2026-09-21";"2024";"https://www.rfi.fr/fr/archives/2024/01/"
"RFI Afrique (FR)";"FR";"2026-09-21";"2023";"https://www.rfi.fr/fr/archives/2023/01/"
"RFI Afrique (FR)";"FR";"2026-09-21";"2022";"https://www.rfi.fr/fr/archives/2022/01/"
"RFI Afrique (FR)";"FR";"2026-09-21";"2021";"https://www.rfi.fr/fr/archives/2021/01/"
"RFI Afrique (FR)";"FR";"2026-09-21";"2020";"https://www.rfi.fr/fr/archives/2020/01/"
"RTL (FR)";"FR";"2026-09-21";"Politique";"https://rtl.fr/actu/politique"
"RTL (FR)";"FR";"2026-09-21";"International";"https://rtl.fr/actu/international"
"RTL (FR)";"FR";"2026-09-21";"Justice et faits divers";"https://rtl.fr/actu/justice-faits-divers"
"RTL (FR)";"FR";"2026-09-21";"Conso";"https://rtl.fr/actu/economie-consommation"
"RTL (FR)";"FR";"2026-09-21";"Food";"https://rtl.fr/actu/food"
"RTL (FR)";"FR";"2026-09-21";"Santé";"https://rtl.fr/actu/bien-etre"
"RTL (FR)";"FR";"2026-09-21";"Société";"https://rtl.fr/actu/debats-societe"
"RTL (FR)";"FR";"2026-09-21";"Tech";"https://rtl.fr/actu/sciences-tech"
"RTL (FR)";"FR";"2026-09-21";"Arts Spectacles";"https://rtl.fr/culture/arts-spectacles"
"RTL (FR)";"FR";"2026-09-21";"Ciné Séries";"https://rtl.fr/culture/cine-series"
"RTL (FR)";"FR";"2026-09-21";"Médias et people";"https://rtl.fr/culture/medias-people"
"RTL (FR)";"FR";"2026-09-21";"Musique";"https://rtl.fr/culture/musique"
"RTL (FR)";"FR";"2026-09-21";"Culture Générale";"https://rtl.fr/culture/culture-generale"
"RTL (FR)";"FR";"2026-09-21";"Humour";"https://rtl.fr/culture/humour"
"RTL (FR)";"FR";"2026-09-21";"Histoire";"https://rtl.fr/culture/histoire"
"RTL (FR)";"FR";"2026-09-21";"Football";"https://rtl.fr/sport/football"
"RTL (FR)";"FR";"2026-09-21";"Autres sports";"https://rtl.fr/sport/autres-sports"
"France Inter (FR)";"FR";"2026-09-21";"Le scroll infini pointé du doigt : ce qu'en dit son inventeur";"https://radiofrance.fr/franceinter/podcasts/nos-vies-numeriques/nos-vies-numeriques-du-lundi-21-septembre-2026-7933920"
"France Inter (FR)";"FR";"2026-09-21";"Ebony : ""Je voulais retrouver mes aspérités""";"https://radiofrance.fr/franceinter/podcasts/tapage/tapage-du-vendredi-18-septembre-2026-2602763"
"France Inter (FR)";"FR";"2026-09-21";"Carburants : Roland Lescure envisage ""des aides supplémentaires à partir du 1er octobre"", mais pas de baisse des taxes";"https://radiofrance.fr/franceinter/podcasts/l-invite-de-8h20-le-grand-entretien/l-invite-de-8h20-le-grand-entretien-du-lundi-21-septembre-2026-2325753"
"France Inter (FR)";"FR";"2026-09-21";"L'Invité de 8h20 : le grand entretien";"https://radiofrance.fr/franceinter/podcasts/l-invite-de-8h20-le-grand-entretien"
"France Inter (FR)";"FR";"2026-09-21";"Budget 2027 : Fabien Roussel accuse le gouvernement de ""faire les poches des Français et d'exonérer les plus riches""";"https://radiofrance.fr/franceinter/podcasts/l-invite-de-7h50/l-invite-de-7h50-du-lundi-21-septembre-2026-6313163"
"France Inter (FR)";"FR";"2026-09-21";"L'Invité de 7h50";"https://radiofrance.fr/franceinter/podcasts/l-invite-de-7h50"
"France Inter (FR)";"FR";"2026-09-21";"Faut-il interdire les publicités pour les lunettes ? La proposition du gouvernement divise les professionnels du secteur";"https://radiofrance.fr/franceinter/podcasts/l-info-de-france-inter/l-info-de-france-inter-6203074"
"France Inter (FR)";"FR";"2026-09-21";"Aide à mourir : les catholiques entre foi et loi";"https://radiofrance.fr/franceinter/podcasts/interception/interception-le-reportage-du-dimanche-20-septembre-2026-7952747"
"France Inter (FR)";"FR";"2026-09-21";"""Une sorte de liquide de lumière"", Jacqueline Bloch a reçu la médaille d'or du CNRS pour ses travaux sur les polaritons";"https://radiofrance.fr/franceinter/podcasts/l-info-de-france-inter/l-info-de-france-inter-5022318"
"France Inter (FR)";"FR";"2026-09-21";"Joueur, entraîneur puis sélectionneur : les métamorphoses de Zinédine Zidane";"https://radiofrance.fr/franceinter/podcasts/recto-verso/recto-invite-3-du-samedi-19-septembre-2026-2246755"
"France Inter (FR)";"FR";"2026-09-21";"Israël-Palestine : ""Nous sommes complètement au point mort"", déplore Robert Malley, ancien haut fonctionnaire américain";"https://radiofrance.fr/franceinter/podcasts/l-invite-de-7h50/l-invite-de-7h50-du-we-du-vendredi-18-septembre-2026-4505143"
"France Inter (FR)";"FR";"2026-09-21";"Samu Urgences de France appelle à ""agir"" pour ne pas revivre ""l'hiver 2025"" et ""l'été hors norme"" de cette année";"https://radiofrance.fr/franceinter/podcasts/l-invite-de-6h20/la-question-de-6h20-du-vendredi-18-septembre-2026-6715039"
"France Inter (FR)";"FR";"2026-09-21";"Le Canada va-t-il intégrer l'Union européenne ? ""Nous sommes plus forts ensemble"", selon le Premier ministre Mark Carney";"https://radiofrance.fr/franceinter/podcasts/l-info-de-france-inter/l-info-de-france-inter-8485756"
"France Inter (FR)";"FR";"2026-09-21";"La crue meurtrière au Népal a été causée par une instabilité géologique accentuée par le changement climatique";"https://radiofrance.fr/franceinter/podcasts/l-info-de-france-inter/la-crue-meurtriere-au-nepal-a-ete-causee-par-une-instabilite-geologique-accentuee-par-le-changement-climatique-8802756"
"France Inter (FR)";"FR";"2026-09-21";"Le RN a maintenu José Beaurain, un député soupçonné de détournement d'argent public, malgré des alertes internes";"https://radiofrance.fr/franceinter/podcasts/l-info-de-france-inter/derives-presumees-du-depute-jose-beaurain-des-alertes-internes-negligees-par-le-rn-4397309"
"France Inter (FR)";"FR";"2026-09-21";"""Un déchaînement d'atrocités"": Amnesty International accuse l'Iran de crimes contre l'humanité contre son peuple en 2022";"https://radiofrance.fr/franceinter/podcasts/l-info-de-france-inter/iran-9269895"
"France Inter (FR)";"FR";"2026-09-21";"Après des accords, les États-Unis ont expulsé 25 000 personnes vers des pays avec lesquels elles n'avaient aucun lien";"https://radiofrance.fr/franceinter/podcasts/l-info-de-france-inter/apres-des-accords-les-etats-unis-ont-expulse-25-000-personnes-vers-des-pays-avec-lesquels-elles-n-avaient-aucun-lien-2612212"
"France Inter (FR)";"FR";"2026-09-21";"L'info de France Inter";"https://radiofrance.fr/franceinter/podcasts/les-documents-france-inter"
"France Inter (FR)";"FR";"2026-09-21";"Allemagne : Friedrich Merz chancelle après une nouvelle percée de l'extrême droite et la victoire de la gauche à Berlin";"https://radiofrance.fr/franceinter/podcasts/l-info-de-france-inter/allemagne-friedrich-merz-chancelle-apres-une-nouvelle-percee-de-le-extreme-droite-et-la-victoire-de-la-gauche-radicale-a-berlin-1626982"
"France Inter (FR)";"FR";"2026-09-21";"Mélissa-Asli Petit et Alain Jardel";"https://radiofrance.fr/franceinter/podcasts/l-invite-du-13-14/l-invite-du-13-14-du-vendredi-18-septembre-2026-8062200"
"France Inter (FR)";"FR";"2026-09-21";"L'invité du 13/14";"https://radiofrance.fr/franceinter/podcasts/l-invite-du-13h00"
"France Inter (FR)";"FR";"2026-09-21";"Le journal de 08h00 du lundi 21 septembre 2026";"https://radiofrance.fr/franceinter/podcasts/le-journal-de-8h/le-journal-de-08h00-du-lundi-21-septembre-2026-8353410"
"France Inter (FR)";"FR";"2026-09-21";"Le journal de 8h";"https://radiofrance.fr/franceinter/podcasts/le-journal-de-8h"
"France Inter (FR)";"FR";"2026-09-21";"""La Maison des os et de la pluie"" de Gabino Iglesias, une sombre histoire de vengeance à Porto Rico";"https://radiofrance.fr/franceinter/podcasts/le-polar-sonne-toujours-2-fois/le-polar-sonne-toujours-2-fois-du-jeudi-17-septembre-2026-2291630"
"France Inter (FR)";"FR";"2026-09-21";"Lilia Hassaine";"https://radiofrance.fr/franceinter/podcasts/rien-ne-s-oppose-a-la-nuit/rien-ne-s-oppose-a-la-nuit-du-lundi-31-aout-2026-3444181"
"France Inter (FR)";"FR";"2026-09-21";"Yannick Haenel : ""La rupture, c'est le début de la vocation""";"https://radiofrance.fr/franceinter/podcasts/le-grand-portrait/le-grand-portrait-du-lundi-07-septembre-2026-9287050"
"France Inter (FR)";"FR";"2026-09-21";"""C'était ça ou mourir"" de Thelyson Orélien, exil et résilience";"https://radiofrance.fr/franceinter/podcasts/le-grand-portrait/le-grand-portrait-du-jeudi-03-septembre-2026-5280607"
"France Inter (FR)";"FR";"2026-09-21";"""Une éclaircie"" de Jean-Baptiste Del Amo : comment son corps a changé son regard sur le monde";"https://radiofrance.fr/franceinter/podcasts/l-invite-de-7h50-du-week-end/l-invite-de-7h50-du-we-du-dimanche-30-aout-2026-2767136"
"France Inter (FR)";"FR";"2026-09-21";"Jean-Philippe Toussaint publie ""La Hantise""";"https://radiofrance.fr/franceinter/podcasts/le-grand-atelier/le-grand-atelier-du-dimanche-30-aout-2026-1560875"
"France Inter (FR)";"FR";"2026-09-21";"Adèle Haenel pour son livre ""Viser juste"" : des mots pour penser le réel";"https://radiofrance.fr/franceinter/podcasts/totemic/totemic-du-vendredi-28-aout-2026-9167302"
"France Inter (FR)";"FR";"2026-09-21";"""À voix haute"" : l'enquête familiale de Polina Panassenko à l'époque de la Russie stalinienne a séduit Le Masque";"https://radiofrance.fr/franceinter/podcasts/le-masque-et-la-plume/a-voix-haute-de-polina-panassenko-2511870"
"France Inter (FR)";"FR";"2026-09-21";"""Ce qui nous frôle sous la surface"" de Colum McCann : le Masque a eu du mal à retenir sa respiration";"https://radiofrance.fr/franceinter/podcasts/le-masque-et-la-plume/ce-qui-nous-frole-sous-la-surface-de-colum-mccann-8357623"
"France Inter (FR)";"FR";"2026-09-21";"""Un sombre été"" de Vera Buck : un thriller au cœur d'un village fantôme de la Sardaigne";"https://radiofrance.fr/franceinter/podcasts/le-polar-sonne-toujours-2-fois/le-polar-sonne-toujours-2-fois-du-jeudi-27-aout-2026-8102938"
"France Inter (FR)";"FR";"2026-09-21";"AfD : l'Allemagne est-elle en train de basculer vers l'extrême droite ?";"https://radiofrance.fr/franceinter/podcasts/zoom-zoom-zen/zoom-zoom-zen-du-jeudi-17-septembre-2026-7209144"
"France Inter (FR)";"FR";"2026-09-21";"Zoom Zoom Zen";"https://radiofrance.fr/franceinter/podcasts/zoom-zoom-zen"
"France Inter (FR)";"FR";"2026-09-21";"Les enseignements de la victoire historique de l'AfD en Saxe-Anhalt";"https://radiofrance.fr/franceinter/podcasts/recto-verso/recto-le-grand-entretien-du-samedi-12-septembre-2026-7169650"
"France Inter (FR)";"FR";"2026-09-21";"Recto-Verso";"https://radiofrance.fr/franceinter/podcasts/recto-verso"
"France Inter (FR)";"FR";"2026-09-21";"Le 6/9";"https://radiofrance.fr/franceinter/podcasts/le-6-9"
"France Inter (FR)";"FR";"2026-09-21";"Franc-jeu";"https://radiofrance.fr/franceinter/podcasts/franc-jeu"
"France Inter (FR)";"FR";"2026-09-21";"Franche culture";"https://radiofrance.fr/franceinter/podcasts/franche-culture"
"France Inter (FR)";"FR";"2026-09-21";"Les ailes de géant";"https://radiofrance.fr/franceinter/podcasts/les-ailes-de-geant"
"France Inter (FR)";"FR";"2026-09-21";"Le 18/20";"https://radiofrance.fr/franceinter/podcasts/le-18-20"
"France Inter (FR)";"FR";"2026-09-21";"C'est loin mais c'est beau";"https://radiofrance.fr/franceinter/podcasts/c-est-loin-mais-c-est-beau"
"France Inter (FR)";"FR";"2026-09-21";"Le Billet de Thomas Poitevin";"https://radiofrance.fr/franceinter/podcasts/vero-la-gestionnaire-de-communautes"
"France Inter (FR)";"FR";"2026-09-21";"Rien ne s'oppose à la nuit";"https://radiofrance.fr/franceinter/podcasts/rien-ne-s-oppose-a-la-nuit"
"France Inter (FR)";"FR";"2026-09-21";"La chronique de Samuel Jensky";"https://radiofrance.fr/franceinter/podcasts/la-chronique-de-samuel-jensky"
"France Inter (FR)";"FR";"2026-09-21";"La chronique de Camille Tissot";"https://radiofrance.fr/franceinter/podcasts/la-chronique-de-camille-tissot"
"France Inter (FR)";"FR";"2026-09-21";"Nos vies numériques";"https://radiofrance.fr/franceinter/podcasts/nos-vies-numeriques"
"France Inter (FR)";"FR";"2026-09-21";"La Revue de presse";"https://radiofrance.fr/franceinter/podcasts/la-revue-de-presse"
"France Inter (FR)";"FR";"2026-09-21";"Tout va trop vite";"https://radiofrance.fr/franceinter/podcasts/les-histoires-du-monde"
"France Inter (FR)";"FR";"2026-09-21";"Le Billet de Jessé";"https://radiofrance.fr/franceinter/podcasts/la-chronique-de-jesse"
"France Inter (FR)";"FR";"2026-09-21";"L'édito de Dov Alfon";"https://radiofrance.fr/franceinter/podcasts/dov-alfon-en-toute-subjectivite"
"France Inter (FR)";"FR";"2026-09-21";"Soft planète";"https://radiofrance.fr/franceinter/podcasts/soft-planete"
"France Inter (FR)";"FR";"2026-09-21";"Un jeudi soir sur la terre";"https://radiofrance.fr/franceinter/podcasts/un-jeudi-soir-sur-la-terre"
"France Inter (FR)";"FR";"2026-09-21";"Le petit carnet de campagne";"https://radiofrance.fr/franceinter/podcasts/petits-carnets-de-campagne"
"France Inter (FR)";"FR";"2026-09-21";"Chez la belle-famille";"https://radiofrance.fr/franceinter/podcasts/chez-la-belle-famille"
"France Inter (FR)";"FR";"2026-09-21";"Charline à Die";"https://radiofrance.fr/franceinter/podcasts/serie-charline-a-die"
"France Inter (FR)";"FR";"2026-09-21";"En 1830, qu’allaient donc faire les Français en débarquant à Alger ?";"https://radiofrance.fr/franceinter/podcasts/serie-en-1830-qu-allaient-donc-faire-les-francais-en-debarquant-a-alger"
"France Inter (FR)";"FR";"2026-09-21";"Le Masque et la Nouvelle Vague";"https://radiofrance.fr/franceinter/podcasts/serie-le-masque-et-la-nouvelle-vague"
"France Inter (FR)";"FR";"2026-09-21";"Canicules";"https://radiofrance.fr/franceinter/podcasts/serie-canicules"
"France Inter (FR)";"FR";"2026-09-21";"Que s’est-il passé en Europe entre les XIVe et XVIe siècles pour qu’on ose parler de ""Renaissance""  ?";"https://radiofrance.fr/franceinter/podcasts/serie-que-s-est-il-passe-en-europe-entre-les-xive-et-xvie-siecles-pour-qu-on-ose-parler-de-renaissance"
"France Inter (FR)";"FR";"2026-09-21";"Masterclass autour de Jay-Z et de l’album ""The Blueprint""";"https://radiofrance.fr/franceinter/podcasts/masterclass-d-inter/les-masterclass-d-inter-du-vendredi-11-septembre-2026-5317913"
"France Inter (FR)";"FR";"2026-09-21";"Olivia Wilde signe ""L'invitation"" la plus cool de la rentrée";"https://radiofrance.fr/franceinter/podcasts/capture-d-ecrans/capture-d-ecrans-du-vendredi-18-septembre-2026-6086319"
"France Inter (FR)";"FR";"2026-09-21";"Capture d'écrans";"https://radiofrance.fr/franceinter/podcasts/capture-d-ecrans"
"France Inter (FR)";"FR";"2026-09-21";"Guerre civile en Birmanie : le récit de l'après-Aung San Suu Kyi";"https://radiofrance.fr/franceinter/podcasts/l-info-de-france-inter/guerre-civile-en-birmanie-le-recit-de-l-apres-aung-san-suu-kyi-4840303"
"France Inter (FR)";"FR";"2026-09-21";"Iyad Ag Ghali, le djihadiste qui défie le Mali";"https://radiofrance.fr/franceinter/podcasts/l-info-de-france-inter/iyad-ag-ghali-le-djihadiste-qui-defile-le-mali-4200074"
"France Inter (FR)";"FR";"2026-09-21";"Poutine, le tsar soviétique";"https://radiofrance.fr/franceinter/podcasts/serie-poutine-le-tsar-sovietique"
"France Inter (FR)";"FR";"2026-09-21";"Alfred Dreyfus, le combat de la République";"https://radiofrance.fr/franceinter/podcasts/serie-alfred-dreyfus-le-combat-de-la-republique"
"France Inter (FR)";"FR";"2026-09-21";"Simone de Beauvoir, itinéraire d'une jeune fille rangée";"https://radiofrance.fr/franceinter/podcasts/serie-simone-de-beauvoir-itineraire-d-une-jeune-fille-rangee"
"France Inter (FR)";"FR";"2026-09-21";"Sigmaringen, le crépuscule des bourreaux";"https://radiofrance.fr/franceinter/podcasts/serie-le-crepuscule-des-bourreaux"
"France Inter (FR)";"FR";"2026-09-21";"Mafia - Meurtres et trahisons : histoires de familles";"https://radiofrance.fr/franceinter/podcasts/serie-mafia-meurtres-et-trahisons-histoires-de-familles"
"France Inter (FR)";"FR";"2026-09-21";"Cache-cache";"https://radiofrance.fr/franceinter/podcasts/serie-cache-cache"
"France Inter (FR)";"FR";"2026-09-21";"C'est la rentrée des P'tits Bateaux";"https://radiofrance.fr/franceinter/podcasts/serie-c-est-la-rentree-des-p-tits-bateaux"
"France Inter (FR)";"FR";"2026-09-21";"Tina et les boucliers de Mars";"https://radiofrance.fr/franceinter/podcasts/serie-tina-et-les-boucliers-de-mars"
"France Inter (FR)";"FR";"2026-09-21";"Les aventures du professeur Caillou";"https://radiofrance.fr/franceinter/podcasts/les-aventures-du-professeur-caillou"
"France Inter (FR)";"FR";"2026-09-21";"Bestioles, nouveaux épisodes !";"https://radiofrance.fr/franceinter/podcasts/bestioles"
"France Inter (FR)";"FR";"2026-09-21";"Une histoire et... Oli, nouveaux épisodes !";"https://radiofrance.fr/franceinter/podcasts/une-histoire-et-oli"
"France Inter (FR)";"FR";"2026-09-21";"Les Odyssées, nouveaux épisodes !";"https://radiofrance.fr/franceinter/podcasts/les-odyssees"
"France Inter (FR)";"FR";"2026-09-21";"Mini vulgaire : les véhicules";"https://radiofrance.fr/franceinter/podcasts/serie-mini-vulgaire-les-vehicules"
"France Inter (FR)";"FR";"2026-09-21";"Chuchote-moi une histoire";"https://radiofrance.fr/franceinter/podcasts/chuchote-moi-une-histoire"
"France Inter (FR)";"FR";"2026-09-21";"La censure du roman “Ravages” de Violette Leduc";"https://radiofrance.fr/franceinter/podcasts/affaires-sensibles/affaires-sensibles-du-vendredi-18-septembre-2026-7074194"
"France Inter (FR)";"FR";"2026-09-21";"Affaires sensibles";"https://radiofrance.fr/franceinter/podcasts/affaires-sensibles"
"France Inter (FR)";"FR";"2026-09-21";"L'invité : l’historien Jérôme Bimbenet";"https://radiofrance.fr/franceinter/podcasts/affaires-sensibles/affaires-sensibles-l-invite-du-jeudi-17-septembre-2026-2287183"
"France Inter (FR)";"FR";"2026-09-21";"Leni Riefenstahl, la cinéaste surdouée du régime nazi - Le récit";"https://radiofrance.fr/franceinter/podcasts/affaires-sensibles/affaires-sensibles-le-recit-du-jeudi-17-septembre-2026-5868363"
"France Inter (FR)";"FR";"2026-09-21";"Leni Riefenstahl, une cinéaste problématique - L'intégrale";"https://radiofrance.fr/franceinter/podcasts/affaires-sensibles/affaires-sensibles-du-jeudi-17-septembre-2026-2143729"
"France Inter (FR)";"FR";"2026-09-21";"Le Masque et Patrick Modiano";"https://radiofrance.fr/franceinter/podcasts/serie-le-masque-et-patrick-modiano"
"France Inter (FR)";"FR";"2026-09-21";"Les concerts d'Inter";"https://radiofrance.fr/franceinter/podcasts/les-concerts-d-inter"
"France Inter (FR)";"FR";"2026-09-21";"Révélations";"https://radiofrance.fr/franceinter/podcasts/revelations"
"France Inter (FR)";"FR";"2026-09-21";"Afghanistan, le tourisme sans les femmes";"https://radiofrance.fr/franceinter/podcasts/interception/interception-du-dimanche-08-mars-2026-4136320"
"France Inter (FR)";"FR";"2026-09-21";"Taylor Swift, le monde, ma fille et moi";"https://radiofrance.fr/franceinter/podcasts/taylor-swift-le-monde-ma-fille-et-moi"
"France Inter (FR)";"FR";"2026-09-21";"Les déportés";"https://radiofrance.fr/franceinter/podcasts/serie-les-deportes"
"France Inter (FR)";"FR";"2026-09-21";"Etats-Unis : ce pays qui marie ses enfants";"https://radiofrance.fr/franceinter/podcasts/interception/interception-du-dimanche-05-mars-2023-8505277"
"France Inter (FR)";"FR";"2026-09-21";"Sur les traces d'Ousmane Dembélé";"https://radiofrance.fr/franceinter/podcasts/serie-sur-les-traces-d-ousmane-dembele"
"France Inter (FR)";"FR";"2026-09-21";"Collégiennes à vendre";"https://radiofrance.fr/franceinter/podcasts/interception/interception-du-dimanche-12-octobre-2025-2574397"
"France Inter (FR)";"FR";"2026-09-21";"Trouble du spectre autistique, comment vivre avec ? Comment le diagnostiquer ?";"https://radiofrance.fr/franceinter/podcasts/grand-bien-vous-fasse/grand-bien-vous-fasse-du-lundi-21-septembre-2026-6521347"
"France Inter (FR)";"FR";"2026-09-21";"Grand bien vous fasse !";"https://radiofrance.fr/franceinter/podcasts/grand-bien-vous-fasse"
"France Inter (FR)";"FR";"2026-09-21";"Daniel Morin en liberté du lundi 21 septembre 2026";"https://radiofrance.fr/franceinter/podcasts/daniel-morin-en-liberte/daniel-morin-en-liberte-du-lundi-21-septembre-2026-4303424"
"France Inter (FR)";"FR";"2026-09-21";"Daniel Morin en liberté";"https://radiofrance.fr/franceinter/podcasts/daniel-morin"
"France Inter (FR)";"FR";"2026-09-21";"Le sexe peut-il sauver Hollywood ?";"https://radiofrance.fr/franceinter/podcasts/la-chronique-de-xavier-leherpeur/face-a-la-franche-xavier-leherpeur-du-lundi-21-septembre-2026-3997320"
"France Inter (FR)";"FR";"2026-09-21";"La chronique de Xavier Leherpeur";"https://radiofrance.fr/franceinter/podcasts/xavier-leherpeur"
"France Inter (FR)";"FR";"2026-09-21";"Les dents de la guerre";"https://radiofrance.fr/franceinter/podcasts/la-chronique-de-raphaelle-baillot/made-in-franche-raphaelle-baillot-du-lundi-21-septembre-2026-7345643"
"France Inter (FR)";"FR";"2026-09-21";"La chronique de Raphaëlle Baillot";"https://radiofrance.fr/franceinter/podcasts/la-chronique-de-raphaelle-baillot"
"France Inter (FR)";"FR";"2026-09-21";"Jeanne Herry et l'IA nous fait danser";"https://radiofrance.fr/franceinter/podcasts/franche-culture/franche-culture-du-lundi-21-septembre-2026-1652950"
"France Inter (FR)";"FR";"2026-09-21";"L'humoriste Emy raconte tout";"https://radiofrance.fr/franceinter/podcasts/nouvelles-tetes/nouvelles-tetes-du-lundi-21-septembre-2026-1451502"
"France Inter (FR)";"FR";"2026-09-21";"Nouvelles têtes";"https://radiofrance.fr/franceinter/podcasts/nouvelles-tetes"
"France Inter (FR)";"FR";"2026-09-21";"la grande matinale : Le Mag du lundi 21 septembre 2026";"https://radiofrance.fr/franceinter/podcasts/la-grande-matinale-le-mag/la-grande-matinale-le-mag-du-lundi-21-septembre-2026-9612221"
"France Inter (FR)";"FR";"2026-09-21";"La Grande matinale - Le mag";"https://radiofrance.fr/franceinter/podcasts/la-grande-matinale-le-mag"
"France Inter (FR)";"FR";"2026-09-21";"La puissance américaine entravée : le pari de Donald Trump sur la force a échoué";"https://radiofrance.fr/franceinter/podcasts/geopolitique/geopolitique-du-lundi-21-septembre-2026-5697964"
"France Inter (FR)";"FR";"2026-09-21";"Géopolitique";"https://radiofrance.fr/franceinter/podcasts/geopolitique"
"France Inter (FR)";"FR";"2026-09-21";"La France sans oignons n'est pas la France";"https://radiofrance.fr/franceinter/podcasts/les-80/les-80-du-lundi-21-septembre-2026-1780061"
"France Inter (FR)";"FR";"2026-09-21";"Les 80''";"https://radiofrance.fr/franceinter/podcasts/les-80-de"
"France Inter (FR)";"FR";"2026-09-21";"Le coût de la dette : plus de 90 milliards d'euros";"https://radiofrance.fr/franceinter/podcasts/l-edito-eco/l-edito-eco-du-lundi-21-septembre-2026-3400065"
"France Inter (FR)";"FR";"2026-09-21";"L'Édito éco";"https://radiofrance.fr/franceinter/podcasts/l-edito-eco"
"France Inter (FR)";"FR";"2026-09-21";"Quel avenir pour l'assemblée citoyenne ""un commun accord"" ?";"https://radiofrance.fr/franceinter/podcasts/debout-la-terre/debout-la-terre-du-lundi-21-septembre-2026-1806750"
"France Inter (FR)";"FR";"2026-09-21";"Debout la Terre";"https://radiofrance.fr/franceinter/podcasts/la-lutte-enchantee"
"France Inter (FR)";"FR";"2026-09-21";"L'Édito de Denis Cheissoux du dimanche 20 septembre 2026";"https://radiofrance.fr/franceinter/podcasts/l-edito-de-denis-cheissoux/l-edito-de-denis-cheissoux-du-dimanche-20-septembre-2026-3616698"
"France Inter (FR)";"FR";"2026-09-21";"L'Édito de Denis Cheissoux";"https://radiofrance.fr/franceinter/podcasts/l-edito-de-denis-cheissoux"
"France Inter (FR)";"FR";"2026-09-21";"Quentin ou la vie partout";"https://radiofrance.fr/franceinter/podcasts/co2-mon-amour/co2-mon-amour-du-dimanche-20-septembre-2026-4550212"
"France Inter (FR)";"FR";"2026-09-21";"CO2 mon amour";"https://radiofrance.fr/franceinter/podcasts/co2-mon-amour"
"France Inter (FR)";"FR";"2026-09-21";"Plus petite et à moins de 15 000 euros, la voiture électrique pourrait séduire des millions d'Européens";"https://radiofrance.fr/franceinter/podcasts/l-info-de-france-inter/plus-petite-et-a-moins-de-15-000-euros-la-voiture-electrique-pourrait-seduire-des-millions-d-europeens-8143255"
"France Inter (FR)";"FR";"2026-09-21";"Anniversaire de TikTok : 10 ans que l'on ne sait plus s'ennuyer ?";"https://radiofrance.fr/franceinter/podcasts/le-debat/le-debat-de-la-grand-matinale-du-lundi-21-septembre-2026-2886958"
"France Inter (FR)";"FR";"2026-09-21";"Le débat";"https://radiofrance.fr/franceinter/podcasts/le-debat-du-7-10"
"France Inter (FR)";"FR";"2026-09-21";"Le Havre a des airs de New York, c'est la ""Grosse pomme"" mais normande";"https://radiofrance.fr/franceinter/podcasts/c-est-loin-mais-c-est-beau/c-est-loin-mais-c-est-beau-du-lundi-21-septembre-2026-5461156"
"France Inter (FR)";"FR";"2026-09-21";"Yottam Ottolenghi : ""La cuisine, c'est l'antidote à l'angoisse du monde""";"https://radiofrance.fr/franceinter/podcasts/le-grand-portrait/le-grand-portrait-du-lundi-21-septembre-2026-5994176"
"France Inter (FR)";"FR";"2026-09-21";"Le Grand portrait";"https://radiofrance.fr/franceinter/podcasts/l-invite-de-9h10"
"France Inter (FR)";"FR";"2026-09-21";"""Le pays des pères"" de Nicolas Destobbeleire : plongée d'un ado dans la violence politique d'extrême droite";"https://radiofrance.fr/franceinter/podcasts/la-bibliotheque-des-ados/la-bibliotheque-des-ados-du-lundi-21-septembre-2026-6874868"
"France Inter (FR)";"FR";"2026-09-21";"La bibliothèque des ados";"https://radiofrance.fr/franceinter/podcasts/la-bibliotheque-des-ados"
"France Inter (FR)";"FR";"2026-09-21";"Pourquoi les contes se passent souvent dans les bois comme ""Blanche Neige"" ou ""Le Petit Chaperon Rouge"" ?";"https://radiofrance.fr/franceinter/podcasts/les-p-tits-bateaux/les-p-tits-bateaux-du-dimanche-20-septembre-2026-2553187"
"France Inter (FR)";"FR";"2026-09-21";"Les P'tits Bateaux";"https://radiofrance.fr/franceinter/podcasts/les-p-tits-bateaux"
"France Inter (FR)";"FR";"2026-09-21";"Pourquoi les bonbons nous font-ils autant envie quand on les voit ?";"https://radiofrance.fr/franceinter/podcasts/les-p-tits-bateaux/les-p-tits-bateaux-du-dimanche-20-septembre-2026-6391989"
"France Inter (FR)";"FR";"2026-09-21";"Le café reste la boisson la plus consommée au monde après l'eau";"https://radiofrance.fr/franceinter/podcasts/l-info-de-france-inter/le-cafe-reste-la-boisson-la-plus-consommee-au-monde-apres-l-eau-4398090"
"France Inter (FR)";"FR";"2026-09-21";"Une photographie de Marilyn Monroe au naturel, prise par Eve Arnold";"https://radiofrance.fr/franceinter/podcasts/dans-le-detail/alix-van-pee-dans-le-detail-du-samedi-19-septembre-2026-1252048"
"France Inter (FR)";"FR";"2026-09-21";"Dans le détail";"https://radiofrance.fr/franceinter/podcasts/est-ce-bien-raisonnable"
"France Inter (FR)";"FR";"2026-09-21";"Pourquoi le badminton séduit autant ? Perrine Le Buhanic, championne de France, dévoile les atouts du sport";"https://radiofrance.fr/franceinter/podcasts/esprit-sport/esprit-sport-du-lundi-21-septembre-2026-9273142"
"France Inter (FR)";"FR";"2026-09-21";"Esprit sport";"https://radiofrance.fr/franceinter/podcasts/esprit-sport"
"France Inter (FR)";"FR";"2026-09-21";"Christophe Conte : l’ami de la Franche du lundi 21 septembre 2026";"https://radiofrance.fr/franceinter/podcasts/la-chronique-de-christophe-conte/christophe-conte-l-ami-de-la-franche-du-lundi-21-septembre-2026-5962923"
"France Inter (FR)";"FR";"2026-09-21";"La chronique de Christophe Conte";"https://radiofrance.fr/franceinter/podcasts/la-chronique-de-christophe-conte"
"France Inter (FR)";"FR";"2026-09-21";"En 1830, qu’allaient donc faire les Français en débarquant à Alger ?";"https://radiofrance.fr/franceinter/podcasts/le-fil-de-l-histoire/le-fil-de-l-histoire-du-dimanche-20-septembre-2026-4723883"
"France Inter (FR)";"FR";"2026-09-21";"Le Fil de l'histoire";"https://radiofrance.fr/franceinter/podcasts/le-fil-de-l-histoire"
"France Culture (FR)";"FR";"2026-09-21";"Troubles du comportement alimentaire : comprendre pour mieux aider";"https://radiofrance.fr/franceculture/podcasts/les-cles-de-l-enfance/troubles-du-comportement-alimentaire-comprendre-pour-mieux-aider-5214299"
"France Culture (FR)";"FR";"2026-09-21";"En Allemagne, la culture menacée par la progression de l'AfD";"https://radiofrance.fr/franceculture/podcasts/les-enjeux-internationaux/en-allemagne-la-culture-menacee-par-la-progression-de-l-afd-2665858"
"France Culture (FR)";"FR";"2026-09-21";"Dix ans de TikTok : une décennie d'ambivalences politiques";"https://radiofrance.fr/franceculture/podcasts/un-monde-connecte/dix-ans-de-tiktok-une-decennie-d-ambivalences-politiques-6998800"
"France Culture (FR)";"FR";"2026-09-21";"Elle a relooké les billets en euro, la designeuse Isabelle Daëron";"https://radiofrance.fr/franceculture/podcasts/comme-personne/elle-a-relooke-les-billets-en-euro-la-designeuse-isabelle-daeron-4310662"
"France Culture (FR)";"FR";"2026-09-21";"Descartes : réinventons l’école !";"https://radiofrance.fr/franceculture/podcasts/les-philosophes-prennent-le-pouvoir/descartes-reinventons-l-ecole-5786203"
"France Culture (FR)";"FR";"2026-09-21";"“Vivre et écrire sont pour moi très synonymes” : Annie Ernaux est l'invitée des Matins";"https://radiofrance.fr/franceculture/podcasts/l-invite-e-des-matins/vivre-et-ecrire-est-pour-moi-tres-synonyme-annie-ernaux-est-l-invitee-des-matins-5480289"
"France Culture (FR)";"FR";"2026-09-21";"Russie : les élections et la guerre";"https://radiofrance.fr/franceculture/podcasts/affaires-etrangeres/russie-les-elections-et-la-guerre-6279532"
"France Culture (FR)";"FR";"2026-09-21";"L’État a-t-il encore les moyens d’affronter la crise qui vient ?";"https://radiofrance.fr/franceculture/podcasts/questions-du-soir-le-debat/l-etat-a-t-il-encore-les-moyens-d-affronter-la-crise-qui-vient-9854243"
"France Culture (FR)";"FR";"2026-09-21";"L'École normale supérieure est-elle sous influence ?";"https://radiofrance.fr/franceculture/podcasts/le-reportage-de-la-redaction/l-ecole-normale-superieure-est-elle-sous-influence-6689404"
"France Culture (FR)";"FR";"2026-09-21";"Moi aussi je vais partir";"https://radiofrance.fr/franceculture/podcasts/la-serie-fiction/moi-aussi-je-vais-partir-5776230"
"France Culture (FR)";"FR";"2026-09-21";"États-Unis : l'opposition grandit contre les data centers, les centres de données dédiés à l'IA";"https://radiofrance.fr/franceculture/podcasts/la-revue-de-presse-internationale/la-revue-de-presse-internationale-emission-du-lundi-21-septembre-2026-2068223"
"France Culture (FR)";"FR";"2026-09-21";"La Revue de presse internationale";"https://radiofrance.fr/franceculture/podcasts/revue-de-presse-internationale"
"France Culture (FR)";"FR";"2026-09-21";"Les Enjeux internationaux";"https://radiofrance.fr/franceculture/podcasts/les-enjeux-internationaux"
"France Culture (FR)";"FR";"2026-09-21";"Écoles publiques d'ingénieurs : les frais de scolarité vont-ils exploser ?";"https://radiofrance.fr/franceculture/podcasts/le-journal-de-l-eco/ecoles-d-ingenieurs-publiques-les-frais-de-scolarite-vont-ils-exploser-1960156"
"France Culture (FR)";"FR";"2026-09-21";"Le Journal de l'éco";"https://radiofrance.fr/franceculture/podcasts/le-journal-de-l-eco"
"France Culture (FR)";"FR";"2026-09-21";"Boîte à marmotte, fossiles de coquillages, chaussure : visite insolite du musée Carnavalet";"https://radiofrance.fr/franceculture/podcasts/l-info-culturelle-reportages-enquetes-analyses/boite-a-marmotte-fossiles-de-coquillages-chaussure-visite-insolite-du-musee-carnavalet-7981548"
"France Culture (FR)";"FR";"2026-09-21";"L'Info culturelle : reportages, enquêtes, analyses";"https://radiofrance.fr/franceculture/podcasts/l-actualite-culturelle-reportages-enquetes-analyses"
"France Culture (FR)";"FR";"2026-09-21";"Journal de 8h45";"https://radiofrance.fr/franceculture/podcasts/journal-de-8h45"
"France Culture (FR)";"FR";"2026-09-21";"Tuer la mère, sauver sa peau, avec Louise Chennevière";"https://radiofrance.fr/franceculture/podcasts/le-book-club/tuer-la-mere-sauver-sa-peau-avec-louise-chenneviere-3624540"
"France Culture (FR)";"FR";"2026-09-21";"Phœbe Hadjimarkos Clarke, écrivaine : “Il m’est impossible d’écrire un roman sans fantastique déguisé”";"https://radiofrance.fr/franceculture/podcasts/les-midis-de-culture-l-invite-e/phoebe-hadjimarkos-clarke-traverse-les-frontieres-avec-le-livre-des-souterrains-1020724"
"France Culture (FR)";"FR";"2026-09-21";"L'or du démon : rencontre avec Ian McGuire";"https://radiofrance.fr/franceculture/podcasts/mauvais-genres/l-or-du-demon-rencontre-avec-ian-mcguire-9391974"
"France Culture (FR)";"FR";"2026-09-21";"Kae Tempest : retour au roman";"https://radiofrance.fr/franceculture/podcasts/le-book-club/kae-tempest-retour-au-roman-2794282"
"France Culture (FR)";"FR";"2026-09-21";"""Nous aussi"" d'Anne Godard : la force du ""on""";"https://radiofrance.fr/franceculture/podcasts/le-regard-culturel/le-regard-culturel-chronique-du-mercredi-09-septembre-2026-5280197"
"France Culture (FR)";"FR";"2026-09-21";"Antoine Volodine et les 11 romans d'Infernus Johannes : le post-exotisme, bouquet final";"https://radiofrance.fr/franceculture/podcasts/mauvais-genres/operation-volodine-le-post-exotisme-bouquet-final-1076220"
"France Culture (FR)";"FR";"2026-09-21";"""Debout dans tes rêves"" d'Abdellah Taïa, une histoire d'amitié";"https://radiofrance.fr/franceculture/podcasts/le-book-club/promesses-avec-abdellah-taia-4947356"
"France Culture (FR)";"FR";"2026-09-21";"""Mais que fait ce sang sur le pull de Jennifer ?"" de Lucie Rico, ou l’obsession d’une phrase inachevée";"https://radiofrance.fr/franceculture/podcasts/le-book-club/lucie-rico-ou-l-obsession-d-une-phrase-inachevee-4284547"
"France Culture (FR)";"FR";"2026-09-21";"Écrire l’inceste selon Daria Marx dans ""Tuer le vieux""";"https://radiofrance.fr/franceculture/podcasts/les-midis-de-culture/tuer-le-vieux-ecrire-l-inceste-selon-daria-marx-8396852"
"France Culture (FR)";"FR";"2026-09-21";"Premier roman : ""Abdallah Superstar"", un conte électro entre la France et Djibouti";"https://radiofrance.fr/franceculture/podcasts/l-invite-e-des-matins-d-ete/abdallah-superstar-un-conte-electro-entre-la-france-et-djibouti-3189093"
"France Culture (FR)";"FR";"2026-09-21";"Victoire de l'AfD en Allemagne, défaite de la mémoire ?";"https://radiofrance.fr/franceculture/podcasts/questions-du-soir-le-debat/quelle-memoire-faut-il-convoquer-pour-comprendre-le-score-de-l-afd-en-saxe-anhault-6858894"
"France Culture (FR)";"FR";"2026-09-21";"Questions du soir : le débat";"https://radiofrance.fr/franceculture/podcasts/le-temps-du-debat"
"France Culture (FR)";"FR";"2026-09-21";"Grand Angle";"https://radiofrance.fr/franceculture/podcasts/grand-angle-de-plan-large"
"France Culture (FR)";"FR";"2026-09-21";"Classe créative : le manager de la semaine";"https://radiofrance.fr/franceculture/podcasts/classe-creative-le-manager-de-la-semaine"
"France Culture (FR)";"FR";"2026-09-21";"Les Clés de l'enfance";"https://radiofrance.fr/franceculture/podcasts/les-cles-de-l-enfance"
"France Culture (FR)";"FR";"2026-09-21";"Les Mystères des lieux";"https://radiofrance.fr/franceculture/podcasts/les-mysteres-des-lieux"
"France Culture (FR)";"FR";"2026-09-21";"Le Film de la semaine";"https://radiofrance.fr/franceculture/podcasts/le-film-de-la-semaine-de-plan-large"
"France Culture (FR)";"FR";"2026-09-21";"Le Point culture XXL : l'agenda";"https://radiofrance.fr/franceculture/podcasts/le-point-culture-xxl-l-agenda"
"France Culture (FR)";"FR";"2026-09-21";"Au nom du droit";"https://radiofrance.fr/franceculture/podcasts/au-nom-du-droit"
"France Culture (FR)";"FR";"2026-09-21";"Les Midis de Culture";"https://radiofrance.fr/franceculture/podcasts/les-midis-de-culture"
"France Culture (FR)";"FR";"2026-09-21";"Avec philosophie";"https://radiofrance.fr/franceculture/podcasts/avec-philosophie"
"France Culture (FR)";"FR";"2026-09-21";"Le Point idées : le journal des sciences sociales";"https://radiofrance.fr/franceculture/podcasts/le-point-idees"
"France Culture (FR)";"FR";"2026-09-21";"Les Matins";"https://radiofrance.fr/franceculture/podcasts/les-matins"
"France Culture (FR)";"FR";"2026-09-21";"Questions du soir : l'idée";"https://radiofrance.fr/franceculture/podcasts/l-idee-questions-du-soir"
"France Culture (FR)";"FR";"2026-09-21";"La Science, CQFD";"https://radiofrance.fr/franceculture/podcasts/la-science-cqfd"
"France Culture (FR)";"FR";"2026-09-21";"Une histoire de la papauté";"https://radiofrance.fr/franceculture/podcasts/serie-une-histoire-de-la-papaute"
"France Culture (FR)";"FR";"2026-09-21";"Désobéissance, s'empotager et pouillot véloce avec Catherine Meurisse";"https://radiofrance.fr/franceculture/podcasts/comme-un-samedi/desobeissance-s-empotager-et-pouillot-veloce-avec-catherine-meurisse-5457563"
"France Culture (FR)";"FR";"2026-09-21";"Confucius, un savoir-être sans confusion";"https://radiofrance.fr/franceculture/podcasts/serie-confucius-un-savoir-etre-sans-confusion"
"France Culture (FR)";"FR";"2026-09-21";"Photographie, objectif patrimoine";"https://radiofrance.fr/franceculture/podcasts/serie-photographie-objectif-patrimoine"
"France Culture (FR)";"FR";"2026-09-21";"Banier, pour quelques millions de plus";"https://radiofrance.fr/franceculture/podcasts/serie-banier-pour-quelques-millions-de-plus"
"France Culture (FR)";"FR";"2026-09-21";"Prévenir le suicide";"https://radiofrance.fr/franceculture/podcasts/serie-prevenir-le-suicide"
"France Culture (FR)";"FR";"2026-09-21";"""L'Enfer"" de Dante, voyage au centre de soi-même";"https://radiofrance.fr/franceculture/podcasts/serie-l-enfer-de-dante"
"France Culture (FR)";"FR";"2026-09-21";"En campagne";"https://radiofrance.fr/franceculture/podcasts/serie-en-campagne"
"France Culture (FR)";"FR";"2026-09-21";"Genève, Venise, Nice, Paris — Le Bon Plaisir de Michel Butor";"https://radiofrance.fr/franceculture/podcasts/le-bon-plaisir/geneve-venise-nice-paris-le-bon-plaisir-de-michel-butor-8894475"
"France Culture (FR)";"FR";"2026-09-21";"""Le Grand Monde"" de Pierre Lemaitre";"https://radiofrance.fr/franceculture/podcasts/serie-le-grand-monde-de-pierre-lemaitre"
"France Culture (FR)";"FR";"2026-09-21";"""Histoires de la nuit"" - le livre, l'écran et la peur";"https://radiofrance.fr/franceculture/podcasts/le-regard-culturel/le-regard-culturel-chronique-du-jeudi-17-septembre-2026-7403706"
"France Culture (FR)";"FR";"2026-09-21";"Le Regard culturel";"https://radiofrance.fr/franceculture/podcasts/la-critique"
"France Culture (FR)";"FR";"2026-09-21";"Religieuses, des histoires de sœurs";"https://radiofrance.fr/franceculture/podcasts/serie-religieuses-des-histoires-de-soeurs"
"France Culture (FR)";"FR";"2026-09-21";"L'Ardèche, le temps des communautés";"https://radiofrance.fr/franceculture/podcasts/serie-l-ardeche-le-temps-des-communautes"
"France Culture (FR)";"FR";"2026-09-21";"Au pays des songes, 2001-2026 (Israël-Palestine, archives oniriques)";"https://radiofrance.fr/franceculture/podcasts/serie-au-pays-des-songes-2001-2026-israel-palestine-archives-oniriques"
"France Culture (FR)";"FR";"2026-09-21";"François d'Assise, la sainteté est un sport de combat";"https://radiofrance.fr/franceculture/podcasts/serie-francois-d-assise-la-saintete-est-un-sport-de-combat"
"France Culture (FR)";"FR";"2026-09-21";"Les 2Be3 : étoiles filantes";"https://radiofrance.fr/franceculture/podcasts/serie-les-2be3-etoiles-filantes"
"France Culture (FR)";"FR";"2026-09-21";"Verdun 1916, au cœur d'une guerre totale";"https://radiofrance.fr/franceculture/podcasts/serie-verdun-1916-au-coeur-d-une-guerre-totale"
"France Culture (FR)";"FR";"2026-09-21";"La Joconde sort du silence";"https://radiofrance.fr/franceculture/podcasts/serie-la-joconde-sort-du-silence"
"France Culture (FR)";"FR";"2026-09-21";"Troubles dys : des vies à inventer";"https://radiofrance.fr/franceculture/podcasts/serie-troubles-dys-des-vies-a-inventer"
"France Culture (FR)";"FR";"2026-09-21";"Habiba Msika (1903-1930), une artiste libre aux multiples talents";"https://radiofrance.fr/franceculture/podcasts/toute-une-vie/habiba-msika-une-artiste-libre-aux-multiples-talents-6978561"
"France Culture (FR)";"FR";"2026-09-21";"Hans le Malin, le cheval qui savait lire et compter";"https://radiofrance.fr/franceculture/podcasts/serie-hans-le-malin-le-cheval-qui-savait-lire-et-compter"
"France Culture (FR)";"FR";"2026-09-21";"Les ultras de la collaboration";"https://radiofrance.fr/franceculture/podcasts/serie-les-ultras-de-la-collaboration"
"France Culture (FR)";"FR";"2026-09-21";"Catholiques de France, la tentation radicale";"https://radiofrance.fr/franceculture/podcasts/serie-catholiques-de-france-la-tentation-radicale"
"France Culture (FR)";"FR";"2026-09-21";"L'effet chat";"https://radiofrance.fr/franceculture/podcasts/serie-l-effet-chat"
"France Culture (FR)";"FR";"2026-09-21";"La trilogie des ""J'ai trop..."" de David Lescot";"https://radiofrance.fr/franceculture/podcasts/serie-la-trilogie-des-j-ai-trop-de-david-lescot"
"France Culture (FR)";"FR";"2026-09-21";"""Les Malheurs de Sophie, une comédie musicale"" de Sabine Zovighian et Michael Liot - Saison 2";"https://radiofrance.fr/franceculture/podcasts/serie-les-malheurs-de-sophie-une-comedie-musicale-de-sabine-zovighian-et-michael-liot-saison-2"
"France Culture (FR)";"FR";"2026-09-21";"""Le Petit Chaperon rouge"" de Pierre Senges, d’après le conte de Charles Perrault";"https://radiofrance.fr/franceculture/podcasts/fictions-theatre-et-cie/le-petit-chaperon-rouge-concert-fiction-de-pierre-senges-d-apres-le-conte-de-charles-perrault-1991892"
"France Culture (FR)";"FR";"2026-09-21";"Le Trésor de Rackham le Rouge : les Aventures de Tintin";"https://radiofrance.fr/franceculture/podcasts/serie-le-tresor-de-rackham-le-rouge-les-aventures-de-tintin"
"France Culture (FR)";"FR";"2026-09-21";"Alzheimer : comment faire face ?";"https://radiofrance.fr/franceculture/podcasts/serie-alzheimer-comment-faire-face"
"France Culture (FR)";"FR";"2026-09-21";"Fiction Lab";"https://radiofrance.fr/franceculture/podcasts/fictions-samedi-noir"
"France Culture (FR)";"FR";"2026-09-21";"LSD, la série documentaire";"https://radiofrance.fr/franceculture/podcasts/lsd-la-serie-documentaire"
"France Culture (FR)";"FR";"2026-09-21";"L'Instant poésie";"https://radiofrance.fr/franceculture/podcasts/l-instant-poesie"
"France Culture (FR)";"FR";"2026-09-21";"Des tatouages particuliers";"https://radiofrance.fr/franceculture/podcasts/les-pieds-sur-terre/des-tatouages-particuliers-4256770"
"France Culture (FR)";"FR";"2026-09-21";"Les Pieds sur terre";"https://radiofrance.fr/franceculture/podcasts/les-pieds-sur-terre"
"France Culture (FR)";"FR";"2026-09-21";"Tous égaux quand on a chaud ?";"https://radiofrance.fr/franceculture/podcasts/les-pieds-sur-terre/tous-egaux-quand-on-a-chaud-4385604"
"France Culture (FR)";"FR";"2026-09-21";"Les nouveaux réservistes";"https://radiofrance.fr/franceculture/podcasts/les-pieds-sur-terre/les-nouveaux-reservistes-7883240"
"France Culture (FR)";"FR";"2026-09-21";"Le bal du collège de Plestin-les-Grèves 2";"https://radiofrance.fr/franceculture/podcasts/les-pieds-sur-terre/le-bal-du-college-de-plestin-les-greves-2-1684626"
"France Culture (FR)";"FR";"2026-09-21";"Héroïne, le temps des seringues";"https://radiofrance.fr/franceculture/podcasts/serie-heroine-le-temps-des-seringues"
"France Culture (FR)";"FR";"2026-09-21";"Même pas mort";"https://radiofrance.fr/franceculture/podcasts/serie-meme-pas-mort"
"France Culture (FR)";"FR";"2026-09-21";"""Les Eloignés"" de Sophie Maurer";"https://radiofrance.fr/franceculture/podcasts/serie-les-eloignes-de-sophie-maurer"
"France Culture (FR)";"FR";"2026-09-21";"Vie de chien";"https://radiofrance.fr/franceculture/podcasts/serie-vie-de-chien"
"France Culture (FR)";"FR";"2026-09-21";"Mes années Boum, une enquête algérienne";"https://radiofrance.fr/franceculture/podcasts/serie-mes-annees-boum-une-enquete-algerienne"
"France Culture (FR)";"FR";"2026-09-21";"Concert-fiction : Blanche-Neige & sortilèges";"https://radiofrance.fr/franceculture/podcasts/fictions-theatre-et-cie/concert-fiction-blanche-neige-sortileges-3143340"
"France Culture (FR)";"FR";"2026-09-21";"Le journal de ma vie";"https://radiofrance.fr/franceculture/podcasts/serie-le-journal-de-ma-vie"
"France Culture (FR)";"FR";"2026-09-21";"""L'Homme invisible"" de H. G. Wells";"https://radiofrance.fr/franceculture/podcasts/serie-l-homme-invisible-de-h-g-wells"
"France Culture (FR)";"FR";"2026-09-21";"""AfficheTonEx"" de Romain Weber et Constance Vilanova";"https://radiofrance.fr/franceculture/podcasts/serie-affichetonex-ecrit-par-romain-weber"
"France Culture (FR)";"FR";"2026-09-21";"Fureurs";"https://radiofrance.fr/franceculture/podcasts/serie-fureurs"
"France Culture (FR)";"FR";"2026-09-21";"Recoller les morceaux de l'Amérique avec Madeline Cash";"https://radiofrance.fr/franceculture/podcasts/le-regard-culturel/le-regard-culturel-chronique-du-lundi-21-septembre-2026-4353187"
"France Culture (FR)";"FR";"2026-09-21";"Un monde connecté";"https://radiofrance.fr/franceculture/podcasts/planete-connectee"
"France Culture (FR)";"FR";"2026-09-21";"Invention de l'environnement : le sens de l'histoire ne va pas de soi";"https://radiofrance.fr/franceculture/podcasts/va-savoir/invention-de-l-environnement-le-sens-de-l-histoire-ne-tourne-pas-rond-1800636"
"France Culture (FR)";"FR";"2026-09-21";"Va savoir";"https://radiofrance.fr/franceculture/podcasts/va-savoir"
"France Culture (FR)";"FR";"2026-09-21";"Pour encourager l'action en faveur du climat, l'appel aux émotions est essentiel";"https://radiofrance.fr/franceculture/podcasts/avec-sciences/pour-encourager-l-action-en-faveur-du-climat-l-appel-aux-emotions-est-essentiel-1812975"
"France Culture (FR)";"FR";"2026-09-21";"Avec sciences";"https://radiofrance.fr/franceculture/podcasts/le-journal-des-sciences"
"France Culture (FR)";"FR";"2026-09-21";"Pourquoi l'apprentissage implique-t-il l'erreur ?";"https://radiofrance.fr/franceculture/podcasts/le-pourquoi-du-comment-philo/pourquoi-l-apprentissage-implique-t-il-l-erreur-9281398"
"France Culture (FR)";"FR";"2026-09-21";"Le Pourquoi du comment : philo";"https://radiofrance.fr/franceculture/podcasts/le-pourquoi-du-comment-philo"
"France Culture (FR)";"FR";"2026-09-21";"Rome et Avignon, chacun cherche son pape";"https://radiofrance.fr/franceculture/podcasts/le-cours-de-l-histoire/rome-et-avignon-chacun-cherche-son-pape-6412794"
"France Culture (FR)";"FR";"2026-09-21";"Le Cours de l'histoire";"https://radiofrance.fr/franceculture/podcasts/le-cours-de-l-histoire"
"France Culture (FR)";"FR";"2026-09-21";"Indonésie : un archipel en feu";"https://radiofrance.fr/franceculture/podcasts/cultures-monde/indonesie-un-archipel-en-feu-9889258"
"France Culture (FR)";"FR";"2026-09-21";"Cultures Monde";"https://radiofrance.fr/franceculture/podcasts/cultures-monde"
"France Culture (FR)";"FR";"2026-09-21";"Allemagne : l'AFD poursuit sa progression et la CDU s'enfonce, Friedrich Merz évoque un ""désastre""";"https://radiofrance.fr/franceculture/podcasts/journal-de-8-h/journal-de-8h-du-lundi-21-septembre-2026-3323426"
"France Culture (FR)";"FR";"2026-09-21";"Journal de 8 h";"https://radiofrance.fr/franceculture/podcasts/journal-de-8-h"
"France Culture (FR)";"FR";"2026-09-21";"Menace russe : Emmanuel Macron a-t-il raison d’alerter ?";"https://radiofrance.fr/franceculture/podcasts/l-invite-e-des-matins/menace-russe-emmanuel-macron-a-t-il-raison-d-alerter-7861924"
"France Culture (FR)";"FR";"2026-09-21";"L'Invité(e) des Matins";"https://radiofrance.fr/franceculture/podcasts/l-invite-e-des-matins"
"France Culture (FR)";"FR";"2026-09-21";"Qu'est-ce que l'infantisme ?";"https://radiofrance.fr/franceculture/podcasts/avec-philosophie/avec-philosophie-emission-du-lundi-21-septembre-2026-2794721"
"France Culture (FR)";"FR";"2026-09-21";"Présidentielle : qui veut la parole ?";"https://radiofrance.fr/franceculture/podcasts/le-billet-politique/presidentielle-qui-veut-la-parole-1068368"
"France Culture (FR)";"FR";"2026-09-21";"Le Billet politique";"https://radiofrance.fr/franceculture/podcasts/le-billet-politique"
"France Culture (FR)";"FR";"2026-09-21";"Eugénie Béziat";"https://radiofrance.fr/franceculture/podcasts/les-bonnes-choses/eugenie-beziat-8488450"
"France Culture (FR)";"FR";"2026-09-21";"Les Bonnes Choses";"https://radiofrance.fr/franceculture/podcasts/les-bonnes-choses"
"France Culture (FR)";"FR";"2026-09-21";"Ventriloque. Un jour leur ventre a parlé";"https://radiofrance.fr/franceculture/podcasts/l-experience/ventriloque-un-jour-leur-ventre-a-parle-6288010"
"France Culture (FR)";"FR";"2026-09-21";"L'Expérience";"https://radiofrance.fr/franceculture/podcasts/l-experience"
"France Culture (FR)";"FR";"2026-09-21";"Pauline Kergomard (1838-1925), inventer l’école maternelle";"https://radiofrance.fr/franceculture/podcasts/toute-une-vie/pauline-kergomard-1838-1925-inventer-l-ecole-maternelle-3380740"
"France Culture (FR)";"FR";"2026-09-21";"Toute une vie";"https://radiofrance.fr/franceculture/podcasts/toute-une-vie"
"France Culture (FR)";"FR";"2026-09-21";"Boss Lady : Bartholdi et l’empire de la liberté";"https://radiofrance.fr/franceculture/podcasts/allons-y-voir/boss-lady-bartholdi-et-l-empire-de-la-liberte-6078610"
"France Culture (FR)";"FR";"2026-09-21";"Allons-y voir !";"https://radiofrance.fr/franceculture/podcasts/allons-y-voir"
"France Culture (FR)";"FR";"2026-09-21";"Le Congrès des écrivains et artistes noirs de 1956, un héritage vivant";"https://radiofrance.fr/franceculture/podcasts/les-nuits-de-france-culture/le-congres-des-ecrivains-et-artistes-noirs-de-1956-un-heritage-vivant-8550123"
"France Culture (FR)";"FR";"2026-09-21";"Les Nuits de France Culture";"https://radiofrance.fr/franceculture/podcasts/les-nuits-de-france-culture"
"ARTE (FR)";"FR";"2026-09-21";"Guide TV";"https://www.arte.tv/fr/guide/"
"ARTE (FR)";"FR";"2026-09-21";"[Vidéo/Article] La Derniere Heure";"https://www.arte.tv/fr/videos/RC-028079/la-derniere-heure/"
"ARTE (FR)";"FR";"2026-09-21";"En intégralitéLa dernière heureLa dernière heureUn huit-clos familialA peine arrivée dans son pays d’origine, Billie doit fuir. Elle a une heure pour percer ses secrets familiaux.Série";"https://www.arte.tv/fr/videos/RC-028079/la-derniere-heure/"
"ARTE (FR)";"FR";"2026-09-21";"Regarder";"https://www.arte.tv/fr/videos/RC-028079/la-derniere-heure/"
"ARTE (FR)";"FR";"2026-09-21";"Info";"https://www.arte.tv/fr/videos/info-et-societe/"
"ARTE (FR)";"FR";"2026-09-21";"Documentaires";"https://www.arte.tv/fr/videos/documentaires-et-reportages/"
"ARTE (FR)";"FR";"2026-09-21";"Séries";"https://www.arte.tv/fr/videos/series-et-fictions/"
"ARTE (FR)";"FR";"2026-09-21";"Émissions";"https://www.arte.tv/fr/videos/emissions/"
"ARTE (FR)";"FR";"2026-09-21";"Concert";"https://www.arte.tv/fr/videos/135044-000-A/catherine-ringer-chante-les-rita-mitsouko/"
"ARTE (FR)";"FR";"2026-09-21";"Hommage à Catherine RingerSon concert à la Philharmonie de ParisHommage à la légende de la pop hexagonale disparue ce 14 septembre. Replongez dans l'univers des Rita Mitsouko, capté en 2019.101 minConcert";"https://www.arte.tv/fr/videos/135044-000-A/catherine-ringer-chante-les-rita-mitsouko/"
"ARTE (FR)";"FR";"2026-09-21";"Regarder";"https://www.arte.tv/fr/videos/135044-000-A/catherine-ringer-chante-les-rita-mitsouko/"
"ARTE (FR)";"FR";"2026-09-21";"Bande-annonce";"https://www.arte.tv/fr/videos/135044-000-A/?trailer=true"
"ARTE (FR)";"FR";"2026-09-21";"Concert";"https://www.arte.tv/fr/videos/132676-000-A/raye-guests/"
"ARTE (FR)";"FR";"2026-09-21";"Raye & guestsAu Montreux Jazz Festival 2026À l'occasion de la 60e édition du Montreux Jazz Festival, Raye invite sur scène plusieurs stars internationales de la pop.115 minConcertSous-titres. Sous-titresVersion originale. Version originale";"https://www.arte.tv/fr/videos/132676-000-A/raye-guests/"
"ARTE (FR)";"FR";"2026-09-21";"Regarder";"https://www.arte.tv/fr/videos/132676-000-A/raye-guests/"
"ARTE (FR)";"FR";"2026-09-21";"Bande-annonce";"https://www.arte.tv/fr/videos/132676-000-A/?trailer=true"
"ARTE (FR)";"FR";"2026-09-21";"Concert";"https://www.arte.tv/fr/videos/134165-001-A/yael-naim-orange-blossom-et-robinson-khoury/"
"ARTE (FR)";"FR";"2026-09-21";"Les Concerts VolantsNouvelle soirée tout en couleursYael Naim, Orange Blossom et Robinson Khoury : trois univers musicaux métissés pour ce voyage avec les Concerts Volants.127 minConcert";"https://www.arte.tv/fr/videos/134165-001-A/yael-naim-orange-blossom-et-robinson-khoury/"
"ARTE (FR)";"FR";"2026-09-21";"Regarder";"https://www.arte.tv/fr/videos/134165-001-A/yael-naim-orange-blossom-et-robinson-khoury/"
"ARTE (FR)";"FR";"2026-09-21";"Série";"https://www.arte.tv/fr/videos/RC-024574/de-grace/"
"ARTE (FR)";"FR";"2026-09-21";"De grâceAvec Olivier Gourmet et Panayotis PascotUne tragédie familiale dans l’univers des dockers du Havre. Avec Olivier Gourmet.Série";"https://www.arte.tv/fr/videos/RC-024574/de-grace/"
"ARTE (FR)";"FR";"2026-09-21";"Regarder";"https://www.arte.tv/fr/videos/RC-024574/de-grace/"
"ARTE (FR)";"FR";"2026-09-21";"Bande-annonce";"https://www.arte.tv/fr/videos/RC-024574/?trailer=true"
"ARTE (FR)";"FR";"2026-09-21";"Concert";"https://www.arte.tv/fr/videos/133232-004-A/marguerite/"
"ARTE (FR)";"FR";"2026-09-21";"MargueriteLa révélation pop au Cabaret VertRévélée par la Star Academy, Marguerite livre une performance mêlant sensibilité, franchise et espièglerie.52 minConcert";"https://www.arte.tv/fr/videos/133232-004-A/marguerite/"
"ARTE (FR)";"FR";"2026-09-21";"Regarder";"https://www.arte.tv/fr/videos/133232-004-A/marguerite/"
"ARTE (FR)";"FR";"2026-09-21";"Concert";"https://www.arte.tv/fr/videos/133654-000-A/selah-sue-and-the-gallands/"
"ARTE (FR)";"FR";"2026-09-21";"Selah Sue and the GallandsSession en plein air au lac LémanPour sa 60e édition, le Montreux Jazz Festival dévoile une session live d’exception avec Selah Sue & The Gallands. 34 minConcert";"https://www.arte.tv/fr/videos/133654-000-A/selah-sue-and-the-gallands/"
"ARTE (FR)";"FR";"2026-09-21";"Regarder";"https://www.arte.tv/fr/videos/133654-000-A/selah-sue-and-the-gallands/"
"ARTE (FR)";"FR";"2026-09-21";"Votre prochaine série vous attend";"https://www.arte.tv/fr/videos/series-et-fictions/"
"ARTE (FR)";"FR";"2026-09-21";"Voir tout";"https://www.arte.tv/fr/videos/series-et-fictions/"
"ARTE (FR)";"FR";"2026-09-21";"Nos films à l'affiche";"https://www.arte.tv/fr/videos/cinema/"
"ARTE (FR)";"FR";"2026-09-21";"Voir tout";"https://www.arte.tv/fr/videos/cinema/"
"ARTE (FR)";"FR";"2026-09-21";"Les documentaires à ne pas manquer";"https://www.arte.tv/fr/videos/documentaires-et-reportages/"
"ARTE (FR)";"FR";"2026-09-21";"Voir tout";"https://www.arte.tv/fr/videos/documentaires-et-reportages/"
"ARTE (FR)";"FR";"2026-09-21";"Les expos de la rentrée";"https://www.arte.tv/fr/videos/RC-028320/les-expos-de-la-rentree/"
"ARTE (FR)";"FR";"2026-09-21";"Voir tout";"https://www.arte.tv/fr/videos/RC-028320/les-expos-de-la-rentree/"
"ARTE (FR)";"FR";"2026-09-21";"Culture";"https://www.arte.tv/fr/videos/culture-et-pop/"
"ARTE (FR)";"FR";"2026-09-21";"Voir tout";"https://www.arte.tv/fr/videos/culture-et-pop/"
"ARTE (FR)";"FR";"2026-09-21";"Nos émissions en un coup d'œil";"https://www.arte.tv/fr/videos/emissions/"
"ARTE (FR)";"FR";"2026-09-21";"Voir tout";"https://www.arte.tv/fr/videos/emissions/"
"ARTE (FR)";"FR";"2026-09-21";"Histoire";"https://www.arte.tv/fr/videos/histoire/"
"ARTE (FR)";"FR";"2026-09-21";"Voir tout";"https://www.arte.tv/fr/videos/histoire/"
"ARTE (FR)";"FR";"2026-09-21";"Sciences et technologies";"https://www.arte.tv/fr/videos/sciences/"
"ARTE (FR)";"FR";"2026-09-21";"Voir tout";"https://www.arte.tv/fr/videos/sciences/"
"ARTE (FR)";"FR";"2026-09-21";"Les vidéos les plus vues";"https://www.arte.tv/fr/videos/plus-vues/"
"ARTE (FR)";"FR";"2026-09-21";"Voir tout";"https://www.arte.tv/fr/videos/plus-vues/"
"ARTE (FR)";"FR";"2026-09-21";"Catastrophe - Une série british sur les affres du couple";"https://www.arte.tv/fr/videos/RC-027959/catastrophe/"
"ARTE (FR)";"FR";"2026-09-21";"Taxe-moi, si tu peux ! - Les astuces fiscales des super-riches";"https://www.arte.tv/fr/videos/RC-027810/taxe-moi-si-tu-peux/"
"Time Magazine World (EN)";"EN";"2026-09-21";"ICE Shooting of Immigrant in Texas Under Investigation: What to Know";"https://time.com/article/2026/09/21/ice-austin-texas-shooting-venezuela-immigrant-investigation/"
"Time Magazine World (EN)";"EN";"2026-09-21";"In Europe, Today's Children Will Live Through More Fire Weather Than Their Grandparents";"https://time.com/article/2026/09/21/children-europe-extreme-fire-weather-climate-future/"
"Time Magazine World (EN)";"EN";"2026-09-21";"German Far-Right Surges in ‘Disaster’ State Elections for Chancellor Merz";"https://time.com/article/2026/09/21/german-far-right-expands-gains-in-disaster-to-chancellor-merz/"
"Time Magazine World (EN)";"EN";"2026-09-21";"We Need to Stop Talking Like Climate Change Is Partisan";"https://time.com/article/2026/09/21/we-need-to-stop-talking-like-climate-change-is-partisan/"
"Time Magazine World (EN)";"EN";"2026-09-21";"What 1,000 Women Workers Can Teach Us About Surviving Extreme Heat";"https://time.com/article/2026/09/19/what-1000-women-workers-can-teach-us-about-surviving-extreme-heat/"
"Time Magazine World (EN)";"EN";"2026-09-21";"Helicopter Parenting Can Help Children Recover From Concussions";"https://time.com/article/2026/09/20/helicopter-parenting-can-help-children-recover-from-concussions/"
"Time Magazine World (EN)";"EN";"2026-09-21";"Can Kevin Warsh Change the Federal Reserve?";"https://time.com/article/2026/09/19/can-kevin-warsh-change-the-federal-reserve-/"
"Time Magazine World (EN)";"EN";"2026-09-21";"The 100 Most Influential People in Art of 2026";"https://time.com/collection/time100-art/2026/"
"Time Magazine World (EN)";"EN";"2026-09-21";"More Americans Are Eating Fruit—But Fewer Are Eating Vegetables";"https://time.com/article/2026/09/15/americans-eating-fruit-vegetables/"
"Time Magazine World (EN)";"EN";"2026-09-21";"How 'The Early Spring' Ends";"https://time.com/article/2026/09/08/breaking-down-the-ending-of-netflix-s-chinese-drama-the-early-spring/"
"Time Magazine World (EN)";"EN";"2026-09-21";"The Best Ways to Stop Yourself From Crying";"https://time.com/article/2026/09/16/how-to-stop-yourself-from-crying/"
"Time Magazine World (EN)";"EN";"2026-09-21";"Get Stronger With These 5 Movements";"https://time.com/article/2026/09/15/5-get-stronger-with-these-5-movements/"
"Time Magazine World (EN)";"EN";"2026-09-21";"Amy Sherald Would Rather Walk Away Than Water Down Her ArtAmy Sherald Would Rather Walk Away Than Water Down Her Art";"https://time.com/collection/time100-art/2026/amy-sherald/"
"Time Magazine World (EN)";"EN";"2026-09-21";"Joseph Gordon-Levitt";"https://time.com/collection/time100-ai/2026/joseph-gordon-levitt/"
"Time Magazine World (EN)";"EN";"2026-09-21";"The Politicization of ‘DEI’ Bike Lanes";"https://time.com/article/2026/09/16/the-politicization-of-dei-bike-lanes/"
"Time Magazine World (EN)";"EN";"2026-09-21";"How to Govern the Existential Risk of AI";"https://time.com/article/2026/09/17/how-to-govern-the-existential-risk-of-ai/"
"Time Magazine World (EN)";"EN";"2026-09-21";"Attacks Against Judges Are an Attack Against America’s Constitution";"https://time.com/article/2026/09/17/attacks-against-judges-are-an-attack-against-america-s-constitution/"
"Time Magazine World (EN)";"EN";"2026-09-21";"Why the U.S. Urgently Needs More Platelet Donors";"https://time.com/article/2026/09/17/why-the-us-urgently-needs-more-platelet-donors/"
"Time Magazine World (EN)";"EN";"2026-09-21";"TIME100 Art 2026";"https://time.com/collection/time100-art/2026/"
"Time Magazine World (EN)";"EN";"2026-09-21";"Your Shoe Size Can Change as You Age. Here's Why";"https://time.com/article/2026/09/18/your-shoe-size-can-change-as-you-age/"
"Time Magazine World (EN)";"EN";"2026-09-21";"South Korea Set to Approve Abortion Pills Next Year";"https://time.com/article/2026/09/18/south-korea-abortion-pill-mifepristone-misoprostol/"
"Time Magazine World (EN)";"EN";"2026-09-21";"A Genetic Mutation May Help Explain Lung Cancer in Nonsmokers";"https://time.com/article/2026/09/17/genetic-mutation-lung-cancer-nonsmokers/"
"Time Magazine World (EN)";"EN";"2026-09-21";"Having Health Insurance Doesn’t Prevent Medical Debt";"https://time.com/article/2026/09/17/having-health-insurance-doesnt-prevent-medical-debt/"
"Time Magazine World (EN)";"EN";"2026-09-21";"The Surprising Health Benefits of Reading a Book";"https://time.com/article/2026/09/16/health-benefits-reading-books-for-pleasure/"
"Time Magazine World (EN)";"EN";"2026-09-21";"World's Top HealthTech Companies 2026";"https://time.com/article/2026/09/16/worlds-top-healthtech-companies-2026/"
"Time Magazine World (EN)";"EN";"2026-09-21";"'Monster: The Lizzie Borden Story' Disappoints";"https://time.com/article/2026/09/18/monster-lizzie-borden-review/"
"Time Magazine World (EN)";"EN";"2026-09-21";"Resident Evil Is a Fleet, Entertaining Reboot";"https://time.com/article/2026/09/18/resident-evil-review/"
"Time Magazine World (EN)";"EN";"2026-09-21";"Review: The History of Concrete";"https://time.com/article/2026/09/15/the-history-of-concrete-review-john-wilson/"
"Time Magazine World (EN)";"EN";"2026-09-21";"Breaking Down the Ending of 'The Scandal'";"https://time.com/article/2026/09/18/breaking-down-the-ending-of-the-scandal/"
"Time Magazine World (EN)";"EN";"2026-09-21";"Breaking Down the Brutal Ending of 'Resident Evil'";"https://time.com/article/2026/09/16/resident-evil-zach-cregger-ending-explained/"
"Time Magazine World (EN)";"EN";"2026-09-21";"Inside 'Best of the Best'";"https://time.com/article/2026/09/16/best-of-the-best-netflix-hasan-minhaj-maitreyi-ramakrishnan/"
"Time Magazine World (EN)";"EN";"2026-09-21";"Sharon Horgan's 'Youth': TV Review";"https://time.com/article/2026/09/11/youth-review-sharon-horgan-hbo/"
"Time Magazine World (EN)";"EN";"2026-09-21";"Americans Are Increasingly Worried About AI's Environmental Impact";"https://time.com/article/2026/09/16/majority-americans-worried-ai-environment-impact/"
"Time Magazine World (EN)";"EN";"2026-09-21";"Why AI Makes Customer Service Worse, And What Companies Can Do To Fix It";"https://time.com/article/2026/09/16/why-ai-makes-customer-service-worse-and-what-companies-can-do-to-fix-it/"
"Time Magazine World (EN)";"EN";"2026-09-21";"TIME100 AI Honorees Speak to Perils and Promise of the Technology";"https://time.com/article/2026/09/14/ai-impact-dinner-toasts-joseph-gordon-levitt/"
"Time Magazine World (EN)";"EN";"2026-09-21";"Panelists Discuss AI’s Potential Impacts, for Better or Worse, on the Economy";"https://time.com/article/2026/09/14/ai-impact-dinner-panel-intelligent-economy/"
"Time Magazine World (EN)";"EN";"2026-09-21";"What Is Actually New About the AI Revolution?";"https://time.com/article/2026/09/14/what-is-actually-new-about-the-ai-revolution-/"
"Time Magazine World (EN)";"EN";"2026-09-21";"AI Should Be a Wake-Up Call For Universities";"https://time.com/article/2026/09/10/ai-should-be-a-wake-up-call-for-universities/"
"Time Magazine World (EN)";"EN";"2026-09-21";"The Earthshot Prize Is Embracing the Idea of Positive Tipping Points";"https://time.com/article/2026/09/18/earthshot-prize-finalists-2026-tipping-points/"
"Time Magazine World (EN)";"EN";"2026-09-21";"What Science Says About the Health Impact of Carbon Pollution";"https://time.com/article/2026/09/15/trump-power-plant-emissions-climate-health-impact/"
"Time Magazine World (EN)";"EN";"2026-09-21";"The U.S. Is Having One of Its Most Active Wildfire Seasons. Here’s How the Costs Are Adding Up";"https://time.com/article/2026/09/12/the-u-s-is-on-track-for-a-record-wildfire-season-here-s-what-it-could-cost-americans/"
"Time Magazine World (EN)";"EN";"2026-09-21";"Will Africa's Next Growth Story Start on the Farm?";"https://time.com/article/2026/09/11/future-africa-farming-sustainability/"
"Time Magazine World (EN)";"EN";"2026-09-21";"What El Niño Means for Fall and Winter Weather";"https://time.com/article/2026/09/11/el-nino-fall-winter-weather-us/"
"Icilome (FR)";"FR";"2026-09-21";"Togo Debout USA porte la situation politique et les préoccupations de la diaspora à Washington";"https://icilome.com/2026/09/togo-debout-usa-porte-la-situation-politique-et-les-preoccupations-de-la-diaspora-a-washington/"
"Icilome (FR)";"FR";"2026-09-21";"Togo / Scandale au Ministère du Tourisme: Les Secrets bien gardés d’un Hold-up en bande organisée";"https://icilome.com/2026/09/togo-scandale-au-ministere-du-tourisme-les-secrets-bien-gardes-dun-hold-up-en-bande-organisee/"
"Icilome (FR)";"FR";"2026-09-21";"Abdoul Aziz Goma, le «good samaritan» mis à l´honneur par Freedom Now";"https://icilome.com/2026/09/abdoul-aziz-goma-le-good-samaritan-mis-a-lhonneur-par-freedom-now/"
"Icilome (FR)";"FR";"2026-09-21";"Edito | Au Togo ou en Guinée, le journalisme : un parcours du combattant";"https://icilome.com/2026/09/au-togo-ou-en-guinee-le-journalisme-un-parcours-du-combattant/"
"Icilome (FR)";"FR";"2026-09-21";"Togo- Roger Folikoué : « La démocratie est le sursaut du pluriel contre l’irrésistible tentation de l’un »";"https://icilome.com/2026/09/togo-roger-folikoue-la-democratie-est-le-sursaut-du-pluriel-contre-lirresistible-tentation-de-lun/"
"Icilome (FR)";"FR";"2026-09-21";"Togo- Hausse des prix du carburant : Deux Togolais s’affrontent, le virtuel et le réel";"https://icilome.com/2026/09/togo-hausse-des-prix-du-carburant-deux-togolais-saffrontent-le-virtuel-et-le-reel/"
"Icilome (FR)";"FR";"2026-09-21";"Rentrée scolaire sur fond de la hausse du prix du carburant : Un pouvoir INSENSIBLE";"https://icilome.com/2026/09/rentree-scolaire-sur-fond-de-la-hausse-du-prix-du-carburant-un-pouvoir-insensible/"
"Icilome (FR)";"FR";"2026-09-21";"Togo – Hausse du prix du carburant : La DMK appelle à une mobilisation pacifique";"https://icilome.com/2026/09/togo-hausse-du-prix-du-carburant-la-dmk-appelle-a-une-mobilisation-pacifique/"
"Icilome (FR)";"FR";"2026-09-21";"Pendant que des tonnes de riz Kovié pourrissent dans les magasins, le gouvernement commercialise du riz japonais";"https://icilome.com/2026/09/pendant-que-des-tonnes-de-riz-kovie-pourrissent-dans-les-magasins-le-gouvernement-commercialise-du-riz-japonais/"
"Icilome (FR)";"FR";"2026-09-21";"La campagne contemporaine « Correct the Map » n’est pas née au Togo";"https://icilome.com/2026/09/la-campagne-contemporaine-correct-the-map-nest-pas-nee-au-togo/"
"Icilome (FR)";"FR";"2026-09-21";"Togo- Classement Lloyd’s List 2026 : le Port de Lomé grimpe au 91ᵉ rang mondial";"https://icilome.com/2026/09/togo-classement-lloyds-list-2026-le-port-de-lome-grimpe-au-91%e1%b5%89-rang-mondial/"
"Icilome (FR)";"FR";"2026-09-21";"ABM-TOGO : Quatre ans d’actions, des acquis et des chantiers à poursuivre";"https://icilome.com/2026/09/abm-togo-quatre-ans-dactions-des-acquis-et-des-chantiers-a-poursuivre/"
"Icilome (FR)";"FR";"2026-09-21";"« Le peuple ne mange pas les notations » : Oligui Nguema dans le concret, Faure Gnassingbé dans les chiffres fabriqués";"https://icilome.com/2026/09/le-peuple-ne-mange-pas-les-notations-oligui-nguema-dans-le-concret-faure-gnassingbe-dans-les-chiffres-fabriques/"
"Icilome (FR)";"FR";"2026-09-21";"Togo – Noces de cristal du SYNJIT : hommage aux pionniers et cap sur l’avenir";"https://icilome.com/2026/09/togo-noces-de-cristal-du-synjit-hommage-aux-pionniers-et-cap-sur-lavenir/"
"Icilome (FR)";"FR";"2026-09-21";"Togo – SYNJIT : 15 ans d’engagement syndical, un webinaire pour remobiliser les journalistes togolais";"https://icilome.com/2026/08/togo-synjit-15-ans-dengagement-syndical-un-webinaire-pour-remobiliser-les-journalistes-togolais/"
"Icilome (FR)";"FR";"2026-09-21";"Édito- Au Togo, on n’arrête plus les voleurs, on arrête les vendeurs de journaux";"https://icilome.com/2026/08/edito-au-togo-on-narrete-plus-les-voleurs-on-arrete-les-vendeurs-de-journaux/"
"Icilome (FR)";"FR";"2026-09-21";"Togo- Le PPT dénonce une « caporalisation » de la presse après l’interpellation musclée d’un vendeur de journaux";"https://icilome.com/2026/08/togo-le-ppt-denonce-une-caporalisation-de-la-presse-apres-linterpellation-musclee-dun-vendeur-de-journaux/"
"Icilome (FR)";"FR";"2026-09-21";"Oration On Liberty! Addressed to the People and Governors of Togo";"https://icilome.com/2026/07/oration-on-liberty-addressed-to-the-people-and-governors-of-togo/"
"Icilome (FR)";"FR";"2026-09-21";"Togo- Le SYNJIT prépare ses 15 ans avec de nouvelles cartes de membres";"https://icilome.com/2026/07/togo-le-synjit-prepare-ses-15-ans-avec-de-nouvelles-cartes-de-membres/"
"Icilome (FR)";"FR";"2026-09-21";"Video: Abdoul Aziz Goma Addresses the UN on Repression in Togo";"https://icilome.com/2026/03/video-abdoul-aziz-goma-addresses-the-un-on-repression-in-togo/"
"Icilome (FR)";"FR";"2026-09-21";"Togo – Enquête, pressions et refus de l’exil : le message fort de Roger Amemavoh (Vidéo)";"https://icilome.com/2026/02/togo-enquete-pressions-et-refus-de-lexil-le-message-fort-de-roger-amemavor-video/"
"Icilome (FR)";"FR";"2026-09-21";"Bénin : Le président Talon s’adresse à la nation après la tentative de coup d’État (vidéo)";"https://icilome.com/2025/12/benin-le-president-talon-sadresse-a-la-nation-apres-la-tentative-de-coup-detat-video/"
"Icilome (FR)";"FR";"2026-09-21";"Yves Edoh Agbodjan, alias Togbevi Kpéssé précise les objectifs de la délégation du M66 à New York (Interview)";"https://icilome.com/2025/09/yves-edoh-agbodjan-alias-togbevi-kpesse-precise-les-objectifs-de-la-delegation-du-m66-a-new-york-interview/"
"Icilome (FR)";"FR";"2026-09-21";"Vidéo – Le MO5 rejoint l’appel à la mobilisation du 30 août au Togo";"https://icilome.com/2025/08/video-le-mo5-rejoint-lappel-a-la-mobilisation-du-30-aout-au-togo/"
"Icilome (FR)";"FR";"2026-09-21";"Au Togo, la télédermatologie s’impose comme une réponse au déficit de dermatologues";"https://icilome.com/2026/09/au-togo-la-teledermatologie-simpose-comme-une-reponse-au-deficit-de-dermatologues/"
"Icilome (FR)";"FR";"2026-09-21";"Togo – Nouvelle flambée des prix du carburant, la colère des consommateurs monte";"https://icilome.com/2026/09/togo-nouvelle-flambee-des-prix-du-carburant-la-colere-des-consommateurs-monte/"
"Icilome (FR)";"FR";"2026-09-21";"Tribune | Changement de Constitution au Togo – une énormité historique devenue une jurisprudence et un cas d’école";"https://icilome.com/2026/09/tribune-changement-de-constitution-au-togo-une-enormite-historique-devenue-une-jurisprudence-et-un-cas-decole/"
"Icilome (FR)";"FR";"2026-09-21";"« La seule voie pacifique » : l’appel de Nathaniel Olympio au Togo";"https://icilome.com/2026/09/la-seule-voie-pacifique-lappel-de-nathaniel-olympio-au-togo/"
"Icilome (FR)";"FR";"2026-09-21";"À Paris, la création togolaise s’invite à ArtTrip grâce à Kokou Ekouagou";"https://icilome.com/2026/09/a-paris-la-creation-togolaise-sinvite-a-arttrip-grace-a-kokou-ekouagou/"
"Icilome (FR)";"FR";"2026-09-21";"Togo – La HARC convoque les créateurs de contenu, quels enjeux derrière cette réunion ?";"https://icilome.com/2026/09/togo-la-harc-convoque-les-createurs-de-contenu-quels-enjeux-derriere-cette-reunion/"
"Icilome (FR)";"FR";"2026-09-21";"Togo- Jean-Pierre Fabre: « Le gouvernement doit cesser de faire payer aux togolais le prix de son incapacité »";"https://icilome.com/2026/09/togo-jean-pierre-fabre-le-gouvernement-doit-cesser-de-faire-payer-aux-togolais-le-prix-de-son-incapacite/"
"Icilome (FR)";"FR";"2026-09-21";"La politique de l´autruche d´un Faure Gnassingbé aux antipodes des réalités politiques de son pays.";"https://icilome.com/2026/09/la-politique-de-lautruche-dun-faure-gnassingbe-aux-antipodes-des-realites-politiques-de-son-pays/"
"Icilome (FR)";"FR";"2026-09-21";"Au Togo, Le Trompe-l’œil de la nouvelle Constitution";"https://icilome.com/2026/09/au-togo-le-trompe-loeil-de-la-nouvelle-constitution/"
"Icilome (FR)";"FR";"2026-09-21";"Togo- Tribune : « On ne soigne pas à la tête du client »";"https://icilome.com/2026/09/togo-tribune-on-ne-soigne-pas-a-la-tete-du-client/"
"Icilome (FR)";"FR";"2026-09-21";"Togo – Hausse du prix du carburant : le MMLK demande la baisse des frais de péage";"https://icilome.com/2026/09/togo-hausse-du-prix-du-carburant-le-mmlk-demande-la-baisse-des-frais-de-peage/"
"Icilome (FR)";"FR";"2026-09-21";"QNET lève le voile sur son catalogue produits, loin des clichés sur la vente pyramidale";"https://icilome.com/2026/09/qnet-leve-le-voile-sur-son-catalogue-produits-loin-des-cliches-sur-la-vente-pyramidale/"
"Icilome (FR)";"FR";"2026-09-21";"V-Convention : À Penang, QNET célèbre 28 ans de vente directe devant des milliers de distributeurs";"https://icilome.com/2026/09/v-convention-a-penang-qnet-celebre-28-ans-de-vente-directe-devant-des-milliers-de-distributeurs/"
"Icilome (FR)";"FR";"2026-09-21";"Même Messi abandonne l’Argentine : Et FAURE ?";"https://icilome.com/2026/09/meme-messi-abandonne-largentine-et-faure/"
"Icilome (FR)";"FR";"2026-09-21";"Résolution de l’ONU sur les cartes du monde : au Togo, l’ANC dénonce une « manœuvre de diversion »";"https://icilome.com/2026/09/resolution-de-lonu-sur-les-cartes-du-monde-au-togo-lanc-denonce-une-manoeuvre-de-diversion/"
"Icilome (FR)";"FR";"2026-09-21";"Rentrée scolaire 2026-2027 : le gouvernement reconduit et renforce le dispositif « Rentrée scolaire sûre »";"https://icilome.com/2026/09/rentree-scolaire-2026-2027-le-gouvernement-reconduit-et-renforce-le-dispositif-rentree-scolaire-sure/"
"Icilome (FR)";"FR";"2026-09-21";"TRIBUNE | Éducation au Togo : le plaidoyer de Helly GBENE pour une école pilotée par la donnée";"https://icilome.com/2026/09/tribune-education-au-togo-le-plaidoyer-de-helly-gbene-pour-une-ecole-pilotee-par-la-donnee/"
"Icilome (FR)";"FR";"2026-09-21";"Hausse du carburant au Togo : l’opposition dénonce une « asphyxie financière » des ménages";"https://icilome.com/2026/09/hausse-du-carburant-au-togo-lopposition-denonce-une-asphyxie-financiere-des-menages/"
"Icilome (FR)";"FR";"2026-09-21";"QNET ouvre les portes de son siège à des journalistes africains, en Malaisie";"https://icilome.com/2026/09/face-aux-accusations-qnet-ouvre-les-portes-de-son-siege-a-des-journalistes-africains-en-malaisie/"
"Icilome (FR)";"FR";"2026-09-21";"Togo- Pollution plastique : ZDP-Togo entre en action sur le littoral de Lomé";"https://icilome.com/2026/09/togo-pollution-plastique-zdp-togo-entre-en-action-sur-le-littoral-de-lome/"
"Icilome (FR)";"FR";"2026-09-21";"Nucléaire : le Togo se positionne, Lomé accueillera le sommet africain NEISA en 2027";"https://icilome.com/2026/09/nucleaire-le-togo-se-positionne-lome-accueillera-le-sommet-africain-neisa-en-2027/"
"Icilome (FR)";"FR";"2026-09-21";"Énergie : pourquoi le nucléaire pourrait changer l’avenir énergétique de l’Afrique et du Togo";"https://icilome.com/2026/09/energie-pourquoi-le-nucleaire-pourrait-changer-lavenir-energetique-de-lafrique-et-du-togo/"
"Icilome (FR)";"FR";"2026-09-21";"Méchanceté gratuite à la Plage";"https://icilome.com/2026/09/mechancete-gratuite-a-la-plage/"
"Icilome (FR)";"FR";"2026-09-21";"Togo – Cyberescroquerie : trois suspects interpellés à Afagnan";"https://icilome.com/2026/09/togo-cyberescroquerie-trois-suspects-interpelles-a-afagnan/"
"Icilome (FR)";"FR";"2026-09-21";"Togo : les prix des produits pétroliers repartent à la hausse";"https://icilome.com/2026/09/togo-les-prix-des-produits-petroliers-repartent-a-la-hausse/"
"Icilome (FR)";"FR";"2026-09-21";"Togo- Jean-Pierre Fabre veut « rendre au peuple la Constitution qu’on lui a volée »";"https://icilome.com/2026/09/togo-jean-pierre-fabre-veut-rendre-au-peuple-la-constitution-quon-lui-a-volee/"
"Icilome (FR)";"FR";"2026-09-21";"Les artistes togolais annoncent des sit-in en octobre";"https://icilome.com/2026/09/les-artistes-togolais-annoncent-des-sit-in-en-octobre/"
"Icilome (FR)";"FR";"2026-09-21";"Togo – Journaliste enlevé et violenté à Guérin-Kouka : le PPT interpelle les autorités";"https://icilome.com/2026/09/togo-journaliste-enleve-et-violente-a-guerin-kouka-le-ppt-interpelle-les-autorites/"
"Icilome (FR)";"FR";"2026-09-21";"Togo- Biologie médicale : Du laboratoire aux politiques de santé, les professionnels veulent franchir un cap";"https://icilome.com/2026/09/togo-biologie-medicale-du-laboratoire-aux-politiques-de-sante-les-professionnels-veulent-franchir-un-cap/"
"Icilome (FR)";"FR";"2026-09-21";"Yas Hackathon 2026 : 48 heures pour faire émerger les talents numériques de demain";"https://icilome.com/2026/09/yas-hackathon-2026-48-heures-pour-faire-emerger-les-talents-numeriques-de-demain/"
"Icilome (FR)";"FR";"2026-09-21";"Togo : un journaliste de Tampa Express enlevé et séquestré à Guérin-Kouka, le SYNJIT dénonce un « acte de gangstérisme »";"https://icilome.com/2026/09/togo-un-journaliste-de-tampa-express-enleve-et-sequestre-a-guerin-kouka-le-synjit-denonce-un-acte-de-gangsterisme/"
"Icilome (FR)";"FR";"2026-09-21";"Togo- La liberté de la presse en question, la souveraineté numérique en construction Spécial";"https://icilome.com/2026/09/togo-la-liberte-de-la-presse-en-question-la-souverainete-numerique-en-construction-special/"
"Icilome (FR)";"FR";"2026-09-21";"Togo / « Les routes de l’impossible »: Et si le vrai problème n’était pas le visa, mais ce que les caméras allaient montrer?";"https://icilome.com/2026/09/togo-les-routes-de-limpossible-et-si-le-vrai-probleme-netait-pas-le-visa-mais-ce-que-les-cameras-allaient-montrer/"
"Icilome (FR)";"FR";"2026-09-21";"Togo- Port, OTR et SOTOPLA faciliteraient-ils le vol des voitures à Lomé ?";"https://icilome.com/2026/09/togo-port-otr-et-sotopla-faciliteraient-elles-le-vol-des-voitures-a-lome/"
"Icilome (FR)";"FR";"2026-09-21";"Togo- Enquêtes sur la pauvreté : les Togolais végètent dans la misère, le gouvernement s’intéresse aux chiffres";"https://icilome.com/2026/09/togo-enquetes-sur-la-pauvrete-les-togolais-vegetent-dans-la-misere-le-gouvernement-sinteresse-aux-chiffres/"
"Icilome (FR)";"FR";"2026-09-21";"Togo- Compte rendu du Conseil des ministres Lomé, 7 septembre 2026";"https://icilome.com/2026/09/togo-compte-rendu-du-conseil-des-ministres-lome-7-septembre-2026/"
"Icilome (FR)";"FR";"2026-09-21";"Le Togo intensifie la lutte contre les faux médicaments";"https://icilome.com/2026/09/le-togo-intensifie-la-lutte-contre-les-faux-medicaments/"
"Icilome (FR)";"FR";"2026-09-21";"Faure Gnassingbé à Londres pour accélérer le développement du nucléaire civil";"https://icilome.com/2026/09/faure-gnassingbe-a-londres-pour-accelerer-le-developpement-du-nucleaire-civil/"
"Icilome (FR)";"FR";"2026-09-21";"Nuisances sonores : le défi de faire respecter le calme";"https://icilome.com/2026/09/nuisances-sonores-le-defi-de-faire-respecter-le-calme/"
"Icilome (FR)";"FR";"2026-09-21";"Rapport 2026 Institut V-Dem sur l’état de la démocratie : Togo parmi les pays très actifs dans le recul";"https://icilome.com/2026/09/rapport-2026-institut-v-dem-sur-letat-de-la-democratie-togo-parmi-les-pays-tres-actifs-dans-le-recul/"
"Icilome (FR)";"FR";"2026-09-21";"CIIE 2026 : le CETEF lance un appel à candidature pour sélectionner les exposants togolais";"https://icilome.com/2026/09/ciie-2026-le-cetef-lance-un-appel-a-candidature-pour-selectionner-les-exposants-togolais/"
"Icilome (FR)";"FR";"2026-09-21";"Togo – L’arrêt de la CEDEAO vu par l’ancien ministre malien de la Justice Ismaïla Konaté";"https://icilome.com/2026/09/togo-larret-de-la-cedeao-vu-par-lancien-ministre-malien-de-la-justice-ismaila-konate/"
"Icilome (FR)";"FR";"2026-09-21";"Niger – Les institutions fonctionnent et le pays reste concentré sur sa stabilité malgré tout";"https://icilome.com/2026/09/niger-les-institutions-fonctionnent-et-le-pays-reste-concentre-sur-sa-stabilite-malgre-tout/"
"Icilome (FR)";"FR";"2026-09-21";"« Correct The Map » : l’Union africaine salue le leadership togolais à l’ONU";"https://icilome.com/2026/09/correct-the-map-lunion-africaine-salue-le-leadership-togolais-a-lonu/"
"Icilome (FR)";"FR";"2026-09-21";"Togo : Le tango juridique de maître Gil-Benoit Afangbédji et la déchéance de l’engagement citoyen";"https://icilome.com/2026/09/togo-le-tango-juridique-de-maitre-gil-benoit-afangbedji-et-la-decheance-de-lengagement-citoyen/"
"Icilome (FR)";"FR";"2026-09-21";"Togo- Golfe 1 installe son Cadre de Concertation sur les systèmes alimentaires territorialisés";"https://icilome.com/2026/09/togo-golfe-1-installe-son-cadre-de-concertation-sur-les-systemes-alimentaires-territorialises/"
"Icilome (FR)";"FR";"2026-09-21";"Togo – Madi Djabakate face aux critiques sur l’interprétation de l’arrêt de la CEDEAO";"https://icilome.com/2026/09/togo-madi-djabakate-face-aux-critiques-sur-linterpretation-de-larret-de-la-cedeao/"
"Togo First (FR)";"FR";"2026-09-21";"Togo : le gouvernement lance un appel d’offres pour 5200 équipements de comptage intelligent";"https://www.togofirst.com/fr/energies/2109-20121-togo-le-gouvernement-lance-un-appel-d-offres-pour-5200-equipements-de-comptage-intelligent"
"Togo First (FR)";"FR";"2026-09-21";"Eau potable : 305 forages livrés dans les Plateaux grâce à la coopération sino-togolaise";"https://www.togofirst.com/fr/social/2109-20120-eau-potable-305-forages-livres-dans-les-plateaux-grace-a-la-cooperation-sino-togolaise"
"Togo First (FR)";"FR";"2026-09-21";"Médias : le gouvernement rappelle l’obligation d’accès gratuit aux services audiovisuels publics";"https://www.togofirst.com/fr/culture/2109-20119-medias-le-gouvernement-rappelle-l-obligation-d-acces-gratuit-aux-services-audiovisuels-publics"
"Togo First (FR)";"FR";"2026-09-21";"Yedau OGOUNDELE, directrice générale d’AFINHAB, ex- CRRH-UEMOA";"https://www.togofirst.com/fr/trombinoscope/1909-20112-yedau-ogoundele-directrice-generale-d-afinhab-ex-crrh-uemoa"
"Togo First (FR)";"FR";"2026-09-21";"Ekpao ADJABO, Directeur Général du Trésor et de la Comptabilité Publique du Togo";"https://www.togofirst.com/fr/trombinoscope/1909-20111-ekpao-adjabo-directeur-general-du-tresor-et-de-la-comptabilite-publique-du-togo"
"Togo First (FR)";"FR";"2026-09-21";"Dr Isdine LAOUROU, Directeur général, UbiPharm Togo";"https://www.togofirst.com/fr/trombinoscope/1909-20110-dr-isdine-laourou-directeur-general-ubipharm-togo"
"Togo First (FR)";"FR";"2026-09-21";"Gregory COSTAMAGNA, Cofondateur, Gozem Super App";"https://www.togofirst.com/fr/trombinoscope/1909-20109-gregory-costamagna-cofondateur-gozem-super-app"
"Togo First (FR)";"FR";"2026-09-21";"« Nous voulons bâtir une marque laitière africaine à partir du wangash togolais », Assaba Akouétévi, promotrice de ROSHTA Wangash";"https://www.togofirst.com/fr/agro/1909-20108-nous-voulons-batir-une-marque-laitiere-africaine-a-partir-du-wangash-togolais-assaba-akouetevi-promotrice-de-roshta-wangash"
"Togo First (FR)";"FR";"2026-09-21";"Togo : la CCI-Togo lance la formation de femmes aux métiers du transport";"https://www.togofirst.com/fr/gouvernance-economique/1809-20107-togo-la-cci-togo-lance-la-formation-de-femmes-aux-metiers-du-transport"
"Togo First (FR)";"FR";"2026-09-21";"Togo : l’exécutif appelle les banques à renforcer leur soutien à l’agriculture et aux TPME";"https://www.togofirst.com/fr/gouvernance-economique/1809-20100-togo-l-executif-appelle-les-banques-a-renforcer-leur-soutien-a-l-agriculture-et-aux-tpme"
"Togo First (FR)";"FR";"2026-09-21";"21è Foire internationale de Lomé : l’Inde sera le pays invité d’honneur";"https://www.togofirst.com/fr/gouvernance-economique/1809-20097-21e-foire-internationale-de-lome-l-inde-sera-le-pays-invite-d-honneur"
"Togo First (FR)";"FR";"2026-09-21";"Togo : le budget vert passe de l’expérimentation à un cadre obligatoire";"https://www.togofirst.com/fr/finances-publiques/1809-20096-togo-le-budget-vert-passe-de-l-experimentation-a-un-cadre-obligatoire"
"Togo First (FR)";"FR";"2026-09-21";"ASKY et Ethiopian Airlines préparent un centre de maintenance d’avions de 100 millions $ à Lomé";"https://www.togofirst.com/fr/transport/1809-20095-asky-et-ethiopian-airlines-preparent-un-centre-de-maintenance-d-avions-de-100-millions-a-lome"
"Togo First (FR)";"FR";"2026-09-21";"Togo : plus de 3000 enseignants définitivement admis au concours de recrutement 2026";"https://www.togofirst.com/fr/education/1809-20094-togo-plus-de-3000-enseignants-definitivement-admis-au-concours-de-recrutement-2026"
"Togo First (FR)";"FR";"2026-09-21";"Appui aux entrepreneurs : l’ADTPME recrute à des postes de direction";"https://www.togofirst.com/fr/gouvernance-economique/1809-20093-appui-aux-entrepreneurs-l-adtpme-recrute-a-des-postes-de-direction"
"Togo First (FR)";"FR";"2026-09-21";"Au Togo, le secteur privé identifie ses besoins en recherche et innovation filière par filière";"https://www.togofirst.com/fr/gouvernance-economique/1809-20092-au-togo-le-secteur-prive-identifie-ses-besoins-en-recherche-et-innovation-filiere-par-filiere"
"Togo First (FR)";"FR";"2026-09-21";"Togo : le BIC prépare une plateforme pour faciliter le financement des PME";"https://www.togofirst.com/fr/gouvernance-economique/1709-20090-togo-le-bic-prepare-une-plateforme-pour-faciliter-le-financement-des-pme"
"Togo First (FR)";"FR";"2026-09-21";"Feuille de route 2026-2031 : l’exécutif recueille les dernières suggestions avant finalisation";"https://www.togofirst.com/fr/gestion-publique/1709-20086-feuille-de-route-2026-2031-l-executif-recueille-les-dernieres-suggestions-avant-finalisation"
"Togo First (FR)";"FR";"2026-09-21";"Salim Tebonou (HORI) : « J'ai dû démissionner moi-même de la structure que j'avais créée pour repartir de zéro »";"https://www.togofirst.com/fr/gouvernance-economique/0208-19767-salim-tebonou-hori-jai-du-demissionner-moi-meme-de-la-structure-que-javais-creee-pour-repartir-de-zero"
"Togo First (FR)";"FR";"2026-09-21";"FIL 2026 : 70 % de réduction sur les stands pour les femmes et jeunes entrepreneurs";"https://www.togofirst.com/fr/gouvernance-economique/2707-19692-fil-2026-70-de-reduction-sur-les-stands-pour-les-femmes-et-jeunes-entrepreneurs"
"Togo First (FR)";"FR";"2026-09-21";"Togo : plus de 8000 entreprises créées en six mois, un rebond après deux années de recul";"https://www.togofirst.com/fr/gouvernance-economique/0707-19479-togo-plus-de-8000-entreprises-creees-en-six-mois-un-rebond-apres-deux-annees-de-recul"
"Togo First (FR)";"FR";"2026-09-21";"Togo : à Di-Kéti, la certification s'impose comme un levier de croissance pour les TPME";"https://www.togofirst.com/fr/gouvernance-economique/0407-19449-togo-a-di-keti-la-certification-simpose-comme-un-levier-de-croissance-pour-les-tpme"
"Togo First (FR)";"FR";"2026-09-21";"Togo : un fonds de 655 millions FCFA pour financer l’installation des diplômés de l’IFAD-Aquaculture";"https://www.togofirst.com/en/gouvernance-economique/0406-19143-togo-un-fonds-de-655-millions-fcfa-pour-financer-l-installation-des-diplomes-de-l-ifad-aquaculture"
"Togo First (FR)";"FR";"2026-09-21";"Togo : après la hausse du prix du carburant, le gouvernement baisse les tarifs de péage";"https://www.togofirst.com/fr/transport/0207-19428-togo-apres-la-hausse-du-prix-du-carburant-le-gouvernement-baisse-les-tarifs-de-peage"
"Togo First (FR)";"FR";"2026-09-21";"Togo : les résultats des examens désormais accessibles gratuitement via le Web, WhatsApp et Telegram";"https://www.togofirst.com/fr/education/0806-19171-togo-les-resultats-des-examens-desormais-accessibles-gratuitement-via-le-web-whatsapp-et-telegram"
"Togo First (FR)";"FR";"2026-09-21";"Le Togolais Kodjo Akpatigbe prend la tête de Deloitte au Togo et au Bénin";"https://www.togofirst.com/fr/finance/0207-19423-le-togolais-kodjo-akpatigbe-prend-la-tete-de-deloitte-au-togo-et-au-benin"
"Togo First (FR)";"FR";"2026-09-21";"Gouvernance et financement du secteur routier : le Togo crée l’AGEROUTE et la SONAFIR";"https://www.togofirst.com/fr/transport/2906-19371-gouvernance-et-financement-du-secteur-routier-le-togo-cree-l-ageroute-et-la-sonafir"
"Togo First (FR)";"FR";"2026-09-21";"Lancement d’une mission d’élaboration des normes de certification pour les entreprises de BTP";"https://www.togofirst.com/"
"Togo First (FR)";"FR";"2026-09-21";"Logement : à Kpomé-Dalavé, Adedze annonce le passage du programme des 20 000 unités à sa phase opérationnelle";"https://www.togofirst.com/fr/gouvernance-economique/1206-19219-logement-a-kpome-dalave-adedze-annonce-le-passage-du-programme-des-20-000-unites-a-sa-phase-operationnelle"
"Togo First (FR)";"FR";"2026-09-21";"Togo : pour une fonction publique plus performante, le gouvernement entend mettre en place un plan national";"https://www.togofirst.com/"
"Togo First (FR)";"FR";"2026-09-21";"Restauration des terres : la FAO lance un appel à projets pour des subventions pouvant atteindre 50 000 $";"https://www.togofirst.com/fr/agro/1506-19233-restauration-des-terres-la-fao-lance-un-appel-a-projets-pour-des-subventions-pouvant-atteindre-50-000"
"Togo First (FR)";"FR";"2026-09-21";"Togo : la masse salariale atteint 181 milliards FCFA à fin juin 2026, soit 48,5% des prévisions annuelles";"https://www.togofirst.com/fr/finances-publiques/1609-20077-togo-la-masse-salariale-atteint-181-milliards-fcfa-a-fin-juin-2026-soit-48-5-des-previsions-annuelles"
"Togo First (FR)";"FR";"2026-09-21";"Togo : chercheurs et entreprises veulent mieux valoriser les résultats de la recherche";"https://www.togofirst.com/fr/gouvernance-economique/1609-20073-togo-chercheurs-et-entreprises-cherchent-a-mieux-valoriser-les-resultats-de-la-recherche"
"Togo First (FR)";"FR";"2026-09-21";"IPDCP : ""Derrière la protection des données à caractère personnel, il y a non seulement un enjeu de souveraineté numérique, mais aussi un enjeu de confiance""";"https://www.togofirst.com/fr/tic/1609-20072-ipdcp-derriere-la-protection-des-donnees-a-caractere-personnel-il-y-a-non-seulement-un-enjeu-de-souverainete-numerique-mais-aussi-un-enjeu-de-confiance"
"Togo First (FR)";"FR";"2026-09-21";"Agriculture : météo, prix, intrants, le SIHAM veut faciliter l’accès des producteurs à l’information";"https://www.togofirst.com/fr/agro/1609-20071-agriculture-meteo-prix-intrants-le-siham-veut-faciliter-l-acces-des-producteurs-a-l-information"
"Togo First (FR)";"FR";"2026-09-21";"Couverture sanitaire universelle : Lomé réunit 16 pays africains autour du diagnostic";"https://www.togofirst.com/fr/sante/1609-20070-couverture-sanitaire-universelle-lome-reunit-16-pays-africains-autour-du-diagnostic"
"Togo First (FR)";"FR";"2026-09-21";"Enseignement supérieur : Moscou veut renforcer sa coopération avec les universités togolaises";"https://www.togofirst.com/fr/formation/1509-20066-enseignement-superieur-moscou-veut-renforcer-sa-cooperation-avec-les-universites-togolaises"
"Togo First (FR)";"FR";"2026-09-21";"Togo : après les étudiants, la SOTRAL prépare l’extension du paiement digital des tickets";"https://www.togofirst.com/fr/transport/1509-20065-togo-apres-les-etudiants-la-sotral-prepare-l-extension-du-paiement-digital-des-tickets"
"Togo First (FR)";"FR";"2026-09-21";"Le Togo et ses voisins organisent le retour volontaire des réfugiés burkinabè";"https://www.togofirst.com/fr/social/1509-20062-le-togo-et-ses-voisins-organisent-le-retour-volontaire-des-refugies-burkinabe"
"Togo First (FR)";"FR";"2026-09-21";"Togo : à Togodo, les investissements du WACA ouvrent la voie à l’écotourisme";"https://www.togofirst.com/fr/agro/1509-20060-togo-a-togodo-les-investissements-du-waca-ouvrent-la-voie-a-l-ecotourisme"
"Togo First (FR)";"FR";"2026-09-21";"Au Togo, l’Université de Datcha ouvre ses premières formations et lance le recrutement des étudiants";"https://www.togofirst.com/fr/formation/1509-20059-au-togo-l-universite-de-datcha-ouvre-ses-premieres-formations-et-lance-le-recrutement-des-etudiantsau-togo-l-universite-de-datcha-situee-a-environ-130-km-au-nord-de-lome-franchit-une-nouvelle-etape-avant-l-ouverture-de-"
"Togo First (FR)";"FR";"2026-09-21";"Mobilité électrique : Spiro s’allie au chinois Yadea pour accélérer son expansion";"https://www.togofirst.com/fr/transport/1509-20058-mobilite-electrique-spiro-s-allie-au-chinois-yadea-pour-accelerer-son-expansion"
"Togo First (FR)";"FR";"2026-09-21";"Exportations agricoles : au Togo, le cacao dope les recettes avant le retournement de 2026";"https://www.togofirst.com/fr/agro/1409-20055-exportations-agricoles-au-togo-le-cacao-dope-les-recettes-avant-le-retournement-de-2026"
"Togo First (FR)";"FR";"2026-09-21";"Togo : 2,9 millions d’élèves retrouvent les classes, avec de nouvelles réformes";"https://www.togofirst.com/fr/education/1409-20053-togo-2-9-millions-d-eleves-retrouvent-les-classes-avec-de-nouvelles-reformes"
"Togo First (FR)";"FR";"2026-09-21";"Téléradiologie : la startup togolaise Clinicaa présente X-rayVision";"https://www.togofirst.com/fr/sante/1409-20051-teleradiologie-la-startup-togolaise-clinicaa-presente-x-rayvision"
"Togo First (FR)";"FR";"2026-09-21";"AMU : de nouveaux bureaux de proximité installés dans le Grand Lomé";"https://www.togofirst.com/fr/social/1409-20048-amu-de-nouveaux-bureaux-de-proximite-installes-dans-le-grand-lome"
"Togo First (FR)";"FR";"2026-09-21";"Le Togolais Palokinam Pitché prend la tête de l’Organisation ouest-africaine de la santé";"https://www.togofirst.com/fr/sante/1409-20046-le-togolais-palokinam-pitche-prend-la-tete-de-l-organisation-ouest-africaine-de-la-sante"
"Togo First (FR)";"FR";"2026-09-21";"Togo : les entreprises se préparent au passage à la facture électronique certifiée";"https://www.togofirst.com/fr/gouvernance-economique/1409-20045-togo-les-entreprises-se-preparent-au-passage-a-la-facture-electronique-certifiee"
"Togo First (FR)";"FR";"2026-09-21";"Togo-Égypte : une nouvelle ambassadrice pour accélérer les relations économiques entre Lomé et Le Caire";"https://www.togofirst.com/fr/politique/1409-20044-togo-egypte-une-nouvelle-ambassadrice-pour-accelerer-les-relations-economiques-entre-lome-et-le-caire"
"Togo First (FR)";"FR";"2026-09-21";"« Le temps de l’improvisation administrative est définitivement révolu », Yawo Agbessi Tsogbe, président du GNEBTP";"https://www.togofirst.com/fr/btp/1209-20039-le-temps-de-l-improvisation-administrative-est-definitivement-revolu-yawo-agbessi-tsogbe-president-du-gnebtp"
"Togo First (FR)";"FR";"2026-09-21";"À l’Université de Lomé, l’apprentissage des langues étrangères s’élargit dès la rentrée 2026-2027";"https://www.togofirst.com/fr/education/1109-20035-a-l-universite-de-lome-l-apprentissage-des-langues-etrangeres-s-elargit-des-la-rentree-2026-2027"
"Togo First (FR)";"FR";"2026-09-21";"Togo : les recettes fiscales atteignent 507 milliards FCFA à fin juin 2026 en hausse de 14,3%";"https://www.togofirst.com/fr/finances-publiques/1109-20032-togo-les-recettes-fiscales-atteignent-507-milliards-fcfa-a-fin-juin-2026-en-hausse-de-14-3"
"Togo First (FR)";"FR";"2026-09-21";"Le Togo renforce la surveillance de sa sécurité aéroportuaire avec l’appui de l’OACI";"https://www.togofirst.com/fr/transport/1109-20029-le-togo-renforce-la-surveillance-de-sa-securite-aeroportuaire-avec-l-appui-de-l-oaci"
"Togo First (FR)";"FR";"2026-09-21";"Propriété industrielle : l’INPIT appelle les entreprises à protéger leurs actifs immatériels";"https://www.togofirst.com/fr/gouvernance-economique/1109-20028-propriete-industrielle-l-inpit-appelle-les-entreprises-a-proteger-leurs-actifs-immateriels"
"Togo First (FR)";"FR";"2026-09-21";"UEMOA : la BCEAO maintient son taux directeur à 3% malgré la remontée des prix";"https://www.togofirst.com/fr/gouvernance-economique/1109-20027-uemoa-la-bceao-maintient-son-taux-directeur-a-3-malgre-la-remontee-des-prix"
"Togo First (FR)";"FR";"2026-09-21";"Togo : nouvelle hausse des prix à la pompe, le super-sans plomb passe à 817 FCFA";"https://www.togofirst.com/fr/energies/1109-20025-togo-nouvelle-hausse-des-prix-a-la-pompe-le-super-sans-plomb-passe-a-817-fcfa"
"Togo First (FR)";"FR";"2026-09-21";"Badanam Patoki : « Les PPP sont un gage de bonne gouvernance et une garantie pour les investisseurs »";"https://www.togofirst.com/fr/gouvernance-economique/1009-20023-badanam-patoki-les-ppp-sont-un-gage-de-bonne-gouvernance-et-une-garantie-pour-les-investisseurs"
"L'Alternative (TG)";"FR";"2026-09-21";"Accueil";"https://lalternative.info/"
"L'Alternative (TG)";"FR";"2026-09-21";"A propos";"https://lalternative.info/about-us/"
"L'Alternative (TG)";"FR";"2026-09-21";"Abonnement";"https://lalternative.info/abonnez-vous-a-votre-journal/"
"L'Alternative (TG)";"FR";"2026-09-21";"Togo- Primature, ministère des Enseignements, brigade pour mineurs, CNDH passifs sur...";"https://lalternative.info/2024/09/14/togo-primature-ministere-des-enseignements-brigade-pour-mineurs-cndh-passifs-sur-le-viol-sur-une-petite-fille-a-lecole-la-madone/"
"L'Alternative (TG)";"FR";"2026-09-21";"Togo- Kao Baobadi, l’architecte de l’immeuble défectueux de la LONATO, ses...";"https://lalternative.info/2024/05/15/togo-kao-baobadi-larchitecte-de-limmeuble-defectueux-de-la-lonato-ses-deux-appartements-a-dubai/"
"L'Alternative (TG)";"FR";"2026-09-21";"Un appartement d’Yvonne Bawizibadi Gnassingbé à Dubaï au cœur d’une lutte...";"https://lalternative.info/2024/05/17/un-appartement-dyvonne-bawizibadi-gnassingbe-a-dubai-au-coeur-dune-lutte-de-succession/"
"L'Alternative (TG)";"FR";"2026-09-21";"Togo- Vague d’arrestations en cours au sein des FAT";"https://lalternative.info/2024/07/16/togo-vague-darrestations-en-cours-au-sein-des-fat/"
"L'Alternative (TG)";"FR";"2026-09-21";"Togo- Vote de moins de 50 députés, procurations fabriquées au nom...";"https://lalternative.info/2024/03/31/togo-vote-de-moins-de-50-deputes-procurations-fabriquees-au-nom-des-absents-voici-comment-le-coup-detat-constitutionnel-sest-passe-lundi/"
"L'Alternative (TG)";"FR";"2026-09-21";"Togo-La CEET installe un groupe de 14 millions chez la ministre...";"https://lalternative.info/2024/03/15/togo-la-ceet-installe-un-groupe-de-14-millions-chez-la-ministre-de-lenergie-et-des-mines/"
"L'Alternative (TG)";"FR";"2026-09-21";"Togo- Football : Qui est Nibombé Daré, le nouveau sélectionneur des Eperviers ?";"https://lalternative.info/2024/07/15/togo-football-qui-est-nibombe-dare-le-nouveau-selectionneur-des-eperviers/"
"L'Alternative (TG)";"FR";"2026-09-21";"Togo- Justice : Mandat d’arrêt international contre le Cdt Olivier Amah...";"https://lalternative.info/2024/08/07/togo-justice-mandat-darret-international-contre-le-cdt-olivier-amah-et-le-journaliste-ferdinand-ayite/"
"L'Alternative (TG)";"FR";"2026-09-21";"Togo- CEET: Voici les 3 étapes pour mettre à jour son...";"https://lalternative.info/2024/06/27/togo-ceet-voici-les-3-etapes-pour-mettre-a-jour-son-compteur-cash-power/"
"L'Alternative (TG)";"FR";"2026-09-21";"Togo- Arrestations à Kara : incertitude sur le sort du capitaine...";"https://lalternative.info/2024/07/23/togo-arrestations-a-kara-incertitude-sur-le-sort-du-capitaine-dare-kondi-photo/"
"L'Alternative (TG)";"FR";"2026-09-21";"Togo- Kpendjal : Inhumation sans hommage des militaires tombés au front";"https://lalternative.info/2024/07/29/togo-kpendjal-inhumation-sans-hommage-des-militaires-tombes-au-front/"
"L'Alternative (TG)";"FR";"2026-09-21";"NOUS SOUTENIR";"/donate"
"L'Alternative (TG)";"FR";"2026-09-21";"À propos";"https://lalternative.info/about-us/"
"L'Alternative (TG)";"FR";"2026-09-21";"Faire un don";"https://lalternative.info/donate/"
"L'Alternative (TG)";"FR";"2026-09-21";"Abonnez-vous à votre journal";"https://lalternative.info/abonnez-vous-a-votre-journal/"
"L'Alternative (TG)";"FR";"2026-09-21";"Journal L'alternative";"https://lalternative.info/author/lalternative24/"
"L'Alternative (TG)";"FR";"2026-09-21";"Togo- Journaliste kidnappé, torturé puis jeté dans la brousse… à qui profite le crime ?";"https://lalternative.info/2026/09/09/togo-journaliste-kidnappe-torture-puis-jete-dans-la-brousse-a-qui-profite-le-crime/"
"L'Alternative (TG)";"FR";"2026-09-21";"Diplomatie : deux français arrêtés au Togo, Faure Gnassingbé veut l’extradition de Ferdinand AYITE contre leur libération";"https://lalternative.info/2026/08/18/diplomatie-deux-francais-arretes-au-togo-faure-gnassingbe-veut-lextradition-de-ferdinand-ayite-contre-leur-liberation/"
"L'Alternative (TG)";"FR";"2026-09-21";"Mahama décide de consulter le peuple pour la révision constitutionnelle";"https://lalternative.info/2026/08/16/mahama-decide-de-consulter-le-peuple-pour-la-revision-constitutionnelle/"
"L'Alternative (TG)";"FR";"2026-09-21";"Togo- Tribune : La Cour de justice de la CEDEAO face à un pouvoir qui s’entête à ne jamais avoir tort";"https://lalternative.info/2026/08/10/togo-tribune-la-cour-de-justice-de-la-cedeao-face-a-un-pouvoir-qui-sentete-a-ne-jamais-avoir-tort/"
"L'Alternative (TG)";"FR";"2026-09-21";"La révision constitutionnelle ravive les tensions politiques";"https://lalternative.info/2026/08/08/la-revision-constitutionnelle-ravive-les-tensions-politiques/"
"L'Alternative (TG)";"FR";"2026-09-21";"Togo-Tribune : Moscou tisse sa toile à Lomé";"https://lalternative.info/2026/07/30/togo-tribune-moscou-tisse-sa-toile-a-lome/"
"L'Alternative (TG)";"FR";"2026-09-21";"Des douaniers en détention pour trafic de drogue";"https://lalternative.info/2026/09/20/des-douaniers-en-detention-pour-trafic-de-drogue/"
"L'Alternative (TG)";"FR";"2026-09-21";"Togo- Tribune : « On ne soigne pas à la tête du client »";"https://lalternative.info/2026/09/12/togo-tribune-on-ne-soigne-pas-a-la-tete-du-client/"
"L'Alternative (TG)";"FR";"2026-09-21";"Togo- Tribune : Nous voulons savoir ce que vous reprochez à Fred Vedomey";"https://lalternative.info/2026/08/28/togo-tribune-nous-voulons-savoir-ce-que-vous-reprochez-a-fred-vedomey/"
"L'Alternative (TG)";"FR";"2026-09-21";"TRIBUNE- Coupe du monde 2026 : Pourquoi les sélections africaines s’effondrent en fin de match";"https://lalternative.info/2026/07/05/tribune-coupe-du-monde-2026-pourquoi-les-selections-africaines-seffondrent-en-fin-de-match/"
"L'Alternative (TG)";"FR";"2026-09-21";"Togo- Les dirigeants africains en chantiers, Faure Gnassingbé fête la correction du « Map »";"https://lalternative.info/2026/09/13/togo-quand-les-dirigeants-africains-sont-sur-les-chantiers-faure-gnassingbe-fete-la-correction-du-map/"
"L'Alternative (TG)";"FR";"2026-09-21";"Togo- Une augmentation de 137 F CFA sur le litre du super sans plomb en 3 mois";"https://lalternative.info/2026/09/11/togo-une-augmentation-de-137-f-cfa-sur-le-litre-du-super-sans-plomb-en-3-mois/"
"L'Alternative (TG)";"FR";"2026-09-21";"« Le peuple ne mange pas les notations » : Oligui Nguema dans le concret, Faure Gnassingbé dans les chiffres fabriqués";"https://lalternative.info/2026/09/10/le-peuple-ne-mange-pas-les-notations-oligui-nguema-dans-le-concret-faure-gnassingbe-dans-les-chiffres-fabriques/"
"L'Alternative (TG)";"FR";"2026-09-21";"Togo- Enquêtes sur la pauvreté : les Togolais végètent dans la misère, le gouvernement s’intéresse aux chiffres";"https://lalternative.info/2026/09/08/togo-enquetes-sur-la-pauvrete-les-togolais-vegetent-dans-la-misere-le-gouvernement-sinteresse-aux-chiffres/"
"L'Alternative (TG)";"FR";"2026-09-21";"Togo- Hausse des prix du carburant : Deux Togolais s’affrontent, le virtuel et le réel";"https://lalternative.info/2026/09/16/togo-hausse-des-prix-du-carburant-deux-togolais-saffrontent-le-virtuel-et-le-reel/"
"L'Alternative (TG)";"FR";"2026-09-21";"Togo- OTR : Éric Amouzou Folly le mari d’une des inspectrices, arrêté";"https://lalternative.info/2026/09/07/togo-otr-eric-amouzou-folly-le-mari-dune-des-inspectrices-arrete/"
"L'Alternative (TG)";"FR";"2026-09-21";"Togo- Encore un scandale à l’OTR : des cadres de la DGI en garde à vue à la DCPJ";"https://lalternative.info/2026/09/06/togo-encore-un-scandale-a-lotr-des-cadres-de-la-dgi-en-garde-a-vue-a-la-dcpj/"
"L'Alternative (TG)";"FR";"2026-09-21";"Offre d’emploi/L’ALTERNATIVE";"https://lalternative.info/2024/03/07/offre-demploi-lalternative/"
"L'Alternative (TG)";"FR";"2026-09-21";"Togo- Des partis politiques et OSC apportent leur soutien à Ferdinand Ayité et autres activistes en danger";"https://lalternative.info/2026/09/03/togo-des-partis-politiques-et-osc-apportent-leur-soutien-a-ferdinand-ayite-et-autres-activistes-en-danger/"
"L'Alternative (TG)";"FR";"2026-09-21";"Isidore kouwonou";"https://lalternative.info/author/ksisdore/"
"L'Alternative (TG)";"FR";"2026-09-21";"L'Alternative";"https://lalternative.info/author/equipeedito/"
"L'Alternative (TG)";"FR";"2026-09-21";"La CCJA condamne définitivement l’UTB à verser plus de 2,5 milliards de FCFA à TMI";"https://lalternative.info/2026/07/22/la-ccja-condamne-definitivement-lutb-a-verser-plus-de-25-milliards-de-fcfa-a-tmi/"
"L'Alternative (TG)";"FR";"2026-09-21";"Togo- Scandale à l’OTR : Donko Bileyo et Klouvi Dedegan inculpées par le doyen des juges";"https://lalternative.info/2026/05/17/togo-scandale-a-lotr-donko-bileyo-et-klouvi-dedegan-inculpees-par-le-doyen-des-juges/"
"L'Alternative (TG)";"FR";"2026-09-21";"Togo- OTR : Donko Bileyo virée, plainte contre Ferdinand Ayité retirée";"https://lalternative.info/2026/04/19/togo-otr-donko-bileyo-viree-plainte-contre-ferdinand-ayite-retiree/"
"L'Alternative (TG)";"FR";"2026-09-21";"Togo- OTR : le CENTIF saisit le procureur, le doyen des juges d’instruction ouvre une enquête, un autre compte de 530 millions découverts à NSIA";"https://lalternative.info/2026/04/05/togo-otr-le-centif-saisit-le-procureur-le-doyen-des-juges-dinstruction-ouvre-une-enquete-un-autre-compte-de-530-millions-decouverts-a-nsia/"
"L'Alternative (TG)";"FR";"2026-09-21";"John Mahama offre des billets de la Coupe du monde à la diaspora ghanéenne";"https://lalternative.info/2026/06/01/john-mahama-offre-des-billets-de-la-coupe-du-monde-a-la-diaspora-ghaneenne/"
"L'Alternative (TG)";"FR";"2026-09-21";"View all posts";"https://lalternative.info/author/lalternative24/"
"L'Alternative (TG)";"FR";"2026-09-21";"Facebook";"https://www.facebook.com/sharer/sharer.php?u=https://lalternative.info/"
"L'Alternative (TG)";"FR";"2026-09-21";"Twitter";"https://twitter.com/intent/tweet?text=Check%20out%20this%20article:%20Accueil%20-%20https://lalternative.info/"
"L'Alternative (TG)";"FR";"2026-09-21";"Pinterest";"https://www.pinterest.com/pin/create/button/?url=https%3A%2F%2Flalternative.info%2F&description=Accueil"
"L'Alternative (TG)";"FR";"2026-09-21";"Whatsapp";"https://api.whatsapp.com/send?text=Accueil %0A%0A https%3A%2F%2Flalternative.info%2F"
"L'Alternative (TG)";"FR";"2026-09-21";"Telegram";"https://telegram.me/share/url?url=https%3A%2F%2Flalternative.info%2F&text=Accueil"
"L'Alternative (TG)";"FR";"2026-09-21";"Email";"mailto:?subject=Accueil&BODY=https://lalternative.info/"
"L'Alternative (TG)";"FR";"2026-09-21";"À propos";"/about-us"
"L'Alternative (TG)";"FR";"2026-09-21";"Politique de confidentialité";"/privacy-policy"
"L'Alternative (TG)";"FR";"2026-09-21";"Conditions d'utilisation";"/conditions-dutilisation"
"L'Alternative (TG)";"FR";"2026-09-21";"Règlementation européenne";"https://lalternative.info/reglementation-europeenneeu/"
"L'Alternative (TG)";"FR";"2026-09-21";"Facebook";"https://www.facebook.com/profile.php?id=61556605160366"
"L'Alternative (TG)";"FR";"2026-09-21";"Twitter";"https://twitter.com/lalternative_of"
"L'Alternative (TG)";"FR";"2026-09-21";"Instagram";"https://www.instagram.com/lalternative_of/"
"L'Alternative (TG)";"FR";"2026-09-21";"Youtube";"https://www.youtube.com/channel/UCk6JMYUcGDarZYNb-mPPLPA"
"L'Alternative (TG)";"FR";"2026-09-21";"Gérer les options";"#"
"L'Alternative (TG)";"FR";"2026-09-21";"Gérer les services";"#"
"L'Alternative (TG)";"FR";"2026-09-21";"Gérer {vendor_count} fournisseurs";"#"
"L'Alternative (TG)";"FR";"2026-09-21";"En savoir plus sur ces finalités";"https://cookiedatabase.org/tcf/purposes/"
"L'Alternative (TG)";"FR";"2026-09-21";"Voir les préférences";"#"
"L'Alternative (TG)";"FR";"2026-09-21";"{title}";"#"
"L'Alternative (TG)";"FR";"2026-09-21";"Queue";"#"
"L'Alternative (TG)";"FR";"2026-09-21";"Flash plugin";"http://get.adobe.com/flashplayer/"
"Laabali (TG)";"FR";"2026-09-21";"Africa-Newsroom";"https://laabali.com/africa-newsroom/"
"Laabali (TG)";"FR";"2026-09-21";"...";"#"
"Laabali (TG)";"FR";"2026-09-21";"Inspection de Tone 2: Les populations apportent leurs contributions";"https://laabali.com/post/15567/inspection-de-tone-2-les-populations-apportent-leurs-contributions/ "
"Laabali (TG)";"FR";"2026-09-21";"« Mais aujourd'hui, est-ce que nous sommes à la fin du terrorisme ? Personne ne saurait dire oui, parce que c'est une guerre asymétrique », Lorimpo Tchabli, Président du Mouvement en Marche";"https://laabali.com/post/15563/mais-aujourdhui-est-ce-que-nous-sommes-a-la-fin-du-terrorisme-personne-ne-saurait-dire-oui-parce-que-cest-une-guerre-asymetrique-lorimpo-tchabli-president-du-mouvement-en/ "
"Laabali (TG)";"FR";"2026-09-21";"Harmonisations terminologiques dans les langues Moba et Gulmancema : Pr Kantchoa Laré mobilise les personnes ressources";"https://laabali.com/post/15556/harmonisations-terminologiques-dans-les-langues-moba-et-gulmancema-pr-kantchoa-lare-mobilise-les-personnes-ressources/ "
"Laabali (TG)";"FR";"2026-09-21";"La Fédération nationale des maisons familiales de formation rurale du Togo lance un appel à projet de Construction de 50 poulaillers traditionnels améliorés au profit des bénéficiaires de l’IFAD Elevage Barkoissi et 30 poulaillers améliorés au profit des bénéficiaires de la FMFRT";"https://laabali.com/post/15553/la-federation-nationale-des-maisons-familiales-de-formation-rurale-du-togo-lance-un-appel-a-projet-de-construction-de-50-poulaillers-traditionnels-ameliores-au-profit-des-beneficiaires-de-lif/ "
"Laabali (TG)";"FR";"2026-09-21";"La Fédération nationale des maisons familiales de formation rurale du Togo lance un appel à projet de Construction de 50 poulaillers traditionnels améliorés au profit des bénéficiaires de l’IFAD Elevage Barkoissi et 30 poulaillers améliorés au profit des bénéficiaires de la FMFRT";"https://laabali.com/?p=15553"
"Laabali (TG)";"FR";"2026-09-21";"Enfants en situation de handicap: Aphmoto soutient en kits scolaires à Dapaong";"https://laabali.com/?p=15515"
"Laabali (TG)";"FR";"2026-09-21";"Ponio : 30 femmes formées aux activités génératrices de revenus";"https://laabali.com/?p=15505"
"Laabali (TG)";"FR";"2026-09-21";"Accès à l’eau potable : Lancement d’un projet d’adduction d’eau et d’assainissement à Tidjoate-Lambounte";"https://laabali.com/?p=15461"
"Laabali (TG)";"FR";"2026-09-21";"Violences basées sur le genre : AFE sensibilise les communautés à Cinkassé";"https://laabali.com/?p=15384"
"Laabali (TG)";"FR";"2026-09-21";"INADES-Formation : 4 sites maraichers/champs écoles remis aux Scoops dans les savanes";"https://laabali.com/?p=15139"
"Laabali (TG)";"FR";"2026-09-21";"JII 2026 : Dans les Savanes, les infirmiers célébrés pour leur résilience";"https://laabali.com/?p=15103"
"Laabali (TG)";"FR";"2026-09-21";"Dapaong : A2FHV-S sensibilise des acteurs du bâtiment à l’accessibilité des infrastructures publiques";"https://laabali.com/?p=15076"
"Laabali (TG)";"FR";"2026-09-21";"Nadjoundi: ""Les droits de femmes ne donnent pas droit aux femmes de frapper leurs maris""";"https://laabali.com/?p=14881"
"Laabali (TG)";"FR";"2026-09-21";"Yark Damehamme: L’insubmersible général qui murmure aux oreilles de Faure Gnassimgbé";"https://laabali.com/?p=14271"
"Laabali (TG)";"FR";"2026-09-21";"Dapaong : les défis de l’assainissement toujours présents !";"https://laabali.com/?p=13413"
"Laabali (TG)";"FR";"2026-09-21";"Accès à l’eau potable : L’ONG MECAP cultive l’espoir pour la fin de la soif dans les Savanes";"https://laabali.com/?p=13297"
"Laabali (TG)";"FR";"2026-09-21";"Sanloaga (Togo): «Ils enlèvent nos jeunes garçons pour en faire des combattants» 15052 vues";"
                                        https://laabali.com/post/6306/sanloaga-togo-ils-enlevent-nous-jeunes-garcons-pour-en-faire-des-combattants/                                        
                                        "
"Laabali (TG)";"FR";"2026-09-21";"Dapaong: Ouverture du 1e Forum des producteurs agricoles (FOPAT) 13851 vues";"
                                        https://laabali.com/post/6477/dapaong-ouverture-du-1e-forum-des-producteurs-agricoles-fopat/                                        
                                        "
"Laabali (TG)";"FR";"2026-09-21";"TGI/Dapaong: Le départ du président et son équipe fait des mécontents 12869 vues";"
                                        https://laabali.com/post/192/tgi-dapaong-le-depart-du-president-et-son-equipe-fait-des-mecontents/                                        
                                        "
"Laabali (TG)";"FR";"2026-09-21";"Savanes: Les FAT repoussent une attaque, deux assaillants neutralisés 7379 vues";"
                                        https://laabali.com/post/5663/savanes-les-fat-repoussent-une-attaque-deux-assaillants-neutralises/                                        
                                        "
"Laabali (TG)";"FR";"2026-09-21";"Contre le terrorisme: Le Togo fait appel à ses anciens soldats 4298 vues";"
                                        https://laabali.com/post/6743/contre-le-terrorisme-le-togo-fait-appel-a-ses-anciens-soldats/                                        
                                        "
"Laabali (TG)";"FR";"2026-09-21";"Le Maire Monoka Laré et la commune de Tandjouaré 1";"https://laabali.com/post/12171/monoka-lare/"
"Laabali (TG)";"FR";"2026-09-21";"par Edouard Samboe";"#"
"Laabali (TG)";"FR";"2026-09-21";"Suka ou l'art divinatoire: Foi ou culture moba ?";"https://laabali.com/post/12078/suka-ou-lart-divinatoire-foi-ou-culture-moba/"
"Laabali (TG)";"FR";"2026-09-21";"Togo/Education: Diagnostic d'un secteur en panne de repères";"https://laabali.com/post/6749/togo-education-diagnostic-dun-secteur-en-pannes-de-reperes/"
"Laabali (TG)";"FR";"2026-09-21";"Contre le terrorisme: Le Togo fait appel à ses anciens soldats";"https://laabali.com/post/6743/contre-le-terrorisme-le-togo-fait-appel-a-ses-anciens-soldats/"
"Laabali (TG)";"FR";"2026-09-21";"«Le pouvoir doit faire en sorte qu'il y ait moins de frustrations sur les plans politiques et économiques», Pr David Dosseh, OSC";"https://laabali.com/post/6688/le-pouvoir-doit-faire-en-sorte-quil-y-ait-moins-de-frustrations-sur-les-plans-politiques-et-economiques-pr-david-dosseh-osc/"
"Laabali (TG)";"FR";"2026-09-21";"FOPAT: A Dapaong , les producteurs veulent des usines de transformations de tomates";"https://laabali.com/post/6533/fopat-a-dapaong-les-producteurs-veulent-des-usines-de-transformations-de-tomates/"
"Laabali (TG)";"FR";"2026-09-21";"Dapaong: Ouverture du 1e Forum des producteurs agricoles (FOPAT)";"https://laabali.com/post/6477/dapaong-ouverture-du-1e-forum-des-producteurs-agricoles-fopat/"
"Laabali (TG)";"FR";"2026-09-21";"Frontière Burkina-Togo: Le durcissement des mesures sécuritaires impacte Kompienga";"https://laabali.com/post/6464/frontiere-burkina-togo-le-durcissement-des-mesures-securitaires-impacte-kompienga/"
"Laabali (TG)";"FR";"2026-09-21";"Sanloaga (Togo): «Ils enlèvent nos jeunes garçons pour en faire des combattants» 15052 vues";" https://laabali.com/post/6306/sanloaga-togo-ils-enlevent-nous-jeunes-garcons-pour-en-faire-des-combattants/ "
"Laabali (TG)";"FR";"2026-09-21";"Dapaong: Ouverture du 1e Forum des producteurs agricoles (FOPAT) 13851 vues";" https://laabali.com/post/6477/dapaong-ouverture-du-1e-forum-des-producteurs-agricoles-fopat/ "
"Laabali (TG)";"FR";"2026-09-21";"TGI/Dapaong: Le départ du président et son équipe fait des mécontents 12869 vues";" https://laabali.com/post/192/tgi-dapaong-le-depart-du-president-et-son-equipe-fait-des-mecontents/ "
"Laabali (TG)";"FR";"2026-09-21";"CrEaT";""
"Fraternité Matin (CI)";"FR";"2026-09-21";"Incendie du marché de Bondoukou: L’État débloque 32,5 millions Fcfa pour soutenir 779 commerçants sinistrés";"https://www.fratmat.info/article/2644664/societe/incendie-du-marche-de-bondoukou-letat-debloque-325-millions-fcfa-pour-soutenir-779-commercants-sinistres"
"Fraternité Matin (CI)";"FR";"2026-09-21";"Sport universitaire : la Côte d’Ivoire célèbre une décennie d’engagement et vise plus haut";"https://www.fratmat.info/article/2644663/sports/sport-universitaire-la-cote-divoire-celebre-une-decennie-dengagement-et-vise-plus-haut"
"Fraternité Matin (CI)";"FR";"2026-09-21";"Décès d'Abdoulaye Koné : la Côte d’Ivoire perd un serviteur de l’État, l’économie ivoirienne une mémoire";"https://www.fratmat.info/article/2644662/societe/deces-dabdoulaye-kone-la-cote-divoire-perd-un-serviteur-de-letat-leconomie-ivoirienne-une-memoire"
"Fraternité Matin (CI)";"FR";"2026-09-21";"Boundiali : le budget communal passe de 350 millions à plus de 2,1 milliards de FCFA";"https://www.fratmat.info/article/2644655/regions/boundiali-le-budget-communal-passe-de-350-millions-a-plus-de-21-milliards-de-fcfa"
"Fraternité Matin (CI)";"FR";"2026-09-21";"Incendies dans les marchés : l’État apporte 12,5 millions FCFA aux commerçants sinistrés de Man et Songon";"https://www.fratmat.info/article/2644654/societe/incendies-dans-les-marches-letat-apporte-125-millions-fcfa-aux-commercants-sinistres-de-man-et-songon"
"Le Faso (BF)";"FR";"2026-09-21";"Contact";"https://lefaso.net/spip.php?article64819"
"Le Faso (BF)";"FR";"2026-09-21";"Contactez-nous";"https://lefaso.net/spip.php?article64819"
"Le Faso (BF)";"FR";"2026-09-21";"SITHO 2026 : « Il y a un potentiel énorme à présenter aux investisseurs », affirme le directeur général de Faso Tourisme";"https://lefaso.netspip.php?article149351"
"Le Faso (BF)";"FR";"2026-09-21";"Le Faso Digital 2026 : Déjà 95 candidatures et des institutions s’engagent à récompenser les meilleures innovations";"https://lefaso.netspip.php?article149365"
"Le Faso (BF)";"FR";"2026-09-21";"Sénégal : Sadio Mané lance un projet agro-industriel de 11,7 milliards de francs CFA destiné à valoriser la filière mangue";"https://lefaso.net/spip.php?article149366"
"Le Faso (BF)";"FR";"2026-09-21";"Dette du Sénégal : John McIntire appelle à une restructuration profonde";"https://lefaso.net/spip.php?article149367"
"Le Faso (BF)";"FR";"2026-09-21";"Burkina Faso : La Gendarmerie nationale annonce l’interpellation de Pierre Zida après l’avis de recherche lancé";"https://lefaso.net/spip.php?article149362"
"Le Faso (BF)";"FR";"2026-09-21";"Burkina/Guerre contre le terrorisme : Le général Célestin Simporé détaille les mutations de l’armée et croit en une fin prochaine";"https://lefaso.net/spip.php?article149363"
"Le Faso (BF)";"FR";"2026-09-21";"Espace AES : Les régulateurs des médias créent une plateforme pour renforcer la souveraineté informationnelle";"https://lefaso.net/spip.php?article149342"
"Le Faso (BF)";"FR";"2026-09-21";"Lutte contre le terrorisle au Mali : L’Armée annonce la destruction de plusieurs positions de groupes armés";"https://lefaso.net/spip.php?article149345"
"Le Faso (BF)";"FR";"2026-09-21";"Paix et cohésion sociale au Burkina Faso : L’organisation “GRET” partage ses travaux avec le ministère de la Famille";"https://lefaso.net/spip.php?article149341"
"Le Faso (BF)";"FR";"2026-09-21";"Burkina Faso/ Enseignement militaire supérieur : Le Premier ministre, Rimtalba Jean Emmanuel Ouédraogo ouvre officiellement l’École de guerre";"https://lefaso.net/spip.php?article149320"
"Le Faso (BF)";"FR";"2026-09-21";"Affaire Lionel Bilgo : Le blanchiment de capitaux conduit le TGI de Bobo-Dioulasso à se dessaisir au profit du pôle ECOFI";"https://lefaso.net/spip.php?article149318"
"Le Faso (BF)";"FR";"2026-09-21";"Les 100 Visages du Burkina Digital : Clémence Tuina, quand le journalisme apprend à travailler avec l’intelligence artificielle";"https://lefaso.netspip.php?article149361"
"Le Faso (BF)";"FR";"2026-09-21";"Bobo-Dioulasso : La Semaine de l’hôtelier s’achève sur une note d’excellence";"https://lefaso.netspip.php?article149358"
"Le Faso (BF)";"FR";"2026-09-21";"Comment le Burkina finance sa lutte contre le terrorisme";"https://lefaso.netspip.php?article149346"
"Le Faso (BF)";"FR";"2026-09-21";"SAMAO 2026 : Quatre recommandations stratégiques pour un secteur extractif souverain";"https://lefaso.netspip.php?article149343"
"Le Faso (BF)";"FR";"2026-09-21";"Volontariat national : Le Burkina Faso ambitionne de constituer un vivier d’un million de réservistes en cinq ans";"https://lefaso.netspip.php?article149349"
"Le Faso (BF)";"FR";"2026-09-21";"Burkina/Guerre contre le terrorisme : Le général Célestin Simporé détaille les mutations de l’armée et croit en une fin prochaine";"https://lefaso.netspip.php?article149363"
"Le Faso (BF)";"FR";"2026-09-21";"FIFA : Gianni Infantino entraîne Samuel Eto’o dans sa chute inexorable";"https://lefaso.netspip.php?article149333"
"Le Faso (BF)";"FR";"2026-09-21";"Diaspora : IAM-Fair, une initiative originale du trio Julien Koala, John Ouédraogo et Dr Moussa Guira sur l’agro-business et la (…)";"https://lefaso.netspip.php?article149364"
"Le Faso (BF)";"FR";"2026-09-21";"Burkina/ Culture : L’institut burkinabè renaitra de ses cendres, foi de Georges Kaboré";"https://lefaso.netspip.php?article149354"
"Le Faso (BF)";"FR";"2026-09-21";"Burkina/Numérique : Taw Taw, vers une nouvelle expérience du e-commerce et des services du quotidien";"https://lefaso.netspip.php?article149340"
"Le Faso (BF)";"FR";"2026-09-21";"Max it : Orange Burkina présente une nouvelle version de son application, aux fonctionnalités élargies";"https://lefaso.netspip.php?article149357"
"Le Faso (BF)";"FR";"2026-09-21";"Mali : Le budget 2027 prévoit environ 3 900 milliards FCFA de recettes et réduit le déficit";"https://lefaso.netspip.php?article149369"
"Le Faso (BF)";"FR";"2026-09-21";"Burkina : Ibrahim Traoré à Bobo-Dioulasso pour inaugurer deux infrastructures stratégiques";"https://lefaso.netspip.php?article149097"
"Le Faso (BF)";"FR";"2026-09-21";"‎Burkina : La Présidence du Faso lance le concours Hakili Mousso pour détecter les talents scientifiques féminins";"https://lefaso.netspip.php?article148857"
"Le Faso (BF)";"FR";"2026-09-21";"Immersion patriotique obligatoire 2026 : Le capitaine Ibrahim Traoré exhorte les jeunes à éviter le chemin de la facilité et à servir la patrie";"https://lefaso.netspip.php?article148839"
"Le Faso (BF)";"FR";"2026-09-21";"Assemblée législative du peuple : Mathieu Boro fait ses premiers pas à l’hémicycle et promet de porter la voix des Burkinabè";"https://lefaso.netspip.php?article148412"
"Le Faso (BF)";"FR";"2026-09-21";"Commémoration du 5 août : Le Chef de l’Etat appelle à un engagement collectif pour un Burkina Faso libre et souverain";"https://lefaso.netspip.php?article148401"
"Le Faso (BF)";"FR";"2026-09-21";"Commémoration du 4 août 2026 : Le capitaine Ibrahim Traoré invite les Burkinabè à poursuivre l’idéal révolutionnaire ‎";"https://lefaso.netspip.php?article148380"
"Le Faso (BF)";"FR";"2026-09-21";"Burkina/Contrat d’objectifs 2026 : Le ministre de l’Économie et des Finances affiche un taux d’exécution de 60,66 % à mi-parcours";"https://lefaso.netspip.php?article148277"
"Le Faso (BF)";"FR";"2026-09-21";"Burkina Faso : La Gendarmerie nationale annonce l’interpellation de  Pierre Zida après l’avis de recherche lancé";"https://lefaso.netspip.php?article149362"
"Le Faso (BF)";"FR";"2026-09-21";"Burkina/ Hakili Mousso 2026 : L’excellence scientifique féminine à l’honneur";"https://lefaso.netspip.php?article149356"
"Le Faso (BF)";"FR";"2026-09-21";"Burkina : Le projet de promotion de l’emploi des jeunes dans la filière lait local referme ses portes";"https://lefaso.netspip.php?article149330"
"Le Faso (BF)";"FR";"2026-09-21";"Paix et cohésion sociale au Burkina Faso : L’organisation “GRET” partage ses travaux avec le ministère de la Famille";"https://lefaso.netspip.php?article149341"
"Le Faso (BF)";"FR";"2026-09-21";"Burkina Faso : La Gendarmerie nationale recherche Pierre Zida alias “Le Maire”";"https://lefaso.netspip.php?article149336"
"Le Faso (BF)";"FR";"2026-09-21";"Affaire Lionel Bilgo : Le blanchiment de capitaux conduit le TGI de Bobo-Dioulasso à se dessaisir au profit du pôle ECOFI";"https://lefaso.netspip.php?article149318"
"Le Faso (BF)";"FR";"2026-09-21";"Les 100 Visages du Burkina Digital : Manegaouindé Roland Tougma, l’intelligence artificielle à l’épreuve du terrain";"https://lefaso.netspip.php?article149329"
"Le Faso (BF)";"FR";"2026-09-21";"Burkina : Le ministère de l’Économie alerte contre une arnaque sur la plateforme “PrimeAura”";"https://lefaso.netspip.php?article149337"
"Le Faso (BF)";"FR";"2026-09-21";"Microfinance : CODEC-Ouaga se conforme aux nouvelles règlementations";"https://lefaso.netspip.php?article149310"
"Le Faso (BF)";"FR";"2026-09-21";"FIPE-UEMOA : Un Prix Abdoulaye Diop et une journée dédiée à l’UEMOA annoncés pour la prochaine édition";"https://lefaso.netspip.php?article149276"
"Le Faso (BF)";"FR";"2026-09-21";"UEMOA : Le président de la commission, Abdoulaye Diop, invite les journalistes économiques à aller au-delà du simple compte rendu";"https://lefaso.netspip.php?article149277"
"Le Faso (BF)";"FR";"2026-09-21";"UEMOA : Les journalistes des huit États membres appelés à mieux faire connaître les chantiers de l’organisation";"https://lefaso.netspip.php?article149215"
"Le Faso (BF)";"FR";"2026-09-21";"Burkina/Solidarité : Action contre la faim réaffirme son soutien aux populations vulnérables";"https://lefaso.netspip.php?article149348"
"Le Faso (BF)";"FR";"2026-09-21";"Irié, Traoré, Bansé, Zongo : Amir Abdou explique les forfaits et fixe ses critères de sélection";"https://lefaso.netspip.php?article149285"
"Le Faso (BF)";"FR";"2026-09-21";"Ouagadougou : La BMCRF scelle cinq commerces pour hausse illicite des prix";"https://lefaso.netspip.php?article149286"
"Le Faso (BF)";"FR";"2026-09-21";"Burkina : L’ambassadeur pour le Sport, Charles Kaboré, lance un tournoi de détection de talents pour les moins de 18 ans";"https://lefaso.netspip.php?article149235"
"Le Faso (BF)";"FR";"2026-09-21";"Football : « Les conditions de travail et de rémunération des footballeurs ne sont pas du tout satisfaisantes », déplore Ardjouma Sirima, président de l’AFBF";"https://lefaso.netspip.php?article149207"
"Le Faso (BF)";"FR";"2026-09-21";"Musée national : L’exposition « Rupture » invite à repenser l’art et le rapport à la société";"https://lefaso.netspip.php?article149350"
"Le Faso (BF)";"FR";"2026-09-21";"Burkina / Femmes leaders : Africa Mousso célèbre une décennie d’engagement";"https://lefaso.netspip.php?article149291"
"Le Faso (BF)";"FR";"2026-09-21";"RIPO 2026 : Une 6ᵉ édition placée sous le signe de l’art face aux mutations de l’écosystème numérique";"https://lefaso.netspip.php?article149136"
"Le Faso (BF)";"FR";"2026-09-21";"Burkina/Cinéma : « Tilaï » d’Idrissa Ouédraogo ouvre la 8ᵉ édition de la SECRICO";"https://lefaso.netspip.php?article149131"
"Le Faso (BF)";"FR";"2026-09-21";"Burkina/ Religion : La Mission jeunes de la Communauté du chemin neuf célèbre 25 ans de grâces, de mission et d’espérance";"https://lefaso.netspip.php?article149040"
"Le Faso (BF)";"FR";"2026-09-21";"Crise sécuritaire : Le Burkina et le HCR saluent le retour de plus d’1,4 million de déplacés internes";"https://lefaso.netspip.php?article149289"
"Le Faso (BF)";"FR";"2026-09-21";"Coopération Burkina-Chine : Des Burkinabè s’approprient la technologie de juncao pour la production de fourrage et de champignons comestibles";"https://lefaso.netspip.php?article149278"
"Le Faso (BF)";"FR";"2026-09-21";"Burkina : Le passeport burkinabè offre l’accès à 37 destinations africaines et à 64 autres à travers le monde sans visa classique";"https://lefaso.netspip.php?article149242"
"Le Faso (BF)";"FR";"2026-09-21";"XVIIIe Sommet des BRICS : L’Union africaine plaide pour l’accès durable à l’eau et un partenariat renforcé entre l’Afrique et les pays émergents";"https://lefaso.netspip.php?article149212"
"Le Faso (BF)";"FR";"2026-09-21";"Coopération Burkina - Chine : Un colloque pour tirer les leçons de l’expérience chinoise";"https://lefaso.netspip.php?article149186"
"Le Faso (BF)";"FR";"2026-09-21";"Espace AES : Les régulateurs des médias créent une plateforme pour renforcer la souveraineté informationnelle";"https://lefaso.netspip.php?article149342"
"Le Faso (BF)";"FR";"2026-09-21";"Les 100 Visages du Burkina Digital : Serge Alias Wilfried KY, un bâtisseur de plateformes numériques au rayonnement régional";"https://lefaso.netspip.php?article149193"
"Le Faso (BF)";"FR";"2026-09-21";"Principales fonctionnalités IA sur le CAMON SLIM";"https://lefaso.netspip.php?article149190"
"Le Faso (BF)";"FR";"2026-09-21";"Burkina/Photographie : Ces femmes qui forcent l’admiration derrière leurs appareils photos";"https://lefaso.netspip.php?article149149"
"Le Faso (BF)";"FR";"2026-09-21";"Les 100 Visages du Burkina Digital : Allassani Ouédraogo, un pionnier de l’informatique administrative burkinabè";"https://lefaso.netspip.php?article149138"
"Le Faso (BF)";"FR";"2026-09-21";"Offre de formation en cybersécurité du 15 mai au 20 juillet 2024";"https://lefaso.netspip.php?article130136"
"Le Faso (BF)";"FR";"2026-09-21";"Vœux de nouvel an de Dre Lydia ROUAMBA, Directrice Générale du Centre national de l’Information, de l’Orientation Scolaire et Professionnelle, et des Bourses (CIOSPB)";"https://lefaso.netspip.php?article118725"
"Le Faso (BF)";"FR";"2026-09-21";"CIOSPB : La République de la Tunisie met à la disposition du Burkina Faso des bourses études pour l’année académique 2022-2023";"https://lefaso.netspip.php?article115137"
"Le Faso (BF)";"FR";"2026-09-21";"7e édition de la Semaine nationale de l’Information et de l’Orientation (SIO) : Le Centre National des Œuvres Universitaires (CENOU) communique sur ses prestations aux nouveaux bacheliers";"https://lefaso.netspip.php?article114708"
"Le Faso (BF)";"FR";"2026-09-21";"Année académique 2022-2023 : Le Royaume du Maroc met à la disposition du Burkina Faso, cent-vingt (120) bourses d’études";"https://lefaso.netspip.php?article113781"
"Le Faso (BF)";"FR";"2026-09-21";"Décès de Mardia Alain Bruno SANGLI : Faire part et remerciements";"https://lefaso.netspip.php?article147027"
"Le Faso (BF)";"FR";"2026-09-21";"Les filières pour la rentrée académique 2026-2027 à l’école supérieure de commerce de Ouagadougou";"https://lefaso.netspip.php?article148486"
"Le Faso (BF)";"FR";"2026-09-21";"Burkina/Éducation : L’association Jeunesse éveillée pour l’action renforce les capacités d’une centaine d’enseignants";"https://lefaso.netspip.php?article149199"
"Le Faso (BF)";"FR";"2026-09-21";"Fiscalité : Ce que disent les chiffres... et ce qu’ils ne disent pas";"https://lefaso.netspip.php?article149200"
"Le Faso (BF)";"FR";"2026-09-21";"L’Analyse fiscale – Fiscalité : Ce que disent les chiffres... et ce qu’ils ne disent pas";"https://lefaso.netspip.php?article149201"
"Le Faso (BF)";"FR";"2026-09-21";"Musique : L’artiste Tim Winsey dévoile deux nouveaux albums à Ouagadougou";"https://lefaso.netspip.php?article144306"
"Le Faso (BF)";"FR";"2026-09-21";"Burkina/Littérature : L’ancien maire de Falagountou, Saïdou Maïga, livre les coulisses de son expérience d’élu local dans un ouvrage";"https://lefaso.netspip.php?article149251"
"Le Faso (BF)";"FR";"2026-09-21";"Résultats du tirage du Faso Loto BARKA du Dimanche 20 septembre 2026";"https://lefaso.netspip.php?article149360"
"Le Faso (BF)";"FR";"2026-09-21";"Avis d’appel à candidature pour le recrutement d’un commissaire aux comptes";"https://lefaso.netspip.php?article149316"
"Le Faso (BF)";"FR";"2026-09-21";"Avis d’appel à candidature pour le recrutement de trois (3) administrateurs indépendants";"https://lefaso.netspip.php?article149317"
"Le Faso (BF)";"FR";"2026-09-21";"Résultats du tirage du Faso Loto MAGIC du Samedi du 19 septembre 2026";"https://lefaso.netspip.php?article149347"
"Le Faso (BF)";"FR";"2026-09-21";"Avis de recrutement de d’un Administrateur délégué H/F";"https://lefaso.netspip.php?article149295"
"Le Faso (BF)";"FR";"2026-09-21";"SUNU assurances vie Burkina Faso : Avis aux assurés et ayants droit dont les contrats sont arrivés à échéance";"https://lefaso.netspip.php?article149233"
"Le Faso (BF)";"FR";"2026-09-21";"Résultats du tirage du Faso Loto ETOILE BONHEUR du 17 septembre 2026";"https://lefaso.netspip.php?article149294"
"Le Faso (BF)";"FR";"2026-09-21";"Décès de Madame ZOUNGRANA/KABORÉ Dakiswinigda Rose Aïda : Remerciements";"https://lefaso.netspip.php?article148376"
"Le Faso (BF)";"FR";"2026-09-21";"Messe de requiem de Dima Fidéle";"https://lefaso.netspip.php?article148292"
"Le Faso (BF)";"FR";"2026-09-21";"Décès de Sompagnimdi Philippe Honoré OUEDRAOGO : REMERCIEMENTS & FAIRE-PART";"https://lefaso.netspip.php?article148049"
"Le Faso (BF)";"FR";"2026-09-21";"Programme des obsèques de Tapsoba née Nikiema G. Rosalie";"https://lefaso.netspip.php?article148026"
"Le Faso (BF)";"FR";"2026-09-21";"Décès de OUINIGA Louis : Faire-part";"https://lefaso.netspip.php?article149355"
"Le Faso (BF)";"FR";"2026-09-21";"Cérémonie d’hommage à la mémoire de Jean Bernard BUGNAZET : Remerciements";"https://lefaso.netspip.php?article149368"
"Le Faso (BF)";"FR";"2026-09-21";"‎In memoria : Madame OUEDRAOGO Rose épouse FOROGO ‎";"https://lefaso.netspip.php?article149353"
"Le Faso (BF)";"FR";"2026-09-21";"Décès de Zongo Kouma Bernard : Remerciements";"https://lefaso.netspip.php?article149331"
"Le Faso (BF)";"FR";"2026-09-21";"Décès de Ouédraogo née Séré Kortimi Josiane : Faire part";"https://lefaso.netspip.php?article149325"
"Le Faso (BF)";"FR";"2026-09-21";"Décès de Ouédraogo née Banaba Tilado Hadissa Valérie : Faire-part";"https://lefaso.netspip.php?article149334"
"Le Faso (BF)";"FR";"2026-09-21";"Décès de Irène ZONGO née OUÉDRAOGO : Remerciements & faire-part";"https://lefaso.netspip.php?article149312"
"Le Faso (BF)";"FR";"2026-09-21";"Décès de OUEDRAOGO Boureima : Remerciements";"https://lefaso.netspip.php?article149221"
"Le Faso (BF)";"FR";"2026-09-21";"Natation : Imann Firdaous Kouraogo, de l’amour pour l’eau aux podiums africains";"https://lefaso.netspip.php?article148974"
"Le Faso (BF)";"FR";"2026-09-21";"Coopération : Evelyne Dabiré nommée ambassadrice extraordinaire  et plénipotentiaire du Canada près le Bénin";"https://lefaso.netspip.php?article147766"
"Le Faso (BF)";"FR";"2026-09-21";"Fraude financière : La BCEAO alerte sur une fausse vidéo utilisant l’image de son gouverneur, Jean-Claude Kassi Brou";"https://lefaso.netspip.php?article149324"
"Le Faso (BF)";"FR";"2026-09-21";"Dette du Sénégal : John McIntire appelle à une restructuration profonde";"https://lefaso.netspip.php?article149367"
"Le Faso (BF)";"FR";"2026-09-21";"Diaspora burkinabè : L’ambassadeur Kassoum Coulibaly invite ses compatriotes du Nebraska à garder confiance dans la marche du pays et à (…)";"https://lefaso.netspip.php?article149133"
"Le Faso (BF)";"FR";"2026-09-21";"Résilience climatique et souveraineté financière : Les Tannounyan au cœur de la vulgarisation de l’assurance agropastorale";"https://lefaso.netspip.php?article148990"
"Le Faso (BF)";"FR";"2026-09-21";"Dynamiques organisationnelles et interactions des acteurs de la filière bétail-viande au Burkina Faso";"https://lefaso.netspip.php?article149344"
"Le Faso (BF)";"FR";"2026-09-21";"Comment s’adapter aux effets des changements climatiques dans la commune rurale de Koumbia au Burkina Faso";"https://lefaso.netspip.php?article149339"
"Le Faso (BF)";"FR";"2026-09-21";"Perceptions et stratégies d’adaptation des agropasteurs du changement climatique au Burkina Faso";"https://lefaso.netspip.php?article149338"
"Le Faso (BF)";"FR";"2026-09-21";"Sénégal : Sadio Mané lance un projet agro-industriel de 11,7 milliards de francs CFA destiné  à valoriser la filière mangue";"https://lefaso.netspip.php?article149366#forum"
"Le Faso (BF)";"FR";"2026-09-21";"Samendéni Beach : Quand le personnel de Lefaso.net troque les flashs et les articles pour une parenthèse de détente";"https://lefaso.netspip.php?article149252#forum"
"Le Faso (BF)";"FR";"2026-09-21";"Burkina Faso–Niger : Ouagadougou réaffirme sa solidarité avec Niamey";"https://lefaso.netspip.php?article149352#forum"
"Le Faso (BF)";"FR";"2026-09-21";"Burkina/ Hakili Mousso 2026 : L’excellence scientifique féminine à l’honneur";"https://lefaso.netspip.php?article149356#forum"
"Le Faso (BF)";"FR";"2026-09-21";"Burkina/ Culture : L’institut burkinabè renaitra de ses cendres, foi de Georges Kaboré";"https://lefaso.netspip.php?article149354#forum"
"Le Faso (BF)";"FR";"2026-09-21";"Crise sécuritaire : Le Burkina et le HCR saluent le retour de plus d’1,4 million de déplacés internes";"https://lefaso.netspip.php?article149289#forum"
"Le Faso (BF)";"FR";"2026-09-21";"Volontariat national : Le Burkina Faso ambitionne de constituer un vivier d’un million de réservistes en cinq ans";"https://lefaso.netspip.php?article149349#forum"
"Le Faso (BF)";"FR";"2026-09-21";"Affaire Lionel Bilgo : Le blanchiment de capitaux conduit le TGI de Bobo-Dioulasso à se dessaisir au profit du pôle ECOFI";"https://lefaso.netspip.php?article149318#forum"
"Le Faso (BF)";"FR";"2026-09-21";"Programme électronucléaire de l’AES : Dr Karim Kaboré plaide pour une synergie fondée sur la complémentarité des États";"https://lefaso.netspip.php?article149315#forum"
"Le Faso (BF)";"FR";"2026-09-21";"Burkina/Solidarité : Action contre la faim réaffirme son soutien aux populations vulnérables";"https://lefaso.netspip.php?article149348#forum"
"Le Faso (BF)";"FR";"2026-09-21";"Burkina Faso : La Gendarmerie nationale recherche Pierre Zida alias “Le Maire”";"https://lefaso.netspip.php?article149336#forum"
"Le Faso (BF)";"FR";"2026-09-21";"Burkina : Le ministère de l’Économie alerte contre une arnaque sur la plateforme “PrimeAura”";"https://lefaso.netspip.php?article149337#forum"
"Le Faso (BF)";"FR";"2026-09-21";"FIFA : Gianni Infantino entraîne Samuel Eto’o dans sa chute inexorable";"https://lefaso.netspip.php?article149333#forum"
"Le Faso (BF)";"FR";"2026-09-21";"Tourisme interne : De la solidarité à la découverte, Lefaso.net explore les richesses du Guiriko";"https://lefaso.netspip.php?article149313#forum"
"Le Faso (BF)";"FR";"2026-09-21";"Fraude financière : La BCEAO alerte sur une fausse vidéo utilisant l’image de son gouverneur, Jean-Claude Kassi Brou";"https://lefaso.netspip.php?article149324#forum"
"Le Faso (BF)";"FR";"2026-09-21";"A propos...";"https://lefaso.net/spip.php?article29&rubrique17"
"Le Faso (BF)";"FR";"2026-09-21";"Publicité";"https://lefaso.net/spip.php?article5736&rubrique17t"
"Le Faso (BF)";"FR";"2026-09-21";"Partenariat";"https://lefaso.net/spip.php?article30&rubrique17"
"Le Faso (BF)";"FR";"2026-09-21";"Nous contacter";"https://lefaso.net/spip.php?article32&rubrique17"
"La Nation (BJ)";"FR";"2026-09-21";"Salon régional de l'Actionnariat: Fabien Cohovi HOUNYOVI évoque les grands enjeux";"https://lanation.bj/economie/salon-regional-de-lactionnariat-fabien-cohovi-hounyovi-evoque-les-grands-enjeux"
"La Nation (BJ)";"FR";"2026-09-21";"Capitaux privés et financement du développement: Un record de 112 milliards de dollars pour la Banque mondiale";"https://lanation.bj/economie/capitaux-prives-et-financement-du-developpement-un-record-de-112-milliards-de-dollars-pour-la-banque-mondiale"
"La Nation (BJ)";"FR";"2026-09-21";"21 sept. 2026";"https://lanation.bj/economie/capitaux-prives-et-financement-du-developpement-un-record-de-112-milliards-de-dollars-pour-la-banque-mondiale"
"La Nation (BJ)";"FR";"2026-09-21";"Budget 2026: 2 329 milliards F Cfa mobilisés au premier semestre";"https://lanation.bj/economie/budget-2026-2-329-milliards-f-cfa-mobilises-au-premier-semestre"
"La Nation (BJ)";"FR";"2026-09-21";"21 sept. 2026";"https://lanation.bj/economie/budget-2026-2-329-milliards-f-cfa-mobilises-au-premier-semestre"
"La Nation (BJ)";"FR";"2026-09-21";"Budget 2026: 2 329 milliards F Cfa mobilisés au premier semestre
                            
                                                            Lecture de 3 min";"https://lanation.bj/economie/budget-2026-2-329-milliards-f-cfa-mobilises-au-premier-semestre"
"La Nation (BJ)";"FR";"2026-09-21";"Électricité : le Sénégal mise sur le gaz pour réduire les factures
                            
                                                            Lecture de 3 min";"https://lanation.bj/economie/electricite-le-senegal-mise-sur-le-gaz-pour-reduire-les-factures"
"La Nation (BJ)";"FR";"2026-09-21";"Politique communautaire de la concurrence de l'Uemoa: Renforcer les règles pour un marché commun plus équitable
                            
                                                            Lecture de 3 min";"https://lanation.bj/economie/politique-communautaire-de-la-concurrence-de-luemoa-renforcer-les-regles-pour-un-marche-commun-plus-equitable"
"La Nation (BJ)";"FR";"2026-09-21";"Salon régional de l'Actionnariat: Fabien Cohovi HOUNYOVI évoque les grands enjeux
                    
                                            Lecture de 3 min";"https://lanation.bj/economie/salon-regional-de-lactionnariat-fabien-cohovi-hounyovi-evoque-les-grands-enjeux"
"La Nation (BJ)";"FR";"2026-09-21";"Réponse de la Bad face aux chocs énergétiques: Un appui d'environ 5,1 milliards de dollars aux économies";"https://lanation.bj/economie/reponse-de-la-bad-face-aux-chocs-energetiques-un-appui-denviron-51-milliards-de-dollars-aux-economies"
"Malijet (ML)";"FR";"2026-09-21";"Politique";"https://malijet.com/actualite-politique-au-mali"
"Malijet (ML)";"FR";"2026-09-21";"Economie";"https://malijet.com/actualite_economique_du_mali"
"Malijet (ML)";"FR";"2026-09-21";"Sports";"https://malijet.com/actualite_sportive_au_mali"
"Malijet (ML)";"FR";"2026-09-21";"Culture";"https://malijet.com/actualite_culturelle_au_mali"
"Malijet (ML)";"FR";"2026-09-21";"International";"https://malijet.com/actualite_internationale"
"Malijet (ML)";"FR";"2026-09-21";"AES";"https://malijet.com/actualite-sur-aes"
"Malijet (ML)";"FR";"2026-09-21";"Afrique";"https://malijet.com/actualite-sur-afrique"
"Malijet (ML)";"FR";"2026-09-21";"Mali : le projet de loi de finances 2027 prévoit 3 866 milliards de FCFA de recettes";"https://malijet.com/actualite_economique_du_mali/311920-mali-le-projet-de-loi-de-finances-2027-prevoit-3-866-milli.html"
"Malijet (ML)";"FR";"2026-09-21";"Urgence médicale : Le concert de Sidiki Diabaté à l’Accor Arena reporté";"https://malijet.com/actualite_musicale_malienne/311915-urgence-medicale-le-concert-de-sidiki-diabate-a-laccor-ar.html"
"Malijet (ML)";"FR";"2026-09-21";"Énergie et Mines : L’AES scelle sa souveraineté économique lors de la 1re Semaine de l’Énergie, des Mines et des Hydrocarbures";"https://malijet.com/actualite-sur-aes/311896-energie-et-mines-laes-scelle-sa-souverainete-economique-l.html"
"Malijet (ML)";"FR";"2026-09-21";"Frontières de l’AES : Le Burkina, le Mali et le Niger transforment leurs limites en espaces de paix et de coopération";"https://malijet.com/actualite-sur-aes/311857-frontieres-de-laes-le-burkina-le-mali-et-le-niger-transf.html"
"Malijet (ML)";"FR";"2026-09-21";"Football : Koulikoroba I sacré champion de la 1ère édition de Pétro Bama Vacances Foot";"https://malijet.com/actualite_sportive_au_mali/311939-football-koulikoroba-i-sacre-champion-de-la-1ere-edition-d.html"
"Malijet (ML)";"FR";"2026-09-21";"Halima Dangote explique pourquoi elle et ses frères et sœurs ne se vantent pas de leur richesse";"https://malijet.com/actualite-sur-afrique/311936-halima-dangote-explique-pourquoi-elle-et-ses-freres-et-soeurs.html"
"Malijet (ML)";"FR";"2026-09-21";"Football : Deux forfaits dans la liste d’Anthony Da Silva";"https://malijet.com/actualite_sportive_au_mali/311934-football-deux-forfaits-dans-la-liste-danthony-da-silva.html"
"Malijet (ML)";"FR";"2026-09-21";"Voir tout →";"https://malijet.com/actualite-politique-au-mali"
"Malijet (ML)";"FR";"2026-09-21";"Mali : le Conseil des ministres approuve la Politique nationale pénitentiaire 2026-2030";"https://malijet.com/actualite-politique-au-mali/311924-mali-le-conseil-des-ministres-approuve-la-politique-nation.html"
"Malijet (ML)";"FR";"2026-09-21";"CEDEAO : Birame Diop échange avec les ambassadeurs du Qatar et du Soudan";"https://malijet.com/actualite-politique-au-mali/311919-cedeao-birame-diop-echange-avec-les-ambassadeurs-du-qatar.html"
"Malijet (ML)";"FR";"2026-09-21";"Coopération : Le Mali appelle l’UNFPA à aligner ses actions sur les priorités nationales et la dynamique de l’AES";"https://malijet.com/actualite-politique-au-mali/311903-cooperation-le-mali-appelle-lunfpa-a-aligner-ses-actions.html"
"Malijet (ML)";"FR";"2026-09-21";"Mali : des OPJ formés aux nouveaux Codes pénal et de procédure pénale";"https://malijet.com/actualite-politique-au-mali/311902-mali-des-opj-formes-aux-nouveaux-codes-penal-et-de-procedu.html"
"Malijet (ML)";"FR";"2026-09-21";"Voir tout →";"https://malijet.com/actualite_economique_du_mali"
"Malijet (ML)";"FR";"2026-09-21";"Sénégal : Sadio Mané dévoile son projet agro-industriel SM10 Agro de 11,7 milliards de FCFA à Bambali";"https://malijet.com/actualite_economique_du_mali/311923-senegal-sadio-mane-devoile-son-projet-agro-industriel-sm10.html"
"Malijet (ML)";"FR";"2026-09-21";"Énergie et Mines : Le Mali conforte sa souveraineté énergétique au cœur de la 1re SEMH-AES à Ouagadougou";"https://malijet.com/actualite_economique_du_mali/311906-energie-et-mines-le-mali-conforte-sa-souverainete-energeti.html"
"Malijet (ML)";"FR";"2026-09-21";"Financement des entreprises : le CNPM et la BAD renforcent leur alliance pour booster le secteur privé malien";"https://malijet.com/actualite_economique_du_mali/311874-financement-des-entreprises-le-cnpm-et-la-bad-renforcent-l.html"
"Malijet (ML)";"FR";"2026-09-21";"Voir tout →";"https://malijet.com/actualite_sportive_au_mali"
"Malijet (ML)";"FR";"2026-09-21";"Lions du Sénégal : Patrick Vieira expose son projet de quatre ans à la ministre des sports";"https://malijet.com/actualite_sportive_au_mali/311925-lions-du-senegal-patrick-vieira-expose-son-projet-de-quatr.html"
"Malijet (ML)";"FR";"2026-09-21";"Stade Malien : Sghir Hammadi limogé après l’élimination en Ligue des Champions";"https://malijet.com/actualite_sportive_au_mali/311904-stade-malien-sghir-hammadi-limoge-apres-lelimination-en-l.html"
"Malijet (ML)";"FR";"2026-09-21";"Voir tout →";"https://malijet.com/actualite_internationale"
"Malijet (ML)";"FR";"2026-09-21";"Sénégal-Émirats arabes unis : le président Faye et le cheikh Mohammed ben Zayed renforcent leur partenariat stratégique";"https://malijet.com/actualite_internationale/311881-senegal-emirats-arabes-unis-le-president-faye-et-le-cheikh.html"
"Malijet (ML)";"FR";"2026-09-21";"Deux militaires russes de retour au pays après 755 jours de détention";"https://malijet.com/actualite_internationale/311847-deux-militaires-russes-de-retour-au-pays-apres-755-jours-de.html"
"Malijet (ML)";"FR";"2026-09-21";"Guerre en Iran: le Pentagone contredit Trump et reconnaît une pénurie de munitions";"https://malijet.com/actualite_internationale/311838-guerre-en-iran-le-pentagone-contredit-trump-et-reconnait-un.html"
"Malijet (ML)";"FR";"2026-09-21";"Xi Jinping affirme que les pays des BRICS devraient jouer un rôle de pionniers en matière d'amélioration de la gouvernance mondiale";"https://malijet.com/actualite_internationale/311799-xi-jinping-affirme-que-les-pays-des-brics-devraient-jouer-un.html"
"Malijet (ML)";"FR";"2026-09-21";"Voir tout →";"https://malijet.com/actualite-sur-aes"
"Malijet (ML)";"FR";"2026-09-21";"Diplomatie : Le Mali et le Niger renforcent leur coordination au sein de l’AES à Riyad";"https://malijet.com/actualite-sur-aes/311901-diplomatie-le-mali-et-le-niger-renforcent-leur-coordinatio.html"
"Malijet (ML)";"FR";"2026-09-21";"Egypte : le Burkina Faso renforce la coordination de l’AES au Caire";"https://malijet.com/actualite-sur-aes/311642-egypte-le-burkina-faso-renforce-la-coordination-de-laes-a.html"
"Malijet (ML)";"FR";"2026-09-21";"La revue de Presse du quotidien en ligne Malijet du 10 septembre 2026
                il y a 1 semaine";"https://malijet.com/actualite_en_video/311764-la-revue-de-presse-du-quotidien-en-ligne-malijet-du-10-septe.html"
"Malijet (ML)";"FR";"2026-09-21";"Halima Dangote explique pourquoi elle et ses frères et sœurs ne se vantent pas de leur richesse
                                        il y a 1 jour";"https://malijet.com/actualite-sur-afrique/311936-halima-dangote-explique-pourquoi-elle-et-ses-freres-et-soeurs.html"
"Malijet (ML)";"FR";"2026-09-21";"Le Président de la République du Bénin, Romuald Wadagni, poursuit sa visite de travail en République du Congo.
                                        il y a 2 jours";"https://malijet.com/actualite-sur-afrique/311911-le-president-de-la-republique-du-benin-romuald-wadagni-pou.html"
"Malijet (ML)";"FR";"2026-09-21";"Soudan : au moins 82 morts dans l’effondrement d’une mine d’or
                                        il y a 2 jours";"https://malijet.com/actualite-sur-afrique/311909-soudan-au-moins-82-morts-dans-leffondrement-dune-mine-d.html"
"Malijet (ML)";"FR";"2026-09-21";"Dangote révèle l’erreur commerciale qui lui a coûté des milliards il y a 30 ans
                                        il y a 2 jours";"https://malijet.com/actualite-sur-afrique/311908-dangote-revele-lerreur-commerciale-qui-lui-a-coute-des-mill.html"
"Malijet (ML)";"FR";"2026-09-21";"Médias : La HAC de Guinée interdit la diffusion de France 24 sur tout le territoire national
                                        il y a 3 jours";"https://malijet.com/actualite-sur-afrique/311885-medias-la-hac-de-guinee-interdit-la-diffusion-de-france-24.html"
"Malijet (ML)";"FR";"2026-09-21";"Soudan-Niger : Le général al-Burhan et le président Tiani conviennent de renforcer leur coopération sécuritaire et politique
                                        il y a 4 jours";"https://malijet.com/actualite-sur-afrique/311876-soudan-niger-le-general-al-burhan-et-le-president-tiani-co.html"
"Malijet (ML)";"FR";"2026-09-21";"Bénin-Rwanda : Le président Romuald Wadagni entame une visite officielle de deux jours à Kigali
                                        il y a 4 jours";"https://malijet.com/actualite-sur-afrique/311869-benin-rwanda-le-president-romuald-wadagni-entame-une-visit.html"
"Malijet (ML)";"FR";"2026-09-21";"Algérie : Tebboune reçoit Massad Boulos, conseiller de Trump
                                        il y a 4 jours";"https://malijet.com/actualite-sur-afrique/311863-algerie-tebboune-recoit-massad-boulos-conseiller-de-trump.html"
"Malijet (ML)";"FR";"2026-09-21";"Cap-Vert : le président José Maria Neves candidat à sa propre succession
                                        il y a 6 jours";"https://malijet.com/actualite-sur-afrique/311841-cap-vert-le-president-jose-maria-neves-candidat-a-sa-propr.html"
"Malijet (ML)";"FR";"2026-09-21";"Dangote révèle avoir eu son premier jet privé à 22 ans et demi et conseille ceux qui en possèdent
                                        il y a 6 jours";"https://malijet.com/actualite-sur-afrique/311837-dangote-revele-avoir-eu-son-premier-jet-prive-a-22-ans-et-de.html"
"Malijet (ML)";"FR";"2026-09-21";"Sénégal-Émirats arabes unis : le président Faye et le cheikh Mohammed ben Zayed renforcent leur partenariat stratégique
                                        il y a 4 jours";"https://malijet.com/actualite_internationale/311881-senegal-emirats-arabes-unis-le-president-faye-et-le-cheikh.html"
"Malijet (ML)";"FR";"2026-09-21";"Deux militaires russes de retour au pays après 755 jours de détention
                                        il y a 5 jours";"https://malijet.com/actualite_internationale/311847-deux-militaires-russes-de-retour-au-pays-apres-755-jours-de.html"
"Malijet (ML)";"FR";"2026-09-21";"Guerre en Iran: le Pentagone contredit Trump et reconnaît une pénurie de munitions
                                        il y a 6 jours";"https://malijet.com/actualite_internationale/311838-guerre-en-iran-le-pentagone-contredit-trump-et-reconnait-un.html"
"Malijet (ML)";"FR";"2026-09-21";"Xi Jinping affirme que les pays des BRICS devraient jouer un rôle de pionniers en matière d'amélioration de la gouvernance mondiale
                                        il y a 1 semaine";"https://malijet.com/actualite_internationale/311799-xi-jinping-affirme-que-les-pays-des-brics-devraient-jouer-un.html"
"Malijet (ML)";"FR";"2026-09-21";"L’Algérie va fermer son espace aérien aux aéronefs immatriculés aux Émirats après la rupture des relations diplomatiques
                                        il y a 1 semaine";"https://malijet.com/actualite_internationale/311784-lalgerie-va-fermer-son-espace-aerien-aux-aeronefs-immatricu.html"
"Malijet (ML)";"FR";"2026-09-21";"CGTN Sondage | Pourquoi la « solution de l'OCS » pour la gouvernance mondiale suscite-t-elle une large attention ?
                                        il y a 1 semaine";"https://malijet.com/actualite_internationale/311750-cgtn-sondage-pourquoi-la-solution-de-locs-pour-la-gou.html"
"Malijet (ML)";"FR";"2026-09-21";"Lavrov : la Russie et la Chine ne se cachent aucun secret technologique
                                        1 commentaire
                                        il y a 1 semaine";"https://malijet.com/actualite_internationale/311736-lavrov-la-russie-et-la-chine-ne-se-cachent-aucun-secret-te.html"
"Malijet (ML)";"FR";"2026-09-21";"Tour Eiffel : des salariées écartées, une enquête annoncée
                                        il y a 1 semaine";"https://malijet.com/actualite_internationale/311731-tour-eiffel-des-salariees-ecartees-une-enquete-annoncee.html"
"Malijet (ML)";"FR";"2026-09-21";"Japon : 41 blessés après de pluies torrentielles dans la ville de Nagoya
                                        il y a 1 semaine";"https://malijet.com/actualite_internationale/311729-japon-41-blesses-apres-de-pluies-torrentielles-dans-la-vil.html"
"Malijet (ML)";"FR";"2026-09-21";"France : les prix des carburants atteignent de nouveaux records sur fond de tensions au Moyen-Orient
                                        il y a 1 semaine";"https://malijet.com/actualite_internationale/311728-france-les-prix-des-carburants-atteignent-de-nouveaux-reco.html"
"Malijet (ML)";"FR";"2026-09-21";"BSIC et Programme Tounkaranké : un partenariat au service de l’économie locale à Yélimané
                    2 commentaires
                    il y a 4 jours";"https://malijet.com/actualite_economique_du_mali/311872-bsic-et-programme-tounkaranke-un-partenariat-au-service-de.html"
"Malijet (ML)";"FR";"2026-09-21";"Financement des entreprises : le CNPM et la BAD renforcent leur alliance pour booster le secteur privé malien
                    1 commentaire
                    il y a 4 jours";"https://malijet.com/actualite_economique_du_mali/311874-financement-des-entreprises-le-cnpm-et-la-bad-renforcent-l.html"
"Malijet (ML)";"FR";"2026-09-21";"Économie";"https://malijet.com/actualite_economique_du_mali"
