"Source";"Language";"Date";"Title";"URL"
"VRT NWS (EN)";"EN";"2026-09-19";"Zo download je een podcast via VRT MAX";"https://www.vrt.be/vrtmax/artikels/2025/10/22/hoe-download-ik-een-podcast/"
"VRT NWS (EN)";"EN";"2026-09-19";"Willebroek opent nieuw sportcomplex De Schalk: 2 sporthallen, fitness en horecazaak";"https://www.vrt.be/vrtnws/nl/2026/09/19/willebroek-opent-nieuw-sportcomplex-de-schalk-2-sporthallen-fi/?utm_source=corporate&utm_medium=referral&utm_campaign=rssfeed&utm_content=vrt-nws"
"VRT NWS (EN)";"EN";"2026-09-19";"Steekincident in Anderlecht, slachtoffer buiten levensgevaar";"https://www.vrt.be/vrtnws/nl/2026/09/19/steekincident-anderlecht/?utm_source=corporate&utm_medium=referral&utm_campaign=rssfeed&utm_content=vrt-nws"
"VRT NWS (EN)";"EN";"2026-09-19";"Lederhosen aan, tapkraan open: München verwacht ruim 6 miljoen bezoekers voor Oktoberfest";"https://www.vrt.be/vrtnws/nl/2026/09/19/oktoberfest-start/?utm_source=corporate&utm_medium=referral&utm_campaign=rssfeed&utm_content=vrt-nws"
"VRT NWS (EN)";"EN";"2026-09-19";"Trump bereikt akkoord met Denemarken over Groenland: ""Maar hij heeft niet heel veel gewonnen""";"https://www.vrt.be/vrtnws/nl/2026/09/19/de-vs-en-denemarken-bereiken-akkoord-over-veiligheid-van-groenla/?utm_source=corporate&utm_medium=referral&utm_campaign=rssfeed&utm_content=vrt-nws"
"VRT NWS (EN)";"EN";"2026-09-19";"Unieke babyborrel op middelbare school in Roeselare: 17 leerkrachten op korte tijd bevallen";"https://www.vrt.be/vrtnws/nl/2026/09/19/babyborrel-nova-campus-polenplei-roeselare-18-leerkrachten-beval/?utm_source=corporate&utm_medium=referral&utm_campaign=rssfeed&utm_content=vrt-nws"
"VRT NWS (EN)";"EN";"2026-09-19";"Datacenters, elektrische auto’s en warmtepompen: 4 grote energiecentrales en 30 procent stroominvoer nodig om aan vraag te voldoen";"https://www.vrt.be/vrtnws/nl/2026/09/18/warmtepompen-een-aanslag-op-ons-stroomverbruik/?utm_source=corporate&utm_medium=referral&utm_campaign=rssfeed&utm_content=vrt-nws"
"VRT NWS (EN)";"EN";"2026-09-19";"Nieuwe expo over Kempense kunstenaarskolonies: ""Ze wilden het oeroude landschap op doek vastleggen""";"https://www.vrt.be/vrtnws/nl/2026/09/17/kempen-expo-vroegere-kunstenaarskolonies-mol-genk-kalmthout-lill/?utm_source=corporate&utm_medium=referral&utm_campaign=rssfeed&utm_content=vrt-nws"
"VRT NWS (EN)";"EN";"2026-09-19";"Oleksandr (37) vecht 3 weken voor zijn leven in Antwerps ziekenhuis na Russische aanval, maar overleeft het niet";"https://www.vrt.be/vrtnws/nl/2026/09/18/oekraiense-militair-antwerpen-getuige/?utm_source=corporate&utm_medium=referral&utm_campaign=rssfeed&utm_content=vrt-nws"
"VRT NWS (EN)";"EN";"2026-09-19";"Meer scrollen kan leiden tot minder seks: ""Alle tijd die je op je smartphone spendeert, gaat niet naar je partner""";"https://www.vrt.be/vrtnws/nl/2026/09/17/seksuoloog-en-relatietherapeut-over-de-invloed-van-smartphone-op/?utm_source=corporate&utm_medium=referral&utm_campaign=rssfeed&utm_content=vrt-nws"
"VRT NWS (EN)";"EN";"2026-09-19";"Veelzijdige Zuid-Afrikaanse kunstenaar William Kentridge centrale gast in Bozar: ""Het absurde helpt ons de wereld te begrijpen""";"https://www.vrt.be/vrtnws/nl/2026/09/17/william-kentridge-bozar/?utm_source=corporate&utm_medium=referral&utm_campaign=rssfeed&utm_content=vrt-nws"
"VRT NWS (EN)";"EN";"2026-09-19";"Anesthesist ontkracht 6 mythes over narcose: ""Er komt veel meer bij kijken dan één spuitje zetten""";"https://www.vrt.be/vrtnws/nl/2026/09/16/anesthesie-narcose-misvattingen-mythes-boek/?utm_source=corporate&utm_medium=referral&utm_campaign=rssfeed&utm_content=vrt-nws"
"VRT NWS (EN)";"EN";"2026-09-19";"Tien jaar TikTok: hoe een app voor danspasjes de grootmachten tegen elkaar opzette";"https://www.vrt.be/vrtnws/nl/2026/09/18/tien-jaar-tiktok-hoe-een-app-voor-danspasjes-de-grootmachten-te/?utm_source=corporate&utm_medium=referral&utm_campaign=rssfeed&utm_content=vrt-nws"
"VRT NWS (EN)";"EN";"2026-09-19";"CNN, MSNOW en Politico niet meer welkom in Witte Huis: ""Brengen voortdurend fake news""";"https://www.vrt.be/vrtnws/nl/2026/09/18/vs-cnn-msnow-politico-verbannen-uit-witte-huis/?utm_source=corporate&utm_medium=referral&utm_campaign=rssfeed&utm_content=vrt-nws"
"VRT NWS (EN)";"EN";"2026-09-19";"Vader van overleden 14-jarige Jairon is schuldig aan moord";"https://www.vrt.be/vrtnws/nl/2026/09/18/proces-beraad-jairon/?utm_source=corporate&utm_medium=referral&utm_campaign=rssfeed&utm_content=vrt-nws"
"VRT NWS (EN)";"EN";"2026-09-19";"Europol identificeert 70 mogelijke slachtoffers van mensensmokkel in Indiase restaurants in 5 Europese landen";"https://www.vrt.be/vrtnws/nl/2026/09/18/netwerk-opgerold-dat-mensen-uitbuitte-in-indiase-restaurants-in/?utm_source=corporate&utm_medium=referral&utm_campaign=rssfeed&utm_content=vrt-nws"
"VRT NWS (EN)";"EN";"2026-09-19";"""Rokken waren te breed en hoeden te hoog"": nieuwe expo Train World toont 200 jaar mode op de trein";"https://www.vrt.be/vrtnws/nl/2026/09/18/expo-fashion-trains-in-train-world/?utm_source=corporate&utm_medium=referral&utm_campaign=rssfeed&utm_content=vrt-nws"
"VRT NWS (EN)";"EN";"2026-09-19";"Archeologen ontdekken mogelijke constructie uit Eerste Wereldoorlog bij bouwwerken The Grand in Nieuwpoort";"https://www.vrt.be/vrtnws/nl/2026/09/18/archeologische-vondsten-the-grand-nieuwpoort-wo1/?utm_source=corporate&utm_medium=referral&utm_campaign=rssfeed&utm_content=vrt-nws"
"VRT NWS (EN)";"EN";"2026-09-19";"""Drugslab in Bree één van grootste actieve ooit van de voorbije jaren"": politie pakt na 4 mannen nu ook vrouwelijke verdachte op";"https://www.vrt.be/vrtnws/nl/2026/09/18/5e-arrestatie-drugslab-bree/?utm_source=corporate&utm_medium=referral&utm_campaign=rssfeed&utm_content=vrt-nws"
"VRT NWS (EN)";"EN";"2026-09-19";"Twee identieke tweelingkoppels trouwen: waarom ze toch niet zomaar van partner kunnen wisselen";"https://www.vrt.be/vrtnws/nl/2026/09/18/identieke-tweelingen-getrouwd-met-elkaar-inwisselbaar-cox-feenst/?utm_source=corporate&utm_medium=referral&utm_campaign=rssfeed&utm_content=vrt-nws"
"VRT NWS (EN)";"EN";"2026-09-19";"""Ik was nooit verder dan fietsen met zijwieltjes geraakt"": 4 volwassenen getuigen over leren fietsen op latere leeftijd";"https://www.vrt.be/vrtnws/nl/2026/09/15/mobiliteit-volwassen-die-leren-fietsen/?utm_source=corporate&utm_medium=referral&utm_campaign=rssfeed&utm_content=vrt-nws"
"VRT NWS (EN)";"EN";"2026-09-19";"Autovrije zondag of 50 jaar Visserijmuseum? Dit zijn onze 5 weekendtips";"https://www.vrt.be/vrtnws/nl/2026/09/17/autovrije-zondag-of-50-jaar-visserijmuseum-dit-zijn-onze-5-week/?utm_source=corporate&utm_medium=referral&utm_campaign=rssfeed&utm_content=vrt-nws"
"VRT NWS (EN)";"EN";"2026-09-19";"Wanneer wordt mijn gasaansluiting afgesloten en hoe haalbaar is dat? Jouw vragen over afbouw van aardgas beantwoord";"https://www.vrt.be/vrtnws/nl/2026/09/16/vragen-afbouw-aardgasnet-vlaanderen/?utm_source=corporate&utm_medium=referral&utm_campaign=rssfeed&utm_content=vrt-nws"
"VRT NWS (EN)";"EN";"2026-09-19";"""Trouwste vriend van Israël"": wie is Robert Kraft (85), de Joods-Amerikaanse miljardair die Macklemore van het podium weert";"https://www.vrt.be/vrtnws/nl/2026/09/16/wie-is-robert-kraft-de-joods-amerikaanse-miljardair-in-de-saga/?utm_source=corporate&utm_medium=referral&utm_campaign=rssfeed&utm_content=vrt-nws"
"VRT NWS (EN)";"EN";"2026-09-19";"De Wevers 'witte kaftje' met begrotingsideeën blijft een mysterie, maar dit weten we wel al";"https://www.vrt.be/vrtnws/nl/2026/09/14/begrotingsvoorstellen-wit-kaftje-de-wever/?utm_source=corporate&utm_medium=referral&utm_campaign=rssfeed&utm_content=vrt-nws"
"VRT NWS (EN)";"EN";"2026-09-19";"30e herdenking van dood van prinses Diana is pas voor volgende zomer, maar geldmachine draait nu al";"https://www.vrt.be/vrtnws/nl/2026/09/11/diana-in-2027-30-jaar-dood-hoe-de-herdenkingen-of-het-commerci/?utm_source=corporate&utm_medium=referral&utm_campaign=rssfeed&utm_content=vrt-nws"
"VRT NWS (EN)";"EN";"2026-09-19";"Waarom heeft Europa een eigen satellietnetwerk nodig? En komen we niet hopeloos te laat?";"https://www.vrt.be/vrtnws/nl/2026/09/11/iris2-waarom-europa-eigen-satellietnetwerk-nodig-heeft/?utm_source=corporate&utm_medium=referral&utm_campaign=rssfeed&utm_content=vrt-nws"
"VRT NWS (EN)";"EN";"2026-09-19";"ETF's winnen aan populariteit bij Belgische beleggers: zo werkt 'hangmatbeleggen'";"https://www.vrt.be/vrtnws/nl/2026/09/09/wat-zijn-etf-s-en-hoe-ga-je-ermee-aan-de-slag/?utm_source=corporate&utm_medium=referral&utm_campaign=rssfeed&utm_content=vrt-nws"
"VRT NWS (EN)";"EN";"2026-09-19";"Een logische afwezige en niemand met positieve tijdritbalans tegen hem: wie zijn de concurrenten van Remco Evenepoel?";"https://sporza.be/nl/2026/09/16/een-logische-afwezige-en-niemand-met-positieve-tijdritbalans-tegen-hem-wie-zijn-de-concurrenten-van-remco-evenepoel~1789570338825/"
"VRT NWS (EN)";"EN";"2026-09-19";"""Parcours moet me liggen"" versus ""liever iets meer interval"": Herregodts en Segaert blikken vooruit op WK tijdrijden";"https://sporza.be/nl/matches/wielrennen/wereldkampioenschappen/2026/wereldkampioenschappen-2026-parcours-moet-me-liggen-versus-liever-iets-meer-interval-herregodts-en-segaert-blikken-vooruit-op-wk-tijdrijden~1759432024650/"
"VRT NWS (EN)";"EN";"2026-09-19";"Belgisch kampioene Lotte Claes vindt lange afstand WK-tijdrit in haar voordeel: ""Al mocht het iets heuvelachtiger zijn""";"https://sporza.be/nl/matches/wielrennen/wereldkampioenschappen/2026/wereldkampioenschappen-2026-belgisch-kampioene-lotte-claes-vindt-lange-afstand-wk-tijdrit-in-haar-voordeel-al-mocht-het-iets-heuvelachtiger-zijn~1759432023949/"
"VRT NWS (EN)";"EN";"2026-09-19";"Luca Brecel heeft de smaak te pakken en plaatst zich net als Julien Leclercq voor International Championship";"https://sporza.be/nl/2026/09/18/luca-brecel-heeft-de-smaak-te-pakken-en-plaatst-zich-net-als-julien-leclercq-voor-international-championship~1789767987351/"
"VRT NWS (EN)";"EN";"2026-09-19";"Plots is een depanneur de meest beslissende Duivel: achtergrond bij de geslaagde 'position switch' van Maxim De Cuyper";"https://sporza.be/nl/2026/09/18/plots-is-een-depanneur-de-meest-beslissende-duivel-achtergrond-bij-de-geslaagde-position-switch-van-maxim-de-cuyper~1789714201585/"
"VRT NWS (EN)";"EN";"2026-09-19";"De Mil vreest voor Ngom na akelige knieblessure: ""Ik hoop dat mijn gevoel niet juist is...""";"https://sporza.be/nl/2026/09/19/de-mil-vreest-voor-ngom-na-akelige-knieblessure-ik-hoop-dat-mijn-gevoel-niet-juist-is~1789769436386/"
"VRT NWS (EN)";"EN";"2026-09-19";"Net als juniorenkoersen ziet Lotte Kopecky WK-tijdrit als prikkel richting wegrit: ""Ik heb niet echt een doel in mijn hoofd""";"https://sporza.be/nl/2026/09/19/net-als-juniorenkoersen-ziet-lotte-kopecky-wk-tijdrit-als-prikkel-richting-wegrit-ik-heb-niet-echt-een-doel-in-mijn-hoofd~1789796995329/"
"VRT NWS (EN)";"EN";"2026-09-19";"Peter Vandenbempt ziet ""logische selectie"" en waarschuwt voor zwaar vierluik: ""Kan flink wat munitie opleveren""";"https://sporza.be/nl/2026/09/18/peter-vandenbempt-ziet-logische-selectie-en-waarschuwt-voor-zwaar-vierluik-kan-flink-wat-munitie-opleveren~1789730970724/"
"VRT NWS (EN)";"EN";"2026-09-19";"Beperkte verkenning is ""ambetant"", maar WK-ambitie van Remco Evenepoel blijft glashelder: ""Je wil die trui niet afgeven""";"https://sporza.be/nl/2026/09/19/beperkte-verkenning-is-ambetant-maar-wk-ambitie-van-remco-evenepoel-blijft-glashelder-je-wil-die-trui-niet-afgeven~1789768810907/"
"VRT NWS (EN)";"EN";"2026-09-19";"Noor Vidts sluit eerste dag op zevenkamp van Talence als leidster af, net voor Nafi Thiam (die wel 4 seizoensbestes neerzet)";"https://sporza.be/nl/2026/09/14/noor-vidts-sluit-eerste-dag-op-zevenkamp-van-talence-als-leidster-af-net-voor-nafi-thiam-die-wel-4-seizoensbestes-neerzet~1789394566702/"
"VRT NWS (EN)";"EN";"2026-09-19";"Vroege vluchter Pepijn Reinderink verrast in koninginnenrit in Luxemburg, Van der Poel speelt geen rol en zakt weg";"https://sporza.be/nl/matches/wielrennen/ronde-van-luxemburg/2026/ronde-van-luxemburg-2026-rit-3-vroege-vluchter-pepijn-reinderink-verrast-in-koninginnenrit-in-luxemburg-van-der-poel-speelt-geen-rol-en-zakt-weg~1789391106649/"
"VRT NWS (EN)";"EN";"2026-09-19";"Tim Merlier vindt zijn eigen weg en vliegt met machtige spurt naar winst in Koolskamp Koers";"https://sporza.be/nl/2026/09/14/tim-merlier-vindt-zijn-eigen-weg-en-vliegt-met-machtige-spurt-naar-winst-in-koolskamp-koers~1789375904342/"
"VRT NWS (EN)";"EN";"2026-09-19";"Lennert Van Eetvelt houdt aanstormend peloton af in Ronde van Slovakije en wint voor het eerst in twee jaar nog eens";"https://sporza.be/nl/2026/09/18/lennert-van-eetvelt-houdt-aanstormend-peloton-af-in-ronde-van-slovakije-en-wint-voor-het-eerst-in-twee-jaar-nog-eens~1789743721817/"
"VRT NWS (EN)";"EN";"2026-09-19";"Bij Lommel stortte zijn wereld in, nu is hij (net als zijn vriendin) onverwacht international: de straffe droomsprong van Jari De Busser";"https://sporza.be/nl/2025/04/17/bij-lommel-stortte-zijn-wereld-in-nu-is-hij-net-als-zijn-vriendin-onverwacht-international-de-straffe-droomsprong-van-jari-de-busser~1744898944259/"
"VRT NWS (EN)";"EN";"2026-09-19";"Zwitsers merk zonder voetbalschoenen haalt meteen de vetste vis binnen: Kylian Mbappé ruilt Nike voor On";"https://sporza.be/nl/2026/09/18/zwitsers-merk-zonder-voetbalschoenen-haalt-meteen-de-vetste-vis-binnen-kylian-mbappe-ruilt-nike-voor-on~1789735536026/"
"VRT NWS (EN)";"EN";"2026-09-19";"Van Bommel zorgt voor enkele verrassingen in eerste selectie: Kyriani Sabbe en Jari De Busser maken debuut als Duivel, geen plaats voor Meunier";"https://sporza.be/nl/2026/09/18/van-bommel-zorgt-voor-enkele-verrassingen-in-eerste-selectie-kyriani-sabbe-en-jari-de-busser-maken-debuut-als-duivel-geen-plaats-voor-meunier~1789704790577/"
"RTBF Actus (FR)";"FR";"2026-09-19";"""Les soldats israéliens visent les civils""";"/article/remco-evenepoel-avant-le-chrono-des-mondiaux-un-parcours-technique-et-puissant-tout-ce-que-j-aime-11787481"
"RTBF Actus (FR)";"FR";"2026-09-19";"Remco avant le chrono des Championnats du monde de cyclisme";"/article/xenia-a-quitte-son-pays-la-russie-et-habite-en-ukraine-je-ne-me-sens-pas-comme-une-etrangere-11787124"
"RTBF Actus (FR)";"FR";"2026-09-19";"Le ""JRPG"" c'est encore un genre de jeu japonais ?";"/article/vu-d-europe-le-retour-des-pirates-somaliens-une-nouvelle-breche-dans-les-routes-commerciales-mondiales-11785614"
"RTBF Actus (FR)";"FR";"2026-09-19";"Noor Vidts en tête après la première journée d'heptathlon";"/article/bruxelles-un-metro-pas-comme-les-autres-on-a-du-mettre-en-uvre-des-techniques-innovantes-11786297"
"RTBF Actus (FR)";"FR";"2026-09-19";"Jean-Paul Sartre : un des auteurs les plus célébrés… et controversés";"/article/on-a-voulu-normaliser-mon-corps-coralie-transforme-son-calvaire-medical-en-arme-de-sensibilisation-11787357"
"RTBF Actus (FR)";"FR";"2026-09-19";"Le Poudlard belge existe !";"/article/on-a-voulu-normaliser-mon-corps-coralie-transforme-son-calvaire-medical-en-arme-de-sensibilisation-11787357"
"RTBF Actus (FR)";"FR";"2026-09-19";"L’IA va te trouver l’amour de ta vie !";"/article/les-etats-unis-le-danemark-et-le-groenland-annoncent-un-accord-sur-la-securite-du-territoire-arctique-11787482"
"RTBF Actus (FR)";"FR";"2026-09-19";"BJ Scott rencontre Thibault, un DJ Liégeois en situation de handicap";"/article/trafic-brievement-interrompu-a-l-aeroport-de-luxembourg-en-raison-de-drones-11787501"
"RTBF Actus (FR)";"FR";"2026-09-19";"PlayStation a perdu la tête ?";"/article/le-coach-de-nafi-thiam-ravi-apres-la-1re-journee-de-l-heptathlon-de-talence-pas-encore-a-100-mais-peut-etre-a-98-sur-cette-journee-11787483"
"RTBF Actus (FR)";"FR";"2026-09-19";"#L'enquête : des caméras dépassées face aux fusillades ?";"/article/nous-avons-plus-de-ministres-du-climat-que-d-avions-bombardiers-d-eau-groen-appelle-a-creer-une-cellule-interfederale-pour-gerer-la-politique-climatique-11787544"
"RTBF Actus (FR)";"FR";"2026-09-19";"La conspiration du silence : à la recherche du temps perdu";"/article/un-jour-une-carte-elections-legislatives-ce-week-end-en-russie-et-vladimir-poutine-a-deja-gagne-11784842"
"RTBF Actus (FR)";"FR";"2026-09-19";"Science : découverte d'une nouvelle espèce de félin";"/article/un-jour-une-carte-elections-legislatives-ce-week-end-en-russie-et-vladimir-poutine-a-deja-gagne-11784842"
"RTBF Actus (FR)";"FR";"2026-09-19";"Remco Evenepoel avant le chrono des Mondiaux : ""Un parcours technique et puissant, tout ce que j’aime""";"/article/la-diagonale-que-sonne-l-heure-de-mika-godts-11787221"
"RTBF Actus (FR)";"FR";"2026-09-19";"Xenia a quitté son pays, la Russie, et habite en Ukraine : ""Je ne me sens pas comme une étrangère""";"/article/le-standard-a-encore-craque-sur-phase-arretee-a-gand-c-est-nous-les-fautifs-peste-matthieu-epolo-11787534"
"RTBF Actus (FR)";"FR";"2026-09-19";"Vu d'Europe : le retour des pirates somaliens, une nouvelle brèche dans les routes commerciales mondiales";"/article/ocnc-suspense-inexistant-sur-le-chrono-des-mondiaux-impossible-que-remco-evenepoel-soit-battu-11784917"
"RTBF Actus (FR)";"FR";"2026-09-19";"Bruxelles, un métro pas comme les autres : ""On a dû mettre en œuvre des techniques innovantes""";"/article/coupe-davis-steve-darcis-est-l-un-des-meilleurs-capitaines-du-monde-11787523"
"RTBF Actus (FR)";"FR";"2026-09-19";"""On a voulu normaliser mon corps"" : Coralie transforme son calvaire médical en arme de sensibilisation";"/article/suivez-le-decastar-2026-avec-nafissatou-thiam-11781648"
"RTBF Actus (FR)";"FR";"2026-09-19";"""On a voulu normaliser mon corps"" : Coralie transforme son calvaire médical en arme de sensibilisation";"/article/nyege-nyege-debarque-a-bruxelles-avec-mirror-world-10987888"
"RTBF Actus (FR)";"FR";"2026-09-19";"Les Etats-Unis, le Danemark et le Groenland annoncent un accord sur la sécurité du territoire arctique";"/article/les-20-ans-de-l-album-continuum-de-john-mayer-11783060"
"RTBF Actus (FR)";"FR";"2026-09-19";"Trafic brièvement interrompu à l'aéroport de Luxembourg en raison de drones";"/article/l-ecrivain-jean-philippe-toussaint-la-chine-c-est-ma-grande-deception-11787282"
"RTBF Actus (FR)";"FR";"2026-09-19";"Le coach de Nafi Thiam ravi après la 1re journée de l'heptathlon de Talence : ""Pas encore à 100%, mais peut-être à 98% sur cette journée""";"/article/plus-de-270-activites-au-programme-des-journees-du-patrimoine-a-bruxelles-11787505"
"RTBF Actus (FR)";"FR";"2026-09-19";"""Nous avons plus de ministres du Climat que d’avions bombardiers d’eau"" : Groen appelle à créer une cellule interfédérale pour gérer la politique climatique";"/article/plus-de-270-activites-au-programme-des-journees-du-patrimoine-a-bruxelles-11787505"
"RTBF Actus (FR)";"FR";"2026-09-19";"Des élections législatives sans enjeu ce week-end en Russie ? Vladimir Poutine a-t-il déjà gagné ?";"/article/110-ans-apres-son-ecriture-un-texte-inedit-de-tolkien-est-enfin-publie-en-francais-11787409"
"RTBF Actus (FR)";"FR";"2026-09-19";"Des élections législatives sans enjeu ce week-end en Russie ? Vladimir Poutine a-t-il déjà gagné ?";"/article/saviez-vous-que-l-on-pouvait-retrouver-ces-5-monuments-europeens-dans-des-jeux-video-11787291"
"RTBF Actus (FR)";"FR";"2026-09-19";"La diagonale de Manuel Jous : que sonne l'heure de Mika Godts !";"/article/fanny-jandrain-celebre-les-fetes-de-wallonie-dans-une-emission-speciale-de-stoemp-peket-et-des-rawettes-11785542"
"RTBF Actus (FR)";"FR";"2026-09-19";"Le Standard a encore craqué sur phase arrêtée à Gand : ""C’est nous les fautifs"" peste Matthieu Epolo";"/article/l-univers-magnetique-et-la-plus-grande-carte-des-champs-magnetiques-cosmiques-realisee-a-ce-jour-11784931"
"RTBF Actus (FR)";"FR";"2026-09-19";"OCNC – Suspense inexistant sur le chrono des Mondiaux ? ""Impossible que Remco Evenepoel soit battu""";"/article/trump-interdit-l-entree-de-la-maison-blanche-a-plusieurs-medias-dont-cnn-11787449"
"RTBF Actus (FR)";"FR";"2026-09-19";"Coupe Davis : ""Steve Darcis est l’un des meilleurs capitaines du monde""";"/article/diables-rouges-mark-van-bommel-appelle-28-joueurs-dont-godts-lavia-keita-et-la-surprise-de-busser-11787085"
"RTBF Actus (FR)";"FR";"2026-09-19";"Décastar de Talence : Noor Vidts en tête, Nafi Thiam 2e grâce à une journée très positive (Direct vidéo 12h)";"/article/christophe-dujardin-nouvel-administrateur-general-de-la-rtbf-aborder-cette-nouvelle-mission-avec-humilite-ambition-et-independance-11787081"
"RTBF Actus (FR)";"FR";"2026-09-19";"Nyege Nyege débarque à Bruxelles avec Mirror World";"/article/stephane-plaza-voit-sa-condamnation-pour-violences-conjugales-alourdie-en-appel-18-mois-de-prison-avec-sursis-11787213"
"RTBF Actus (FR)";"FR";"2026-09-19";"Les 20 ans de l’album ""Continuum"" de John Mayer";"/article/journee-sans-voiture-a-bruxelles-tout-ce-qu-il-faut-savoir-11785416"
"RTBF Actus (FR)";"FR";"2026-09-19";"L'écrivain Jean-Philippe Toussaint : ""La Chine, c'est ma grande déception""";"/article/greve-des-controleurs-aeriens-a-charleroi-l-aeroport-prevoit-la-suppression-de-46-vols-samedi-si-la-greve-perdure-11787073"
"RTBF Actus (FR)";"FR";"2026-09-19";"Plus de 270 activités au programme des Journées du Patrimoine à Bruxelles";"/article/parlons-solutions-comment-fonctionne-une-ecole-numerique-11786994"
"RTBF Actus (FR)";"FR";"2026-09-19";"Plus de 270 activités au programme des Journées du Patrimoine à Bruxelles";"/article/parlons-solutions-comment-sauver-l-ecole-fusionner-les-pouvoirs-organisateurs-c-est-souhaitable-11786545"
"RTBF Actus (FR)";"FR";"2026-09-19";"110 ans après son écriture, un texte inédit de Tolkien est enfin publié en français";"/article/parlons-enseignement-apprendre-en-alternance-creer-avec-passion-le-parcours-de-batiste-11786019"
"RTBF Actus (FR)";"FR";"2026-09-19";"Saviez-vous que l’on pouvait retrouver ces 5 monuments européens dans des jeux vidéo ?";"/article/parlons-solutions-comment-sauver-l-ecole-quelles-pistes-de-solutions-pour-ameliorer-l-enseignement-11786240"
"RTBF Actus (FR)";"FR";"2026-09-19";"Fanny Jandrain célèbre les Fêtes de Wallonie dans une émission spéciale de Stoemp, Pékèt et des rawettes";"/article/parlons-solutions-comment-sauver-l-ecole-toutes-les-infos-a-connaitre-pour-le-prime-de-ce-mercredi-soir-11785418"
"RTBF Actus (FR)";"FR";"2026-09-19";"L’univers magnétique, et la plus grande carte des champs magnétiques cosmiques réalisée à ce jour";"/article/parlons-solutions-l-uclouvain-a-developpe-des-coachs-virtuels-une-ia-gratuite-et-encadree-pour-ses-etudiants-11785521"
"RTBF Actus (FR)";"FR";"2026-09-19";"Trump interdit l’entrée de la Maison Blanche à plusieurs médias dont CNN";"/article/l-estonie-le-pays-qui-autorise-l-ia-dans-toutes-ses-ecoles-secondaires-11784801"
"RTBF Actus (FR)";"FR";"2026-09-19";"Sélection des Diables Rouges : Mark van Bommel appelle 28 joueurs dont Godts, Lavia, Keita et la surprise De Busser";"/article/parlons-solutions-l-ecole-d-hier-et-d-aujourd-hui-vue-par-eliott-12-ans-et-sa-grand-mere-11784851"
"RTBF Actus (FR)";"FR";"2026-09-19";"Christophe Dujardin, nouvel administrateur général de la RTBF : ""Aborder cette nouvelle mission avec humilité, ambition et indépendance""";"/article/laurent-lefebvre-nouveau-recteur-de-l-umons-prepare-sa-premiere-rentree-11783584"
"RTBF Actus (FR)";"FR";"2026-09-19";"Stéphane Plaza voit sa condamnation pour violences conjugales alourdie en appel : 18 mois de prison avec sursis";"/article/le-standard-a-encore-craque-sur-phase-arretee-a-gand-c-est-nous-les-fautifs-peste-matthieu-epolo-11787534"
"RTBF Actus (FR)";"FR";"2026-09-19";"Journée sans voiture à Bruxelles : tout ce qu’il faut savoir";"/article/la-diagonale-que-sonne-l-heure-de-mika-godts-11787221"
"RTBF Actus (FR)";"FR";"2026-09-19";"Grève des contrôleurs aériens à Charleroi : l’aéroport prévoit la suppression de 46 vols samedi si la grève perdure";"/article/anderlecht-zulte-waregem-duel-interessant-dans-la-course-au-top-5-direct-audio-et-commente-20h45-11786113"
"RTBF Actus (FR)";"FR";"2026-09-19";"Parlons solutions : comment fonctionne une école numérique?";"/article/tielemans-capitaine-4-3-3-et-recuperation-rapide-van-bommel-trace-sa-ligne-directrice-11787185"
"RTBF Actus (FR)";"FR";"2026-09-19";"""Parlons Solutions – Comment sauver l’école ?"" : fusionner les pouvoirs organisateurs, c’est souhaitable ?";"/article/un-standard-plutot-convaincant-s-incline-contre-gand-burgess-sauveur-des-buffalos-11787459"
"RTBF Actus (FR)";"FR";"2026-09-19";"Parlons enseignement : apprendre en alternance, créer avec passion, le parcours de Batiste";"/article/thomas-meunier-ecarte-par-mark-van-bommel-il-aurait-du-etre-dans-la-selection-regrette-philippe-albert-11787177"
"RTBF Actus (FR)";"FR";"2026-09-19";"""Parlons Solutions – Comment sauver l’école ?"" : quelles pistes de solutions pour améliorer l’enseignement ?";"/article/diablotins-de-cat-stassin-et-vermant-appeles-par-gill-swerts-en-u21-11787220"
"RTBF Actus (FR)";"FR";"2026-09-19";"""Parlons solutions - Comment sauver l'école ?"" : revivez notre émission";"/article/jari-de-busser-l-illustre-inconnu-qui-debarque-chez-les-diables-rouges-il-realise-un-excellent-debut-de-saison-justifie-van-bommel-11787072"
"RTBF Actus (FR)";"FR";"2026-09-19";"Parlons solutions : l’UCLouvain a développé ""des coachs virtuels"", une IA gratuite et encadrée pour ses étudiants";"/article/diables-rouges-mark-van-bommel-souligne-le-merite-de-godts-et-les-qualites-specifiques-de-keita-lavia-et-openda-11787038"
"RTBF Actus (FR)";"FR";"2026-09-19";"L’Estonie, le pays qui autorise l’IA dans toutes ses écoles secondaires";"/article/suivez-le-decastar-2026-avec-nafissatou-thiam-11781648"
"RTBF Actus (FR)";"FR";"2026-09-19";"Parlons enseignement : l’école d’hier et d’aujourd’hui vue par Eliott, 12 ans et sa grand-mère";"/article/le-coach-de-nafi-thiam-ravi-apres-la-1re-journee-de-l-heptathlon-de-talence-pas-encore-a-100-mais-peut-etre-a-98-sur-cette-journee-11787483"
"RTBF Actus (FR)";"FR";"2026-09-19";"Laurent Lefebvre, nouveau recteur de l’UMons, prépare sa première rentrée";"/article/noor-vidts-en-tete-apres-la-1re-journee-de-l-heptatlon-a-talence-je-sens-que-mon-niveau-revient-11787475"
"RTBF Actus (FR)";"FR";"2026-09-19";"Le Standard a encore craqué sur phase arrêtée à Gand : ""C’est nous les fautifs"" peste Matthieu Epolo";"/article/frederic-xhonneux-avant-le-decastar-nafi-thiam-doit-se-faire-plaisir-de-retrouver-le-gout-de-la-competition-11786497"
"RTBF Actus (FR)";"FR";"2026-09-19";"La diagonale de Manuel Jous : que sonne l'heure de Mika Godts !";"/article/nafi-thiam-en-tete-d-affiche-au-decastar-de-talence-terminer-cette-saison-un-peu-difficile-sur-une-bonne-note-11786637"
"RTBF Actus (FR)";"FR";"2026-09-19";"Anderlecht - Zulte Waregem : duel intéressant dans la course au top 5 (Direct audio et commenté 20h45)";"/article/les-10-30-km-de-schaerbeek-le-rendez-vous-running-le-plus-ecologique-du-calendrier-belge-11786568"
"RTBF Actus (FR)";"FR";"2026-09-19";"Tielemans capitaine, 4-3-3 et récupération rapide : van Bommel trace sa ligne directrice";"/article/mondiaux-d-athletisme-nairobi-accueillera-la-premiere-edition-en-afrique-en-2029-munich-ville-hote-en-2031-11785447"
"RTBF Actus (FR)";"FR";"2026-09-19";"Gand bat un Standard plutôt convaincant et reste invaincu, Burgess se mue en ""sauveur"" des Buffalos";"/article/ultimate-championship-les-belges-performent-bien-bednarek-et-jefferson-wooden-en-surpuissance-11784493"
"RTBF Actus (FR)";"FR";"2026-09-19";"Thomas Meunier écarté par Mark van Bommel : ""Il aurait dû être dans la sélection"" regrette Philippe Albert";"/article/uitimate-championship-la-belgique-au-rendez-vous-avec-crestan-et-couckuyt-sur-la-2e-journee-un-chrono-canon-sur-400m-11784230"
"RTBF Actus (FR)";"FR";"2026-09-19";"Diablotins : De Cat, Stassin et Vermant appelés par Gill Swerts en U21";"/article/le-talent-cache-de-thibault-le-dj-liegeois-qui-surprend-bj-scott-dans-les-remarquables-11787226"
"RTBF Actus (FR)";"FR";"2026-09-19";"Jari De Busser, l’illustre inconnu qui débarque chez les Diables Rouges : ""Il réalise un excellent début de saison"", justifie van Bommel";"/article/fanny-jandrain-celebre-les-fetes-de-wallonie-dans-une-emission-speciale-de-stoemp-peket-et-des-rawettes-11785542"
"RTBF Actus (FR)";"FR";"2026-09-19";"Diables Rouges : Mark van Bommel souligne le ""mérite"" de Godts et les ""qualités spécifiques"" de Keita, Lavia et Openda";"/article/vous-considerez-que-notre-reportage-est-incomplet-un-droit-de-reponse-est-il-possible-11786650"
"RTBF Actus (FR)";"FR";"2026-09-19";"Décastar de Talence : Noor Vidts en tête, Nafi Thiam 2e grâce à une journée très positive (Direct vidéo 12h)";"/article/proximite-interaction-et-collaboration-comment-la-rtbf-ancre-ses-contenus-au-c-ur-des-regions-11786513"
"RTBF Actus (FR)";"FR";"2026-09-19";"Le coach de Nafi Thiam ravi après la 1re journée de l'heptathlon de Talence : ""Pas encore à 100%, mais peut-être à 98% sur cette journée""";"/article/que-fait-la-rtbf-de-vos-donnees-collecte-algorithmes-et-protection-de-la-vie-privee-decryptes-11776913"
"RTBF Actus (FR)";"FR";"2026-09-19";"Noor Vidts en tête après la 1re journée de l’heptatlon à Talence : ""Je sens que mon niveau revient""";"/article/enfant-illegitime-un-terme-a-eviter-sur-nos-antennes-11776723"
"RTBF Actus (FR)";"FR";"2026-09-19";"Frédéric Xhonneux avant le Décastar : ""Nafi Thiam doit se faire plaisir, de retrouver le goût de la compétition""";"/article/les-jeunes-et-l-actu-plus-informes-qu-on-ne-le-pense-mais-pas-a-l-abri-de-pieges-11763284"
"RTBF Actus (FR)";"FR";"2026-09-19";"Nafi Thiam en tête d’affiche au Décastar de Talence : ""Terminer cette saison un peu difficile sur une bonne note""";"/article/moderation-sur-les-reseaux-sociaux-le-defi-quotidien-de-la-rtbf-11758876"
"RTBF Actus (FR)";"FR";"2026-09-19";"Les 10,30 km de Schaerbeek : le rendez-vous running le plus écologique du calendrier belge";"/article/age-conseille-contenus-sensibles-une-nouvelle-signaletique-tele-des-le-1er-juillet-11745979"
"RTBF Actus (FR)";"FR";"2026-09-19";"Mondiaux d'athlétisme : Nairobi accueillera la première édition en Afrique en 2029, Munich ville hôte en 2031";"/article/bivouacs-du-journalisme-les-contacts-avec-le-public-sont-extremement-enrichissants-on-retire-le-micro-la-camera-jean-pierre-jacqmin-ancien-directeur-de-l-info-de-la-rtbf-11746010"
"RTBF Actus (FR)";"FR";"2026-09-19";"Ultimate Championship : les Belges performent bien, Bednarek et Jefferson-Wooden en surpuissance";"/article/coupe-du-monde-les-matchs-des-diables-rouges-aussi-pour-les-malvoyants-11743270"
"RTBF Actus (FR)";"FR";"2026-09-19";"UItimate Championship : la Belgique au rendez-vous avec Crestan et Couckuyt sur la 2e journée, un chrono canon sur 400m";"/article/des-invitations-pour-le-fiff-a-remporter-11785509"
"RTBF Actus (FR)";"FR";"2026-09-19";"Le talent caché de Thibault, le DJ liégeois qui surprend BJ Scott dans ""Les Remarquables""";"/article/concours-la-trois-c-est-pas-facile-d-etre-heureux-quand-on-va-mal-au-theatre-des-galeries-11787230"
"RTBF Actus (FR)";"FR";"2026-09-19";"Fanny Jandrain célèbre les Fêtes de Wallonie dans une émission spéciale de Stoemp, Pékèt et des rawettes";"/article/concours-des-places-de-cinema-lors-des-we-love-cinema-days-11601399"
"RTBF Actus (FR)";"FR";"2026-09-19";"Vous considérez que notre reportage est incomplet ? Un droit de réponse est-il possible ?";"/article/gagnez-vos-places-pour-le-concert-du-quatuor-fustier-au-festival-musiq3-brabant-wallon-11782881"
"RTBF Actus (FR)";"FR";"2026-09-19";"Comment la RTBF ancre ses contenus au cœur des régions : proximité, interactions et collaborations";"/article/gagnez-vos-places-pour-le-concert-de-doowy-a-l-ancienne-belgique-11778992"
"RTBF Actus (FR)";"FR";"2026-09-19";"Que fait la RTBF de vos données ? Collecte, algorithmes et protection de la vie privée décryptés";"/article/ecoutez-tipik-et-repartez-avec-le-nouvel-album-de-miley-en-version-vinyle-11786956"
"RTBF Actus (FR)";"FR";"2026-09-19";"""Enfant illégitime"" : un terme à éviter sur nos antennes";"/article/rencontrez-pierre-de-maere-au-sommet-de-bruxelles-pour-une-ecoute-exclusive-de-son-nouvel-album-11786499"
"RTBF Actus (FR)";"FR";"2026-09-19";"Les jeunes et l’actu : plus informés qu’on ne le pense mais pas à l’abri de pièges";"/article/un-loup-garou-geant-avec-samy-et-lou-11786675"
"RTBF Actus (FR)";"FR";"2026-09-19";"Modération sur les réseaux sociaux : le défi quotidien de la RTBF";"/article/concours-remportez-la-brochure-du-beau-velo-de-ravel-de-cet-ete-et-preparez-de-belles-sorties-velo-11785317"
"RTBF Actus (FR)";"FR";"2026-09-19";"Nouvelle signalétique TV : ce qui change ce 1er juillet";"/article/roger-taylor-le-batteur-de-queen-regle-ses-comptes-avec-le-monde-sur-son-septieme-album-solo-11787012"
"RTBF Actus (FR)";"FR";"2026-09-19";"Bivouacs du journalisme : ""Les contacts avec le public sont extrêmement enrichissants"", Jean-Pierre Jacqmin, ancien directeur de l’info de la RTBF";"/article/paul-mccartney-bob-dylan-neil-young-paul-simon-pourquoi-les-legendes-du-rock-continuent-elles-de-tourner-apres-80-ans-11787016"
"RTBF Actus (FR)";"FR";"2026-09-19";"Coupe du monde : les matchs des Diables Rouges aussi pour les malvoyants";"/article/diables-rouges-mark-van-bommel-appelle-28-joueurs-dont-godts-lavia-keita-et-la-surprise-de-busser-11787085"
"RTBF Actus (FR)";"FR";"2026-09-19";"Des invitations pour le FIFF à remporter";"/article/tielemans-capitaine-4-3-3-et-recuperation-rapide-van-bommel-trace-sa-ligne-directrice-11787185"
"RTBF Actus (FR)";"FR";"2026-09-19";"Concours La Trois : C'est pas facile d'être heureux quand on va mal au Théâtre des Galeries";"/article/jari-de-busser-l-illustre-inconnu-qui-debarque-chez-les-diables-rouges-il-realise-un-excellent-debut-de-saison-justifie-van-bommel-11787072"
"RTBF Actus (FR)";"FR";"2026-09-19";"We Love Cinema Days : gagnez 2 places de cinéma avec RTBF La Trois";"/article/thomas-meunier-ecarte-par-mark-van-bommel-il-aurait-du-etre-dans-la-selection-regrette-philippe-albert-11787177"
"RTBF Actus (FR)";"FR";"2026-09-19";"Gagnez vos places pour le concert du Quatuor Fustier au Festival Musiq3 Brabant wallon !";"https://auvio.rtbf.be/media/viva-week-end-viva-week-end-3518376"
"RTBF Actus (FR)";"FR";"2026-09-19";"Gagnez vos places pour le concert de Doowy à l’Ancienne Belgique";"https://auvio.rtbf.be/media/les-remarquables-bj-scott-rencontre-thibault-un-dj-liegeois-en-situation-de-handicap-3518121"
"RTBF Actus (FR)";"FR";"2026-09-19";"Le nouvel album de Miley vient de sortir et Tipik vous offre la version vinyle";"https://auvio.rtbf.be/media/la-note-parfaite-celine-dion-a-l-eurovision-portrait-d-une-competitrice-en-devenir-3517342"
"RTBF Actus (FR)";"FR";"2026-09-19";"Rencontrez Pierre de Maere au sommet de Bruxelles pour une écoute exclusive de son nouvel album";"https://auvio.rtbf.be/media/destination-france-destination-france-3517847"
"RTBF Actus (FR)";"FR";"2026-09-19";"Rencontrez Samy et Lou lors d’une partie géante de Loup-Garou";"https://auvio.rtbf.be/media/vizorek-raconte-le-cinema-belge-3443336"
"RTBF Actus (FR)";"FR";"2026-09-19";"Concours : remportez la brochure du Beau Vélo de RAVeL de cet été et préparez de belles sorties vélo";"https://auvio.rtbf.be/media/aline-le-vrai-faux-biopic-de-celine-dion-avec-valerie-lemercier-3517844"
"RTBF Actus (FR)";"FR";"2026-09-19";"Roger Taylor, le batteur de Queen, règle ses comptes avec le monde sur son septième album solo";"https://auvio.rtbf.be/media/le-voyageur-le-voyageur-le-village-assassine-3517840"
"RTBF Actus (FR)";"FR";"2026-09-19";"Paul McCartney, Bob Dylan, Neil Young, Paul Simon : pourquoi les légendes du rock continuent-elles de tourner après 80 ans ?";"https://auvio.rtbf.be/media/la-conspiration-du-silence-la-conspiration-du-silence-s03-3517829"
"RTBF Actus (FR)";"FR";"2026-09-19";"Sélection des Diables Rouges : Mark van Bommel appelle 28 joueurs dont Godts, Lavia, Keita et la surprise De Busser";"https://auvio.rtbf.be/media/c-est-du-belge-c-est-du-belge-3518135"
"RTBF Actus (FR)";"FR";"2026-09-19";"Tielemans capitaine, 4-3-3 et récupération rapide : van Bommel trace sa ligne directrice";"https://auvio.rtbf.be/media/au-bout-de-l-enquete-au-bout-de-l-enquete-3517808"
"RTBF Actus (FR)";"FR";"2026-09-19";"Jari De Busser, l’illustre inconnu qui débarque chez les Diables Rouges : ""Il réalise un excellent début de saison"", justifie van Bommel";"https://auvio.rtbf.be/media/meteo-meteo-climat-20h20-3518273"
"RTBF Actus (FR)";"FR";"2026-09-19";"Thomas Meunier écarté par Mark van Bommel : ""Il aurait dû être dans la sélection"" regrette Philippe Albert";"https://auvio.rtbf.be/media/culture-en-prime-culture-en-prime-3518272"
"France 24 (EN)";"EN";"2026-09-19";"Live: Russian strike on apartment building in Ukraine's Sumy kills at least two";"https://france24.com/en/europe/20260919-ukraine-live-russian-strike-on-apartment-building-in-ukraine-s-sumy-kills-at-least-two"
"France 24 (EN)";"EN";"2026-09-19";"Russia targets Kyiv with new missile attack";"https://france24.com/en/europe/20260918-live-voting-begins-in-russia-s-parliamentary-elections"
"France 24 (EN)";"EN";"2026-09-19";"Russia opens voting stations at border with Poland, Baltic states";"https://france24.com/en/europe/20260917-live-explosions-kyiv-us-congress-sanctions-moscow"
"France 24 (EN)";"EN";"2026-09-19";"Cuba hit with another nationwide blackout amid US fuel blockade";"https://france24.com/en/americas/20260919-cuba-s-power-grid-collapses-again-leaving-island-in-darkness"
"France 24 (EN)";"EN";"2026-09-19";"Trump says US, Denmark reach deal to expand military presence in Greenland";"https://france24.com/en/europe/20260918-greenland-denmark-us-deal-un-general-assembly"
"France 24 (EN)";"EN";"2026-09-19";"Trump bans media outlets CNN, MSNOW and Politico from the White House";"https://france24.com/en/americas/20260918-trump-bans-media-outlets-cnn-msnow-and-politico-from-white-house"
"France 24 (EN)";"EN";"2026-09-19";"Russia seizes assets of Swiss food giant Nestle and three French firms";"https://france24.com/en/europe/20260918-russia-seizes-assets-of-swiss-food-giant-nestle-and-three-french-firms"
"France 24 (EN)";"EN";"2026-09-19";"Macron orders plan to protect France's critical infrastructure against 'Russian hybrid attacks'";"https://france24.com/en/france/20260918-macron-orders-plan-to-protect-france-critical-infrastructure-against-russian-hybrid-attacks"
"France 24 (EN)";"EN";"2026-09-19";"France's new head coach Zidane unveils team line-up for Nations League matches";"https://france24.com/en/sport/20260918-france-new-head-coach-zidane-unveils-his-first-team-line-up-for-nations-league-matches-live"
"France 24 (EN)";"EN";"2026-09-19";"Indians living in Japan on stand-by to house Asian Games athletes";"https://france24.com/en/live-news/20260919-indians-living-in-japan-on-stand-by-to-house-asian-games-athletes"
"France 24 (EN)";"EN";"2026-09-19";"We don't want Games host Japan losing money, says Asian Olympic official";"https://france24.com/en/live-news/20260919-we-don-t-want-games-host-japan-losing-money-says-asian-olympic-official"
"France 24 (EN)";"EN";"2026-09-19";"Trump signs bill authorizing sweeping Russia sanctions";"https://france24.com/en/live-news/20260919-trump-signs-bill-authorizing-sweeping-russia-sanctions"
"France 24 (EN)";"EN";"2026-09-19";"US allows Iranian delegation to attend UN General Assembly";"https://france24.com/en/middle-east/20260917-middle-east-live-paris-talks-lebanese-army-unifil-israel-iran-yemen"
"France 24 (EN)";"EN";"2026-09-19";"Saudi Arabia accuses Houthis of targeting Mecca, calls it a 'red line'";"https://france24.com/en/middle-east/20260916-saudi-arabia-accuses-houthis-of-targeting-mecca-calling-it-a-red-line"
"France 24 (EN)";"EN";"2026-09-19";"Houthis report Saudi strikes as Riyadh accuses them of targeting Mecca";"https://france24.com/en/middle-east/20260916-middle-east-live-saudi-arabia-accuses-houthi-rebels-of-launching-a-drone-strike-on-mecca"
"France 24 (EN)";"EN";"2026-09-19";"Saudi Arabia vows to hit back ‘firmly’ after Houthi attacks";"https://france24.com/en/middle-east/20260915-middle-east-live-houthi-attacks-wound-13-civilians-in-southern-saudi-arabia"
"France 24 (EN)";"EN";"2026-09-19";"Police move hundreds of migrants still in Ceuta off beaches in Spanish enclave";"https://france24.com/en/europe/20260918-police-move-hundreds-of-migrants-still-in-ceuta-off-beaches-in-spanish-enclave"
"France 24 (EN)";"EN";"2026-09-19";"Russia votes in parliamentary election as war in Ukraine drags on";"https://france24.com/en/europe/20260918-russia-votes-in-wartime-parliamentary-election-set-to-secure-the-kremlin-power"
"France 24 (EN)";"EN";"2026-09-19";"Air France bets on caviar and champagne to lure luxury flyers";"https://france24.com/en/france/20260918-air-france-bets-on-caviar-and-champagne-lure-luxury-flyers"
"France 24 (EN)";"EN";"2026-09-19";"UEFA, CONCACAF demand FIFA make $2.1 billion payout to member groups amid funding row";"https://france24.com/en/sport/20260918-uefa-concacaf-demand-fifa-make-2-1-billion-payout-to-member-groups-amid-funding-row"
"France 24 (EN)";"EN";"2026-09-19";"Sweden's centre-left leader Andersson tasked with forming government after election";"https://france24.com/en/europe/20260918-sweden-s-centre-left-leader-andersson-tasked-with-forming-government-after-election"
"France 24 (EN)";"EN";"2026-09-19";"Mbappé quits Nike after career-long partnership for Swiss sports brand On";"https://france24.com/en/sport/20260918-mbapp%C3%A9-quits-nike-after-career-long-partnership-swiss-sports-brand-on"
"France 24 (EN)";"EN";"2026-09-19";"Early voting begins in US midterms that could see Republicans lose control of Congress";"https://france24.com/en/americas/20260918-early-voting-begins-in-us-midterms-that-could-see-republicans-lose-control-of-congress"
"France 24 (EN)";"EN";"2026-09-19";"Far-right politician Éric Zemmour joins 2027 French presidential race";"https://france24.com/en/france/20260918-far-right-politician-%C3%A9ric-zemmour-joins-2027-french-presidential-race"
"France 24 (EN)";"EN";"2026-09-19";"Fear and broken families: Inside a Texas ICE detention centre";"https://france24.com/en/tv-shows/reporters/20260918-reporters-fear-and-broken-families-inside-a-texas-ice-detention-centre"
"France 24 (EN)";"EN";"2026-09-19";"The Canada-EU partnership 'a classic win-win situation', economist says";"https://france24.com/en/tv-shows/a-propos/20260917-the-canada-eu-partnership-a-classic-win-win-situation-economist-says"
"France 24 (EN)";"EN";"2026-09-19";"It's not malicious, it's indifference: Thousands of books sent to AI woodchipper";"https://france24.com/en/tv-shows/spotlight/20260917-intent-not-malicious-it-s-indifference-thousands-if-not-millions-of-books-sent-to-ai-woodchipper"
"France 24 (EN)";"EN";"2026-09-19";"The Ceuta effect: how far will Europe's anti-migrant backlash go?";"https://france24.com/en/tv-shows/the-debate/20260917-the-ceuta-effect-how-far-will-europe-s-anti-migrant-backlash-go"
"France 24 (EN)";"EN";"2026-09-19";"'Sanctions won’t prevent us from doing our job' says ICC Prosecutor Mame Mandiaye Niang";"https://france24.com/en/tv-shows/perspective/20260917-sanctions-won-t-prevent-us-from-doing-our-job-says-icc-prosecutor-mame-mandiaye-niang"
"France 24 (EN)";"EN";"2026-09-19";"Nicolas Winding Refn on nearly dying, reuniting with Ryan Gosling and why 'polarisation is success'";"https://france24.com/en/tv-shows/arts24/20260917-nicolas-winding-refn-on-nearly-dying-reuniting-with-ryan-gosling-and-why-polarisation-is-success"
"France 24 (EN)";"EN";"2026-09-19";"Paris, the ultimate film set";"https://france24.com/en/tv-shows/entre-nous/20260917-paris-the-ultimate-film-set"
"France 24 (EN)";"EN";"2026-09-19";"‘Gut-wrenching pain’: First conviction in French school sex abuse scandal fails to quell parents’ anger";"https://france24.com/en/france/20260916-gut-wrenching-pain-first-conviction-in-french-school-sex-abuse-scandal-fails-to-quell-parents-anger"
"France 24 (EN)";"EN";"2026-09-19";"French candidates race to claim the cost-of-living issue ahead of 2027 vote";"https://france24.com/en/france/20260914-french-candidates-race-to-claim-the-cost-of-living-issue-ahead-of-2027-vote"
"France 24 (EN)";"EN";"2026-09-19";"Jewish ‘supercop’ runs on Arab ticket in Israeli polls – and sparks a storm";"https://france24.com/en/middle-east/20260912-jewish-supercop-runs-on-arab-ticket-in-israeli-polls-%E2%80%93-and-sparks-a-storm"
"France 24 (EN)";"EN";"2026-09-19";"Elections in Russia: the 1001 tricks to remove inconvenient candidates";"https://france24.com/en/europe/20260911-elections-in-russia-the-1001-tricks-to-remove-inconvenient-candidates"
"France 24 (EN)";"EN";"2026-09-19";"Europe and Canada are 'strong, even stronger together', Carney tells European Parliament";"https://france24.com/en/europe/20260917-live-carney-to-speak-after-trump-threatens-more-eu-tariffs-over-canada-s-associate-member-bid"
"France 24 (EN)";"EN";"2026-09-19";"Trump threatens EU with tariffs over 'laughable' Canada association plan";"https://france24.com/en/europe/20260917-trump-threatens-eu-with-tariffs-over-laughable-canada-association-plan"
"France 24 (EN)";"EN";"2026-09-19";"Ivorian footballer Malick Yalcouyé falsely accused of lying about his age";"https://france24.com/en/europe/20260916-ivorian-footballer-malick-yalcouy%C3%A9-falsely-accused-of-lying-about-his-age"
"France 24 (EN)";"EN";"2026-09-19";"Trump says 'major progress' made towards US military base in Poland";"https://france24.com/en/europe/20260918-trump-says-major-progress-made-toward-us-military-base-in-poland"
"France 24 (EN)";"EN";"2026-09-19";"Mbappé draws fire from right wing in France, Spain over Ceuta t-shirt controversy";"https://france24.com/en/europe/20260917-real-madrid-s-mbapp%C3%A9-draws-criticism-from-far-right-over-ceuta-t-shirt-controversy"
"France 24 (EN)";"EN";"2026-09-19";"Rare Aztec manuscript returns to Mexico on loan after nearly two centuries in France";"https://france24.com/en/americas/20260917-rare-aztec-manuscript-returns-to-mexico-on-loan-after-nearly-two-centuries-in-france"
"France 24 (EN)";"EN";"2026-09-19";"US Midterms: Russian disinformation campaign targets Democrats";"https://france24.com/en/tv-shows/truth-or-fake/20260917-us-midterms-russian-disinformation-campaign-targets-democrats"
"France 24 (EN)";"EN";"2026-09-19";"Viral Putin, Modi and Xi selfie at BRICS summit is AI-generated";"https://france24.com/en/tv-shows/truth-or-fake/20260915-viral-putin-modi-and-xi-selfie-at-brics-summit-is-ai-generated"
"France 24 (EN)";"EN";"2026-09-19";"Hate speech against Rohingya refugees on the rise in Malaysia";"https://france24.com/en/tv-shows/the-observers/20260911-hate-speech-rohingya-refugees-rise-malaysia"
"France 24 (EN)";"EN";"2026-09-19";"‘I’m spending my savings just to survive’: Iran’s economic crisis fuels new protests";"https://france24.com/en/middle-east/20260910-iran-economic-crisis-protests-war-repression"
"France 24 (EN)";"EN";"2026-09-19";"JNIM jihadists step up incursions into northern Benin";"https://france24.com/en/tv-shows/the-observers/20260909-jnim-jihadists-step-up-incursions-northern-benin"
"France 24 (EN)";"EN";"2026-09-19";"The church by the airport: Inside Russia’s suspected spy activities in Sweden";"https://france24.com/en/europe/20250704-the-church-by-the-airport-inside-russia-s-suspected-spy-activities-in-sweden"
"France 24 (EN)";"EN";"2026-09-19";"Searching for radioactive waste in the depths of the Atlantic";"https://france24.com/en/environment/20250607-searching-radioactive-waste-depths-atlantic-france-nuclear"
"France 24 (EN)";"EN";"2026-09-19";"‘Unwavering friendship’: The true story of nine women who escaped a Nazi death march";"https://france24.com/en/europe/20250429-true-story-nine-women-who-escaped-nazi-death-march-ravensbruck"
"France 24 (EN)";"EN";"2026-09-19";"Pope Francis, first Latin American pontiff and champion of the forgotten";"https://france24.com/en/europe/20250421-pope-francis-first-latin-american-pontiff-dies-after-double-pneumonia-battle"
"France 24 (EN)";"EN";"2026-09-19";"Haiti’s independence ransom: Macron offers ‘truth’, Haitians want reparations";"https://france24.com/en/americas/20250417-haiti-independence-ransom-macron-offers-truth-haitians-want-reparations-slavery"
"France 24 (EN)";"EN";"2026-09-19";"Saved from destruction: Paris show offers glimpse of Gaza’s archaeological treasures";"https://france24.com/en/culture/20250403-saved-from-destruction-paris-exhibition-offers-glimpse-of-gaza-archaeological-treasures"
"France 24 (EN)";"EN";"2026-09-19";"'The Bibi Files': Documentary reveals the police interrogations behind Netanyahu’s graft trial";"https://france24.com/en/middle-east/20240910-the-bibi-files-documentary-reveals-the-police-interrogations-behind-netanyahu-s-graft-trial"
"France 24 (EN)";"EN";"2026-09-19";"Wildfires, heatwaves threaten global air quality and health, UN warns";"https://france24.com/en/environment/20260907-wildfires-heatwaves-global-air-quality-health-un"
"France 24 (EN)";"EN";"2026-09-19";"Expert warns of 'hotter summers, more wildfires, more drought and more floods'";"https://france24.com/en/tv-shows/perspective/20260901-expert-warns-of-hotter-summers-more-wildfires-more-drought-and-more-floods"
"France 24 (EN)";"EN";"2026-09-19";"'Glaciers in Himalayas retreating': Nepal floods triggered by 'glacier collapse & massive landslide'";"https://france24.com/en/video/20260901-glaciers-in-himalayas-retreating-nepal-floods-triggered-by-glacier-collapse-massive-landslide"
"France 24 (EN)";"EN";"2026-09-19";"Agnes Obel captures the cosmic feelings of motherhood";"https://france24.com/en/tv-shows/arts24/20260918-agnes-obel-captures-the-cosmic-feelings-of-motherhood"
"France 24 (EN)";"EN";"2026-09-19";"'We don't just want to hear Ed Sheeran sing and play guitar, we want to know his politics'";"https://france24.com/en/tv-shows/spotlight/20260917-we-want-to-know-his-politics-we-don-t-just-want-to-hear-ed-sheeran-sing-songs-and-play-guitar"
"France 24 (EN)";"EN";"2026-09-19";"Monica Bellucci in a chilling French home-invasion thriller";"https://france24.com/en/tv-shows/arts24/20260916-monica-bellucci-in-a-chilling-french-home-invasion-thriller"
"France 24 (EN)";"EN";"2026-09-19";"France: Zinédine Zidane brings a breath of fresh air to Les Bleus";"https://france24.com/en/tv-shows/sports/20260919-france-zin%C3%A9dine-zidane-brings-a-breath-of-fresh-air-to-les-bleus"
"France 24 (EN)";"EN";"2026-09-19";"At least 37 suspected illegal miners die in custody in central Nigeria";"https://france24.com/en/africa/20260918-37-suspected-illegal-miners-die-in-custody-in-central-nigeria"
"France 24 (EN)";"EN";"2026-09-19";"AI: Silicon Species or Trojan Horse? Riyadh Calling, Russia Votes & the Ed Sheeran debate";"https://france24.com/en/tv-shows/the-world-this-week/20260918-time-to-stop-suggesting-ai-is-conscious-riyadh-calling-saudi-s-hour-of-news-russian-elections"
"France 24 (EN)";"EN";"2026-09-19";"US approves $24.3 billion sale of 48 F-35 warplanes to Saudi Arabia";"https://france24.com/en/middle-east/20260918-us-approves-24-3-billion-sale-of-48-f-35-warplanes-to-saudi-arabia"
"France 24 (EN)";"EN";"2026-09-19";"War in Iran 'jeopardises the Trump presidency', ex-Obama National Security Council member says";"https://france24.com/en/tv-shows/t%C3%AAte-%C3%A0-t%C3%AAte/20260918-war-in-iran-jeopardises-the-trump-presidency-ex-obama-national-security-council-member-says"
"France 24 (EN)";"EN";"2026-09-19";"A Sydney Sweeney ad goes viral: Are we all just being played?";"https://france24.com/en/tv-shows/the-51/20260918-sydney-sweeney-ad-goes-viral-are-we-all-just-being-played"
"France 24 (EN)";"EN";"2026-09-19";"We’re ideally placed to chair EU budget negotiations, says Irish Minister of State";"https://france24.com/en/tv-shows/talking-europe/20260918-we-re-ideally-placed-to-chair-eu-budget-negotiations-says-irish-minister-of-state"
"France 24 (EN)";"EN";"2026-09-19";"AI safety: No, China will not hit the brakes";"https://france24.com/en/tv-shows/access-asia/20260918-ai-safety-no-china-will-not-hit-the-brakes"
"France 24 (EN)";"EN";"2026-09-19";"Erdogan to sidestep Turkey’s constitutional term limits in early 2028 vote, adviser says";"https://france24.com/en/asia-pacific/20260917-turkey-s-erdogan-to-run-in-early-2028-vote-sidestepping-constitutional-term-limit"
"France 24 (EN)";"EN";"2026-09-19";"Hong Kong unveils first five-year plan to cement position as global financial hub";"https://france24.com/en/asia-pacific/20260916-hong-kong-unveils-first-five-year-plan-to-cement-position-as-global-financial-hub"
"France 24 (EN)";"EN";"2026-09-19";"Transforming Payments in the DRC: A Leap Towards a Digital Future";"https://france24.com/en/sponsored-content/20250923-transforming-payments-in-the-drc-a-leap-towards-a-digital-future"
"France 24 (EN)";"EN";"2026-09-19";"Africa's $88 billion solutions: How ATAF fights illicit financial flows";"https://france24.com/en/sponsored-content/20250108-africa-s-88-billion-solutions-how-ataf-fights-illicit-financial-flows"
"France 24 (EN)";"EN";"2026-09-19";"Burundi: innovative solutions to fight stunting in children";"https://france24.com/en/sponsored-content/20240122-burundi-innovative-solutions-to-fight-stunting-in-children"
"France 24 (EN)";"EN";"2026-09-19";"Child malnutrition in Burundi: concrete actions to help children";"https://france24.com/en/sponsored-content/20231215-child-malnutrition-in-burundi-concrete-actions-to-help-children"
"France 24 (EN)";"EN";"2026-09-19";"Interview of Anthony Ginter, President & CEO - WEO";"https://france24.com/en/sponsored-content/20230911-interview-of-anthony-ginter-president-ceo-weo"
"France 24 (EN)";"EN";"2026-09-19";"2026";"https://france24.com/en/archives/2026/01/"
"France 24 (EN)";"EN";"2026-09-19";"2025";"https://france24.com/en/archives/2025/01/"
"France 24 (EN)";"EN";"2026-09-19";"2024";"https://france24.com/en/archives/2024/01/"
"France 24 (EN)";"EN";"2026-09-19";"2023";"https://france24.com/en/archives/2023/01/"
"France 24 (EN)";"EN";"2026-09-19";"2022";"https://france24.com/en/archives/2022/01/"
"France 24 (EN)";"EN";"2026-09-19";"2021";"https://france24.com/en/archives/2021/01/"
"France 24 (EN)";"EN";"2026-09-19";"2020";"https://france24.com/en/archives/2020/01/"
"Le Monde (FR)";"FR";"2026-09-19";"Le Monde’s app";"https://www.lemonde.fr/en/about-us/article/2023/09/06/le-monde-in-english-now-available-on-our-mobile-app_6125308_115.html"
"Le Monde (FR)";"FR";"2026-09-19";"A$AP Rocky, the rapper reinventing masculinity";"https://www.lemonde.fr/en/m-le-mag/article/2026/09/19/a-ap-rocky-the-rapper-reinventing-masculinity_6757695_117.html"
"Le Monde (FR)";"FR";"2026-09-19";"In Paris, Jay-Z marks 30 years in music with dazzling precision and relentless energy";"https://www.lemonde.fr/en/culture/article/2026/09/11/in-paris-jay-z-marks-30-years-in-music-with-dazzling-precision-and-relentless-energy_6757418_30.html"
"Le Monde (FR)";"FR";"2026-09-19";"Demi Festival, celebration of French rap, turns 10";"https://www.lemonde.fr/en/culture/article/2026/08/05/demi-festival-celebration-of-french-rap-turns-10_6756191_30.html"
"Le Monde (FR)";"FR";"2026-09-19";"Denmark says Greenland security deal with US 'good for NATO and Europe'";"https://www.lemonde.fr/en/international/article/2026/09/18/trump-says-us-and-denmark-reach-deal-to-expand-military-presence-in-greenland_6757690_4.html"
"Le Monde (FR)";"FR";"2026-09-19";"Why Macron is warning against risk of Russian hybrid warfare in France";"https://www.lemonde.fr/en/international/article/2026/09/19/why-macron-is-warning-against-risk-of-russian-hybrid-warfare-in-france_6757694_4.html"
"Le Monde (FR)";"FR";"2026-09-19";"Ahead of Israel's legislative elections, opposition to Benjamin Netanyahu weakened by internal divisions";"https://www.lemonde.fr/en/international/article/2026/09/19/ahead-of-israel-s-legislative-elections-opposition-to-benjamin-netanyahu-weakened-by-internal-divisions_6757693_4.html"
"Le Monde (FR)";"FR";"2026-09-19";"At the Lyon Biennale's 18th edition, art and the economy converse with one another";"https://www.lemonde.fr/en/culture/article/2026/09/19/at-the-18th-lyon-biennale-art-and-the-economy-converse-with-one-another_6757699_30.html"
"Le Monde (FR)";"FR";"2026-09-19";"At the Guimet Museum in Paris, the Korean art of trompe-l'œil libraries";"https://www.lemonde.fr/en/culture/article/2026/09/19/at-the-guimet-museum-in-paris-the-korean-art-of-trompe-l-il-libraries_6757696_30.html"
"Le Monde (FR)";"FR";"2026-09-19";"In Depth   Damien Leloup and  Florian Reynaud Subscribers onlyHow a TikTok rumor about the Yellow Vests' return spread  Calls to revive France's Yellow Vest protest movement, which began in November 2018, have recently appeared on social media.    3 min read";"https://www.lemonde.fr/en/politics/article/2026/09/19/how-a-tiktok-rumor-about-the-yellow-vests-return-spread_6757698_5.html"
"Le Monde (FR)";"FR";"2026-09-19";"Trump bans CNN, MS NOW and Politico from White House over coverage";"https://www.lemonde.fr/en/international/article/2026/09/18/trump-bans-cnn-ms-now-and-politico-from-white-house-over-coverage_6757688_4.html"
"Le Monde (FR)";"FR";"2026-09-19";"'The 'Z' bloggers have begun accusing not Putin, but everyone else around him: The military hierarchy, the government, and the media propagandists'";"https://www.lemonde.fr/en/international/article/2026/09/18/the-z-bloggers-have-begun-accusing-not-putin-but-everyone-else-around-him-the-military-hierarchy-the-government-and-the-media-propagandists_6757689_4.html"
"Le Monde (FR)";"FR";"2026-09-19";"Human Rights Watch sees 'pause' in Venezuela repression but urges deeper reforms";"https://www.lemonde.fr/en/international/article/2026/09/19/human-rights-watch-sees-pause-in-venezuela-repression-but-urges-deeper-reforms_6757697_4.html"
"Le Monde (FR)";"FR";"2026-09-19";"Greek women's rights pioneer Margaret Papandreou dies";"https://www.lemonde.fr/en/obituaries/article/2026/09/19/greek-women-s-rights-pioneer-margaret-papandreou-dies_6757692_15.html"
"Le Monde (FR)";"FR";"2026-09-19";"Russian tennis player Blinkova switches allegiance to France";"https://www.lemonde.fr/en/sports/article/2026/09/19/russian-tennis-player-blinkova-switches-allegiance-to-france_6757691_9.html"
"Le Monde (FR)";"FR";"2026-09-19";"Le Pen's presidential rivals attack her on foreign policy";"https://www.lemonde.fr/en/politics/article/2026/09/18/le-pen-s-presidential-rivals-attack-her-on-foreign-policy_6757674_5.html"
"Le Monde (FR)";"FR";"2026-09-19";"Storms brew over the Eiffel Tower";"https://www.lemonde.fr/en/politics/article/2026/09/18/storms-brew-over-the-eiffel-tower_6757685_5.html"
"Le Monde (FR)";"FR";"2026-09-19";"Russian journalist Roman Badanin: 'For Putin, the war in Ukraine is simply a means to stay in power'";"https://www.lemonde.fr/en/books/article/2026/09/18/russian-journalist-roman-badanin-for-putin-the-war-in-ukraine-is-simply-a-means-to-stay-in-power_6757684_33.html"
"Le Monde (FR)";"FR";"2026-09-19";"Russia seizes assets of Nestlé and French firms Auchan and Leroy Merlin";"https://www.lemonde.fr/en/international/article/2026/09/18/russia-seizes-assets-of-french-firms-auchan-and-leroy-merlin_6757662_4.html"
"Le Monde (FR)";"FR";"2026-09-19";"Disney taps Character.AI CEO as first tech chief";"https://www.lemonde.fr/en/pixels/article/2026/09/18/disney-taps-character-ai-ceo-as-first-tech-chief_6757687_13.html"
"Le Monde (FR)";"FR";"2026-09-19";"As UN peacekeepers in Lebanon pack up, fears grow that Israel could 'do anything, without witnesses'";"https://www.lemonde.fr/en/international/article/2026/09/18/as-un-peacekeepers-in-lebanon-pack-up-fears-grow-that-israel-could-do-anything-without-witnesses_6757665_4.html"
"Le Monde (FR)";"FR";"2026-09-19";"Feature   Manon Rescan Subscribers onlyIn Camembert country, drought exhausts apples, livestock and people  While Normandy is not the region of France most affected by drought this year, the signs are tangible. It has raised questions about the future of cider and milk production.    7 min read";"https://www.lemonde.fr/en/economy/article/2026/09/18/in-camembert-country-drought-exhausts-apples-livestock-and-people_6757651_19.html"
"Le Monde (FR)";"FR";"2026-09-19";"Investigation   Ariane Chemin and  Guillaume Herbaut Subscribers onlyUncovering the lair of the 'Butcher of Bucha'  Russian Colonel Azatbek Omurbekov's men carried out massacres of Ukrainians in the Kyiv region in March 2022. Le Monde traced his presence to a school in a Ukrainian village near the capital, Andriivka, from where he gave his orders.    16 min read";"https://www.lemonde.fr/en/international/article/2026/09/17/war-in-ukraine-uncovering-the-lair-of-the-butcher-of-bucha_6757640_4.html"
"Le Monde (FR)";"FR";"2026-09-19";"Interview   Jacques Follorou Subscribers only'For the US authorities, the Taliban are reliable partners'  Political scientist Olivier Roy explains why, a quarter of a century after the 2001 terrorist attacks, the US has no choice but to normalize its relations with the Taliban, who, at the time, protected Al-Qaeda and harbored it in Afghanistan.    7 min read";"https://www.lemonde.fr/en/international/article/2026/09/17/for-the-us-authorities-the-taliban-are-reliable-partners_6757637_4.html"
"Le Monde (FR)";"FR";"2026-09-19";"Editorial Europe is determined to protect itself   Le Monde";"https://www.lemonde.fr/en/international/article/2026/09/17/europe-is-determined-to-protect-itself_6757626_4.html"
"Le Monde (FR)";"FR";"2026-09-19";"Column Subscribe'The Abraham Accords have fueled war rather than peace in the Middle East'      Jean-Pierre Filiu Historian and professor at Sciences Po Paris";"https://www.lemonde.fr/en/opinion/article/2026/09/14/the-abraham-accords-have-fueled-war-rather-than-peace-in-the-middle-east_6757492_23.html"
"Le Monde (FR)";"FR";"2026-09-19";"Editorial French presidential election: A deep desire for change   Le Monde";"https://www.lemonde.fr/en/opinion/article/2026/09/14/french-presidential-election-a-deep-desire-for-change_6757504_23.html"
"Le Monde (FR)";"FR";"2026-09-19";"Macron warns of Russian 'hybrid' threat after meeting with parties";"https://www.lemonde.fr/en/france/article/2026/09/18/macron-orders-protection-of-france-s-infrastructure-against-russian-hybrid-attacks_6757676_7.html"
"Le Monde (FR)";"FR";"2026-09-19";"France arrests far-right policeman suspected of planning terror attack";"https://www.lemonde.fr/en/france/article/2026/09/18/france-arrests-far-right-policeman-suspected-of-planning-terror-attack_6757655_7.html"
"Le Monde (FR)";"FR";"2026-09-19";"New France boss Zidane confirms Mbappé as captain after naming first squad";"https://www.lemonde.fr/en/sports/article/2026/09/18/new-france-boss-zidane-confirms-mbappe-as-captain-after-naming-first-squad_6757682_9.html"
"Le Monde (FR)";"FR";"2026-09-19";"Charte du Groupe";"https://www.lemonde.fr/actualite-medias/article/2010/11/03/la-charte-d-ethique-et-de-deontologie-du-groupe-le-monde_1434737_3236.html"
"Le Monde (FR)";"FR";"2026-09-19";"Group Policy";"https://www.lemonde.fr/en/about-us/article/2022/04/06/groupe-le-monde-s-code-of-ethics-and-professional-conduct_5979823_115.html"
"Le Monde (FR)";"FR";"2026-09-19";"RSS feed";"https://www.lemonde.fr/en/about-us/article/2026/03/27/le-monde-rss-feeds_6751860_115.html"
"RFI Afrique (FR)";"FR";"2026-09-19";"2026";"https://www.rfi.fr/fr/archives/2026/01/"
"RFI Afrique (FR)";"FR";"2026-09-19";"2025";"https://www.rfi.fr/fr/archives/2025/01/"
"RFI Afrique (FR)";"FR";"2026-09-19";"2024";"https://www.rfi.fr/fr/archives/2024/01/"
"RFI Afrique (FR)";"FR";"2026-09-19";"2023";"https://www.rfi.fr/fr/archives/2023/01/"
"RFI Afrique (FR)";"FR";"2026-09-19";"2022";"https://www.rfi.fr/fr/archives/2022/01/"
"RFI Afrique (FR)";"FR";"2026-09-19";"2021";"https://www.rfi.fr/fr/archives/2021/01/"
"RFI Afrique (FR)";"FR";"2026-09-19";"2020";"https://www.rfi.fr/fr/archives/2020/01/"
"RTL (FR)";"FR";"2026-09-19";"Politique";"https://rtl.fr/actu/politique"
"RTL (FR)";"FR";"2026-09-19";"International";"https://rtl.fr/actu/international"
"RTL (FR)";"FR";"2026-09-19";"Justice et faits divers";"https://rtl.fr/actu/justice-faits-divers"
"RTL (FR)";"FR";"2026-09-19";"Conso";"https://rtl.fr/actu/economie-consommation"
"RTL (FR)";"FR";"2026-09-19";"Food";"https://rtl.fr/actu/food"
"RTL (FR)";"FR";"2026-09-19";"Santé";"https://rtl.fr/actu/bien-etre"
"RTL (FR)";"FR";"2026-09-19";"Société";"https://rtl.fr/actu/debats-societe"
"RTL (FR)";"FR";"2026-09-19";"Tech";"https://rtl.fr/actu/sciences-tech"
"RTL (FR)";"FR";"2026-09-19";"Arts Spectacles";"https://rtl.fr/culture/arts-spectacles"
"RTL (FR)";"FR";"2026-09-19";"Ciné Séries";"https://rtl.fr/culture/cine-series"
"RTL (FR)";"FR";"2026-09-19";"Médias et people";"https://rtl.fr/culture/medias-people"
"RTL (FR)";"FR";"2026-09-19";"Musique";"https://rtl.fr/culture/musique"
"RTL (FR)";"FR";"2026-09-19";"Culture Générale";"https://rtl.fr/culture/culture-generale"
"RTL (FR)";"FR";"2026-09-19";"Humour";"https://rtl.fr/culture/humour"
"RTL (FR)";"FR";"2026-09-19";"Histoire";"https://rtl.fr/culture/histoire"
"RTL (FR)";"FR";"2026-09-19";"Football";"https://rtl.fr/sport/football"
"RTL (FR)";"FR";"2026-09-19";"Autres sports";"https://rtl.fr/sport/autres-sports"
"France Inter (FR)";"FR";"2026-09-19";"Isabelle Adjani : ""J'ai en horreur l'âgisme, mais je ne me plaindrai pas""";"https://radiofrance.fr/franceinter/podcasts/totemic/totemic-du-vendredi-18-septembre-2026-7592429"
"France Inter (FR)";"FR";"2026-09-19";"Aides sur le carburant et quotas de pêche : les pêcheurs lèvent leurs blocages après leur réunion avec Catherine Chabaud";"https://radiofrance.fr/franceinter/podcasts/l-info-de-france-inter/l-info-de-france-inter-3483039"
"France Inter (FR)";"FR";"2026-09-19";"L'info de France Inter";"https://radiofrance.fr/franceinter/podcasts/les-documents-france-inter"
"France Inter (FR)";"FR";"2026-09-19";"Joueur, entraîneur puis sélectionneur: les métamorphoses de Zinedine Zidane";"https://radiofrance.fr/franceinter/podcasts/recto-verso/recto-invite-3-du-samedi-19-septembre-2026-2246755"
"France Inter (FR)";"FR";"2026-09-19";"Israël-Palestine : ""Nous sommes complètement au point mort"", déplore Robert Malley, ancien haut fonctionnaire américain";"https://radiofrance.fr/franceinter/podcasts/l-invite-de-7h50/l-invite-de-7h50-du-we-du-vendredi-18-septembre-2026-4505143"
"France Inter (FR)";"FR";"2026-09-19";"Samu Urgences de France appelle à ""agir"" pour ne pas revivre ""l'hiver 2025"" et ""l'été hors norme"" de cette année";"https://radiofrance.fr/franceinter/podcasts/l-invite-de-6h20/la-question-de-6h20-du-vendredi-18-septembre-2026-6715039"
"France Inter (FR)";"FR";"2026-09-19";"Le Canada va-t-il intégrer l'Union européenne ? ""Nous sommes plus forts ensemble"", selon le Premier ministre Mark Carney";"https://radiofrance.fr/franceinter/podcasts/l-info-de-france-inter/l-info-de-france-inter-8485756"
"France Inter (FR)";"FR";"2026-09-19";"La crue meurtrière au Népal a été causée par une instabilité géologique accentuée par le changement climatique";"https://radiofrance.fr/franceinter/podcasts/l-info-de-france-inter/la-crue-meurtriere-au-nepal-a-ete-causee-par-une-instabilite-geologique-accentuee-par-le-changement-climatique-8802756"
"France Inter (FR)";"FR";"2026-09-19";"Le RN a maintenu José Beaurain, un député soupçonné de détournement d'argent public, malgré des alertes internes";"https://radiofrance.fr/franceinter/podcasts/l-info-de-france-inter/derives-presumees-du-depute-jose-beaurain-des-alertes-internes-negligees-par-le-rn-4397309"
"France Inter (FR)";"FR";"2026-09-19";"""Un déchaînement d'atrocités"": Amnesty International accuse l'Iran de crimes contre l'humanité contre son peuple en 2022";"https://radiofrance.fr/franceinter/podcasts/l-info-de-france-inter/iran-9269895"
"France Inter (FR)";"FR";"2026-09-19";"Hommage à Catherine Ringer avec extraits d'interviews et de live sur Inter";"https://radiofrance.fr/franceinter/podcasts/hommage-a/hommage-a-catherine-ringer-du-mardi-15-septembre-2026-1005715"
"France Inter (FR)";"FR";"2026-09-19";"Loi intégrale : la députée Céline Thiébault-Martinez demande une ""clarification"" après les annonces de Sébastien Lecornu";"https://radiofrance.fr/franceinter/podcasts/l-info-de-france-inter/loi-integrale-la-deputee-celine-thiebault-martinez-demande-une-clarification-apres-les-annonces-de-sebastien-lecornu-7403791"
"France Inter (FR)";"FR";"2026-09-19";"""It's fake news"" : Donald Trump bannit CNN de la Maison-Blanche";"https://radiofrance.fr/franceinter/podcasts/l-info-de-france-inter/l-info-de-france-inter-2157676"
"France Inter (FR)";"FR";"2026-09-19";"Pour Laurent Jacobelli, l'exécutif demande ""aux Français un effort pour assumer la mauvaise gestion des macronistes""";"https://radiofrance.fr/franceinter/podcasts/l-invite-de-7h50/l-invite-de-7h50-du-we-du-samedi-19-septembre-2026-6998748"
"France Inter (FR)";"FR";"2026-09-19";"L'invité de 7h50";"https://radiofrance.fr/franceinter/podcasts/l-invite-de-7h50-du-week-end"
"France Inter (FR)";"FR";"2026-09-19";"""À quoi ça sert de faire des jeux vidéo dans un monde qui brûle ?"" : comment les développeurs européens vivent la crise";"https://radiofrance.fr/franceinter/podcasts/l-info-de-france-inter/l-info-de-france-inter-5666360"
"France Inter (FR)";"FR";"2026-09-19";"Mélissa-Asli Petit et Alain Jardel";"https://radiofrance.fr/franceinter/podcasts/l-invite-du-13-14/l-invite-du-13-14-du-vendredi-18-septembre-2026-8062200"
"France Inter (FR)";"FR";"2026-09-19";"L'invité du 13/14";"https://radiofrance.fr/franceinter/podcasts/l-invite-du-13h00"
"France Inter (FR)";"FR";"2026-09-19";"Le journal de 8h du week-end";"https://radiofrance.fr/franceinter/podcasts/le-journal-de-8h-du-week-end"
"France Inter (FR)";"FR";"2026-09-19";"""La Maison des os et de la pluie"" de Gabino Iglesias, une sombre histoire de vengeance à Porto Rico";"https://radiofrance.fr/franceinter/podcasts/le-polar-sonne-toujours-2-fois/le-polar-sonne-toujours-2-fois-du-jeudi-17-septembre-2026-2291630"
"France Inter (FR)";"FR";"2026-09-19";"Lilia Hassaine";"https://radiofrance.fr/franceinter/podcasts/rien-ne-s-oppose-a-la-nuit/rien-ne-s-oppose-a-la-nuit-du-lundi-31-aout-2026-3444181"
"France Inter (FR)";"FR";"2026-09-19";"Yannick Haenel : ""La rupture, c'est le début de la vocation""";"https://radiofrance.fr/franceinter/podcasts/le-grand-portrait/le-grand-portrait-du-lundi-07-septembre-2026-9287050"
"France Inter (FR)";"FR";"2026-09-19";"""C'était ça ou mourir"" de Thelyson Orélien, exil et résilience";"https://radiofrance.fr/franceinter/podcasts/le-grand-portrait/le-grand-portrait-du-jeudi-03-septembre-2026-5280607"
"France Inter (FR)";"FR";"2026-09-19";"""Une éclaircie"" de Jean-Baptiste Del Amo : comment son corps a changé son regard sur le monde";"https://radiofrance.fr/franceinter/podcasts/l-invite-de-7h50-du-week-end/l-invite-de-7h50-du-we-du-dimanche-30-aout-2026-2767136"
"France Inter (FR)";"FR";"2026-09-19";"Jean-Philippe Toussaint publie ""La Hantise""";"https://radiofrance.fr/franceinter/podcasts/le-grand-atelier/le-grand-atelier-du-dimanche-30-aout-2026-1560875"
"France Inter (FR)";"FR";"2026-09-19";"Adèle Haenel pour son livre ""Viser juste"" : des mots pour penser le réel";"https://radiofrance.fr/franceinter/podcasts/totemic/totemic-du-vendredi-28-aout-2026-9167302"
"France Inter (FR)";"FR";"2026-09-19";"""À voix haute"" : l'enquête familiale de Polina Panassenko à l'époque de la Russie stalinienne a séduit Le Masque";"https://radiofrance.fr/franceinter/podcasts/le-masque-et-la-plume/a-voix-haute-de-polina-panassenko-2511870"
"France Inter (FR)";"FR";"2026-09-19";"""Ce qui nous frôle sous la surface"" de Colum McCann : le Masque a eu du mal à retenir sa respiration";"https://radiofrance.fr/franceinter/podcasts/le-masque-et-la-plume/ce-qui-nous-frole-sous-la-surface-de-colum-mccann-8357623"
"France Inter (FR)";"FR";"2026-09-19";"""Un sombre été"" de Vera Buck : un thriller au cœur d'un village fantôme de la Sardaigne";"https://radiofrance.fr/franceinter/podcasts/le-polar-sonne-toujours-2-fois/le-polar-sonne-toujours-2-fois-du-jeudi-27-aout-2026-8102938"
"France Inter (FR)";"FR";"2026-09-19";"Recto-Verso";"https://radiofrance.fr/franceinter/podcasts/recto-verso"
"France Inter (FR)";"FR";"2026-09-19";"Le 6/9";"https://radiofrance.fr/franceinter/podcasts/le-6-9"
"France Inter (FR)";"FR";"2026-09-19";"Franc-jeu";"https://radiofrance.fr/franceinter/podcasts/franc-jeu"
"France Inter (FR)";"FR";"2026-09-19";"Franche culture";"https://radiofrance.fr/franceinter/podcasts/franche-culture"
"France Inter (FR)";"FR";"2026-09-19";"Les ailes de géant";"https://radiofrance.fr/franceinter/podcasts/les-ailes-de-geant"
"France Inter (FR)";"FR";"2026-09-19";"Le 18/20";"https://radiofrance.fr/franceinter/podcasts/le-18-20"
"France Inter (FR)";"FR";"2026-09-19";"C'est loin mais c'est beau";"https://radiofrance.fr/franceinter/podcasts/c-est-loin-mais-c-est-beau"
"France Inter (FR)";"FR";"2026-09-19";"Le Billet de Thomas Poitevin";"https://radiofrance.fr/franceinter/podcasts/vero-la-gestionnaire-de-communautes"
"France Inter (FR)";"FR";"2026-09-19";"Rien ne s'oppose à la nuit";"https://radiofrance.fr/franceinter/podcasts/rien-ne-s-oppose-a-la-nuit"
"France Inter (FR)";"FR";"2026-09-19";"La chronique de Samuel Jensky";"https://radiofrance.fr/franceinter/podcasts/la-chronique-de-samuel-jensky"
"France Inter (FR)";"FR";"2026-09-19";"La chronique de Camille Tissot";"https://radiofrance.fr/franceinter/podcasts/la-chronique-de-camille-tissot"
"France Inter (FR)";"FR";"2026-09-19";"Nos vies numériques";"https://radiofrance.fr/franceinter/podcasts/nos-vies-numeriques"
"France Inter (FR)";"FR";"2026-09-19";"La Revue de presse";"https://radiofrance.fr/franceinter/podcasts/la-revue-de-presse"
"France Inter (FR)";"FR";"2026-09-19";"Tout va trop vite";"https://radiofrance.fr/franceinter/podcasts/les-histoires-du-monde"
"France Inter (FR)";"FR";"2026-09-19";"Le Billet de Jessé";"https://radiofrance.fr/franceinter/podcasts/la-chronique-de-jesse"
"France Inter (FR)";"FR";"2026-09-19";"L'édito de Dov Alfon";"https://radiofrance.fr/franceinter/podcasts/dov-alfon-en-toute-subjectivite"
"France Inter (FR)";"FR";"2026-09-19";"Soft planète";"https://radiofrance.fr/franceinter/podcasts/soft-planete"
"France Inter (FR)";"FR";"2026-09-19";"Un jeudi soir sur la terre";"https://radiofrance.fr/franceinter/podcasts/un-jeudi-soir-sur-la-terre"
"France Inter (FR)";"FR";"2026-09-19";"Le petit carnet de campagne";"https://radiofrance.fr/franceinter/podcasts/petits-carnets-de-campagne"
"France Inter (FR)";"FR";"2026-09-19";"Chez la belle-famille";"https://radiofrance.fr/franceinter/podcasts/chez-la-belle-famille"
"France Inter (FR)";"FR";"2026-09-19";"En 1830, qu’allaient donc faire les Français en débarquant à Alger ?";"https://radiofrance.fr/franceinter/podcasts/serie-en-1830-qu-allaient-donc-faire-les-francais-en-debarquant-a-alger"
"France Inter (FR)";"FR";"2026-09-19";"Le Masque et la Nouvelle Vague";"https://radiofrance.fr/franceinter/podcasts/serie-le-masque-et-la-nouvelle-vague"
"France Inter (FR)";"FR";"2026-09-19";"Canicules";"https://radiofrance.fr/franceinter/podcasts/serie-canicules"
"France Inter (FR)";"FR";"2026-09-19";"Que s’est-il passé en Europe entre les XIVe et XVIe siècles pour qu’on ose parler de ""Renaissance""  ?";"https://radiofrance.fr/franceinter/podcasts/serie-que-s-est-il-passe-en-europe-entre-les-xive-et-xvie-siecles-pour-qu-on-ose-parler-de-renaissance"
"France Inter (FR)";"FR";"2026-09-19";"Masterclass autour de Jay-Z et de l’album ""The Blueprint""";"https://radiofrance.fr/franceinter/podcasts/masterclass-d-inter/les-masterclass-d-inter-du-vendredi-11-septembre-2026-5317913"
"France Inter (FR)";"FR";"2026-09-19";"The Cure en concert exceptionnel au festival Rock en Seine";"https://radiofrance.fr/franceinter/podcasts/les-concerts-d-inter/concert-inter-the-cure-3228788"
"France Inter (FR)";"FR";"2026-09-19";"""L'invitation"", ""Sham"" et ""La ligne bleue"" : les sorties ciné de la semaine";"https://radiofrance.fr/franceinter/podcasts/cine-mercredi/mercredi-cinema-du-mercredi-16-septembre-2026-4743308"
"France Inter (FR)";"FR";"2026-09-19";"Ciné mercredi";"https://radiofrance.fr/franceinter/podcasts/mercredi-cinema"
"France Inter (FR)";"FR";"2026-09-19";"""Les contrebandiers"", ""Histoires de la nuit"", ""L'invitation"", ""Sham"", quels films faut-il aller voir cette semaine ?";"https://radiofrance.fr/franceinter/podcasts/les-sorties-cinema-de-la-semaine/les-sorties-cinema-de-la-semaine-du-samedi-19-septembre-2026-3332448"
"France Inter (FR)";"FR";"2026-09-19";"Les sorties cinéma de la semaine";"https://radiofrance.fr/franceinter/podcasts/les-sorties-cinema-de-la-semaine"
"France Inter (FR)";"FR";"2026-09-19";"""La Vie d'une femme"", ""Les Survivants du Che"" et ""Pressure"" : les sorties ciné de la semaine";"https://radiofrance.fr/franceinter/podcasts/cine-mercredi/mercredi-cinema-du-mercredi-09-septembre-2026-2879160"
"France Inter (FR)";"FR";"2026-09-19";"Guerre civile en Birmanie : le récit de l'après-Aung San Suu Kyi";"https://radiofrance.fr/franceinter/podcasts/l-info-de-france-inter/guerre-civile-en-birmanie-le-recit-de-l-apres-aung-san-suu-kyi-4840303"
"France Inter (FR)";"FR";"2026-09-19";"Iyad Ag Ghali, le djihadiste qui défie le Mali";"https://radiofrance.fr/franceinter/podcasts/l-info-de-france-inter/iyad-ag-ghali-le-djihadiste-qui-defile-le-mali-4200074"
"France Inter (FR)";"FR";"2026-09-19";"Poutine, le tsar soviétique";"https://radiofrance.fr/franceinter/podcasts/serie-poutine-le-tsar-sovietique"
"France Inter (FR)";"FR";"2026-09-19";"Alfred Dreyfus, le combat de la République";"https://radiofrance.fr/franceinter/podcasts/serie-alfred-dreyfus-le-combat-de-la-republique"
"France Inter (FR)";"FR";"2026-09-19";"Simone de Beauvoir, itinéraire d'une jeune fille rangée";"https://radiofrance.fr/franceinter/podcasts/serie-simone-de-beauvoir-itineraire-d-une-jeune-fille-rangee"
"France Inter (FR)";"FR";"2026-09-19";"Sigmaringen, le crépuscule des bourreaux";"https://radiofrance.fr/franceinter/podcasts/serie-le-crepuscule-des-bourreaux"
"France Inter (FR)";"FR";"2026-09-19";"Mafia - Meurtres et trahisons : histoires de familles";"https://radiofrance.fr/franceinter/podcasts/serie-mafia-meurtres-et-trahisons-histoires-de-familles"
"France Inter (FR)";"FR";"2026-09-19";"Cache-cache";"https://radiofrance.fr/franceinter/podcasts/serie-cache-cache"
"France Inter (FR)";"FR";"2026-09-19";"C'est la rentrée des P'tits Bateaux";"https://radiofrance.fr/franceinter/podcasts/serie-c-est-la-rentree-des-p-tits-bateaux"
"France Inter (FR)";"FR";"2026-09-19";"Tina et les boucliers de Mars";"https://radiofrance.fr/franceinter/podcasts/serie-tina-et-les-boucliers-de-mars"
"France Inter (FR)";"FR";"2026-09-19";"Les aventures du professeur Caillou";"https://radiofrance.fr/franceinter/podcasts/les-aventures-du-professeur-caillou"
"France Inter (FR)";"FR";"2026-09-19";"Bestioles, nouveaux épisodes !";"https://radiofrance.fr/franceinter/podcasts/bestioles"
"France Inter (FR)";"FR";"2026-09-19";"Une histoire et... Oli, nouveaux épisodes !";"https://radiofrance.fr/franceinter/podcasts/une-histoire-et-oli"
"France Inter (FR)";"FR";"2026-09-19";"Les Odyssées, nouveaux épisodes !";"https://radiofrance.fr/franceinter/podcasts/les-odyssees"
"France Inter (FR)";"FR";"2026-09-19";"Mini vulgaire : les véhicules";"https://radiofrance.fr/franceinter/podcasts/serie-mini-vulgaire-les-vehicules"
"France Inter (FR)";"FR";"2026-09-19";"Chuchote-moi une histoire";"https://radiofrance.fr/franceinter/podcasts/chuchote-moi-une-histoire"
"France Inter (FR)";"FR";"2026-09-19";"La censure du roman “Ravages” de Violette Leduc";"https://radiofrance.fr/franceinter/podcasts/affaires-sensibles/affaires-sensibles-du-vendredi-18-septembre-2026-7074194"
"France Inter (FR)";"FR";"2026-09-19";"Affaires sensibles";"https://radiofrance.fr/franceinter/podcasts/affaires-sensibles"
"France Inter (FR)";"FR";"2026-09-19";"L'invité : l’historien Jérôme Bimbenet";"https://radiofrance.fr/franceinter/podcasts/affaires-sensibles/affaires-sensibles-l-invite-du-jeudi-17-septembre-2026-2287183"
"France Inter (FR)";"FR";"2026-09-19";"Leni Riefenstahl, la cinéaste surdouée du régime nazi - Le récit";"https://radiofrance.fr/franceinter/podcasts/affaires-sensibles/affaires-sensibles-le-recit-du-jeudi-17-septembre-2026-5868363"
"France Inter (FR)";"FR";"2026-09-19";"Leni Riefenstahl, une cinéaste problématique - L'intégrale";"https://radiofrance.fr/franceinter/podcasts/affaires-sensibles/affaires-sensibles-du-jeudi-17-septembre-2026-2143729"
"France Inter (FR)";"FR";"2026-09-19";"Le Masque et Patrick Modiano";"https://radiofrance.fr/franceinter/podcasts/serie-le-masque-et-patrick-modiano"
"France Inter (FR)";"FR";"2026-09-19";"Les concerts d'Inter";"https://radiofrance.fr/franceinter/podcasts/les-concerts-d-inter"
"France Inter (FR)";"FR";"2026-09-19";"Révélations";"https://radiofrance.fr/franceinter/podcasts/revelations"
"France Inter (FR)";"FR";"2026-09-19";"Afghanistan, le tourisme sans les femmes";"https://radiofrance.fr/franceinter/podcasts/interception/interception-du-dimanche-08-mars-2026-4136320"
"France Inter (FR)";"FR";"2026-09-19";"Taylor Swift, le monde, ma fille et moi";"https://radiofrance.fr/franceinter/podcasts/taylor-swift-le-monde-ma-fille-et-moi"
"France Inter (FR)";"FR";"2026-09-19";"Les déportés";"https://radiofrance.fr/franceinter/podcasts/serie-les-deportes"
"France Inter (FR)";"FR";"2026-09-19";"Etats-Unis : ce pays qui marie ses enfants";"https://radiofrance.fr/franceinter/podcasts/interception/interception-du-dimanche-05-mars-2023-8505277"
"France Inter (FR)";"FR";"2026-09-19";"Sur les traces d'Ousmane Dembélé";"https://radiofrance.fr/franceinter/podcasts/serie-sur-les-traces-d-ousmane-dembele"
"France Inter (FR)";"FR";"2026-09-19";"Collégiennes à vendre";"https://radiofrance.fr/franceinter/podcasts/interception/interception-du-dimanche-12-octobre-2025-2574397"
"France Inter (FR)";"FR";"2026-09-19";"Définir et appliquer le pluralisme dans les medias audiovisuels";"https://radiofrance.fr/franceinter/podcasts/recto-verso/recto-le-grand-entretien-du-samedi-19-septembre-2026-6222510"
"France Inter (FR)";"FR";"2026-09-19";"Les formes de cybercriminalité et leurs réponses judiciaires.";"https://radiofrance.fr/franceinter/podcasts/recto-verso/recto-invite-1-du-samedi-19-septembre-2026-3412247"
"France Inter (FR)";"FR";"2026-09-19";"Cybercriminalité, pluralisme et football français au programme ce samedi.";"https://radiofrance.fr/franceinter/podcasts/recto-verso/recto-du-samedi-19-septembre-2026-8929717"
"France Inter (FR)";"FR";"2026-09-19";"Bruno Dumont pour le film ""Les Roches rouges""";"https://radiofrance.fr/franceinter/podcasts/on-aura-tout-vu/on-aura-tout-vu-du-samedi-19-septembre-2026-5365748"
"France Inter (FR)";"FR";"2026-09-19";"On aura tout vu";"https://radiofrance.fr/franceinter/podcasts/on-aura-tout-vu"
"France Inter (FR)";"FR";"2026-09-19";"En deux mots  par Nicolas Demorand du samedi 19 septembre 2026";"https://radiofrance.fr/franceinter/podcasts/en-deux-mots/en-deux-mots-par-nicolas-demorand-du-samedi-19-septembre-2026-2661285"
"France Inter (FR)";"FR";"2026-09-19";"En deux mots";"https://radiofrance.fr/franceinter/podcasts/en-deux-mots"
"France Inter (FR)";"FR";"2026-09-19";"La gratuité des musées le dimanche, d'où ça vient ?";"https://radiofrance.fr/franceinter/podcasts/petites-mythologies-du-week-end/petites-mythologies-du-week-end-du-samedi-19-septembre-2026-9037109"
"France Inter (FR)";"FR";"2026-09-19";"Petites mythologies du week-end";"https://radiofrance.fr/franceinter/podcasts/petite-histoire-d-un-grand-livre"
"France Inter (FR)";"FR";"2026-09-19";"Le mouvement de rébellion au Yémen fait trembler le monde";"https://radiofrance.fr/franceinter/podcasts/geopolitique/geopolitique-du-samedi-19-septembre-2026-2628910"
"France Inter (FR)";"FR";"2026-09-19";"Géopolitique";"https://radiofrance.fr/franceinter/podcasts/geopolitique"
"France Inter (FR)";"FR";"2026-09-19";"Science sans conscience n’est que ruine de l’âme";"https://radiofrance.fr/franceinter/podcasts/juste-avant-le-big-bang/juste-avant-le-big-bang-du-samedi-19-septembre-2026-3442030"
"France Inter (FR)";"FR";"2026-09-19";"Juste avant le Big Bang";"https://radiofrance.fr/franceinter/podcasts/juste-avant-le-big-bang"
"France Inter (FR)";"FR";"2026-09-19";"Emmanuel Macron et les chefs des partis politiques s'étrillent sur la question du prix du carburant";"https://radiofrance.fr/franceinter/podcasts/l-info-de-france-inter/l-info-de-france-inter-6395488"
"France Inter (FR)";"FR";"2026-09-19";"Budget 2027 : ""Des coupes d'effectifs auront lieu dans les établissements publics de l'environnement"", alerte le SNE-FSU";"https://radiofrance.fr/franceinter/podcasts/l-info-de-france-inter/l-info-de-france-inter-ademe-2323267"
"France Inter (FR)";"FR";"2026-09-19";"En quête de sens";"https://radiofrance.fr/franceinter/podcasts/tout-va-bien-dans-ce-monde/tout-va-bien-dans-ce-monde-du-vendredi-18-septembre-2026-5118401"
"France Inter (FR)";"FR";"2026-09-19";"Tout va bien dans ce monde";"https://radiofrance.fr/franceinter/podcasts/tout-va-bien-dans-ce-monde"
"France Inter (FR)";"FR";"2026-09-19";"La présidence de la BCE, l'autre bataille politique";"https://radiofrance.fr/franceinter/podcasts/l-edito-eco-vsd/l-economie-vue-par-beatrice-matthieu-du-samedi-19-septembre-2026-5253301"
"France Inter (FR)";"FR";"2026-09-19";"L'édito éco VSD";"https://radiofrance.fr/franceinter/podcasts/l-economie-vue-par"
"France Inter (FR)";"FR";"2026-09-19";"Alice Guy, la grande oubliée de l'Histoire du cinéma";"https://radiofrance.fr/franceinter/podcasts/delmas-fait-son-cinema/delmas-fait-son-cinema-du-samedi-19-septembre-2026-1070144"
"France Inter (FR)";"FR";"2026-09-19";"Delmas fait son cinéma";"https://radiofrance.fr/franceinter/podcasts/delmas-fait-son-cinema"
"France Inter (FR)";"FR";"2026-09-19";"Est ce qu'il est possible de casser du verre juste avec sa voix comme la Castafiore dans Tintin ?";"https://radiofrance.fr/franceinter/podcasts/les-p-tits-bateaux/les-p-tits-bateaux-du-vendredi-18-septembre-2026-7671219"
"France Inter (FR)";"FR";"2026-09-19";"Les P'tits Bateaux";"https://radiofrance.fr/franceinter/podcasts/les-p-tits-bateaux"
"France Inter (FR)";"FR";"2026-09-19";"Laura Felpin : ""L'humour entraîne l'amour et vive versa""";"https://radiofrance.fr/franceinter/podcasts/grand-bien-vous-fasse/grand-bien-vous-fasse-du-vendredi-18-septembre-2026-5153816"
"France Inter (FR)";"FR";"2026-09-19";"Grand bien vous fasse !";"https://radiofrance.fr/franceinter/podcasts/grand-bien-vous-fasse"
"France Inter (FR)";"FR";"2026-09-19";"Avec un arbre généalogique infini, est-ce qu'on obtient qu'on est tous cousins ?";"https://radiofrance.fr/franceinter/podcasts/les-p-tits-bateaux/les-p-tits-bateaux-du-jeudi-17-septembre-2026-6782518"
"France Inter (FR)";"FR";"2026-09-19";"Matthieu Lartot et la ""protéine mania""";"https://radiofrance.fr/franceinter/podcasts/franche-culture/franche-culture-du-jeudi-17-septembre-2026-2520328"
"France Inter (FR)";"FR";"2026-09-19";"Pourquoi n'arrivons-nous pas à finir ?";"https://radiofrance.fr/franceinter/podcasts/grand-bien-vous-fasse/grand-bien-vous-fasse-du-jeudi-17-septembre-2026-3343032"
"France Inter (FR)";"FR";"2026-09-19";"Quand l’IA devient notre psy";"https://radiofrance.fr/franceinter/podcasts/le-pas-de-cote-de-sylvie-chokron/le-pas-de-cote-de-sylvie-chokron-du-mardi-15-septembre-2026-9258397"
"France Inter (FR)";"FR";"2026-09-19";"Le pas de côté de Sylvie Chokron";"https://radiofrance.fr/franceinter/podcasts/le-pas-de-cote-de-sylvie-chokron"
"France Inter (FR)";"FR";"2026-09-19";"""Singin' in the rain"" euphorisante comédie musicale au théâtre du Lido";"https://radiofrance.fr/franceinter/podcasts/les-rendez-vous-d-anna/classic-n-co-du-samedi-19-septembre-2026-4439690"
"France Inter (FR)";"FR";"2026-09-19";"classic & co";"https://radiofrance.fr/franceinter/podcasts/classic-co"
"France Inter (FR)";"FR";"2026-09-19";"Une contre-enquête féministe à partir du conte ""Barbe Bleue""";"https://radiofrance.fr/franceinter/podcasts/zoom-zoom-zen/zoom-zoom-zen-du-vendredi-18-septembre-2026-8119178"
"France Inter (FR)";"FR";"2026-09-19";"Zoom Zoom Zen";"https://radiofrance.fr/franceinter/podcasts/zoom-zoom-zen"
"France Culture (FR)";"FR";"2026-09-19";"Photographier le patrimoine, figé pour l’éternité";"https://radiofrance.fr/franceculture/podcasts/le-cours-de-l-histoire/photographier-le-patrimoine-fige-pour-l-eternite-5489100"
"France Culture (FR)";"FR";"2026-09-19";"Orgasme : un plaisir caché dans l'histoire des sciences";"https://radiofrance.fr/franceculture/podcasts/sciences-chrono/orgasme-la-petite-mort-dans-l-angle-mort-de-l-histoire-des-sciences-4564893"
"France Culture (FR)";"FR";"2026-09-19";"Prix des carburants : la colère gronde";"https://radiofrance.fr/franceculture/podcasts/journal-de-12h30/journal-de-12h30-du-mardi-15-septembre-2026-1765683"
"France Culture (FR)";"FR";"2026-09-19";"Journal de 12h30";"https://radiofrance.fr/franceculture/podcasts/journal-de-12h30"
"France Culture (FR)";"FR";"2026-09-19";"“Vivre et écrire sont pour moi très synonymes” : Annie Ernaux est l'invitée des Matins";"https://radiofrance.fr/franceculture/podcasts/l-invite-e-des-matins/vivre-et-ecrire-est-pour-moi-tres-synonyme-annie-ernaux-est-l-invitee-des-matins-5480289"
"France Culture (FR)";"FR";"2026-09-19";"Russie : les élections et la guerre";"https://radiofrance.fr/franceculture/podcasts/affaires-etrangeres/russie-les-elections-et-la-guerre-6279532"
"France Culture (FR)";"FR";"2026-09-19";"L’État a-t-il encore les moyens d’affronter la crise qui vient ?";"https://radiofrance.fr/franceculture/podcasts/questions-du-soir-le-debat/l-etat-a-t-il-encore-les-moyens-d-affronter-la-crise-qui-vient-9854243"
"France Culture (FR)";"FR";"2026-09-19";"L'École normale supérieure est-elle sous influence ?";"https://radiofrance.fr/franceculture/podcasts/le-reportage-de-la-redaction/l-ecole-normale-superieure-est-elle-sous-influence-6689404"
"France Culture (FR)";"FR";"2026-09-19";"Violences sexistes et sexuelles : la France en retard sur le droit européen";"https://radiofrance.fr/franceculture/podcasts/les-chantiers-de-la-recherche/violences-sexistes-et-sexuelles-la-france-en-retard-sur-le-droit-europeen-8049847"
"France Culture (FR)";"FR";"2026-09-19";"De la guerre de Troie à l’invasion de l’Ukraine : une histoire de la violence";"https://radiofrance.fr/franceculture/podcasts/l-invite-e-des-matins/de-la-guerre-de-troie-a-l-invasion-de-l-ukraine-une-histoire-de-la-violence-3232290"
"France Culture (FR)";"FR";"2026-09-19";"Que dit Céline Dion de notre rapport à la célébrité ?";"https://radiofrance.fr/franceculture/podcasts/questions-du-soir-l-idee/que-dit-celine-dion-de-notre-rapport-a-la-celebrite-7337954"
"France Culture (FR)";"FR";"2026-09-19";"Moi aussi je vais partir";"https://radiofrance.fr/franceculture/podcasts/la-serie-fiction/moi-aussi-je-vais-partir-5776230"
"France Culture (FR)";"FR";"2026-09-19";"Crise politique en RDC : ""L'Histoire se répète""";"https://radiofrance.fr/franceculture/podcasts/la-revue-de-presse-internationale/crise-politique-en-rdc-l-histoire-se-repete-7190448"
"France Culture (FR)";"FR";"2026-09-19";"La Revue de presse internationale";"https://radiofrance.fr/franceculture/podcasts/revue-de-presse-internationale"
"France Culture (FR)";"FR";"2026-09-19";"En Russie, des élections législatives sous contrôle du Kremlin";"https://radiofrance.fr/franceculture/podcasts/les-enjeux-internationaux/en-russie-la-guerre-au-coeur-d-elections-legislatives-sous-controle-du-kremlin-9520118"
"France Culture (FR)";"FR";"2026-09-19";"Les Enjeux internationaux";"https://radiofrance.fr/franceculture/podcasts/les-enjeux-internationaux"
"France Culture (FR)";"FR";"2026-09-19";"Ormuz, une onde de choc mondiale sur les marchés de l'énergie";"https://radiofrance.fr/franceculture/podcasts/le-journal-de-l-eco/ormuz-une-onde-de-choc-mondiale-sur-les-marches-de-l-energie-2532544"
"France Culture (FR)";"FR";"2026-09-19";"Le Journal de l'éco";"https://radiofrance.fr/franceculture/podcasts/le-journal-de-l-eco"
"France Culture (FR)";"FR";"2026-09-19";"Boîte à marmotte, fossiles de coquillages, chaussure : visite insolite du musée Carnavalet";"https://radiofrance.fr/franceculture/podcasts/l-info-culturelle-reportages-enquetes-analyses/boite-a-marmotte-fossiles-de-coquillages-chaussure-visite-insolite-du-musee-carnavalet-7981548"
"France Culture (FR)";"FR";"2026-09-19";"L'Info culturelle : reportages, enquêtes, analyses";"https://radiofrance.fr/franceculture/podcasts/l-actualite-culturelle-reportages-enquetes-analyses"
"France Culture (FR)";"FR";"2026-09-19";"Donald Trump annonce avoir obtenu un contrôle permanent sur la sécurité du Groenland";"https://radiofrance.fr/franceculture/podcasts/journal-de-8-h/donald-trump-annonce-avoir-obtenu-un-controle-permanent-sur-la-securite-du-groenland-6197307"
"France Culture (FR)";"FR";"2026-09-19";"Journal de 8 h";"https://radiofrance.fr/franceculture/podcasts/journal-de-8-h"
"France Culture (FR)";"FR";"2026-09-19";"Tuer la mère, sauver sa peau, avec Louise Chennevière";"https://radiofrance.fr/franceculture/podcasts/le-book-club/tuer-la-mere-sauver-sa-peau-avec-louise-chenneviere-3624540"
"France Culture (FR)";"FR";"2026-09-19";"Phœbe Hadjimarkos Clarke, écrivaine : “Il m’est impossible d’écrire un roman sans fantastique déguisé”";"https://radiofrance.fr/franceculture/podcasts/les-midis-de-culture-l-invite-e/phoebe-hadjimarkos-clarke-traverse-les-frontieres-avec-le-livre-des-souterrains-1020724"
"France Culture (FR)";"FR";"2026-09-19";"L'or du démon : rencontre avec Ian McGuire";"https://radiofrance.fr/franceculture/podcasts/mauvais-genres/l-or-du-demon-rencontre-avec-ian-mcguire-9391974"
"France Culture (FR)";"FR";"2026-09-19";"Kae Tempest : retour au roman";"https://radiofrance.fr/franceculture/podcasts/le-book-club/kae-tempest-retour-au-roman-2794282"
"France Culture (FR)";"FR";"2026-09-19";"""Nous aussi"" d'Anne Godard : la force du ""on""";"https://radiofrance.fr/franceculture/podcasts/le-regard-culturel/le-regard-culturel-chronique-du-mercredi-09-septembre-2026-5280197"
"France Culture (FR)";"FR";"2026-09-19";"Antoine Volodine et les 11 romans d'Infernus Johannes : le post-exotisme, bouquet final";"https://radiofrance.fr/franceculture/podcasts/mauvais-genres/operation-volodine-le-post-exotisme-bouquet-final-1076220"
"France Culture (FR)";"FR";"2026-09-19";"""Debout dans tes rêves"" d'Abdellah Taïa, une histoire d'amitié";"https://radiofrance.fr/franceculture/podcasts/le-book-club/promesses-avec-abdellah-taia-4947356"
"France Culture (FR)";"FR";"2026-09-19";"""Mais que fait ce sang sur le pull de Jennifer ?"" de Lucie Rico, ou l’obsession d’une phrase inachevée";"https://radiofrance.fr/franceculture/podcasts/le-book-club/lucie-rico-ou-l-obsession-d-une-phrase-inachevee-4284547"
"France Culture (FR)";"FR";"2026-09-19";"Écrire l’inceste selon Daria Marx dans ""Tuer le vieux""";"https://radiofrance.fr/franceculture/podcasts/les-midis-de-culture/tuer-le-vieux-ecrire-l-inceste-selon-daria-marx-8396852"
"France Culture (FR)";"FR";"2026-09-19";"Premier roman : ""Abdallah Superstar"", un conte électro entre la France et Djibouti";"https://radiofrance.fr/franceculture/podcasts/l-invite-e-des-matins-d-ete/abdallah-superstar-un-conte-electro-entre-la-france-et-djibouti-3189093"
"France Culture (FR)";"FR";"2026-09-19";"Grand Angle";"https://radiofrance.fr/franceculture/podcasts/grand-angle-de-plan-large"
"France Culture (FR)";"FR";"2026-09-19";"Classe créative : le manager de la semaine";"https://radiofrance.fr/franceculture/podcasts/classe-creative-le-manager-de-la-semaine"
"France Culture (FR)";"FR";"2026-09-19";"Les Clés de l'enfance";"https://radiofrance.fr/franceculture/podcasts/des-cles-de-l-education"
"France Culture (FR)";"FR";"2026-09-19";"Les Mystères des lieux";"https://radiofrance.fr/franceculture/podcasts/les-mysteres-des-lieux"
"France Culture (FR)";"FR";"2026-09-19";"Le Film de la semaine";"https://radiofrance.fr/franceculture/podcasts/le-film-de-la-semaine-de-plan-large"
"France Culture (FR)";"FR";"2026-09-19";"Le Point culture XXL : l'agenda";"https://radiofrance.fr/franceculture/podcasts/le-point-culture-xxl-l-agenda"
"France Culture (FR)";"FR";"2026-09-19";"Au nom du droit";"https://radiofrance.fr/franceculture/podcasts/au-nom-du-droit"
"France Culture (FR)";"FR";"2026-09-19";"Questions du soir : le débat";"https://radiofrance.fr/franceculture/podcasts/le-temps-du-debat"
"France Culture (FR)";"FR";"2026-09-19";"Les Midis de Culture";"https://radiofrance.fr/franceculture/podcasts/les-midis-de-culture"
"France Culture (FR)";"FR";"2026-09-19";"Avec philosophie";"https://radiofrance.fr/franceculture/podcasts/avec-philosophie"
"France Culture (FR)";"FR";"2026-09-19";"Le Point idées : le journal des sciences sociales";"https://radiofrance.fr/franceculture/podcasts/le-point-idees"
"France Culture (FR)";"FR";"2026-09-19";"Les Matins";"https://radiofrance.fr/franceculture/podcasts/les-matins"
"France Culture (FR)";"FR";"2026-09-19";"Questions du soir : l'idée";"https://radiofrance.fr/franceculture/podcasts/l-idee-questions-du-soir"
"France Culture (FR)";"FR";"2026-09-19";"La Science, CQFD";"https://radiofrance.fr/franceculture/podcasts/la-science-cqfd"
"France Culture (FR)";"FR";"2026-09-19";"Confucius, un savoir-être sans confusion";"https://radiofrance.fr/franceculture/podcasts/serie-confucius-un-savoir-etre-sans-confusion"
"France Culture (FR)";"FR";"2026-09-19";"Photographie, objectif patrimoine";"https://radiofrance.fr/franceculture/podcasts/serie-photographie-objectif-patrimoine"
"France Culture (FR)";"FR";"2026-09-19";"Banier, pour quelques millions de plus";"https://radiofrance.fr/franceculture/podcasts/serie-banier-pour-quelques-millions-de-plus"
"France Culture (FR)";"FR";"2026-09-19";"Prévenir le suicide";"https://radiofrance.fr/franceculture/podcasts/serie-prevenir-le-suicide"
"France Culture (FR)";"FR";"2026-09-19";"""L'Enfer"" de Dante, voyage au centre de soi-même";"https://radiofrance.fr/franceculture/podcasts/serie-l-enfer-de-dante"
"France Culture (FR)";"FR";"2026-09-19";"En campagne";"https://radiofrance.fr/franceculture/podcasts/serie-en-campagne"
"France Culture (FR)";"FR";"2026-09-19";"Genève, Venise, Nice, Paris — Le Bon Plaisir de Michel Butor";"https://radiofrance.fr/franceculture/podcasts/le-bon-plaisir/geneve-venise-nice-paris-le-bon-plaisir-de-michel-butor-8894475"
"France Culture (FR)";"FR";"2026-09-19";"""Le Grand Monde"" de Pierre Lemaitre";"https://radiofrance.fr/franceculture/podcasts/serie-le-grand-monde-de-pierre-lemaitre"
"France Culture (FR)";"FR";"2026-09-19";"Religieuses, des histoires de sœurs";"https://radiofrance.fr/franceculture/podcasts/serie-religieuses-des-histoires-de-soeurs"
"France Culture (FR)";"FR";"2026-09-19";"L'Instant poésie de Séphora Pondi";"https://radiofrance.fr/franceculture/podcasts/serie-l-instant-poesie-de-sephora-pondi"
"France Culture (FR)";"FR";"2026-09-19";"""La Vie d'une femme"" : pas vraiment au bord de la crise de nerfs";"https://radiofrance.fr/franceculture/podcasts/le-regard-culturel/le-regard-culturel-chronique-du-jeudi-10-septembre-2026-9950081"
"France Culture (FR)";"FR";"2026-09-19";"Le Regard culturel";"https://radiofrance.fr/franceculture/podcasts/la-critique"
"France Culture (FR)";"FR";"2026-09-19";"L'Ardèche, le temps des communautés";"https://radiofrance.fr/franceculture/podcasts/serie-l-ardeche-le-temps-des-communautes"
"France Culture (FR)";"FR";"2026-09-19";"Au pays des songes, 2001-2026 (Israël-Palestine, archives oniriques)";"https://radiofrance.fr/franceculture/podcasts/serie-au-pays-des-songes-2001-2026-israel-palestine-archives-oniriques"
"France Culture (FR)";"FR";"2026-09-19";"François d'Assise, la sainteté est un sport de combat";"https://radiofrance.fr/franceculture/podcasts/serie-francois-d-assise-la-saintete-est-un-sport-de-combat"
"France Culture (FR)";"FR";"2026-09-19";"Les 2Be3 : étoiles filantes";"https://radiofrance.fr/franceculture/podcasts/serie-les-2be3-etoiles-filantes"
"France Culture (FR)";"FR";"2026-09-19";"Verdun 1916, au cœur d'une guerre totale";"https://radiofrance.fr/franceculture/podcasts/serie-verdun-1916-au-coeur-d-une-guerre-totale"
"France Culture (FR)";"FR";"2026-09-19";"La Joconde sort du silence";"https://radiofrance.fr/franceculture/podcasts/serie-la-joconde-sort-du-silence"
"France Culture (FR)";"FR";"2026-09-19";"Troubles dys : des vies à inventer";"https://radiofrance.fr/franceculture/podcasts/serie-troubles-dys-des-vies-a-inventer"
"France Culture (FR)";"FR";"2026-09-19";"Habiba Msika (1903-1930), une artiste libre aux multiples talents";"https://radiofrance.fr/franceculture/podcasts/toute-une-vie/habiba-msika-une-artiste-libre-aux-multiples-talents-6978561"
"France Culture (FR)";"FR";"2026-09-19";"Hans le Malin, le cheval qui savait lire et compter";"https://radiofrance.fr/franceculture/podcasts/serie-hans-le-malin-le-cheval-qui-savait-lire-et-compter"
"France Culture (FR)";"FR";"2026-09-19";"Les ultras de la collaboration";"https://radiofrance.fr/franceculture/podcasts/serie-les-ultras-de-la-collaboration"
"France Culture (FR)";"FR";"2026-09-19";"Catholiques de France, la tentation radicale";"https://radiofrance.fr/franceculture/podcasts/serie-catholiques-de-france-la-tentation-radicale"
"France Culture (FR)";"FR";"2026-09-19";"L'effet chat";"https://radiofrance.fr/franceculture/podcasts/serie-l-effet-chat"
"France Culture (FR)";"FR";"2026-09-19";"La trilogie des ""J'ai trop..."" de David Lescot";"https://radiofrance.fr/franceculture/podcasts/serie-la-trilogie-des-j-ai-trop-de-david-lescot"
"France Culture (FR)";"FR";"2026-09-19";"""Les Malheurs de Sophie, une comédie musicale"" de Sabine Zovighian et Michael Liot - Saison 2";"https://radiofrance.fr/franceculture/podcasts/serie-les-malheurs-de-sophie-une-comedie-musicale-de-sabine-zovighian-et-michael-liot-saison-2"
"France Culture (FR)";"FR";"2026-09-19";"""Le Petit Chaperon rouge"" de Pierre Senges, d’après le conte de Charles Perrault";"https://radiofrance.fr/franceculture/podcasts/fictions-theatre-et-cie/le-petit-chaperon-rouge-concert-fiction-de-pierre-senges-d-apres-le-conte-de-charles-perrault-1991892"
"France Culture (FR)";"FR";"2026-09-19";"Le Trésor de Rackham le Rouge : les Aventures de Tintin";"https://radiofrance.fr/franceculture/podcasts/serie-le-tresor-de-rackham-le-rouge-les-aventures-de-tintin"
"France Culture (FR)";"FR";"2026-09-19";"Alzheimer : comment faire face ?";"https://radiofrance.fr/franceculture/podcasts/serie-alzheimer-comment-faire-face"
"France Culture (FR)";"FR";"2026-09-19";"Fiction Lab";"https://radiofrance.fr/franceculture/podcasts/fictions-samedi-noir"
"France Culture (FR)";"FR";"2026-09-19";"LSD, la série documentaire";"https://radiofrance.fr/franceculture/podcasts/lsd-la-serie-documentaire"
"France Culture (FR)";"FR";"2026-09-19";"L'Instant poésie";"https://radiofrance.fr/franceculture/podcasts/l-instant-poesie"
"France Culture (FR)";"FR";"2026-09-19";"Des tatouages particuliers";"https://radiofrance.fr/franceculture/podcasts/les-pieds-sur-terre/des-tatouages-particuliers-4256770"
"France Culture (FR)";"FR";"2026-09-19";"Les Pieds sur terre";"https://radiofrance.fr/franceculture/podcasts/les-pieds-sur-terre"
"France Culture (FR)";"FR";"2026-09-19";"Tous égaux quand on a chaud ?";"https://radiofrance.fr/franceculture/podcasts/les-pieds-sur-terre/tous-egaux-quand-on-a-chaud-4385604"
"France Culture (FR)";"FR";"2026-09-19";"Les nouveaux réservistes";"https://radiofrance.fr/franceculture/podcasts/les-pieds-sur-terre/les-nouveaux-reservistes-7883240"
"France Culture (FR)";"FR";"2026-09-19";"Le bal du collège de Plestin-les-Grèves 2";"https://radiofrance.fr/franceculture/podcasts/les-pieds-sur-terre/le-bal-du-college-de-plestin-les-greves-2-1684626"
"France Culture (FR)";"FR";"2026-09-19";"Héroïne, le temps des seringues";"https://radiofrance.fr/franceculture/podcasts/serie-heroine-le-temps-des-seringues"
"France Culture (FR)";"FR";"2026-09-19";"Même pas mort";"https://radiofrance.fr/franceculture/podcasts/serie-meme-pas-mort"
"France Culture (FR)";"FR";"2026-09-19";"""Les Eloignés"" de Sophie Maurer";"https://radiofrance.fr/franceculture/podcasts/serie-les-eloignes-de-sophie-maurer"
"France Culture (FR)";"FR";"2026-09-19";"Vie de chien";"https://radiofrance.fr/franceculture/podcasts/serie-vie-de-chien"
"France Culture (FR)";"FR";"2026-09-19";"Mes années Boum, une enquête algérienne";"https://radiofrance.fr/franceculture/podcasts/serie-mes-annees-boum-une-enquete-algerienne"
"France Culture (FR)";"FR";"2026-09-19";"Concert-fiction : Blanche-Neige & sortilèges";"https://radiofrance.fr/franceculture/podcasts/fictions-theatre-et-cie/concert-fiction-blanche-neige-sortileges-3143340"
"France Culture (FR)";"FR";"2026-09-19";"Le journal de ma vie";"https://radiofrance.fr/franceculture/podcasts/serie-le-journal-de-ma-vie"
"France Culture (FR)";"FR";"2026-09-19";"""L'Homme invisible"" de H. G. Wells";"https://radiofrance.fr/franceculture/podcasts/serie-l-homme-invisible-de-h-g-wells"
"France Culture (FR)";"FR";"2026-09-19";"""AfficheTonEx"" de Romain Weber et Constance Vilanova";"https://radiofrance.fr/franceculture/podcasts/serie-affichetonex-ecrit-par-romain-weber"
"France Culture (FR)";"FR";"2026-09-19";"Fureurs";"https://radiofrance.fr/franceculture/podcasts/serie-fureurs"
"France Culture (FR)";"FR";"2026-09-19";"Nicéphore Niépce : sur les pas de l'inventeur français de la photographie";"https://radiofrance.fr/franceculture/podcasts/l-info-culturelle-reportages-enquetes-analyses/nicephore-niepce-sur-les-pas-de-l-inventeur-francais-de-la-photographie-6667801"
"France Culture (FR)";"FR";"2026-09-19";"Rentrée littéraire : le verdict des libraires";"https://radiofrance.fr/franceculture/podcasts/le-point-culture-xxl-l-entretien/rentree-litteraire-le-verdict-des-libraires-1280810"
"France Culture (FR)";"FR";"2026-09-19";"Le Point culture";"https://radiofrance.fr/franceculture/podcasts/affaire-en-cours"
"France Culture (FR)";"FR";"2026-09-19";"L'agenda culturel de la semaine avec l'écrivain Thélyson Orélien";"https://radiofrance.fr/franceculture/podcasts/le-point-culture-xxl-l-agenda/l-agenda-culturel-de-la-semaine-avec-l-ecrivain-thelyson-orelien-3337565"
"France Culture (FR)";"FR";"2026-09-19";"Comment ritualiser la mort ?";"https://radiofrance.fr/franceculture/podcasts/repliques/comment-ritualiser-la-mort-4706875"
"France Culture (FR)";"FR";"2026-09-19";"Répliques";"https://radiofrance.fr/franceculture/podcasts/repliques"
"France Culture (FR)";"FR";"2026-09-19";"De Gaulle : une certaine idée de l'Amérique latine";"https://radiofrance.fr/franceculture/podcasts/concordance-des-temps/de-gaulle-une-certaine-idee-de-l-amerique-latine-7230903"
"France Culture (FR)";"FR";"2026-09-19";"Concordance des temps";"https://radiofrance.fr/franceculture/podcasts/concordance-des-temps"
"France Culture (FR)";"FR";"2026-09-19";"China Capital : dans les coulisses de la plus grande banque du monde.";"https://radiofrance.fr/franceculture/podcasts/recits-d-enquete/china-capital-dans-les-coulisses-de-la-plus-grande-banque-du-monde-7151772"
"France Culture (FR)";"FR";"2026-09-19";"Récits d'enquête";"https://radiofrance.fr/franceculture/podcasts/open-source"
"France Culture (FR)";"FR";"2026-09-19";"Alioune Diop, un penseur chrétien de la cause noire";"https://radiofrance.fr/franceculture/podcasts/les-nuits-de-france-culture/alioune-diop-un-penseur-chretien-de-la-cause-noire-4312150"
"France Culture (FR)";"FR";"2026-09-19";"Les Nuits de France Culture";"https://radiofrance.fr/franceculture/podcasts/les-nuits-de-france-culture"
"France Culture (FR)";"FR";"2026-09-19";"Des cafés révolutionnaires aux bistrots électoraux : une histoire politique";"https://radiofrance.fr/franceculture/podcasts/a-la-source/des-cafes-revolutionnaires-aux-bistrots-electoraux-une-histoire-politique-4055898"
"France Culture (FR)";"FR";"2026-09-19";"À la source";"https://radiofrance.fr/franceculture/podcasts/a-la-source"
"France Culture (FR)";"FR";"2026-09-19";"L'espèce humaine doit-elle retourner dans les arbres ?";"https://radiofrance.fr/franceculture/podcasts/l-invite-e-des-matins-d-apres/l-espece-humaine-doit-elle-retourner-dans-les-arbres-1316743"
"France Culture (FR)";"FR";"2026-09-19";"L'Invité(e) des Matins d'après";"https://radiofrance.fr/franceculture/podcasts/l-invite-e-de-et-maintenant"
"France Culture (FR)";"FR";"2026-09-19";"Le cargo à voile va-t-il décarboner le transport maritime ?";"https://radiofrance.fr/franceculture/podcasts/l-invention/le-cargo-a-voile-va-t-il-decarboner-le-transport-maritime-3144929"
"France Culture (FR)";"FR";"2026-09-19";"L'Invention";"https://radiofrance.fr/franceculture/podcasts/l-invention"
"France Culture (FR)";"FR";"2026-09-19";"La Palma, une île volcanique en convalescence";"https://radiofrance.fr/franceculture/podcasts/grand-reportage/la-palma-une-ile-volcanique-en-convalescence-4811256"
"France Culture (FR)";"FR";"2026-09-19";"Grand Reportage";"https://radiofrance.fr/franceculture/podcasts/grand-reportage"
"France Culture (FR)";"FR";"2026-09-19";"Camille, auteure-compositrice-interprète : “La voix et le cœur qui bat sont les premiers instruments”";"https://radiofrance.fr/franceculture/podcasts/les-midis-de-culture-l-invite-e/la-chanteuse-camille-revient-avec-un-nouvel-album-the-sound-of-milk-fresque-intime-et-universelle-3595210"
"France Culture (FR)";"FR";"2026-09-19";"Les Midis de Culture : l'invité(e)";"https://radiofrance.fr/franceculture/podcasts/les-midis-de-culture-l-invite"
"France Culture (FR)";"FR";"2026-09-19";"Les expositions de mode, nouveau blockbuster muséal ?";"https://radiofrance.fr/franceculture/podcasts/le-point-culture/les-midis-de-culture-le-point-culture-emission-du-jeudi-17-septembre-2026-3266823"
"France Culture (FR)";"FR";"2026-09-19";"Sciences chrono";"https://radiofrance.fr/franceculture/podcasts/sciences-chrono"
"France Culture (FR)";"FR";"2026-09-19";"Le monde à table";"https://radiofrance.fr/franceculture/podcasts/les-bonnes-choses/le-monde-a-table-2814462"
"France Culture (FR)";"FR";"2026-09-19";"Les Bonnes Choses";"https://radiofrance.fr/franceculture/podcasts/les-bonnes-choses"
"France Culture (FR)";"FR";"2026-09-19";"Premières flûtes, avec Gabrielle Rubio";"https://radiofrance.fr/franceculture/podcasts/les-artistes-de-demain/premieres-flutes-avec-gabrielle-rubio-1966420"
"France Culture (FR)";"FR";"2026-09-19";"Les Artistes de demain";"https://radiofrance.fr/franceculture/podcasts/les-artistes-de-demain"
"France Culture (FR)";"FR";"2026-09-19";"La nouvelle peste, le Sida";"https://radiofrance.fr/franceculture/podcasts/les-nuits-de-france-culture/la-nouvelle-peste-le-sida-3898594"
"France Culture (FR)";"FR";"2026-09-19";"Comment a-t-on fini par penser, puis fabriquer, une intelligence artificielle ?";"https://radiofrance.fr/franceculture/podcasts/questions-du-soir-l-idee/comment-a-t-on-fini-par-penser-puis-fabriquer-une-intelligence-artificielle-3019167"
"ARTE (FR)";"FR";"2026-09-19";"Guide TV";"https://www.arte.tv/fr/guide/"
"ARTE (FR)";"FR";"2026-09-19";"[Vidéo/Article] La Derniere Heure";"https://www.arte.tv/fr/videos/RC-028079/la-derniere-heure/"
"ARTE (FR)";"FR";"2026-09-19";"En intégralitéLa dernière heureLa dernière heureUn huit-clos familialA peine arrivée dans son pays d’origine, Billie doit fuir. Elle a une heure pour percer ses secrets familiaux.Série";"https://www.arte.tv/fr/videos/RC-028079/la-derniere-heure/"
"ARTE (FR)";"FR";"2026-09-19";"Regarder";"https://www.arte.tv/fr/videos/RC-028079/la-derniere-heure/"
"ARTE (FR)";"FR";"2026-09-19";"Info";"https://www.arte.tv/fr/videos/info-et-societe/"
"ARTE (FR)";"FR";"2026-09-19";"Documentaires";"https://www.arte.tv/fr/videos/documentaires-et-reportages/"
"ARTE (FR)";"FR";"2026-09-19";"Séries";"https://www.arte.tv/fr/videos/series-et-fictions/"
"ARTE (FR)";"FR";"2026-09-19";"Émissions";"https://www.arte.tv/fr/videos/emissions/"
"ARTE (FR)";"FR";"2026-09-19";"Concert";"https://www.arte.tv/fr/videos/132676-000-A/raye-guests/"
"ARTE (FR)";"FR";"2026-09-19";"Raye & guestsAu Montreux Jazz Festival 2026À l'occasion de la 60e édition du Montreux Jazz Festival, Raye invite sur scène plusieurs stars internationales de la pop.115 minConcertSous-titres. Sous-titresVersion originale. Version originale";"https://www.arte.tv/fr/videos/132676-000-A/raye-guests/"
"ARTE (FR)";"FR";"2026-09-19";"Regarder";"https://www.arte.tv/fr/videos/132676-000-A/raye-guests/"
"ARTE (FR)";"FR";"2026-09-19";"Bande-annonce";"https://www.arte.tv/fr/videos/132676-000-A/?trailer=true"
"ARTE (FR)";"FR";"2026-09-19";"Concert";"https://www.arte.tv/fr/videos/134165-001-A/yael-naim-orange-blossom-et-robinson-khoury/"
"ARTE (FR)";"FR";"2026-09-19";"Les Concerts VolantsNouvelle soirée tout en couleursYael Naim, Orange Blossom et Robinson Khoury : trois univers musicaux métissés pour ce voyage avec les Concerts Volants.127 minConcert";"https://www.arte.tv/fr/videos/134165-001-A/yael-naim-orange-blossom-et-robinson-khoury/"
"ARTE (FR)";"FR";"2026-09-19";"Regarder";"https://www.arte.tv/fr/videos/134165-001-A/yael-naim-orange-blossom-et-robinson-khoury/"
"ARTE (FR)";"FR";"2026-09-19";"Série";"https://www.arte.tv/fr/videos/RC-024574/de-grace/"
"ARTE (FR)";"FR";"2026-09-19";"De grâceAvec Olivier Gourmet et Panayotis PascotUne tragédie familiale dans l’univers des dockers du Havre. Avec Olivier Gourmet.Série";"https://www.arte.tv/fr/videos/RC-024574/de-grace/"
"ARTE (FR)";"FR";"2026-09-19";"Regarder";"https://www.arte.tv/fr/videos/RC-024574/de-grace/"
"ARTE (FR)";"FR";"2026-09-19";"Bande-annonce";"https://www.arte.tv/fr/videos/RC-024574/?trailer=true"
"ARTE (FR)";"FR";"2026-09-19";"Concert";"https://www.arte.tv/fr/videos/133232-004-A/marguerite/"
"ARTE (FR)";"FR";"2026-09-19";"MargueriteLa révélation pop au Cabaret VertRévélée par la Star Academy, Marguerite livre une performance mêlant sensibilité, franchise et espièglerie.52 minConcert";"https://www.arte.tv/fr/videos/133232-004-A/marguerite/"
"ARTE (FR)";"FR";"2026-09-19";"Regarder";"https://www.arte.tv/fr/videos/133232-004-A/marguerite/"
"ARTE (FR)";"FR";"2026-09-19";"Concert";"https://www.arte.tv/fr/videos/133654-000-A/selah-sue-and-the-gallands/"
"ARTE (FR)";"FR";"2026-09-19";"Selah Sue and the GallandsSession en plein air au lac LémanPour sa 60e édition, le Montreux Jazz Festival dévoile une session live d’exception avec Selah Sue & The Gallands. 34 minConcert";"https://www.arte.tv/fr/videos/133654-000-A/selah-sue-and-the-gallands/"
"ARTE (FR)";"FR";"2026-09-19";"Regarder";"https://www.arte.tv/fr/videos/133654-000-A/selah-sue-and-the-gallands/"
"ARTE (FR)";"FR";"2026-09-19";"Votre prochaine série vous attend";"https://www.arte.tv/fr/videos/series-et-fictions/"
"ARTE (FR)";"FR";"2026-09-19";"Voir tout";"https://www.arte.tv/fr/videos/series-et-fictions/"
"ARTE (FR)";"FR";"2026-09-19";"Nos films à l'affiche";"https://www.arte.tv/fr/videos/cinema/"
"ARTE (FR)";"FR";"2026-09-19";"Voir tout";"https://www.arte.tv/fr/videos/cinema/"
"ARTE (FR)";"FR";"2026-09-19";"Journées européennes du patrimoine";"https://www.arte.tv/fr/videos/RC-026847/journees-europeennes-du-patrimoine/"
"ARTE (FR)";"FR";"2026-09-19";"Voir tout";"https://www.arte.tv/fr/videos/RC-026847/journees-europeennes-du-patrimoine/"
"ARTE (FR)";"FR";"2026-09-19";"Les documentaires à ne pas manquer";"https://www.arte.tv/fr/videos/documentaires-et-reportages/"
"ARTE (FR)";"FR";"2026-09-19";"Voir tout";"https://www.arte.tv/fr/videos/documentaires-et-reportages/"
"ARTE (FR)";"FR";"2026-09-19";"Culture";"https://www.arte.tv/fr/videos/culture-et-pop/"
"ARTE (FR)";"FR";"2026-09-19";"Voir tout";"https://www.arte.tv/fr/videos/culture-et-pop/"
"ARTE (FR)";"FR";"2026-09-19";"Nos émissions en un coup d'œil";"https://www.arte.tv/fr/videos/emissions/"
"ARTE (FR)";"FR";"2026-09-19";"Voir tout";"https://www.arte.tv/fr/videos/emissions/"
"ARTE (FR)";"FR";"2026-09-19";"Histoire";"https://www.arte.tv/fr/videos/histoire/"
"ARTE (FR)";"FR";"2026-09-19";"Voir tout";"https://www.arte.tv/fr/videos/histoire/"
"ARTE (FR)";"FR";"2026-09-19";"Sciences et technologies";"https://www.arte.tv/fr/videos/sciences/"
"ARTE (FR)";"FR";"2026-09-19";"Voir tout";"https://www.arte.tv/fr/videos/sciences/"
"ARTE (FR)";"FR";"2026-09-19";"Les vidéos les plus vues";"https://www.arte.tv/fr/videos/plus-vues/"
"ARTE (FR)";"FR";"2026-09-19";"Voir tout";"https://www.arte.tv/fr/videos/plus-vues/"
"ARTE (FR)";"FR";"2026-09-19";"Catastrophe - Une série british sur les affres du couple";"https://www.arte.tv/fr/videos/RC-027959/catastrophe/"
"ARTE (FR)";"FR";"2026-09-19";"Taxe-moi, si tu peux ! - Les astuces fiscales des super-riches";"https://www.arte.tv/fr/videos/RC-027810/taxe-moi-si-tu-peux/"
"Time Magazine World (EN)";"EN";"2026-09-19";"Trump Announces Ban of CNN, Politico and MS Now From White House";"https://time.com/article/2026/09/18/trump-bans-3-news-organizations-from-white-house/"
"Time Magazine World (EN)";"EN";"2026-09-19";"How a New Trump Administration Rule Is Set to Restrict Green Card Access";"https://time.com/article/2026/09/18/trump-green-card-public-assistance-benefits-immigration/"
"Time Magazine World (EN)";"EN";"2026-09-19";"Russia Sanctions Bill Could 'Harm' Americans, Say Democratic Leaders";"https://time.com/article/2026/09/17/russian-sanctions-bill-trump-new-tariffs-power-democrats-backlash/"
"Time Magazine World (EN)";"EN";"2026-09-19";"U.S. May Have Committed War Crimes in Iran, U.N. Report Says";"https://time.com/article/2026/09/18/us-iran-israel-war-crimes-strike-minab-school-un-report/"
"Time Magazine World (EN)";"EN";"2026-09-19";"The Earthshot Prize Is Embracing the Idea of Positive Tipping Points";"https://time.com/article/2026/09/18/earthshot-prize-finalists-2026-tipping-points/"
"Time Magazine World (EN)";"EN";"2026-09-19";"A Genetic Mutation May Help Explain Lung Cancer in Nonsmokers";"https://time.com/article/2026/09/17/genetic-mutation-lung-cancer-nonsmokers/"
"Time Magazine World (EN)";"EN";"2026-09-19";"Why the Outcome of Russia's Elections Is All But Assured";"https://time.com/article/2026/09/18/russia-elections-parliament-state-duma-putin/"
"Time Magazine World (EN)";"EN";"2026-09-19";"The 100 Most Influential People in Art of 2026";"https://time.com/collection/time100-art/2026/"
"Time Magazine World (EN)";"EN";"2026-09-19";"More Americans Are Eating Fruit—But Fewer Are Eating Vegetables";"https://time.com/article/2026/09/15/americans-eating-fruit-vegetables/"
"Time Magazine World (EN)";"EN";"2026-09-19";"How 'The Early Spring' Ends";"https://time.com/article/2026/09/08/breaking-down-the-ending-of-netflix-s-chinese-drama-the-early-spring/"
"Time Magazine World (EN)";"EN";"2026-09-19";"The Best Ways to Stop Yourself From Crying";"https://time.com/article/2026/09/16/how-to-stop-yourself-from-crying/"
"Time Magazine World (EN)";"EN";"2026-09-19";"Get Stronger With These 5 Movements";"https://time.com/article/2026/09/15/5-get-stronger-with-these-5-movements/"
"Time Magazine World (EN)";"EN";"2026-09-19";"Amy Sherald Would Rather Walk Away Than Water Down Her ArtAmy Sherald Would Rather Walk Away Than Water Down Her Art";"https://time.com/collection/time100-art/2026/amy-sherald/"
"Time Magazine World (EN)";"EN";"2026-09-19";"Joseph Gordon-Levitt";"https://time.com/collection/time100-ai/2026/joseph-gordon-levitt/"
"Time Magazine World (EN)";"EN";"2026-09-19";"The Politicization of ‘DEI’ Bike Lanes";"https://time.com/article/2026/09/16/the-politicization-of-dei-bike-lanes/"
"Time Magazine World (EN)";"EN";"2026-09-19";"How to Govern the Existential Risk of AI";"https://time.com/article/2026/09/17/how-to-govern-the-existential-risk-of-ai/"
"Time Magazine World (EN)";"EN";"2026-09-19";"Attacks Against Judges Are an Attack Against America’s Constitution";"https://time.com/article/2026/09/17/attacks-against-judges-are-an-attack-against-america-s-constitution/"
"Time Magazine World (EN)";"EN";"2026-09-19";"Why the U.S. Urgently Needs More Platelet Donors";"https://time.com/article/2026/09/17/why-the-us-urgently-needs-more-platelet-donors/"
"Time Magazine World (EN)";"EN";"2026-09-19";"TIME100 Art 2026";"https://time.com/collection/time100-art/2026/"
"Time Magazine World (EN)";"EN";"2026-09-19";"Your Shoe Size Can Change as You Age. Here's Why";"https://time.com/article/2026/09/18/your-shoe-size-can-change-as-you-age/"
"Time Magazine World (EN)";"EN";"2026-09-19";"South Korea Set to Approve Abortion Pills Next Year";"https://time.com/article/2026/09/18/south-korea-abortion-pill-mifepristone-misoprostol/"
"Time Magazine World (EN)";"EN";"2026-09-19";"Having Health Insurance Doesn’t Prevent Medical Debt";"https://time.com/article/2026/09/17/having-health-insurance-doesnt-prevent-medical-debt/"
"Time Magazine World (EN)";"EN";"2026-09-19";"The Surprising Health Benefits of Reading a Book";"https://time.com/article/2026/09/16/health-benefits-reading-books-for-pleasure/"
"Time Magazine World (EN)";"EN";"2026-09-19";"World's Top HealthTech Companies 2026";"https://time.com/article/2026/09/16/worlds-top-healthtech-companies-2026/"
"Time Magazine World (EN)";"EN";"2026-09-19";"'Monster: The Lizzie Borden Story' Disappoints";"https://time.com/article/2026/09/18/monster-lizzie-borden-review/"
"Time Magazine World (EN)";"EN";"2026-09-19";"Resident Evil Is a Fleet, Entertaining Reboot";"https://time.com/article/2026/09/18/resident-evil-review/"
"Time Magazine World (EN)";"EN";"2026-09-19";"Review: The History of Concrete";"https://time.com/article/2026/09/15/the-history-of-concrete-review-john-wilson/"
"Time Magazine World (EN)";"EN";"2026-09-19";"Breaking Down the Ending of 'The Scandal'";"https://time.com/article/2026/09/18/breaking-down-the-ending-of-the-scandal/"
"Time Magazine World (EN)";"EN";"2026-09-19";"Breaking Down the Brutal Ending of 'Resident Evil'";"https://time.com/article/2026/09/16/resident-evil-zach-cregger-ending-explained/"
"Time Magazine World (EN)";"EN";"2026-09-19";"Inside 'Best of the Best'";"https://time.com/article/2026/09/16/best-of-the-best-netflix-hasan-minhaj-maitreyi-ramakrishnan/"
"Time Magazine World (EN)";"EN";"2026-09-19";"Sharon Horgan's 'Youth': TV Review";"https://time.com/article/2026/09/11/youth-review-sharon-horgan-hbo/"
"Time Magazine World (EN)";"EN";"2026-09-19";"Americans Are Increasingly Worried About AI's Environmental Impact";"https://time.com/article/2026/09/16/majority-americans-worried-ai-environment-impact/"
"Time Magazine World (EN)";"EN";"2026-09-19";"Why AI Makes Customer Service Worse, And What Companies Can Do To Fix It";"https://time.com/article/2026/09/16/why-ai-makes-customer-service-worse-and-what-companies-can-do-to-fix-it/"
"Time Magazine World (EN)";"EN";"2026-09-19";"TIME100 AI Honorees Speak to Perils and Promise of the Technology";"https://time.com/article/2026/09/14/ai-impact-dinner-toasts-joseph-gordon-levitt/"
"Time Magazine World (EN)";"EN";"2026-09-19";"Panelists Discuss AI’s Potential Impacts, for Better or Worse, on the Economy";"https://time.com/article/2026/09/14/ai-impact-dinner-panel-intelligent-economy/"
"Time Magazine World (EN)";"EN";"2026-09-19";"What Is Actually New About the AI Revolution?";"https://time.com/article/2026/09/14/what-is-actually-new-about-the-ai-revolution-/"
"Time Magazine World (EN)";"EN";"2026-09-19";"AI Should Be a Wake-Up Call For Universities";"https://time.com/article/2026/09/10/ai-should-be-a-wake-up-call-for-universities/"
"Time Magazine World (EN)";"EN";"2026-09-19";"What Science Says About the Health Impact of Carbon Pollution";"https://time.com/article/2026/09/15/trump-power-plant-emissions-climate-health-impact/"
"Time Magazine World (EN)";"EN";"2026-09-19";"The U.S. Is Having One of Its Most Active Wildfire Seasons. Here’s How the Costs Are Adding Up";"https://time.com/article/2026/09/12/the-u-s-is-on-track-for-a-record-wildfire-season-here-s-what-it-could-cost-americans/"
"Time Magazine World (EN)";"EN";"2026-09-19";"Will Africa's Next Growth Story Start on the Farm?";"https://time.com/article/2026/09/11/future-africa-farming-sustainability/"
"Time Magazine World (EN)";"EN";"2026-09-19";"What El Niño Means for Fall and Winter Weather";"https://time.com/article/2026/09/11/el-nino-fall-winter-weather-us/"
"Time Magazine World (EN)";"EN";"2026-09-19";"Stop Making These Recycling Mistakes";"https://time.com/article/2026/09/09/easy-recycling-mistakes-to-avoid/"
"Icilome (FR)";"FR";"2026-09-19";"Abdoul Aziz Goma, le «good samaritan» mis à l´honneur par Freedom Now";"https://icilome.com/2026/09/abdoul-aziz-goma-le-good-samaritan-mis-a-lhonneur-par-freedom-now/"
"Icilome (FR)";"FR";"2026-09-19";"Rentrée scolaire sur fond de la hausse du prix du carburant : Un pouvoir INSENSIBLE";"https://icilome.com/2026/09/rentree-scolaire-sur-fond-de-la-hausse-du-prix-du-carburant-un-pouvoir-insensible/"
"Icilome (FR)";"FR";"2026-09-19";"Togo – Hausse du prix du carburant : La DMK appelle à une mobilisation pacifique";"https://icilome.com/2026/09/togo-hausse-du-prix-du-carburant-la-dmk-appelle-a-une-mobilisation-pacifique/"
"Icilome (FR)";"FR";"2026-09-19";"Togo- Roger Folikoué : « La démocratie est le sursaut du pluriel contre l’irrésistible tentation de l’un »";"https://icilome.com/2026/09/togo-roger-folikoue-la-democratie-est-le-sursaut-du-pluriel-contre-lirresistible-tentation-de-lun/"
"Icilome (FR)";"FR";"2026-09-19";"Togo – Nouvelle flambée des prix du carburant, la colère des consommateurs monte";"https://icilome.com/2026/09/togo-nouvelle-flambee-des-prix-du-carburant-la-colere-des-consommateurs-monte/"
"Icilome (FR)";"FR";"2026-09-19";"Pendant que des tonnes de riz Kovié pourrissent dans les magasins, le gouvernement commercialise du riz japonais";"https://icilome.com/2026/09/pendant-que-des-tonnes-de-riz-kovie-pourrissent-dans-les-magasins-le-gouvernement-commercialise-du-riz-japonais/"
"Icilome (FR)";"FR";"2026-09-19";"La campagne contemporaine « Correct the Map » n’est pas née au Togo";"https://icilome.com/2026/09/la-campagne-contemporaine-correct-the-map-nest-pas-nee-au-togo/"
"Icilome (FR)";"FR";"2026-09-19";"Togo- Classement Lloyd’s List 2026 : le Port de Lomé grimpe au 91ᵉ rang mondial";"https://icilome.com/2026/09/togo-classement-lloyds-list-2026-le-port-de-lome-grimpe-au-91%e1%b5%89-rang-mondial/"
"Icilome (FR)";"FR";"2026-09-19";"ABM-TOGO : Quatre ans d’actions, des acquis et des chantiers à poursuivre";"https://icilome.com/2026/09/abm-togo-quatre-ans-dactions-des-acquis-et-des-chantiers-a-poursuivre/"
"Icilome (FR)";"FR";"2026-09-19";"« Le peuple ne mange pas les notations » : Oligui Nguema dans le concret, Faure Gnassingbé dans les chiffres fabriqués";"https://icilome.com/2026/09/le-peuple-ne-mange-pas-les-notations-oligui-nguema-dans-le-concret-faure-gnassingbe-dans-les-chiffres-fabriques/"
"Icilome (FR)";"FR";"2026-09-19";"Au Togo, la télédermatologie s’impose comme une réponse au déficit de dermatologues";"https://icilome.com/2026/09/au-togo-la-teledermatologie-simpose-comme-une-reponse-au-deficit-de-dermatologues/"
"Icilome (FR)";"FR";"2026-09-19";"Tribune | Changement de Constitution au Togo – une énormité historique devenue une jurisprudence et un cas d’école";"https://icilome.com/2026/09/tribune-changement-de-constitution-au-togo-une-enormite-historique-devenue-une-jurisprudence-et-un-cas-decole/"
"Icilome (FR)";"FR";"2026-09-19";"Togo – Noces de cristal du SYNJIT : hommage aux pionniers et cap sur l’avenir";"https://icilome.com/2026/09/togo-noces-de-cristal-du-synjit-hommage-aux-pionniers-et-cap-sur-lavenir/"
"Icilome (FR)";"FR";"2026-09-19";"Togo – SYNJIT : 15 ans d’engagement syndical, un webinaire pour remobiliser les journalistes togolais";"https://icilome.com/2026/08/togo-synjit-15-ans-dengagement-syndical-un-webinaire-pour-remobiliser-les-journalistes-togolais/"
"Icilome (FR)";"FR";"2026-09-19";"Édito- Au Togo, on n’arrête plus les voleurs, on arrête les vendeurs de journaux";"https://icilome.com/2026/08/edito-au-togo-on-narrete-plus-les-voleurs-on-arrete-les-vendeurs-de-journaux/"
"Icilome (FR)";"FR";"2026-09-19";"Togo- Le PPT dénonce une « caporalisation » de la presse après l’interpellation musclée d’un vendeur de journaux";"https://icilome.com/2026/08/togo-le-ppt-denonce-une-caporalisation-de-la-presse-apres-linterpellation-musclee-dun-vendeur-de-journaux/"
"Icilome (FR)";"FR";"2026-09-19";"Oration On Liberty! Addressed to the People and Governors of Togo";"https://icilome.com/2026/07/oration-on-liberty-addressed-to-the-people-and-governors-of-togo/"
"Icilome (FR)";"FR";"2026-09-19";"Togo- Le SYNJIT prépare ses 15 ans avec de nouvelles cartes de membres";"https://icilome.com/2026/07/togo-le-synjit-prepare-ses-15-ans-avec-de-nouvelles-cartes-de-membres/"
"Icilome (FR)";"FR";"2026-09-19";"Video: Abdoul Aziz Goma Addresses the UN on Repression in Togo";"https://icilome.com/2026/03/video-abdoul-aziz-goma-addresses-the-un-on-repression-in-togo/"
"Icilome (FR)";"FR";"2026-09-19";"Togo – Enquête, pressions et refus de l’exil : le message fort de Roger Amemavoh (Vidéo)";"https://icilome.com/2026/02/togo-enquete-pressions-et-refus-de-lexil-le-message-fort-de-roger-amemavor-video/"
"Icilome (FR)";"FR";"2026-09-19";"Bénin : Le président Talon s’adresse à la nation après la tentative de coup d’État (vidéo)";"https://icilome.com/2025/12/benin-le-president-talon-sadresse-a-la-nation-apres-la-tentative-de-coup-detat-video/"
"Icilome (FR)";"FR";"2026-09-19";"Yves Edoh Agbodjan, alias Togbevi Kpéssé précise les objectifs de la délégation du M66 à New York (Interview)";"https://icilome.com/2025/09/yves-edoh-agbodjan-alias-togbevi-kpesse-precise-les-objectifs-de-la-delegation-du-m66-a-new-york-interview/"
"Icilome (FR)";"FR";"2026-09-19";"Vidéo – Le MO5 rejoint l’appel à la mobilisation du 30 août au Togo";"https://icilome.com/2025/08/video-le-mo5-rejoint-lappel-a-la-mobilisation-du-30-aout-au-togo/"
"Icilome (FR)";"FR";"2026-09-19";"« La seule voie pacifique » : l’appel de Nathaniel Olympio au Togo";"https://icilome.com/2026/09/la-seule-voie-pacifique-lappel-de-nathaniel-olympio-au-togo/"
"Icilome (FR)";"FR";"2026-09-19";"À Paris, la création togolaise s’invite à ArtTrip grâce à Kokou Ekouagou";"https://icilome.com/2026/09/a-paris-la-creation-togolaise-sinvite-a-arttrip-grace-a-kokou-ekouagou/"
"Icilome (FR)";"FR";"2026-09-19";"Togo – La HARC convoque les créateurs de contenu, quels enjeux derrière cette réunion ?";"https://icilome.com/2026/09/togo-la-harc-convoque-les-createurs-de-contenu-quels-enjeux-derriere-cette-reunion/"
"Icilome (FR)";"FR";"2026-09-19";"Togo- Jean-Pierre Fabre: « Le gouvernement doit cesser de faire payer aux togolais le prix de son incapacité »";"https://icilome.com/2026/09/togo-jean-pierre-fabre-le-gouvernement-doit-cesser-de-faire-payer-aux-togolais-le-prix-de-son-incapacite/"
"Icilome (FR)";"FR";"2026-09-19";"La politique de l´autruche d´un Faure Gnassingbé aux antipodes des réalités politiques de son pays.";"https://icilome.com/2026/09/la-politique-de-lautruche-dun-faure-gnassingbe-aux-antipodes-des-realites-politiques-de-son-pays/"
"Icilome (FR)";"FR";"2026-09-19";"Au Togo, Le Trompe-l’œil de la nouvelle Constitution";"https://icilome.com/2026/09/au-togo-le-trompe-loeil-de-la-nouvelle-constitution/"
"Icilome (FR)";"FR";"2026-09-19";"Togo- Tribune : « On ne soigne pas à la tête du client »";"https://icilome.com/2026/09/togo-tribune-on-ne-soigne-pas-a-la-tete-du-client/"
"Icilome (FR)";"FR";"2026-09-19";"Togo – Hausse du prix du carburant : le MMLK demande la baisse des frais de péage";"https://icilome.com/2026/09/togo-hausse-du-prix-du-carburant-le-mmlk-demande-la-baisse-des-frais-de-peage/"
"Icilome (FR)";"FR";"2026-09-19";"QNET lève le voile sur son catalogue produits, loin des clichés sur la vente pyramidale";"https://icilome.com/2026/09/qnet-leve-le-voile-sur-son-catalogue-produits-loin-des-cliches-sur-la-vente-pyramidale/"
"Icilome (FR)";"FR";"2026-09-19";"V-Convention : À Penang, QNET célèbre 28 ans de vente directe devant des milliers de distributeurs";"https://icilome.com/2026/09/v-convention-a-penang-qnet-celebre-28-ans-de-vente-directe-devant-des-milliers-de-distributeurs/"
"Icilome (FR)";"FR";"2026-09-19";"Même Messi abandonne l’Argentine : Et FAURE ?";"https://icilome.com/2026/09/meme-messi-abandonne-largentine-et-faure/"
"Icilome (FR)";"FR";"2026-09-19";"Résolution de l’ONU sur les cartes du monde : au Togo, l’ANC dénonce une « manœuvre de diversion »";"https://icilome.com/2026/09/resolution-de-lonu-sur-les-cartes-du-monde-au-togo-lanc-denonce-une-manoeuvre-de-diversion/"
"Icilome (FR)";"FR";"2026-09-19";"Rentrée scolaire 2026-2027 : le gouvernement reconduit et renforce le dispositif « Rentrée scolaire sûre »";"https://icilome.com/2026/09/rentree-scolaire-2026-2027-le-gouvernement-reconduit-et-renforce-le-dispositif-rentree-scolaire-sure/"
"Icilome (FR)";"FR";"2026-09-19";"TRIBUNE | Éducation au Togo : le plaidoyer de Helly GBENE pour une école pilotée par la donnée";"https://icilome.com/2026/09/tribune-education-au-togo-le-plaidoyer-de-helly-gbene-pour-une-ecole-pilotee-par-la-donnee/"
"Icilome (FR)";"FR";"2026-09-19";"Hausse du carburant au Togo : l’opposition dénonce une « asphyxie financière » des ménages";"https://icilome.com/2026/09/hausse-du-carburant-au-togo-lopposition-denonce-une-asphyxie-financiere-des-menages/"
"Icilome (FR)";"FR";"2026-09-19";"QNET ouvre les portes de son siège à des journalistes africains, en Malaisie";"https://icilome.com/2026/09/face-aux-accusations-qnet-ouvre-les-portes-de-son-siege-a-des-journalistes-africains-en-malaisie/"
"Icilome (FR)";"FR";"2026-09-19";"Togo- Pollution plastique : ZDP-Togo entre en action sur le littoral de Lomé";"https://icilome.com/2026/09/togo-pollution-plastique-zdp-togo-entre-en-action-sur-le-littoral-de-lome/"
"Icilome (FR)";"FR";"2026-09-19";"Nucléaire : le Togo se positionne, Lomé accueillera le sommet africain NEISA en 2027";"https://icilome.com/2026/09/nucleaire-le-togo-se-positionne-lome-accueillera-le-sommet-africain-neisa-en-2027/"
"Icilome (FR)";"FR";"2026-09-19";"Énergie : pourquoi le nucléaire pourrait changer l’avenir énergétique de l’Afrique et du Togo";"https://icilome.com/2026/09/energie-pourquoi-le-nucleaire-pourrait-changer-lavenir-energetique-de-lafrique-et-du-togo/"
"Icilome (FR)";"FR";"2026-09-19";"Méchanceté gratuite à la Plage";"https://icilome.com/2026/09/mechancete-gratuite-a-la-plage/"
"Icilome (FR)";"FR";"2026-09-19";"Togo – Cyberescroquerie : trois suspects interpellés à Afagnan";"https://icilome.com/2026/09/togo-cyberescroquerie-trois-suspects-interpelles-a-afagnan/"
"Icilome (FR)";"FR";"2026-09-19";"Togo : les prix des produits pétroliers repartent à la hausse";"https://icilome.com/2026/09/togo-les-prix-des-produits-petroliers-repartent-a-la-hausse/"
"Icilome (FR)";"FR";"2026-09-19";"Togo- Jean-Pierre Fabre veut « rendre au peuple la Constitution qu’on lui a volée »";"https://icilome.com/2026/09/togo-jean-pierre-fabre-veut-rendre-au-peuple-la-constitution-quon-lui-a-volee/"
"Icilome (FR)";"FR";"2026-09-19";"Les artistes togolais annoncent des sit-in en octobre";"https://icilome.com/2026/09/les-artistes-togolais-annoncent-des-sit-in-en-octobre/"
"Icilome (FR)";"FR";"2026-09-19";"Togo – Journaliste enlevé et violenté à Guérin-Kouka : le PPT interpelle les autorités";"https://icilome.com/2026/09/togo-journaliste-enleve-et-violente-a-guerin-kouka-le-ppt-interpelle-les-autorites/"
"Icilome (FR)";"FR";"2026-09-19";"Togo- Biologie médicale : Du laboratoire aux politiques de santé, les professionnels veulent franchir un cap";"https://icilome.com/2026/09/togo-biologie-medicale-du-laboratoire-aux-politiques-de-sante-les-professionnels-veulent-franchir-un-cap/"
"Icilome (FR)";"FR";"2026-09-19";"Yas Hackathon 2026 : 48 heures pour faire émerger les talents numériques de demain";"https://icilome.com/2026/09/yas-hackathon-2026-48-heures-pour-faire-emerger-les-talents-numeriques-de-demain/"
"Icilome (FR)";"FR";"2026-09-19";"Togo : un journaliste de Tampa Express enlevé et séquestré à Guérin-Kouka, le SYNJIT dénonce un « acte de gangstérisme »";"https://icilome.com/2026/09/togo-un-journaliste-de-tampa-express-enleve-et-sequestre-a-guerin-kouka-le-synjit-denonce-un-acte-de-gangsterisme/"
"Icilome (FR)";"FR";"2026-09-19";"Togo- La liberté de la presse en question, la souveraineté numérique en construction Spécial";"https://icilome.com/2026/09/togo-la-liberte-de-la-presse-en-question-la-souverainete-numerique-en-construction-special/"
"Icilome (FR)";"FR";"2026-09-19";"Togo / « Les routes de l’impossible »: Et si le vrai problème n’était pas le visa, mais ce que les caméras allaient montrer?";"https://icilome.com/2026/09/togo-les-routes-de-limpossible-et-si-le-vrai-probleme-netait-pas-le-visa-mais-ce-que-les-cameras-allaient-montrer/"
"Icilome (FR)";"FR";"2026-09-19";"Togo- Port, OTR et SOTOPLA faciliteraient-ils le vol des voitures à Lomé ?";"https://icilome.com/2026/09/togo-port-otr-et-sotopla-faciliteraient-elles-le-vol-des-voitures-a-lome/"
"Icilome (FR)";"FR";"2026-09-19";"Togo- Enquêtes sur la pauvreté : les Togolais végètent dans la misère, le gouvernement s’intéresse aux chiffres";"https://icilome.com/2026/09/togo-enquetes-sur-la-pauvrete-les-togolais-vegetent-dans-la-misere-le-gouvernement-sinteresse-aux-chiffres/"
"Icilome (FR)";"FR";"2026-09-19";"Togo- Compte rendu du Conseil des ministres Lomé, 7 septembre 2026";"https://icilome.com/2026/09/togo-compte-rendu-du-conseil-des-ministres-lome-7-septembre-2026/"
"Icilome (FR)";"FR";"2026-09-19";"Le Togo intensifie la lutte contre les faux médicaments";"https://icilome.com/2026/09/le-togo-intensifie-la-lutte-contre-les-faux-medicaments/"
"Icilome (FR)";"FR";"2026-09-19";"Faure Gnassingbé à Londres pour accélérer le développement du nucléaire civil";"https://icilome.com/2026/09/faure-gnassingbe-a-londres-pour-accelerer-le-developpement-du-nucleaire-civil/"
"Icilome (FR)";"FR";"2026-09-19";"Nuisances sonores : le défi de faire respecter le calme";"https://icilome.com/2026/09/nuisances-sonores-le-defi-de-faire-respecter-le-calme/"
"Icilome (FR)";"FR";"2026-09-19";"Rapport 2026 Institut V-Dem sur l’état de la démocratie : Togo parmi les pays très actifs dans le recul";"https://icilome.com/2026/09/rapport-2026-institut-v-dem-sur-letat-de-la-democratie-togo-parmi-les-pays-tres-actifs-dans-le-recul/"
"Icilome (FR)";"FR";"2026-09-19";"CIIE 2026 : le CETEF lance un appel à candidature pour sélectionner les exposants togolais";"https://icilome.com/2026/09/ciie-2026-le-cetef-lance-un-appel-a-candidature-pour-selectionner-les-exposants-togolais/"
"Icilome (FR)";"FR";"2026-09-19";"Togo – L’arrêt de la CEDEAO vu par l’ancien ministre malien de la Justice Ismaïla Konaté";"https://icilome.com/2026/09/togo-larret-de-la-cedeao-vu-par-lancien-ministre-malien-de-la-justice-ismaila-konate/"
"Icilome (FR)";"FR";"2026-09-19";"Niger – Les institutions fonctionnent et le pays reste concentré sur sa stabilité malgré tout";"https://icilome.com/2026/09/niger-les-institutions-fonctionnent-et-le-pays-reste-concentre-sur-sa-stabilite-malgre-tout/"
"Icilome (FR)";"FR";"2026-09-19";"« Correct The Map » : l’Union africaine salue le leadership togolais à l’ONU";"https://icilome.com/2026/09/correct-the-map-lunion-africaine-salue-le-leadership-togolais-a-lonu/"
"Icilome (FR)";"FR";"2026-09-19";"Togo : Le tango juridique de maître Gil-Benoit Afangbédji et la déchéance de l’engagement citoyen";"https://icilome.com/2026/09/togo-le-tango-juridique-de-maitre-gil-benoit-afangbedji-et-la-decheance-de-lengagement-citoyen/"
"Icilome (FR)";"FR";"2026-09-19";"Togo- Golfe 1 installe son Cadre de Concertation sur les systèmes alimentaires territorialisés";"https://icilome.com/2026/09/togo-golfe-1-installe-son-cadre-de-concertation-sur-les-systemes-alimentaires-territorialises/"
"Icilome (FR)";"FR";"2026-09-19";"Togo – Madi Djabakate face aux critiques sur l’interprétation de l’arrêt de la CEDEAO";"https://icilome.com/2026/09/togo-madi-djabakate-face-aux-critiques-sur-linterpretation-de-larret-de-la-cedeao/"
"Icilome (FR)";"FR";"2026-09-19";"Prof Wolou : « Si ce régime a un petit amour pour le Togo, il ne doit pas faire de Ferdinand Ayité un ennemi »";"https://icilome.com/2026/09/prof-wolou-si-ce-regime-a-un-petit-amour-pour-le-togo-il-ne-doit-pas-faire-de-ferdinand-ayite-un-ennemi/"
"Icilome (FR)";"FR";"2026-09-19";"Diplomatie : À l’ONU, le Togo fait adopter une résolution pour « corriger la carte » du monde";"https://icilome.com/2026/09/diplomatie-a-lonu-le-togo-fait-adopter-une-resolution-pour-corriger-la-carte-du-monde/"
"Icilome (FR)";"FR";"2026-09-19";"Togo : « À nous de dire non », l’appel du Pr Wolou Komi après la décision de la CEDEAO";"https://icilome.com/2026/09/togo-a-nous-de-dire-non-lappel-du-pr-wolou-komi-apres-la-decision-de-la-cedeao/"
"Icilome (FR)";"FR";"2026-09-19";"CEDEAO et réforme constitutionnelle de 2024 au Togo : le CNCC réunit juristes et acteurs politiques autour de l’arrêt";"https://icilome.com/2026/09/cedeao-et-reforme-constitutionnelle-de-2024-au-togo-le-cncc-reunit-juristes-et-acteurs-politiques-autour-de-larret/"
"Togo First (FR)";"FR";"2026-09-19";"ASKY et Ethiopian Airlines préparent un centre de maintenance d’avions de 100 millions $ à Lomé";"https://www.togofirst.com/fr/transport/1809-20095-asky-et-ethiopian-airlines-preparent-un-centre-de-maintenance-d-avions-de-100-millions-a-lome"
"Togo First (FR)";"FR";"2026-09-19";"Togo : la CCI-Togo lance la formation de femmes aux métiers du transport";"https://www.togofirst.com/fr/gouvernance-economique/1809-20107-togo-la-cci-togo-lance-la-formation-de-femmes-aux-metiers-du-transport"
"Togo First (FR)";"FR";"2026-09-19";"Togo : l’exécutif appelle les banques à renforcer leur soutien à l’agriculture et aux TPME";"https://www.togofirst.com/fr/gouvernance-economique/1809-20100-togo-l-executif-appelle-les-banques-a-renforcer-leur-soutien-a-l-agriculture-et-aux-tpme"
"Togo First (FR)";"FR";"2026-09-19";"21è Foire internationale de Lomé : l’Inde sera le pays invité d’honneur";"https://www.togofirst.com/fr/gouvernance-economique/1809-20097-21e-foire-internationale-de-lome-l-inde-sera-le-pays-invite-d-honneur"
"Togo First (FR)";"FR";"2026-09-19";"Togo : le budget vert passe de l’expérimentation à un cadre obligatoire";"https://www.togofirst.com/fr/finances-publiques/1809-20096-togo-le-budget-vert-passe-de-l-experimentation-a-un-cadre-obligatoire"
"Togo First (FR)";"FR";"2026-09-19";"Togo : plus de 3000 enseignants définitivement admis au concours de recrutement 2026";"https://www.togofirst.com/fr/education/1809-20094-togo-plus-de-3000-enseignants-definitivement-admis-au-concours-de-recrutement-2026"
"Togo First (FR)";"FR";"2026-09-19";"Appui aux entrepreneurs : l’ADTPME recrute à des postes de direction";"https://www.togofirst.com/fr/gouvernance-economique/1809-20093-appui-aux-entrepreneurs-l-adtpme-recrute-a-des-postes-de-direction"
"Togo First (FR)";"FR";"2026-09-19";"Au Togo, le secteur privé identifie ses besoins en recherche et innovation filière par filière";"https://www.togofirst.com/fr/gouvernance-economique/1809-20092-au-togo-le-secteur-prive-identifie-ses-besoins-en-recherche-et-innovation-filiere-par-filiere"
"Togo First (FR)";"FR";"2026-09-19";"Togo : le BIC prépare une plateforme pour faciliter le financement des PME";"https://www.togofirst.com/fr/gouvernance-economique/1709-20090-togo-le-bic-prepare-une-plateforme-pour-faciliter-le-financement-des-pme"
"Togo First (FR)";"FR";"2026-09-19";"Feuille de route 2026-2031 : l’exécutif recueille les dernières suggestions avant finalisation";"https://www.togofirst.com/fr/gestion-publique/1709-20086-feuille-de-route-2026-2031-l-executif-recueille-les-dernieres-suggestions-avant-finalisation"
"Togo First (FR)";"FR";"2026-09-19";"Togo : l'OTR lance e-TPU pour déclarer et payer la TPU en ligne";"https://www.togofirst.com/fr/gouvernance-economique/1709-20085-togo-lotr-lance-e-tpu-pour-declarer-et-payer-la-tpu-en-ligne"
"Togo First (FR)";"FR";"2026-09-19";"Togo : le Patronat lance un programme d’immersion professionnelle pour 600 jeunes";"https://www.togofirst.com/fr/gouvernance-economique/1709-20084-togo-le-patronat-lance-un-programme-d-immersion-professionnelle-pour-600-jeunes"
"Togo First (FR)";"FR";"2026-09-19";"Leadership politique : 323 femmes formées au Togo depuis 2020";"https://www.togofirst.com/fr/politique/1609-20081-leadership-politique-323-femmes-formees-au-togo-depuis-2020"
"Togo First (FR)";"FR";"2026-09-19";"Classement mondial 2026 : le Port de Lomé gagne une place et s’adjuge le 91è rang";"https://www.togofirst.com/fr/logistique/1609-20080-classement-mondial-2026-le-port-de-lome-gagne-une-place-et-s-adjuge-le-91e-rang"
"Togo First (FR)";"FR";"2026-09-19";"Togo : la masse salariale atteint 181 milliards FCFA à fin juin 2026, soit 48,5% des prévisions annuelles";"https://www.togofirst.com/fr/finances-publiques/1609-20077-togo-la-masse-salariale-atteint-181-milliards-fcfa-a-fin-juin-2026-soit-48-5-des-previsions-annuelles"
"Togo First (FR)";"FR";"2026-09-19";"Togo : chercheurs et entreprises veulent mieux valoriser les résultats de la recherche";"https://www.togofirst.com/fr/gouvernance-economique/1609-20073-togo-chercheurs-et-entreprises-cherchent-a-mieux-valoriser-les-resultats-de-la-recherche"
"Togo First (FR)";"FR";"2026-09-19";"IPDCP : ""Derrière la protection des données à caractère personnel, il y a non seulement un enjeu de souveraineté numérique, mais aussi un enjeu de confiance""";"https://www.togofirst.com/fr/tic/1609-20072-ipdcp-derriere-la-protection-des-donnees-a-caractere-personnel-il-y-a-non-seulement-un-enjeu-de-souverainete-numerique-mais-aussi-un-enjeu-de-confiance"
"Togo First (FR)";"FR";"2026-09-19";"Agriculture : météo, prix, intrants, le SIHAM veut faciliter l’accès des producteurs à l’information";"https://www.togofirst.com/fr/agro/1609-20071-agriculture-meteo-prix-intrants-le-siham-veut-faciliter-l-acces-des-producteurs-a-l-information"
"Togo First (FR)";"FR";"2026-09-19";"Salim Tebonou (HORI) : « J'ai dû démissionner moi-même de la structure que j'avais créée pour repartir de zéro »";"https://www.togofirst.com/fr/gouvernance-economique/0208-19767-salim-tebonou-hori-jai-du-demissionner-moi-meme-de-la-structure-que-javais-creee-pour-repartir-de-zero"
"Togo First (FR)";"FR";"2026-09-19";"FIL 2026 : 70 % de réduction sur les stands pour les femmes et jeunes entrepreneurs";"https://www.togofirst.com/fr/gouvernance-economique/2707-19692-fil-2026-70-de-reduction-sur-les-stands-pour-les-femmes-et-jeunes-entrepreneurs"
"Togo First (FR)";"FR";"2026-09-19";"Togo : plus de 8000 entreprises créées en six mois, un rebond après deux années de recul";"https://www.togofirst.com/fr/gouvernance-economique/0707-19479-togo-plus-de-8000-entreprises-creees-en-six-mois-un-rebond-apres-deux-annees-de-recul"
"Togo First (FR)";"FR";"2026-09-19";"Togo : à Di-Kéti, la certification s'impose comme un levier de croissance pour les TPME";"https://www.togofirst.com/fr/gouvernance-economique/0407-19449-togo-a-di-keti-la-certification-simpose-comme-un-levier-de-croissance-pour-les-tpme"
"Togo First (FR)";"FR";"2026-09-19";"Togo : un fonds de 655 millions FCFA pour financer l’installation des diplômés de l’IFAD-Aquaculture";"https://www.togofirst.com/en/gouvernance-economique/0406-19143-togo-un-fonds-de-655-millions-fcfa-pour-financer-l-installation-des-diplomes-de-l-ifad-aquaculture"
"Togo First (FR)";"FR";"2026-09-19";"Togo : l'ATD accompagne neuf startups EdTech vers l'international";"https://www.togofirst.com/fr/education/0306-19125-togo-latd-accompagne-neuf-startups-edtech-vers-linternational"
"Togo First (FR)";"FR";"2026-09-19";"Togo : après la hausse du prix du carburant, le gouvernement baisse les tarifs de péage";"https://www.togofirst.com/fr/transport/0207-19428-togo-apres-la-hausse-du-prix-du-carburant-le-gouvernement-baisse-les-tarifs-de-peage"
"Togo First (FR)";"FR";"2026-09-19";"Togo : les résultats des examens désormais accessibles gratuitement via le Web, WhatsApp et Telegram";"https://www.togofirst.com/fr/education/0806-19171-togo-les-resultats-des-examens-desormais-accessibles-gratuitement-via-le-web-whatsapp-et-telegram"
"Togo First (FR)";"FR";"2026-09-19";"Le Togolais Kodjo Akpatigbe prend la tête de Deloitte au Togo et au Bénin";"https://www.togofirst.com/fr/finance/0207-19423-le-togolais-kodjo-akpatigbe-prend-la-tete-de-deloitte-au-togo-et-au-benin"
"Togo First (FR)";"FR";"2026-09-19";"Gouvernance et financement du secteur routier : le Togo crée l’AGEROUTE et la SONAFIR";"https://www.togofirst.com/fr/transport/2906-19371-gouvernance-et-financement-du-secteur-routier-le-togo-cree-l-ageroute-et-la-sonafir"
"Togo First (FR)";"FR";"2026-09-19";"Lancement d’une mission d’élaboration des normes de certification pour les entreprises de BTP";"https://www.togofirst.com/"
"Togo First (FR)";"FR";"2026-09-19";"Logement : à Kpomé-Dalavé, Adedze annonce le passage du programme des 20 000 unités à sa phase opérationnelle";"https://www.togofirst.com/fr/gouvernance-economique/1206-19219-logement-a-kpome-dalave-adedze-annonce-le-passage-du-programme-des-20-000-unites-a-sa-phase-operationnelle"
"Togo First (FR)";"FR";"2026-09-19";"Togo : pour une fonction publique plus performante, le gouvernement entend mettre en place un plan national";"https://www.togofirst.com/"
"Togo First (FR)";"FR";"2026-09-19";"Restauration des terres : la FAO lance un appel à projets pour des subventions pouvant atteindre 50 000 $";"https://www.togofirst.com/fr/agro/1506-19233-restauration-des-terres-la-fao-lance-un-appel-a-projets-pour-des-subventions-pouvant-atteindre-50-000"
"Togo First (FR)";"FR";"2026-09-19";"Couverture sanitaire universelle : Lomé réunit 16 pays africains autour du diagnostic";"https://www.togofirst.com/fr/sante/1609-20070-couverture-sanitaire-universelle-lome-reunit-16-pays-africains-autour-du-diagnostic"
"Togo First (FR)";"FR";"2026-09-19";"Enseignement supérieur : Moscou veut renforcer sa coopération avec les universités togolaises";"https://www.togofirst.com/fr/formation/1509-20066-enseignement-superieur-moscou-veut-renforcer-sa-cooperation-avec-les-universites-togolaises"
"Togo First (FR)";"FR";"2026-09-19";"Togo : après les étudiants, la SOTRAL prépare l’extension du paiement digital des tickets";"https://www.togofirst.com/fr/transport/1509-20065-togo-apres-les-etudiants-la-sotral-prepare-l-extension-du-paiement-digital-des-tickets"
"Togo First (FR)";"FR";"2026-09-19";"Le Togo et ses voisins organisent le retour volontaire des réfugiés burkinabè";"https://www.togofirst.com/fr/social/1509-20062-le-togo-et-ses-voisins-organisent-le-retour-volontaire-des-refugies-burkinabe"
"Togo First (FR)";"FR";"2026-09-19";"Togo : à Togodo, les investissements du WACA ouvrent la voie à l’écotourisme";"https://www.togofirst.com/fr/agro/1509-20060-togo-a-togodo-les-investissements-du-waca-ouvrent-la-voie-a-l-ecotourisme"
"Togo First (FR)";"FR";"2026-09-19";"Au Togo, l’Université de Datcha ouvre ses premières formations et lance le recrutement des étudiants";"https://www.togofirst.com/fr/formation/1509-20059-au-togo-l-universite-de-datcha-ouvre-ses-premieres-formations-et-lance-le-recrutement-des-etudiantsau-togo-l-universite-de-datcha-situee-a-environ-130-km-au-nord-de-lome-franchit-une-nouvelle-etape-avant-l-ouverture-de-"
"Togo First (FR)";"FR";"2026-09-19";"Mobilité électrique : Spiro s’allie au chinois Yadea pour accélérer son expansion";"https://www.togofirst.com/fr/transport/1509-20058-mobilite-electrique-spiro-s-allie-au-chinois-yadea-pour-accelerer-son-expansion"
"Togo First (FR)";"FR";"2026-09-19";"Exportations agricoles : au Togo, le cacao dope les recettes avant le retournement de 2026";"https://www.togofirst.com/fr/agro/1409-20055-exportations-agricoles-au-togo-le-cacao-dope-les-recettes-avant-le-retournement-de-2026"
"Togo First (FR)";"FR";"2026-09-19";"Togo : 2,9 millions d’élèves retrouvent les classes, avec de nouvelles réformes";"https://www.togofirst.com/fr/education/1409-20053-togo-2-9-millions-d-eleves-retrouvent-les-classes-avec-de-nouvelles-reformes"
"Togo First (FR)";"FR";"2026-09-19";"Téléradiologie : la startup togolaise Clinicaa présente X-rayVision";"https://www.togofirst.com/fr/sante/1409-20051-teleradiologie-la-startup-togolaise-clinicaa-presente-x-rayvision"
"Togo First (FR)";"FR";"2026-09-19";"AMU : de nouveaux bureaux de proximité installés dans le Grand Lomé";"https://www.togofirst.com/fr/social/1409-20048-amu-de-nouveaux-bureaux-de-proximite-installes-dans-le-grand-lome"
"Togo First (FR)";"FR";"2026-09-19";"Le Togolais Palokinam Pitché prend la tête de l’Organisation ouest-africaine de la santé";"https://www.togofirst.com/fr/sante/1409-20046-le-togolais-palokinam-pitche-prend-la-tete-de-l-organisation-ouest-africaine-de-la-sante"
"Togo First (FR)";"FR";"2026-09-19";"Togo : les entreprises se préparent au passage à la facture électronique certifiée";"https://www.togofirst.com/fr/gouvernance-economique/1409-20045-togo-les-entreprises-se-preparent-au-passage-a-la-facture-electronique-certifiee"
"Togo First (FR)";"FR";"2026-09-19";"Togo-Égypte : une nouvelle ambassadrice pour accélérer les relations économiques entre Lomé et Le Caire";"https://www.togofirst.com/fr/politique/1409-20044-togo-egypte-une-nouvelle-ambassadrice-pour-accelerer-les-relations-economiques-entre-lome-et-le-caire"
"Togo First (FR)";"FR";"2026-09-19";"« Le temps de l’improvisation administrative est définitivement révolu », Yawo Agbessi Tsogbe, président du GNEBTP";"https://www.togofirst.com/fr/btp/1209-20039-le-temps-de-l-improvisation-administrative-est-definitivement-revolu-yawo-agbessi-tsogbe-president-du-gnebtp"
"Togo First (FR)";"FR";"2026-09-19";"À l’Université de Lomé, l’apprentissage des langues étrangères s’élargit dès la rentrée 2026-2027";"https://www.togofirst.com/fr/education/1109-20035-a-l-universite-de-lome-l-apprentissage-des-langues-etrangeres-s-elargit-des-la-rentree-2026-2027"
"Togo First (FR)";"FR";"2026-09-19";"Togo : les recettes fiscales atteignent 507 milliards FCFA à fin juin 2026 en hausse de 14,3%";"https://www.togofirst.com/fr/finances-publiques/1109-20032-togo-les-recettes-fiscales-atteignent-507-milliards-fcfa-a-fin-juin-2026-en-hausse-de-14-3"
"Togo First (FR)";"FR";"2026-09-19";"Le Togo renforce la surveillance de sa sécurité aéroportuaire avec l’appui de l’OACI";"https://www.togofirst.com/fr/transport/1109-20029-le-togo-renforce-la-surveillance-de-sa-securite-aeroportuaire-avec-l-appui-de-l-oaci"
"Togo First (FR)";"FR";"2026-09-19";"Propriété industrielle : l’INPIT appelle les entreprises à protéger leurs actifs immatériels";"https://www.togofirst.com/fr/gouvernance-economique/1109-20028-propriete-industrielle-l-inpit-appelle-les-entreprises-a-proteger-leurs-actifs-immateriels"
"Togo First (FR)";"FR";"2026-09-19";"UEMOA : la BCEAO maintient son taux directeur à 3% malgré la remontée des prix";"https://www.togofirst.com/fr/gouvernance-economique/1109-20027-uemoa-la-bceao-maintient-son-taux-directeur-a-3-malgre-la-remontee-des-prix"
"Togo First (FR)";"FR";"2026-09-19";"Togo : nouvelle hausse des prix à la pompe, le super-sans plomb passe à 817 FCFA";"https://www.togofirst.com/fr/energies/1109-20025-togo-nouvelle-hausse-des-prix-a-la-pompe-le-super-sans-plomb-passe-a-817-fcfa"
"Togo First (FR)";"FR";"2026-09-19";"Badanam Patoki : « Les PPP sont un gage de bonne gouvernance et une garantie pour les investisseurs »";"https://www.togofirst.com/fr/gouvernance-economique/1009-20023-badanam-patoki-les-ppp-sont-un-gage-de-bonne-gouvernance-et-une-garantie-pour-les-investisseurs"
"Togo First (FR)";"FR";"2026-09-19";"Incendie du marché de Kpalimé : d’importants dégâts matériels enregistrés, selon un premier bilan";"https://www.togofirst.com/fr/economie/1009-20021-incendie-du-marche-de-kpalime-d-importants-degats-materiels-enregistres-selon-un-premier-bilan"
"Togo First (FR)";"FR";"2026-09-19";"Au Togo, les importateurs de pagnes plaident pour une meilleure régulation du secteur";"https://www.togofirst.com/fr/gouvernance-economique/1009-20015-au-togo-les-importateurs-de-pagnes-plaident-pour-une-meilleure-regulation-du-secteur"
"Togo First (FR)";"FR";"2026-09-19";"Sécurité alimentaire : la Banque mondiale appuie le Laboratoire national phytosanitaire des aliments";"https://www.togofirst.com/fr/sante/1009-20014-securite-alimentaire-la-banque-mondiale-appuie-le-laboratoire-national-phytosanitaire-des-aliments"
"Togo First (FR)";"FR";"2026-09-19";"Togo : Lomé réunit cinq pays autour de la gestion des déplacements forcés depuis le Sahel";"https://www.togofirst.com/fr/social/1009-20013-togo-lome-reunit-cinq-pays-autour-de-la-gestion-des-deplacements-forces-depuis-le-sahel"
"L'Alternative (TG)";"FR";"2026-09-19";"Accueil";"https://lalternative.info/"
"L'Alternative (TG)";"FR";"2026-09-19";"A propos";"https://lalternative.info/about-us/"
"L'Alternative (TG)";"FR";"2026-09-19";"Abonnement";"https://lalternative.info/abonnez-vous-a-votre-journal/"
"L'Alternative (TG)";"FR";"2026-09-19";"Togo- Primature, ministère des Enseignements, brigade pour mineurs, CNDH passifs sur...";"https://lalternative.info/2024/09/14/togo-primature-ministere-des-enseignements-brigade-pour-mineurs-cndh-passifs-sur-le-viol-sur-une-petite-fille-a-lecole-la-madone/"
"L'Alternative (TG)";"FR";"2026-09-19";"Togo- Kao Baobadi, l’architecte de l’immeuble défectueux de la LONATO, ses...";"https://lalternative.info/2024/05/15/togo-kao-baobadi-larchitecte-de-limmeuble-defectueux-de-la-lonato-ses-deux-appartements-a-dubai/"
"L'Alternative (TG)";"FR";"2026-09-19";"Un appartement d’Yvonne Bawizibadi Gnassingbé à Dubaï au cœur d’une lutte...";"https://lalternative.info/2024/05/17/un-appartement-dyvonne-bawizibadi-gnassingbe-a-dubai-au-coeur-dune-lutte-de-succession/"
"L'Alternative (TG)";"FR";"2026-09-19";"Togo- Vague d’arrestations en cours au sein des FAT";"https://lalternative.info/2024/07/16/togo-vague-darrestations-en-cours-au-sein-des-fat/"
"L'Alternative (TG)";"FR";"2026-09-19";"Togo- Vote de moins de 50 députés, procurations fabriquées au nom...";"https://lalternative.info/2024/03/31/togo-vote-de-moins-de-50-deputes-procurations-fabriquees-au-nom-des-absents-voici-comment-le-coup-detat-constitutionnel-sest-passe-lundi/"
"L'Alternative (TG)";"FR";"2026-09-19";"Togo-La CEET installe un groupe de 14 millions chez la ministre...";"https://lalternative.info/2024/03/15/togo-la-ceet-installe-un-groupe-de-14-millions-chez-la-ministre-de-lenergie-et-des-mines/"
"L'Alternative (TG)";"FR";"2026-09-19";"Togo- Football : Qui est Nibombé Daré, le nouveau sélectionneur des Eperviers ?";"https://lalternative.info/2024/07/15/togo-football-qui-est-nibombe-dare-le-nouveau-selectionneur-des-eperviers/"
"L'Alternative (TG)";"FR";"2026-09-19";"Togo- Justice : Mandat d’arrêt international contre le Cdt Olivier Amah...";"https://lalternative.info/2024/08/07/togo-justice-mandat-darret-international-contre-le-cdt-olivier-amah-et-le-journaliste-ferdinand-ayite/"
"L'Alternative (TG)";"FR";"2026-09-19";"Togo- CEET: Voici les 3 étapes pour mettre à jour son...";"https://lalternative.info/2024/06/27/togo-ceet-voici-les-3-etapes-pour-mettre-a-jour-son-compteur-cash-power/"
"L'Alternative (TG)";"FR";"2026-09-19";"Togo- Arrestations à Kara : incertitude sur le sort du capitaine...";"https://lalternative.info/2024/07/23/togo-arrestations-a-kara-incertitude-sur-le-sort-du-capitaine-dare-kondi-photo/"
"L'Alternative (TG)";"FR";"2026-09-19";"Togo- Kpendjal : Inhumation sans hommage des militaires tombés au front";"https://lalternative.info/2024/07/29/togo-kpendjal-inhumation-sans-hommage-des-militaires-tombes-au-front/"
"L'Alternative (TG)";"FR";"2026-09-19";"NOUS SOUTENIR";"/donate"
"L'Alternative (TG)";"FR";"2026-09-19";"À propos";"https://lalternative.info/about-us/"
"L'Alternative (TG)";"FR";"2026-09-19";"Faire un don";"https://lalternative.info/donate/"
"L'Alternative (TG)";"FR";"2026-09-19";"Abonnez-vous à votre journal";"https://lalternative.info/abonnez-vous-a-votre-journal/"
"L'Alternative (TG)";"FR";"2026-09-19";"Journal L'alternative";"https://lalternative.info/author/lalternative24/"
"L'Alternative (TG)";"FR";"2026-09-19";"Togo- Journaliste kidnappé, torturé puis jeté dans la brousse… à qui profite le crime ?";"https://lalternative.info/2026/09/09/togo-journaliste-kidnappe-torture-puis-jete-dans-la-brousse-a-qui-profite-le-crime/"
"L'Alternative (TG)";"FR";"2026-09-19";"Diplomatie : deux français arrêtés au Togo, Faure Gnassingbé veut l’extradition de Ferdinand AYITE contre leur libération";"https://lalternative.info/2026/08/18/diplomatie-deux-francais-arretes-au-togo-faure-gnassingbe-veut-lextradition-de-ferdinand-ayite-contre-leur-liberation/"
"L'Alternative (TG)";"FR";"2026-09-19";"Mahama décide de consulter le peuple pour la révision constitutionnelle";"https://lalternative.info/2026/08/16/mahama-decide-de-consulter-le-peuple-pour-la-revision-constitutionnelle/"
"L'Alternative (TG)";"FR";"2026-09-19";"Togo- Tribune : La Cour de justice de la CEDEAO face à un pouvoir qui s’entête à ne jamais avoir tort";"https://lalternative.info/2026/08/10/togo-tribune-la-cour-de-justice-de-la-cedeao-face-a-un-pouvoir-qui-sentete-a-ne-jamais-avoir-tort/"
"L'Alternative (TG)";"FR";"2026-09-19";"La révision constitutionnelle ravive les tensions politiques";"https://lalternative.info/2026/08/08/la-revision-constitutionnelle-ravive-les-tensions-politiques/"
"L'Alternative (TG)";"FR";"2026-09-19";"Togo-Tribune : Moscou tisse sa toile à Lomé";"https://lalternative.info/2026/07/30/togo-tribune-moscou-tisse-sa-toile-a-lome/"
"L'Alternative (TG)";"FR";"2026-09-19";"Togo- Hausse des prix du carburant : Deux Togolais s’affrontent, le virtuel et le réel";"https://lalternative.info/2026/09/16/togo-hausse-des-prix-du-carburant-deux-togolais-saffrontent-le-virtuel-et-le-reel/"
"L'Alternative (TG)";"FR";"2026-09-19";"Togo- Tribune : « On ne soigne pas à la tête du client »";"https://lalternative.info/2026/09/12/togo-tribune-on-ne-soigne-pas-a-la-tete-du-client/"
"L'Alternative (TG)";"FR";"2026-09-19";"Togo- Tribune : Nous voulons savoir ce que vous reprochez à Fred Vedomey";"https://lalternative.info/2026/08/28/togo-tribune-nous-voulons-savoir-ce-que-vous-reprochez-a-fred-vedomey/"
"L'Alternative (TG)";"FR";"2026-09-19";"TRIBUNE- Coupe du monde 2026 : Pourquoi les sélections africaines s’effondrent en fin de match";"https://lalternative.info/2026/07/05/tribune-coupe-du-monde-2026-pourquoi-les-selections-africaines-seffondrent-en-fin-de-match/"
"L'Alternative (TG)";"FR";"2026-09-19";"Togo- Une augmentation de 137 F CFA sur le litre du super sans plomb en 3 mois";"https://lalternative.info/2026/09/11/togo-une-augmentation-de-137-f-cfa-sur-le-litre-du-super-sans-plomb-en-3-mois/"
"L'Alternative (TG)";"FR";"2026-09-19";"« Le peuple ne mange pas les notations » : Oligui Nguema dans le concret, Faure Gnassingbé dans les chiffres fabriqués";"https://lalternative.info/2026/09/10/le-peuple-ne-mange-pas-les-notations-oligui-nguema-dans-le-concret-faure-gnassingbe-dans-les-chiffres-fabriques/"
"L'Alternative (TG)";"FR";"2026-09-19";"Togo- Enquêtes sur la pauvreté : les Togolais végètent dans la misère, le gouvernement s’intéresse aux chiffres";"https://lalternative.info/2026/09/08/togo-enquetes-sur-la-pauvrete-les-togolais-vegetent-dans-la-misere-le-gouvernement-sinteresse-aux-chiffres/"
"L'Alternative (TG)";"FR";"2026-09-19";"Togo- OTR : Éric Amouzou Folly le mari d’une des inspectrices, arrêté";"https://lalternative.info/2026/09/07/togo-otr-eric-amouzou-folly-le-mari-dune-des-inspectrices-arrete/"
"L'Alternative (TG)";"FR";"2026-09-19";"Togo- Les dirigeants africains en chantiers, Faure Gnassingbé fête la correction du « Map »";"https://lalternative.info/2026/09/13/togo-quand-les-dirigeants-africains-sont-sur-les-chantiers-faure-gnassingbe-fete-la-correction-du-map/"
"L'Alternative (TG)";"FR";"2026-09-19";"Togo- Encore un scandale à l’OTR : des cadres de la DGI en garde à vue à la DCPJ";"https://lalternative.info/2026/09/06/togo-encore-un-scandale-a-lotr-des-cadres-de-la-dgi-en-garde-a-vue-a-la-dcpj/"
"L'Alternative (TG)";"FR";"2026-09-19";"Togo- Des partis politiques et OSC apportent leur soutien à Ferdinand Ayité et autres activistes en danger";"https://lalternative.info/2026/09/03/togo-des-partis-politiques-et-osc-apportent-leur-soutien-a-ferdinand-ayite-et-autres-activistes-en-danger/"
"L'Alternative (TG)";"FR";"2026-09-19";"Offre d’emploi/L’ALTERNATIVE";"https://lalternative.info/2024/03/07/offre-demploi-lalternative/"
"L'Alternative (TG)";"FR";"2026-09-19";"Les conseils d’administration de 10 sociétés d’Etat dissous, Mahama met en garde ministres et directeurs de sociétés";"https://lalternative.info/2026/09/03/les-conseils-dadministration-de-10-societes-detat-dissous-mahama-met-en-garde-ministres-et-directeurs-de-societes/"
"L'Alternative (TG)";"FR";"2026-09-19";"Isidore kouwonou";"https://lalternative.info/author/ksisdore/"
"L'Alternative (TG)";"FR";"2026-09-19";"Kossi LAMBA";"https://lalternative.info/author/kossi-lamba/"
"L'Alternative (TG)";"FR";"2026-09-19";"L'Alternative";"https://lalternative.info/author/equipeedito/"
"L'Alternative (TG)";"FR";"2026-09-19";"La CCJA condamne définitivement l’UTB à verser plus de 2,5 milliards de FCFA à TMI";"https://lalternative.info/2026/07/22/la-ccja-condamne-definitivement-lutb-a-verser-plus-de-25-milliards-de-fcfa-a-tmi/"
"L'Alternative (TG)";"FR";"2026-09-19";"Togo- Scandale à l’OTR : Donko Bileyo et Klouvi Dedegan inculpées par le doyen des juges";"https://lalternative.info/2026/05/17/togo-scandale-a-lotr-donko-bileyo-et-klouvi-dedegan-inculpees-par-le-doyen-des-juges/"
"L'Alternative (TG)";"FR";"2026-09-19";"Togo- OTR : Donko Bileyo virée, plainte contre Ferdinand Ayité retirée";"https://lalternative.info/2026/04/19/togo-otr-donko-bileyo-viree-plainte-contre-ferdinand-ayite-retiree/"
"L'Alternative (TG)";"FR";"2026-09-19";"Togo- OTR : le CENTIF saisit le procureur, le doyen des juges d’instruction ouvre une enquête, un autre compte de 530 millions découverts à NSIA";"https://lalternative.info/2026/04/05/togo-otr-le-centif-saisit-le-procureur-le-doyen-des-juges-dinstruction-ouvre-une-enquete-un-autre-compte-de-530-millions-decouverts-a-nsia/"
"L'Alternative (TG)";"FR";"2026-09-19";"John Mahama offre des billets de la Coupe du monde à la diaspora ghanéenne";"https://lalternative.info/2026/06/01/john-mahama-offre-des-billets-de-la-coupe-du-monde-a-la-diaspora-ghaneenne/"
"L'Alternative (TG)";"FR";"2026-09-19";"View all posts";"https://lalternative.info/author/lalternative24/"
"L'Alternative (TG)";"FR";"2026-09-19";"Facebook";"https://www.facebook.com/sharer/sharer.php?u=https://lalternative.info/"
"L'Alternative (TG)";"FR";"2026-09-19";"Twitter";"https://twitter.com/intent/tweet?text=Check%20out%20this%20article:%20Accueil%20-%20https://lalternative.info/"
"L'Alternative (TG)";"FR";"2026-09-19";"Pinterest";"https://www.pinterest.com/pin/create/button/?url=https%3A%2F%2Flalternative.info%2F&description=Accueil"
"L'Alternative (TG)";"FR";"2026-09-19";"Whatsapp";"https://api.whatsapp.com/send?text=Accueil %0A%0A https%3A%2F%2Flalternative.info%2F"
"L'Alternative (TG)";"FR";"2026-09-19";"Telegram";"https://telegram.me/share/url?url=https%3A%2F%2Flalternative.info%2F&text=Accueil"
"L'Alternative (TG)";"FR";"2026-09-19";"Email";"mailto:?subject=Accueil&BODY=https://lalternative.info/"
"L'Alternative (TG)";"FR";"2026-09-19";"À propos";"/about-us"
"L'Alternative (TG)";"FR";"2026-09-19";"Politique de confidentialité";"/privacy-policy"
"L'Alternative (TG)";"FR";"2026-09-19";"Conditions d'utilisation";"/conditions-dutilisation"
"L'Alternative (TG)";"FR";"2026-09-19";"Règlementation européenne";"https://lalternative.info/reglementation-europeenneeu/"
"L'Alternative (TG)";"FR";"2026-09-19";"Facebook";"https://www.facebook.com/profile.php?id=61556605160366"
"L'Alternative (TG)";"FR";"2026-09-19";"Twitter";"https://twitter.com/lalternative_of"
"L'Alternative (TG)";"FR";"2026-09-19";"Instagram";"https://www.instagram.com/lalternative_of/"
"L'Alternative (TG)";"FR";"2026-09-19";"Youtube";"https://www.youtube.com/channel/UCk6JMYUcGDarZYNb-mPPLPA"
"L'Alternative (TG)";"FR";"2026-09-19";"Gérer les options";"#"
"L'Alternative (TG)";"FR";"2026-09-19";"Gérer les services";"#"
"L'Alternative (TG)";"FR";"2026-09-19";"Gérer {vendor_count} fournisseurs";"#"
"L'Alternative (TG)";"FR";"2026-09-19";"En savoir plus sur ces finalités";"https://cookiedatabase.org/tcf/purposes/"
"L'Alternative (TG)";"FR";"2026-09-19";"Voir les préférences";"#"
"L'Alternative (TG)";"FR";"2026-09-19";"{title}";"#"
"L'Alternative (TG)";"FR";"2026-09-19";"Queue";"#"
"L'Alternative (TG)";"FR";"2026-09-19";"Flash plugin";"http://get.adobe.com/flashplayer/"
"Laabali (TG)";"FR";"2026-09-19";"Africa-Newsroom";"https://laabali.com/africa-newsroom/"
"Laabali (TG)";"FR";"2026-09-19";"...";"#"
"Laabali (TG)";"FR";"2026-09-19";"Inspection de Tone 2: Les populations apportent leurs contributions";"https://laabali.com/post/15567/inspection-de-tone-2-les-populations-apportent-leurs-contributions/ "
"Laabali (TG)";"FR";"2026-09-19";"« Mais aujourd'hui, est-ce que nous sommes à la fin du terrorisme ? Personne ne saurait dire oui, parce que c'est une guerre asymétrique », Lorimpo Tchabli, Président du Mouvement en Marche";"https://laabali.com/post/15563/mais-aujourdhui-est-ce-que-nous-sommes-a-la-fin-du-terrorisme-personne-ne-saurait-dire-oui-parce-que-cest-une-guerre-asymetrique-lorimpo-tchabli-president-du-mouvement-en/ "
"Laabali (TG)";"FR";"2026-09-19";"Harmonisations terminologiques dans les langues Moba et Gulmancema : Pr Kantchoa Laré mobilise les personnes ressources";"https://laabali.com/post/15556/harmonisations-terminologiques-dans-les-langues-moba-et-gulmancema-pr-kantchoa-lare-mobilise-les-personnes-ressources/ "
"Laabali (TG)";"FR";"2026-09-19";"La Fédération nationale des maisons familiales de formation rurale du Togo lance un appel à projet de Construction de 50 poulaillers traditionnels améliorés au profit des bénéficiaires de l’IFAD Elevage Barkoissi et 30 poulaillers améliorés au profit des bénéficiaires de la FMFRT";"https://laabali.com/post/15553/la-federation-nationale-des-maisons-familiales-de-formation-rurale-du-togo-lance-un-appel-a-projet-de-construction-de-50-poulaillers-traditionnels-ameliores-au-profit-des-beneficiaires-de-lif/ "
"Laabali (TG)";"FR";"2026-09-19";"La Fédération nationale des maisons familiales de formation rurale du Togo lance un appel à projet de Construction de 50 poulaillers traditionnels améliorés au profit des bénéficiaires de l’IFAD Elevage Barkoissi et 30 poulaillers améliorés au profit des bénéficiaires de la FMFRT";"https://laabali.com/?p=15553"
"Laabali (TG)";"FR";"2026-09-19";"Enfants en situation de handicap: Aphmoto soutient en kits scolaires à Dapaong";"https://laabali.com/?p=15515"
"Laabali (TG)";"FR";"2026-09-19";"Ponio : 30 femmes formées aux activités génératrices de revenus";"https://laabali.com/?p=15505"
"Laabali (TG)";"FR";"2026-09-19";"Accès à l’eau potable : Lancement d’un projet d’adduction d’eau et d’assainissement à Tidjoate-Lambounte";"https://laabali.com/?p=15461"
"Laabali (TG)";"FR";"2026-09-19";"Violences basées sur le genre : AFE sensibilise les communautés à Cinkassé";"https://laabali.com/?p=15384"
"Laabali (TG)";"FR";"2026-09-19";"INADES-Formation : 4 sites maraichers/champs écoles remis aux Scoops dans les savanes";"https://laabali.com/?p=15139"
"Laabali (TG)";"FR";"2026-09-19";"JII 2026 : Dans les Savanes, les infirmiers célébrés pour leur résilience";"https://laabali.com/?p=15103"
"Laabali (TG)";"FR";"2026-09-19";"Dapaong : A2FHV-S sensibilise des acteurs du bâtiment à l’accessibilité des infrastructures publiques";"https://laabali.com/?p=15076"
"Laabali (TG)";"FR";"2026-09-19";"Nadjoundi: ""Les droits de femmes ne donnent pas droit aux femmes de frapper leurs maris""";"https://laabali.com/?p=14881"
"Laabali (TG)";"FR";"2026-09-19";"Yark Damehamme: L’insubmersible général qui murmure aux oreilles de Faure Gnassimgbé";"https://laabali.com/?p=14271"
"Laabali (TG)";"FR";"2026-09-19";"Dapaong : les défis de l’assainissement toujours présents !";"https://laabali.com/?p=13413"
"Laabali (TG)";"FR";"2026-09-19";"Accès à l’eau potable : L’ONG MECAP cultive l’espoir pour la fin de la soif dans les Savanes";"https://laabali.com/?p=13297"
"Laabali (TG)";"FR";"2026-09-19";"Sanloaga (Togo): «Ils enlèvent nos jeunes garçons pour en faire des combattants» 15046 vues";"
                                        https://laabali.com/post/6306/sanloaga-togo-ils-enlevent-nous-jeunes-garcons-pour-en-faire-des-combattants/                                        
                                        "
"Laabali (TG)";"FR";"2026-09-19";"Dapaong: Ouverture du 1e Forum des producteurs agricoles (FOPAT) 13838 vues";"
                                        https://laabali.com/post/6477/dapaong-ouverture-du-1e-forum-des-producteurs-agricoles-fopat/                                        
                                        "
"Laabali (TG)";"FR";"2026-09-19";"TGI/Dapaong: Le départ du président et son équipe fait des mécontents 12853 vues";"
                                        https://laabali.com/post/192/tgi-dapaong-le-depart-du-president-et-son-equipe-fait-des-mecontents/                                        
                                        "
"Laabali (TG)";"FR";"2026-09-19";"Savanes: Les FAT repoussent une attaque, deux assaillants neutralisés 7371 vues";"
                                        https://laabali.com/post/5663/savanes-les-fat-repoussent-une-attaque-deux-assaillants-neutralises/                                        
                                        "
"Laabali (TG)";"FR";"2026-09-19";"Contre le terrorisme: Le Togo fait appel à ses anciens soldats 4292 vues";"
                                        https://laabali.com/post/6743/contre-le-terrorisme-le-togo-fait-appel-a-ses-anciens-soldats/                                        
                                        "
"Laabali (TG)";"FR";"2026-09-19";"Le Maire Monoka Laré et la commune de Tandjouaré 1";"https://laabali.com/post/12171/monoka-lare/"
"Laabali (TG)";"FR";"2026-09-19";"par Edouard Samboe";"#"
"Laabali (TG)";"FR";"2026-09-19";"Suka ou l'art divinatoire: Foi ou culture moba ?";"https://laabali.com/post/12078/suka-ou-lart-divinatoire-foi-ou-culture-moba/"
"Laabali (TG)";"FR";"2026-09-19";"Togo/Education: Diagnostic d'un secteur en panne de repères";"https://laabali.com/post/6749/togo-education-diagnostic-dun-secteur-en-pannes-de-reperes/"
"Laabali (TG)";"FR";"2026-09-19";"Contre le terrorisme: Le Togo fait appel à ses anciens soldats";"https://laabali.com/post/6743/contre-le-terrorisme-le-togo-fait-appel-a-ses-anciens-soldats/"
"Laabali (TG)";"FR";"2026-09-19";"«Le pouvoir doit faire en sorte qu'il y ait moins de frustrations sur les plans politiques et économiques», Pr David Dosseh, OSC";"https://laabali.com/post/6688/le-pouvoir-doit-faire-en-sorte-quil-y-ait-moins-de-frustrations-sur-les-plans-politiques-et-economiques-pr-david-dosseh-osc/"
"Laabali (TG)";"FR";"2026-09-19";"FOPAT: A Dapaong , les producteurs veulent des usines de transformations de tomates";"https://laabali.com/post/6533/fopat-a-dapaong-les-producteurs-veulent-des-usines-de-transformations-de-tomates/"
"Laabali (TG)";"FR";"2026-09-19";"Dapaong: Ouverture du 1e Forum des producteurs agricoles (FOPAT)";"https://laabali.com/post/6477/dapaong-ouverture-du-1e-forum-des-producteurs-agricoles-fopat/"
"Laabali (TG)";"FR";"2026-09-19";"Frontière Burkina-Togo: Le durcissement des mesures sécuritaires impacte Kompienga";"https://laabali.com/post/6464/frontiere-burkina-togo-le-durcissement-des-mesures-securitaires-impacte-kompienga/"
"Laabali (TG)";"FR";"2026-09-19";"Sanloaga (Togo): «Ils enlèvent nos jeunes garçons pour en faire des combattants» 15046 vues";" https://laabali.com/post/6306/sanloaga-togo-ils-enlevent-nous-jeunes-garcons-pour-en-faire-des-combattants/ "
"Laabali (TG)";"FR";"2026-09-19";"Dapaong: Ouverture du 1e Forum des producteurs agricoles (FOPAT) 13838 vues";" https://laabali.com/post/6477/dapaong-ouverture-du-1e-forum-des-producteurs-agricoles-fopat/ "
"Laabali (TG)";"FR";"2026-09-19";"TGI/Dapaong: Le départ du président et son équipe fait des mécontents 12853 vues";" https://laabali.com/post/192/tgi-dapaong-le-depart-du-president-et-son-equipe-fait-des-mecontents/ "
"Laabali (TG)";"FR";"2026-09-19";"CrEaT";""
"Fraternité Matin (CI)";"FR";"2026-09-19";"Coopération ONU-Côte d’Ivoire : Nialé Kaba appelle à plus de synergie";"https://www.fratmat.info/article/2644628/politique/cooperation-onu-cote-divoire-niale-kaba-appelle-a-plus-de-synergie"
"Fraternité Matin (CI)";"FR";"2026-09-19";"Préparatifs du Hadj 2027 : le Commissariat rappelle ses canaux officiels";"https://www.fratmat.info/article/2644620/societe/preparatifs-du-hadj-2027-le-commissariat-rappelle-ses-canaux-officiels"
"Fraternité Matin (CI)";"FR";"2026-09-19";"Rentrée scolaire : le quartier Kennedy de Bouaké ouvre sa première école primaire";"https://www.fratmat.info/article/2644617/societe/rentree-scolaire-le-quartier-kennedy-de-bouake-ouvre-sa-premiere-ecole-primaire"
"Fraternité Matin (CI)";"FR";"2026-09-19";"Tiébissou : Les travaux de construction du château d’eau de N’Gattadolikro achevés";"https://www.fratmat.info/article/2644612/regions/tiebissou-les-travaux-de-construction-du-chateau-deau-de-ngattadolikro-acheves"
"Fraternité Matin (CI)";"FR";"2026-09-19";"Université virtuelle de Côte d'Ivoire: Deux nouvelles formations pour répondre aux métiers émergents du numérique";"https://www.fratmat.info/article/2644609/societe/universite-virtuelle-de-cote-divoire-deux-nouvelles-formations-pour-repondre-aux-metiers-emergents-du-numerique"
"Fraternité Matin (CI)";"FR";"2026-09-19";"Administration : le ministère du Commerce passe à la signature électronique";"https://www.fratmat.info/article/2644603/economie/administration-le-ministere-du-commerce-passe-a-la-signature-electronique"
"Le Faso (BF)";"FR";"2026-09-19";"Contact";"https://lefaso.net/spip.php?article64819"
"Le Faso (BF)";"FR";"2026-09-19";"Contactez-nous";"https://lefaso.net/spip.php?article64819"
"Le Faso (BF)";"FR";"2026-09-19";"Affaire Lionel Bilgo : Le blanchiment de capitaux conduit le TGI de Bobo-Dioulasso à se dessaisir au profit du pôle ECOFI";"https://lefaso.netspip.php?article149318"
"Le Faso (BF)";"FR";"2026-09-19";"Les 100 Visages du Burkina Digital : Manegaouindé Roland Tougma, l’intelligence artificielle à l’épreuve du terrain";"https://lefaso.netspip.php?article149329"
"Le Faso (BF)";"FR";"2026-09-19";"Burkina Faso/ Enseignement militaire supérieur : Le Premier ministre, Rimtalba Jean Emmanuel Ouédraogo ouvre officiellement l’École de guerre";"https://lefaso.net/spip.php?article149320"
"Le Faso (BF)";"FR";"2026-09-19";"Affaire Lionel Bilgo : Le blanchiment de capitaux conduit le TGI de Bobo-Dioulasso à se dessaisir au profit du pôle ECOFI";"https://lefaso.net/spip.php?article149318"
"Le Faso (BF)";"FR";"2026-09-19";"Affaire Lionel Bilgo : Le Parquet demande le dessaisissement du TGI au profit du pôle ECOFI";"https://lefaso.net/spip.php?article149318"
"Le Faso (BF)";"FR";"2026-09-19";"Révolution progressiste populaire : Une nuit de célébration annoncée le 30 septembre au Burkina";"https://lefaso.net/spip.php?article149306"
"Le Faso (BF)";"FR";"2026-09-19";"Administration publique : Une Inspection générale pour mieux gérer les ressources humaines";"https://lefaso.net/spip.php?article149309"
"Le Faso (BF)";"FR";"2026-09-19";"Burkina Faso : Deux présumés auteurs de vol de téléphone suivi de soustraction frauduleuse de numéraires interpellés";"https://lefaso.net/spip.php?article149311"
"Le Faso (BF)";"FR";"2026-09-19";"Burkina Faso : La FAIB appelle à prier pour une pluviométrie abondante";"https://lefaso.net/spip.php?article149292"
"Le Faso (BF)";"FR";"2026-09-19";"Crise sécuritaire : Le Burkina et le HCR saluent le retour de plus d’1,4 million de déplacés internes";"https://lefaso.net/spip.php?article149289"
"Le Faso (BF)";"FR";"2026-09-19";"Ouagadougou : La BMCRF scelle cinq commerces pour hausse illicite des prix";"https://lefaso.net/spip.php?article149286"
"Le Faso (BF)";"FR";"2026-09-19";"Burkina : Samdpawendé Ouédraogo invité à clarifier sa position vis-à-vis de la RPP";"https://lefaso.net/spip.php?article149282"
"Le Faso (BF)";"FR";"2026-09-19";"Région de Yaadga : La CNSS vole au secours des orphelins et enfants vulnérables, veufs et veuves des assurés";"https://lefaso.net/spip.php?article149281"
"Le Faso (BF)";"FR";"2026-09-19";"Burkina/Santé : « Il ne faut jamais appliquer d’eau glacée sur une brûlure », prévient Dr Gérard Sanou, chirurgien pédiatre";"https://lefaso.netspip.php?article149322"
"Le Faso (BF)";"FR";"2026-09-19";"Burkina/Enseignement militaire supérieur : Le Premier ministre, Rimtalba Jean Emmanuel Ouédraogo ouvre officiellement l’École de guerre";"https://lefaso.netspip.php?article149320"
"Le Faso (BF)";"FR";"2026-09-19";"Tourisme interne : De la solidarité à la découverte, Lefaso.net explore les richesses du Guiriko";"https://lefaso.netspip.php?article149313"
"Le Faso (BF)";"FR";"2026-09-19";"SAMAO 2026 : Le Burkina Faso plaide pour une gouvernance souveraine et intégrée des ressources minières";"https://lefaso.netspip.php?article149332"
"Le Faso (BF)";"FR";"2026-09-19";"Programme électronucléaire de l’AES : Dr Karim Kaboré plaide pour une synergie fondée sur la complémentarité des États";"https://lefaso.netspip.php?article149315"
"Le Faso (BF)";"FR";"2026-09-19";"Le jour de son mariage, elle a entendu battre le cœur de son fils mort deux ans plus tôt";"https://lefaso.netspip.php?article149327"
"Le Faso (BF)";"FR";"2026-09-19";"Fraude financière : La BCEAO alerte sur une fausse vidéo utilisant l’image de son gouverneur, Jean-Claude Kassi Brou";"https://lefaso.netspip.php?article149324"
"Le Faso (BF)";"FR";"2026-09-19";"FIFA : Gianni Infantino entraîne Samuel Eto’o dans sa chute inexorable";"https://lefaso.netspip.php?article149333"
"Le Faso (BF)";"FR";"2026-09-19";"Burkina : Le projet de promotion de l’emploi des jeunes dans la filière lait local referme ses portes";"https://lefaso.netspip.php?article149330"
"Le Faso (BF)";"FR";"2026-09-19";"Burkina/Solidarité : La Directrice générale de UBA Burkina, Rasmata Djibo, aux côtés de 604 élèves et 600 veuves";"https://lefaso.netspip.php?article149328"
"Le Faso (BF)";"FR";"2026-09-19";"Nuit de la révolution progressiste populaire : Le Comité d’organisation chez  le Mogho Naaba pour solliciter ses bénédictions";"https://lefaso.netspip.php?article149326"
"Le Faso (BF)";"FR";"2026-09-19";"Microfinance : CODEC-Ouaga se conforme aux nouvelles règlementations";"https://lefaso.netspip.php?article149310"
"Le Faso (BF)";"FR";"2026-09-19";"Burkina : Ibrahim Traoré à Bobo-Dioulasso pour inaugurer deux infrastructures stratégiques";"https://lefaso.netspip.php?article149097"
"Le Faso (BF)";"FR";"2026-09-19";"‎Burkina : La Présidence du Faso lance le concours Hakili Mousso pour détecter les talents scientifiques féminins";"https://lefaso.netspip.php?article148857"
"Le Faso (BF)";"FR";"2026-09-19";"Immersion patriotique obligatoire 2026 : Le capitaine Ibrahim Traoré exhorte les jeunes à éviter le chemin de la facilité et à servir la patrie";"https://lefaso.netspip.php?article148839"
"Le Faso (BF)";"FR";"2026-09-19";"Assemblée législative du peuple : Mathieu Boro fait ses premiers pas à l’hémicycle et promet de porter la voix des Burkinabè";"https://lefaso.netspip.php?article148412"
"Le Faso (BF)";"FR";"2026-09-19";"Commémoration du 5 août : Le Chef de l’Etat appelle à un engagement collectif pour un Burkina Faso libre et souverain";"https://lefaso.netspip.php?article148401"
"Le Faso (BF)";"FR";"2026-09-19";"Commémoration du 4 août 2026 : Le capitaine Ibrahim Traoré invite les Burkinabè à poursuivre l’idéal révolutionnaire ‎";"https://lefaso.netspip.php?article148380"
"Le Faso (BF)";"FR";"2026-09-19";"Burkina/Contrat d’objectifs 2026 : Le ministre de l’Économie et des Finances affiche un taux d’exécution de 60,66 % à mi-parcours";"https://lefaso.netspip.php?article148277"
"Le Faso (BF)";"FR";"2026-09-19";"Burkina Faso : Deux présumés auteurs de vol de téléphone suivi de soustraction frauduleuse de numéraires interpellés";"https://lefaso.netspip.php?article149311"
"Le Faso (BF)";"FR";"2026-09-19";"Le Faso Digital 2026 : La 2ᵉ édition se tiendra du 17 au 24 octobre avec le Rwanda comme invité d’honneur";"https://lefaso.netspip.php?article149300"
"Le Faso (BF)";"FR";"2026-09-19";"Les 100 Visages du Burkina Digital : Galiam Ouédraogo, des fréquences au Backbone, bâtir les routes du numérique";"https://lefaso.netspip.php?article149304"
"Le Faso (BF)";"FR";"2026-09-19";"Révolution progressiste populaire : Une nuit de célébration annoncée le 30 septembre au Burkina";"https://lefaso.netspip.php?article149306"
"Le Faso (BF)";"FR";"2026-09-19";"Administration publique : Une Inspection générale pour recenser et contrôler les agents de l’État";"https://lefaso.netspip.php?article149297"
"Le Faso (BF)";"FR";"2026-09-19";"Tribune : Plaidoyer pour une seconde chance aux jeunes égarés ou découragés";"https://lefaso.netspip.php?article149301"
"Le Faso (BF)";"FR";"2026-09-19";"Mogtédo : Le chef d’État-Major de la gendarmerie exhorte à l’intégrité et à la fin des tracasseries";"https://lefaso.netspip.php?article149283"
"Le Faso (BF)";"FR";"2026-09-19";"FIPE-UEMOA : Un Prix Abdoulaye Diop et une journée dédiée à l’UEMOA annoncés pour la prochaine édition";"https://lefaso.netspip.php?article149276"
"Le Faso (BF)";"FR";"2026-09-19";"UEMOA : Le président de la commission, Abdoulaye Diop, invite les journalistes économiques à aller au-delà du simple compte rendu";"https://lefaso.netspip.php?article149277"
"Le Faso (BF)";"FR";"2026-09-19";"UEMOA : Les journalistes des huit États membres appelés à mieux faire connaître les chantiers de l’organisation";"https://lefaso.netspip.php?article149215"
"Le Faso (BF)";"FR";"2026-09-19";"L’Analyse fiscale – Fiscalité : Ce que disent les chiffres... et ce qu’ils ne disent pas";"https://lefaso.netspip.php?article149201"
"Le Faso (BF)";"FR";"2026-09-19";"Fiscalité : Ce que disent les chiffres... et ce qu’ils ne disent pas";"https://lefaso.netspip.php?article149200"
"Le Faso (BF)";"FR";"2026-09-19";"Irié, Traoré, Bansé, Zongo : Amir Abdou explique les forfaits et fixe ses critères de sélection";"https://lefaso.netspip.php?article149285"
"Le Faso (BF)";"FR";"2026-09-19";"Ouagadougou : La BMCRF scelle cinq commerces pour hausse illicite des prix";"https://lefaso.netspip.php?article149286"
"Le Faso (BF)";"FR";"2026-09-19";"Burkina : L’ambassadeur pour le Sport, Charles Kaboré, lance un tournoi de détection de talents pour les moins de 18 ans";"https://lefaso.netspip.php?article149235"
"Le Faso (BF)";"FR";"2026-09-19";"Football : « Les conditions de travail et de rémunération des footballeurs ne sont pas du tout satisfaisantes », déplore Ardjouma Sirima, président de l’AFBF";"https://lefaso.netspip.php?article149207"
"Le Faso (BF)";"FR";"2026-09-19";"Sport, primes des Étalons dames, professionnalisation : La ministre Annick Pikbougoum/Zingué Ouattara s’exprime";"https://lefaso.netspip.php?article149130"
"Le Faso (BF)";"FR";"2026-09-19";"Burkina / Femmes leaders : Africa Mousso célèbre une décennie d’engagement";"https://lefaso.netspip.php?article149291"
"Le Faso (BF)";"FR";"2026-09-19";"RIPO 2026 : Une 6ᵉ édition placée sous le signe de l’art face aux mutations de l’écosystème numérique";"https://lefaso.netspip.php?article149136"
"Le Faso (BF)";"FR";"2026-09-19";"Burkina/Cinéma : « Tilaï » d’Idrissa Ouédraogo ouvre la 8ᵉ édition de la SECRICO";"https://lefaso.netspip.php?article149131"
"Le Faso (BF)";"FR";"2026-09-19";"Burkina/ Religion : La Mission jeunes de la Communauté du chemin neuf célèbre 25 ans de grâces, de mission et d’espérance";"https://lefaso.netspip.php?article149040"
"Le Faso (BF)";"FR";"2026-09-19";"Semaine de l’hôtelier 2026 : Bobo-Dioulasso accueille dix jours de formation, d’innovation et de réseautage";"https://lefaso.netspip.php?article149010"
"Le Faso (BF)";"FR";"2026-09-19";"Crise sécuritaire : Le Burkina et le HCR saluent le retour de plus d’1,4 million de déplacés internes";"https://lefaso.netspip.php?article149289"
"Le Faso (BF)";"FR";"2026-09-19";"Coopération Burkina-Chine : Des Burkinabè s’approprient la technologie de juncao pour la production de fourrage et de champignons comestibles";"https://lefaso.netspip.php?article149278"
"Le Faso (BF)";"FR";"2026-09-19";"Burkina : Le passeport burkinabè offre l’accès à 37 destinations africaines et à 64 autres à travers le monde sans visa classique";"https://lefaso.netspip.php?article149242"
"Le Faso (BF)";"FR";"2026-09-19";"XVIIIe Sommet des BRICS : L’Union africaine plaide pour l’accès durable à l’eau et un partenariat renforcé entre l’Afrique et les pays émergents";"https://lefaso.netspip.php?article149212"
"Le Faso (BF)";"FR";"2026-09-19";"Coopération Burkina - Chine : Un colloque pour tirer les leçons de l’expérience chinoise";"https://lefaso.netspip.php?article149186"
"Le Faso (BF)";"FR";"2026-09-19";"Les 100 Visages du Burkina Digital : Serge Alias Wilfried KY, un bâtisseur de plateformes numériques au rayonnement régional";"https://lefaso.netspip.php?article149193"
"Le Faso (BF)";"FR";"2026-09-19";"Principales fonctionnalités IA sur le CAMON SLIM";"https://lefaso.netspip.php?article149190"
"Le Faso (BF)";"FR";"2026-09-19";"Burkina/Photographie : Ces femmes qui forcent l’admiration derrière leurs appareils photos";"https://lefaso.netspip.php?article149149"
"Le Faso (BF)";"FR";"2026-09-19";"Les 100 Visages du Burkina Digital : Allassani Ouédraogo, un pionnier de l’informatique administrative burkinabè";"https://lefaso.netspip.php?article149138"
"Le Faso (BF)";"FR";"2026-09-19";"Comment protéger votre vie privée face au traçage massif sur Internet ?";"https://lefaso.netspip.php?article149122"
"Le Faso (BF)";"FR";"2026-09-19";"Offre de formation en cybersécurité du 15 mai au 20 juillet 2024";"https://lefaso.netspip.php?article130136"
"Le Faso (BF)";"FR";"2026-09-19";"Vœux de nouvel an de Dre Lydia ROUAMBA, Directrice Générale du Centre national de l’Information, de l’Orientation Scolaire et Professionnelle, et des Bourses (CIOSPB)";"https://lefaso.netspip.php?article118725"
"Le Faso (BF)";"FR";"2026-09-19";"CIOSPB : La République de la Tunisie met à la disposition du Burkina Faso des bourses études pour l’année académique 2022-2023";"https://lefaso.netspip.php?article115137"
"Le Faso (BF)";"FR";"2026-09-19";"7e édition de la Semaine nationale de l’Information et de l’Orientation (SIO) : Le Centre National des Œuvres Universitaires (CENOU) communique sur ses prestations aux nouveaux bacheliers";"https://lefaso.netspip.php?article114708"
"Le Faso (BF)";"FR";"2026-09-19";"Année académique 2022-2023 : Le Royaume du Maroc met à la disposition du Burkina Faso, cent-vingt (120) bourses d’études";"https://lefaso.netspip.php?article113781"
"Le Faso (BF)";"FR";"2026-09-19";"Décès de Mardia Alain Bruno SANGLI : Faire part et remerciements";"https://lefaso.netspip.php?article147027"
"Le Faso (BF)";"FR";"2026-09-19";"Les filières pour la rentrée académique 2026-2027 à l’école supérieure de commerce de Ouagadougou";"https://lefaso.netspip.php?article148486"
"Le Faso (BF)";"FR";"2026-09-19";"Nouveauté ! Le Faso Loto 5/90, c’est désormais tous les jours du lundi au dimanche";"https://lefaso.netspip.php?article148865"
"Le Faso (BF)";"FR";"2026-09-19";"Bobo-Dioulasso : L’université Nazi-Boni s’offre un complexe pédagogique moderne";"https://lefaso.netspip.php?article149179"
"Le Faso (BF)";"FR";"2026-09-19";"Bobo-Dioulasso : Lancement de la 2ᵉ édition de la Semaine de l’hôtellerie sous le signe de l’innovation et de la souveraineté";"https://lefaso.netspip.php?article149177"
"Le Faso (BF)";"FR";"2026-09-19";"Musique : L’artiste Tim Winsey dévoile deux nouveaux albums à Ouagadougou";"https://lefaso.netspip.php?article144306"
"Le Faso (BF)";"FR";"2026-09-19";"Burkina/Littérature : L’ancien maire de Falagountou, Saïdou Maïga, livre les coulisses de son expérience d’élu local dans un ouvrage";"https://lefaso.netspip.php?article149251"
"Le Faso (BF)";"FR";"2026-09-19";"Avis de recrutement de d’un Administrateur délégué H/F";"https://lefaso.netspip.php?article149295"
"Le Faso (BF)";"FR";"2026-09-19";"SUNU assurances vie Burkina Faso : Avis aux assurés et ayants droit dont les contrats sont arrivés à échéance";"https://lefaso.netspip.php?article149233"
"Le Faso (BF)";"FR";"2026-09-19";"Résultats du tirage du Faso Loto ETOILE BONHEUR du 17 septembre 2026";"https://lefaso.netspip.php?article149294"
"Le Faso (BF)";"FR";"2026-09-19";"Résultats du tirage du Faso Loto KOUNANDIA du mercredi 16 septembre 2026";"https://lefaso.netspip.php?article149265"
"Le Faso (BF)";"FR";"2026-09-19";"Rentrée académique 2026-2027 : les inscriptions sont ouvertes à l’ISCOM";"https://lefaso.netspip.php?article149248"
"Le Faso (BF)";"FR";"2026-09-19";"Année scolaire 2026-2027 : Inscriptions et réinscriptions ouvertes à l’école bilingue ""La Grâce Divine Internationale""";"https://lefaso.netspip.php?article149246"
"Le Faso (BF)";"FR";"2026-09-19";"Avis d’appel à proposition : Location de matériel et d’équipement pour la foire transfrontalière SKBOWA à Bobo-Dioulasso";"https://lefaso.netspip.php?article149232"
"Le Faso (BF)";"FR";"2026-09-19";"FASO LOTO 5/90 – « CADEAU » : Résultats du tirage du 15 septembre 2026";"https://lefaso.netspip.php?article149231"
"Le Faso (BF)";"FR";"2026-09-19";"Décès de Madame ZOUNGRANA/KABORÉ Dakiswinigda Rose Aïda : Remerciements";"https://lefaso.netspip.php?article148376"
"Le Faso (BF)";"FR";"2026-09-19";"Messe de requiem de Dima Fidéle";"https://lefaso.netspip.php?article148292"
"Le Faso (BF)";"FR";"2026-09-19";"Décès de Sompagnimdi Philippe Honoré OUEDRAOGO : REMERCIEMENTS & FAIRE-PART";"https://lefaso.netspip.php?article148049"
"Le Faso (BF)";"FR";"2026-09-19";"Programme des obsèques de Tapsoba née Nikiema G. Rosalie";"https://lefaso.netspip.php?article148026"
"Le Faso (BF)";"FR";"2026-09-19";"Décès de Zongo Kouma Bernard : Remerciements";"https://lefaso.netspip.php?article149331"
"Le Faso (BF)";"FR";"2026-09-19";"Décès de Ouédraogo née Séré Kortimi Josiane : Faire part";"https://lefaso.netspip.php?article149325"
"Le Faso (BF)";"FR";"2026-09-19";"Décès de Ouédraogo née Banaba Tilado Hadissa Valérie : Faire-part";"https://lefaso.netspip.php?article149334"
"Le Faso (BF)";"FR";"2026-09-19";"Décès de Irène ZONGO née OUÉDRAOGO : Remerciements & faire-part";"https://lefaso.netspip.php?article149312"
"Le Faso (BF)";"FR";"2026-09-19";"Décès de OUEDRAOGO Boureima : Remerciements";"https://lefaso.netspip.php?article149221"
"Le Faso (BF)";"FR";"2026-09-19";"Décès de Somé Kamalo Théodore : Faire-part";"https://lefaso.netspip.php?article149305"
"Le Faso (BF)";"FR";"2026-09-19";"Décès de Joséphine Marie Françoise OUÉDRAOGO : Remerciements";"https://lefaso.netspip.php?article149266"
"Le Faso (BF)";"FR";"2026-09-19";"Décès de Wangraoua / Ouya Wendkouni Carine Alix : Remerciements";"https://lefaso.netspip.php?article149249"
"Le Faso (BF)";"FR";"2026-09-19";"Natation : Imann Firdaous Kouraogo, de l’amour pour l’eau aux podiums africains";"https://lefaso.netspip.php?article148974"
"Le Faso (BF)";"FR";"2026-09-19";"Coopération : Evelyne Dabiré nommée ambassadrice extraordinaire  et plénipotentiaire du Canada près le Bénin";"https://lefaso.netspip.php?article147766"
"Le Faso (BF)";"FR";"2026-09-19";"Recrutement à l’ONEA : L’institution met en garde contre les arnaques";"https://lefaso.netspip.php?article148665"
"Le Faso (BF)";"FR";"2026-09-19";"Niger : Valse au sommet de l’armée deux semaines après la mutinerie de Niamey";"https://lefaso.netspip.php?article149185"
"Le Faso (BF)";"FR";"2026-09-19";"Diaspora burkinabè : L’ambassadeur Kassoum Coulibaly invite ses compatriotes du Nebraska à garder confiance dans la marche du pays et à (…)";"https://lefaso.netspip.php?article149133"
"Le Faso (BF)";"FR";"2026-09-19";"Résilience climatique et souveraineté financière : Les Tannounyan au cœur de la vulgarisation de l’assurance agropastorale";"https://lefaso.netspip.php?article148990"
"Le Faso (BF)";"FR";"2026-09-19";"Mise à échelle des pratiques agroforestières et forestières : cas de l’Association pour la Promotion de l’Agroforesterie et de la (…)";"https://lefaso.netspip.php?article149319"
"Le Faso (BF)";"FR";"2026-09-19";"Quels acteurs pour quels rôles dans la plateforme d’innovation ?";"https://lefaso.netspip.php?article149284"
"Le Faso (BF)";"FR";"2026-09-19";"Enseigner sous la menace : quand les enseignants burkinabè doivent apprendre à « faire avec » l’insécurité";"https://lefaso.netspip.php?article149211"
"Le Faso (BF)";"FR";"2026-09-19";"Mariage monogamique ou polygamique : Un choix désormais illusoire au Burkina Faso, selon Dre Lydia Rouamba";"https://lefaso.netspip.php?article141271#forum"
"Le Faso (BF)";"FR";"2026-09-19";"Tribune : Plaidoyer pour une seconde chance aux jeunes égarés ou découragés";"https://lefaso.netspip.php?article149301#forum"
"Le Faso (BF)";"FR";"2026-09-19";"Samendéni Beach : Quand le personnel de Lefaso.net troque les flashs et les articles pour une parenthèse de détente";"https://lefaso.netspip.php?article149252#forum"
"Le Faso (BF)";"FR";"2026-09-19";"Crise sécuritaire : Le Burkina et le HCR saluent le retour de plus d’1,4 million de déplacés internes";"https://lefaso.netspip.php?article149289#forum"
"Le Faso (BF)";"FR";"2026-09-19";"Administration publique : Une Inspection générale pour recenser et contrôler les agents de l’État";"https://lefaso.netspip.php?article149297#forum"
"Le Faso (BF)";"FR";"2026-09-19";"Irié, Traoré, Bansé, Zongo : Amir Abdou explique les forfaits et fixe ses critères de sélection";"https://lefaso.netspip.php?article149285#forum"
"Le Faso (BF)";"FR";"2026-09-19";"Les 100 Visages du Burkina Digital : Macaire Zongo, vingt ans à tisser les réseaux du Burkina";"https://lefaso.netspip.php?article149234#forum"
"Le Faso (BF)";"FR";"2026-09-19";"Burkina : Samdpawendé Ouédraogo réaffirme son attachement aux idéaux de la RDP et de la RPP";"https://lefaso.netspip.php?article149296#forum"
"Le Faso (BF)";"FR";"2026-09-19";"Burkina : Samdpawendé Ouédraogo invité à clarifier sa position vis-à-vis de la RPP";"https://lefaso.netspip.php?article149282#forum"
"Le Faso (BF)";"FR";"2026-09-19";"Burkina Faso : La FAIB appelle à prier pour une pluviométrie abondante";"https://lefaso.netspip.php?article149292#forum"
"Le Faso (BF)";"FR";"2026-09-19";"Ouagadougou : La BMCRF scelle cinq commerces pour hausse illicite des prix";"https://lefaso.netspip.php?article149286#forum"
"Le Faso (BF)";"FR";"2026-09-19";"An 4 de l’accession du Chef de l’État au pouvoir : La « Nuit de la Révolution progressiste populaire » en apothéose de la célébration";"https://lefaso.netspip.php?article149263#forum"
"Le Faso (BF)";"FR";"2026-09-19";"Les 100 Visages du Burkina Digital : Dr Safilidin Kéré, l’économiste qui vulgarise le numérique africain";"https://lefaso.netspip.php?article149267#forum"
"Le Faso (BF)";"FR";"2026-09-19";"CONCOURS « HAKILI MOUSSO » : 84 jeunes filles à la conquête de l’excellence scientifique";"https://lefaso.netspip.php?article149254#forum"
"Le Faso (BF)";"FR";"2026-09-19";"Burkina : Le passeport burkinabè offre l’accès à 37 destinations africaines et à 64 autres à travers le monde sans visa classique";"https://lefaso.netspip.php?article149242#forum"
"Le Faso (BF)";"FR";"2026-09-19";"A propos...";"https://lefaso.net/spip.php?article29&rubrique17"
"Le Faso (BF)";"FR";"2026-09-19";"Publicité";"https://lefaso.net/spip.php?article5736&rubrique17t"
"Le Faso (BF)";"FR";"2026-09-19";"Partenariat";"https://lefaso.net/spip.php?article30&rubrique17"
"Le Faso (BF)";"FR";"2026-09-19";"Nous contacter";"https://lefaso.net/spip.php?article32&rubrique17"
"La Nation (BJ)";"FR";"2026-09-19";"Salon régional de l'Actionnariat: Fabien Cohovi HOUNYOVI évoque les grands enjeux";"https://lanation.bj/economie/salon-regional-de-lactionnariat-fabien-cohovi-hounyovi-evoque-les-grands-enjeux"
"La Nation (BJ)";"FR";"2026-09-19";"Électricité : le Sénégal mise sur le gaz pour réduire les factures";"https://lanation.bj/economie/electricite-le-senegal-mise-sur-le-gaz-pour-reduire-les-factures"
"La Nation (BJ)";"FR";"2026-09-19";"18 sept. 2026";"https://lanation.bj/economie/electricite-le-senegal-mise-sur-le-gaz-pour-reduire-les-factures"
"La Nation (BJ)";"FR";"2026-09-19";"Salon régional de l'Actionnariat: Fabien Cohovi HOUNYOVI évoque les grands enjeux
                                                                    Lecture de 3 min";"https://lanation.bj/economie/salon-regional-de-lactionnariat-fabien-cohovi-hounyovi-evoque-les-grands-enjeux"
"La Nation (BJ)";"FR";"2026-09-19";"Politique communautaire de la concurrence de l'Uemoa: Renforcer les règles pour un marché commun plus équitable
                            
                                                            Lecture de 3 min";"https://lanation.bj/economie/politique-communautaire-de-la-concurrence-de-luemoa-renforcer-les-regles-pour-un-marche-commun-plus-equitable"
"La Nation (BJ)";"FR";"2026-09-19";"Obtention de crédit bancaire au Bénin : Quelle peine encourt l’emprunteur qui affecte son prêt à un autre projet ?
                            
                                                            Lecture de 3 min";"https://lanation.bj/economie/obtention-de-credit-bancaire-au-benin-quelle-peine-encourt-lemprunteur-qui-affecte-son-pret-a-un-autre-projet"
"La Nation (BJ)";"FR";"2026-09-19";"Salon régional de l'Actionnariat: Fabien Cohovi HOUNYOVI évoque les grands enjeux
                            
                                                            Lecture de 3 min";"https://lanation.bj/economie/salon-regional-de-lactionnariat-fabien-cohovi-hounyovi-evoque-les-grands-enjeux"
"La Nation (BJ)";"FR";"2026-09-19";"Réponse de la Bad face aux chocs énergétiques: Un appui d'environ 5,1 milliards de dollars aux économies";"https://lanation.bj/economie/reponse-de-la-bad-face-aux-chocs-energetiques-un-appui-denviron-51-milliards-de-dollars-aux-economies"
"Malijet (ML)";"FR";"2026-09-19";"Politique";"https://malijet.com/actualite-politique-au-mali"
"Malijet (ML)";"FR";"2026-09-19";"Economie";"https://malijet.com/actualite_economique_du_mali"
"Malijet (ML)";"FR";"2026-09-19";"Sports";"https://malijet.com/actualite_sportive_au_mali"
"Malijet (ML)";"FR";"2026-09-19";"Culture";"https://malijet.com/actualite_culturelle_au_mali"
"Malijet (ML)";"FR";"2026-09-19";"International";"https://malijet.com/actualite_internationale"
"Malijet (ML)";"FR";"2026-09-19";"AES";"https://malijet.com/actualite-sur-aes"
"Malijet (ML)";"FR";"2026-09-19";"Afrique";"https://malijet.com/actualite-sur-afrique"
"Malijet (ML)";"FR";"2026-09-19";"Urgence médicale : Le concert de Sidiki Diabaté à l’Accor Arena reporté";"https://malijet.com/actualite_musicale_malienne/311915-urgence-medicale-le-concert-de-sidiki-diabate-a-laccor-ar.html"
"Malijet (ML)";"FR";"2026-09-19";"Énergie et Mines : L’AES scelle sa souveraineté économique lors de la 1re Semaine de l’Énergie, des Mines et des Hydrocarbures";"https://malijet.com/actualite-sur-aes/311896-energie-et-mines-laes-scelle-sa-souverainete-economique-l.html"
"Malijet (ML)";"FR";"2026-09-19";"Frontières de l’AES : Le Burkina, le Mali et le Niger transforment leurs limites en espaces de paix et de coopération";"https://malijet.com/actualite-sur-aes/311857-frontieres-de-laes-le-burkina-le-mali-et-le-niger-transf.html"
"Malijet (ML)";"FR";"2026-09-19";"Le Président de la République du Bénin, Romuald Wadagni, poursuit sa visite de travail en République du Congo.";"https://malijet.com/actualite-sur-afrique/311911-le-president-de-la-republique-du-benin-romuald-wadagni-pou.html"
"Malijet (ML)";"FR";"2026-09-19";"Soudan : au moins 82 morts dans l’effondrement d’une mine d’or";"https://malijet.com/actualite-sur-afrique/311909-soudan-au-moins-82-morts-dans-leffondrement-dune-mine-d.html"
"Malijet (ML)";"FR";"2026-09-19";"Dangote révèle l’erreur commerciale qui lui a coûté des milliards il y a 30 ans";"https://malijet.com/actualite-sur-afrique/311908-dangote-revele-lerreur-commerciale-qui-lui-a-coute-des-mill.html"
"Malijet (ML)";"FR";"2026-09-19";"Énergie et Mines : Le Mali conforte sa souveraineté énergétique au cœur de la 1re SEMH-AES à Ouagadougou";"https://malijet.com/actualite_economique_du_mali/311906-energie-et-mines-le-mali-conforte-sa-souverainete-energeti.html"
"Malijet (ML)";"FR";"2026-09-19";"Voir tout →";"https://malijet.com/actualite-politique-au-mali"
"Malijet (ML)";"FR";"2026-09-19";"Coopération : Le Mali appelle l’UNFPA à aligner ses actions sur les priorités nationales et la dynamique de l’AES";"https://malijet.com/actualite-politique-au-mali/311903-cooperation-le-mali-appelle-lunfpa-a-aligner-ses-actions.html"
"Malijet (ML)";"FR";"2026-09-19";"Mali : des OPJ formés aux nouveaux Codes pénal et de procédure pénale";"https://malijet.com/actualite-politique-au-mali/311902-mali-des-opj-formes-aux-nouveaux-codes-penal-et-de-procedu.html"
"Malijet (ML)";"FR";"2026-09-19";"Mali-Suisse : Lancement du nouveau programme de coopération 2026-2029";"https://malijet.com/actualite-politique-au-mali/311893-mali-suisse-lancement-du-nouveau-programme-de-cooperation.html"
"Malijet (ML)";"FR";"2026-09-19";"Coopération : le Mali et la Suisse lancent leur nouveau programme de partenariat (2026-2029)";"https://malijet.com/actualite-politique-au-mali/311889-cooperation-le-mali-et-la-suisse-lancent-leur-nouveau-prog.html"
"Malijet (ML)";"FR";"2026-09-19";"Voir tout →";"https://malijet.com/actualite_economique_du_mali"
"Malijet (ML)";"FR";"2026-09-19";"Financement des entreprises : le CNPM et la BAD renforcent leur alliance pour booster le secteur privé malien";"https://malijet.com/actualite_economique_du_mali/311874-financement-des-entreprises-le-cnpm-et-la-bad-renforcent-l.html"
"Malijet (ML)";"FR";"2026-09-19";"BSIC et Programme Tounkaranké : un partenariat au service de l’économie locale à Yélimané";"https://malijet.com/actualite_economique_du_mali/311872-bsic-et-programme-tounkaranke-un-partenariat-au-service-de.html"
"Malijet (ML)";"FR";"2026-09-19";"Réglementation : La DGCC saisit des motocyclettes non déclarées à Kayes";"https://malijet.com/actualite_economique_du_mali/311859-reglementation-la-dgcc-saisit-des-motocyclettes-non-declar.html"
"Malijet (ML)";"FR";"2026-09-19";"Voir tout →";"https://malijet.com/actualite_sportive_au_mali"
"Malijet (ML)";"FR";"2026-09-19";"Stade Malien : Sghir Hammadi limogé après l’élimination en Ligue des Champions";"https://malijet.com/actualite_sportive_au_mali/311904-stade-malien-sghir-hammadi-limoge-apres-lelimination-en-l.html"
"Malijet (ML)";"FR";"2026-09-19";"2e Jeux de la Confédération de l’AES : le Burkina Faso détrône le Mali";"https://malijet.com/actualite_sportive_au_mali/311899-2e-jeux-de-la-confederation-de-laes-le-burkina-faso-detro.html"
"Malijet (ML)";"FR";"2026-09-19";"CAN 2027 : le président de la CAF, Patrice Motsepe, en visite d'inspection des infrastructures à Dar es Salaam";"https://malijet.com/actualite_sportive_au_mali/311888-can-2027-le-president-de-la-caf-patrice-motsepe-en-visit.html"
"Malijet (ML)";"FR";"2026-09-19";"Stade Malien : le club alerte sur de faux communiqués diffusés en son nom";"https://malijet.com/actualite_sportive_au_mali/311882-stade-malien-le-club-alerte-sur-de-faux-communiques-diffus.html"
"Malijet (ML)";"FR";"2026-09-19";"Voir tout →";"https://malijet.com/actualite_internationale"
"Malijet (ML)";"FR";"2026-09-19";"Sénégal-Émirats arabes unis : le président Faye et le cheikh Mohammed ben Zayed renforcent leur partenariat stratégique";"https://malijet.com/actualite_internationale/311881-senegal-emirats-arabes-unis-le-president-faye-et-le-cheikh.html"
"Malijet (ML)";"FR";"2026-09-19";"Deux militaires russes de retour au pays après 755 jours de détention";"https://malijet.com/actualite_internationale/311847-deux-militaires-russes-de-retour-au-pays-apres-755-jours-de.html"
"Malijet (ML)";"FR";"2026-09-19";"Guerre en Iran: le Pentagone contredit Trump et reconnaît une pénurie de munitions";"https://malijet.com/actualite_internationale/311838-guerre-en-iran-le-pentagone-contredit-trump-et-reconnait-un.html"
"Malijet (ML)";"FR";"2026-09-19";"Xi Jinping affirme que les pays des BRICS devraient jouer un rôle de pionniers en matière d'amélioration de la gouvernance mondiale";"https://malijet.com/actualite_internationale/311799-xi-jinping-affirme-que-les-pays-des-brics-devraient-jouer-un.html"
"Malijet (ML)";"FR";"2026-09-19";"Voir tout →";"https://malijet.com/actualite-sur-aes"
"Malijet (ML)";"FR";"2026-09-19";"Diplomatie : Le Mali et le Niger renforcent leur coordination au sein de l’AES à Riyad";"https://malijet.com/actualite-sur-aes/311901-diplomatie-le-mali-et-le-niger-renforcent-leur-coordinatio.html"
"Malijet (ML)";"FR";"2026-09-19";"Egypte : le Burkina Faso renforce la coordination de l’AES au Caire";"https://malijet.com/actualite-sur-aes/311642-egypte-le-burkina-faso-renforce-la-coordination-de-laes-a.html"
"Malijet (ML)";"FR";"2026-09-19";"La revue de Presse du quotidien en ligne Malijet du 10 septembre 2026
                il y a 1 semaine";"https://malijet.com/actualite_en_video/311764-la-revue-de-presse-du-quotidien-en-ligne-malijet-du-10-septe.html"
"Malijet (ML)";"FR";"2026-09-19";"Programme Tounkaranké : les 12 maires de Yélimané s’engagent pour six mois d’actions en faveur du développement local
                
                                        1 commentaire
                                    
                il y a 5 jours";"https://malijet.com/actualite_economique_du_mali/311800-programme-tounkaranke-les-12-maires-de-yelimane-sengagent.html"
"Malijet (ML)";"FR";"2026-09-19";"Le Président de la République du Bénin, Romuald Wadagni, poursuit sa visite de travail en République du Congo.
                                        il y a 19 heures";"https://malijet.com/actualite-sur-afrique/311911-le-president-de-la-republique-du-benin-romuald-wadagni-pou.html"
"Malijet (ML)";"FR";"2026-09-19";"Soudan : au moins 82 morts dans l’effondrement d’une mine d’or
                                        il y a 20 heures";"https://malijet.com/actualite-sur-afrique/311909-soudan-au-moins-82-morts-dans-leffondrement-dune-mine-d.html"
"Malijet (ML)";"FR";"2026-09-19";"Dangote révèle l’erreur commerciale qui lui a coûté des milliards il y a 30 ans
                                        il y a 20 heures";"https://malijet.com/actualite-sur-afrique/311908-dangote-revele-lerreur-commerciale-qui-lui-a-coute-des-mill.html"
"Malijet (ML)";"FR";"2026-09-19";"Médias : La HAC de Guinée interdit la diffusion de France 24 sur tout le territoire national
                                        il y a 1 jour";"https://malijet.com/actualite-sur-afrique/311885-medias-la-hac-de-guinee-interdit-la-diffusion-de-france-24.html"
"Malijet (ML)";"FR";"2026-09-19";"Soudan-Niger : Le général al-Burhan et le président Tiani conviennent de renforcer leur coopération sécuritaire et politique
                                        il y a 2 jours";"https://malijet.com/actualite-sur-afrique/311876-soudan-niger-le-general-al-burhan-et-le-president-tiani-co.html"
"Malijet (ML)";"FR";"2026-09-19";"Bénin-Rwanda : Le président Romuald Wadagni entame une visite officielle de deux jours à Kigali
                                        il y a 2 jours";"https://malijet.com/actualite-sur-afrique/311869-benin-rwanda-le-president-romuald-wadagni-entame-une-visit.html"
"Malijet (ML)";"FR";"2026-09-19";"Algérie : Tebboune reçoit Massad Boulos, conseiller de Trump
                                        il y a 2 jours";"https://malijet.com/actualite-sur-afrique/311863-algerie-tebboune-recoit-massad-boulos-conseiller-de-trump.html"
"Malijet (ML)";"FR";"2026-09-19";"Cap-Vert : le président José Maria Neves candidat à sa propre succession
                                        il y a 3 jours";"https://malijet.com/actualite-sur-afrique/311841-cap-vert-le-president-jose-maria-neves-candidat-a-sa-propr.html"
"Malijet (ML)";"FR";"2026-09-19";"Dangote révèle avoir eu son premier jet privé à 22 ans et demi et conseille ceux qui en possèdent
                                        il y a 3 jours";"https://malijet.com/actualite-sur-afrique/311837-dangote-revele-avoir-eu-son-premier-jet-prive-a-22-ans-et-de.html"
"Malijet (ML)";"FR";"2026-09-19";"Côte d’Ivoire-Guinée : Les présidents Ouattara et Doumbouya réaffirment l’excellence de leur partenariat
                                        il y a 5 jours";"https://malijet.com/actualite-sur-afrique/311807-cote-divoire-guinee-les-presidents-ouattara-et-doumbouya.html"
"Malijet (ML)";"FR";"2026-09-19";"Sénégal-Émirats arabes unis : le président Faye et le cheikh Mohammed ben Zayed renforcent leur partenariat stratégique
                                        il y a 1 jour";"https://malijet.com/actualite_internationale/311881-senegal-emirats-arabes-unis-le-president-faye-et-le-cheikh.html"
"Malijet (ML)";"FR";"2026-09-19";"Deux militaires russes de retour au pays après 755 jours de détention
                                        il y a 3 jours";"https://malijet.com/actualite_internationale/311847-deux-militaires-russes-de-retour-au-pays-apres-755-jours-de.html"
"Malijet (ML)";"FR";"2026-09-19";"Guerre en Iran: le Pentagone contredit Trump et reconnaît une pénurie de munitions
                                        il y a 3 jours";"https://malijet.com/actualite_internationale/311838-guerre-en-iran-le-pentagone-contredit-trump-et-reconnait-un.html"
"Malijet (ML)";"FR";"2026-09-19";"Xi Jinping affirme que les pays des BRICS devraient jouer un rôle de pionniers en matière d'amélioration de la gouvernance mondiale
                                        il y a 5 jours";"https://malijet.com/actualite_internationale/311799-xi-jinping-affirme-que-les-pays-des-brics-devraient-jouer-un.html"
"Malijet (ML)";"FR";"2026-09-19";"L’Algérie va fermer son espace aérien aux aéronefs immatriculés aux Émirats après la rupture des relations diplomatiques
                                        il y a 1 semaine";"https://malijet.com/actualite_internationale/311784-lalgerie-va-fermer-son-espace-aerien-aux-aeronefs-immatricu.html"
"Malijet (ML)";"FR";"2026-09-19";"CGTN Sondage | Pourquoi la « solution de l'OCS » pour la gouvernance mondiale suscite-t-elle une large attention ?
                                        il y a 1 semaine";"https://malijet.com/actualite_internationale/311750-cgtn-sondage-pourquoi-la-solution-de-locs-pour-la-gou.html"
"Malijet (ML)";"FR";"2026-09-19";"Lavrov : la Russie et la Chine ne se cachent aucun secret technologique
                                        1 commentaire
                                        il y a 1 semaine";"https://malijet.com/actualite_internationale/311736-lavrov-la-russie-et-la-chine-ne-se-cachent-aucun-secret-te.html"
"Malijet (ML)";"FR";"2026-09-19";"Tour Eiffel : des salariées écartées, une enquête annoncée
                                        il y a 1 semaine";"https://malijet.com/actualite_internationale/311731-tour-eiffel-des-salariees-ecartees-une-enquete-annoncee.html"
"Malijet (ML)";"FR";"2026-09-19";"Japon : 41 blessés après de pluies torrentielles dans la ville de Nagoya
                                        il y a 1 semaine";"https://malijet.com/actualite_internationale/311729-japon-41-blesses-apres-de-pluies-torrentielles-dans-la-vil.html"
"Malijet (ML)";"FR";"2026-09-19";"France : les prix des carburants atteignent de nouveaux records sur fond de tensions au Moyen-Orient
                                        il y a 1 semaine";"https://malijet.com/actualite_internationale/311728-france-les-prix-des-carburants-atteignent-de-nouveaux-reco.html"
"Malijet (ML)";"FR";"2026-09-19";"BSIC et Programme Tounkaranké : un partenariat au service de l’économie locale à Yélimané
                    2 commentaires
                    il y a 2 jours";"https://malijet.com/actualite_economique_du_mali/311872-bsic-et-programme-tounkaranke-un-partenariat-au-service-de.html"
"Malijet (ML)";"FR";"2026-09-19";"Économie";"https://malijet.com/actualite_economique_du_mali"
