"Source";"Language";"Date";"Title";"URL"
"VRT NWS (EN)";"EN";"2026-10-02";"Volg alles over De Warmste Week ook via VRT NWS";"https://www.vrt.be/vrtnws/nl/2026/09/25/de-warmste-week-216-projecten-rond-een-warme-thuis-voor-iedereen/"
"VRT NWS (EN)";"EN";"2026-10-02";"Politie Leuven flitst bestuurder aan bijna 100 kilometer per uur in zone 30: ""Gewoon schandalig""";"https://www.vrt.be/vrtnws/nl/2026/10/02/bestuurder-rijdt-100-per-uur-in-zone-30-leuven/?utm_source=corporate&utm_medium=referral&utm_campaign=rssfeed&utm_content=vrt-nws"
"VRT NWS (EN)";"EN";"2026-10-02";"Topambtenaren rijden rond in BMW's en Audi's van meer dan 100.000 euro: Vlaams Belang eist strengere regels";"https://www.vrt.be/vrtnws/nl/2026/10/02/auto-s-vlaamse-ambtenaren-te-duur-vlaams-belang/?utm_source=corporate&utm_medium=referral&utm_campaign=rssfeed&utm_content=vrt-nws"
"VRT NWS (EN)";"EN";"2026-10-02";"""Dit is terug naar af"", ""verschraling van het cultuurlandschap"": experts uiten scherpe kritiek op besparingen op erfgoed";"https://www.vrt.be/vrtnws/nl/2026/10/02/erfgoed-cultuur-besparing-subsidies-kritiek/?utm_source=corporate&utm_medium=referral&utm_campaign=rssfeed&utm_content=vrt-nws"
"VRT NWS (EN)";"EN";"2026-10-02";"Kan de VS zomaar eisen dat Europa zijn dieselreserves aanspreekt?";"https://www.vrt.be/vrtnws/nl/2026/10/02/kunnen-de-vs-zomaar-eisen-dat-europa-haar-dieselreserves-aanspre/?utm_source=corporate&utm_medium=referral&utm_campaign=rssfeed&utm_content=vrt-nws"
"VRT NWS (EN)";"EN";"2026-10-02";"Niet alleen maar relschoppers, een gevoel van 'no future': journalist Christophe Deborsu over scholierenprotest in Wallonië";"https://www.vrt.be/vrtnws/nl/2026/10/02/christophe-deborsu-over-protest-onderwijs-wallonie/?utm_source=corporate&utm_medium=referral&utm_campaign=rssfeed&utm_content=vrt-nws"
"VRT NWS (EN)";"EN";"2026-10-02";"Vlaamse besparing op huisartsen raakt ook de patiënt: ""Minder tijd of meer betalen""";"https://www.vrt.be/vrtnws/nl/2026/10/02/vlaamse-begroting-besparing-huisartsen/?utm_source=corporate&utm_medium=referral&utm_campaign=rssfeed&utm_content=vrt-nws"
"VRT NWS (EN)";"EN";"2026-10-02";"Nike schrapt opnieuw banen na tegenvallende resultaten";"https://www.vrt.be/vrtnws/nl/2026/10/02/nike-schrapt-opnieuw-banen-na-tegenvallende-resultaten/?utm_source=corporate&utm_medium=referral&utm_campaign=rssfeed&utm_content=vrt-nws"
"VRT NWS (EN)";"EN";"2026-10-02";"Minder veulens, vergrijzende fokkers: staat voortbestaan Brabants trekpaard onder druk?";"https://www.vrt.be/vrtnws/nl/2026/10/02/te-weinig-veulens-geboren-brabants-trekpaard/?utm_source=corporate&utm_medium=referral&utm_campaign=rssfeed&utm_content=vrt-nws"
"VRT NWS (EN)";"EN";"2026-10-02";"Hans Anders schort verkoop van Meta-camerabril op, ook in België";"https://www.vrt.be/vrtnws/nl/2026/10/02/hans-anders-schort-verkoop-van-meta-camerabril-op-ook-in-belgie/?utm_source=corporate&utm_medium=referral&utm_campaign=rssfeed&utm_content=vrt-nws"
"VRT NWS (EN)";"EN";"2026-10-02";"Ter dood veroordeelde Christa Pike ""kritiek"" na ""chemische marteling"", zegt advocaat";"https://www.vrt.be/vrtnws/nl/2026/10/02/vs-christa-pike-kritiek-na-chemische-marteling-executie/?utm_source=corporate&utm_medium=referral&utm_campaign=rssfeed&utm_content=vrt-nws"
"VRT NWS (EN)";"EN";"2026-10-02";"Copiloot stak piloot neer en zette vliegtuig in duikvlucht: dit weten we al over incident op vlucht Flydubai";"https://www.vrt.be/vrtnws/nl/2026/10/02/copiloot-die-hoofdpiloot-neerstak-tijdens-flydubai-vlucht-wat-w/?utm_source=corporate&utm_medium=referral&utm_campaign=rssfeed&utm_content=vrt-nws"
"VRT NWS (EN)";"EN";"2026-10-02";"Antwerpse London Tower volledig geëvacueerd voor brand op 8e verdieping, aanwijzingen voor brandstichting";"https://www.vrt.be/vrtnws/nl/2026/10/02/londenstraat-antwerpen-brand-appartementsgebouw-achtste-verdiepi/?utm_source=corporate&utm_medium=referral&utm_campaign=rssfeed&utm_content=vrt-nws"
"VRT NWS (EN)";"EN";"2026-10-02";"Meer dan 400 scholen in Frankrijk blijven vandaag dicht, protesteren in de buurt is verboden";"https://www.vrt.be/vrtnws/nl/2026/10/02/scholen-frankrijk-gesloten-protest/?utm_source=corporate&utm_medium=referral&utm_campaign=rssfeed&utm_content=vrt-nws"
"VRT NWS (EN)";"EN";"2026-10-02";"Deurne kampt met plaag van faraomieren: ""Bewoners zijn zelf verantwoordelijk om overlast aan te pakken""";"https://www.vrt.be/vrtnws/nl/2026/10/01/faraomier-antwerpen-deurne-bestrijding/?utm_source=corporate&utm_medium=referral&utm_campaign=rssfeed&utm_content=vrt-nws"
"VRT NWS (EN)";"EN";"2026-10-02";"140 miljoen dollar in dozen: Russische propaganda lanceert nieuw nepverhaal om Oekraïne aan corruptie te linken";"https://www.vrt.be/vrtnws/nl/2026/09/30/factcheck-140-miljoen-dollar-russische-desinformatie/?utm_source=corporate&utm_medium=referral&utm_campaign=rssfeed&utm_content=vrt-nws"
"VRT NWS (EN)";"EN";"2026-10-02";"Expo Jean Brusselmans in Bozar: ""Hij schilderde de wereld rond zich, maar op een universele manier""";"https://www.vrt.be/vrtnws/nl/2026/10/01/jean-brusselmans-bozar-tentoonstelling/?utm_source=corporate&utm_medium=referral&utm_campaign=rssfeed&utm_content=vrt-nws"
"VRT NWS (EN)";"EN";"2026-10-02";"""Er is veel gebeurd en veel veranderd"": Niels Destadsbader verwerkt woelige jaren op nieuw album";"https://www.vrt.be/vrtnws/nl/2026/09/30/niels-destadsbader-nieuw-album-muziek-na-5-jaar/?utm_source=corporate&utm_medium=referral&utm_campaign=rssfeed&utm_content=vrt-nws"
"VRT NWS (EN)";"EN";"2026-10-02";"Hoe zwaar is een assisenproces voor de juryleden? ""Niet evident om daarna weer in de realiteit te stappen""";"https://www.vrt.be/vrtnws/nl/2026/10/01/proces-assisen-impact-op-juryleden/?utm_source=corporate&utm_medium=referral&utm_campaign=rssfeed&utm_content=vrt-nws"
"VRT NWS (EN)";"EN";"2026-10-02";"Van vonk tot vuurzee: het ongeziene bosbrandenseizoen van 2026";"https://www.vrt.be/vrtnws/nl/embed/2026/09/30/een-spoor-van-as-natuurbranden-in-europa/?utm_source=corporate&utm_medium=referral&utm_campaign=rssfeed&utm_content=vrt-nws"
"VRT NWS (EN)";"EN";"2026-10-02";"Nog geen plannen dit weekend? Dit zijn onze tips";"https://www.vrt.be/vrtnws/nl/2026/09/23/weekendtips-3-4-oktober-philip-aguirre-design-museum-gent-jean-b/?utm_source=corporate&utm_medium=referral&utm_campaign=rssfeed&utm_content=vrt-nws"
"VRT NWS (EN)";"EN";"2026-10-02";"Van het Jenevermuseum en Bozar tot sociaal-cultureel volwassenenwerk: hier bespaart Vlaams minister Gennez 47 miljoen euro";"https://www.vrt.be/vrtnws/nl/2026/10/01/overzicht-van-besparingen-cultuur-47-miljoen-euro-caroline-genne/?utm_source=corporate&utm_medium=referral&utm_campaign=rssfeed&utm_content=vrt-nws"
"VRT NWS (EN)";"EN";"2026-10-02";"Een woning kopen of een kind krijgen? Bereken hier hoeveel de nieuwe Vlaamse begroting jou kost";"https://www.vrt.be/vrtnws/nl/2026/09/30/kinderbijslag-kindergeld-huis-kopen-bereken-begroting-vlaams/?utm_source=corporate&utm_medium=referral&utm_campaign=rssfeed&utm_content=vrt-nws"
"VRT NWS (EN)";"EN";"2026-10-02";"Dienstencheques stijgen van 10 naar 12 euro: ""Ik vrees bloedbad in onze sector""";"https://www.vrt.be/vrtnws/nl/2026/09/28/poetshulpen-getuigen-over-stijgende-prijs-dienstencheques/?utm_source=corporate&utm_medium=referral&utm_campaign=rssfeed&utm_content=vrt-nws"
"VRT NWS (EN)";"EN";"2026-10-02";"Warmtepompen als vervanging voor gasketels: wat kosten ze en zijn ze een oplossing voor elk huis?";"https://www.vrt.be/vrtnws/nl/2026/09/17/warmtepompen-warmtenetten-of-hout-en-pelletkachels-alternati/?utm_source=corporate&utm_medium=referral&utm_campaign=rssfeed&utm_content=vrt-nws"
"VRT NWS (EN)";"EN";"2026-10-02";"Hoe goed ken jij de verkeersregels? Test je kennis met deze 10 vragen";"https://www.vrt.be/vrtnws/nl/2026/09/25/verkeersquiz/?utm_source=corporate&utm_medium=referral&utm_campaign=rssfeed&utm_content=vrt-nws"
"VRT NWS (EN)";"EN";"2026-10-02";"""Zet die roze bril af, België"": commandant Oekraïense dronetroepen waarschuwt voor Russische dreiging";"https://www.vrt.be/vrtnws/nl/2026/09/24/oekraine-arnaud-magyar-drones-oorlog-rusland/?utm_source=corporate&utm_medium=referral&utm_campaign=rssfeed&utm_content=vrt-nws"
"VRT NWS (EN)";"EN";"2026-10-02";"Ze verbreekt het record van Mariah Carey: wie is Ella Langley die plots een wereldhit op zak heeft?";"https://www.vrt.be/vrtnws/nl/2026/09/25/ella-langley-verbreekt-record-van-mariah-carey-met-choosin-texa/?utm_source=corporate&utm_medium=referral&utm_campaign=rssfeed&utm_content=vrt-nws"
"VRT NWS (EN)";"EN";"2026-10-02";"""Mensen eten gras, duiven en honden"": door Rusland bezet Oekraïens stadje balanceert op rand van hongersnood";"https://www.vrt.be/vrtnws/nl/2026/09/25/oekraine-oleksji-humanitaire-catastrofe/?utm_source=corporate&utm_medium=referral&utm_campaign=rssfeed&utm_content=vrt-nws"
"VRT NWS (EN)";"EN";"2026-10-02";"IN KAART: Hoeveel kost zwemmen in jouw buurt?";"https://www.vrt.be/vrtnws/nl/2026/08/13/zwembaden-vlaanderen-aantal-gemeentelijk-lago-sportoase/?utm_source=corporate&utm_medium=referral&utm_campaign=rssfeed&utm_content=vrt-nws"
"VRT NWS (EN)";"EN";"2026-10-02";"Zwitserse Mara Winter maakt het koelbloedig af bij de beloften, Tess Moerman net in de top 10";"https://sporza.be/nl/matches/wielrennen/ek-beloften-vrouwen-wegrit/2026/wegrit-beloften-vrouwen-zwitserse-mara-winter-maakt-het-koelbloedig-af-bij-de-beloften-tess-moerman-net-in-de-top-10~1789985112163/"
"VRT NWS (EN)";"EN";"2026-10-02";"Lucas Henveaux zwemt naar WB-goud in Bakoe en doet terwijl ook een flinke hap van zijn BR op de 1.500 meter";"https://sporza.be/nl/2026/10/02/lucas-henveaux-zwemt-naar-wb-goud-in-bakoe-en-doet-terwijl-ook-een-flinke-hap-van-zijn-br-op-de-1500-meter~1790934642494/"
"VRT NWS (EN)";"EN";"2026-10-02";"Motorcrosslegende Roger De Coster ziet veel potentieel voor de Coenens in Amerika, maar: ""Supercross is een grote stap""";"https://sporza.be/nl/2026/10/01/motorcrosslegende-roger-de-coster-ziet-veel-potentieel-voor-de-coenens-in-amerika-maar-supercross-is-een-grote-stap~1790839215701/"
"VRT NWS (EN)";"EN";"2026-10-02";"Eén keer werden ze geklopt: zorgt Demi Vollering in Sloveense speeltuin voor nog straffer Nederlands rapport op EK?";"https://sporza.be/nl/2026/09/30/een-keer-werden-ze-geklopt-zorgt-demi-vollering-in-sloveense-speeltuin-voor-nog-straffer-nederlands-rapport-op-ek~1790771054175/"
"VRT NWS (EN)";"EN";"2026-10-02";"Iedereen bondscoach: met of zonder Romelu Lukaku en wie zet je in plaats van de geschorste Moreira?";"https://sporza.be/nl/2026/10/02/iedereen-bondscoach-met-of-zonder-romelu-lukaku-en-wie-zet-je-in-plaats-van-de-geschorste-moreira~1790930993495/"
"VRT NWS (EN)";"EN";"2026-10-02";"Kan Antwerp bevestigen? En wat met onze noorderburen? BNXT League begint straks, met nog amper 5 Nederlandse teams";"https://sporza.be/nl/2026/10/02/kan-antwerp-bevestigen-en-wat-met-onze-noorderburen-bnxt-league-begint-straks-met-nog-amper-5-nederlandse-teams~1790924029105/"
"VRT NWS (EN)";"EN";"2026-10-02";"A'ja Wilson velt Caitlin Clark in titanenduel en blijft met Las Vegas Aces op koers voor nieuwe WNBA-titel";"https://sporza.be/nl/2026/10/02/a-ja-wilson-velt-caitlin-clark-in-titanenduel-en-blijft-met-las-vegas-aces-op-koers-voor-nieuwe-wnba-titel~1790919602300/"
"VRT NWS (EN)";"EN";"2026-10-02";"Deze week ontplofte de boel helemaal: hoe het Turkse voetbal ""gevangen zit"" in een crisis die helemaal tot de top reikt";"https://sporza.be/nl/2026/09/29/deze-week-ontplofte-de-boel-helemaal-hoe-het-turkse-voetbal-gevangen-zit-in-een-crisis-die-helemaal-tot-de-top-reikt~1790675816180/"
"VRT NWS (EN)";"EN";"2026-10-02";"Wielertransfers: UAE versterkt zijn voorjaarsploeg met Decathlon-talent Pierre Gautherat";"https://sporza.be/nl/2026/06/23/wielertransfers-uae-versterkt-zijn-voorjaarsploeg-met-decathlon-talent-pierre-gautherat~1782211297086/"
"VRT NWS (EN)";"EN";"2026-10-02";"LIVESTREAM (15.40 uur): Beloften mannen strijden straks om Europese titel, volg wegrit live vanaf 13.30 uur";"https://sporza.be/nl/matches/wielrennen/ek-wielrennen/2026/wegrit-beloften-mannen-livestream-1540-uur-beloften-mannen-strijden-straks-om-europese-titel-volg-wegrit-live-vanaf-1330-uur~1789985412457/"
"VRT NWS (EN)";"EN";"2026-10-02";"QUIZ: Wat weet jij nog over België-Turkije uit de oude doos?";"https://sporza.be/nl/2026/09/30/quiz-wat-weet-jij-nog-over-belgie-turkije-uit-de-oude-doos~1790778235065/"
"VRT NWS (EN)";"EN";"2026-10-02";"""Hebben handen nodig die ons omhoogduwen, niet naar beneden trekken"": OHL-coach reageert op podcastheisa";"https://sporza.be/nl/2026/10/01/-hebben-handen-nodig-die-ons-omhoogduwen-niet-naar-beneden-trekken-ohl-coach-reageert-op-podcastheisa~1790891072498/"
"VRT NWS (EN)";"EN";"2026-10-02";"""Op dit niveau worden fouten meteen afgestraft"": OHL Women likken hun wonden na reality check tegen PSG";"https://sporza.be/nl/2026/10/01/-op-dit-niveau-worden-fouten-meteen-afgestraft-ohl-women-likken-hun-wonden-na-reality-check-tegen-psg~1790891059166/"
"VRT NWS (EN)";"EN";"2026-10-02";"Manchester City met Kevin De Bruyne in derde klasse? ""Romantischer dan dat zal het nooit worden""";"https://sporza.be/nl/2026/10/01/manchester-city-met-kevin-de-bruyne-in-derde-klasse-romantischer-dan-dat-zal-het-nooit-worden~1790883484554/"
"RTBF Actus (FR)";"FR";"2026-10-02";"Le débriefing du vendredi de Gaëtan Vigneron en Malaisie";"/article/apres-le-brexit-le-breturn-vers-un-retour-du-royaume-uni-dans-l-ue-11793867"
"RTBF Actus (FR)";"FR";"2026-10-02";"La cuisine de Carlo : Gratin de chou-fleur";"/article/nouveaux-rassemblements-ce-vendredi-devant-des-ecoles-liegeoises-11793815"
"RTBF Actus (FR)";"FR";"2026-10-02";"ingest ixpé";"/article/diables-rouges-le-groupe-pour-affronter-la-turquie-est-connu-trossard-de-retour-keita-et-sabbe-boudes-11793880"
"RTBF Actus (FR)";"FR";"2026-10-02";"""Les Congolais doivent pouvoir s'exprimer librement""";"/article/la-revue-de-presse-le-french-drama-de-la-dette-menace-t-il-la-belgique-11793806"
"RTBF Actus (FR)";"FR";"2026-10-02";"Le collector de GTA 6, un faux scandale ?";"/article/julien-moinil-accuse-un-depute-la-demande-du-mr-de-modifier-en-urgence-le-reglement-du-parlement-bruxellois-est-rejetee-11793922"
"RTBF Actus (FR)";"FR";"2026-10-02";"“Les abeilles privilégient l’intérêt collectif sur l’individuel.”";"/article/julien-moinil-accuse-un-depute-la-demande-du-mr-de-modifier-en-urgence-le-reglement-du-parlement-bruxellois-est-rejetee-11793922"
"RTBF Actus (FR)";"FR";"2026-10-02";"Des boulets liégeois bientôt dans l'espace !";"/article/cinq-elues-de-partis-politiques-differents-appellent-a-la-creation-a-mons-d-un-centre-de-prise-en-charge-des-violences-sexuelles-11793939"
"RTBF Actus (FR)";"FR";"2026-10-02";"Allemagne: la plus haute éolienne du monde mesure 365 mètres";"/article/la-station-de-metro-madou-a-bruxelles-evacuee-apres-un-degagement-de-fumee-11793904"
"RTBF Actus (FR)";"FR";"2026-10-02";"Eric Deflandre, l’improbable gardien du cauchemar de Belgique – Turquie à l’Euro 2000";"/article/la-reponse-de-senne-lammens-sur-le-dossier-thibaut-courtois-je-me-concentre-sur-le-terrain-et-sur-les-joueurs-presents-11792768"
"RTBF Actus (FR)";"FR";"2026-10-02";"Suisse : la fonte des glaciers s'accélère";"/article/arda-guler-peut-poser-de-serieux-problemes-aux-defenseurs-belges-on-a-interroge-un-journaliste-turc-sur-notre-futur-adversaire-11793910"
"RTBF Actus (FR)";"FR";"2026-10-02";"Dans la mémoire d’Annette";"/article/washington-veut-que-l-europe-puise-dans-ses-reserves-de-diesel-pour-soulager-le-marche-11793758"
"RTBF Actus (FR)";"FR";"2026-10-02";"États-Unis : une condamnée à mort survit aux injections létales";"/article/washington-veut-que-l-europe-puise-dans-ses-reserves-de-diesel-pour-soulager-le-marche-11793758"
"RTBF Actus (FR)";"FR";"2026-10-02";"Après le ""Brexit"", le ""Breturn"" : vers un retour du Royaume-Uni dans l’UE ?";"/article/le-pointage-des-chomeurs-bonne-idee-ou-fausse-piste-11793836"
"RTBF Actus (FR)";"FR";"2026-10-02";"Nouveaux rassemblements étudiants ce vendredi devant des écoles liégeoises : ""Il y a des étudiants précaires, qui ne savent pas remplir leur frigo""";"/article/yannick-alleno-comment-est-il-devenu-le-plus-grand-chef-etoile-au-monde-11475798"
"RTBF Actus (FR)";"FR";"2026-10-02";"Diables Rouges – Le groupe pour affronter la Turquie est connu : Trossard de retour, Fernandez-Pardo pas repris";"/article/f1-bahrein-leclerc-s-adjuge-la-deuxieme-seance-d-essais-libres-devant-hadjar-11793866"
"RTBF Actus (FR)";"FR";"2026-10-02";"La revue de presse : le ""French drama"" de la dette menace-t-il la Belgique ?";"/article/james-deano-a-propos-des-manifestations-d-eleves-a-liege-parfois-la-violence-c-est-le-cri-du-desespoir-11793820"
"RTBF Actus (FR)";"FR";"2026-10-02";"Julien Moinil accuse un député : la demande du MR de modifier en urgence le règlement du Parlement bruxellois est rejetée";"/article/budget-2027-la-france-prise-dans-l-engrenage-de-sa-dette-11793790"
"RTBF Actus (FR)";"FR";"2026-10-02";"Julien Moinil accuse un député : la demande du MR de modifier en urgence le règlement du Parlement bruxellois est rejetée";"/article/charleroi-vue-de-l-eau-l-experience-insolite-du-paddle-urbain-11787034"
"RTBF Actus (FR)";"FR";"2026-10-02";"Cinq élues de partis politiques différents appellent à la création à Mons d’un Centre de prise en charge des violences sexuelles";"/article/en-islande-c-est-comme-si-chaque-paysage-portait-en-lui-notre-etat-d-ame-11793213"
"RTBF Actus (FR)";"FR";"2026-10-02";"La station de métro Madou, à Bruxelles, évacuée après un dégagement de fumée";"/article/iphone-duo-quelle-est-la-solution-d-apple-pour-limiter-la-pliure-de-l-ecran-dans-le-temps-11793854"
"RTBF Actus (FR)";"FR";"2026-10-02";"La réponse de Senne Lammens sur le dossier Thibaut Courtois : ""Je me concentre sur le terrain et sur les joueurs présents""";"/article/chaumont-gistoux-victime-collaterale-du-nouvel-echangeur-en-diamant-a-mont-saint-guibert-11793524"
"RTBF Actus (FR)";"FR";"2026-10-02";"""Arda Güler peut poser de sérieux problèmes aux défenseurs belges"" : on a interrogé un journaliste turc sur notre futur adversaire";"/article/chaumont-gistoux-victime-collaterale-du-nouvel-echangeur-en-diamant-a-mont-saint-guibert-11793524"
"RTBF Actus (FR)";"FR";"2026-10-02";"Washington veut que l'Europe puise dans ses réserves de diesel pour soulager le marché";"/article/peintre-par-nature-une-exposition-consacree-a-jean-brusselmans-au-bozar-11793816"
"RTBF Actus (FR)";"FR";"2026-10-02";"Washington veut que l'Europe puise dans ses réserves de diesel pour soulager le marché";"/article/francoise-dorleac-la-s-ur-de-catherine-deneuve-qui-a-revolutionne-l-ecran-en-25-ans-11478145"
"RTBF Actus (FR)";"FR";"2026-10-02";"Le pointage des chômeurs : bonne idée ou fausse piste ?";"/article/the-rolling-stones-nouveau-clip-inedit-avec-charlie-watts-et-ronnie-wood-pret-a-repartir-en-tournee-11793826"
"RTBF Actus (FR)";"FR";"2026-10-02";"Comment Yannick Alléno est-il devenu le chef le plus étoilé au monde ?";"/article/la-federation-royale-belge-des-echecs-victime-d-une-fuite-de-donnees-11793899"
"RTBF Actus (FR)";"FR";"2026-10-02";"F1 Bahreïn : Leclerc s’adjuge la deuxième séance d’essais libres devant Hadjar";"/article/zero-point-mais-un-nombre-considerable-d-occasions-un-match-crucial-la-turquie-un-danger-pour-les-diables-11793510"
"RTBF Actus (FR)";"FR";"2026-10-02";"James Deano à propos des manifestations d'élèves à Liège : ""Parfois la violence, c'est le cri du désespoir""";"/article/la-diagonale-de-vincent-langendries-une-legere-tournante-et-le-retour-de-lukaku-face-a-une-turquie-en-crise-11793699"
"RTBF Actus (FR)";"FR";"2026-10-02";"Budget 2027 : la France prise dans l'engrenage de sa dette";"/article/toutes-les-ecoles-secondaires-de-la-ville-de-liege-seront-fermees-demain-matin-11793682"
"RTBF Actus (FR)";"FR";"2026-10-02";"Charleroi vue de l’eau : l’expérience insolite du paddle urbain";"/article/flydubai-le-recit-minute-par-minute-d-un-incident-qui-a-failli-tourner-au-drame-11793187"
"RTBF Actus (FR)";"FR";"2026-10-02";"En Islande, ""c’est comme si chaque paysage portait en lui notre état d’âme""";"/article/conclaves-budgetaires-sprint-en-vue-pour-les-gouvernements-au-federal-en-wallonie-et-a-bruxelles-11793256"
"RTBF Actus (FR)";"FR";"2026-10-02";"iPhone Duo : quelle est la solution d'Apple pour limiter la pliure de l’écran dans le temps ?";"/article/survol-de-bruxelles-les-annonces-de-jean-luc-crucke-suscitent-peu-d-enthousiasme-11793561"
"RTBF Actus (FR)";"FR";"2026-10-02";"Chaumont-Gistoux, victime collatérale du nouvel échangeur en diamant inauguré à Mont-Saint-Guibert ?";"/article/arda-guler-peut-poser-de-serieux-problemes-aux-defenseurs-belges-on-a-interroge-un-journaliste-turc-sur-notre-futur-adversaire-11793910"
"RTBF Actus (FR)";"FR";"2026-10-02";"Chaumont-Gistoux, victime collatérale du nouvel échangeur en diamant inauguré à Mont-Saint-Guibert ?";"/article/diables-rouges-le-groupe-pour-affronter-la-turquie-est-connu-trossard-de-retour-keita-et-sabbe-boudes-11793880"
"RTBF Actus (FR)";"FR";"2026-10-02";"""Peintre par nature"", une exposition consacrée à Jean Brusselmans au Bozar";"/article/lukaku-titulaire-de-ketelaere-et-de-cuyper-en-tribunes-votre-onze-pour-belgique-turquie-en-ligue-des-nations-11793822"
"RTBF Actus (FR)";"FR";"2026-10-02";"Françoise Dorléac : qui était la sœur de Catherine Deneuve, disparue à seulement 25 ans ?";"/article/la-reponse-de-senne-lammens-sur-le-dossier-thibaut-courtois-je-me-concentre-sur-le-terrain-et-sur-les-joueurs-presents-11792768"
"RTBF Actus (FR)";"FR";"2026-10-02";"The Rolling Stones : nouveau clip, inédit avec Charlie Watts et Ronnie Wood prêt à repartir en tournée";"/article/zero-point-mais-un-nombre-considerable-d-occasions-un-match-crucial-la-turquie-un-danger-pour-les-diables-11793510"
"RTBF Actus (FR)";"FR";"2026-10-02";"La Fédération royale belge des échecs victime d'une fuite de données";"/article/la-diagonale-de-vincent-langendries-une-legere-tournante-et-le-retour-de-lukaku-face-a-une-turquie-en-crise-11793699"
"RTBF Actus (FR)";"FR";"2026-10-02";"""Zéro point, mais un nombre considérable d'occasions"", ""un match déjà crucial"" : la Turquie, un danger pour les Diables";"/article/ligue-des-nations-belgique-turquie-les-diables-rouges-a-sclessin-pour-un-3e-test-direct-audio-et-commente-20h45-11792076"
"RTBF Actus (FR)";"FR";"2026-10-02";"La diagonale de Vincent Langendries : une légère tournante et le retour de Lukaku face à une Turquie en crise";"/article/vincenzo-montella-avant-belgique-turquie-je-veux-qu-on-joue-bien-au-football-le-resultat-suivra-11793704"
"RTBF Actus (FR)";"FR";"2026-10-02";"Toutes les écoles secondaires de la Ville de Liège et du réseau libre seront fermées ce vendredi";"/article/lavia-sur-le-banc-pas-de-polemique-autour-de-lukaku-mark-van-bommel-preface-belgique-turquie-11792766"
"RTBF Actus (FR)";"FR";"2026-10-02";"Flydubai : le récit minute par minute d’un incident qui a failli tourner au drame";"/article/elections-de-mi-mandat-aux-etats-unis-quels-risques-pour-donald-trump-en-cas-de-defaite-republicaine-11793283"
"RTBF Actus (FR)";"FR";"2026-10-02";"Conclaves budgétaires : sprint en vue pour les gouvernements au fédéral, en Wallonie et à Bruxelles ?";"/article/midterms-aux-etats-unis-dans-les-camps-de-detention-de-l-ice-l-objectif-de-trump-est-de-faire-souffrir-les-immigres-11791577"
"RTBF Actus (FR)";"FR";"2026-10-02";"Survol de Bruxelles : les annonces de Jean-Luc Crucke suscitent peu d’enthousiasme";"/article/elections-de-mi-mandat-aux-etats-unis-trump-en-difficulte-dans-les-sondages-annonce-la-construction-d-une-tres-grande-acierie-en-iowa-11791995"
"RTBF Actus (FR)";"FR";"2026-10-02";"""Arda Güler peut poser de sérieux problèmes aux défenseurs belges"" : on a interrogé un journaliste turc sur notre futur adversaire";"/article/elections-de-mi-mandat-aux-etats-unis-qui-est-peter-thiel-gourou-de-la-tech-et-stratege-de-l-ombre-du-trumpisme-11785564"
"RTBF Actus (FR)";"FR";"2026-10-02";"Diables Rouges – Le groupe pour affronter la Turquie est connu : Trossard de retour, Fernandez-Pardo pas repris";"/article/un-jour-une-carte-au-texas-trump-dans-la-sauce-barbecue-avant-les-elections-de-mi-mandat-11790138"
"RTBF Actus (FR)";"FR";"2026-10-02";"Lukaku titulaire, De Ketelaere et De Cuyper en tribunes… : votre onze pour Belgique – Turquie en Ligue des Nations";"/article/midterms-2026-l-osce-affirme-que-ses-observateurs-ne-sont-pas-invites-aux-elections-americaines-pour-la-premiere-fois-11789552"
"RTBF Actus (FR)";"FR";"2026-10-02";"La réponse de Senne Lammens sur le dossier Thibaut Courtois : ""Je me concentre sur le terrain et sur les joueurs présents""";"/article/elections-de-mi-mandat-aux-etats-unis-la-cour-supreme-rejette-une-attaque-de-trump-contre-le-vote-par-correspondance-11785252"
"RTBF Actus (FR)";"FR";"2026-10-02";"""Zéro point, mais un nombre considérable d'occasions"", ""un match déjà crucial"" : la Turquie, un danger pour les Diables";"/article/elections-legislatives-de-mi-mandat-5000-dollars-par-citoyen-qui-vote-republicain-c-est-avant-tout-de-la-soumission-11782932"
"RTBF Actus (FR)";"FR";"2026-10-02";"La diagonale de Vincent Langendries : une légère tournante et le retour de Lukaku face à une Turquie en crise";"/article/elections-legislatives-de-mi-mandat-donald-trump-promet-5000-dollars-par-citoyen-si-son-parti-garde-le-controle-du-congres-11782826"
"RTBF Actus (FR)";"FR";"2026-10-02";"Ligue des Nations, Belgique – Turquie : les Diables Rouges à Sclessin pour un 3e test (Direct audio et commenté 20h45)";"/article/un-trace-plutot-court-un-redoutable-circuit-final-les-parcours-hommes-et-femmes-de-l-euro-de-cyclisme-11792185"
"RTBF Actus (FR)";"FR";"2026-10-02";"Vincenzo Montella avant Belgique - Turquie : ""Je veux qu'on joue bien au football, le résultat suivra""";"/article/euro-2026-vollering-niewiadoma-longo-borghini-on-reprend-les-memes-et-on-recommence-11793326"
"RTBF Actus (FR)";"FR";"2026-10-02";"""Lavia sur le banc"", ""pas de polémique autour de Lukaku"" : Mark van Bommel préface Belgique - Turquie";"/article/la-recuperation-d-evenepoel-inquiete-le-plateau-d-on-connait-nos-classiques-je-pense-qu-il-faut-avoir-un-plan-b-11791817"
"RTBF Actus (FR)";"FR";"2026-10-02";"Élections de mi-mandat aux États-Unis : quels risques pour Donald Trump en cas de défaite républicaine ?";"/article/je-sais-quel-est-mon-role-mcnulty-pret-a-etrenner-son-maillot-arc-en-ciel-avec-humilite-au-tour-d-emilie-11793374"
"RTBF Actus (FR)";"FR";"2026-10-02";"'Midterms' aux États-Unis : dans les camps de détention de l’ICE, ""l’objectif de Trump est de faire souffrir les immigrés""";"/article/jasper-schoofs-le-talent-de-soudal-cherche-sa-voie-je-suis-a-mi-chemin-entre-un-grimpeur-et-un-coureur-de-classiques-11793179"
"RTBF Actus (FR)";"FR";"2026-10-02";"Midterms aux États-Unis : Trump, en difficulté dans les sondages, annonce la construction d’une très grande aciérie en Iowa";"/article/et-si-tadej-pogacar-participait-finalement-a-l-euro-de-cyclisme-une-photo-du-slovene-relance-la-rumeur-11793071"
"RTBF Actus (FR)";"FR";"2026-10-02";"Élections de mi-mandat aux États-Unis : qui est Peter Thiel, gourou de la tech et stratège de l’ombre du trumpisme ?";"/article/oscar-sevilla-poursuivra-sa-carriere-en-2027-pour-une-28e-saison-a-50-ans-11792819"
"RTBF Actus (FR)";"FR";"2026-10-02";"Un jour, une carte : au Texas, Trump dans la sauce barbecue avant les élections de mi-mandat";"/article/six-jours-de-gand-lotte-kopecky-integre-les-tetes-d-affiche-au-kuipke-11792669"
"RTBF Actus (FR)";"FR";"2026-10-02";"Midterms 2026 : les observateurs internationaux de l'OSCE ne sont pas invités aux élections américaines, pour la première fois";"/article/il-y-aura-de-la-revanche-dans-l-air-remco-evenepoel-4-courses-4-victoires-inedites-dans-le-viseur-11792607"
"RTBF Actus (FR)";"FR";"2026-10-02";"Elections de mi-mandat aux États-Unis : la Cour suprême rejette une attaque de Trump contre le vote par correspondance";"/article/un-britannique-fait-le-tour-du-monde-en-28-ans-gaetan-delferiere-nous-parle-de-ce-projet-fou-dans-le-cactus-11793178"
"RTBF Actus (FR)";"FR";"2026-10-02";"Élections législatives de mi-mandat : 5000 dollars par citoyen qui vote républicain ? ""C’est avant tout de la soumission""";"/article/michel-bussi-reecrit-l-histoire-du-rock-dans-code-yesterday-je-voulais-observer-la-part-feminine-des-beatles-11793223"
"RTBF Actus (FR)";"FR";"2026-10-02";"Élections législatives de mi-mandat : Donald Trump promet 5000 dollars par citoyen si son parti garde le contrôle du Congrès";"/article/c-est-quoi-un-livre-pierre-scheurette-livre-une-chronique-sur-l-actu-litteraire-11793121"
"RTBF Actus (FR)";"FR";"2026-10-02";"Un tracé plutôt court, un circuit final redoutable : les parcours hommes et femmes de l’Euro de cyclisme";"/article/la-revue-de-presse-flandre-le-budget-bien-plus-equilibre-que-le-gouvernement-11793173"
"RTBF Actus (FR)";"FR";"2026-10-02";"Euro cyclisme 2026 : Vollering-Niewiadoma-Longo Borghini, on prend les mêmes et on recommence ?";"/article/mara-taquin-est-l-invitee-de-culture-en-prime-11792640"
"RTBF Actus (FR)";"FR";"2026-10-02";"La récupération d’Evenepoel inquiète le plateau d’On connaît nos classiques : ""Je pense qu’il faut avoir un plan B"" à l'Euro";"/article/yannick-alleno-comment-est-il-devenu-le-plus-grand-chef-etoile-au-monde-11475798"
"RTBF Actus (FR)";"FR";"2026-10-02";"""Je sais quel est mon rôle"" : McNulty prêt à étrenner son maillot arc-en-ciel avec humilité au Tour d'Émilie";"/article/virginie-delbrouck-de-la-belgique-a-la-tanzanie-sa-passion-pour-les-pierres-ne-connait-pas-de-frontieres-11792715"
"RTBF Actus (FR)";"FR";"2026-10-02";"Jasper Schoofs, le talent de Soudal cherche sa voie : ""Je suis à mi-chemin entre un grimpeur et un coureur de classiques""";"/article/francoise-dorleac-la-s-ur-de-catherine-deneuve-qui-a-revolutionne-l-ecran-en-25-ans-11478145"
"RTBF Actus (FR)";"FR";"2026-10-02";"Et si Tadej Pogacar participait finalement à l’Euro de cyclisme ? Une photo du Slovène relance la rumeur";"/article/vous-considerez-que-notre-reportage-est-incomplet-un-droit-de-reponse-est-il-possible-11786650"
"RTBF Actus (FR)";"FR";"2026-10-02";"Oscar Sevilla poursuivra sa carrière en 2027 pour une 28e saison à 50 ans";"/article/proximite-interaction-et-collaboration-comment-la-rtbf-ancre-ses-contenus-au-c-ur-des-regions-11786513"
"RTBF Actus (FR)";"FR";"2026-10-02";"Six Jours de Gand : Lotte Kopecky intègre les têtes d'affiche au Kuipke";"/article/que-fait-la-rtbf-de-vos-donnees-collecte-algorithmes-et-protection-de-la-vie-privee-decryptes-11776913"
"RTBF Actus (FR)";"FR";"2026-10-02";"Il y aura de la revanche dans l’air : Remco Evenepoel, 4 courses, 4 victoires inédites dans le viseur";"/article/enfant-illegitime-un-terme-a-eviter-sur-nos-antennes-11776723"
"RTBF Actus (FR)";"FR";"2026-10-02";"Un Britannique fait le tour du monde en 28 ans : Gaëtan Delferière nous parle de ce projet fou dans le Cactus";"/article/les-jeunes-et-l-actu-plus-informes-qu-on-ne-le-pense-mais-pas-a-l-abri-de-pieges-11763284"
"RTBF Actus (FR)";"FR";"2026-10-02";"Michel Bussi réécrit l’histoire du rock dans ""Code Yesterday"" : ""Je voulais observer la part féminine des Beatles""";"/article/moderation-sur-les-reseaux-sociaux-le-defi-quotidien-de-la-rtbf-11758876"
"RTBF Actus (FR)";"FR";"2026-10-02";"""C’est quoi un livre ?"" : Pierre Scheurette livre une chronique sur l’actu littéraire";"/article/age-conseille-contenus-sensibles-une-nouvelle-signaletique-tele-des-le-1er-juillet-11745979"
"RTBF Actus (FR)";"FR";"2026-10-02";"La revue de presse : le budget en Flandre ? ""Bien plus équilibré que le gouvernement""";"/article/bivouacs-du-journalisme-les-contacts-avec-le-public-sont-extremement-enrichissants-on-retire-le-micro-la-camera-jean-pierre-jacqmin-ancien-directeur-de-l-info-de-la-rtbf-11746010"
"RTBF Actus (FR)";"FR";"2026-10-02";"Mara Taquin est l'invitée de Culture en prime";"/article/coupe-du-monde-les-matchs-des-diables-rouges-aussi-pour-les-malvoyants-11743270"
"RTBF Actus (FR)";"FR";"2026-10-02";"Comment Yannick Alléno est-il devenu le chef le plus étoilé au monde ?";"/article/le-reveil-de-tipik-vous-emmene-au-parc-asterix-11793824"
"RTBF Actus (FR)";"FR";"2026-10-02";"Virginie Delbrouck : de la Belgique à la Tanzanie, sa passion pour les pierres ne connaît pas de frontières";"/article/the-beatles-gagnez-la-nouvelle-edition-de-rubber-soul-dans-coffee-on-the-rocks-11789888"
"RTBF Actus (FR)";"FR";"2026-10-02";"Françoise Dorléac : qui était la sœur de Catherine Deneuve, disparue à seulement 25 ans ?";"/article/remportez-des-entrees-pour-batireno-et-energie-habitat-11792355"
"RTBF Actus (FR)";"FR";"2026-10-02";"Vous considérez que notre reportage est incomplet ? Un droit de réponse est-il possible ?";"/article/votre-chien-est-un-peu-moche-mais-quand-meme-craquant-envoyez-nous-une-photo-pour-tenter-de-remporter-un-relooking-11786104"
"RTBF Actus (FR)";"FR";"2026-10-02";"Comment la RTBF ancre ses contenus au cœur des régions : proximité, interactions et collaborations";"/article/fifty-session-fete-ses-10-ans-a-l-atomium-une-decennie-a-decouvrir-les-artistes-de-demain-11790345"
"RTBF Actus (FR)";"FR";"2026-10-02";"Que fait la RTBF de vos données ? Collecte, algorithmes et protection de la vie privée décryptés";"/article/concours-gagnez-le-guide-des-arboretums-jardins-botaniques-de-belgique-tome-1-11789461"
"RTBF Actus (FR)";"FR";"2026-10-02";"""Enfant illégitime"" : un terme à éviter sur nos antennes";"/article/concours-rtbf-experience-hans-zimer-entrees-gratuites-pour-heleween-et-mini-europe-en-octobre-11792933"
"RTBF Actus (FR)";"FR";"2026-10-02";"Les jeunes et l’actu : plus informés qu’on ne le pense mais pas à l’abri de pièges";"/article/remportez-vos-pass-pour-le-superbiker-11792334"
"RTBF Actus (FR)";"FR";"2026-10-02";"Modération sur les réseaux sociaux : le défi quotidien de la RTBF";"/article/remporte-des-places-pour-la-seance-de-ton-choix-dans-les-cinemas-ugc-avec-auvio-kids-11764101"
"RTBF Actus (FR)";"FR";"2026-10-02";"Nouvelle signalétique TV : ce qui change ce 1er juillet";"/article/reseau-letec-fin-des-abonnements-annuels-a-12-euros-des-le-1er-fevrier-11793447"
"RTBF Actus (FR)";"FR";"2026-10-02";"Bivouacs du journalisme : ""Les contacts avec le public sont extrêmement enrichissants"", Jean-Pierre Jacqmin, ancien directeur de l’info de la RTBF";"/article/chaumont-gistoux-victime-collaterale-du-nouvel-echangeur-en-diamant-a-mont-saint-guibert-11793524"
"RTBF Actus (FR)";"FR";"2026-10-02";"Coupe du monde : les matchs des Diables Rouges aussi pour les malvoyants";"/article/nouveaux-tarifs-energie-au-1er-octobre-10-cents-le-kwh-de-gaz-un-prix-jamais-vu-pour-un-contrat-fixe-700-euros-en-plus-par-an-11793285"
"RTBF Actus (FR)";"FR";"2026-10-02";"Le Réveil de Tipik vous emmène au Parc Astérix";"/article/il-y-a-beaucoup-moins-de-files-le-premier-echangeur-en-diamant-de-wallonie-ouvre-a-mont-saint-guibert-11793338"
"RTBF Actus (FR)";"FR";"2026-10-02";"The Beatles : gagnez la nouvelle édition de ""Rubber Soul""";"/article/lavia-sur-le-banc-pas-de-polemique-autour-de-lukaku-mark-van-bommel-preface-belgique-turquie-11792766"
"RTBF Actus (FR)";"FR";"2026-10-02";"Remportez des entrées pour Batireno et Energie & Habitat";"/article/execution-ratee-de-christa-pike-aux-etats-unis-itineraire-d-une-condamnation-polemique-11793231"
"RTBF Actus (FR)";"FR";"2026-10-02";"Votre chien est un peu moche mais quand même craquant ? Envoyez-nous une photo pour tenter de remporter un relooking";"https://auvio.rtbf.be/media/le-8-9-le-8-9-3523649"
"RTBF Actus (FR)";"FR";"2026-10-02";"Fifty Session fête ses 10 ans à l’Atomium : une décennie à découvrir les artistes de demain";"https://auvio.rtbf.be/media/un-si-grand-soleil-un-si-grand-soleil-3523101"
"RTBF Actus (FR)";"FR";"2026-10-02";"Concours : gagnez le ""Guide des arboretums & jardins botaniques de Belgique – Tome 1""";"https://auvio.rtbf.be/media/le-6-8-le-6-8-3523610"
"RTBF Actus (FR)";"FR";"2026-10-02";"Concours RTBF Experience : Hans Zimer, entrées gratuites pour Héléween et Mini-Europe en octobre";"https://auvio.rtbf.be/media/y-a-pas-de-planete-b-y-a-pas-de-planete-b-3523087"
"RTBF Actus (FR)";"FR";"2026-10-02";"Assistez au Superbiker grâce à Classic 21";"https://auvio.rtbf.be/media/caramba-caramba-3523030"
"RTBF Actus (FR)";"FR";"2026-10-02";"Remportez vos places pour l’UGC avec AUVIO KIDS";"https://auvio.rtbf.be/media/les-feux-de-l-amour-feux-de-l-amour-s27-3523028"
"RTBF Actus (FR)";"FR";"2026-10-02";"Fin des abonnements annuels Letec à 12 euros : dès février, ils coûteront jusqu’à 384 euros";"https://auvio.rtbf.be/media/velvet-le-nouvel-empire-velvet-le-nouvel-empire-3523026"
"RTBF Actus (FR)";"FR";"2026-10-02";"Chaumont-Gistoux, victime collatérale du nouvel échangeur en diamant inauguré à Mont-Saint-Guibert ?";"https://auvio.rtbf.be/media/nous-parents-nous-parents-3523379"
"RTBF Actus (FR)";"FR";"2026-10-02";"Nouveaux tarifs énergie au 1er octobre : 10 cents le KWh de gaz, un prix jamais vu pour un contrat fixe, 700 euros en plus par an";"https://auvio.rtbf.be/media/courts-metrages-1001-drag-kings-3523013"
"RTBF Actus (FR)";"FR";"2026-10-02";"""Il y a beaucoup moins de files"", le premier échangeur en diamant de Wallonie ouvre à Mont-Saint-Guibert";"https://auvio.rtbf.be/media/haiti-la-loi-des-gangs-les-gangs-armes-controlent-80-de-la-capitale-3523004"
"RTBF Actus (FR)";"FR";"2026-10-02";"""Lavia sur le banc"", ""pas de polémique autour de Lukaku"" : Mark van Bommel préface Belgique - Turquie";"https://auvio.rtbf.be/media/sons-une-plongee-etouffante-au-coeur-du-systeme-carceral-3523006"
"RTBF Actus (FR)";"FR";"2026-10-02";"Exécution ratée de Christa Pike aux Etats-Unis : itinéraire d’une condamnation polémique";"https://auvio.rtbf.be/media/simon-coleman-simon-coleman-s04-3523000"
"France 24 (EN)";"EN";"2026-10-02";"Hundreds of French schools remain closed as student protests turn violent";"https://france24.com/en/france/20261002-hundreds-of-french-schools-remain-closed-as-student-protests-turn-violent"
"France 24 (EN)";"EN";"2026-10-02";"Transport suspended in some French cities as school protests continue";"https://france24.com/en/france/20261001-hundreds-of-students-detained-dozens-of-officers-injured-in-french-school-protests"
"France 24 (EN)";"EN";"2026-10-02";"French police clash with teens blockading schools as unions stage day of protests";"https://france24.com/en/france/20260929-french-police-clash-with-teens-blockading-schools-as-union-stage-day-of-protests"
"France 24 (EN)";"EN";"2026-10-02";"Live: Russia hits Kyiv’s Southern Bridge again as Moscow continues to pound capital";"https://france24.com/en/europe/20261002-live-russia-hits-kyiv-s-southern-bridge-as-moscow-continues-to-pound-capital"
"France 24 (EN)";"EN";"2026-10-02";"Flydubai hero pilot tells Modi 'I could not let all those people die'";"https://france24.com/en/middle-east/20261002-flydubai-hero-pilot-tells-modi-i-could-not-let-all-those-people-die"
"France 24 (EN)";"EN";"2026-10-02";"Lula and Bolsonaro’s mudslinging heats up ahead of weekend vote";"https://france24.com/en/americas/20261002-lula-and-bolsonaro-s-mudslinging-heats-up-ahead-of-weekend-vote"
"France 24 (EN)";"EN";"2026-10-02";"Saudi-led coalition accuses Houthis of striking Medina power station";"https://france24.com/en/middle-east/20261002-saudi-led-coalition-houthis-striking-medina-power-station"
"France 24 (EN)";"EN";"2026-10-02";"US presses Europe to release diesel reserves 'immediately' as Trump threatens export ban";"https://france24.com/en/europe/20261001-us-europe-diesel-reserves-fuel-prices"
"France 24 (EN)";"EN";"2026-10-02";"More than half of Europe faced intense summer heat stress, EU monitor says";"https://france24.com/en/environment/20261002-europe-summer-heat-stress-eu-monitor"
"France 24 (EN)";"EN";"2026-10-02";"French investigative site says antisemitic messages tied to Jordan Bardella, Le Pen's ally";"https://france24.com/en/france/20261001-jordan-bardella-antisemitic-messages-authenticated-french-outlet"
"France 24 (EN)";"EN";"2026-10-02";"Germany's crisis-hit rail operator looks to AI future";"https://france24.com/en/live-news/20261002-germany-s-crisis-hit-rail-operator-looks-to-ai-future"
"France 24 (EN)";"EN";"2026-10-02";"Alex Marquez clocks record lap at MotoGP Japan practice";"https://france24.com/en/live-news/20261002-alex-marquez-clocks-record-lap-at-motogp-japan-practice"
"France 24 (EN)";"EN";"2026-10-02";"Sri Lanka drop Asalanka from T20 against Pakistan";"https://france24.com/en/live-news/20261002-sri-lanka-drop-asalanka-from-t20-against-pakistan"
"France 24 (EN)";"EN";"2026-10-02";"Will AI write our books? Row over bestseller fuels fear over future of literature";"https://france24.com/en/tv-shows/the-debate/20261002-will-ai-write-our-books-row-over-bestseller-fuels-fear-over-future-of-literature"
"France 24 (EN)";"EN";"2026-10-02";"France unveils cost-cutting budget amid protests";"https://france24.com/en/tv-shows/business/20261002-france-unveils-cost-cutting-budget-amid-protests"
"France 24 (EN)";"EN";"2026-10-02";"Nations League: Zidane returns to face Italy and the Stade de France";"https://france24.com/en/tv-shows/sports/20261002-nations-league-zidane-returns-to-face-italy-and-the-stade-de-france"
"France 24 (EN)";"EN";"2026-10-02";"Can AI play a role in reducing inequality?";"https://france24.com/en/tv-shows/people-profit/20261002-can-ai-play-a-role-in-reducing-inequality"
"France 24 (EN)";"EN";"2026-10-02";"US continues to be 'a very significant partner', UN peacekeeping chief says";"https://france24.com/en/tv-shows/t%C3%AAte-%C3%A0-t%C3%AAte/20261001-the-us-continue-to-be-a-very-significant-partner-un-peacekeeping-chief"
"France 24 (EN)";"EN";"2026-10-02";"From 'Jungle' to jungles, migrants in Calais continue to dream of UK";"https://france24.com/en/tv-shows/revisited/20260925-from-jungle-to-jungles-migrants-in-calais-continue-to-dream-of-uk"
"France 24 (EN)";"EN";"2026-10-02";"Pilot wounded in Flydubai incident is ‘in good health’, Indian embassy in UAE reports";"https://france24.com/en/middle-east/20261001-live-flydubai-suspends-flights-to-and-from-israel-after-pilot-attack"
"France 24 (EN)";"EN";"2026-10-02";"Video shows Iranian police beating, sexually humiliating teenage detainee";"https://france24.com/en/middle-east/20260929-iran-police-video-teenage-detainee-abuse"
"France 24 (EN)";"EN";"2026-10-02";"Iran says it expects US response Tuesday on plan to reopen Strait of Hormuz";"https://france24.com/en/middle-east/20260929-iran-says-expects-us-response-tuesday-plan-reopen-strait-of-hormuz"
"France 24 (EN)";"EN";"2026-10-02";"Trump expects Iran talks next week after rejecting seven-day truce proposal";"https://france24.com/en/middle-east/20260927-trump-expects-iran-talks-next-week-after-rejecting-seven-day-truce-proposal"
"France 24 (EN)";"EN";"2026-10-02";"Netanyahu says Flydubai co-pilot was radicalised as UAE probes terror link";"https://france24.com/en/middle-east/20261001-netanyahu-flydubai-co-pilot-uae-terror-link"
"France 24 (EN)";"EN";"2026-10-02";"Convicted killer Christa Pike in ‘critical condition’ after two lethal injections fail to kill her";"https://france24.com/en/americas/20261001-execution-of-convicted-us-killer-christa-pike-fails-despite-two-lethal-injections"
"France 24 (EN)";"EN";"2026-10-02";"G20 trade ministers deadlocked over industrial overcapacity, says US trade chief";"https://france24.com/en/economy/20261002-g20-trade-ministers-overcapacity-impasse-greer"
"France 24 (EN)";"EN";"2026-10-02";"France’s purchasing power crisis: Navigating the pinch";"https://france24.com/en/economy/20261001-france-s-purchasing-power-crisis-navigating-the-pinch"
"France 24 (EN)";"EN";"2026-10-02";"UK police arrest dual UK-Iranian national over Fairford air base incident";"https://france24.com/en/europe/20261001-uk-police-arrest-dual-uk-iranian-national-over-fairford-air-base-incident"
"France 24 (EN)";"EN";"2026-10-02";"Indian pilot hailed as 'hero' after being allegedly stabbed by co-pilot on Israel-bound flight";"https://france24.com/en/middle-east/20261001-indian-pilot-hailed-as-hero-after-being-allegedly-stabbed-by-co-pilot-on-israel-bound-flight"
"France 24 (EN)";"EN";"2026-10-02";"A blessing or a curse? New Caledonia's dwindling nickel industry";"https://france24.com/en/tv-shows/focus/20261001-a-blessing-or-a-curse-new-caledonia-s-dwindling-nickel-industry"
"France 24 (EN)";"EN";"2026-10-02";"French PM presents belt-tightening 2027 budget, including frozen wages and new taxes";"https://france24.com/en/france/20261001-french-pm-to-present-belt-tightening-2027-budget-including-frozen-wages-and-new-taxes"
"France 24 (EN)";"EN";"2026-10-02";"Hybrid warfare: The threat of Russia looms over the Mediterranean";"https://france24.com/en/europe/20260928-hybrid-warfare-the-threat-of-russia-looms-over-the-mediterranean"
"France 24 (EN)";"EN";"2026-10-02";"Deported to Africa: An international investigation into Trump’s migrant policy";"https://france24.com/en/africa/20260921-deported-to-africa-an-international-investigation-into-trump-s-migrant-policy"
"France 24 (EN)";"EN";"2026-10-02";"‘Russian sleeper cell’: Can Germany’s far-right AfD be barred from sensitive intel?";"https://france24.com/en/europe/20260927-russian-sleeper-cell-can-germany-far-right-afd-be-barred-from-sensitive-intelligence"
"France 24 (EN)";"EN";"2026-10-02";"Eiffel Tower chief to step down over removal of women staff during Hindu group's visit";"https://france24.com/en/france/20260929-eiffel-tower-chief-to-step-down-over-removal-of-women-staff-during-hindu-group-visit-baps"
"France 24 (EN)";"EN";"2026-10-02";"Netanyahu says Israel is preparing for other ‘potential threats’ after pilot tried to crash plane";"https://france24.com/en/middle-east/20260930-israel-bound-flight-diverted-to-saudi-arabia-after-brawl-between-pilots"
"France 24 (EN)";"EN";"2026-10-02";"US forces leave Iraq, raising fears of Iran-backed militias amid power vacuum";"https://france24.com/en/middle-east/20260930-us-forces-leave-iraq-raising-fears-of-iran-backed-militias-amid-power-vacuum"
"France 24 (EN)";"EN";"2026-10-02";"Poll shows French far-right leader Marine Le Pen widening lead ahead of 2027 presidential vote";"https://france24.com/en/france/20260928-poll-shows-french-far-right-leader-marine-le-pen-widening-lead-ahead-of-2027-presidential-vote"
"France 24 (EN)";"EN";"2026-10-02";"Russia ramps up disinformation attacks on French media ahead of 2027 presidential race";"https://france24.com/en/france/20260930-russia-ramps-up-disinformation-attacks-on-french-media-ahead-of-2027-presidential-race"
"France 24 (EN)";"EN";"2026-10-02";"Residents in West Bank's Masafer Yatta face Israeli demolitions";"https://france24.com/en/tv-shows/the-observers/20260924-residents-west-bank-masafer-yatta-israeli-demolitions"
"France 24 (EN)";"EN";"2026-10-02";"A look back at Tunisia's summer of shortages";"https://france24.com/en/tv-shows/the-observers/20260924-look-back-tunisiassummer-shortages"
"France 24 (EN)";"EN";"2026-10-02";"No, this video doesn't disprove the 9/11 attack on the south tower of the World Trade Center";"https://france24.com/en/americas/20260923-video-no-proof-plane-hit-twin-tower-9-11"
"France 24 (EN)";"EN";"2026-10-02";"The church by the airport: Inside Russia’s suspected spy activities in Sweden";"https://france24.com/en/europe/20250704-the-church-by-the-airport-inside-russia-s-suspected-spy-activities-in-sweden"
"France 24 (EN)";"EN";"2026-10-02";"Searching for radioactive waste in the depths of the Atlantic";"https://france24.com/en/environment/20250607-searching-radioactive-waste-depths-atlantic-france-nuclear"
"France 24 (EN)";"EN";"2026-10-02";"‘Unwavering friendship’: The true story of nine women who escaped a Nazi death march";"https://france24.com/en/europe/20250429-true-story-nine-women-who-escaped-nazi-death-march-ravensbruck"
"France 24 (EN)";"EN";"2026-10-02";"Pope Francis, first Latin American pontiff and champion of the forgotten";"https://france24.com/en/europe/20250421-pope-francis-first-latin-american-pontiff-dies-after-double-pneumonia-battle"
"France 24 (EN)";"EN";"2026-10-02";"Haiti’s independence ransom: Macron offers ‘truth’, Haitians want reparations";"https://france24.com/en/americas/20250417-haiti-independence-ransom-macron-offers-truth-haitians-want-reparations-slavery"
"France 24 (EN)";"EN";"2026-10-02";"Saved from destruction: Paris show offers glimpse of Gaza’s archaeological treasures";"https://france24.com/en/culture/20250403-saved-from-destruction-paris-exhibition-offers-glimpse-of-gaza-archaeological-treasures"
"France 24 (EN)";"EN";"2026-10-02";"Heatwaves, wildfires expose a third of world to extreme ozone pollution";"https://france24.com/en/environment/20260930-heatwaves-wildfires-expose-a-third-of-world-to-extreme-ozone-pollution"
"France 24 (EN)";"EN";"2026-10-02";"A Green pope? Vatican describes environmental destruction as an 'ecological sin'";"https://france24.com/en/tv-shows/down-to-earth/20260928-a-green-pope-vatican-describes-environmental-destruction-as-an-ecological-sin"
"France 24 (EN)";"EN";"2026-10-02";"When climate mitigation becomes politicised: The Guardian uncovers IPCC links to Saudi oil industry";"https://france24.com/en/tv-shows/spotlight/20260923-when-climate-mitigation-becomes-political-the-guardian-uncovers-ipcc-links-to-saudi-oil-industry"
"France 24 (EN)";"EN";"2026-10-02";"Rethinking traditional designs: A French twist on the kimono";"https://france24.com/en/tv-shows/entre-nous/20261001-rethinking-traditional-designs-a-french-twist-on-the-kimono"
"France 24 (EN)";"EN";"2026-10-02";"From Billie Eilish to Cardi B: Hassan Hajjaj on the stars who stepped into his colourful world";"https://france24.com/en/tv-shows/arts24/20261001-from-billie-eilish-to-cardi-b-hassan-hajjaj-on-the-stars-who-stepped-into-his-colourful-world"
"France 24 (EN)";"EN";"2026-10-02";"Tom Cruise's 'Digger' divides critics as Zurich Film Festival stars steal the spotlight";"https://france24.com/en/tv-shows/arts24/20260930-tom-cruise-s-digger-divides-critics-as-zurich-film-festival-stars-steal-the-spotlight"
"France 24 (EN)";"EN";"2026-10-02";"'Guilty of all charges': Man City at centre of 'biggest scandal in football history', vows to appeal";"https://france24.com/en/tv-shows/spotlight/20261001-guilty-of-all-charges-man-city-at-centre-of-biggest-scandal-in-football-history-vows-to-appeal"
"France 24 (EN)";"EN";"2026-10-02";"Portugal's Ronaldo walks away amid tensions with coach";"https://france24.com/en/tv-shows/sports/20261001-portugal-ronaldo-walks-away"
"France 24 (EN)";"EN";"2026-10-02";"AI companies sign voluntary accord on safety with Trump";"https://france24.com/en/technology/20260929-trump-says-ai-companies-sign-voluntary-accord-on-safety-controls"
"France 24 (EN)";"EN";"2026-10-02";"Rogue AI accessed federal websites, posted user images online, ChatGPT says";"https://france24.com/en/technology/20260926-chatgpt-says-its-rogue-ai-agents-posted-users-images-online-entered-federal-website"
"France 24 (EN)";"EN";"2026-10-02";"It's not malicious, it's indifference: Thousands of books sent to AI woodchipper";"https://france24.com/en/tv-shows/spotlight/20260917-intent-not-malicious-it-s-indifference-thousands-if-not-millions-of-books-sent-to-ai-woodchipper"
"France 24 (EN)";"EN";"2026-10-02";"As Europe's balance of power shifts eastward, France & Spain seek to 'reinforce their own positions'";"https://france24.com/en/video/20261002-as-europe-s-balance-of-power-shifts-eastward-france-spain-seek-to-reinforce-their-own-positions-1"
"France 24 (EN)";"EN";"2026-10-02";"Ethiopia back to civil war? Horn of Africa fears spillover effect of renewed fighting";"https://france24.com/en/tv-shows/the-debate/20260930-ethiopia-back-to-civil-war-horn-of-africa-fears-spillover-effect-of-renewed-fighting"
"France 24 (EN)";"EN";"2026-10-02";"Ethiopia's last Jews dream of visa for Israel";"https://france24.com/en/tv-shows/focus/20260930-ethiopia-s-last-jews-dream-of-visa-for-israel"
"France 24 (EN)";"EN";"2026-10-02";"Egypt warned Israel of 'major' Hamas attack:  'No world' where Netanyahu's not aware (Vivian Salama)";"https://france24.com/en/tv-shows/spotlight/20261002-egypt-warned-israel-of-major-hamas-attack-no-world-where-netanyahu-s-not-aware-vivian-salama"
"France 24 (EN)";"EN";"2026-10-02";"El Salvador sets date for 2027 presidential election as Bukele seeks third term";"https://france24.com/en/americas/20261001-el-salvador-sets-2027-presidential-election-as-nayib-bukele-seeks-third-term"
"France 24 (EN)";"EN";"2026-10-02";"Thailand floods: At least 8 die, thousands move to shelters";"https://france24.com/en/video/20260928-thailand-floods-at-least-8-die-thousands-move-to-shelters"
"France 24 (EN)";"EN";"2026-10-02";"Bangkok declares flood disaster after massive 48-hour downpour";"https://france24.com/en/asia-pacific/20260926-bangkok-declares-flood-disaster-after-massive-48h-downpour"
"France 24 (EN)";"EN";"2026-10-02";"Transforming Payments in the DRC: A Leap Towards a Digital Future";"https://france24.com/en/sponsored-content/20250923-transforming-payments-in-the-drc-a-leap-towards-a-digital-future"
"France 24 (EN)";"EN";"2026-10-02";"Africa's $88 billion solutions: How ATAF fights illicit financial flows";"https://france24.com/en/sponsored-content/20250108-africa-s-88-billion-solutions-how-ataf-fights-illicit-financial-flows"
"France 24 (EN)";"EN";"2026-10-02";"Burundi: innovative solutions to fight stunting in children";"https://france24.com/en/sponsored-content/20240122-burundi-innovative-solutions-to-fight-stunting-in-children"
"France 24 (EN)";"EN";"2026-10-02";"Child malnutrition in Burundi: concrete actions to help children";"https://france24.com/en/sponsored-content/20231215-child-malnutrition-in-burundi-concrete-actions-to-help-children"
"France 24 (EN)";"EN";"2026-10-02";"Interview of Anthony Ginter, President & CEO - WEO";"https://france24.com/en/sponsored-content/20230911-interview-of-anthony-ginter-president-ceo-weo"
"France 24 (EN)";"EN";"2026-10-02";"2026";"https://france24.com/en/archives/2026/01/"
"France 24 (EN)";"EN";"2026-10-02";"2025";"https://france24.com/en/archives/2025/01/"
"France 24 (EN)";"EN";"2026-10-02";"2024";"https://france24.com/en/archives/2024/01/"
"France 24 (EN)";"EN";"2026-10-02";"2023";"https://france24.com/en/archives/2023/01/"
"France 24 (EN)";"EN";"2026-10-02";"2022";"https://france24.com/en/archives/2022/01/"
"France 24 (EN)";"EN";"2026-10-02";"2021";"https://france24.com/en/archives/2021/01/"
"France 24 (EN)";"EN";"2026-10-02";"2020";"https://france24.com/en/archives/2020/01/"
"Le Monde (FR)";"FR";"2026-10-02";"Le Monde’s app";"https://www.lemonde.fr/en/about-us/article/2023/09/06/le-monde-in-english-now-available-on-our-mobile-app_6125308_115.html"
"Le Monde (FR)";"FR";"2026-10-02";"Bardella's denial of antisemitic remarks challenged as website publishes evidence";"https://www.lemonde.fr/en/politics/article/2026/10/02/bardella-s-denial-of-antisemitic-remarks-challenged-as-website-publishes-evidence_6758167_5.html"
"Le Monde (FR)";"FR";"2026-10-02";"How Jordan Bardella's political youth was shaped by antisemitic ideology";"https://www.lemonde.fr/en/politics/article/2026/09/30/how-jordan-bardella-s-political-youth-was-shaped-by-antisemitic-ideology_6758113_5.html"
"Le Monde (FR)";"FR";"2026-10-02";"The Rassemblement National's 'de-demonization' illusion";"https://www.lemonde.fr/en/opinion/article/2026/10/01/the-rassemblement-national-s-de-demonization-illusion_6758136_23.html"
"Le Monde (FR)";"FR";"2026-10-02";"High school student protests spread across France as tensions escalate";"https://www.lemonde.fr/en/france/article/2026/10/02/high-school-student-protests-spread-across-france-as-tensions-escalate_6758168_7.html"
"Le Monde (FR)";"FR";"2026-10-02";"Summer 2026 was hottest on record in Western Europe, yet still no political awakening";"https://www.lemonde.fr/en/international/article/2026/10/02/summer-2026-becomes-the-hottest-ever-recorded-in-western-europe-but-fails-to-spark-political-action_6758162_4.html"
"Le Monde (FR)";"FR";"2026-10-02";"Burnham opens door to 'Breturn,' UK's return to EU";"https://www.lemonde.fr/en/international/article/2026/10/02/burnham-opens-door-to-breturn-uk-s-return-to-eu_6758171_4.html"
"Le Monde (FR)";"FR";"2026-10-02";"Isolating Israel: The West's brake on West Bank colonization and Gaza's destruction";"https://www.lemonde.fr/en/international/article/2026/10/02/isolating-israel-the-west-s-brake-on-west-bank-colonization-and-gaza-s-destruction_6758161_4.html"
"Le Monde (FR)";"FR";"2026-10-02";"'Monet, painting time' at the Musée de l'Orangerie in Paris: The Impressionist painter's changes of heart";"https://www.lemonde.fr/en/culture/article/2026/10/02/monet-painting-time-at-the-musee-de-l-orangerie-in-paris-the-impressionist-painter-s-trials-and-changes-of-heart_6758158_30.html"
"Le Monde (FR)";"FR";"2026-10-02";"Column   Alain Frachon Subscribers only'First surrender, then negotiation. These are Moscow's words'  Russian Foreign Minister Sergei Lavrov's claim at the UN that Europe, unlike the US, is undermining peace talks on Ukraine is a double falsehood, writes Le Monde columnist Alain Frachon.    3 min read";"https://www.lemonde.fr/en/opinion/article/2026/10/02/war-in-ukraine-first-surrender-then-negotiation-these-are-moscow-s-words_6758165_23.html"
"Le Monde (FR)";"FR";"2026-10-02";"Cornell University gang rape investigation: NY governor appoints special prosecutor";"https://www.lemonde.fr/en/international/article/2026/10/02/cornell-university-gang-rape-investigation-ny-governor-hochul-appoints-special-prosecutor_6758163_4.html"
"Le Monde (FR)";"FR";"2026-10-02";"Worse than coal? Debate intensifies over carbon impact of US gas imported to Europe";"https://www.lemonde.fr/en/environment/article/2026/10/01/worse-than-coal-debate-intensifies-over-carbon-impact-of-us-gas-imported-to-europe_6758153_114.html"
"Le Monde (FR)";"FR";"2026-10-02";"Military AI: France challenges US dominance over NATO's classified networks";"https://www.lemonde.fr/en/international/article/2026/10/01/military-ai-france-challenges-us-dominance-over-nato-s-classified-networks_6758154_4.html"
"Le Monde (FR)";"FR";"2026-10-02";"Galderma, Switzerland's discreet Botox empire";"https://www.lemonde.fr/en/international/article/2026/10/02/galderma-switzerland-s-discreet-botox-empire_6758164_4.html"
"Le Monde (FR)";"FR";"2026-10-02";"New crew members dock at International Space Station, French astronaut Sophie Adenot to return to Earth";"https://www.lemonde.fr/en/science/article/2026/10/02/new-crew-members-dock-at-international-space-station-french-astronaut-sophie-adenot-to-return-to-earth_6758160_10.html"
"Le Monde (FR)";"FR";"2026-10-02";"US tells European allies to act 'immediately' to lower diesel prices";"https://www.lemonde.fr/en/international/article/2026/10/02/us-tells-european-allies-to-act-immediately-to-lower-diesel-prices_6758155_4.html"
"Le Monde (FR)";"FR";"2026-10-02";"Bruno Retailleau: 'The problem with Europe is that it has given peoples the feeling of bypassing democracy'";"https://www.lemonde.fr/en/politics/article/2026/10/01/bruno-retailleau-the-problem-with-europe-is-that-it-has-given-peoples-the-feeling-of-bypassing-democracy_6758141_5.html"
"Le Monde (FR)";"FR";"2026-10-02";"OpenAI fires three staffers for mishandling 'sensitive' info and violating company policies";"https://www.lemonde.fr/en/pixels/article/2026/10/02/openai-says-three-staffers-fired-for-mishandling-sensitive-info_6758159_13.html"
"Le Monde (FR)";"FR";"2026-10-02";"Despite the appointment of a female prime minister, Morocco's glass ceiling for women remains";"https://www.lemonde.fr/en/le-monde-africa/article/2026/10/02/in-morocco-despite-the-appointment-of-a-female-prime-minister-the-glass-ceiling-for-women-remains_6758156_124.html"
"Le Monde (FR)";"FR";"2026-10-02";"Who is Samuel Fitoussi, the conservative columnist behind the AI accusations against Orélien's best-selling novel?";"https://www.lemonde.fr/en/m-le-mag/article/2026/10/01/who-is-samuel-fitoussi-the-conservative-columnist-behind-the-ai-accusations-against-orelien-s-best-selling-novel_6758147_117.html"
"Le Monde (FR)";"FR";"2026-10-02";"Fresh alert on contraceptive pill worries French women, but doctors warn against rushed decisions";"https://www.lemonde.fr/en/france/article/2026/10/01/fresh-alert-on-contraceptive-pill-worries-french-women-but-doctors-warn-against-rushed-decisions_6758150_7.html"
"Le Monde (FR)";"FR";"2026-10-02";"Botched US execution prompts global calls to scrap death penalty";"https://www.lemonde.fr/en/international/article/2026/10/01/botched-us-execution-prompts-global-calls-to-scrap-death-penalty_6758152_4.html"
"Le Monde (FR)";"FR";"2026-10-02";"In Graphs   Maxime Vaudano Subscribers onlyFrance's public finance crisis in 13 graphs  Is it really so urgent to tackle France's public debt issue? Here are the key figures you need to know to have an informed debate about public finances.    6 min read";"https://www.lemonde.fr/en/les-decodeurs/article/2026/10/01/how-much-does-france-s-debt-cost-how-do-deficits-arise-13-graphs-to-understand-france-s-public-finance-crisis_6758129_8.html"
"Le Monde (FR)";"FR";"2026-10-02";"Investigation   Fabrice Lhomme and  Gérard Davet Subscribers onlyFrom Macron's original promise to the unraveling of an ideal  'The Macron Years' (1/3). After ten years in power, Macron's movement, which emerged as an attractive mirage amid the barren political landscape of 2017, has turned into a fiasco. Those close to the president, who experienced their movement's self-dissolution firsthand, bitterly examine their track record, something Macron refuses to discuss.    17 min read";"https://www.lemonde.fr/en/politics/article/2026/09/30/from-macron-s-original-promise-to-the-unraveling-of-an-ideal_6758119_5.html"
"Le Monde (FR)";"FR";"2026-10-02";"Investigation   Abel Mestre and  Clément Guillou Subscribers onlyHow Jordan Bardella's political youth was shaped by antisemitic ideology  Accused of writing antisemitic messages when he was a young activist, an allegation he denies, the president of the Rassemblement National came of age politically in a milieu strongly influenced by Alain Soral. An antisemitic polemicist who briefly belonged to the party, Soral remained a popular figure on the French far right throughout the 2010s and, for some, an ideological compass.    6 min read";"https://www.lemonde.fr/en/politics/article/2026/09/30/how-jordan-bardella-s-political-youth-was-shaped-by-antisemitic-ideology_6758113_5.html"
"Le Monde (FR)";"FR";"2026-10-02";"Editorial The Rassemblement National's 'de-demonization' illusion   Le Monde";"https://www.lemonde.fr/en/opinion/article/2026/10/01/the-rassemblement-national-s-de-demonization-illusion_6758136_23.html"
"Le Monde (FR)";"FR";"2026-10-02";"Column Subscribe'France's debt and economy are clearly taking on Italian characteristics'      Eric Albert";"https://www.lemonde.fr/en/opinion/article/2026/09/30/france-s-debt-and-economy-are-clearly-taking-on-italian-characteristics_6758097_23.html"
"Le Monde (FR)";"FR";"2026-10-02";"Editorial SubscribeWashington and Moscow are responsible for the energy crisis   Le Monde";"https://www.lemonde.fr/en/opinion/article/2026/09/25/washington-and-moscow-are-responsible-for-the-energy-crisis_6757939_23.html"
"Le Monde (FR)";"FR";"2026-10-02";"French high school protests spread, hundreds of arrests amid unrest";"https://www.lemonde.fr/en/france/article/2026/10/02/french-high-school-protests-spread-hundreds-of-arrests-amid-unrest_6758166_7.html"
"Le Monde (FR)";"FR";"2026-10-02";"French government's draft budget relies on tax hikes to take back control over public finances";"https://www.lemonde.fr/en/france/article/2026/10/01/french-government-s-draft-budget-relies-on-tax-hikes-to-take-back-control-over-public-finances_6758135_7.html"
"Le Monde (FR)";"FR";"2026-10-02";"French PM Lecornu convenes crisis meeting amid nationwide high school protests";"https://www.lemonde.fr/en/france/article/2026/10/01/french-pm-lecornu-convenes-crisis-meeting-amid-nationwide-high-school-protests_6758143_7.html"
"Le Monde (FR)";"FR";"2026-10-02";"Chess legend Kasparov says he is an assassination target after US uncovers alleged Russian plot";"https://www.lemonde.fr/en/international/article/2026/10/01/chess-legend-kasparov-says-he-is-an-assassination-target-after-us-uncovers-alleged-russian-plot_6758133_4.html"
"Le Monde (FR)";"FR";"2026-10-02";"War in Ukraine: 'First surrender, then negotiation. These are Moscow's words'";"https://www.lemonde.fr/en/opinion/article/2026/10/02/war-in-ukraine-first-surrender-then-negotiation-these-are-moscow-s-words_6758165_23.html"
"Le Monde (FR)";"FR";"2026-10-02";"With high school protests, Mélenchon is trying to both appeal to his base and attract new voters";"https://www.lemonde.fr/en/politics/article/2026/10/01/with-high-school-protests-melenchon-is-trying-to-both-appeal-to-his-base-and-attract-new-voters_6758134_5.html"
"Le Monde (FR)";"FR";"2026-10-02";"Renee Good's family sues US government over her killing in Minneapolis";"https://www.lemonde.fr/en/international/article/2026/10/01/renee-good-s-family-sues-us-government-over-her-killing-in-minneapolis_6758148_4.html"
"Le Monde (FR)";"FR";"2026-10-02";"Charte du Groupe";"https://www.lemonde.fr/actualite-medias/article/2010/11/03/la-charte-d-ethique-et-de-deontologie-du-groupe-le-monde_1434737_3236.html"
"Le Monde (FR)";"FR";"2026-10-02";"Group Policy";"https://www.lemonde.fr/en/about-us/article/2022/04/06/groupe-le-monde-s-code-of-ethics-and-professional-conduct_5979823_115.html"
"Le Monde (FR)";"FR";"2026-10-02";"RSS feed";"https://www.lemonde.fr/en/about-us/article/2026/03/27/le-monde-rss-feeds_6751860_115.html"
"RFI Afrique (FR)";"FR";"2026-10-02";"2026";"https://www.rfi.fr/fr/archives/2026/01/"
"RFI Afrique (FR)";"FR";"2026-10-02";"2025";"https://www.rfi.fr/fr/archives/2025/01/"
"RFI Afrique (FR)";"FR";"2026-10-02";"2024";"https://www.rfi.fr/fr/archives/2024/01/"
"RFI Afrique (FR)";"FR";"2026-10-02";"2023";"https://www.rfi.fr/fr/archives/2023/01/"
"RFI Afrique (FR)";"FR";"2026-10-02";"2022";"https://www.rfi.fr/fr/archives/2022/01/"
"RFI Afrique (FR)";"FR";"2026-10-02";"2021";"https://www.rfi.fr/fr/archives/2021/01/"
"RFI Afrique (FR)";"FR";"2026-10-02";"2020";"https://www.rfi.fr/fr/archives/2020/01/"
"RTL (FR)";"FR";"2026-10-02";"Politique";"https://rtl.fr/actu/politique"
"RTL (FR)";"FR";"2026-10-02";"International";"https://rtl.fr/actu/international"
"RTL (FR)";"FR";"2026-10-02";"Justice et faits divers";"https://rtl.fr/actu/justice-faits-divers"
"RTL (FR)";"FR";"2026-10-02";"Conso";"https://rtl.fr/actu/economie-consommation"
"RTL (FR)";"FR";"2026-10-02";"Food";"https://rtl.fr/actu/food"
"RTL (FR)";"FR";"2026-10-02";"Santé";"https://rtl.fr/actu/bien-etre"
"RTL (FR)";"FR";"2026-10-02";"Société";"https://rtl.fr/actu/debats-societe"
"RTL (FR)";"FR";"2026-10-02";"Tech";"https://rtl.fr/actu/sciences-tech"
"RTL (FR)";"FR";"2026-10-02";"Arts Spectacles";"https://rtl.fr/culture/arts-spectacles"
"RTL (FR)";"FR";"2026-10-02";"Ciné Séries";"https://rtl.fr/culture/cine-series"
"RTL (FR)";"FR";"2026-10-02";"Médias et people";"https://rtl.fr/culture/medias-people"
"RTL (FR)";"FR";"2026-10-02";"Musique";"https://rtl.fr/culture/musique"
"RTL (FR)";"FR";"2026-10-02";"Culture Générale";"https://rtl.fr/culture/culture-generale"
"RTL (FR)";"FR";"2026-10-02";"Humour";"https://rtl.fr/culture/humour"
"RTL (FR)";"FR";"2026-10-02";"Histoire";"https://rtl.fr/culture/histoire"
"RTL (FR)";"FR";"2026-10-02";"Football";"https://rtl.fr/sport/football"
"RTL (FR)";"FR";"2026-10-02";"Autres sports";"https://rtl.fr/sport/autres-sports"
"France Inter (FR)";"FR";"2026-10-02";"Deux explorateurs sous les glaces de l'Antarctique";"https://radiofrance.fr/franceinter/podcasts/le-grand-portrait/le-grand-portrait-du-mercredi-30-septembre-2026-2550126"
"France Inter (FR)";"FR";"2026-10-02";"Les bienfaits de la méditation, avec Christophe André";"https://radiofrance.fr/franceinter/podcasts/grand-bien-vous-fasse/grand-bien-vous-fasse-du-vendredi-02-octobre-2026-9046553"
"France Inter (FR)";"FR";"2026-10-02";"Blocages dans les lycées : l'Union étudiante dénonce un ""écran de fumée"" après les annonces du ministre de l'Éducation";"https://radiofrance.fr/franceinter/podcasts/l-invite-de-7h50/l-invite-de-7h50-du-we-du-vendredi-02-octobre-2026-9873565"
"France Inter (FR)";"FR";"2026-10-02";"L'invité de 7h50";"https://radiofrance.fr/franceinter/podcasts/l-invite-de-7h50-du-week-end"
"France Inter (FR)";"FR";"2026-10-02";"Blocages dans les lycées : ""ça me terrifie, c'est dangereux"" l'inquiétude des parents";"https://radiofrance.fr/franceinter/podcasts/l-info-de-france-inter/blocages-dans-les-lycees-ca-me-terrifie-c-est-dangereux-l-inquietude-des-parents-5769570"
"France Inter (FR)";"FR";"2026-10-02";"L'info de France Inter";"https://radiofrance.fr/franceinter/podcasts/les-documents-france-inter"
"France Inter (FR)";"FR";"2026-10-02";"Soutien financier au Hamas et corruption présumée de proches de Netanyahou, enquête sur l’action secrète du Qatar";"https://radiofrance.fr/franceinter/podcasts/revelations/soutien-financier-au-hamas-et-corruption-presumee-de-proches-de-netanyahou-enquete-sur-l-action-secrete-du-qatar-7308982"
"France Inter (FR)";"FR";"2026-10-02";"""Des documents authentiques"" : Mediapart révèle les dessous de son enquête sur Jordan Bardella";"https://radiofrance.fr/franceinter/podcasts/l-info-de-france-inter/des-documents-authentiques-mediapart-revele-les-dessous-de-son-enquete-sur-jordan-bardella-7718987"
"France Inter (FR)";"FR";"2026-10-02";"Ryad Rani, président-lycéen déterminé";"https://radiofrance.fr/franceinter/podcasts/le-visage-de-la-semaine/le-visage-de-la-semaine-du-vendredi-02-octobre-2026-9965139"
"France Inter (FR)";"FR";"2026-10-02";"Cyberattaques : pourquoi la France est si vulnérable";"https://radiofrance.fr/franceinter/podcasts/revelations/revelations-partie-1-6059739"
"France Inter (FR)";"FR";"2026-10-02";"""Les choses que j’ai vécues, je ne voulais pas les garder pour moi"", Bernard-Henri Lévy publie ""Mémoires provisoires""";"https://radiofrance.fr/franceinter/podcasts/l-invite-de-8h20-le-grand-entretien/l-invite-de-8h20-le-grand-entretien-du-jeudi-01-octobre-2026-4806440"
"France Inter (FR)";"FR";"2026-10-02";"Propos antisémites attribués à Jordan Bardella : l'influence d'Alain Soral sur le Rassemblement national en question";"https://radiofrance.fr/franceinter/podcasts/l-info-de-france-inter/propos-antisemites-attribues-a-jordan-bardella-l-influence-d-alain-soral-sur-le-rn-en-question-2013952"
"France Inter (FR)";"FR";"2026-10-02";"Born Bad Records, 20 ans de liberté musicale";"https://radiofrance.fr/franceinter/podcasts/musicaline/musicaline-du-jeudi-01-octobre-2026-8416435"
"France Inter (FR)";"FR";"2026-10-02";"""Je l'ai étranglée donc elle n'a pas crié"", déclare Cédric Jubillar avant une nouvelle reconstitution";"https://radiofrance.fr/franceinter/podcasts/l-info-de-france-inter/je-l-ai-etranglee-donc-elle-n-a-pas-crie-declare-cedric-jubillar-avant-une-nouvelle-reconstitution-6175580"
"France Inter (FR)";"FR";"2026-10-02";"""Il n'y aura pas de taxe"" pour les industriels qui baisseront le taux de sucre, affirme la ministre de la Santé";"https://radiofrance.fr/franceinter/podcasts/l-invite-de-6h20/la-question-de-6h20-du-vendredi-02-octobre-2026-9779190"
"France Inter (FR)";"FR";"2026-10-02";"L'invité de 6h20";"https://radiofrance.fr/franceinter/podcasts/l-invite-de-6h20"
"France Inter (FR)";"FR";"2026-10-02";"Antoine Bristielle";"https://radiofrance.fr/franceinter/podcasts/l-invite-du-13-14/l-invite-du-13-14-du-jeudi-01-octobre-2026-1455315"
"France Inter (FR)";"FR";"2026-10-02";"L'invité du 13/14";"https://radiofrance.fr/franceinter/podcasts/l-invite-du-13h00"
"France Inter (FR)";"FR";"2026-10-02";"Mobilisation dans les lycées, Médiapart dévoile sa méthode, Jubillar : Le journal de 08h00 du vendredi 02 octobre 2026";"https://radiofrance.fr/franceinter/podcasts/le-journal-de-8h/le-journal-de-08h00-du-vendredi-02-octobre-2026-9107389"
"France Inter (FR)";"FR";"2026-10-02";"Le journal de 8h";"https://radiofrance.fr/franceinter/podcasts/le-journal-de-8h"
"France Inter (FR)";"FR";"2026-10-02";"""La Maison des os et de la pluie"", de Gabino Iglesias, une sombre histoire de vengeance à Porto Rico";"https://radiofrance.fr/franceinter/podcasts/le-polar-sonne-toujours-2-fois/le-polar-sonne-toujours-2-fois-du-jeudi-17-septembre-2026-2291630"
"France Inter (FR)";"FR";"2026-10-02";"Lilia Hassaine";"https://radiofrance.fr/franceinter/podcasts/rien-ne-s-oppose-a-la-nuit/rien-ne-s-oppose-a-la-nuit-du-lundi-31-aout-2026-3444181"
"France Inter (FR)";"FR";"2026-10-02";"Yannick Haenel : ""La rupture, c'est le début de la vocation""";"https://radiofrance.fr/franceinter/podcasts/le-grand-portrait/le-grand-portrait-du-lundi-07-septembre-2026-9287050"
"France Inter (FR)";"FR";"2026-10-02";"""C'était ça ou mourir"" de Thelyson Orélien, exil et résilience";"https://radiofrance.fr/franceinter/podcasts/le-grand-portrait/le-grand-portrait-du-jeudi-03-septembre-2026-5280607"
"France Inter (FR)";"FR";"2026-10-02";"""Une éclaircie"" de Jean-Baptiste Del Amo : comment son corps a changé son regard sur le monde";"https://radiofrance.fr/franceinter/podcasts/l-invite-de-7h50-du-week-end/l-invite-de-7h50-du-we-du-dimanche-30-aout-2026-2767136"
"France Inter (FR)";"FR";"2026-10-02";"Jean-Philippe Toussaint publie ""La Hantise""";"https://radiofrance.fr/franceinter/podcasts/le-grand-atelier/le-grand-atelier-du-dimanche-30-aout-2026-1560875"
"France Inter (FR)";"FR";"2026-10-02";"Adèle Haenel pour son livre ""Viser juste"" : des mots pour penser le réel";"https://radiofrance.fr/franceinter/podcasts/totemic/totemic-du-vendredi-28-aout-2026-9167302"
"France Inter (FR)";"FR";"2026-10-02";"""À voix haute"" : l'enquête familiale de Polina Panassenko à l'époque de la Russie stalinienne a séduit Le Masque";"https://radiofrance.fr/franceinter/podcasts/le-masque-et-la-plume/a-voix-haute-de-polina-panassenko-2511870"
"France Inter (FR)";"FR";"2026-10-02";"""Ce qui nous frôle sous la surface"" de Colum McCann : le Masque a eu du mal à retenir sa respiration";"https://radiofrance.fr/franceinter/podcasts/le-masque-et-la-plume/ce-qui-nous-frole-sous-la-surface-de-colum-mccann-8357623"
"France Inter (FR)";"FR";"2026-10-02";"""Rien ne justifie que l'on tienne des propos antisémites"", selon la directrice de recherche au CNRS Perrine Simon-Nahum";"https://radiofrance.fr/franceinter/podcasts/le-8h20-du-week-end/le-grand-entretien-du-vendredi-02-octobre-2026-1438431"
"France Inter (FR)";"FR";"2026-10-02";"Le 8h20 du week-end";"https://radiofrance.fr/franceinter/podcasts/l-invite-du-week-end"
"France Inter (FR)";"FR";"2026-10-02";"Affaire Bardella, le RN a t-il vraiment changé ?";"https://radiofrance.fr/franceinter/podcasts/l-edito-politique/l-edito-politique-du-jeudi-01-octobre-2026-5342647"
"France Inter (FR)";"FR";"2026-10-02";"L'Édito politique";"https://radiofrance.fr/franceinter/podcasts/l-edito-politique"
"France Inter (FR)";"FR";"2026-10-02";"Recto-Verso";"https://radiofrance.fr/franceinter/podcasts/recto-verso"
"France Inter (FR)";"FR";"2026-10-02";"Le 6/9";"https://radiofrance.fr/franceinter/podcasts/le-6-9"
"France Inter (FR)";"FR";"2026-10-02";"Franc-jeu";"https://radiofrance.fr/franceinter/podcasts/franc-jeu"
"France Inter (FR)";"FR";"2026-10-02";"Franche culture";"https://radiofrance.fr/franceinter/podcasts/franche-culture"
"France Inter (FR)";"FR";"2026-10-02";"Les ailes de géant";"https://radiofrance.fr/franceinter/podcasts/les-ailes-de-geant"
"France Inter (FR)";"FR";"2026-10-02";"Le 18/20";"https://radiofrance.fr/franceinter/podcasts/le-18-20"
"France Inter (FR)";"FR";"2026-10-02";"C'est loin mais c'est beau";"https://radiofrance.fr/franceinter/podcasts/c-est-loin-mais-c-est-beau"
"France Inter (FR)";"FR";"2026-10-02";"Le Billet de Thomas Poitevin";"https://radiofrance.fr/franceinter/podcasts/vero-la-gestionnaire-de-communautes"
"France Inter (FR)";"FR";"2026-10-02";"Rien ne s'oppose à la nuit";"https://radiofrance.fr/franceinter/podcasts/rien-ne-s-oppose-a-la-nuit"
"France Inter (FR)";"FR";"2026-10-02";"La chronique de Samuel Jensky";"https://radiofrance.fr/franceinter/podcasts/la-chronique-de-samuel-jensky"
"France Inter (FR)";"FR";"2026-10-02";"La chronique de Camille Tissot";"https://radiofrance.fr/franceinter/podcasts/la-chronique-de-camille-tissot"
"France Inter (FR)";"FR";"2026-10-02";"Nos vies numériques";"https://radiofrance.fr/franceinter/podcasts/nos-vies-numeriques"
"France Inter (FR)";"FR";"2026-10-02";"La Revue de presse";"https://radiofrance.fr/franceinter/podcasts/la-revue-de-presse"
"France Inter (FR)";"FR";"2026-10-02";"Tout va trop vite";"https://radiofrance.fr/franceinter/podcasts/les-histoires-du-monde"
"France Inter (FR)";"FR";"2026-10-02";"Le Billet de Jessé";"https://radiofrance.fr/franceinter/podcasts/la-chronique-de-jesse"
"France Inter (FR)";"FR";"2026-10-02";"L'édito de Dov Alfon";"https://radiofrance.fr/franceinter/podcasts/dov-alfon-en-toute-subjectivite"
"France Inter (FR)";"FR";"2026-10-02";"Soft planète";"https://radiofrance.fr/franceinter/podcasts/soft-planete"
"France Inter (FR)";"FR";"2026-10-02";"Un jeudi soir sur la terre";"https://radiofrance.fr/franceinter/podcasts/un-jeudi-soir-sur-la-terre"
"France Inter (FR)";"FR";"2026-10-02";"Le petit carnet de campagne";"https://radiofrance.fr/franceinter/podcasts/petits-carnets-de-campagne"
"France Inter (FR)";"FR";"2026-10-02";"Chez la belle-famille";"https://radiofrance.fr/franceinter/podcasts/chez-la-belle-famille"
"France Inter (FR)";"FR";"2026-10-02";"Le jeune homme qui défiait le Kremlin";"https://radiofrance.fr/franceinter/podcasts/serie-le-jeune-homme-qui-defiait-le-kremlin"
"France Inter (FR)";"FR";"2026-10-02";"Le Masque et Annie Ernaux";"https://radiofrance.fr/franceinter/podcasts/serie-le-masque-et-annie-ernaux"
"France Inter (FR)";"FR";"2026-10-02";"Comment la mode raconte notre histoire ?";"https://radiofrance.fr/franceinter/podcasts/serie-comment-la-mode-raconte-notre-histoire"
"France Inter (FR)";"FR";"2026-10-02";"Charline au Havre";"https://radiofrance.fr/franceinter/podcasts/serie-charline-au-havre"
"France Inter (FR)";"FR";"2026-10-02";"La forêt française a-t-elle une histoire ?";"https://radiofrance.fr/franceinter/podcasts/serie-la-foret-francaise-a-t-elle-une-histoire"
"France Inter (FR)";"FR";"2026-10-02";"Reines et Rois";"https://radiofrance.fr/franceinter/podcasts/reines-et-rois"
"France Inter (FR)";"FR";"2026-10-02";"""Verity"" : méfiez-vous des apparences";"https://radiofrance.fr/franceinter/podcasts/capture-d-ecrans/capture-d-ecrans-du-vendredi-02-octobre-2026-1840766"
"France Inter (FR)";"FR";"2026-10-02";"Capture d'écrans";"https://radiofrance.fr/franceinter/podcasts/capture-d-ecrans"
"France Inter (FR)";"FR";"2026-10-02";"""Notre Salut"", ""Mémoire de fille"" et ""Le monde à l'endroit"" : les sorties ciné de la semaine";"https://radiofrance.fr/franceinter/podcasts/cine-mercredi/mercredi-cinema-du-mercredi-30-septembre-2026-8341189"
"France Inter (FR)";"FR";"2026-10-02";"Ciné mercredi";"https://radiofrance.fr/franceinter/podcasts/mercredi-cinema"
"France Inter (FR)";"FR";"2026-10-02";"Guerre civile en Birmanie : le récit de l'après-Aung San Suu Kyi";"https://radiofrance.fr/franceinter/podcasts/l-info-de-france-inter/guerre-civile-en-birmanie-le-recit-de-l-apres-aung-san-suu-kyi-4840303"
"France Inter (FR)";"FR";"2026-10-02";"Iyad Ag Ghali, le djihadiste qui défie le Mali";"https://radiofrance.fr/franceinter/podcasts/l-info-de-france-inter/iyad-ag-ghali-le-djihadiste-qui-defile-le-mali-4200074"
"France Inter (FR)";"FR";"2026-10-02";"Poutine, le tsar soviétique";"https://radiofrance.fr/franceinter/podcasts/serie-poutine-le-tsar-sovietique"
"France Inter (FR)";"FR";"2026-10-02";"Alfred Dreyfus, le combat de la République";"https://radiofrance.fr/franceinter/podcasts/serie-alfred-dreyfus-le-combat-de-la-republique"
"France Inter (FR)";"FR";"2026-10-02";"Simone de Beauvoir, itinéraire d'une jeune fille rangée";"https://radiofrance.fr/franceinter/podcasts/serie-simone-de-beauvoir-itineraire-d-une-jeune-fille-rangee"
"France Inter (FR)";"FR";"2026-10-02";"Sigmaringen, le crépuscule des bourreaux";"https://radiofrance.fr/franceinter/podcasts/serie-le-crepuscule-des-bourreaux"
"France Inter (FR)";"FR";"2026-10-02";"Mafia - Meurtres et trahisons : histoires de familles";"https://radiofrance.fr/franceinter/podcasts/serie-mafia-meurtres-et-trahisons-histoires-de-familles"
"France Inter (FR)";"FR";"2026-10-02";"Musique !";"https://radiofrance.fr/franceinter/podcasts/serie-musique"
"France Inter (FR)";"FR";"2026-10-02";"Cache-cache";"https://radiofrance.fr/franceinter/podcasts/serie-cache-cache"
"France Inter (FR)";"FR";"2026-10-02";"C'est la rentrée des P'tits Bateaux";"https://radiofrance.fr/franceinter/podcasts/serie-c-est-la-rentree-des-p-tits-bateaux"
"France Inter (FR)";"FR";"2026-10-02";"Tina et les boucliers de Mars";"https://radiofrance.fr/franceinter/podcasts/serie-tina-et-les-boucliers-de-mars"
"France Inter (FR)";"FR";"2026-10-02";"Les aventures du professeur Caillou";"https://radiofrance.fr/franceinter/podcasts/les-aventures-du-professeur-caillou"
"France Inter (FR)";"FR";"2026-10-02";"Bestioles, nouveaux épisodes !";"https://radiofrance.fr/franceinter/podcasts/bestioles"
"France Inter (FR)";"FR";"2026-10-02";"Une histoire et... Oli, nouveaux épisodes !";"https://radiofrance.fr/franceinter/podcasts/une-histoire-et-oli"
"France Inter (FR)";"FR";"2026-10-02";"Les Odyssées, nouveaux épisodes !";"https://radiofrance.fr/franceinter/podcasts/les-odyssees"
"France Inter (FR)";"FR";"2026-10-02";"Mini vulgaire : les véhicules";"https://radiofrance.fr/franceinter/podcasts/serie-mini-vulgaire-les-vehicules"
"France Inter (FR)";"FR";"2026-10-02";"Chuchote-moi une histoire";"https://radiofrance.fr/franceinter/podcasts/chuchote-moi-une-histoire"
"France Inter (FR)";"FR";"2026-10-02";"L'invité : l'archéologue Gérard Coulon";"https://radiofrance.fr/franceinter/podcasts/affaires-sensibles/affaires-sensibles-l-invite-du-jeudi-01-octobre-2026-3048450"
"France Inter (FR)";"FR";"2026-10-02";"Affaires sensibles";"https://radiofrance.fr/franceinter/podcasts/affaires-sensibles"
"France Inter (FR)";"FR";"2026-10-02";"L'histoire du faussaire Vrain-Lucas - Le récit";"https://radiofrance.fr/franceinter/podcasts/affaires-sensibles/affaires-sensibles-le-recit-du-jeudi-01-octobre-2026-1800870"
"France Inter (FR)";"FR";"2026-10-02";"Vrain-Lucas, le faussaire qui a berné le mathématicien  - L'intégrale";"https://radiofrance.fr/franceinter/podcasts/affaires-sensibles/affaires-sensibles-du-jeudi-01-octobre-2026-1776746"
"France Inter (FR)";"FR";"2026-10-02";"L'invité : Quentin Bruet-Ferréol, écrivain, auteur de ""Dieu est un voleur qui marche dans la nuit"" (Bouquins, 2022)";"https://radiofrance.fr/franceinter/podcasts/affaires-sensibles/affaires-sensibles-l-invite-du-mercredi-30-septembre-2026-9703090"
"France Inter (FR)";"FR";"2026-10-02";"Bestioles";"https://radiofrance.fr/franceinter/podcasts/bestioles"
"France Inter (FR)";"FR";"2026-10-02";"Les concerts d'Inter";"https://radiofrance.fr/franceinter/podcasts/les-concerts-d-inter"
"France Inter (FR)";"FR";"2026-10-02";"Révélations";"https://radiofrance.fr/franceinter/podcasts/revelations"
"France Inter (FR)";"FR";"2026-10-02";"Afghanistan, le tourisme sans les femmes";"https://radiofrance.fr/franceinter/podcasts/interception/interception-du-dimanche-08-mars-2026-4136320"
"France Inter (FR)";"FR";"2026-10-02";"Taylor Swift, le monde, ma fille et moi";"https://radiofrance.fr/franceinter/podcasts/taylor-swift-le-monde-ma-fille-et-moi"
"France Inter (FR)";"FR";"2026-10-02";"Les déportés";"https://radiofrance.fr/franceinter/podcasts/serie-les-deportes"
"France Inter (FR)";"FR";"2026-10-02";"Etats-Unis : ce pays qui marie ses enfants";"https://radiofrance.fr/franceinter/podcasts/interception/interception-du-dimanche-05-mars-2023-8505277"
"France Inter (FR)";"FR";"2026-10-02";"Sur les traces d'Ousmane Dembélé";"https://radiofrance.fr/franceinter/podcasts/serie-sur-les-traces-d-ousmane-dembele"
"France Inter (FR)";"FR";"2026-10-02";"Collégiennes à vendre";"https://radiofrance.fr/franceinter/podcasts/interception/interception-du-dimanche-12-octobre-2025-2574397"
"France Inter (FR)";"FR";"2026-10-02";"Les bienfaits de la méditation avec le docteur Christophe André";"https://radiofrance.fr/franceinter/podcasts/grand-bien-vous-fasse/grand-bien-vous-fasse-du-vendredi-02-octobre-2026-9046553"
"France Inter (FR)";"FR";"2026-10-02";"Grand bien vous fasse !";"https://radiofrance.fr/franceinter/podcasts/grand-bien-vous-fasse"
"France Inter (FR)";"FR";"2026-10-02";"Revue de presse : Le mouvement lycéen à la une";"https://radiofrance.fr/franceinter/podcasts/la-revue-de-presse/la-revue-de-presse-du-vendredi-02-octobre-2026-3347366"
"France Inter (FR)";"FR";"2026-10-02";"Mirabelle la belle";"https://radiofrance.fr/franceinter/podcasts/la-chronique-de-rebecca-balestra/rebecca-balestra-a-midi-10-en-franche-du-vendredi-02-octobre-2026-2640574"
"France Inter (FR)";"FR";"2026-10-02";"La chronique de Rébecca Balestra";"https://radiofrance.fr/franceinter/podcasts/la-drole-d-humeur-de-rebecca-balestra"
"France Inter (FR)";"FR";"2026-10-02";"Le poids d’être un prodige";"https://radiofrance.fr/franceinter/podcasts/noemie-pennacino-l-amie-de-la-franche/noemie-pennacino-l-amie-de-la-franche-du-vendredi-02-octobre-2026-6659515"
"France Inter (FR)";"FR";"2026-10-02";"Noémie Pennacino : l’amie de la Franche";"https://radiofrance.fr/franceinter/podcasts/noemie-pennacino-l-amie-de-la-franche"
"France Inter (FR)";"FR";"2026-10-02";"Daniel Morin en liberté : Tom Baldetti, M. Doute";"https://radiofrance.fr/franceinter/podcasts/daniel-morin-en-liberte/daniel-morin-en-liberte-du-vendredi-02-octobre-2026-1896133"
"France Inter (FR)";"FR";"2026-10-02";"Daniel Morin en liberté";"https://radiofrance.fr/franceinter/podcasts/daniel-morin"
"France Inter (FR)";"FR";"2026-10-02";"Sous battle d’aura";"https://radiofrance.fr/franceinter/podcasts/la-chronique-de-samuel-jensky/samuel-jensky-la-franche-touch-du-vendredi-02-octobre-2026-9783421"
"France Inter (FR)";"FR";"2026-10-02";"Les recos de coco de Xavier";"https://radiofrance.fr/franceinter/podcasts/la-chronique-de-xavier-leherpeur/face-a-la-franche-xavier-leherpeur-du-vendredi-02-octobre-2026-3533657"
"France Inter (FR)";"FR";"2026-10-02";"La chronique de Xavier Leherpeur";"https://radiofrance.fr/franceinter/podcasts/xavier-leherpeur"
"France Inter (FR)";"FR";"2026-10-02";"L'exécution ratée d'une femme aux Etats-Unis relance le débat sur la peine de mort";"https://radiofrance.fr/franceinter/podcasts/geopolitique/geopolitique-du-vendredi-02-octobre-2026-5635200"
"France Inter (FR)";"FR";"2026-10-02";"Géopolitique";"https://radiofrance.fr/franceinter/podcasts/geopolitique"
"France Inter (FR)";"FR";"2026-10-02";"Les punchlines de la philo du vendredi 02 octobre 2026";"https://radiofrance.fr/franceinter/podcasts/les-punchlines-de-la-philo/les-punchlines-de-la-philo-du-vendredi-02-octobre-2026-7175079"
"France Inter (FR)";"FR";"2026-10-02";"La petite philosophie du quotidien";"https://radiofrance.fr/franceinter/podcasts/philosophie"
"France Inter (FR)";"FR";"2026-10-02";"Analyse du projet de budget 2027";"https://radiofrance.fr/franceinter/podcasts/l-edito-eco-vsd/l-economie-vue-par-du-vendredi-02-octobre-2026-8674095"
"France Inter (FR)";"FR";"2026-10-02";"L'édito éco VSD";"https://radiofrance.fr/franceinter/podcasts/l-economie-vue-par"
"France Inter (FR)";"FR";"2026-10-02";"Amélioration de la qualité de l’air à Paris : des solutions existent !";"https://radiofrance.fr/franceinter/podcasts/tout-va-bien-dans-ce-monde/tout-va-bien-dans-ce-monde-du-jeudi-01-octobre-2026-2796916"
"France Inter (FR)";"FR";"2026-10-02";"Tout va bien dans ce monde";"https://radiofrance.fr/franceinter/podcasts/tout-va-bien-dans-ce-monde"
"France Inter (FR)";"FR";"2026-10-02";"Non, l'humain ne descend toujours pas du singe : il en est un";"https://radiofrance.fr/franceinter/podcasts/la-terre-au-carre/la-terre-au-carre-du-jeudi-01-octobre-2026-5419121"
"France Inter (FR)";"FR";"2026-10-02";"La Terre au carré";"https://radiofrance.fr/franceinter/podcasts/la-terre-au-carre"
"France Inter (FR)";"FR";"2026-10-02";"Gironde : une serre-laboratoire pour étudier le nématode du pin, qui menace les forêts";"https://radiofrance.fr/franceinter/podcasts/carnets-de-campagne/carnets-de-campagne-du-jeudi-01-octobre-2026-7040492"
"France Inter (FR)";"FR";"2026-10-02";"Carnets de campagne";"https://radiofrance.fr/franceinter/podcasts/carnets-de-campagne"
"France Inter (FR)";"FR";"2026-10-02";"Grandes lignes : le projet de LGV Bordeaux-Toulouse relance le débat sur le modèle ferroviaire";"https://radiofrance.fr/franceinter/podcasts/debout-la-terre/debout-la-terre-du-jeudi-01-octobre-2026-2173735"
"France Inter (FR)";"FR";"2026-10-02";"Debout la Terre";"https://radiofrance.fr/franceinter/podcasts/la-lutte-enchantee"
"France Inter (FR)";"FR";"2026-10-02";"Dans le Var après les incendies, ""il est urgent d'intervenir"" car avec la pluie les arbres menacent de s'effondrer";"https://radiofrance.fr/franceinter/podcasts/france-inter-sur-le-terrain/reportage-france-inter-sur-le-terrain-du-jeudi-01-octobre-2026-8850812"
"France Inter (FR)";"FR";"2026-10-02";"France Inter sur le terrain";"https://radiofrance.fr/franceinter/podcasts/grand-angle"
"France Inter (FR)";"FR";"2026-10-02";"Robert Pirès, à quelques jours de son jubilé : ""Metz est l'emblème de ce qui m'a permis de réaliser ma carrière""";"https://radiofrance.fr/franceinter/podcasts/zoom-zoom-zen/zoom-zoom-zen-du-jeudi-01-octobre-2026-6796235"
"France Inter (FR)";"FR";"2026-10-02";"Zoom Zoom Zen";"https://radiofrance.fr/franceinter/podcasts/zoom-zoom-zen"
"France Inter (FR)";"FR";"2026-10-02";"Comment réconcilier le corps et l'esprit ?";"https://radiofrance.fr/franceinter/podcasts/grand-bien-vous-fasse/grand-bien-vous-fasse-du-jeudi-01-octobre-2026-5104908"
"France Inter (FR)";"FR";"2026-10-02";"Anne Godard : ""On apprend aux enfants que ce n'est pas eux qui décident ce qu'il advient de leur corps""";"https://radiofrance.fr/franceinter/podcasts/le-grand-portrait/le-grand-portrait-du-jeudi-01-octobre-2026-3422657"
"France Inter (FR)";"FR";"2026-10-02";"Le Grand portrait";"https://radiofrance.fr/franceinter/podcasts/l-invite-de-9h10"
"France Inter (FR)";"FR";"2026-10-02";"Un ministre peut-il manifester et faire grève ?";"https://radiofrance.fr/franceinter/podcasts/les-p-tits-bateaux/les-p-tits-bateaux-du-mercredi-30-septembre-2026-2508366"
"France Inter (FR)";"FR";"2026-10-02";"Les P'tits Bateaux";"https://radiofrance.fr/franceinter/podcasts/les-p-tits-bateaux"
"France Inter (FR)";"FR";"2026-10-02";"Micro-dramas et fictions verticales, ces séries de 3 minutes sur smartphone";"https://radiofrance.fr/franceinter/podcasts/zoom-zoom-zen/zoom-zoom-zen-du-mercredi-30-septembre-2026-4761791"
"France Inter (FR)";"FR";"2026-10-02";"Assistants sexuels pour personnes handicapées : la fin du tabou ?";"https://radiofrance.fr/franceinter/podcasts/le-grand-reportage-de-france-inter/le-grand-reportage-du-jeudi-01-octobre-2026-1836469"
"France Inter (FR)";"FR";"2026-10-02";"Le Grand reportage de France Inter";"https://radiofrance.fr/franceinter/podcasts/le-zoom-de-la-redaction"
"France Inter (FR)";"FR";"2026-10-02";"""Le névrosé a laissé sa place au dépressif"", affirment l'analyste Jérôme Fourquet et le psychologue Ruben Rabinovitch";"https://radiofrance.fr/franceinter/podcasts/l-invite-de-8h20-le-grand-entretien/l-invite-de-8h20-le-grand-entretien-du-mercredi-30-septembre-2026-8803719"
"France Inter (FR)";"FR";"2026-10-02";"L'Invité de 8h20 : le grand entretien";"https://radiofrance.fr/franceinter/podcasts/l-invite-de-8h20-le-grand-entretien"
"France Inter (FR)";"FR";"2026-10-02";"""L'occasion d'être aidée"" : un parcours de soin dédié à la ménopause à Lyon";"https://radiofrance.fr/franceinter/podcasts/le-grand-reportage-de-france-inter/le-grand-reportage-du-mardi-29-septembre-2026-8163270"
"France Inter (FR)";"FR";"2026-10-02";"Le petit-dej et le monde du rock, du jazz ou de la soul, ça fait deux";"https://radiofrance.fr/franceinter/podcasts/la-chronique-de-djubaka/la-chronique-musicale-de-djubaka-du-dimanche-27-septembre-2026-9277738"
"France Inter (FR)";"FR";"2026-10-02";"La chronique de Djubaka";"https://radiofrance.fr/franceinter/podcasts/la-chronique-de-djubaka"
"France Inter (FR)";"FR";"2026-10-02";"France-Italie : je t’aime, moi non plus";"https://radiofrance.fr/franceinter/podcasts/l-edito-sport/la-chronique-de-nathalie-iannetta-du-vendredi-02-octobre-2026-6980426"
"France Inter (FR)";"FR";"2026-10-02";"L'Édito sport";"https://radiofrance.fr/franceinter/podcasts/la-chronique-de-nathalie-iannetta"
"France Inter (FR)";"FR";"2026-10-02";"Marc Haziza, ex-skateur professionnel : ""Les chutes sont normales et ne doivent pas décourager""";"https://radiofrance.fr/franceinter/podcasts/esprit-sport/esprit-sport-du-vendredi-02-octobre-2026-8375280"
"France Inter (FR)";"FR";"2026-10-02";"Esprit sport";"https://radiofrance.fr/franceinter/podcasts/esprit-sport"
"France Inter (FR)";"FR";"2026-10-02";"David Aubert, skateur, sur la professionnalisation : ""C'est la débrouille le skate !""";"https://radiofrance.fr/franceinter/podcasts/esprit-sport/esprit-sport-du-jeudi-01-octobre-2026-3529059"
"France Inter (FR)";"FR";"2026-10-02";"Melha Bedia et le rap, c'est ringard ?";"https://radiofrance.fr/franceinter/podcasts/franche-culture/franche-culture-du-vendredi-02-octobre-2026-7080238"
"France Culture (FR)";"FR";"2026-10-02";"Du compromis à la révolte, que ferait Albert Camus s'il accédait au pouvoir ?";"https://radiofrance.fr/franceculture/podcasts/les-philosophes-au-pouvoir/albert-camus-redonnons-du-sens-au-monde-7916424"
"France Culture (FR)";"FR";"2026-10-02";"Blocus des lycées : Matignon accuse LFI d’avoir organisé le mouvement";"https://radiofrance.fr/franceculture/podcasts/journal-de-18h/journal-de-18h-emission-du-jeudi-01-octobre-2026-1155716"
"France Culture (FR)";"FR";"2026-10-02";"Journal de 18h";"https://radiofrance.fr/franceculture/podcasts/journal-de-18h"
"France Culture (FR)";"FR";"2026-10-02";"Brésil : les blessures d’une démocratie";"https://radiofrance.fr/franceculture/podcasts/serie-bresil-les-blessures-d-une-democratie"
"France Culture (FR)";"FR";"2026-10-02";"Brésil : à la veille des élections, la question du surendettement qui a augmenté sous Lula";"https://radiofrance.fr/franceculture/podcasts/le-journal-de-l-eco/bresil-a-la-veille-des-elections-la-question-du-surendettement-qui-a-augmente-sous-lula-5269473"
"France Culture (FR)";"FR";"2026-10-02";"Cisjordanie : cartographier la colonisation israélienne";"https://radiofrance.fr/franceculture/podcasts/les-enjeux-internationaux/cisjordanie-cartographier-la-colonisation-israelienne-5215399"
"France Culture (FR)";"FR";"2026-10-02";"Lycées en révolte, reflet d'un système à bout de souffle";"https://radiofrance.fr/franceculture/podcasts/education-le-grand-debat/l-ecole-a-bout-de-souffle-1348260"
"France Culture (FR)";"FR";"2026-10-02";"Baguettes et controverses : l’histoire mouvementée du pain blanc en France";"https://radiofrance.fr/franceculture/podcasts/les-chantiers-de-la-recherche/baguettes-et-controverses-l-histoire-mouvementee-du-pain-blanc-en-france-1442854"
"France Culture (FR)";"FR";"2026-10-02";"Javier Milei, l'ultra-libéral argentin";"https://radiofrance.fr/franceculture/podcasts/serie-javier-milei-l-ultra-liberal-argentin"
"France Culture (FR)";"FR";"2026-10-02";"La guerre de demain se jouera-t-elle dans les fonds marins ?";"https://radiofrance.fr/franceculture/podcasts/les-enjeux-internationaux/la-guerre-de-demain-se-jouera-t-elle-dans-les-fonds-marins-4911806"
"France Culture (FR)";"FR";"2026-10-02";"Gadi Eisenkot, le général qui défie Netanyahou";"https://radiofrance.fr/franceculture/podcasts/serie-gadi-eisenkot-le-general-qui-defie-netanyahou"
"France Culture (FR)";"FR";"2026-10-02";"""Le Grand Monde"" de Pierre Lemaitre";"https://radiofrance.fr/franceculture/podcasts/serie-le-grand-monde-de-pierre-lemaitre"
"France Culture (FR)";"FR";"2026-10-02";"L'armée israélienne accuse les réalisateurs du documentaire NAZA de ""manipuler la réalité""";"https://radiofrance.fr/franceculture/podcasts/la-revue-de-presse-internationale/la-revue-de-presse-internationale-emission-du-vendredi-02-octobre-2026-4898928"
"France Culture (FR)";"FR";"2026-10-02";"La Revue de presse internationale";"https://radiofrance.fr/franceculture/podcasts/revue-de-presse-internationale"
"France Culture (FR)";"FR";"2026-10-02";"Les Enjeux internationaux";"https://radiofrance.fr/franceculture/podcasts/les-enjeux-internationaux"
"France Culture (FR)";"FR";"2026-10-02";"Le Journal de l'éco";"https://radiofrance.fr/franceculture/podcasts/le-journal-de-l-eco"
"France Culture (FR)";"FR";"2026-10-02";"'Wanted', une campagne de recherche ""collective"" de plus de 420 tableaux volés au musée des Beaux-Arts d'Orléans";"https://radiofrance.fr/franceculture/podcasts/l-info-culturelle-reportages-enquetes-analyses/wanted-une-campagne-de-recherche-collective-de-plus-de-420-tableaux-voles-au-musee-des-beaux-arts-d-orleans-8413560"
"France Culture (FR)";"FR";"2026-10-02";"L'Info culturelle : reportages, enquêtes, analyses";"https://radiofrance.fr/franceculture/podcasts/l-actualite-culturelle-reportages-enquetes-analyses"
"France Culture (FR)";"FR";"2026-10-02";"Journal de 8h45";"https://radiofrance.fr/franceculture/podcasts/journal-de-8h45"
"France Culture (FR)";"FR";"2026-10-02";"Tuer la mère, sauver sa peau, avec Louise Chennevière";"https://radiofrance.fr/franceculture/podcasts/le-book-club/tuer-la-mere-sauver-sa-peau-avec-louise-chenneviere-3624540"
"France Culture (FR)";"FR";"2026-10-02";"Phœbe Hadjimarkos Clarke, écrivaine : “Il m’est impossible d’écrire un roman sans fantastique déguisé”";"https://radiofrance.fr/franceculture/podcasts/les-midis-de-culture-l-invite-e/phoebe-hadjimarkos-clarke-traverse-les-frontieres-avec-le-livre-des-souterrains-1020724"
"France Culture (FR)";"FR";"2026-10-02";"L'or du démon : rencontre avec Ian McGuire";"https://radiofrance.fr/franceculture/podcasts/mauvais-genres/l-or-du-demon-rencontre-avec-ian-mcguire-9391974"
"France Culture (FR)";"FR";"2026-10-02";"Kae Tempest : retour au roman";"https://radiofrance.fr/franceculture/podcasts/le-book-club/kae-tempest-retour-au-roman-2794282"
"France Culture (FR)";"FR";"2026-10-02";"""Nous aussi"" d'Anne Godard : la force du ""on""";"https://radiofrance.fr/franceculture/podcasts/le-regard-culturel/le-regard-culturel-chronique-du-mercredi-09-septembre-2026-5280197"
"France Culture (FR)";"FR";"2026-10-02";"Antoine Volodine et les 11 romans d'Infernus Johannes : le post-exotisme, bouquet final";"https://radiofrance.fr/franceculture/podcasts/mauvais-genres/operation-volodine-le-post-exotisme-bouquet-final-1076220"
"France Culture (FR)";"FR";"2026-10-02";"""Debout dans tes rêves"" d'Abdellah Taïa, une histoire d'amitié";"https://radiofrance.fr/franceculture/podcasts/le-book-club/promesses-avec-abdellah-taia-4947356"
"France Culture (FR)";"FR";"2026-10-02";"""Mais que fait ce sang sur le pull de Jennifer ?"" de Lucie Rico, ou l’obsession d’une phrase inachevée";"https://radiofrance.fr/franceculture/podcasts/le-book-club/lucie-rico-ou-l-obsession-d-une-phrase-inachevee-4284547"
"France Culture (FR)";"FR";"2026-10-02";"Écrire l’inceste selon Daria Marx dans ""Tuer le vieux""";"https://radiofrance.fr/franceculture/podcasts/les-midis-de-culture/tuer-le-vieux-ecrire-l-inceste-selon-daria-marx-8396852"
"France Culture (FR)";"FR";"2026-10-02";"Premier roman : ""Abdallah Superstar"", un conte électro entre la France et Djibouti";"https://radiofrance.fr/franceculture/podcasts/l-invite-e-des-matins-d-ete/abdallah-superstar-un-conte-electro-entre-la-france-et-djibouti-3189093"
"France Culture (FR)";"FR";"2026-10-02";"Les Philosophes au pouvoir";"https://radiofrance.fr/franceculture/podcasts/les-philosophes-au-pouvoir"
"France Culture (FR)";"FR";"2026-10-02";"Le Cas de conscience";"https://radiofrance.fr/franceculture/podcasts/le-cas-de-conscience"
"France Culture (FR)";"FR";"2026-10-02";"Grand Angle";"https://radiofrance.fr/franceculture/podcasts/grand-angle-de-plan-large"
"France Culture (FR)";"FR";"2026-10-02";"Classe créative : le manager de la semaine";"https://radiofrance.fr/franceculture/podcasts/classe-creative-le-manager-de-la-semaine"
"France Culture (FR)";"FR";"2026-10-02";"Le Droit d'ailleurs";"https://radiofrance.fr/franceculture/podcasts/le-droit-d-ailleurs"
"France Culture (FR)";"FR";"2026-10-02";"Les Clés de l'enfance";"https://radiofrance.fr/franceculture/podcasts/les-cles-de-l-enfance"
"France Culture (FR)";"FR";"2026-10-02";"Les Mystères des lieux";"https://radiofrance.fr/franceculture/podcasts/les-mysteres-des-lieux"
"France Culture (FR)";"FR";"2026-10-02";"Le Film de la semaine";"https://radiofrance.fr/franceculture/podcasts/le-film-de-la-semaine-de-plan-large"
"France Culture (FR)";"FR";"2026-10-02";"Le Point culture XXL : l'agenda";"https://radiofrance.fr/franceculture/podcasts/le-point-culture-xxl-l-agenda"
"France Culture (FR)";"FR";"2026-10-02";"Au nom du droit";"https://radiofrance.fr/franceculture/podcasts/au-nom-du-droit"
"France Culture (FR)";"FR";"2026-10-02";"Questions du soir : le débat";"https://radiofrance.fr/franceculture/podcasts/le-temps-du-debat"
"France Culture (FR)";"FR";"2026-10-02";"Les Midis de Culture";"https://radiofrance.fr/franceculture/podcasts/les-midis-de-culture"
"France Culture (FR)";"FR";"2026-10-02";"Avec philosophie";"https://radiofrance.fr/franceculture/podcasts/avec-philosophie"
"France Culture (FR)";"FR";"2026-10-02";"Le Point idées : le journal des sciences sociales";"https://radiofrance.fr/franceculture/podcasts/le-point-idees"
"France Culture (FR)";"FR";"2026-10-02";"Les Matins";"https://radiofrance.fr/franceculture/podcasts/les-matins"
"France Culture (FR)";"FR";"2026-10-02";"Questions du soir : l'idée";"https://radiofrance.fr/franceculture/podcasts/l-idee-questions-du-soir"
"France Culture (FR)";"FR";"2026-10-02";"La Science, CQFD";"https://radiofrance.fr/franceculture/podcasts/la-science-cqfd"
"France Culture (FR)";"FR";"2026-10-02";"Cuicui, meuh, tagada, histoires d'animaux";"https://radiofrance.fr/franceculture/podcasts/serie-cuicui-meuh-tagada-histoires-d-animaux"
"France Culture (FR)";"FR";"2026-10-02";"Parasite(s)";"https://radiofrance.fr/franceculture/podcasts/serie-parasite-s"
"France Culture (FR)";"FR";"2026-10-02";"Chantal Goya, la Mylène Farmer des enfants";"https://radiofrance.fr/franceculture/podcasts/serie-chantal-goya-la-mylene-farmer-des-enfants"
"France Culture (FR)";"FR";"2026-10-02";"Belgique : l’extrême droite privée de direct";"https://radiofrance.fr/franceculture/podcasts/serie-belgique-l-extreme-droite-privee-de-direct"
"France Culture (FR)";"FR";"2026-10-02";"Sabrina Krief, sœur de primates";"https://radiofrance.fr/franceculture/podcasts/serie-sabrina-krief-soeur-de-primates"
"France Culture (FR)";"FR";"2026-10-02";"Les papes et la France";"https://radiofrance.fr/franceculture/podcasts/serie-les-papes-et-la-france"
"France Culture (FR)";"FR";"2026-10-02";"Qu'est-ce que l'infantisme ?";"https://radiofrance.fr/franceculture/podcasts/avec-philosophie/avec-philosophie-emission-du-lundi-21-septembre-2026-2794721"
"France Culture (FR)";"FR";"2026-10-02";"Alzheimer : comment faire face ?";"https://radiofrance.fr/franceculture/podcasts/serie-alzheimer-comment-faire-face"
"France Culture (FR)";"FR";"2026-10-02";"Confucius, un savoir-être sans confusion";"https://radiofrance.fr/franceculture/podcasts/serie-confucius-un-savoir-etre-sans-confusion"
"France Culture (FR)";"FR";"2026-10-02";"""Notre salut"" et l'obéissance anticipative";"https://radiofrance.fr/franceculture/podcasts/le-regard-culturel/le-regard-culturel-chronique-du-mercredi-30-septembre-2026-9787753"
"France Culture (FR)";"FR";"2026-10-02";"Le Regard culturel";"https://radiofrance.fr/franceculture/podcasts/la-critique"
"France Culture (FR)";"FR";"2026-10-02";"Religieuses, des histoires de sœurs";"https://radiofrance.fr/franceculture/podcasts/serie-religieuses-des-histoires-de-soeurs"
"France Culture (FR)";"FR";"2026-10-02";"L'Ardèche, le temps des communautés";"https://radiofrance.fr/franceculture/podcasts/serie-l-ardeche-le-temps-des-communautes"
"France Culture (FR)";"FR";"2026-10-02";"Au pays des songes, 2001-2026 (Israël-Palestine, archives oniriques)";"https://radiofrance.fr/franceculture/podcasts/serie-au-pays-des-songes-2001-2026-israel-palestine-archives-oniriques"
"France Culture (FR)";"FR";"2026-10-02";"François d'Assise, la sainteté est un sport de combat";"https://radiofrance.fr/franceculture/podcasts/serie-francois-d-assise-la-saintete-est-un-sport-de-combat"
"France Culture (FR)";"FR";"2026-10-02";"Les 2Be3 : étoiles filantes";"https://radiofrance.fr/franceculture/podcasts/serie-les-2be3-etoiles-filantes"
"France Culture (FR)";"FR";"2026-10-02";"Verdun 1916, au cœur d'une guerre totale";"https://radiofrance.fr/franceculture/podcasts/serie-verdun-1916-au-coeur-d-une-guerre-totale"
"France Culture (FR)";"FR";"2026-10-02";"La Joconde sort du silence";"https://radiofrance.fr/franceculture/podcasts/serie-la-joconde-sort-du-silence"
"France Culture (FR)";"FR";"2026-10-02";"Troubles dys : des vies à inventer";"https://radiofrance.fr/franceculture/podcasts/serie-troubles-dys-des-vies-a-inventer"
"France Culture (FR)";"FR";"2026-10-02";"Habiba Msika (1903-1930), une artiste libre aux multiples talents";"https://radiofrance.fr/franceculture/podcasts/toute-une-vie/habiba-msika-une-artiste-libre-aux-multiples-talents-6978561"
"France Culture (FR)";"FR";"2026-10-02";"Hans le Malin, le cheval qui savait lire et compter";"https://radiofrance.fr/franceculture/podcasts/serie-hans-le-malin-le-cheval-qui-savait-lire-et-compter"
"France Culture (FR)";"FR";"2026-10-02";"Les ultras de la collaboration";"https://radiofrance.fr/franceculture/podcasts/serie-les-ultras-de-la-collaboration"
"France Culture (FR)";"FR";"2026-10-02";"Catholiques de France, la tentation radicale";"https://radiofrance.fr/franceculture/podcasts/serie-catholiques-de-france-la-tentation-radicale"
"France Culture (FR)";"FR";"2026-10-02";"L'effet chat";"https://radiofrance.fr/franceculture/podcasts/serie-l-effet-chat"
"France Culture (FR)";"FR";"2026-10-02";"La trilogie des ""J'ai trop..."" de David Lescot";"https://radiofrance.fr/franceculture/podcasts/serie-la-trilogie-des-j-ai-trop-de-david-lescot"
"France Culture (FR)";"FR";"2026-10-02";"""Les Malheurs de Sophie, une comédie musicale"" de Sabine Zovighian et Michael Liot - Saison 2";"https://radiofrance.fr/franceculture/podcasts/serie-les-malheurs-de-sophie-une-comedie-musicale-de-sabine-zovighian-et-michael-liot-saison-2"
"France Culture (FR)";"FR";"2026-10-02";"""Le Petit Chaperon rouge"" de Pierre Senges, d’après le conte de Charles Perrault";"https://radiofrance.fr/franceculture/podcasts/fictions-theatre-et-cie/le-petit-chaperon-rouge-concert-fiction-de-pierre-senges-d-apres-le-conte-de-charles-perrault-1991892"
"France Culture (FR)";"FR";"2026-10-02";"Le Trésor de Rackham le Rouge : les Aventures de Tintin";"https://radiofrance.fr/franceculture/podcasts/serie-le-tresor-de-rackham-le-rouge-les-aventures-de-tintin"
"France Culture (FR)";"FR";"2026-10-02";"LSD, la série documentaire";"https://radiofrance.fr/franceculture/podcasts/lsd-la-serie-documentaire"
"France Culture (FR)";"FR";"2026-10-02";"La cavale de l'urne électorale";"https://radiofrance.fr/franceculture/podcasts/les-pieds-sur-terre/la-cavale-de-l-urne-electorale-5859915"
"France Culture (FR)";"FR";"2026-10-02";"Les Pieds sur terre";"https://radiofrance.fr/franceculture/podcasts/les-pieds-sur-terre"
"France Culture (FR)";"FR";"2026-10-02";"En trouple";"https://radiofrance.fr/franceculture/podcasts/les-pieds-sur-terre/en-trouple-6905943"
"France Culture (FR)";"FR";"2026-10-02";"Avenue Jean Moulin : Guerchy";"https://radiofrance.fr/franceculture/podcasts/les-pieds-sur-terre/avenue-jean-moulin-1-guerchy-9229685"
"France Culture (FR)";"FR";"2026-10-02";"Quand les scandales percutent la foi";"https://radiofrance.fr/franceculture/podcasts/les-pieds-sur-terre/quand-les-scandales-percutent-la-foi-9525936"
"France Culture (FR)";"FR";"2026-10-02";"Héroïne, le temps des seringues";"https://radiofrance.fr/franceculture/podcasts/serie-heroine-le-temps-des-seringues"
"France Culture (FR)";"FR";"2026-10-02";"Même pas mort";"https://radiofrance.fr/franceculture/podcasts/serie-meme-pas-mort"
"France Culture (FR)";"FR";"2026-10-02";"""Les Eloignés"" de Sophie Maurer";"https://radiofrance.fr/franceculture/podcasts/serie-les-eloignes-de-sophie-maurer"
"France Culture (FR)";"FR";"2026-10-02";"Vie de chien";"https://radiofrance.fr/franceculture/podcasts/serie-vie-de-chien"
"France Culture (FR)";"FR";"2026-10-02";"Mes années Boum, une enquête algérienne";"https://radiofrance.fr/franceculture/podcasts/serie-mes-annees-boum-une-enquete-algerienne"
"France Culture (FR)";"FR";"2026-10-02";"Concert-fiction : Blanche-Neige & sortilèges";"https://radiofrance.fr/franceculture/podcasts/fictions-theatre-et-cie/concert-fiction-blanche-neige-sortileges-3143340"
"France Culture (FR)";"FR";"2026-10-02";"Le journal de ma vie";"https://radiofrance.fr/franceculture/podcasts/serie-le-journal-de-ma-vie"
"France Culture (FR)";"FR";"2026-10-02";"""L'Homme invisible"" de H. G. Wells";"https://radiofrance.fr/franceculture/podcasts/serie-l-homme-invisible-de-h-g-wells"
"France Culture (FR)";"FR";"2026-10-02";"""AfficheTonEx"" de Romain Weber et Constance Vilanova";"https://radiofrance.fr/franceculture/podcasts/serie-affichetonex-ecrit-par-romain-weber"
"France Culture (FR)";"FR";"2026-10-02";"Fureurs";"https://radiofrance.fr/franceculture/podcasts/serie-fureurs"
"France Culture (FR)";"FR";"2026-10-02";"Amélie Nothomb aime les perroquets et le rock";"https://radiofrance.fr/franceculture/podcasts/le-point-culture-xxl-l-agenda/amelie-nothomb-aime-les-perroquets-et-le-rock-8149541"
"France Culture (FR)";"FR";"2026-10-02";"Cachez ces lesbiennes que l'on ne saurait voir";"https://radiofrance.fr/franceculture/podcasts/le-regard-culturel/le-regard-culturel-chronique-du-vendredi-02-octobre-2026-8655004"
"France Culture (FR)";"FR";"2026-10-02";"La physique fondamentale s'attaque à la fréquence optimale des bus";"https://radiofrance.fr/franceculture/podcasts/avec-sciences/la-physiques-fondamentale-s-attaque-a-la-frequence-optimale-des-bus-8144735"
"France Culture (FR)";"FR";"2026-10-02";"Avec sciences";"https://radiofrance.fr/franceculture/podcasts/le-journal-des-sciences"
"France Culture (FR)";"FR";"2026-10-02";"Table-ronde : La Roumanie vingt ans après l'intégration européenne";"https://radiofrance.fr/franceculture/podcasts/cultures-monde/table-ronde-la-roumanie-vingt-ans-apres-l-integration-europeenne-8300998"
"France Culture (FR)";"FR";"2026-10-02";"Cultures Monde";"https://radiofrance.fr/franceculture/podcasts/cultures-monde"
"France Culture (FR)";"FR";"2026-10-02";"Radiotočka, mémoire sonore de la Bulgarie communiste";"https://radiofrance.fr/franceculture/podcasts/cultures-monde/radiotocka-memoire-sonore-de-la-bulgarie-communiste-6170139"
"France Culture (FR)";"FR";"2026-10-02";"Retour de Bulgarie / La Roumanie vingt ans après l'intégration européenne";"https://radiofrance.fr/franceculture/podcasts/cultures-monde/retour-de-bulgarie-la-roumanie-vingt-ans-apres-l-integration-europeenne-6940550"
"France Culture (FR)";"FR";"2026-10-02";"La chronique du Grand Continent, chronique du vendredi 02 octobre 2026";"https://radiofrance.fr/franceculture/podcasts/la-chronique-du-grand-continent/la-chronique-du-grand-continent-chronique-du-vendredi-02-octobre-2026-6386480"
"France Culture (FR)";"FR";"2026-10-02";"La Chronique du Grand Continent";"https://radiofrance.fr/franceculture/podcasts/la-chronique-du-grand-continent"
"France Culture (FR)";"FR";"2026-10-02";"Faire une place au vide. Adèle Van Reeth est l’invitée des Matins";"https://radiofrance.fr/franceculture/podcasts/l-invite-e-des-matins/faire-une-place-au-vide-adele-van-reeth-est-l-invitee-des-matins-3567762"
"France Culture (FR)";"FR";"2026-10-02";"L'Invité(e) des Matins";"https://radiofrance.fr/franceculture/podcasts/l-invite-e-des-matins"
"France Culture (FR)";"FR";"2026-10-02";"Adèle Yon sur l'oeuvre de Sergueï Eisenstein";"https://radiofrance.fr/franceculture/podcasts/le-souffle-de-la-pensee/adele-yon-sur-l-oeuvre-de-serguei-eisenstein-9739083"
"France Culture (FR)";"FR";"2026-10-02";"Le Souffle de la pensée";"https://radiofrance.fr/franceculture/podcasts/le-souffle-de-la-pensee"
"France Culture (FR)";"FR";"2026-10-02";"Faux et usage de faux";"https://radiofrance.fr/franceculture/podcasts/les-mysteres-des-lieux/faux-et-usage-de-faux-9433552"
"France Culture (FR)";"FR";"2026-10-02";"Louis-Philippe réinvente le Moyen Âge";"https://radiofrance.fr/franceculture/podcasts/les-mysteres-des-lieux/louis-philippe-reinvente-le-moyen-age-8941186"
"France Culture (FR)";"FR";"2026-10-02";"Reconstruire le territoire après une catastrophe naturelle : le cas de Saint-Martin";"https://radiofrance.fr/franceculture/podcasts/les-chantiers-de-la-recherche/reconstruire-le-territoire-apres-une-catastrophe-naturelle-le-cas-de-saint-martin-8461647"
"France Culture (FR)";"FR";"2026-10-02";"Les Chantiers de la recherche";"https://radiofrance.fr/franceculture/podcasts/les-chantiers-de-la-recherche"
"France Culture (FR)";"FR";"2026-10-02";"Comment ramener le déficit à 5% en 2027 ?";"https://radiofrance.fr/franceculture/podcasts/journal-de-7-h/journal-de-7h-du-vendredi-02-octobre-2026-9896374"
"France Culture (FR)";"FR";"2026-10-02";"Journal de 7 h";"https://radiofrance.fr/franceculture/podcasts/journal-de-7-h"
"France Culture (FR)";"FR";"2026-10-02";"Point de vue animal, l’histoire dans le sens du poil";"https://radiofrance.fr/franceculture/podcasts/le-cours-de-l-histoire/point-de-vue-animal-l-histoire-dans-le-sens-du-poil-1516094"
"France Culture (FR)";"FR";"2026-10-02";"Le Cours de l'histoire";"https://radiofrance.fr/franceculture/podcasts/le-cours-de-l-histoire"
"France Culture (FR)";"FR";"2026-10-02";"L'inattendue contestation des lycéens";"https://radiofrance.fr/franceculture/podcasts/le-billet-politique/l-inattendue-contestation-des-lyceens-8964345"
"France Culture (FR)";"FR";"2026-10-02";"Le Billet politique";"https://radiofrance.fr/franceculture/podcasts/le-billet-politique"
"France Culture (FR)";"FR";"2026-10-02";"Ce que révèlent nos comportements alimentaires";"https://radiofrance.fr/franceculture/podcasts/les-bonnes-choses/presidentielle-quelle-place-pour-l-alimentation-7768970"
"France Culture (FR)";"FR";"2026-10-02";"Les Bonnes Choses";"https://radiofrance.fr/franceculture/podcasts/les-bonnes-choses"
"France Culture (FR)";"FR";"2026-10-02";"Les peintres écrivains 9/10 : Jean Dubuffet, 1ère Partie";"https://radiofrance.fr/franceculture/podcasts/les-nuits-de-france-culture/les-peintres-ecrivains-9-10-jean-dubuffet-1ere-partie-3923539"
"France Culture (FR)";"FR";"2026-10-02";"Les Nuits de France Culture";"https://radiofrance.fr/franceculture/podcasts/les-nuits-de-france-culture"
"ARTE (FR)";"FR";"2026-10-02";"Guide TV";"https://www.arte.tv/fr/guide/"
"ARTE (FR)";"FR";"2026-10-02";"[Vidéo/Article] La Derniere Heure";"https://www.arte.tv/fr/videos/RC-028079/la-derniere-heure/"
"ARTE (FR)";"FR";"2026-10-02";"En intégralitéLa dernière heureLa dernière heureUn huit-clos familialA peine arrivée dans son pays d’origine, Billie doit fuir. Elle a une heure pour percer ses secrets familiaux.Série";"https://www.arte.tv/fr/videos/RC-028079/la-derniere-heure/"
"ARTE (FR)";"FR";"2026-10-02";"Regarder";"https://www.arte.tv/fr/videos/RC-028079/la-derniere-heure/"
"ARTE (FR)";"FR";"2026-10-02";"Info";"https://www.arte.tv/fr/videos/info-et-societe/"
"ARTE (FR)";"FR";"2026-10-02";"Documentaires";"https://www.arte.tv/fr/videos/documentaires-et-reportages/"
"ARTE (FR)";"FR";"2026-10-02";"Séries";"https://www.arte.tv/fr/videos/series-et-fictions/"
"ARTE (FR)";"FR";"2026-10-02";"Émissions";"https://www.arte.tv/fr/videos/emissions/"
"ARTE (FR)";"FR";"2026-10-02";"Concert";"https://www.arte.tv/fr/videos/135044-000-A/catherine-ringer-chante-les-rita-mitsouko/"
"ARTE (FR)";"FR";"2026-10-02";"Hommage à Catherine RingerSon concert à la Philharmonie de ParisHommage à la légende de la pop hexagonale disparue ce 14 septembre. Replongez dans l'univers des Rita Mitsouko, capté en 2019.101 minConcert";"https://www.arte.tv/fr/videos/135044-000-A/catherine-ringer-chante-les-rita-mitsouko/"
"ARTE (FR)";"FR";"2026-10-02";"Regarder";"https://www.arte.tv/fr/videos/135044-000-A/catherine-ringer-chante-les-rita-mitsouko/"
"ARTE (FR)";"FR";"2026-10-02";"Bande-annonce";"https://www.arte.tv/fr/videos/135044-000-A/?trailer=true"
"ARTE (FR)";"FR";"2026-10-02";"Concert";"https://www.arte.tv/fr/videos/132676-000-A/raye-guests/"
"ARTE (FR)";"FR";"2026-10-02";"Raye & guestsAu Montreux Jazz Festival 2026À l'occasion de la 60e édition du Montreux Jazz Festival, Raye invite sur scène plusieurs stars internationales de la pop.115 minConcertSous-titres. Sous-titresVersion originale. Version originale";"https://www.arte.tv/fr/videos/132676-000-A/raye-guests/"
"ARTE (FR)";"FR";"2026-10-02";"Regarder";"https://www.arte.tv/fr/videos/132676-000-A/raye-guests/"
"ARTE (FR)";"FR";"2026-10-02";"Bande-annonce";"https://www.arte.tv/fr/videos/132676-000-A/?trailer=true"
"ARTE (FR)";"FR";"2026-10-02";"Concert";"https://www.arte.tv/fr/videos/134165-001-A/yael-naim-orange-blossom-et-robinson-khoury/"
"ARTE (FR)";"FR";"2026-10-02";"Les Concerts VolantsNouvelle soirée tout en couleursYael Naim, Orange Blossom et Robinson Khoury : trois univers musicaux métissés pour ce voyage avec les Concerts Volants.94 minConcert";"https://www.arte.tv/fr/videos/134165-001-A/yael-naim-orange-blossom-et-robinson-khoury/"
"ARTE (FR)";"FR";"2026-10-02";"Regarder";"https://www.arte.tv/fr/videos/134165-001-A/yael-naim-orange-blossom-et-robinson-khoury/"
"ARTE (FR)";"FR";"2026-10-02";"Série";"https://www.arte.tv/fr/videos/RC-024574/de-grace/"
"ARTE (FR)";"FR";"2026-10-02";"De grâceAvec Olivier Gourmet et Panayotis PascotUne tragédie familiale dans l’univers des dockers du Havre. Avec Olivier Gourmet.Série";"https://www.arte.tv/fr/videos/RC-024574/de-grace/"
"ARTE (FR)";"FR";"2026-10-02";"Regarder";"https://www.arte.tv/fr/videos/RC-024574/de-grace/"
"ARTE (FR)";"FR";"2026-10-02";"Bande-annonce";"https://www.arte.tv/fr/videos/RC-024574/?trailer=true"
"ARTE (FR)";"FR";"2026-10-02";"Concert";"https://www.arte.tv/fr/videos/133232-004-A/marguerite/"
"ARTE (FR)";"FR";"2026-10-02";"MargueriteLa révélation pop au Cabaret VertRévélée par la Star Academy, Marguerite livre une performance mêlant sensibilité, franchise et espièglerie.52 minConcert";"https://www.arte.tv/fr/videos/133232-004-A/marguerite/"
"ARTE (FR)";"FR";"2026-10-02";"Regarder";"https://www.arte.tv/fr/videos/133232-004-A/marguerite/"
"ARTE (FR)";"FR";"2026-10-02";"Concert";"https://www.arte.tv/fr/videos/133654-000-A/selah-sue-and-the-gallands/"
"ARTE (FR)";"FR";"2026-10-02";"Selah Sue and the GallandsSession en plein air au lac LémanPour sa 60e édition, le Montreux Jazz Festival dévoile une session live d’exception avec Selah Sue & The Gallands. 34 minConcert";"https://www.arte.tv/fr/videos/133654-000-A/selah-sue-and-the-gallands/"
"ARTE (FR)";"FR";"2026-10-02";"Regarder";"https://www.arte.tv/fr/videos/133654-000-A/selah-sue-and-the-gallands/"
"ARTE (FR)";"FR";"2026-10-02";"Votre prochaine série vous attend";"https://www.arte.tv/fr/videos/series-et-fictions/"
"ARTE (FR)";"FR";"2026-10-02";"Voir tout";"https://www.arte.tv/fr/videos/series-et-fictions/"
"ARTE (FR)";"FR";"2026-10-02";"Nos films à l'affiche";"https://www.arte.tv/fr/videos/cinema/"
"ARTE (FR)";"FR";"2026-10-02";"Voir tout";"https://www.arte.tv/fr/videos/cinema/"
"ARTE (FR)";"FR";"2026-10-02";"Les documentaires à ne pas manquer";"https://www.arte.tv/fr/videos/documentaires-et-reportages/"
"ARTE (FR)";"FR";"2026-10-02";"Voir tout";"https://www.arte.tv/fr/videos/documentaires-et-reportages/"
"ARTE (FR)";"FR";"2026-10-02";"Les expos de l'automne";"https://www.arte.tv/fr/videos/RC-028320/les-expos-de-la-rentree/"
"ARTE (FR)";"FR";"2026-10-02";"Voir tout";"https://www.arte.tv/fr/videos/RC-028320/les-expos-de-la-rentree/"
"ARTE (FR)";"FR";"2026-10-02";"Culture";"https://www.arte.tv/fr/videos/culture-et-pop/"
"ARTE (FR)";"FR";"2026-10-02";"Voir tout";"https://www.arte.tv/fr/videos/culture-et-pop/"
"ARTE (FR)";"FR";"2026-10-02";"Nos émissions en un coup d'œil";"https://www.arte.tv/fr/videos/emissions/"
"ARTE (FR)";"FR";"2026-10-02";"Voir tout";"https://www.arte.tv/fr/videos/emissions/"
"ARTE (FR)";"FR";"2026-10-02";"Histoire";"https://www.arte.tv/fr/videos/histoire/"
"ARTE (FR)";"FR";"2026-10-02";"Voir tout";"https://www.arte.tv/fr/videos/histoire/"
"ARTE (FR)";"FR";"2026-10-02";"Sciences et technologies";"https://www.arte.tv/fr/videos/sciences/"
"ARTE (FR)";"FR";"2026-10-02";"Voir tout";"https://www.arte.tv/fr/videos/sciences/"
"ARTE (FR)";"FR";"2026-10-02";"Les vidéos les plus vues";"https://www.arte.tv/fr/videos/plus-vues/"
"ARTE (FR)";"FR";"2026-10-02";"Voir tout";"https://www.arte.tv/fr/videos/plus-vues/"
"ARTE (FR)";"FR";"2026-10-02";"Catastrophe - Une série british sur les affres du couple";"https://www.arte.tv/fr/videos/RC-027959/catastrophe/"
"ARTE (FR)";"FR";"2026-10-02";"Taxe-moi, si tu peux ! - Les astuces fiscales des super-riches";"https://www.arte.tv/fr/videos/RC-027810/taxe-moi-si-tu-peux/"
"Time Magazine World (EN)";"EN";"2026-10-02";"What Trump Has Built";"https://time.com/article/2026/10/01/donald-trump-2026-interview/"
"Time Magazine World (EN)";"EN";"2026-10-02";"Fact-Checking What Trump Said in His Latest TIME Interview";"https://time.com/article/2026/10/01/donald-trump-2026-interview-fact-check/"
"Time Magazine World (EN)";"EN";"2026-10-02";"Donald Trump Has Appeared on the Cover of TIME More Than Anyone Else";"https://time.com/article/2026/10/01/donald-trump-2026-interview-cover/"
"Time Magazine World (EN)";"EN";"2026-10-02";"What the Flydubai Incident Reveals About When a Pilot Becomes the Threat";"https://time.com/article/2026/10/01/flydubai-incident-dubai-israel-cockpit-pilot-stabbing-plane-crash-attempt/"
"Time Magazine World (EN)";"EN";"2026-10-02";"How Trump Has Benefited From the Supreme Court ‘Shadow Docket’";"https://time.com/article/2026/10/01/supreme-court-shadow-docket-emergency-rulings-trump/"
"Time Magazine World (EN)";"EN";"2026-10-02";"Cornell Sex Assault Case Raises Questions About Title IX Accountability and New York’s Intoxicated Consent Law";"https://time.com/article/2026/09/30/cornell-fraternity-rape-case-title-ix-new-york-intoxicated-consent/"
"Time Magazine World (EN)";"EN";"2026-10-02";"Why the U.S. Must Simultaneously Compete—and Cooperate—With China on AI";"https://time.com/article/2026/10/01/the-u-s-must-compete-and-cooperate-with-china-on-ai/"
"Time Magazine World (EN)";"EN";"2026-10-02";"TIME100 Next 2026";"https://time.com/collection/time100-next/2026/"
"Time Magazine World (EN)";"EN";"2026-10-02";"Walking Faster May Help Reverse Frailty";"https://time.com/article/2026/09/30/walking-briskly-may-help-reverse-frailty/"
"Time Magazine World (EN)";"EN";"2026-10-02";"Why That Mucus in Your Throat Won’t Go Away";"https://time.com/article/2026/09/29/postnasal-drip-mucus-throat/"
"Time Magazine World (EN)";"EN";"2026-10-02";"Flying Doesn’t Have to Be This Miserable";"https://time.com/article/2026/09/29/flying-doesn-t-have-to-be-this-miserable/"
"Time Magazine World (EN)";"EN";"2026-10-02";"How to Talk to Your Child About Body Image";"https://time.com/article/2026/09/30/what-to-say-child-body-image/"
"Time Magazine World (EN)";"EN";"2026-10-02";"Amy Sherald Would Rather Walk Away Than Water Down Her ArtAmy Sherald Would Rather Walk Away Than Water Down Her Art";"https://time.com/collection/time100-art/2026/amy-sherald/"
"Time Magazine World (EN)";"EN";"2026-10-02";"Swizz Beatz and Alicia Keys";"https://time.com/collection/time100-art/2026/alicia-keys-and-swizz-beatz/"
"Time Magazine World (EN)";"EN";"2026-10-02";"Money Reveals What Kind of Friend You Are";"https://time.com/article/2026/09/28/money-reveals-what-kind-of-friend-you-are/"
"Time Magazine World (EN)";"EN";"2026-10-02";"The Case Against Pacing the AI Frontier";"https://time.com/article/2026/09/28/the-case-against-pacing-the-ai-frontier/"
"Time Magazine World (EN)";"EN";"2026-10-02";"How the War is Changing the Geography of Iran’s Influence";"https://time.com/article/2026/09/29/iran-war-houthis-red-sea-chokepoints-regional-influence/"
"Time Magazine World (EN)";"EN";"2026-10-02";"TIME100 Next 2026: The World's Most Influential Rising Stars";"https://time.com/collection/time100-next/2026/"
"Time Magazine World (EN)";"EN";"2026-10-02";"The Next Generation of Weight-Loss Drugs Is Almost Here";"https://time.com/article/2026/10/01/next-generation-of-weight-loss-drugs-is-almost-here/"
"Time Magazine World (EN)";"EN";"2026-10-02";"Children Are Back in School. Measles Is, Too";"https://time.com/article/2026/09/30/children-are-back-in-school-measles-is-too-debra-houry-essay/"
"Time Magazine World (EN)";"EN";"2026-10-02";"Eli Lilly’s Experimental Weight-Loss Drug Shows Promising Results";"https://time.com/article/2026/09/29/eli-lilly-triple-targeting-experimental-weight-loss-drug-promising-results/"
"Time Magazine World (EN)";"EN";"2026-10-02";"Six Flags Closes Its X2 Roller Coaster After Brain-Injury Lawsuits";"https://time.com/article/2026/09/29/six-flags-x2-roller-coaster-linked-to-brain-damage/"
"Time Magazine World (EN)";"EN";"2026-10-02";"Why You Should Make a Reverse Bucket List";"https://time.com/article/2026/09/29/reverse-bucket-list-benefits-how-to-make/"
"Time Magazine World (EN)";"EN";"2026-10-02";"The True Story Behind 'The Widower'";"https://time.com/article/2026/09/28/the-widower-thomas-randolph-netflix/"
"Time Magazine World (EN)";"EN";"2026-10-02";"The First Worthwhile 'Carrie' in 50 Years";"https://time.com/article/2026/10/01/carrie-mike-flanagan-review/"
"Time Magazine World (EN)";"EN";"2026-10-02";"The Story of 'The Swan: Behind the Mirror'";"https://time.com/article/2026/09/28/the-swan-behind-the-mirror-true-story/"
"Time Magazine World (EN)";"EN";"2026-10-02";"Tom Cruise Bloviates His Way Through the Aggressively Unfunny Digger";"https://time.com/article/2026/09/29/digger-review/"
"Time Magazine World (EN)";"EN";"2026-10-02";"Review: Ha-Chan, Shake Your Booty!";"https://time.com/article/2026/09/25/ha-chan-shake-your-booty-review/"
"Time Magazine World (EN)";"EN";"2026-10-02";"The True Story Behind 'Unabomber'";"https://time.com/article/2026/09/21/the-true-story-behind-unabomber-netflix-/"
"Time Magazine World (EN)";"EN";"2026-10-02";"'War' Doesn't Know Which Side It's On";"https://time.com/article/2026/09/25/war-review-hbo/"
"Time Magazine World (EN)";"EN";"2026-10-02";"How Google Is Quietly Turning Millions of People Into AI Users";"https://time.com/article/2026/09/29/google-search-ai-mode-chat/"
"Time Magazine World (EN)";"EN";"2026-10-02";"The Fight to Rein In AI Is Dividing Washington";"https://time.com/article/2026/09/25/ai-congress-regulation-safety-democrats-republicans/"
"Time Magazine World (EN)";"EN";"2026-10-02";"Trump and Xi Meet Ahead of State Dinner With A.I. Leaders";"https://time.com/article/2026/09/24/Trump-Xi-meeting-White-House-2026-AI-trade-Iran/"
"Time Magazine World (EN)";"EN";"2026-10-02";"AI Arrived at the Worst Possible Moment";"https://time.com/article/2026/09/24/ai-arrived-at-the-worst-possible-moment/"
"Time Magazine World (EN)";"EN";"2026-10-02";"Australia Condemns ‘Unacceptable’ OpenAI Breach of Government Health Portal";"https://time.com/article/2026/09/24/australia-condemns-unacceptable-openai-breach-of-government-health-portal/"
"Time Magazine World (EN)";"EN";"2026-10-02";"How Does Climate Change Impact Nor'easters?";"https://time.com/article/2026/09/25/climate-change-nor-easters/"
"Time Magazine World (EN)";"EN";"2026-10-02";"Everyone's Still Talking About Climate Change, Actually";"https://time.com/article/2026/09/25/new-york-climate-week/"
"Time Magazine World (EN)";"EN";"2026-10-02";"How To Help Pollinators Survive Winter";"https://time.com/article/2026/09/24/fall-yard-cleanup-pollinators-winter/"
"Time Magazine World (EN)";"EN";"2026-10-02";"Why California Declared a State of Emergency Due to El Niño";"https://time.com/article/2026/09/23/california-state-of-emergency-el-nino/"
"Time Magazine World (EN)";"EN";"2026-10-02";"Hurricane Polo Intensifies Off Mexico’s Coast";"https://time.com/article/2026/09/23/hurricane-polo-natural-disaster-el-nino-weather-mexico/"
"Time Magazine World (EN)";"EN";"2026-10-02";"The Past Decade’s Emissions Are Driving Worse Heat Waves in Europe";"https://time.com/article/2026/09/22/emissions-paris-agreement-europe-heat-waves-study/"
"Time Magazine World (EN)";"EN";"2026-10-02";"In Europe, Today's Children Will Live Through More Fire Weather Than Their Grandparents";"https://time.com/article/2026/09/21/children-europe-extreme-fire-weather-climate-future/"
"Icilome (FR)";"FR";"2026-10-02";"Togo- Kara : 27 milliards s’ajoutent aux autres milliards déjà investis dans la recherche d’eau potable";"https://icilome.com/2026/10/togo-kara-27-milliards-sajoutent-aux-autres-milliards-deja-investis-dans-la-recherche-deau-potable/"
"Icilome (FR)";"FR";"2026-10-02";"Dr Charles BIRREGAH élu Vice-Président de la Conférence Régionale des Recteurs de l’AUF pour l’Afrique de l’Ouest";"https://icilome.com/2026/10/dr-charles-birregah-elu-vice-president-de-la-conference-regionale-des-recteurs-de-lauf-pour-lafrique-de-louest/"
"Icilome (FR)";"FR";"2026-10-02";"Résumé analytique d’un extrait de l’interview de Yaouza Ouro-Sama";"https://icilome.com/2026/10/resume-analytique-dun-extrait-de-linterview-de-yaouza-ouro-sama/"
"Icilome (FR)";"FR";"2026-10-02";"Tribune | Togo- Emploi, entrepreneuriat, formation : des programmes existent, mais les résultats sont-ils à la hauteur des attentes ?";"https://icilome.com/2026/09/tribune-togo-emploi-entrepreneuriat-formation-des-programmes-existent-mais-les-resultats-sont-ils-a-la-hauteur-des-attentes/"
"Icilome (FR)";"FR";"2026-10-02";"Mali : Amnesty International accuse l’armée et Wagner de crimes de guerre contre des civils";"https://icilome.com/2026/09/141120/"
"Icilome (FR)";"FR";"2026-10-02";"Togo : Paix sans démocratie, se mentir";"https://icilome.com/2026/10/togo-paix-sans-democratie-se-mentir/"
"Icilome (FR)";"FR";"2026-10-02";"Togo – Eau potable : à Kara, la bataille se joue d’abord sur le terrain";"https://icilome.com/2026/10/togo-eau-potable-a-kara-la-bataille-se-joue-dabord-sur-le-terrain/"
"Icilome (FR)";"FR";"2026-10-02";"Togo- Racket : le ministère de la Sécurité ouvre une ligne directe, le 1014";"https://icilome.com/2026/10/togo-racket-le-ministere-de-la-securite-ouvre-une-ligne-directe-le-1014/"
"Icilome (FR)";"FR";"2026-10-02";"Togo- CHU Sylvanus Olympio : à la morgue, les oubliés attendent toujours";"https://icilome.com/2026/10/togo-chu-sylvanus-olympio-a-la-morgue-les-oublies-attendent-toujours/"
"Icilome (FR)";"FR";"2026-10-02";"Nord du Togo : le colonel N’Guwaki prend Koundjoaré sous la pression des incursions";"https://icilome.com/2026/10/nord-du-togo-le-colonel-nguwaki-prend-koundjoare-sous-la-pression-des-incursions/"
"Icilome (FR)";"FR";"2026-10-02";"Togo- Anié : le plus grand magasin du marché réduit en cendre";"https://icilome.com/2026/09/togo-anie-le-plus-grand-magasin-du-marche-reduit-en-cendre/"
"Icilome (FR)";"FR";"2026-10-02";"Togo – BAC annulé pour trois candidats, comment le pouvoir encourage l’immoralité";"https://icilome.com/2026/09/togo-bac-annule-pour-trois-candidats-comment-le-pouvoir-encourage-limmoralite/"
"Icilome (FR)";"FR";"2026-10-02";"Togo- Agression au siège de la CDPA : pour Adjamagbo-Johnson, l’enquête s’est bloquée après la promotion de l’officier chargé du dossier";"https://icilome.com/2026/09/togo-agression-au-siege-de-la-cdpa-pour-adjamagbo-johnson-lenquete-sest-bloquee-apres-la-promotion-de-lofficier-charge-du-dossier/"
"Icilome (FR)";"FR";"2026-10-02";"Togo – Noces de cristal du SYNJIT : hommage aux pionniers et cap sur l’avenir";"https://icilome.com/2026/09/togo-noces-de-cristal-du-synjit-hommage-aux-pionniers-et-cap-sur-lavenir/"
"Icilome (FR)";"FR";"2026-10-02";"Togo – SYNJIT : 15 ans d’engagement syndical, un webinaire pour remobiliser les journalistes togolais";"https://icilome.com/2026/08/togo-synjit-15-ans-dengagement-syndical-un-webinaire-pour-remobiliser-les-journalistes-togolais/"
"Icilome (FR)";"FR";"2026-10-02";"Édito- Au Togo, on n’arrête plus les voleurs, on arrête les vendeurs de journaux";"https://icilome.com/2026/08/edito-au-togo-on-narrete-plus-les-voleurs-on-arrete-les-vendeurs-de-journaux/"
"Icilome (FR)";"FR";"2026-10-02";"Togo- Le PPT dénonce une « caporalisation » de la presse après l’interpellation musclée d’un vendeur de journaux";"https://icilome.com/2026/08/togo-le-ppt-denonce-une-caporalisation-de-la-presse-apres-linterpellation-musclee-dun-vendeur-de-journaux/"
"Icilome (FR)";"FR";"2026-10-02";"Oration On Liberty! Addressed to the People and Governors of Togo";"https://icilome.com/2026/07/oration-on-liberty-addressed-to-the-people-and-governors-of-togo/"
"Icilome (FR)";"FR";"2026-10-02";"Togo- Le SYNJIT prépare ses 15 ans avec de nouvelles cartes de membres";"https://icilome.com/2026/07/togo-le-synjit-prepare-ses-15-ans-avec-de-nouvelles-cartes-de-membres/"
"Icilome (FR)";"FR";"2026-10-02";"Video: Abdoul Aziz Goma Addresses the UN on Repression in Togo";"https://icilome.com/2026/03/video-abdoul-aziz-goma-addresses-the-un-on-repression-in-togo/"
"Icilome (FR)";"FR";"2026-10-02";"Togo – Enquête, pressions et refus de l’exil : le message fort de Roger Amemavoh (Vidéo)";"https://icilome.com/2026/02/togo-enquete-pressions-et-refus-de-lexil-le-message-fort-de-roger-amemavor-video/"
"Icilome (FR)";"FR";"2026-10-02";"Bénin : Le président Talon s’adresse à la nation après la tentative de coup d’État (vidéo)";"https://icilome.com/2025/12/benin-le-president-talon-sadresse-a-la-nation-apres-la-tentative-de-coup-detat-video/"
"Icilome (FR)";"FR";"2026-10-02";"Yves Edoh Agbodjan, alias Togbevi Kpéssé précise les objectifs de la délégation du M66 à New York (Interview)";"https://icilome.com/2025/09/yves-edoh-agbodjan-alias-togbevi-kpesse-precise-les-objectifs-de-la-delegation-du-m66-a-new-york-interview/"
"Icilome (FR)";"FR";"2026-10-02";"Vidéo – Le MO5 rejoint l’appel à la mobilisation du 30 août au Togo";"https://icilome.com/2025/08/video-le-mo5-rejoint-lappel-a-la-mobilisation-du-30-aout-au-togo/"
"Icilome (FR)";"FR";"2026-10-02";"Agoè-Fidokpui : Poteaux et câbles électriques abandonnés au milieu d’un marché inauguré aujourd’hui";"https://icilome.com/2026/09/agoe-fidokpui-poteaux-et-cables-electriques-abandonnes-au-milieu-dun-marche-inaugure-aujourdhui/"
"Icilome (FR)";"FR";"2026-10-02";"Agression de journalistes en septembre 2024 : le PPT s’interroge sur l’indifférence du gouvernement";"https://icilome.com/2026/09/agression-de-journalistes-en-septembre-2024-le-ppt-sinterroge-sur-lindifference-du-gouvernement/"
"Icilome (FR)";"FR";"2026-10-02";"Togo : Mme Kafui Adjamagbo-Johnson, pourquoi elle ne démissionne pas de l’Assemblée… pour l’instant";"https://icilome.com/2026/09/togo-mme-kafui-adjamagbo-johnson-pourquoi-elle-ne-demissionne-pas-de-lassemblee/"
"Icilome (FR)";"FR";"2026-10-02";"Togo- 29 septembre 2024 : deux ans après, les journalistes agressés au siège de la CDPA attendent toujours des réponses";"https://icilome.com/2026/09/togo-29-septembre-2024-deux-ans-apres-les-journalistes-agresses-au-siege-de-la-cdpa-attendent-toujours-des-reponses/"
"Icilome (FR)";"FR";"2026-10-02";"Togo- Eau potable : Kara lance un chantier pour près de 200 000 personnes";"https://icilome.com/2026/09/togo-eau-potable-kara-lance-un-chantier-pour-pres-de-200-000-personnes/"
"Icilome (FR)";"FR";"2026-10-02";"« Correct the Map » : Dussey, Bishop Donald et Blessing OR fêtent la victoire";"https://icilome.com/2026/09/correct-the-map-dussey-bishop-donald-et-blessing-or-fetent-la-victoire/"
"Icilome (FR)";"FR";"2026-10-02";"Après la mobilisation de New York, la DMK ORIGINALE appelle à l’unité des forces démocratiques togolaises";"https://icilome.com/2026/09/apres-la-mobilisation-de-new-york-la-dmk-originale-appelle-a-lunite-des-forces-democratiques-togolaises/"
"Icilome (FR)";"FR";"2026-10-02";"Africa Next Bénévolat : les lauréats des Africa Next Awards s’engagent à accompagner 100 PME africaines";"https://icilome.com/2026/09/africa-next-benevolat-les-laureats-des-africa-next-awards-sengagent-a-accompagner-100-pme-africaines/"
"Icilome (FR)";"FR";"2026-10-02";"CreaConnex 2026 : les créateurs de contenu appelés à mieux structurer leur activité";"https://icilome.com/2026/09/creaconnex-2026-les-createurs-de-contenu-appeles-a-mieux-structurer-leur-activite/"
"Icilome (FR)";"FR";"2026-10-02";"Togo : à Tchamba, 473 patients attendent l’aboutissement d’une mission chirurgicale gratuite";"https://icilome.com/2026/09/togo-a-tchamba-473-patients-attendent-laboutissement-dune-mission-chirurgicale-gratuite/"
"Icilome (FR)";"FR";"2026-10-02";"Togo – Hongrie : vers une accélération des projets communs dans l’eau et l’assainissement";"https://icilome.com/2026/09/togo-hongrie-vers-une-acceleration-des-projets-communs-dans-leau-et-lassainissement/"
"Icilome (FR)";"FR";"2026-10-02";"Comment le Togo s’écroule tout seul";"https://icilome.com/2026/09/comment-le-togo-secroule-tout-seul/"
"Icilome (FR)";"FR";"2026-10-02";"Le carburant a monté, la santé est descendue";"https://icilome.com/2026/09/le-carburant-a-monte-la-sante-est-descendue/"
"Icilome (FR)";"FR";"2026-10-02";"Togo- Kégué a retrouvé ses Éperviers, et les Éperviers ont retrouvé leur public";"https://icilome.com/2026/09/togo-kegue-a-retrouve-ses-eperviers-et-les-eperviers-ont-retrouve-leur-public/"
"Icilome (FR)";"FR";"2026-10-02";"Togo- Précarité des journalistes du privé: Le cri d’alarme du SYNJIT auprès des Nations Unies";"https://icilome.com/2026/09/togo-precarite-des-journalistes-du-prive-le-cri-dalarme-du-synjit-aupres-des-nations-unies/"
"Icilome (FR)";"FR";"2026-10-02";"Personnes sourdes au Togo : L’AST réclame des droits accessibles dans les faits";"https://icilome.com/2026/09/personnes-sourdes-au-togo-last-reclame-des-droits-accessibles-dans-les-faits/"
"Icilome (FR)";"FR";"2026-10-02";"Togo- Savanes, une bombe sociale : autochtones et réfugiés burkinabé se disputent les ressources limitées";"https://icilome.com/2026/09/togo-savanes-une-bombe-sociale-autochtones-et-refugies-burkinabe-se-disputent-les-ressources-limitees/"
"Icilome (FR)";"FR";"2026-10-02";"Nationale N°1/Après l’ultimatum : A quand le démarrage des travaux ?";"https://icilome.com/2026/09/nationale-n1-apres-lultimatum-a-quand-le-demarrage-des-travaux/"
"Icilome (FR)";"FR";"2026-10-02";"Togo- Vers quelle destination nous conduit-on ?";"https://icilome.com/2026/09/togo-vers-quelle-destination-nous-conduit-on/"
"Icilome (FR)";"FR";"2026-10-02";"Togo – Burundi : Les Éperviers appelés à étouffer les Hirondelles d’entrée";"https://icilome.com/2026/09/togo-burundi-les-eperviers-appeles-a-etouffer-les-hirondelles-dentree/"
"Icilome (FR)";"FR";"2026-10-02";"Chine-Togo : 54 ans de relations diplomatiques célébrés à Lomé";"https://icilome.com/2026/09/chine-togo-54-ans-de-relations-diplomatiques-celebres-a-lome/"
"Icilome (FR)";"FR";"2026-10-02";"Cherté des soins dans les hôpitaux publics face au droit  à la santé au Togo";"https://icilome.com/2026/09/cherte-des-soins-dans-les-hopitaux-publics-face-au-droit-a-la-sante-au-togo/"
"Icilome (FR)";"FR";"2026-10-02";"Togo- Prof. Kadanga Beketi :  « Les opinions politiques, religieuses ou sociales d’un patient ne peuvent pas constituer un motif de refus de soins »";"https://icilome.com/2026/09/togo-prof-kadanga-beketi-les-opinions-politiques-religieuses-ou-sociales-dun-patient-ne-peuvent-pas-constituer-un-motif-de-refus-de-soins/"
"Icilome (FR)";"FR";"2026-10-02";"Togo – 40 ans après, le devoir de mémoire";"https://icilome.com/2026/09/togo-40-ans-apres-le-devoir-de-memoire/"
"Icilome (FR)";"FR";"2026-10-02";"Togo – OTR : 155 véhicules seront mis aux enchères au PAL";"https://icilome.com/2026/09/togo-otr-155-vehicules-seront-mis-aux-encheres-au-pal/"
"Icilome (FR)";"FR";"2026-10-02";"Tribune – Épilogue | L’Ordre a parlé : Quand la déontologie a le dernier mot sur la menace";"https://icilome.com/2026/09/tribune-epilogue-lordre-a-parle-quand-la-deontologie-a-le-dernier-mot-sur-la-menace/"
"Icilome (FR)";"FR";"2026-10-02";"Robert Dussey sur la présence des “mercenaires russes” au Togo";"https://icilome.com/2026/09/robert-dussey-sur-la-presence-des-mercenaires-russes-au-togo/"
"Icilome (FR)";"FR";"2026-10-02";"Laissons le livre d’Orélien faire le même chemin";"https://icilome.com/2026/09/laissons-le-livre-dorelien-faire-le-meme-chemin/"
"Icilome (FR)";"FR";"2026-10-02";"Togo- Aéroport de Lomé : l’espace duty free cédé à un privé";"https://icilome.com/2026/09/togo-aeroport-de-lome-lespace-duty-free-cede-a-un-prive/"
"Icilome (FR)";"FR";"2026-10-02";"Togo – L’Ordre des médecins interpellé après des propos controversés de Mme Myriam Dossou-d’Almeida";"https://icilome.com/2026/09/togo-lordre-des-medecins-interpelle-apres-des-propos-controverses-de-mme-myriam-dossou-dalmeida/"
"Icilome (FR)";"FR";"2026-10-02";"Togo – Trois mois après le cambriolage de son cabinet, aucune avancée dans l’enquête sur Me Bokodjin";"https://icilome.com/2026/09/togo-trois-mois-apres-le-cambriolage-de-son-cabinet-aucune-avancee-dans-lenquete-sur-me-bokodjin/"
"Icilome (FR)";"FR";"2026-10-02";"Togo-Russie : Lomé accueille la première commission mixte intergouvernementale du 29 septembre au 1er octobre";"https://icilome.com/2026/09/togo-russie-lome-accueille-la-premiere-commission-mixte-intergouvernementale-du-29-septembre-au-1er-octobre/"
"Icilome (FR)";"FR";"2026-10-02";"Togo : la HARC muscle son dialogue avec les créateurs de contenus, entre pédagogie et encadrement publicitaire";"https://icilome.com/2026/09/togo-la-harc-muscle-son-dialogue-avec-les-createurs-de-contenus-entre-pedagogie-et-encadrement-publicitaire/"
"Icilome (FR)";"FR";"2026-10-02";"Togo- Fraude au bac : cinq ans de suspension pour deux agents d’un centre d’écrit à Tabligbo";"https://icilome.com/2026/09/togo-fraude-au-bac-cinq-ans-de-suspension-pour-deux-agents-dun-centre-decrit-a-tabligbo/"
"Icilome (FR)";"FR";"2026-10-02";"Togo – Le pouvoir togolais a plusieurs cordes à son arc";"https://icilome.com/2026/09/togo-le-pouvoir-togolais-a-plusieurs-cordes-a-son-arc/"
"Icilome (FR)";"FR";"2026-10-02";"Togo- Invité à Lomé pour un « accord de paix », le rebelle tchadien Luc Beyam finit en garde à vue pour dette d’hôtel";"https://icilome.com/2026/09/togo-invite-a-lome-pour-un-accord-de-paix-le-rebelle-tchadien-luc-beyam-finit-en-garde-a-vue-pour-dette-dhotel/"
"Icilome (FR)";"FR";"2026-10-02";"Togo- Biologie médicale : La qualité des diagnostics passe aussi par les équipements et les normes";"https://icilome.com/2026/09/togo-biologie-medicale-la-qualite-des-diagnostics-passe-aussi-par-les-equipements-et-les-normes/"
"Icilome (FR)";"FR";"2026-10-02";"Quelle démocratie pour l’Afrique aujourd’hui ?";"https://icilome.com/2026/09/quelle-democratie-pour-lafrique-aujourdhui/"
"Icilome (FR)";"FR";"2026-10-02";"Edito | Au Togo ou en Guinée, le journalisme : un parcours du combattant";"https://icilome.com/2026/09/au-togo-ou-en-guinee-le-journalisme-un-parcours-du-combattant/"
"Icilome (FR)";"FR";"2026-10-02";"Togo Debout USA porte la situation politique et les préoccupations de la diaspora à Washington";"https://icilome.com/2026/09/togo-debout-usa-porte-la-situation-politique-et-les-preoccupations-de-la-diaspora-a-washington/"
"Icilome (FR)";"FR";"2026-10-02";"Togo- Hausse des prix du carburant : Deux Togolais s’affrontent, le virtuel et le réel";"https://icilome.com/2026/09/togo-hausse-des-prix-du-carburant-deux-togolais-saffrontent-le-virtuel-et-le-reel/"
"Icilome (FR)";"FR";"2026-10-02";"Togo / Scandale au Ministère du Tourisme: Les Secrets bien gardés d’un Hold-up en bande organisée";"https://icilome.com/2026/09/togo-scandale-au-ministere-du-tourisme-les-secrets-bien-gardes-dun-hold-up-en-bande-organisee/"
"Icilome (FR)";"FR";"2026-10-02";"Au Togo, QNET veut reprendre la main sur son image face aux arnaques";"https://icilome.com/2026/09/au-togo-qnet-veut-reprendre-la-main-sur-son-image-face-aux-arnaques/"
"Icilome (FR)";"FR";"2026-10-02";"« QNET n’est pas une agence de voyage » : Cherif Saar veut distinguer la marque des arnaques qui l’usurpent";"https://icilome.com/2026/09/qnet-nest-pas-une-agence-de-voyage-cherif-saar-veut-distinguer-la-marque-des-arnaques-qui-lusurpent/"
"Icilome (FR)";"FR";"2026-10-02";"Abdoul Aziz Goma, le «good samaritan» mis à l´honneur par Freedom Now";"https://icilome.com/2026/09/abdoul-aziz-goma-le-good-samaritan-mis-a-lhonneur-par-freedom-now/"
"Icilome (FR)";"FR";"2026-10-02";"Rentrée scolaire sur fond de la hausse du prix du carburant : Un pouvoir INSENSIBLE";"https://icilome.com/2026/09/rentree-scolaire-sur-fond-de-la-hausse-du-prix-du-carburant-un-pouvoir-insensible/"
"Icilome (FR)";"FR";"2026-10-02";"Togo – Hausse du prix du carburant : La DMK appelle à une mobilisation pacifique";"https://icilome.com/2026/09/togo-hausse-du-prix-du-carburant-la-dmk-appelle-a-une-mobilisation-pacifique/"
"Togo First (FR)";"FR";"2026-10-02";"L’AED et WIETC s’associent pour rapprocher les formations des IFAD des besoins des chantiers au Togo";"https://www.togofirst.com/fr/btp/0210-20230-l-aed-et-wietc-s-associent-pour-rapprocher-les-formations-des-ifad-des-besoins-des-chantiers-au-togo"
"Togo First (FR)";"FR";"2026-10-02";"FAO : le mécanisme Forêts et Paysans a mobilisé environ 2,7 milliards FCFA en 7 ans au Togo";"https://www.togofirst.com/fr/agro/0210-20232-fao-le-mecanisme-forets-et-paysans-a-mobilise-environ-2-7-milliards-fcfa-en-7-ans-au-togo"
"Togo First (FR)";"FR";"2026-10-02";"À Lomé, la jeunesse francophone prépare sa contribution au Sommet de Phnom Penh";"https://www.togofirst.com/fr/social/0210-20231-a-lome-la-jeunesse-francophone-prepare-sa-contribution-au-sommet-de-phnom-penh"
"Togo First (FR)";"FR";"2026-10-02";"Togo : 16 démarches du ministère des Affaires étrangères désormais accessibles en ligne";"https://www.togofirst.com/fr/services-publics/0110-20224-togo-16-demarches-du-ministere-des-affaires-etrangeres-desormais-accessibles-en-ligne"
"Togo First (FR)";"FR";"2026-10-02";"Togo : le PAJEC prépare un dispositif pilote d’assurance agricole";"https://www.togofirst.com/fr/agro/0110-20223-togo-le-pajec-prepare-un-dispositif-pilote-d-assurance-agricole"
"Togo First (FR)";"FR";"2026-10-02";"Togo-Russie : la PIA présente ses opportunités d’investissement à une délégation russe";"https://www.togofirst.com/fr/investissement/0110-20222-togo-russie-la-pia-presente-ses-opportunites-d-investissement-a-une-delegation-russe"
"Togo First (FR)";"FR";"2026-10-02";"Pensions de retraite : au Togo, la CRT tourne la page du paiement en espèces";"https://www.togofirst.com/fr/social/0110-20221-pensions-de-retraite-au-togo-la-crt-tourne-la-page-du-paiement-en-especes"
"Togo First (FR)";"FR";"2026-10-02";"Energie : le Togo soutient l’implantation de la raffinerie de Dangote au Kenya";"https://www.togofirst.com/fr/energies/0110-20220-energie-le-togo-soutient-l-implantation-de-la-raffinerie-de-dangote-au-kenya"
"Togo First (FR)";"FR";"2026-10-02";"Projet D-CLIC: environ 300 millions FCFA investis par l’OIF dans la formation numérique des jeunes Togolais";"https://www.togofirst.com/fr/tic/0110-20218-projet-d-clic-environ-300-millions-fcfa-investis-par-l-oif-dans-la-formation-numerique-des-jeunes-togolais"
"Togo First (FR)";"FR";"2026-10-02";"Partenariat : l’UL ouvre la voie à un master en énergie en double diplôme avec l'Université de Rostock";"https://www.togofirst.com/fr/education/3009-20215-partenariat-l-ul-ouvre-la-voie-a-un-master-en-energie-en-double-diplome-avec-luniversite-de-rostock"
"Togo First (FR)";"FR";"2026-10-02";"Coopération décentralisée : Lacs 1 et Nuremberg veulent prolonger leur partenariat";"https://www.togofirst.com/fr/gouvernance-economique/3009-20213-cooperation-decentralisee-lacs-1-et-nuremberg-veulent-prolonger-leur-partenariat"
"Togo First (FR)";"FR";"2026-10-02";"Togo-Russie : la CCI-Togo veut structurer les partenariats entre entreprises";"https://www.togofirst.com/fr/gouvernance-economique/3009-20212-togo-russie-la-cci-togo-veut-structurer-les-partenariats-entre-entreprises"
"Togo First (FR)";"FR";"2026-10-02";"Port de Lomé : les contrôles se renforcent aux entrées et sorties des môles 1 et 2";"https://www.togofirst.com/fr/gouvernance-economique/3009-20208-port-de-lome-les-controles-se-renforcent-aux-entrees-et-sorties-des-moles-1-et-2"
"Togo First (FR)";"FR";"2026-10-02";"Togo : la BIDC lance l’EIF 2027, plus de 500 participants et 40 projets annoncés à Lomé";"https://www.togofirst.com/fr/gouvernance-economique/3009-20207-togo-la-bidc-lance-l-eif-2027-plus-de-500-participants-et-40-projets-annonces-a-lome"
"Togo First (FR)";"FR";"2026-10-02";"BIDC : 10 millions USD mobilisés pour l’agriculture climatique au Togo et dans deux autres pays";"https://www.togofirst.com/fr/agro/2909-20204-bidc-10-millions-usd-mobilises-pour-l-agriculture-climatique-au-togo-et-dans-deux-autres-pays"
"Togo First (FR)";"FR";"2026-10-02";"Togo : de nouvelles démarches administratives désormais accessibles en ligne";"https://www.togofirst.com/fr/services-publics/2909-20203-togo-de-nouvelles-demarches-administratives-desormais-accessibles-en-ligne"
"Togo First (FR)";"FR";"2026-10-02";"Libre circulation en Afrique : Lomé prépare le futur Conseil consultatif des migrations";"https://www.togofirst.com/fr/gouvernance-economique/2909-20197-libre-circulation-en-afrique-lome-prepare-le-futur-conseil-consultatif-des-migrations"
"Togo First (FR)";"FR";"2026-10-02";"Togo : « Voix du Togo » entre en phase de test pour intégrer les langues locales à l’IA";"https://www.togofirst.com/fr/tic/2909-20196-togo-voix-du-togo-entre-en-phase-de-test-pour-integrer-les-langues-locales-a-l-ia"
"Togo First (FR)";"FR";"2026-10-02";"Épargne digitale : Ohana Africa et Ecobank lancent le « Compte Familial » au Togo";"https://www.togofirst.com/fr/finance/2809-20187-epargne-digitale-ohana-africa-et-ecobank-lancent-le-compte-familial-au-togo"
"Togo First (FR)";"FR";"2026-10-02";"Togo : une nouvelle solution numérique de gestion des TPME lancée";"https://www.togofirst.com/fr/gouvernance-economique/2709-20178-vendre-facturer-suivre-b-pilot-l-appli-pour-simplifier-la-gestion-des-tpme"
"Togo First (FR)";"FR";"2026-10-02";"Gaëlle de Souza (Gazelle d'Afrik) : « On a tout chez nous, c'est nous-mêmes qui ne l'exploitons pas »";"https://www.togofirst.com/fr/agro/2609-20175-gael-de-souza-gazelle-dafrik-on-a-tout-chez-nous-cest-nous-memes-qui-ne-lexploitons-pas"
"Togo First (FR)";"FR";"2026-10-02";"« Nous voulons bâtir une marque laitière africaine à partir du wangash togolais », Assaba Akouétévi, promotrice de ROSHTA Wangash";"https://www.togofirst.com/fr/agro/1909-20108-nous-voulons-batir-une-marque-laitiere-africaine-a-partir-du-wangash-togolais-assaba-akouetevi-promotrice-de-roshta-wangash"
"Togo First (FR)";"FR";"2026-10-02";"Salim Tebonou (HORI) : « J'ai dû démissionner moi-même de la structure que j'avais co-créée pour repartir de zéro »";"https://www.togofirst.com/fr/gouvernance-economique/0208-19767-salim-tebonou-hori-jai-du-demissionner-moi-meme-de-la-structure-que-javais-creee-pour-repartir-de-zero"
"Togo First (FR)";"FR";"2026-10-02";"FIL 2026 : 70 % de réduction sur les stands pour les femmes et jeunes entrepreneurs";"https://www.togofirst.com/fr/gouvernance-economique/2707-19692-fil-2026-70-de-reduction-sur-les-stands-pour-les-femmes-et-jeunes-entrepreneurs"
"Togo First (FR)";"FR";"2026-10-02";"Togo : après la hausse du prix du carburant, le gouvernement baisse les tarifs de péage";"https://www.togofirst.com/fr/transport/0207-19428-togo-apres-la-hausse-du-prix-du-carburant-le-gouvernement-baisse-les-tarifs-de-peage"
"Togo First (FR)";"FR";"2026-10-02";"Togo : les résultats des examens désormais accessibles gratuitement via le Web, WhatsApp et Telegram";"https://www.togofirst.com/fr/education/0806-19171-togo-les-resultats-des-examens-desormais-accessibles-gratuitement-via-le-web-whatsapp-et-telegram"
"Togo First (FR)";"FR";"2026-10-02";"Le Togolais Kodjo Akpatigbe prend la tête de Deloitte au Togo et au Bénin";"https://www.togofirst.com/fr/finance/0207-19423-le-togolais-kodjo-akpatigbe-prend-la-tete-de-deloitte-au-togo-et-au-benin"
"Togo First (FR)";"FR";"2026-10-02";"Gouvernance et financement du secteur routier : le Togo crée l’AGEROUTE et la SONAFIR";"https://www.togofirst.com/fr/transport/2906-19371-gouvernance-et-financement-du-secteur-routier-le-togo-cree-l-ageroute-et-la-sonafir"
"Togo First (FR)";"FR";"2026-10-02";"Lancement d’une mission d’élaboration des normes de certification pour les entreprises de BTP";"https://www.togofirst.com/"
"Togo First (FR)";"FR";"2026-10-02";"Logement : à Kpomé-Dalavé, Adedze annonce le passage du programme des 20 000 unités à sa phase opérationnelle";"https://www.togofirst.com/fr/gouvernance-economique/1206-19219-logement-a-kpome-dalave-adedze-annonce-le-passage-du-programme-des-20-000-unites-a-sa-phase-operationnelle"
"Togo First (FR)";"FR";"2026-10-02";"Togo : pour une fonction publique plus performante, le gouvernement entend mettre en place un plan national";"https://www.togofirst.com/"
"Togo First (FR)";"FR";"2026-10-02";"Restauration des terres : la FAO lance un appel à projets pour des subventions pouvant atteindre 50 000 $";"https://www.togofirst.com/fr/agro/1506-19233-restauration-des-terres-la-fao-lance-un-appel-a-projets-pour-des-subventions-pouvant-atteindre-50-000"
"Togo First (FR)";"FR";"2026-10-02";"Togo : la campagne café-cacao 2026-2027 démarre avec de nouveaux prix aux producteurs";"https://www.togofirst.com/fr/agro/2909-20195-togo-la-campagne-cafe-cacao-2026-2027-demarre-avec-de-nouveaux-prix-aux-producteurs"
"Togo First (FR)";"FR";"2026-10-02";"Togo : les chiffres clés du secteur touristique";"https://www.togofirst.com/fr/culture/2909-20194-togo-les-chiffres-cles-du-secteur-touristique"
"Togo First (FR)";"FR";"2026-10-02";"Eau potable : 27 milliards FCFA pour desservir plus de 200 000 personnes à Kara";"https://www.togofirst.com/fr/social/2909-20193-eau-potable-27-milliards-fcfa-pour-desservir-plus-de-200-000-personnes-a-kara"
"Togo First (FR)";"FR";"2026-10-02";"Le Togo accélère la mise en place d’un compte satellite pour mieux mesurer le poids du tourisme";"https://www.togofirst.com/fr/gouvernance-economique/2809-20188-le-togo-accelere-la-mise-en-place-d-un-compte-satellite-pour-mieux-mesurer-le-poids-du-tourisme"
"Togo First (FR)";"FR";"2026-10-02";"L’Université de Kara conclut un partenariat avec la PIA pour rapprocher la recherche de l’industrie";"https://www.togofirst.com/fr/formation/2809-20186-l-universite-de-kara-conclut-un-partenariat-avec-la-pia-pour-rapprocher-la-recherche-de-l-industrie"
"Togo First (FR)";"FR";"2026-10-02";"Depuis Paris, la CCI-Togo veut connecter les PME aux marchés internationaux";"https://www.togofirst.com/fr/gouvernance-economique/2809-20185-depuis-paris-la-cci-togo-veut-connecter-les-pme-aux-marches-internationaux"
"Togo First (FR)";"FR";"2026-10-02";"Lomé et Abu Dhabi signent un accord d’exemption de visas diplomatiques";"https://www.togofirst.com/fr/politique/2809-20182-lome-et-abu-dhabi-signent-un-accord-d-exemption-de-visas-diplomatiques"
"Togo First (FR)";"FR";"2026-10-02";"Togo-Hongrie : après l’accord de 2025, Budapest veut accélérer les stations de boues de vidange du Grand Lomé";"https://www.togofirst.com/fr/social/2809-20181-togo-hongrie-apres-l-accord-de-2025-budapest-veut-accelerer-les-stations-de-boues-de-vidange-du-grand-lome"
"Togo First (FR)";"FR";"2026-10-02";"Télécoms : YAS conserve l'avantage national, mais Moov se distingue sur la 4G à Lomé";"https://www.togofirst.com/fr/telecoms/2709-20177-telecoms-yas-conserve-lavantage-national-mais-moov-se-distingue-sur-la-4g-a-lome"
"Togo First (FR)";"FR";"2026-10-02";"Togo : une mission de Gavi prépare la mise en œuvre de la stratégie 2026-2030";"https://www.togofirst.com/fr/sante/2509-20173-togo-une-mission-de-gavi-prepare-la-mise-en-uvre-de-la-strategie-2026-2030"
"Togo First (FR)";"FR";"2026-10-02";"Au Togo, les préfectures de Blitta et Ogou placées sous surveillance après une flambée de cas de rougeole";"https://www.togofirst.com/fr/sante/2509-20167-au-togo-les-prefectures-de-blitta-et-ogou-placees-sous-surveillance-apres-une-flambee-de-cas-de-rougeole"
"Togo First (FR)";"FR";"2026-10-02";"FESPACO 2027 : le Togo, pays invité d’honneur";"https://www.togofirst.com/fr/culture/2509-20166-fespaco-2027-le-togo-pays-invite-d-honneur"
"Togo First (FR)";"FR";"2026-10-02";"Protection des données : le Togo et le Mali renforcent leur coopération";"https://www.togofirst.com/fr/tic/2509-20165-protection-des-donnees-le-togo-et-le-mali-renforcent-leur-cooperation"
"Togo First (FR)";"FR";"2026-10-02";"La BOAD débloque 82 milliards FCFA au profit du Togo, pour l'Agriculture et l'énergie";"https://www.togofirst.com/fr/gouvernance-economique/2509-20164-la-boad-debloque-82-milliards-fcfa-au-profit-du-togo-pour-lagriculture-et-lenergie"
"Togo First (FR)";"FR";"2026-10-02";"Ecobank veut mobiliser 2,6 milliards $ pour les entreprises féminines africaines et l’agriculture d’ici 2030";"https://www.togofirst.com/fr/finance/2509-20163-ecobank-veut-mobiliser-2-6-milliards-pour-les-entreprises-feminines-africaines-et-l-agriculture-d-ici-2030"
"Togo First (FR)";"FR";"2026-10-02";"Administration publique : le Togo veut réduire les délais de traitement des actes administratifs";"https://www.togofirst.com/fr/services-publics/2409-20160-administration-publique-le-togo-veut-reduire-les-delais-de-traitement-des-actes-administratifs"
"Togo First (FR)";"FR";"2026-10-02";"Togo : PALCC+/INCLURE lance sa planification opérationnelle pour les aires protégées";"https://www.togofirst.com/fr/agro/2409-20157-togo-palcc/inclure-lance-sa-planification-operationnelle-pour-les-aires-protegees"
"Togo First (FR)";"FR";"2026-10-02";"Assurances : Lomé accueillera le 12e Forum des Marchés de la FANAF";"https://www.togofirst.com/fr/finance/2409-20156-assurances-lome-accueillera-le-12e-forum-des-marches-de-la-fanaf"
"Togo First (FR)";"FR";"2026-10-02";"Togo : l’OTR annonce une nouvelle vente aux enchères de 155 véhicules";"https://www.togofirst.com/fr/finances-publiques/2409-20155-togo-l-otr-annonce-une-nouvelle-vente-aux-encheres-de-155-vehicules"
"Togo First (FR)";"FR";"2026-10-02";"Togo-Rwanda : Lomé et Kigali renforcent leur coopération avec trois nouveaux accords";"https://www.togofirst.com/fr/politique/2409-20153-togo-rwanda-lome-et-kigali-renforcent-leur-cooperation-avec-trois-nouveaux-accords"
"Togo First (FR)";"FR";"2026-10-02";"Togo-Ghana : à Accra, le West African B2B Connect veut accélérer les affaires entre les deux marchés";"https://www.togofirst.com/fr/gouvernance-economique/2309-20149-togo-ghana-a-accra-le-west-african-b2b-connect-veut-accelerer-les-affaires-entre-les-deux-marches"
"Togo First (FR)";"FR";"2026-10-02";"Au Togo, la HARC veut mettre de l’ordre dans l’espace numérique";"https://www.togofirst.com/fr/tic/2309-20148-au-togo-la-harc-veut-mettre-de-l-ordre-dans-l-espace-numerique"
"Togo First (FR)";"FR";"2026-10-02";"Projet de Centrale bifuel de 120 MW : le ministère consulte les acteurs du marché";"https://www.togofirst.com/fr/energies/2309-20146-projet-de-centrale-bifuel-de-120-mw-le-ministere-consulte-les-acteurs-du-marche"
"L'Alternative (TG)";"FR";"2026-10-02";"Accueil";"https://lalternative.info/"
"L'Alternative (TG)";"FR";"2026-10-02";"A propos";"https://lalternative.info/about-us/"
"L'Alternative (TG)";"FR";"2026-10-02";"Abonnement";"https://lalternative.info/abonnez-vous-a-votre-journal/"
"L'Alternative (TG)";"FR";"2026-10-02";"Togo- Primature, ministère des Enseignements, brigade pour mineurs, CNDH passifs sur...";"https://lalternative.info/2024/09/14/togo-primature-ministere-des-enseignements-brigade-pour-mineurs-cndh-passifs-sur-le-viol-sur-une-petite-fille-a-lecole-la-madone/"
"L'Alternative (TG)";"FR";"2026-10-02";"Togo- Kao Baobadi, l’architecte de l’immeuble défectueux de la LONATO, ses...";"https://lalternative.info/2024/05/15/togo-kao-baobadi-larchitecte-de-limmeuble-defectueux-de-la-lonato-ses-deux-appartements-a-dubai/"
"L'Alternative (TG)";"FR";"2026-10-02";"Un appartement d’Yvonne Bawizibadi Gnassingbé à Dubaï au cœur d’une lutte...";"https://lalternative.info/2024/05/17/un-appartement-dyvonne-bawizibadi-gnassingbe-a-dubai-au-coeur-dune-lutte-de-succession/"
"L'Alternative (TG)";"FR";"2026-10-02";"Togo- Vague d’arrestations en cours au sein des FAT";"https://lalternative.info/2024/07/16/togo-vague-darrestations-en-cours-au-sein-des-fat/"
"L'Alternative (TG)";"FR";"2026-10-02";"Togo- Vote de moins de 50 députés, procurations fabriquées au nom...";"https://lalternative.info/2024/03/31/togo-vote-de-moins-de-50-deputes-procurations-fabriquees-au-nom-des-absents-voici-comment-le-coup-detat-constitutionnel-sest-passe-lundi/"
"L'Alternative (TG)";"FR";"2026-10-02";"Togo-La CEET installe un groupe de 14 millions chez la ministre...";"https://lalternative.info/2024/03/15/togo-la-ceet-installe-un-groupe-de-14-millions-chez-la-ministre-de-lenergie-et-des-mines/"
"L'Alternative (TG)";"FR";"2026-10-02";"Togo- Football : Qui est Nibombé Daré, le nouveau sélectionneur des Eperviers ?";"https://lalternative.info/2024/07/15/togo-football-qui-est-nibombe-dare-le-nouveau-selectionneur-des-eperviers/"
"L'Alternative (TG)";"FR";"2026-10-02";"Togo- Justice : Mandat d’arrêt international contre le Cdt Olivier Amah...";"https://lalternative.info/2024/08/07/togo-justice-mandat-darret-international-contre-le-cdt-olivier-amah-et-le-journaliste-ferdinand-ayite/"
"L'Alternative (TG)";"FR";"2026-10-02";"Togo- CEET: Voici les 3 étapes pour mettre à jour son...";"https://lalternative.info/2024/06/27/togo-ceet-voici-les-3-etapes-pour-mettre-a-jour-son-compteur-cash-power/"
"L'Alternative (TG)";"FR";"2026-10-02";"Togo- Arrestations à Kara : incertitude sur le sort du capitaine...";"https://lalternative.info/2024/07/23/togo-arrestations-a-kara-incertitude-sur-le-sort-du-capitaine-dare-kondi-photo/"
"L'Alternative (TG)";"FR";"2026-10-02";"Togo- Kpendjal : Inhumation sans hommage des militaires tombés au front";"https://lalternative.info/2024/07/29/togo-kpendjal-inhumation-sans-hommage-des-militaires-tombes-au-front/"
"L'Alternative (TG)";"FR";"2026-10-02";"NOUS SOUTENIR";"/donate"
"L'Alternative (TG)";"FR";"2026-10-02";"À propos";"https://lalternative.info/about-us/"
"L'Alternative (TG)";"FR";"2026-10-02";"Faire un don";"https://lalternative.info/donate/"
"L'Alternative (TG)";"FR";"2026-10-02";"Abonnez-vous à votre journal";"https://lalternative.info/abonnez-vous-a-votre-journal/"
"L'Alternative (TG)";"FR";"2026-10-02";"Journal L'alternative";"https://lalternative.info/author/lalternative24/"
"L'Alternative (TG)";"FR";"2026-10-02";"Togo- Un jeune officier retrouvé mort dans son bureau au camp BIR";"https://lalternative.info/2026/09/24/togo-un-jeune-officier-retrouve-mort-dans-son-bureau-au-camp-bir/"
"L'Alternative (TG)";"FR";"2026-10-02";"Togo- Journaliste kidnappé, torturé puis jeté dans la brousse… à qui profite le crime ?";"https://lalternative.info/2026/09/09/togo-journaliste-kidnappe-torture-puis-jete-dans-la-brousse-a-qui-profite-le-crime/"
"L'Alternative (TG)";"FR";"2026-10-02";"Diplomatie : deux français arrêtés au Togo, Faure Gnassingbé veut l’extradition de Ferdinand AYITE contre leur libération";"https://lalternative.info/2026/08/18/diplomatie-deux-francais-arretes-au-togo-faure-gnassingbe-veut-lextradition-de-ferdinand-ayite-contre-leur-liberation/"
"L'Alternative (TG)";"FR";"2026-10-02";"Mahama décide de consulter le peuple pour la révision constitutionnelle";"https://lalternative.info/2026/08/16/mahama-decide-de-consulter-le-peuple-pour-la-revision-constitutionnelle/"
"L'Alternative (TG)";"FR";"2026-10-02";"Togo- Tribune : La Cour de justice de la CEDEAO face à un pouvoir qui s’entête à ne jamais avoir tort";"https://lalternative.info/2026/08/10/togo-tribune-la-cour-de-justice-de-la-cedeao-face-a-un-pouvoir-qui-sentete-a-ne-jamais-avoir-tort/"
"L'Alternative (TG)";"FR";"2026-10-02";"La révision constitutionnelle ravive les tensions politiques";"https://lalternative.info/2026/08/08/la-revision-constitutionnelle-ravive-les-tensions-politiques/"
"L'Alternative (TG)";"FR";"2026-10-02";"Togo- Kara : 27 milliards s’ajoutent aux autres milliards déjà investis dans la recherche d’eau potable";"https://lalternative.info/2026/10/01/togo-kara-27-milliards-sajoutent-aux-autres-milliards-deja-investis-dans-la-recherche-deau-potable/"
"L'Alternative (TG)";"FR";"2026-10-02";"Togo- Tribune : « On ne soigne pas à la tête du client »";"https://lalternative.info/2026/09/12/togo-tribune-on-ne-soigne-pas-a-la-tete-du-client/"
"L'Alternative (TG)";"FR";"2026-10-02";"Togo- Tribune : Nous voulons savoir ce que vous reprochez à Fred Vedomey";"https://lalternative.info/2026/08/28/togo-tribune-nous-voulons-savoir-ce-que-vous-reprochez-a-fred-vedomey/"
"L'Alternative (TG)";"FR";"2026-10-02";"Togo-Tribune : Moscou tisse sa toile à Lomé";"https://lalternative.info/2026/07/30/togo-tribune-moscou-tisse-sa-toile-a-lome/"
"L'Alternative (TG)";"FR";"2026-10-02";"TRIBUNE- Coupe du monde 2026 : Pourquoi les sélections africaines s’effondrent en fin de match";"https://lalternative.info/2026/07/05/tribune-coupe-du-monde-2026-pourquoi-les-selections-africaines-seffondrent-en-fin-de-match/"
"L'Alternative (TG)";"FR";"2026-10-02";"Togo- Savanes, une bombe sociale : autochtones et réfugiés burkinabé se disputent les ressources limitées";"https://lalternative.info/2026/09/23/togo-savanes-une-bombe-sociale-autochtones-et-refugies-burkinabe-se-disputent-les-ressources-limitees/"
"L'Alternative (TG)";"FR";"2026-10-02";"Togo- Aéroport de Lomé : l’espace duty free cédé à un privé";"https://lalternative.info/2026/09/23/togo-aeroport-de-lome-lespace-duty-free-cede-a-un-prive/"
"L'Alternative (TG)";"FR";"2026-10-02";"Des douaniers en détention pour trafic de drogue";"https://lalternative.info/2026/09/20/des-douaniers-en-detention-pour-trafic-de-drogue/"
"L'Alternative (TG)";"FR";"2026-10-02";"Togo- Hausse des prix du carburant : Deux Togolais s’affrontent, le virtuel et le réel";"https://lalternative.info/2026/09/16/togo-hausse-des-prix-du-carburant-deux-togolais-saffrontent-le-virtuel-et-le-reel/"
"L'Alternative (TG)";"FR";"2026-10-02";"Togo- Anié : le plus grand magasin du marché réduit en cendre";"https://lalternative.info/2026/09/28/togo-anie-le-plus-grand-magasin-du-marche-reduit-en-cendre/"
"L'Alternative (TG)";"FR";"2026-10-02";"Togo- Les dirigeants africains en chantiers, Faure Gnassingbé fête la correction du « Map »";"https://lalternative.info/2026/09/13/togo-quand-les-dirigeants-africains-sont-sur-les-chantiers-faure-gnassingbe-fete-la-correction-du-map/"
"L'Alternative (TG)";"FR";"2026-10-02";"Togo- Une augmentation de 137 F CFA sur le litre du super sans plomb en 3 mois";"https://lalternative.info/2026/09/11/togo-une-augmentation-de-137-f-cfa-sur-le-litre-du-super-sans-plomb-en-3-mois/"
"L'Alternative (TG)";"FR";"2026-10-02";"Offre d’emploi/L’ALTERNATIVE";"https://lalternative.info/2024/03/07/offre-demploi-lalternative/"
"L'Alternative (TG)";"FR";"2026-10-02";"« Le peuple ne mange pas les notations » : Oligui Nguema dans le concret, Faure Gnassingbé dans les chiffres fabriqués";"https://lalternative.info/2026/09/10/le-peuple-ne-mange-pas-les-notations-oligui-nguema-dans-le-concret-faure-gnassingbe-dans-les-chiffres-fabriques/"
"L'Alternative (TG)";"FR";"2026-10-02";"Isidore kouwonou";"https://lalternative.info/author/ksisdore/"
"L'Alternative (TG)";"FR";"2026-10-02";"Togo- OTR : Éric Amouzou Folly le mari d’une des inspectrices, arrêté";"https://lalternative.info/2026/09/07/togo-otr-eric-amouzou-folly-le-mari-dune-des-inspectrices-arrete/"
"L'Alternative (TG)";"FR";"2026-10-02";"L'Alternative";"https://lalternative.info/author/equipeedito/"
"L'Alternative (TG)";"FR";"2026-10-02";"Togo- Encore un scandale à l’OTR : des cadres de la DGI en garde à vue à la DCPJ";"https://lalternative.info/2026/09/06/togo-encore-un-scandale-a-lotr-des-cadres-de-la-dgi-en-garde-a-vue-a-la-dcpj/"
"L'Alternative (TG)";"FR";"2026-10-02";"La CCJA condamne définitivement l’UTB à verser plus de 2,5 milliards de FCFA à TMI";"https://lalternative.info/2026/07/22/la-ccja-condamne-definitivement-lutb-a-verser-plus-de-25-milliards-de-fcfa-a-tmi/"
"L'Alternative (TG)";"FR";"2026-10-02";"Togo- Scandale à l’OTR : Donko Bileyo et Klouvi Dedegan inculpées par le doyen des juges";"https://lalternative.info/2026/05/17/togo-scandale-a-lotr-donko-bileyo-et-klouvi-dedegan-inculpees-par-le-doyen-des-juges/"
"L'Alternative (TG)";"FR";"2026-10-02";"Togo- OTR : Donko Bileyo virée, plainte contre Ferdinand Ayité retirée";"https://lalternative.info/2026/04/19/togo-otr-donko-bileyo-viree-plainte-contre-ferdinand-ayite-retiree/"
"L'Alternative (TG)";"FR";"2026-10-02";"Togo- OTR : le CENTIF saisit le procureur, le doyen des juges d’instruction ouvre une enquête, un autre compte de 530 millions découverts à NSIA";"https://lalternative.info/2026/04/05/togo-otr-le-centif-saisit-le-procureur-le-doyen-des-juges-dinstruction-ouvre-une-enquete-un-autre-compte-de-530-millions-decouverts-a-nsia/"
"L'Alternative (TG)";"FR";"2026-10-02";"John Mahama offre des billets de la Coupe du monde à la diaspora ghanéenne";"https://lalternative.info/2026/06/01/john-mahama-offre-des-billets-de-la-coupe-du-monde-a-la-diaspora-ghaneenne/"
"L'Alternative (TG)";"FR";"2026-10-02";"View all posts";"https://lalternative.info/author/lalternative24/"
"L'Alternative (TG)";"FR";"2026-10-02";"Facebook";"https://www.facebook.com/sharer/sharer.php?u=https://lalternative.info/"
"L'Alternative (TG)";"FR";"2026-10-02";"Twitter";"https://twitter.com/intent/tweet?text=Check%20out%20this%20article:%20Accueil%20-%20https://lalternative.info/"
"L'Alternative (TG)";"FR";"2026-10-02";"Pinterest";"https://www.pinterest.com/pin/create/button/?url=https%3A%2F%2Flalternative.info%2F&description=Accueil"
"L'Alternative (TG)";"FR";"2026-10-02";"Whatsapp";"https://api.whatsapp.com/send?text=Accueil %0A%0A https%3A%2F%2Flalternative.info%2F"
"L'Alternative (TG)";"FR";"2026-10-02";"Telegram";"https://telegram.me/share/url?url=https%3A%2F%2Flalternative.info%2F&text=Accueil"
"L'Alternative (TG)";"FR";"2026-10-02";"Email";"mailto:?subject=Accueil&BODY=https://lalternative.info/"
"L'Alternative (TG)";"FR";"2026-10-02";"À propos";"/about-us"
"L'Alternative (TG)";"FR";"2026-10-02";"Politique de confidentialité";"/privacy-policy"
"L'Alternative (TG)";"FR";"2026-10-02";"Conditions d'utilisation";"/conditions-dutilisation"
"L'Alternative (TG)";"FR";"2026-10-02";"Règlementation européenne";"https://lalternative.info/reglementation-europeenneeu/"
"L'Alternative (TG)";"FR";"2026-10-02";"Facebook";"https://www.facebook.com/profile.php?id=61556605160366"
"L'Alternative (TG)";"FR";"2026-10-02";"Twitter";"https://twitter.com/lalternative_of"
"L'Alternative (TG)";"FR";"2026-10-02";"Instagram";"https://www.instagram.com/lalternative_of/"
"L'Alternative (TG)";"FR";"2026-10-02";"Youtube";"https://www.youtube.com/channel/UCk6JMYUcGDarZYNb-mPPLPA"
"L'Alternative (TG)";"FR";"2026-10-02";"Gérer les options";"#"
"L'Alternative (TG)";"FR";"2026-10-02";"Gérer les services";"#"
"L'Alternative (TG)";"FR";"2026-10-02";"Gérer {vendor_count} fournisseurs";"#"
"L'Alternative (TG)";"FR";"2026-10-02";"En savoir plus sur ces finalités";"https://cookiedatabase.org/tcf/purposes/"
"L'Alternative (TG)";"FR";"2026-10-02";"Voir les préférences";"#"
"L'Alternative (TG)";"FR";"2026-10-02";"{title}";"#"
"L'Alternative (TG)";"FR";"2026-10-02";"Queue";"#"
"L'Alternative (TG)";"FR";"2026-10-02";"Flash plugin";"http://get.adobe.com/flashplayer/"
"Laabali (TG)";"FR";"2026-10-02";"Africa-Newsroom";"https://laabali.com/africa-newsroom/"
"Laabali (TG)";"FR";"2026-10-02";"...";"#"
"Laabali (TG)";"FR";"2026-10-02";"De cuisinier à chef de canton : portrait de Batidja Tindandja, le nouveau chef d’Ogaro";"https://laabali.com/post/15600/de-cuisinier-a-chef-de-canton-portrait-de-batidja-tindandja-le-nouveau-chef-dogaro/ "
"Laabali (TG)";"FR";"2026-10-02";"Journalistes du privé au Togo : le SYNJIT alerte l’ONU sur une précarité persistante";"https://laabali.com/post/15588/journalistes-du-prive-au-togo-le-synjit-alerte-lonu-sur-une-precarite-persistante/ "
"Laabali (TG)";"FR";"2026-10-02";"Rentrée scolaire à Tône : l’APHMOTO fait don de kits scolaires aux enfants handicapés";"https://laabali.com/post/15583/rentree-scolaire-a-tone-laphmoto-fait-don-de-kits-scolaires-aux-enfants-handicapes/ "
"Laabali (TG)";"FR";"2026-10-02";"Atelier bilan du projet Savanes-COG : « Nous sommes satisfaits », affirme Laguatissoa Bangbar (FODES)";"https://laabali.com/post/15575/atelier-bilan-du-projet-savanes-cog-nous-sommes-satisfaits-affirme-laguatissoa-bangbar-fodes/ "
"Laabali (TG)";"FR";"2026-10-02";"Journalistes du privé au Togo : le SYNJIT alerte l’ONU sur une précarité persistante";"https://laabali.com/?p=15588"
"Laabali (TG)";"FR";"2026-10-02";"La Fédération nationale des maisons familiales de formation rurale du Togo lance un appel à projet de Construction de 50 poulaillers traditionnels améliorés au profit des bénéficiaires de l’IFAD Elevage Barkoissi et 30 poulaillers améliorés au profit des bénéficiaires de la FMFRT";"https://laabali.com/?p=15553"
"Laabali (TG)";"FR";"2026-10-02";"Enfants en situation de handicap: Aphmoto soutient en kits scolaires à Dapaong";"https://laabali.com/?p=15515"
"Laabali (TG)";"FR";"2026-10-02";"Ponio : 30 femmes formées aux activités génératrices de revenus";"https://laabali.com/?p=15505"
"Laabali (TG)";"FR";"2026-10-02";"Violences basées sur le genre : AFE sensibilise les communautés à Cinkassé";"https://laabali.com/?p=15384"
"Laabali (TG)";"FR";"2026-10-02";"INADES-Formation : 4 sites maraichers/champs écoles remis aux Scoops dans les savanes";"https://laabali.com/?p=15139"
"Laabali (TG)";"FR";"2026-10-02";"JII 2026 : Dans les Savanes, les infirmiers célébrés pour leur résilience";"https://laabali.com/?p=15103"
"Laabali (TG)";"FR";"2026-10-02";"Dapaong : A2FHV-S sensibilise des acteurs du bâtiment à l’accessibilité des infrastructures publiques";"https://laabali.com/?p=15076"
"Laabali (TG)";"FR";"2026-10-02";"Nadjoundi: ""Les droits de femmes ne donnent pas droit aux femmes de frapper leurs maris""";"https://laabali.com/?p=14881"
"Laabali (TG)";"FR";"2026-10-02";"Yark Damehamme: L’insubmersible général qui murmure aux oreilles de Faure Gnassimgbé";"https://laabali.com/?p=14271"
"Laabali (TG)";"FR";"2026-10-02";"Dapaong : les défis de l’assainissement toujours présents !";"https://laabali.com/?p=13413"
"Laabali (TG)";"FR";"2026-10-02";"Accès à l’eau potable : L’ONG MECAP cultive l’espoir pour la fin de la soif dans les Savanes";"https://laabali.com/?p=13297"
"Laabali (TG)";"FR";"2026-10-02";"Sanloaga (Togo): «Ils enlèvent nos jeunes garçons pour en faire des combattants» 15105 vues";"
                                        https://laabali.com/post/6306/sanloaga-togo-ils-enlevent-nous-jeunes-garcons-pour-en-faire-des-combattants/                                        
                                        "
"Laabali (TG)";"FR";"2026-10-02";"Dapaong: Ouverture du 1e Forum des producteurs agricoles (FOPAT) 13951 vues";"
                                        https://laabali.com/post/6477/dapaong-ouverture-du-1e-forum-des-producteurs-agricoles-fopat/                                        
                                        "
"Laabali (TG)";"FR";"2026-10-02";"TGI/Dapaong: Le départ du président et son équipe fait des mécontents 12942 vues";"
                                        https://laabali.com/post/192/tgi-dapaong-le-depart-du-president-et-son-equipe-fait-des-mecontents/                                        
                                        "
"Laabali (TG)";"FR";"2026-10-02";"Savanes: Les FAT repoussent une attaque, deux assaillants neutralisés 7433 vues";"
                                        https://laabali.com/post/5663/savanes-les-fat-repoussent-une-attaque-deux-assaillants-neutralises/                                        
                                        "
"Laabali (TG)";"FR";"2026-10-02";"Contre le terrorisme: Le Togo fait appel à ses anciens soldats 4340 vues";"
                                        https://laabali.com/post/6743/contre-le-terrorisme-le-togo-fait-appel-a-ses-anciens-soldats/                                        
                                        "
"Laabali (TG)";"FR";"2026-10-02";"Le Maire Monoka Laré et la commune de Tandjouaré 1";"https://laabali.com/post/12171/monoka-lare/"
"Laabali (TG)";"FR";"2026-10-02";"par Edouard Samboe";"#"
"Laabali (TG)";"FR";"2026-10-02";"Suka ou l'art divinatoire: Foi ou culture moba ?";"https://laabali.com/post/12078/suka-ou-lart-divinatoire-foi-ou-culture-moba/"
"Laabali (TG)";"FR";"2026-10-02";"Togo/Education: Diagnostic d'un secteur en panne de repères";"https://laabali.com/post/6749/togo-education-diagnostic-dun-secteur-en-pannes-de-reperes/"
"Laabali (TG)";"FR";"2026-10-02";"Contre le terrorisme: Le Togo fait appel à ses anciens soldats";"https://laabali.com/post/6743/contre-le-terrorisme-le-togo-fait-appel-a-ses-anciens-soldats/"
"Laabali (TG)";"FR";"2026-10-02";"«Le pouvoir doit faire en sorte qu'il y ait moins de frustrations sur les plans politiques et économiques», Pr David Dosseh, OSC";"https://laabali.com/post/6688/le-pouvoir-doit-faire-en-sorte-quil-y-ait-moins-de-frustrations-sur-les-plans-politiques-et-economiques-pr-david-dosseh-osc/"
"Laabali (TG)";"FR";"2026-10-02";"FOPAT: A Dapaong , les producteurs veulent des usines de transformations de tomates";"https://laabali.com/post/6533/fopat-a-dapaong-les-producteurs-veulent-des-usines-de-transformations-de-tomates/"
"Laabali (TG)";"FR";"2026-10-02";"Dapaong: Ouverture du 1e Forum des producteurs agricoles (FOPAT)";"https://laabali.com/post/6477/dapaong-ouverture-du-1e-forum-des-producteurs-agricoles-fopat/"
"Laabali (TG)";"FR";"2026-10-02";"Frontière Burkina-Togo: Le durcissement des mesures sécuritaires impacte Kompienga";"https://laabali.com/post/6464/frontiere-burkina-togo-le-durcissement-des-mesures-securitaires-impacte-kompienga/"
"Laabali (TG)";"FR";"2026-10-02";"Sanloaga (Togo): «Ils enlèvent nos jeunes garçons pour en faire des combattants» 15105 vues";" https://laabali.com/post/6306/sanloaga-togo-ils-enlevent-nous-jeunes-garcons-pour-en-faire-des-combattants/ "
"Laabali (TG)";"FR";"2026-10-02";"Dapaong: Ouverture du 1e Forum des producteurs agricoles (FOPAT) 13951 vues";" https://laabali.com/post/6477/dapaong-ouverture-du-1e-forum-des-producteurs-agricoles-fopat/ "
"Laabali (TG)";"FR";"2026-10-02";"TGI/Dapaong: Le départ du président et son équipe fait des mécontents 12942 vues";" https://laabali.com/post/192/tgi-dapaong-le-depart-du-president-et-son-equipe-fait-des-mecontents/ "
"Laabali (TG)";"FR";"2026-10-02";"CrEaT";""
"Fraternité Matin (CI)";"FR";"2026-10-02";"Cacao : le Conseil du Café-Cacao lance l’identification des petits transformateurs";"https://www.fratmat.info/article/2644911/economie/cacao-le-conseil-du-cafe-cacao-lance-lidentification-des-petits-transformateurs"
"Fraternité Matin (CI)";"FR";"2026-10-02";"Assemblée nationale : une session 2026 sous le signe du budget et des réformes";"https://www.fratmat.info/article/2644907/politique/assemblee-nationale-une-session-2026-sous-le-signe-du-budget-et-des-reformes"
"Fraternité Matin (CI)";"FR";"2026-10-02";"Alerte aux violations des droits de l’Homme : le CNDH renforce son dispositif";"https://www.fratmat.info/article/2644905/societe/alerte-aux-violations-des-droits-de-lhomme-le-cndh-renforce-son-dispositif"
"Fraternité Matin (CI)";"FR";"2026-10-02";"Lutte contre la corruption : Fraternité Matin et la Habg scellent un partenariat";"https://www.fratmat.info/article/2644903/societe/lutte-contre-la-corruption-fraternite-matin-et-la-habg-scellent-un-partenariat"
"Fraternité Matin (CI)";"FR";"2026-10-02";"Produits pétroliers : Le gasoil baisse de 125 Fcfa, hausse en revanche pour les industriels";"https://www.fratmat.info/article/2644900/economie/hydrocarbures/produits-petroliers-le-gasoil-baisse-de-125-fcfa-hausse-en-revanche-pour-les-industriels"
"Fraternité Matin (CI)";"FR";"2026-10-02";"Dialogue social : Anne Désirée Ouloto appelle à consolider les acquis";"https://www.fratmat.info/article/2644896/societe/dialogue-social-anne-desiree-ouloto-appelle-a-consolider-les-acquis"
"Le Faso (BF)";"FR";"2026-10-02";"Contact";"https://lefaso.net/spip.php?article64819"
"Le Faso (BF)";"FR";"2026-10-02";"Contactez-nous";"https://lefaso.net/spip.php?article64819"
"Le Faso (BF)";"FR";"2026-10-02";"UEMOA : La 7e édition du « Mois du consommer local » veut renforcer les échanges et la souveraineté économique régionale";"https://lefaso.netspip.php?article149678"
"Le Faso (BF)";"FR";"2026-10-02";"Les 100 Visages du Burkina Digital : Frédéric Drabo, de la justice numérique à la modernisation de l’État";"https://lefaso.netspip.php?article149681"
"Le Faso (BF)";"FR";"2026-10-02";"Burkina : L’Église Catholique fait don de 88 tonnes de ciment à Faso Mêbo";"https://lefaso.net/spip.php?article149672"
"Le Faso (BF)";"FR";"2026-10-02";"Djikologo : Les services des eaux et forêts saisissent 35 tonnes d’amendes de karité et démantèlent un site d’orpaillage clandestin";"https://lefaso.net/spip.php?article149666"
"Le Faso (BF)";"FR";"2026-10-02";"Ouagadougou : L’ABNORM ferme quatre boulangeries pour non conformité du poids du pain ‎";"https://lefaso.net/spip.php?article149661"
"Le Faso (BF)";"FR";"2026-10-02";"Burkina : Le Commandant de Légion de la gendarmerie en tournée dans la région de Yaadga ‎";"https://lefaso.net/spip.php?article149660"
"Le Faso (BF)";"FR";"2026-10-02";"Urgences médicales : Le CHU-YO adapte le référentiel national à ses réalités";"https://lefaso.net/spip.php?article149638"
"Le Faso (BF)";"FR";"2026-10-02";"UEMOA : Le volet régional du « Mois du consommer local » prévu du 1er au 4 octobre 2026 à Ouagadougou";"https://lefaso.net/spip.php?article149637"
"Le Faso (BF)";"FR";"2026-10-02";"Fonds de soutien patriotique : Plus de 250 milliards de FCFA mobilisés entre le 1er janvier et le 29 septembre 2026";"https://lefaso.net/spip.php?article149635"
"Le Faso (BF)";"FR";"2026-10-02";"Lutte contre la fraude : Plusieurs produits frauduleux saisis à Garango";"https://lefaso.net/spip.php?article149636"
"Le Faso (BF)";"FR";"2026-10-02";"Maroc : Fatima Ezzahra El Mansouri, première femme nommée à la tête du gouvernement";"https://lefaso.net/spip.php?article149633"
"Le Faso (BF)";"FR";"2026-10-02";"Burkina Faso : SenMoto, la plateforme qui digitalise la vente de motos";"https://lefaso.netspip.php?article149685"
"Le Faso (BF)";"FR";"2026-10-02";"Concours national d’innovation digitale : 208 solutions enregistrées pour Le Faso Digital 2026";"https://lefaso.netspip.php?article149665"
"Le Faso (BF)";"FR";"2026-10-02";"IA générative : Menace ou moteur pour l’emploi ?";"https://lefaso.netspip.php?article149668"
"Le Faso (BF)";"FR";"2026-10-02";"Cérémonial d’hommage à Thomas Sankara : Le ministre Mathias Traoré invite les Burkinabè à préserver l’héritage du héros national";"https://lefaso.netspip.php?article149682"
"Le Faso (BF)";"FR";"2026-10-02";"Burkina/Rentrée scolaire 2026-2027 : Les élèves ont repris le chemin des classes";"https://lefaso.netspip.php?article149684"
"Le Faso (BF)";"FR";"2026-10-02";"Rentrée 2026-2027 : À Ouagadougou, étudiants et élèves retrouvent le chemin des classes";"https://lefaso.netspip.php?article149679"
"Le Faso (BF)";"FR";"2026-10-02";"‎Burkina/Rentrée scolaire : Le Président du Faso encourage les acteurs du monde de l’éducation ‎";"https://lefaso.netspip.php?article149674"
"Le Faso (BF)";"FR";"2026-10-02";"Jeunes cadres engagés : Ce programmes d’Eau Vive Internationale qui fait du terrain une école et une expérience professionnelle en (…)";"https://lefaso.netspip.php?article149675"
"Le Faso (BF)";"FR";"2026-10-02";"‎Burkina : L’Église Catholique fait don de 88 tonnes de ciment à Faso Mêbo ‎";"https://lefaso.netspip.php?article149672"
"Le Faso (BF)";"FR";"2026-10-02";"Bobo-Dioulasso : Une foule nombreuse à la Place de la mairie pour la Nuit de la RPP";"https://lefaso.netspip.php?article149662"
"Le Faso (BF)";"FR";"2026-10-02";"Santé/Projet REACH : La Croix-Rouge burkinabè et l’État misent sur la proximité communautaire";"https://lefaso.netspip.php?article149676"
"Le Faso (BF)";"FR";"2026-10-02";"Burkina/Eau, hygiène et assainissement : WaterAid et le CIFOEB examinent le financement du secteur";"https://lefaso.netspip.php?article149673"
"Le Faso (BF)";"FR";"2026-10-02";"Nuit de la RPP : Burkinabè et Africains soutiennent le capitaine Ibrahim Traoré dans une ""mobilisation historique et exceptionnelle""";"https://lefaso.netspip.php?article149654"
"Le Faso (BF)";"FR";"2026-10-02";"En direct : Nuit de la Révolution Progressiste Populaire";"https://lefaso.netspip.php?article149651"
"Le Faso (BF)";"FR";"2026-10-02";"« Nuit de la RPP » : Une halte d’hommages aux forces combattantes et de célébrations des victoires et acquis engrangés, selon le comité d’organisation";"https://lefaso.netspip.php?article149542"
"Le Faso (BF)";"FR";"2026-10-02";"Burkina : Ibrahim Traoré à Bobo-Dioulasso pour inaugurer deux infrastructures stratégiques";"https://lefaso.netspip.php?article149097"
"Le Faso (BF)";"FR";"2026-10-02";"‎Burkina : La Présidence du Faso lance le concours Hakili Mousso pour détecter les talents scientifiques féminins";"https://lefaso.netspip.php?article148857"
"Le Faso (BF)";"FR";"2026-10-02";"Immersion patriotique obligatoire 2026 : Le capitaine Ibrahim Traoré exhorte les jeunes à éviter le chemin de la facilité et à servir la patrie";"https://lefaso.netspip.php?article148839"
"Le Faso (BF)";"FR";"2026-10-02";"Assemblée législative du peuple : Mathieu Boro fait ses premiers pas à l’hémicycle et promet de porter la voix des Burkinabè";"https://lefaso.netspip.php?article148412"
"Le Faso (BF)";"FR";"2026-10-02";"Djikologo : Les services des eaux et forêts saisissent 35 tonnes d’amendes de karité et démantèlent un site d’orpaillage clandestin";"https://lefaso.netspip.php?article149666"
"Le Faso (BF)";"FR";"2026-10-02";"Burkina : Le Commandant de Légion de la gendarmerie en tournée dans la région de Yaadga ‎";"https://lefaso.netspip.php?article149660"
"Le Faso (BF)";"FR";"2026-10-02";"Solidarité au Burkina : Coris Bank International soutient les pupilles de la Nation avec un appui de 100 millions de FCFA";"https://lefaso.netspip.php?article149659"
"Le Faso (BF)";"FR";"2026-10-02";"Bobo-Dioulasso : La CNAVC-Houet dresse le bilan de quatre années de MPSR 2 et appelle à renforcer la mobilisation citoyenne";"https://lefaso.netspip.php?article149649"
"Le Faso (BF)";"FR";"2026-10-02";"Les 100 Visages du Burkina Digital : Ahmed Forgo, du RESINA au cloud, près de vingt ans au service du numérique";"https://lefaso.netspip.php?article149645"
"Le Faso (BF)";"FR";"2026-10-02";"Sécurité privée au Burkina Faso : Une convention collective historique fixe le salaire minimum à 57 000 F CFA";"https://lefaso.netspip.php?article149630"
"Le Faso (BF)";"FR";"2026-10-02";"Burkina : 20 notaires stagiaires et 43 clercs prêtent serment pour renforcer la sécurité juridique";"https://lefaso.netspip.php?article149644"
"Le Faso (BF)";"FR";"2026-10-02";"UEMOA/Paiements instantanés : 175 participants dont 20 au Burkina Faso sont autorisés à ouvrir au public les services de PI-SPI";"https://lefaso.netspip.php?article149683"
"Le Faso (BF)";"FR";"2026-10-02";"Ouagadougou : L’ABNORM ferme quatre boulangeries pour non conformité du poids du pain ‎";"https://lefaso.netspip.php?article149661"
"Le Faso (BF)";"FR";"2026-10-02";"Fonds de soutien patriotique : Plus de 250 milliards de FCFA mobilisés au 29 septembre 2026";"https://lefaso.netspip.php?article149635"
"Le Faso (BF)";"FR";"2026-10-02";"Microfinance au Burkina Faso : Le RCPB adapte son organisation à la nouvelle réglementation";"https://lefaso.netspip.php?article149628"
"Le Faso (BF)";"FR";"2026-10-02";"RAFFINOR-BF : 11 milliards FCFA pour transformer l’or au Burkina Faso";"https://lefaso.netspip.php?article149589"
"Le Faso (BF)";"FR";"2026-10-02";"Camp Vacances karaté du club Saint-Nazareth de Tanghin : Les tout-petits ont appris, les grands ont renforcé leurs capacités";"https://lefaso.netspip.php?article149650"
"Le Faso (BF)";"FR";"2026-10-02";"Championnat national de cricket : Dragons Cricket sacré champion de la saison 2025-2026";"https://lefaso.netspip.php?article149610"
"Le Faso (BF)";"FR";"2026-10-02";"Sanfo Cup Maracana 2026 : Alladess s’impose aux tirs au but et décroche le trophée";"https://lefaso.netspip.php?article149624"
"Le Faso (BF)";"FR";"2026-10-02";"Daouda Kader Traoré, karatéka burkinabè : « J’ai décidé de laisser la place aux plus jeunes »";"https://lefaso.netspip.php?article149572"
"Le Faso (BF)";"FR";"2026-10-02";"Can 2032 dans l’espace AES : ""C’est bien possible"", lance le capitaine Ibrahim Traoré";"https://lefaso.netspip.php?article149562"
"Le Faso (BF)";"FR";"2026-10-02";"Musique : Du simple « like » à l’achat, les REMA 2026 veulent convertir les followers";"https://lefaso.netspip.php?article149605"
"Le Faso (BF)";"FR";"2026-10-02";"Nabalüm, dix ans de carrière : Une reine qui ne baisse pas les bras";"https://lefaso.netspip.php?article149529"
"Le Faso (BF)";"FR";"2026-10-02";"SITHO 2026 : Le financement des projets structurants au cœur de la 16ᵉ édition";"https://lefaso.netspip.php?article149427"
"Le Faso (BF)";"FR";"2026-10-02";"Burkina/ Culture : L’institut burkinabè renaitra de ses cendres, foi de Georges Kaboré";"https://lefaso.netspip.php?article149354"
"Le Faso (BF)";"FR";"2026-10-02";"Musée national : L’exposition « Rupture » invite à repenser l’art et le rapport à la société";"https://lefaso.netspip.php?article149350"
"Le Faso (BF)";"FR";"2026-10-02";"UEMOA : Le « Consommer local » au service de l’intégration régionale";"https://lefaso.netspip.php?article149641"
"Le Faso (BF)";"FR";"2026-10-02";"UEMOA : Le volet régional du « Mois du consommer local » prévu du 1er au 4 octobre 2026 à Ouagadougou";"https://lefaso.netspip.php?article149637"
"Le Faso (BF)";"FR";"2026-10-02";"81e AG de l’ONU : ""Nous ne demandons à personne la permission d’exister"" Karamoko Jean Marie Traoré";"https://lefaso.netspip.php?article149590"
"Le Faso (BF)";"FR";"2026-10-02";"Xi Jinping à la Maison Blanche : La journaliste Shanhui Zhang analyse la visite du président chinois aux Etats-Unis";"https://lefaso.netspip.php?article149535"
"Le Faso (BF)";"FR";"2026-10-02";"ONU : Le Burkina Faso plaide pour un développement souverain et une réforme de la finance internationale";"https://lefaso.netspip.php?article149450"
"Le Faso (BF)";"FR";"2026-10-02";"Burkina Faso : « CultivaTech ne supprime pas l’engrais, elle supprime le hasard », explique Wendkuuni Ben Ahmad Tapsoba";"https://lefaso.netspip.php?article149612"
"Le Faso (BF)";"FR";"2026-10-02";"Semaine du numérique 2026 : Le Comité national d’organisation officiellement installé";"https://lefaso.netspip.php?article149595"
"Le Faso (BF)";"FR";"2026-10-02";"Numériser un service ne signifie pas automatiquement le rendre accessible";"https://lefaso.netspip.php?article149479"
"Le Faso (BF)";"FR";"2026-10-02";"Coopération régionale entre les régulateurs de l’AES : Signature d’une convention de coopération le 25 septembre 2026 à Ouagadougou";"https://lefaso.netspip.php?article149443"
"Le Faso (BF)";"FR";"2026-10-02";"SIST 2026 : L’intelligence artificielle, entre accélération de la recherche et nouveaux défis de souveraineté scientifique";"https://lefaso.netspip.php?article149405"
"Le Faso (BF)";"FR";"2026-10-02";"Offre de formation en cybersécurité du 15 mai au 20 juillet 2024";"https://lefaso.netspip.php?article130136"
"Le Faso (BF)";"FR";"2026-10-02";"Vœux de nouvel an de Dre Lydia ROUAMBA, Directrice Générale du Centre national de l’Information, de l’Orientation Scolaire et Professionnelle, et des Bourses (CIOSPB)";"https://lefaso.netspip.php?article118725"
"Le Faso (BF)";"FR";"2026-10-02";"CIOSPB : La République de la Tunisie met à la disposition du Burkina Faso des bourses études pour l’année académique 2022-2023";"https://lefaso.netspip.php?article115137"
"Le Faso (BF)";"FR";"2026-10-02";"7e édition de la Semaine nationale de l’Information et de l’Orientation (SIO) : Le Centre National des Œuvres Universitaires (CENOU) communique sur ses prestations aux nouveaux bacheliers";"https://lefaso.netspip.php?article114708"
"Le Faso (BF)";"FR";"2026-10-02";"Année académique 2022-2023 : Le Royaume du Maroc met à la disposition du Burkina Faso, cent-vingt (120) bourses d’études";"https://lefaso.netspip.php?article113781"
"Le Faso (BF)";"FR";"2026-10-02";"Décès de KAFANDO/KAZIENGA PANEMANEGO ODETTE : Faire part";"https://lefaso.netspip.php?article149401"
"Le Faso (BF)";"FR";"2026-10-02";"‎Nabalüm, dix ans de carrière : une reine ne baisse pas les bras";"https://lefaso.netspip.php?article149460"
"Le Faso (BF)";"FR";"2026-10-02";"SOUVERAINETÉ ÉCONOMIQUE : ‎Le Président du Faso inaugure la première raffinerie d’or du Burkina";"https://lefaso.netspip.php?article149600"
"Le Faso (BF)";"FR";"2026-10-02";"Santé de la reproduction : « On estime qu’il y a autour de 30 % de contribution de la planification familiale à la réduction de la (…)";"https://lefaso.netspip.php?article149601"
"Le Faso (BF)";"FR";"2026-10-02";"Décès de SAWADOGO Marie Louise : Remerciements et faire part";"https://lefaso.netspip.php?article149599"
"Le Faso (BF)";"FR";"2026-10-02";"Musique : L’artiste Tim Winsey dévoile deux nouveaux albums à Ouagadougou";"https://lefaso.netspip.php?article144306"
"Le Faso (BF)";"FR";"2026-10-02";"Littérature : « Le Blessé de guerre », quand Dié Maurice Millogo transforme les blessures de la pauvreté en force";"https://lefaso.netspip.php?article149455"
"Le Faso (BF)";"FR";"2026-10-02";"Annonce legale : vente sur saisie immobiliere sur les diligences de l’avocat poursuivant (Immeuble urbain bâti (…)";"https://lefaso.netspip.php?article149664"
"Le Faso (BF)";"FR";"2026-10-02";"Annonce legale : vente sur saisie immobilière Sur les diligences de l’Avocat poursuivant (Immeuble bâti formant la (…)";"https://lefaso.netspip.php?article149663"
"Le Faso (BF)";"FR";"2026-10-02";"Résultats du tirage du Faso Loto ETOILE BONHEUR du Jeudi 01 octobre 2026";"https://lefaso.netspip.php?article149677"
"Le Faso (BF)";"FR";"2026-10-02";"Avis de vente aux enchères publiques";"https://lefaso.netspip.php?article149669"
"Le Faso (BF)";"FR";"2026-10-02";"Recrutement d’un bureau d’étude pour l’appui technique au SP/CNF dans l’élaboration des outils opérationnels";"https://lefaso.netspip.php?article149627"
"Le Faso (BF)";"FR";"2026-10-02";"Ecobank souhaite une excellente rentrée scolaire à tous les élèves, étudiants, parents et enseignants du Burkina Faso.";"https://lefaso.netspip.php?article149604"
"Le Faso (BF)";"FR";"2026-10-02";"« L’Agora pour Elles 2026 » : Une plateforme de motivation, de formation et de mentorat pour susciter, structurer et (…)";"https://lefaso.netspip.php?article149658"
"Le Faso (BF)";"FR";"2026-10-02";"Avis de recrutement d’un Gestionnaire";"https://lefaso.netspip.php?article149657"
"Le Faso (BF)";"FR";"2026-10-02";"Décès de Madame ZOUNGRANA/KABORÉ Dakiswinigda Rose Aïda : Remerciements";"https://lefaso.netspip.php?article148376"
"Le Faso (BF)";"FR";"2026-10-02";"Messe de requiem de Dima Fidéle";"https://lefaso.netspip.php?article148292"
"Le Faso (BF)";"FR";"2026-10-02";"Décès de Sompagnimdi Philippe Honoré OUEDRAOGO : REMERCIEMENTS & FAIRE-PART";"https://lefaso.netspip.php?article148049"
"Le Faso (BF)";"FR";"2026-10-02";"Programme des obsèques de Tapsoba née Nikiema G. Rosalie";"https://lefaso.netspip.php?article148026"
"Le Faso (BF)";"FR";"2026-10-02";"In memoriam : Kaboré Sibiri Dieudonné";"https://lefaso.netspip.php?article149686"
"Le Faso (BF)";"FR";"2026-10-02";"Décès de OUEDRAOGO Stéphane : Faire part";"https://lefaso.netspip.php?article149670"
"Le Faso (BF)";"FR";"2026-10-02";"In memoriam : Mme Ouédraogo née Sawadogo Talato Natacha";"https://lefaso.netspip.php?article149648"
"Le Faso (BF)";"FR";"2026-10-02";"Décès de El-Hajj NANA SOUMAILA : Remerciements";"https://lefaso.netspip.php?article149642"
"Le Faso (BF)";"FR";"2026-10-02";"Décès de ZONGO Moussa Marcel : Remerciements";"https://lefaso.netspip.php?article149560"
"Le Faso (BF)";"FR";"2026-10-02";"Décès de Lazare ZONGO : Faire part";"https://lefaso.netspip.php?article149671"
"Le Faso (BF)";"FR";"2026-10-02";"Décès de KAGAMBEGA née ZONGO Julienne : Faire-part";"https://lefaso.netspip.php?article149647"
"Le Faso (BF)";"FR";"2026-10-02";"Avis de décès : Dr Elhadj DIARRA P. C. Osmane";"https://lefaso.netspip.php?article149653"
"Le Faso (BF)";"FR";"2026-10-02";"Sciences : Gaëlle Koné est partie de la curiosité pour les cellules à la recherche d’une piste contre le cancer";"https://lefaso.netspip.php?article149613"
"Le Faso (BF)";"FR";"2026-10-02";"Coopération : Evelyne Dabiré nommée ambassadrice extraordinaire  et plénipotentiaire du Canada près le Bénin";"https://lefaso.netspip.php?article147766"
"Le Faso (BF)";"FR";"2026-10-02";"Fraude financière : La BCEAO alerte sur une fausse vidéo utilisant l’image de son gouverneur, Jean-Claude Kassi Brou";"https://lefaso.netspip.php?article149324"
"Le Faso (BF)";"FR";"2026-10-02";"Maroc : Fatima Ezzahra El Mansouri, première femme nommée à la tête du gouvernement";"https://lefaso.netspip.php?article149633"
"Le Faso (BF)";"FR";"2026-10-02";"Modernisation des services consulaires : Le Burkina Faso lance YORI ID aux États-Unis";"https://lefaso.netspip.php?article149615"
"Le Faso (BF)";"FR";"2026-10-02";"Faune sauvage : Un crocodile capturé dans un cabaret au secteur 3 de Fada N’Gourma";"https://lefaso.netspip.php?article149406"
"Le Faso (BF)";"FR";"2026-10-02";"Dynamiques organisationnelles et interactions des acteurs de la filière bétail-viande au Burkina Faso";"https://lefaso.netspip.php?article149344"
"Le Faso (BF)";"FR";"2026-10-02";"Comment s’adapter aux effets des changements climatiques dans la commune rurale de Koumbia au Burkina Faso";"https://lefaso.netspip.php?article149339"
"Le Faso (BF)";"FR";"2026-10-02";"Perceptions et stratégies d’adaptation des agropasteurs du changement climatique au Burkina Faso";"https://lefaso.netspip.php?article149338"
"Le Faso (BF)";"FR";"2026-10-02";"Décès de El-Hajj NANA SOUMAILA : Remerciements";"https://lefaso.netspip.php?article149642#forum"
"Le Faso (BF)";"FR";"2026-10-02";"Statut de la réserve militaire : Deux catégories de réservistes prévues par le texte";"https://lefaso.netspip.php?article146748#forum"
"Le Faso (BF)";"FR";"2026-10-02";"Maroc : Fatima Ezzahra El Mansouri, première femme nommée à la tête du gouvernement";"https://lefaso.netspip.php?article149633#forum"
"Le Faso (BF)";"FR";"2026-10-02";"Relations internationales : Israël de plus en plus isolé et décrié";"https://lefaso.netspip.php?article149577#forum"
"Le Faso (BF)";"FR";"2026-10-02";"Ouagadougou : L’ABNORM ferme quatre boulangeries pour non conformité du poids du pain ‎";"https://lefaso.netspip.php?article149661#forum"
"Le Faso (BF)";"FR";"2026-10-02";"Volontariat national : Le Burkina Faso ambitionne de constituer un vivier d’un million de réservistes en cinq ans";"https://lefaso.netspip.php?article149349#forum"
"Le Faso (BF)";"FR";"2026-10-02";"Burkina : Les députés adoptent à l’unanimité la loi de finances rectificative pour l’exécution du budget de l’État, exercice 2026";"https://lefaso.netspip.php?article149454#forum"
"Le Faso (BF)";"FR";"2026-10-02";"Nuit de la RPP : Burkinabè et Africains soutiennent le capitaine Ibrahim Traoré dans une ""mobilisation historique et exceptionnelle""";"https://lefaso.netspip.php?article149654#forum"
"Le Faso (BF)";"FR";"2026-10-02";"GIZ : Appel à proposition pour des travaux d’installations électriques à Fada N’Gourma";"https://lefaso.netspip.php?article144705#forum"
"Le Faso (BF)";"FR";"2026-10-02";"Bobo-Dioulasso : La CNSS outille des employeurs sur la plateforme e-CNSS";"https://lefaso.netspip.php?article149643#forum"
"Le Faso (BF)";"FR";"2026-10-02";"SOUVERAINETÉ ÉCONOMIQUE : ‎Le Président du Faso inaugure la première raffinerie d’or du Burkina";"https://lefaso.netspip.php?article149600#forum"
"Le Faso (BF)";"FR";"2026-10-02";"Fonds de soutien patriotique : Plus de 250 milliards de FCFA mobilisés au 29 septembre 2026";"https://lefaso.netspip.php?article149635#forum"
"Le Faso (BF)";"FR";"2026-10-02";"Burkina Faso : « CultivaTech ne supprime pas l’engrais, elle supprime le hasard », explique Wendkuuni Ben Ahmad Tapsoba";"https://lefaso.netspip.php?article149612#forum"
"Le Faso (BF)";"FR";"2026-10-02";"Santé militaire dans l’AES : Le Burkina Faso prend la présidence du Réseau sahélien de médecine militaire";"https://lefaso.netspip.php?article149068#forum"
"Le Faso (BF)";"FR";"2026-10-02";"Les 100 Visages du Burkina Digital : Haoua Koné-Tago, ouvrir les portes du numérique aux femmes et à l’éducation";"https://lefaso.netspip.php?article149629#forum"
"Le Faso (BF)";"FR";"2026-10-02";"Le président du Faso, capitaine Ibrahim Traoré : « Que ce soit au Burkina ou partout en Afrique, je pense que les gens commencent à comprendre, à s’intéresser à ce que nous faisons »";"https://lefaso.netspip.php?article149555#forum"
"Le Faso (BF)";"FR";"2026-10-02";"Raffinerie d’or au Burkina : La société civile dort tranquille mais reste éveillée";"https://lefaso.netspip.php?article149621#forum"
"Le Faso (BF)";"FR";"2026-10-02";"A propos...";"https://lefaso.net/spip.php?article29&rubrique17"
"Le Faso (BF)";"FR";"2026-10-02";"Publicité";"https://lefaso.net/spip.php?article5736&rubrique17t"
"Le Faso (BF)";"FR";"2026-10-02";"Partenariat";"https://lefaso.net/spip.php?article30&rubrique17"
"Le Faso (BF)";"FR";"2026-10-02";"Nous contacter";"https://lefaso.net/spip.php?article32&rubrique17"
"La Nation (BJ)";"FR";"2026-10-02";"Investissements stratégiques en Afrique de l'Ouest: 390 millions de dollars approuvés";"https://lanation.bj/economie/investissements-strategiques-en-afrique-de-louest-390-millions-de-dollars-approuves"
"La Nation (BJ)";"FR";"2026-10-02";"02 oct. 2026";"https://lanation.bj/economie/investissements-strategiques-en-afrique-de-louest-390-millions-de-dollars-approuves"
"La Nation (BJ)";"FR";"2026-10-02";"Lutte contre les flux financiers illicites: La prédominance du cash, un défi pour la traçabilité financière";"https://lanation.bj/economie/lutte-contre-les-flux-financiers-illicites-la-predominance-du-cash-un-defi-pour-la-tracabilite-financiere"
"La Nation (BJ)";"FR";"2026-10-02";"02 oct. 2026";"https://lanation.bj/economie/lutte-contre-les-flux-financiers-illicites-la-predominance-du-cash-un-defi-pour-la-tracabilite-financiere"
"La Nation (BJ)";"FR";"2026-10-02";"Participation du Bénin au Forum Alamein Africa en Egypte et relations entre les deux pays: L'ambassadrice Ragaa Elwakeel évoque les grands enjeux";"https://lanation.bj/economie/participation-du-benin-au-forum-alamein-africa-en-egypte-et-relations-entre-les-deux-pays-lambassadrice-ragaa-elwakeel-evoque-les-grands-enjeux"
"La Nation (BJ)";"FR";"2026-10-02";"02 oct. 2026";"https://lanation.bj/economie/participation-du-benin-au-forum-alamein-africa-en-egypte-et-relations-entre-les-deux-pays-lambassadrice-ragaa-elwakeel-evoque-les-grands-enjeux"
"La Nation (BJ)";"FR";"2026-10-02";"Lutte contre les flux financiers illicites: La prédominance du cash, un défi pour la traçabilité financière
                            
                                                            Lecture de 3 min";"https://lanation.bj/economie/lutte-contre-les-flux-financiers-illicites-la-predominance-du-cash-un-defi-pour-la-tracabilite-financiere"
"La Nation (BJ)";"FR";"2026-10-02";"Participation du Bénin au Forum Alamein Africa en Egypte et relations entre les deux pays: L'ambassadrice Ragaa Elwakeel évoque les grands enjeux
                            
                                                            Lecture de 3 min";"https://lanation.bj/economie/participation-du-benin-au-forum-alamein-africa-en-egypte-et-relations-entre-les-deux-pays-lambassadrice-ragaa-elwakeel-evoque-les-grands-enjeux"
"La Nation (BJ)";"FR";"2026-10-02";"Bénin : six cents milliards de francs CFA pour booster le tourisme en 2027
                            
                                                            Lecture de 2 min";"https://lanation.bj/economie/benin-six-cents-milliards-de-francs-cfa-pour-booster-le-tourisme-en-2027"
"La Nation (BJ)";"FR";"2026-10-02";"Programme CyberIncub: Trois startups béninoises de cybersécurité distinguées";"https://lanation.bj/economie/programme-cyberincub-trois-startups-beninoises-de-cybersecurite-distinguees"
"La Nation (BJ)";"FR";"2026-10-02";"Secteur agricole à l'horizon 2033: Cap sur l'industrialisation et le bien-être des producteurs";"https://lanation.bj/economie/secteur-agricole-a-lhorizon-2033-cap-sur-lindustrialisation-et-le-bien-etre-des-producteurs"
"Graphic Online (GH)";"EN";"2026-10-02";"Politics";"/news/politics.html"
"Graphic Online (GH)";"EN";"2026-10-02";"Business News";"/business/business-news.html"
"Graphic Online (GH)";"EN";"2026-10-02";"Companies";"/business/gb-companies.html?types[0]=1"
"Graphic Online (GH)";"EN";"2026-10-02";"Markets";"/business/markets.html?types[0]=1"
"Graphic Online (GH)";"EN";"2026-10-02";"Opinion";"/business/opinion.html?types[0]=1"
"Graphic Online (GH)";"EN";"2026-10-02";"Auto News";"/business/ghana-auto-industry-news.html?types[0]=1"
"Graphic Online (GH)";"EN";"2026-10-02";"Tullow to cough up $393m tax - Loses legal battle against GRA";"/news/general-news/ghana-news-tullow-to-cough-up-393m-tax-loses-legal-battle-against-gra.html"
"Graphic Online (GH)";"EN";"2026-10-02";"Review offshore gold reconnaissance licences - CSOs to govt";"/news/general-news/ghana-news-review-offshore-gold-reconnaissance-licences-csos-to-govt.html"
"Graphic Online (GH)";"EN";"2026-10-02";"Societe Generale exits Ghana, sells stake to Attijariwafa Bank...";"/business/business-news/societe-generale-exits-ghana-sells-stake-to-attijariwafa-bank-and-ssnit.html"
"Graphic Online (GH)";"EN";"2026-10-02";"GAPTE must stick to advertised times for the contra-flow system — Local Minister";"/news/general-news/ghana-news-gapte-must-stick-to-advertised-times-for-the-contra-flow-system-local-minister.html"
"Graphic Online (GH)";"EN";"2026-10-02";"TraffiTech-GH: Emergency, security vehicles exempt from speeding tickets";"/news/general-news/ghana-news-traffitech-gh-emergency-security-vehicles-exempt-from-speeding-tickets.html"
"Graphic Online (GH)";"EN";"2026-10-02";"See list of latest 110 unrecognised institutions by GTEC as of end of September 2026 due to quality assurance concerns";"/news/education/see-list-of-latest-110-unrecognised-institutions-by-gtec-as-of-end-of-september-2026-due-to-quality-assurance-concerns.html"
"Graphic Online (GH)";"EN";"2026-10-02";"CSSPS Resolution Centre resolves over 30,000 issues";"/news/education/ghana-news-cssps-resolution-centre-resolves-over-30-000-issues.html"
"Graphic Online (GH)";"EN";"2026-10-02";"Hohoe floods recede, 5,336 homeless";"/news/general-news/ghana-news-hohoe-floods-recede-5-336-homeless.html"
"Graphic Online (GH)";"EN";"2026-10-02";"Ghana Law Society launched at maiden annual conference";"/news/general-news/ghana-news-ghana-law-society-launched-at-maiden-annual-conference.html"
"Graphic Online (GH)";"EN";"2026-10-02";"GoldBod generates $1.8bn in foreign exchange in September - Exceeds target by $471m";"/news/general-news/ghana-news-goldbod-generates-1-8bn-in-foreign-exchange-in-september-exceeds-target-by-471m.html"
"Graphic Online (GH)";"EN";"2026-10-02";"New association for lawyers, Ghana Law Society officially launched by Speaker Alban Bagbin";"/news/general-news/new-association-for-lawyers-ghana-law-society-officially-launched-by-speaker-alban-bagbin.html"
"Graphic Online (GH)";"EN";"2026-10-02";"Roads Minister says it is time to change one-year defect liability period for contractors, consultants";"/news/general-news/roads-minister-says-it-is-time-to-change-one-year-defect-liability-period-for-contractors-consultants.html"
"Graphic Online (GH)";"EN";"2026-10-02";"BoG’s personnel costs double to GH¢3.29bn in 3 years";"/business/business-news/but-governor-says-more-hands-needed-for-evolving-mandate.html"
"Graphic Online (GH)";"EN";"2026-10-02";"VIDEO: ‘Stop rewarding people with bitter tongues’ - Speaker Bagbin  to political leaders";"/news/politics/stop-rewarding-people-with-bitter-tongues-speaker-bagbin-to-political-leaders.html"
"Graphic Online (GH)";"EN";"2026-10-02";"Ghana wins US$393m Tullow tax arbitration";"/news/general-news/ghana-wins-us-393m-tullow-tax-arbitration.html"
"Graphic Online (GH)";"EN";"2026-10-02";"Akyem Hemang residents demand justice for man shot and killed at mining site by suspected military men";"/news/general-news/akyem-hemang-residents-demand-justice-for-man-shot-and-killed-at-mining-site-by-suspect-military-men.html"
"Graphic Online (GH)";"EN";"2026-10-02";"US health aid to Ghana not cut abruptly: 3-Year releases planned before USAID closure — US Embassy";"/news/general-news/ghana-news-us-health-aid-to-ghana-not-cut-abruptly-3-year-releases-planned-before-usaid-closure-us-embassy.html"
"Graphic Online (GH)";"EN";"2026-10-02";"MTN moves to bridge digital gap among SMEs";"/news/general-news/mtn-moves-to-bridge-digital-gap-among-smes.html"
"Graphic Online (GH)";"EN";"2026-10-02";"GES directs school heads to refund unauthorised fees";"/news/education/ghana-news-ges-directs-school-heads-to-refund-unauthorised-fees.html"
"Graphic Online (GH)";"EN";"2026-10-02";"Narcotics seizures: Speaker Bagbin dismisses Private Members’ motion calling for parliamentary probe";"/news/politics/narcotics-seizures-speaker-bagbin-dismisses-private-members-motion-calling-for-parliamentary-probe.html"
"Graphic Online (GH)";"EN";"2026-10-02";"Speaker backs President’s call for national dialogue on hate speech";"/news/politics/speaker-backs-presidents-call-for-national-dialogue-on-hate-speech.html"
"Graphic Online (GH)";"EN";"2026-10-02";"57-year-old New York man identified as Yaw Boahene killed after bag was caught in subway train doors";"/news/general-news/new-york-man-identified-as-yaw-boahene-killed-after-bag-was-caught-in-subway-train-doors.html"
"Graphic Online (GH)";"EN";"2026-10-02";"Police reschedule full implementation of automated traffic law enforcement programme (TRAFFITECH-GH) from Oct 1 to Nov 1";"/news/general-news/traffitech-gh-implementation-rescheduled-to-november-1.html"
"Graphic Online (GH)";"EN";"2026-10-02";"Auditor-General to track audit recommendations as GH¢280.5m in surcharges remains unpaid";"/news/general-news/auditor-general-to-launch-audit-tracker-as-pac-chair-says-ghc280-5m-in-surcharges-remains-unpaid.html"
"Graphic Online (GH)";"EN";"2026-10-02";"Ghanaian nurses to enjoy enhanced salaries, insurance, rent allowance under new Ghana–Saint Kitts agreement";"/news/general-news/ghanaian-nurses-to-enjoy-enhanced-salaries-insurance-rent-allowance-under-new-ghana-saint-kitts-agreement.html"
"Graphic Online (GH)";"EN";"2026-10-02";"Philippines to open Embassy in Ghana for the first time";"/news/general-news/philippines-to-open-embassy-in-ghana-for-the-first-time.html"
"Graphic Online (GH)";"EN";"2026-10-02";"Govt urges unions to call off strike - Commits to resolve outstanding issues";"/news/general-news/ghana-news-govt-urges-unions-to-call-off-strike-commits-to-resolve-outstanding-issues.html"
"Graphic Online (GH)";"EN";"2026-10-02";"Tema Port: Customs intercept assault rifle, two pistols and 610 rounds of ammunition being smuggled into Ghana";"/news/general-news/customs-intercepts-assault-rifle-two-pistols-and-610-rounds-of-ammunition-being-smuggled-into-ghana-at-tema-port.html"
"Graphic Online (GH)";"EN";"2026-10-02";"Four confirmed dead, one injured in dawn crash involving Voxy and truck at Anyinasin Junction on Accra-Kumasi N1 highway crash";"/news/general-news/four-dead-one-injured-in-anyinasin-junction-highway-crash.html"
"Graphic Online (GH)";"EN";"2026-10-02";"Police provide details on how 3 arrested suspects were involved in kidnap, murder of Circle phone dealer Nana Yaw Kyere at Teshie";"/news/general-news/police-provide-details-on-how-3-arrested-suspects-were-involved-in-kidnap-murder-of-circle-phone-dealer-nana-yaw-kyere-at-teshie-and-how-they-transported-his-body-to-community-18-to-burn-it-to-conceal-evidence.html"
"Graphic Online (GH)";"EN";"2026-10-02";"Special traffic arrangement for faster movement of Aayalolo buses in Accra beginning Tuesday Sept 29";"/news/general-news/govt-introduces-contra-flow-for-ayalolo-buses-from-september-29.html"
"Graphic Online (GH)";"EN";"2026-10-02";"Second Deputy Governor of BoG Matilda Asante-Asiedu replaces Governor Asiama on GoldBod";"/news/general-news/second-deputy-governor-of-bog-matilda-asante-asiedu-replaces-governor-asiama-on-goldbod.html"
"Graphic Online (GH)";"EN";"2026-10-02";"Two dead in road crash at Kpetoe-Sarakope";"/news/general-news/two-dead-in-road-crash-at-kpetoe-sarakope-on-accra-aflao-n1-highway.html"
"Graphic Online (GH)";"EN";"2026-10-02";"Media must strengthen fact-checking to fight information disorder - President’s Legal Advisor";"/news/general-news/ghana-news-media-must-strengthen-fact-checking-to-fight-information-disorder-presidents-legal-advisor.html"
"Graphic Online (GH)";"EN";"2026-10-02";"Deputy Attorney-General Srem-Sai on why EOCO moved in to arrest Manhyia South MP Baffour Awuah last week";"/news/general-news/why-eoco-moved-to-arrest-baffour-awuah-before-warrant-srem-sai-explains.html"
"Graphic Online (GH)";"EN";"2026-10-02";"Societe Generale exits Ghana, sells stake to Attijariwafa Bank and SSNIT";"/business/business-news/societe-generale-exits-ghana-sells-stake-to-attijariwafa-bank-and-ssnit.html"
"Graphic Online (GH)";"EN";"2026-10-02";"Fire Service controls Avenor fire incident [VIDEO]";"/news/general-news/fire-outbreak-at-avenor-in-accra.html"
"Graphic Online (GH)";"EN";"2026-10-02";"Midea Building Technologies West Africa reaffirms commitment to West Africa";"/news/general-news/midea-building-technologies-west-africa-reaffirms-commitment-to-west-africa.html"
"Graphic Online (GH)";"EN";"2026-10-02";"Ghana Politics";"/news/politics.html"
"Graphic Online (GH)";"EN";"2026-10-02";"General News";"/news/general-news.html"
"Graphic Online (GH)";"EN";"2026-10-02";"Education News";"/news/education.html"
"Graphic Online (GH)";"EN";"2026-10-02";"News in Ghana";"/news/general-news.html"
"Malijet (ML)";"FR";"2026-10-02";"Politique";"https://malijet.com/actualite-politique-au-mali"
"Malijet (ML)";"FR";"2026-10-02";"Economie";"https://malijet.com/actualite_economique_du_mali"
"Malijet (ML)";"FR";"2026-10-02";"Sports";"https://malijet.com/actualite_sportive_au_mali"
"Malijet (ML)";"FR";"2026-10-02";"Culture";"https://malijet.com/actualite_culturelle_au_mali"
"Malijet (ML)";"FR";"2026-10-02";"International";"https://malijet.com/actualite_internationale"
"Malijet (ML)";"FR";"2026-10-02";"AES";"https://malijet.com/actualite-sur-aes"
"Malijet (ML)";"FR";"2026-10-02";"Afrique";"https://malijet.com/actualite-sur-afrique"
"Malijet (ML)";"FR";"2026-10-02";"Célébration du 66ᵉ anniversaire de l’Armée de Terre malienne";"https://malijet.com/actualite_de_la_nation_malienne/312134-celebration-du-66-anniversaire-de-larmee-de-terre-malienne.html"
"Malijet (ML)";"FR";"2026-10-02";"Carnet d’audience: Chambre de commerce et d’industrie du Mali CCIM";"https://malijet.com/actualite_economique_du_mali/312104-carnet-daudience-chambre-de-commerce-et-dindustrie-du-mal.html"
"Malijet (ML)";"FR";"2026-10-02";"Mines : Le Burkina Faso inaugure sa première raffinerie d'or, un « acte de souveraineté assumée »";"https://malijet.com/actualite_economique_du_mali/312078-mines-le-burkina-faso-inaugure-sa-premiere-raffinerie-dor.html"
"Malijet (ML)";"FR";"2026-10-02";"Addis-Abeba : le Mali met en avant sa diplomatie et ses relations avec l’Éthiopie";"https://malijet.com/actualite-politique-au-mali/312053-addis-abeba-le-mali-met-en-avant-sa-diplomatie-et-ses-rela.html"
"Malijet (ML)";"FR";"2026-10-02";"Intégration économique : L'AES prépare son 5e sommet ministériel à Bamako";"https://malijet.com/actualite_economique_du_mali/312035-integration-economique-laes-prepare-son-5e-sommet-ministe.html"
"Malijet (ML)";"FR";"2026-10-02";"UFOA-A U20 : le Mali connaît ses adversaires";"https://malijet.com/actualite_sportive_au_mali/312133-ufoa-a-u20-le-mali-connait-ses-adversaires.html"
"Malijet (ML)";"FR";"2026-10-02";"Sondage CGTN: La « Golden Week » témoigne de la vigueur de l'économie des vacances en Chine";"https://malijet.com/actualite_internationale/312132-sondage-cgtn-la-golden-week-temoigne-de-la-vigueur-de-l.html"
"Malijet (ML)";"FR";"2026-10-02";"Guinée : Mamadi Doumbouya place la jeunesse et la souveraineté au cœur du 68ᵉ anniversaire de l'indépendance";"https://malijet.com/actualite-sur-afrique/312131-guinee-mamadi-doumbouya-place-la-jeunesse-et-la-souveraine.html"
"Malijet (ML)";"FR";"2026-10-02";"Amical : le Mali et le Maroc se neutralisent à Rabat";"https://malijet.com/actualite_sportive_au_mali/312130-amical-le-mali-et-le-maroc-se-neutralisent-a-rabat.html"
"Malijet (ML)";"FR";"2026-10-02";"Sénégal : L'Assemblée nationale adopte un texte pour mieux encadrer les dépenses de souveraineté";"https://malijet.com/actualite-sur-afrique/312129-senegal-lassemblee-nationale-adopte-un-texte-pour-mieux-e.html"
"Malijet (ML)";"FR";"2026-10-02";"UFOA-A U-20 : le tirage au sort du tournoi effectué à Bamako";"https://malijet.com/actualite_sportive_au_mali/312128-ufoa-a-u-20-le-tirage-au-sort-du-tournoi-effectue-a-bamako.html"
"Malijet (ML)";"FR";"2026-10-02";"Basketball : fin de l’Interligues 2026";"https://malijet.com/actualite_sportive_au_mali/312126-basketball-fin-de-linterligues-2026.html"
"Malijet (ML)";"FR";"2026-10-02";"Basketball : les candidatures ouvertes pour la présidence de la FEMBB";"https://malijet.com/actualite_sportive_au_mali/312124-basketball-les-candidatures-ouvertes-pour-la-presidence-de.html"
"Malijet (ML)";"FR";"2026-10-02";"Assemblée nationale ivoirienne : Le député Coulibaly Fononna Cheik Ahmed prend part à l'ouverture de la 2ème session ordinaire de 2026";"https://malijet.com/actualite-sur-afrique/312123-assemblee-nationale-ivoirienne-le-depute-coulibaly-fononna.html"
"Malijet (ML)";"FR";"2026-10-02";"Voir tout →";"https://malijet.com/actualite-politique-au-mali"
"Malijet (ML)";"FR";"2026-10-02";"Diplomatie : Abdoulaye Diop clôture sa mission à New York avec l'Iran et l'ONU";"https://malijet.com/actualite-politique-au-mali/312086-diplomatie-abdoulaye-diop-cloture-sa-mission-a-new-york-av.html"
"Malijet (ML)";"FR";"2026-10-02";"Diplomatie : Abdoulaye Diop multiplie les échanges à New York";"https://malijet.com/actualite-politique-au-mali/312041-diplomatie-abdoulaye-diop-multiplie-les-echanges-a-new-yor.html"
"Malijet (ML)";"FR";"2026-10-02";"Mali-Suisse : échanges sur la gouvernance des migrations et la mobilité";"https://malijet.com/actualite-politique-au-mali/312017-mali-suisse-echanges-sur-la-gouvernance-des-migrations-et.html"
"Malijet (ML)";"FR";"2026-10-02";"Voir tout →";"https://malijet.com/actualite_economique_du_mali"
"Malijet (ML)";"FR";"2026-10-02";"Le lancement du forum d’investissement de la CEDEAO 2027 mobilise investisseurs et partenaires en faveur de la transformation de l’Afrique de l’ouest";"https://malijet.com/actualite_economique_du_mali/312116-le-lancement-du-forum-dinvestissement-de-la-cedeao-2027-mob.html"
"Malijet (ML)";"FR";"2026-10-02";"Mali : création d’une Agence pour la recherche et le développement des ressources minérales";"https://malijet.com/actualite_economique_du_mali/312110-mali-creation-dune-agence-pour-la-recherche-et-le-develop.html"
"Malijet (ML)";"FR";"2026-10-02";"Mali-Royaume-Uni : la CCIM prépare une mission économique à Londres";"https://malijet.com/actualite_economique_du_mali/312103-mali-royaume-uni-la-ccim-prepare-une-mission-economique-a.html"
"Malijet (ML)";"FR";"2026-10-02";"Voir tout →";"https://malijet.com/actualite_sportive_au_mali"
"Malijet (ML)";"FR";"2026-10-02";"Voir tout →";"https://malijet.com/actualite_internationale"
"Malijet (ML)";"FR";"2026-10-02";"Flydubai : bagarre, tentative de suicide, 11 septembre évité… ce que l’on sait de l’incident en plein vol";"https://malijet.com/actualite_internationale/312117-flydubai-bagarre-tentative-de-suicide-11-septembre-evite.html"
"Malijet (ML)";"FR";"2026-10-02";"Iran : une chanteuse condamnée à 74 coups de fouet";"https://malijet.com/actualite_internationale/312075-iran-une-chanteuse-condamnee-a-74-coups-de-fouet.html"
"Malijet (ML)";"FR";"2026-10-02";"Crash d'Air Algérie : la compagnie Swiftair condamnée à une amende de 225.000 euros pour homicides involontaires";"https://malijet.com/actualite_internationale/312064-crash-dair-algerie-la-compagnie-swiftair-condamnee-a-une.html"
"Malijet (ML)";"FR";"2026-10-02";"Voir tout →";"https://malijet.com/actualite-sur-aes"
"Malijet (ML)";"FR";"2026-10-02";"Jeunesse : L'AES lance son Université d'été des volontaires à Niamey pour bâtir une citoyenneté sahélienne commune";"https://malijet.com/actualite-sur-aes/312084-jeunesse-laes-lance-son-universite-dete-des-volontaires.html"
"Malijet (ML)";"FR";"2026-10-02";"AES : les ministres de l’Industrie et du Commerce adoptent une feuille de route à Bamako";"https://malijet.com/actualite-sur-aes/312083-aes-les-ministres-de-lindustrie-et-du-commerce-adoptent-u.html"
"Malijet (ML)";"FR";"2026-10-02";"AES : Abdoulaye Maïga échange avec les ministres de l’Industrie et du Commerce";"https://malijet.com/actualite-sur-aes/312068-aes-abdoulaye-maiga-echange-avec-les-ministres-de-lindust.html"
"Malijet (ML)";"FR";"2026-10-02";"Diplomatie : L'AES et la Russie renforcent leur partenariat stratégique à New York";"https://malijet.com/actualite-sur-aes/312014-diplomatie-laes-et-la-russie-renforcent-leur-partenariat.html"
"Malijet (ML)";"FR";"2026-10-02";"Transport : Le Mali crée sa Société nationale de Transport et de Logistique
                
                                        3 commentaires
                                    
                il y a 6 jours";"https://malijet.com/actualite_economique_du_mali/312030-transport-le-mali-cree-sa-societe-nationale-de-transport-e.html"
"Malijet (ML)";"FR";"2026-10-02";"Mines : Le Burkina Faso inaugure sa première raffinerie d'or, un « acte de souveraineté assumée »
                
                                    
                il y a 3 jours";"https://malijet.com/actualite_economique_du_mali/312078-mines-le-burkina-faso-inaugure-sa-premiere-raffinerie-dor.html"
"Malijet (ML)";"FR";"2026-10-02";"Guinée : Mamadi Doumbouya place la jeunesse et la souveraineté au cœur du 68ᵉ anniversaire de l'indépendance
                                        il y a 41 minutes";"https://malijet.com/actualite-sur-afrique/312131-guinee-mamadi-doumbouya-place-la-jeunesse-et-la-souveraine.html"
"Malijet (ML)";"FR";"2026-10-02";"Sénégal : L'Assemblée nationale adopte un texte pour mieux encadrer les dépenses de souveraineté
                                        il y a 9 heures";"https://malijet.com/actualite-sur-afrique/312129-senegal-lassemblee-nationale-adopte-un-texte-pour-mieux-e.html"
"Malijet (ML)";"FR";"2026-10-02";"Assemblée nationale ivoirienne : Le député Coulibaly Fononna Cheik Ahmed prend part à l'ouverture de la 2ème session ordinaire de 2026
                                        il y a 10 heures";"https://malijet.com/actualite-sur-afrique/312123-assemblee-nationale-ivoirienne-le-depute-coulibaly-fononna.html"
"Malijet (ML)";"FR";"2026-10-02";"Interpol enquête sur Air Sénégal : colis, drogue et soupçons de trafic
                                        il y a 1 jour";"https://malijet.com/actualite-sur-afrique/312102-interpol-enquete-sur-air-senegal-colis-drogue-et-soupcons.html"
"Malijet (ML)";"FR";"2026-10-02";"Maroc : Fatima Ezzahra El Mansouri nommée cheffe du gouvernement
                                        il y a 1 jour";"https://malijet.com/actualite-sur-afrique/312098-maroc-fatima-ezzahra-el-mansouri-nommee-cheffe-du-gouverne.html"
"Malijet (ML)";"FR";"2026-10-02";"Guinée-Bissau : Embaló annonce sa candidature à la présidentielle
                                        il y a 2 jours";"https://malijet.com/actualite-sur-afrique/312087-guinee-bissau-embalo-annonce-sa-candidature-a-la-president.html"
"Malijet (ML)";"FR";"2026-10-02";"Le chanteur Kizz Daniel annonce le décès de sa mère un an après celui de sa belle-mère
                                        il y a 5 jours";"https://malijet.com/actualite-sur-afrique/312044-le-chanteur-kizz-daniel-annonce-le-deces-de-sa-mere-un-an-ap.html"
"Malijet (ML)";"FR";"2026-10-02";"Sénégal : Le lutteur Reug Reug placé en garde à vue pour une affaire présumée de faux billets
                                        il y a 5 jours";"https://malijet.com/actualite-sur-afrique/312042-senegal-le-lutteur-reug-reug-place-en-garde-a-vue-pour-une.html"
"Malijet (ML)";"FR";"2026-10-02";"Médias : La HAC ordonne l'interdiction immédiate de quatre Web TV en Guinée
                                        il y a 5 jours";"https://malijet.com/actualite-sur-afrique/312040-medias-la-hac-ordonne-linterdiction-immediate-de-quatre-w.html"
"Malijet (ML)";"FR";"2026-10-02";"Burkina Faso : Le gouvernement serre la vis sur les ONG pour garantir l'impact des financements
                                        il y a 1 semaine";"https://malijet.com/actualite-sur-afrique/312018-burkina-faso-le-gouvernement-serre-la-vis-sur-les-ong-pour.html"
"Malijet (ML)";"FR";"2026-10-02";"Sondage CGTN: La « Golden Week » témoigne de la vigueur de l'économie des vacances en Chine
                                        il y a 36 minutes";"https://malijet.com/actualite_internationale/312132-sondage-cgtn-la-golden-week-temoigne-de-la-vigueur-de-l.html"
"Malijet (ML)";"FR";"2026-10-02";"Flydubai : bagarre, tentative de suicide, 11 septembre évité… ce que l’on sait de l’incident en plein vol
                                        il y a 21 heures";"https://malijet.com/actualite_internationale/312117-flydubai-bagarre-tentative-de-suicide-11-septembre-evite.html"
"Malijet (ML)";"FR";"2026-10-02";"Iran : une chanteuse condamnée à 74 coups de fouet
                                        il y a 3 jours";"https://malijet.com/actualite_internationale/312075-iran-une-chanteuse-condamnee-a-74-coups-de-fouet.html"
"Malijet (ML)";"FR";"2026-10-02";"Crash d'Air Algérie : la compagnie Swiftair condamnée à une amende de 225.000 euros pour homicides involontaires
                                        il y a 3 jours";"https://malijet.com/actualite_internationale/312064-crash-dair-algerie-la-compagnie-swiftair-condamnee-a-une.html"
"Malijet (ML)";"FR";"2026-10-02";"ONU : Mamadi Doumbouya présente le « modèle guinéen » à la tribune de l'Assemblée générale
                                        il y a 1 semaine";"https://malijet.com/actualite_internationale/312001-onu-mamadi-doumbouya-presente-le-modele-guineen-a-la-t.html"
"Malijet (ML)";"FR";"2026-10-02";"La Libye dépose sa candidature à un siège de membre non permanent du Conseil de sécurité de l’ONU
                                        il y a 1 semaine";"https://malijet.com/actualite_internationale/311998-la-libye-depose-sa-candidature-a-un-siege-de-membre-non-perm.html"
"Malijet (ML)";"FR";"2026-10-02";"Visite d'État du président Xi Jinping aux États-Unis : « Collaboration structurée, gestion maîtrisée des divergences, responsabilité mondiale partagée »
                                        il y a 1 semaine";"https://malijet.com/actualite_internationale/311996-visite-detat-du-president-xi-jinping-aux-etats-unis-col.html"
"Malijet (ML)";"FR";"2026-10-02";"ONU : António Guterres appelle à l'unité face à un monde « fracturé »
                                        il y a 1 semaine";"https://malijet.com/actualite_internationale/311978-onu-antonio-guterres-appelle-a-lunite-face-a-un-monde-f.html"
"Malijet (ML)";"FR";"2026-10-02";"Réunion de la direction du PCC pour étudier des questions importantes relatives à l'autogouvernance du Parti et fixer les dates du prochain plénum du Parti
                                        il y a 1 semaine";"https://malijet.com/actualite_internationale/311970-reunion-de-la-direction-du-pcc-pour-etudier-des-questions-im.html"
"Malijet (ML)";"FR";"2026-10-02";"Gambie : Les États-Unis restituent 2,5 millions de dollars saisis à l’ancien président Yahya Jammeh
                                        il y a 1 semaine";"https://malijet.com/actualite_internationale/311964-gambie-les-etats-unis-restituent-25-millions-de-dollars-s.html"
"Malijet (ML)";"FR";"2026-10-02";"Transport : Le Mali crée sa Société nationale de Transport et de Logistique
                    3 commentaires
                    il y a 6 jours";"https://malijet.com/actualite_economique_du_mali/312030-transport-le-mali-cree-sa-societe-nationale-de-transport-e.html"
"Malijet (ML)";"FR";"2026-10-02";"Mali : création d’une Agence pour la recherche et le développement des ressources minérales
                    2 commentaires
                    il y a 1 jour";"https://malijet.com/actualite_economique_du_mali/312110-mali-creation-dune-agence-pour-la-recherche-et-le-develop.html"
"Malijet (ML)";"FR";"2026-10-02";"Économie";"https://malijet.com/actualite_economique_du_mali"
