"Source";"Language";"Date";"Title";"URL"
"VRT NWS (EN)";"EN";"2026-09-25";"Ziekenhuis in Genk gooit maandelijks tientallen uniformen weg door vergeten balpennen: ""Kost ons een behoorlijke som""";"https://www.vrt.be/vrtnws/nl/2026/09/24/zol-genk-inktvlekken-uniformen/?utm_source=corporate&utm_medium=referral&utm_campaign=rssfeed&utm_content=vrt-nws"
"VRT NWS (EN)";"EN";"2026-09-25";"Queerpersonen getuigen over veiligheidsgevoel in Leuven net voor beladen Pride: ""Gescheld en schouderstoten horen erbij""";"https://www.vrt.be/vrtnws/nl/2026/09/17/leuven-pride-veiligheidsgevoel-uitgaansleven-lgbt/?utm_source=corporate&utm_medium=referral&utm_campaign=rssfeed&utm_content=vrt-nws"
"VRT NWS (EN)";"EN";"2026-09-25";"Toeschouwer die gewond raakte tijdens moordpoging op Trump in 2024 is overleden";"https://www.vrt.be/vrtnws/nl/2026/09/25/toeschouwer-die-gewond-raakte-tijdens-moordpoging-op-trump-in-20/?utm_source=corporate&utm_medium=referral&utm_campaign=rssfeed&utm_content=vrt-nws"
"VRT NWS (EN)";"EN";"2026-09-25";"Kleuter (3) die zich had verslikt tijdens middagpauze op school in Antwerpen is overleden";"https://www.vrt.be/vrtnws/nl/2026/09/24/kind-overleden-nadat-hij-bijna-gestikt-was/?utm_source=corporate&utm_medium=referral&utm_campaign=rssfeed&utm_content=vrt-nws"
"VRT NWS (EN)";"EN";"2026-09-25";"12 jaar na eerste spadesteek: is Antwerpse wijk Nieuw Zuid een doodse buurt voor de 'happy few' geworden?";"https://www.vrt.be/vrtnws/nl/2026/09/24/nieuwe-wijk-nieuw-zuid-antwerpen-succes-of-niet/?utm_source=corporate&utm_medium=referral&utm_campaign=rssfeed&utm_content=vrt-nws"
"VRT NWS (EN)";"EN";"2026-09-25";"Student dreigt kot te verliezen na klachten over lift en elektriciteit, tenzij hij positieve recensie schrijft";"https://www.vrt.be/vrtnws/nl/2026/09/24/kotstudent-batuhan-diggit-vijfsterrenreview-contract-klachten-hu/?utm_source=corporate&utm_medium=referral&utm_campaign=rssfeed&utm_content=vrt-nws"
"VRT NWS (EN)";"EN";"2026-09-25";"Paus Leo XIV bezoekt Frankrijk en neemt de regie in handen, tegen Macron in";"https://www.vrt.be/vrtnws/nl/2026/09/24/paus-leo-xiv-bezoekt-frankrijk-en-neemt-de-regie-in-handen-tege/?utm_source=corporate&utm_medium=referral&utm_campaign=rssfeed&utm_content=vrt-nws"
"VRT NWS (EN)";"EN";"2026-09-25";"""Van 650 naar 200 leden"": zwemclubs worstelen met overstap naar Lago en Sportoase";"https://www.vrt.be/vrtnws/nl/2026/08/26/zwemclub-lago-sportoase-gemeente-zwembad-stad/?utm_source=corporate&utm_medium=referral&utm_campaign=rssfeed&utm_content=vrt-nws"
"VRT NWS (EN)";"EN";"2026-09-25";"26 graden in Deinze, 30 graden in Wingene: wat is de ideale zwembadtemperatuur?";"https://www.vrt.be/vrtnws/nl/2026/08/26/temperatuur-zwembad-sport-koud-warm/?utm_source=corporate&utm_medium=referral&utm_campaign=rssfeed&utm_content=vrt-nws"
"VRT NWS (EN)";"EN";"2026-09-25";"Ridderfestival of 1.700 koorzangers? Dit zijn onze 5 weekendtips";"https://www.vrt.be/vrtnws/nl/2026/09/23/weekendtips-26-27-september-ridderfestival-industriemuseum-leuve/?utm_source=corporate&utm_medium=referral&utm_campaign=rssfeed&utm_content=vrt-nws"
"VRT NWS (EN)";"EN";"2026-09-25";"Riskeert Jonatan Medart zelf een straf door zijn belagers op TikTok te tonen? ""Je speelt rechter en beul""";"https://www.vrt.be/vrtnws/nl/2026/09/24/joris-van-cauter-strafbaar-mensen-op-sociale-media-aan-schandpaa/?utm_source=corporate&utm_medium=referral&utm_campaign=rssfeed&utm_content=vrt-nws"
"VRT NWS (EN)";"EN";"2026-09-25";"Italië beperkt aantal anderstalige kinderen per klas in de basisschool";"https://www.vrt.be/vrtnws/nl/2026/09/24/italie-gaat-aantal-buitenlandse-kinderen-per-klas-verminderen/?utm_source=corporate&utm_medium=referral&utm_campaign=rssfeed&utm_content=vrt-nws"
"VRT NWS (EN)";"EN";"2026-09-25";"Vrouw van 61 aangehouden voor moord na brand in Roeselare waarbij partner stierf";"https://www.vrt.be/vrtnws/nl/2026/09/24/vrouw-aangehouden-na-dodelijke-woningbrand-roeselare/?utm_source=corporate&utm_medium=referral&utm_campaign=rssfeed&utm_content=vrt-nws"
"VRT NWS (EN)";"EN";"2026-09-25";"Douane onderschept bijna 2,4 ton cocaïne in Antwerpse haven";"https://www.vrt.be/vrtnws/nl/2026/09/24/cocaine-douane-antwerpen-bananen-zuid-amerika/?utm_source=corporate&utm_medium=referral&utm_campaign=rssfeed&utm_content=vrt-nws"
"VRT NWS (EN)";"EN";"2026-09-25";"Eerst niet, intussen weer wel: journalisten van CNN, MS NOW en Politico krijgen opnieuw toegang tot Witte Huis";"https://www.vrt.be/vrtnws/nl/2026/09/24/rechter-schorst-ban-op-cnn-en-andere-amerikaanse-media/?utm_source=corporate&utm_medium=referral&utm_campaign=rssfeed&utm_content=vrt-nws"
"VRT NWS (EN)";"EN";"2026-09-25";"Kasteel van Poeke, De Smaakhaven of Hof De Draeck: deze eigendommen zou Vlaanderen van de hand kunnen doen om begroting op orde te krijgen";"https://www.vrt.be/vrtnws/nl/2026/09/24/depraetere-wil-dit-vlaams-eigendom-en-deze-kastelen-mogelijk-ver/?utm_source=corporate&utm_medium=referral&utm_campaign=rssfeed&utm_content=vrt-nws"
"VRT NWS (EN)";"EN";"2026-09-25";"""Was dat homohaat?"": politie Gent opent onderzoek na filmpje waarin influencer Jonatan Medart op straat wordt lastiggevallen";"https://www.vrt.be/vrtnws/nl/2026/09/24/tiktokker-jonatan-medart-dient-klacht-in-bij-politie-gent-na-fil/?utm_source=corporate&utm_medium=referral&utm_campaign=rssfeed&utm_content=vrt-nws"
"VRT NWS (EN)";"EN";"2026-09-25";"Bewoners van woonzorgcentrum Villa Ter Vrugte in Bilzen-Hoeselt genieten van striptease-act: ""Gelukkig voldoende AED-toestellen in de buurt""";"https://www.vrt.be/vrtnws/nl/2026/09/24/bewoners-van-woonzorgcentrum-villa-ter-vrugte-in-bilzen-hoeselt/?utm_source=corporate&utm_medium=referral&utm_campaign=rssfeed&utm_content=vrt-nws"
"VRT NWS (EN)";"EN";"2026-09-25";"Ze was een zingende superster in China, nu staat ze als first lady naast Xi Jinping: wie is Peng Liyuan?";"https://www.vrt.be/vrtnws/nl/2026/09/24/portret-peng-liyuan-first-lady-china-xi-jinping/?utm_source=corporate&utm_medium=referral&utm_campaign=rssfeed&utm_content=vrt-nws"
"VRT NWS (EN)";"EN";"2026-09-25";"Wie plukt onze tomaten? VRT NWS trekt naar het grootste getto van Europa";"https://www.vrt.be/vrtnws/nl/2026/09/21/moderne-slaven-op-de-tomatenvelden-van-italie/?utm_source=corporate&utm_medium=referral&utm_campaign=rssfeed&utm_content=vrt-nws"
"VRT NWS (EN)";"EN";"2026-09-25";"Aardappelboer doodde dochtertjes Maud (8) en Ona (5) en wilde mogelijk ook ex-vrouw ombrengen: proces gaat van start";"https://www.vrt.be/vrtnws/nl/2026/09/16/assisenproces-chris-vanhaverbeke-moord-dochtertjes-voorbeschouwi/?utm_source=corporate&utm_medium=referral&utm_campaign=rssfeed&utm_content=vrt-nws"
"VRT NWS (EN)";"EN";"2026-09-25";"Kot vol muizen en schimmel, maar wel kwaliteitslabel: ""Ik betaal 870 euro, wat is zo'n attest eigenlijk waard?""";"https://www.vrt.be/vrtnws/nl/2026/09/18/studentenkoten-tekort-kwaliteislabel-undercover-winwin-getuigeni/?utm_source=corporate&utm_medium=referral&utm_campaign=rssfeed&utm_content=vrt-nws"
"VRT NWS (EN)";"EN";"2026-09-25";"Dit zijn de opvallendste passages uit Diana-boek 'Zwanenzang': van handtastelijke Al-Fayed tot ""beetje mollig daar""";"https://www.vrt.be/vrtnws/nl/2026/09/20/dit-is-zwanenzang-mijn-zus-diana/?utm_source=corporate&utm_medium=referral&utm_campaign=rssfeed&utm_content=vrt-nws"
"VRT NWS (EN)";"EN";"2026-09-25";"Waarom de geruchten over de gezondheid van Xi Jinping zoveel onrust veroorzaken";"https://www.vrt.be/vrtnws/nl/2026/09/19/wat-is-er-aan-de-hand-met-de-gezondheid-van-de-chinese-president/?utm_source=corporate&utm_medium=referral&utm_campaign=rssfeed&utm_content=vrt-nws"
"VRT NWS (EN)";"EN";"2026-09-25";"""Ik was nooit verder dan fietsen met zijwieltjes geraakt"": 4 volwassenen getuigen over leren fietsen op latere leeftijd";"https://www.vrt.be/vrtnws/nl/2026/09/15/mobiliteit-volwassen-die-leren-fietsen/?utm_source=corporate&utm_medium=referral&utm_campaign=rssfeed&utm_content=vrt-nws"
"VRT NWS (EN)";"EN";"2026-09-25";"Wanneer wordt mijn gasaansluiting afgesloten en hoe haalbaar is dat? Jouw vragen over afbouw van aardgas beantwoord";"https://www.vrt.be/vrtnws/nl/2026/09/16/vragen-afbouw-aardgasnet-vlaanderen/?utm_source=corporate&utm_medium=referral&utm_campaign=rssfeed&utm_content=vrt-nws"
"VRT NWS (EN)";"EN";"2026-09-25";"De Wevers 'witte kaftje' met begrotingsideeën blijft een mysterie, maar dit weten we wel al";"https://www.vrt.be/vrtnws/nl/2026/09/14/begrotingsvoorstellen-wit-kaftje-de-wever/?utm_source=corporate&utm_medium=referral&utm_campaign=rssfeed&utm_content=vrt-nws"
"VRT NWS (EN)";"EN";"2026-09-25";"Waarom heeft Europa een eigen satellietnetwerk nodig? En komen we niet hopeloos te laat?";"https://www.vrt.be/vrtnws/nl/2026/09/11/iris2-waarom-europa-eigen-satellietnetwerk-nodig-heeft/?utm_source=corporate&utm_medium=referral&utm_campaign=rssfeed&utm_content=vrt-nws"
"VRT NWS (EN)";"EN";"2026-09-25";"Union wijkt voor Europees duel met Hapoel Beer Sheva uit naar Düsseldorf: ""Helaas zonder publiek""";"https://sporza.be/nl/2026/09/25/union-wijkt-voor-europees-duel-met-hapoel-beer-sheva-uit-naar-dusseldorf-helaas-zonder-publiek~1790327866850/"
"VRT NWS (EN)";"EN";"2026-09-25";"Paul Seixas maakt ambities duidelijk, maar schuift favorietenrol door naar de Belgen: ""Blijft het sterkste team op papier""";"https://sporza.be/nl/2026/09/25/paul-seixas-maakt-ambities-duidelijk-maar-schuift-favorietenrol-door-naar-de-belgen-blijft-het-sterkste-team-op-papier~1790320694225/"
"VRT NWS (EN)";"EN";"2026-09-25";"Fleur Moors troost zich met bronzen medaille, Viktoria Chladonova verpest Canadees delirium bij de vrouwen beloften";"https://sporza.be/nl/matches/wielrennen/wk-beloften-vrouwen/2026/wk-wielrennen-wegrit-beloften-vrouwen-fleur-moors-troost-zich-met-bronzen-medaille-viktoria-chladonova-verpest-canadees-delirium-bij-de-vrouwen-beloften~1789383113361/"
"VRT NWS (EN)";"EN";"2026-09-25";"Rally in de koers? Volgauto vliegt letterlijk over het parcours van het WK wielrennen: ""Onaanvaardbaar""";"https://sporza.be/nl/2026/09/25/rally-in-de-koers-volgauto-vliegt-letterlijk-over-het-parcours-van-het-wk-wielrennen-onaanvaardbaar~1790317198775/"
"VRT NWS (EN)";"EN";"2026-09-25";"""Papa bondscoach en mijn broer international... Dat had ik nooit geloofd"": de bijzondere 24 uur van de familie Van Bommel";"https://sporza.be/nl/2026/09/22/-papa-bondscoach-en-mijn-broer-international-dat-had-ik-nooit-geloofd-de-bijzondere-24-uur-van-de-familie-van-bommel~1790089682522/"
"VRT NWS (EN)";"EN";"2026-09-25";"Debutant Ruben van Bommel geeft visitekaartje af en treedt in de voetsporen van vader (én opa): ""Dit is het hoogst haalbare""";"https://sporza.be/nl/2026/09/25/debutant-ruben-van-bommel-geeft-visitekaartje-af-en-treedt-in-de-voetsporen-van-vader-en-opa-dit-is-het-hoogst-haalbare~1790317147269/"
"VRT NWS (EN)";"EN";"2026-09-25";"Roubaix maakte iets los, de Vuelta was een echo van zijn allerbeste versie: wordt 2026 dan het jaar en het WK van Wout van Aert?";"https://sporza.be/nl/2026/09/24/roubaix-maakte-iets-los-de-vuelta-was-een-echo-van-zijn-allerbeste-versie-wordt-2026-dan-het-jaar-en-het-wk-van-wout-van-aert~1790234832166/"
"VRT NWS (EN)";"EN";"2026-09-25";"Italië of tóch Duitsland? Mancini lonkt naar Nicolò Tresoldi: ""Hopelijk voelt hij zich in juni voor 51 procent Italiaans""";"https://sporza.be/nl/2026/09/25/italie-of-toch-duitsland-mancini-lonkt-naar-nicolo-tresoldi-hopelijk-voelt-hij-zich-in-juni-voor-51-procent-italiaans~1790318881982/"
"VRT NWS (EN)";"EN";"2026-09-25";"De ""vreemde opmerking"" van Garcia, berichtjes na de finale en de vakantie met KDB: Charles De Ketelaere over zijn zotte zomer";"https://sporza.be/nl/2026/09/24/de-vreemde-opmerking-van-garcia-berichtjes-na-de-finale-en-de-vakantie-met-kdb-charles-de-ketelaere-over-zijn-zotte-zomer~1790269895481/"
"VRT NWS (EN)";"EN";"2026-09-25";"Wansmakelijk of misbegrepen? Israëlische voetballer krijgt rood voor viering die lijkt op geweerschot, maar verleden vertelt ander verhaal";"https://sporza.be/nl/2026/09/24/wansmakelijk-of-misbegrepen-israelische-voetballer-krijgt-rood-voor-viering-die-lijkt-op-geweerschot-maar-verleden-vertelt-ander-verhaal~1790285327019/"
"VRT NWS (EN)";"EN";"2026-09-25";"Lotte Kopecky pept zichzelf op met les uit Zürich: ""Ook bij dat WK dachten veel mensen dat het onmogelijk zou zijn""";"https://sporza.be/nl/2026/09/24/lotte-kopecky-pept-zichzelf-op-met-les-uit-zurich-ook-bij-dat-wk-dachten-veel-mensen-dat-het-onmogelijk-zou-zijn~1790277300591/"
"VRT NWS (EN)";"EN";"2026-09-25";"Mathieu van der Poel vindt zijn topfavoriet bij België en verandert niet van mening: ""Parcours is op de limiet, maar niet onmogelijk""";"https://sporza.be/nl/2026/09/24/mathieu-van-der-poel-vindt-zijn-topfavoriet-bij-belgie-en-verandert-niet-van-mening-parcours-is-op-de-limiet-maar-niet-onmogelijk~1790277212882/"
"VRT NWS (EN)";"EN";"2026-09-25";"Spaanse stoomtrein Benjamin Noval maakt kipkap van de junioren, Belgen spelen niet mee voor de medailles";"https://sporza.be/nl/matches/wielrennen/wk-wielrennen-junioren-mannen/2026/wk-wielrennen-wegrit-junioren-mannen-spaanse-stoomtrein-benjamin-noval-maakt-kipkap-van-de-junioren-belgen-spelen-niet-mee-voor-de-medailles~1789383298162/"
"VRT NWS (EN)";"EN";"2026-09-25";"""Is dat echt traditie?"": Mark van Bommel trapt niet in sluwe list rond basisploeg en heeft geen schrik voor zware start";"https://sporza.be/nl/2026/09/24/-is-dat-echt-traditie-mark-van-bommel-trapt-niet-in-sluwe-list-rond-basisploeg-en-heeft-geen-schrik-voor-zware-start~1790264859007/"
"VRT NWS (EN)";"EN";"2026-09-25";"Lore De Schepper (6e) speelt de perfecte ploegmate en is toch opgelucht: ""Anders zou ik me schuldig gevoeld hebben""";"https://sporza.be/nl/2026/09/24/lore-de-schepper-6e-speelt-de-perfecte-ploegmate-en-is-toch-opgelucht-anders-zou-ik-me-schuldig-gevoeld-hebben~1790265136095/"
"VRT NWS (EN)";"EN";"2026-09-25";"Brons laat geen teleurstelling achter bij Fleur Moors, die team in de bloemetjes zet: ""Ik kan mij er makkelijk bij neerleggen""";"https://sporza.be/nl/2026/09/24/brons-laat-geen-teleurstelling-achter-bij-fleur-moors-die-team-in-de-bloemetjes-zet-ik-kan-mij-er-makkelijk-bij-neerleggen~1790266178757/"
"VRT NWS (EN)";"EN";"2026-09-25";"Enkele (onschuldige?) trainingskiekjes voeden de complottheorieën: bouwt Isaac Del Toro voor het WK aan een UAE-ploeg in de koers?";"https://sporza.be/nl/2026/09/24/enkele-onschuldige-trainingskiekjes-voeden-de-complottheorieen-bouwt-isaac-del-toro-voor-het-wk-aan-een-uae-ploeg-in-de-koers~1790256961656/"
"VRT NWS (EN)";"EN";"2026-09-25";"Iedereen bondscoach: wie moet Mark van Bommel tegen Italië in de basis zetten in zijn eerste interland?";"https://sporza.be/nl/2026/09/23/iedereen-bondscoach-wie-moet-mark-van-bommel-tegen-italie-in-de-basis-zetten-in-zijn-eerste-interland~1790149095414/"
"RTBF Actus (FR)";"FR";"2026-09-25";"De Bruyne avant d'affronter l'Italie";"/article/que-retenir-de-la-rencontre-entre-donald-trump-et-xi-jinping-11790364"
"RTBF Actus (FR)";"FR";"2026-09-25";"Immersion avec Lenny Rocket";"/article/venue-du-chef-d-orchestre-israelien-lahav-shani-a-bozar-la-polemique-s-intensifie-a-deux-mois-du-concert-11789853"
"RTBF Actus (FR)";"FR";"2026-09-25";"Rencontre avec Jesse Bisiwu";"/article/diables-rouges-italie-belgique-la-griffe-van-bommel-deja-11790025"
"RTBF Actus (FR)";"FR";"2026-09-25";"""Une bien belle semaine, encore, en Belgique !"" : Sacha Ferra constate une actualité surréaliste";"/article/revue-de-presse-une-etude-flamande-revele-les-effets-secondaires-de-l-interdiction-des-smartphones-a-l-ecole-11790401"
"RTBF Actus (FR)";"FR";"2026-09-25";"Littérature: Thélyson Orélien, entre IA et racisme";"/article/guerre-au-moyen-orient-l-iran-propose-de-rouvrir-sous-sept-jours-le-detroit-d-ormuz-11790428"
"RTBF Actus (FR)";"FR";"2026-09-25";"Un journaliste demande un autographe à Zidane";"/article/guerre-au-moyen-orient-l-iran-propose-de-rouvrir-sous-sept-jours-le-detroit-d-ormuz-11790428"
"RTBF Actus (FR)";"FR";"2026-09-25";"Essyla chante ""Dancing on the Ice"" en Wallon";"/article/wpointm-s-exporter-en-restant-fidele-a-soi-meme-11790204"
"RTBF Actus (FR)";"FR";"2026-09-25";"50 ans du métro : les réactions des premiers voyageurs";"/article/aurelien-dunand-pallaz-boucle-le-gr20-en-27h29-nouveau-record-explose-en-ultra-trail-11790402"
"RTBF Actus (FR)";"FR";"2026-09-25";"Mondiaux de Montréal : un parcours trop dur pour van Aert ?";"/article/malgre-l-inflation-a-4-le-pouvoir-d-achat-des-belges-n-a-jamais-ete-aussi-eleve-11790351"
"RTBF Actus (FR)";"FR";"2026-09-25";"Gand : la Lys recouverte par une invasion de lentilles d'eau";"/article/iphone-18-pro-apple-promet-de-corriger-le-bug-face-id-qui-fait-planter-le-smartphone-11790393"
"RTBF Actus (FR)";"FR";"2026-09-25";"300.000 comptes bannis par Riot Games, pourquoi ?";"/article/wta-singapour-tenante-du-titre-elise-mertens-s-incline-lourdement-en-quarts-de-finale-11790367"
"RTBF Actus (FR)";"FR";"2026-09-25";"Vincent Kompany de passage au BX Brussels";"/article/wta-singapour-tenante-du-titre-elise-mertens-s-incline-lourdement-en-quarts-de-finale-11790367"
"RTBF Actus (FR)";"FR";"2026-09-25";"Que retenir de la rencontre entre Donald Trump et Xi Jinping ?";"/article/renaud-le-gosse-de-paname-entre-le-triomphe-des-mistral-gagnants-et-ses-annees-tourmentees-11628730"
"RTBF Actus (FR)";"FR";"2026-09-25";"Venue du chef d’orchestre israélien Lahav Shani à Bozar : la polémique s’intensifie à deux mois du concert";"/article/ozzy-osbourne-la-bande-annonce-de-back-to-the-beginning-devoile-les-images-de-son-ultime-concert-11790380"
"RTBF Actus (FR)";"FR";"2026-09-25";"Diables Rouges, Italie-Belgique : la griffe van Bommel, déjà ?";"/article/comment-reussir-ta-cueillette-de-champignons-en-famille-11790378"
"RTBF Actus (FR)";"FR";"2026-09-25";"La revue de presse : une étude flamande révèle les effets secondaires de l’interdiction des smartphones à l’école";"/article/contrats-de-gaz-variables-suivez-au-jour-le-jour-les-indices-cles-qui-influencent-le-montant-de-votre-facture-11790121"
"RTBF Actus (FR)";"FR";"2026-09-25";"Guerre au Moyen-Orient : l'Iran propose de rouvrir sous sept jours le détroit d'Ormuz ""si certaines conditions sont remplies""";"/article/prix-de-l-energie-que-regarder-sur-une-fiche-tarifaire-pour-faire-le-meilleur-choix-on-vous-explique-ligne-par-ligne-11789994"
"RTBF Actus (FR)";"FR";"2026-09-25";"Guerre au Moyen-Orient : l'Iran propose de rouvrir sous sept jours le détroit d'Ormuz ""si certaines conditions sont remplies""";"/article/heidi-overton-favorite-de-donald-trump-pour-diriger-l-agence-americaine-du-medicament-defend-les-vaccins-11790312"
"RTBF Actus (FR)";"FR";"2026-09-25";"Tiakola dévoile ""WpointM"" : Jorja Smith, Rema, musique congolaise… un casting XXL pour un album mondial";"/article/trump-sous-la-pression-des-industriels-ils-appelle-le-president-americain-a-ne-pas-bloquer-les-exportations-de-diesel-11790285"
"RTBF Actus (FR)";"FR";"2026-09-25";"Le ""taré"" Aurélien Dunand-Pallaz boucle le GR20 en 27h29, nouveau record explosé en ultra-trail";"/article/pourquoi-l-un-des-plus-beaux-paysages-de-wallonie-s-appelle-t-il-le-tombeau-du-geant-11781741"
"RTBF Actus (FR)";"FR";"2026-09-25";"Malgré l’inflation à 4%, ""le pouvoir d’achat des Belges n’a jamais été aussi élevé""";"/article/les-residences-secondaires-bientot-davantage-taxees-la-proposition-est-la-table-des-negociations-11790349"
"RTBF Actus (FR)";"FR";"2026-09-25";"iPhone 18 Pro : Apple promet de corriger le bug Face ID qui fait planter le smartphone";"/article/les-residences-secondaires-bientot-davantage-taxees-la-proposition-est-la-table-des-negociations-11790349"
"RTBF Actus (FR)";"FR";"2026-09-25";"WTA Singapour : tenante du titre, Elise Mertens s'incline lourdement en quarts de finale";"/article/le-professeur-damien-ernst-entarte-a-l-uliege-11790267"
"RTBF Actus (FR)";"FR";"2026-09-25";"WTA Singapour : tenante du titre, Elise Mertens s'incline lourdement en quarts de finale";"/article/l-etat-s-enrichit-il-vraiment-grace-la-hausse-des-prix-de-l-energie-11705034"
"RTBF Actus (FR)";"FR";"2026-09-25";"Renaud : comment ""Mistral gagnant"" a marqué l'apogée puis les années difficiles du chanteur ?";"/article/affaires-fourniret-comment-des-failles-dans-l-enquete-ont-coute-la-vie-d-une-dizaine-de-petites-filles-11784844"
"RTBF Actus (FR)";"FR";"2026-09-25";"Ozzy Osbourne : la bande-annonce de ""Back To The Beginning"" dévoile les images de son ultime concert";"/article/quel-est-l-etat-de-la-condition-physique-des-adolescents-francophones-11790111"
"RTBF Actus (FR)";"FR";"2026-09-25";"Comment réussir ta cueillette de champignons en famille ?";"/article/surpopulation-carcerale-les-gardiens-de-prison-entament-une-nouvelle-greve-de-24-heures-dans-tout-le-pays-11790328"
"RTBF Actus (FR)";"FR";"2026-09-25";"Contrats de gaz variables : suivez au jour le jour les indices clés qui influencent le montant de votre facture";"/article/pidcock-est-mieux-entoure-que-van-der-poel-l-equipe-anglaise-la-vraie-armada-de-ces-mondiaux-11788284"
"RTBF Actus (FR)";"FR";"2026-09-25";"Prix de l'énergie : que regarder sur une fiche tarifaire pour faire le meilleur choix ? On vous explique ligne par ligne";"/article/leon-xiv-attendu-dans-la-ferveur-en-france-entre-securite-xxl-et-defis-pour-l-eglise-11790330"
"RTBF Actus (FR)";"FR";"2026-09-25";"Heidi Overton, favorite de Donald Trump pour diriger l'Agence américaine du médicament, défend les vaccins";"/article/course-a-l-intelligence-artificielle-qui-de-la-chine-ou-des-etats-unis-est-en-tete-11789865"
"RTBF Actus (FR)";"FR";"2026-09-25";"Trump sous la pression des industriels : ils appellent le président américain à ne pas bloquer les exportations de diesel";"/article/de-wever-somme-de-chercher-une-troisieme-voie-entre-le-mr-et-les-engages-11789764"
"RTBF Actus (FR)";"FR";"2026-09-25";"Pourquoi l'un des plus beaux paysages de Wallonie s'appelle t-il le Tombeau du Géant ?";"/article/xi-jinping-a-washington-chez-donald-trump-chine-et-etats-unis-rivaux-partout-mais-condamnes-a-s-entendre-11789744"
"RTBF Actus (FR)";"FR";"2026-09-25";"Les résidences secondaires bientôt davantage taxées ? La proposition est sur la table des négociations de l'Arizona";"/article/felice-mazzu-avant-italie-belgique-les-jeunes-doivent-apporter-de-l-espoir-a-la-nazionale-11790418"
"RTBF Actus (FR)";"FR";"2026-09-25";"Les résidences secondaires bientôt davantage taxées ? La proposition est sur la table des négociations de l'Arizona";"/article/du-mondial-98-au-coup-de-boule-les-premiers-chapitres-de-zinedine-zidane-en-equipe-de-france-en-7-dates-cles-11789964"
"RTBF Actus (FR)";"FR";"2026-09-25";"Le professeur Damien Ernst entarté à l'ULiège, la rectrice de l'université réagit";"/article/montrer-du-caractere-et-ne-jamais-abandonner-youri-tielemans-fixe-une-priorite-apres-la-coupe-du-monde-11789660"
"RTBF Actus (FR)";"FR";"2026-09-25";"L’État s’enrichit-il vraiment grâce à la hausse des prix de l’énergie ?";"/article/lukaku-n-est-pas-un-concurrent-les-italiens-sont-tres-excites-de-ketelaere-redoute-le-nouveau-cycle-de-la-squadra-11789633"
"RTBF Actus (FR)";"FR";"2026-09-25";"Affaires Fourniret : comment des failles dans l’enquête ont coûté la vie d’une dizaine de petites filles ?";"/article/on-est-bien-prepare-appliquer-mes-principes-et-gagner-mark-van-bommel-veut-des-diables-dominants-en-italie-11789662"
"RTBF Actus (FR)";"FR";"2026-09-25";"Quel est l’état de la condition physique des adolescents francophones ?";"/article/diables-rouges-italie-belgique-la-griffe-van-bommel-deja-11790025"
"RTBF Actus (FR)";"FR";"2026-09-25";"Surpopulation carcérale : les gardiens de prison entament une nouvelle grève de 24 heures dans tout le pays";"/article/godts-et-moreira-responsabilises-vanaken-et-trossard-ecartes-votre-onze-pour-italie-belgique-11790363"
"RTBF Actus (FR)";"FR";"2026-09-25";"""Pidcock est mieux entouré que Van der Poel"" : l’équipe anglaise, la vraie armada de ces Mondiaux ?";"/article/le-portugal-s-impose-face-au-pays-de-galles-mais-sans-convaincre-et-malgre-la-febrilite-de-cristiano-ronaldo-11790293"
"RTBF Actus (FR)";"FR";"2026-09-25";"Léon XIV attendu dans la ferveur en France, entre sécurité XXL et défis pour l'Église";"/article/italie-belgique-la-premiere-de-mark-van-bommel-a-la-tete-des-diables-rouges-direct-audio-et-commente-20h45-11789509"
"RTBF Actus (FR)";"FR";"2026-09-25";"Course à l’intelligence artificielle : qui de la Chine ou des Etats-Unis est en tête ?";"/article/f1-azerbaidjan-max-verstappen-s-adjuge-la-derniere-seance-d-essais-libres-11790452"
"RTBF Actus (FR)";"FR";"2026-09-25";"Bart De Wever sommé de chercher une troisième voie entre le MR et les Engagés";"/article/f1-seul-pilote-a-avoir-termine-tous-les-grands-prix-en-2026-franco-colapinto-integre-un-top-10-historique-11789962"
"RTBF Actus (FR)";"FR";"2026-09-25";"Xi Jinping à Washington chez Donald Trump… Chine et États-Unis, rivaux partout mais condamnés à s’entendre";"/article/f1-azerbaidjan-une-mercedes-en-pole-direct-video-a-13h55-11790048"
"RTBF Actus (FR)";"FR";"2026-09-25";"Felice Mazzù avant Italie-Belgique : ""Les jeunes doivent apporter de l’espoir à la Nazionale""";"/article/f1-azerbaidjan-le-debriefing-de-gaetan-vigneron-antonelli-a-perdu-du-precieux-temps-de-piste-11790120"
"RTBF Actus (FR)";"FR";"2026-09-25";"Du Mondial 98 au coup de boule, le joueur Zinédine Zidane en équipe de France en 7 dates clés";"/article/f1-azerbaidjan-russell-a-nouveau-le-plus-rapide-lindblad-a-la-faute-lors-de-la-deuxieme-seance-d-essais-libres-11790017"
"RTBF Actus (FR)";"FR";"2026-09-25";"""Montrer du caractère et ne jamais abandonner"" : Youri Tielemans fixe une priorité après la Coupe du monde";"/article/f1-azerbaidjan-esteban-ocon-de-plus-en-plus-menace-chez-haas-je-suis-toujours-libre-en-2027-11789917"
"RTBF Actus (FR)";"FR";"2026-09-25";"""Lukaku n'est pas un concurrent"", ""les Italiens sont très excités"" : De Ketelaere redoute le nouveau cycle de la Squadra";"/article/f1-azerbaidjan-russell-s-adjuge-la-premiere-seance-d-essais-libres-soucis-mecaniques-pour-antonelli-11789883"
"RTBF Actus (FR)";"FR";"2026-09-25";"""Appliquer mes principes et gagner"", ""on est bien préparé"" : Mark van Bommel veut des Diables dominants en Italie";"/article/f1-verstappen-probablement-aux-24h-de-spa-et-du-nurburgring-en-2027-mais-pas-au-mans-11789621"
"RTBF Actus (FR)";"FR";"2026-09-25";"Diables Rouges, Italie-Belgique : la griffe van Bommel, déjà ?";"/article/f1-leclerc-agace-par-les-critiques-sur-ses-duels-avec-hamilton-chez-ferrari-tout-est-scrute-quand-ca-se-passe-ailleurs-personnes-ne-dit-rien-11789498"
"RTBF Actus (FR)";"FR";"2026-09-25";"Godts et Moreira responsabilisés, Vanaken et Trossard écartés : votre onze pour Italie – Belgique";"/article/lotte-kopecky-pas-d-illusions-il-y-a-plus-de-chances-que-ca-ne-marche-pas-mais-11790243"
"RTBF Actus (FR)";"FR";"2026-09-25";"Le Portugal s'impose face au pays de Galles... mais sans convaincre et malgré la fébrilité de Cristiano Ronaldo";"/article/mondiaux-de-cyclisme-les-parcours-et-profils-des-courses-hommes-et-femmes-11789307"
"RTBF Actus (FR)";"FR";"2026-09-25";"Italie - Belgique : la première de Mark Van Bommel à la tête des Diables Rouges (direct audio et commenté à 20h45)";"/article/pidcock-est-mieux-entoure-que-van-der-poel-l-equipe-anglaise-la-vraie-armada-de-ces-mondiaux-11788284"
"RTBF Actus (FR)";"FR";"2026-09-25";"F1 Azerbaïdjan : Max Verstappen s’adjuge la dernière séance d’essais libres";"/article/mondiaux-de-montreal-la-belgique-ambitieuse-sur-la-course-u23-masculine-direct-video-15h10-11789792"
"RTBF Actus (FR)";"FR";"2026-09-25";"F1 : seul pilote à avoir terminé tous les Grands Prix en 2026, Franco Colapinto intègre un top 10 historique";"/article/l-intouchable-benjamin-noval-s-offre-le-double-chez-les-juniors-le-belge-sander-willems-passe-a-cote-d-une-medaille-11790263"
"RTBF Actus (FR)";"FR";"2026-09-25";"F1 Azerbaïdjan : une Mercedes en pole ? (direct vidéo à 13h55)";"/article/fleur-moors-satisfaite-de-sa-medaille-de-bronze-aux-mondiaux-je-venais-pour-l-or-mais-les-filles-devant-moi-etaient-super-fortes-11790222"
"RTBF Actus (FR)";"FR";"2026-09-25";"F1 Azerbaïdjan – Le débriefing de Gaëtan Vigneron : ""Antonelli a perdu du précieux temps de piste""";"/article/encore-une-medaille-belge-aux-mondiaux-de-cyclisme-fleur-moors-prend-le-bronze-chez-les-espoirs-feminines-11790212"
"RTBF Actus (FR)";"FR";"2026-09-25";"F1 Azerbaïdjan : Russell à nouveau le plus rapide, Lindblad à la faute lors de la deuxième séance d’essais libres";"/article/montreal-1974-un-grand-souvenir-pour-eddy-merckx-11789608"
"RTBF Actus (FR)";"FR";"2026-09-25";"F1 Azerbaïdjan – Esteban Ocon de plus en plus menacé chez Haas : ""Je suis toujours libre en 2027""";"/article/les-mondiaux-de-gravel-auront-aussi-lieu-en-belgique-en-2030-a-turnhout-11789769"
"RTBF Actus (FR)";"FR";"2026-09-25";"F1 Azerbaïdjan : Russell s’adjuge la première séance d’essais libres, soucis mécaniques pour Antonelli";"/article/salon-ferroviaire-de-berlin-un-secteur-en-croissance-mais-plein-de-paradoxes-11789772"
"RTBF Actus (FR)";"FR";"2026-09-25";"F1 : Verstappen ""probablement"" aux 24h de Spa et du Nürburgring en 2027, mais pas au Mans";"/article/james-deano-a-propos-du-retour-du-covid-19-le-litre-de-pfizer-est-moins-cher-que-le-litre-de-diesel-11790373"
"RTBF Actus (FR)";"FR";"2026-09-25";"F1 : Leclerc agacé par les critiques sur ses duels avec Hamilton “Chez Ferrari tout est scruté, quand ça se passe ailleurs, personnes ne dit rien“";"/article/revue-de-presse-une-etude-flamande-revele-les-effets-secondaires-de-l-interdiction-des-smartphones-a-l-ecole-11790401"
"RTBF Actus (FR)";"FR";"2026-09-25";"Lotte Kopecky : ""Pas d’illusions, il y a plus de chances que ça ne marche pas. Mais…""";"/article/une-bien-belle-semaine-encore-en-belgique-sacha-ferra-constate-une-actualite-surrealiste-11790340"
"RTBF Actus (FR)";"FR";"2026-09-25";"Mondiaux de cyclisme : les parcours et profils des courses hommes et femmes";"/article/ne-manquez-pas-le-grand-rendez-vous-de-la-federation-wallonie-bruxelles-sur-la-une-11787195"
"RTBF Actus (FR)";"FR";"2026-09-25";"""Pidcock est mieux entouré que Van der Poel"" : l’équipe anglaise, la vraie armada de ces Mondiaux ?";"/article/affaire-rachel-autrand-un-tueur-a-gages-pour-une-histoire-de-belle-mere-11787273"
"RTBF Actus (FR)";"FR";"2026-09-25";"Mondiaux de Montréal : la Belgique ambitieuse sur la course U23 masculine (direct vidéo à 15h10)";"/article/100-ans-de-la-sncb-decouvrez-les-gares-belges-les-plus-remarquables-11789685"
"RTBF Actus (FR)";"FR";"2026-09-25";"L’intouchable Benjamin Noval s’offre le doublé chez les juniors, le Belge Sander Willems passe à côté d'une médaille";"/article/coup-d-envoi-pour-louca-l-adaptation-animee-de-la-celebre-bd-sur-auvio-kids-11781952"
"RTBF Actus (FR)";"FR";"2026-09-25";"Fleur Moors jubile après sa médaille de bronze aux Mondiaux : ""Je venais pour l'or mais les filles devant moi étaient super fortes""";"/article/vous-considerez-que-notre-reportage-est-incomplet-un-droit-de-reponse-est-il-possible-11786650"
"RTBF Actus (FR)";"FR";"2026-09-25";"Encore une médaille belge aux Mondiaux de cyclisme : Fleur Moors prend le bronze chez les espoirs féminines";"/article/proximite-interaction-et-collaboration-comment-la-rtbf-ancre-ses-contenus-au-c-ur-des-regions-11786513"
"RTBF Actus (FR)";"FR";"2026-09-25";"Montréal 1974, ""un grand souvenir"" pour Eddy Merckx";"/article/que-fait-la-rtbf-de-vos-donnees-collecte-algorithmes-et-protection-de-la-vie-privee-decryptes-11776913"
"RTBF Actus (FR)";"FR";"2026-09-25";"2030 sera un grand cru cycliste pour la Belgique : les Mondiaux de gravel auront lieu à Turnhout";"/article/enfant-illegitime-un-terme-a-eviter-sur-nos-antennes-11776723"
"RTBF Actus (FR)";"FR";"2026-09-25";"Salon ferroviaire de Berlin : un secteur en croissance, mais plein de paradoxes";"/article/les-jeunes-et-l-actu-plus-informes-qu-on-ne-le-pense-mais-pas-a-l-abri-de-pieges-11763284"
"RTBF Actus (FR)";"FR";"2026-09-25";"James Deano à propos du retour du Covid-19 : ""Le litre de Pfizer est moins cher que le litre de Diesel""";"/article/moderation-sur-les-reseaux-sociaux-le-defi-quotidien-de-la-rtbf-11758876"
"RTBF Actus (FR)";"FR";"2026-09-25";"La revue de presse : une étude flamande révèle les effets secondaires de l’interdiction des smartphones à l’école";"/article/age-conseille-contenus-sensibles-une-nouvelle-signaletique-tele-des-le-1er-juillet-11745979"
"RTBF Actus (FR)";"FR";"2026-09-25";"""Une bien belle semaine, encore, en Belgique !"" : Sacha Ferra constate une actualité surréaliste";"/article/bivouacs-du-journalisme-les-contacts-avec-le-public-sont-extremement-enrichissants-on-retire-le-micro-la-camera-jean-pierre-jacqmin-ancien-directeur-de-l-info-de-la-rtbf-11746010"
"RTBF Actus (FR)";"FR";"2026-09-25";"Ne manquez pas Le Grand Rendez-vous de la Fédération Wallonie-Bruxelles sur La Une";"/article/coupe-du-monde-les-matchs-des-diables-rouges-aussi-pour-les-malvoyants-11743270"
"RTBF Actus (FR)";"FR";"2026-09-25";"Affaire Rachel Autrand : un tueur à gages pour une histoire de belle-mère";"/article/concours-gagnez-vos-entrees-pour-la-fete-des-plantes-et-du-jardin-d-aywiers-11789520"
"RTBF Actus (FR)";"FR";"2026-09-25";"100 ans de la SNCB : découvrez les gares belges les plus remarquables";"/article/festival-les-hurlusberlus-un-parcours-feerique-a-travers-les-arts-du-cirque-11781729"
"RTBF Actus (FR)";"FR";"2026-09-25";"Coup d’envoi pour ""Louca"", l’adaptation animée de la célèbre BD sur Auvio Kids";"/article/remporte-tes-acces-pour-le-vous-rire-a-liege-11789513"
"RTBF Actus (FR)";"FR";"2026-09-25";"Vous considérez que notre reportage est incomplet ? Un droit de réponse est-il possible ?";"/article/tentez-de-remporter-vos-places-pour-alvin-ailey-american-dance-theater-a-forest-national-11789867"
"RTBF Actus (FR)";"FR";"2026-09-25";"Comment la RTBF ancre ses contenus au cœur des régions : proximité, interactions et collaborations";"/article/gagnez-vos-places-pour-les-50-ans-des-lundis-d-hortense-a-flagey-11789845"
"RTBF Actus (FR)";"FR";"2026-09-25";"Que fait la RTBF de vos données ? Collecte, algorithmes et protection de la vie privée décryptés";"/article/gagnez-vos-places-pour-la-chasse-au-tresor-a-l-abbaye-de-villers-la-ville-11788201"
"RTBF Actus (FR)";"FR";"2026-09-25";"""Enfant illégitime"" : un terme à éviter sur nos antennes";"/article/combien-d-animaux-extraordinaires-pouvez-vous-decouvrir-dans-l-exposition-animazing-11788192"
"RTBF Actus (FR)";"FR";"2026-09-25";"Les jeunes et l’actu : plus informés qu’on ne le pense mais pas à l’abri de pièges";"/article/gagnez-vos-places-pour-songs-of-travel-au-festival-musiq3-brabant-wallon-11788971"
"RTBF Actus (FR)";"FR";"2026-09-25";"Modération sur les réseaux sociaux : le défi quotidien de la RTBF";"/article/concours-la-trois-vous-invite-a-la-representation-de-astereotypie-au-botanique-11788942"
"RTBF Actus (FR)";"FR";"2026-09-25";"Nouvelle signalétique TV : ce qui change ce 1er juillet";"/article/un-document-interne-des-affaires-etrangeres-exhorte-a-repenser-les-liens-avec-les-usa-11789898"
"RTBF Actus (FR)";"FR";"2026-09-25";"Bivouacs du journalisme : ""Les contacts avec le public sont extrêmement enrichissants"", Jean-Pierre Jacqmin, ancien directeur de l’info de la RTBF";"/article/le-professeur-damien-ernst-entarte-a-l-uliege-11790267"
"RTBF Actus (FR)";"FR";"2026-09-25";"Coupe du monde : les matchs des Diables Rouges aussi pour les malvoyants";"/article/budget-federal-les-principaux-ministres-du-gouvernement-federal-se-quittent-apres-un-kern-technique-11790273"
"RTBF Actus (FR)";"FR";"2026-09-25";"CONCOURS : gagnez vos entrées pour la fête des plantes et du jardin d’Aywiers";"/article/les-residences-secondaires-bientot-davantage-taxees-la-proposition-est-la-table-des-negociations-11790349"
"RTBF Actus (FR)";"FR";"2026-09-25";"Festival ""Les Hurlusberlus"" : un parcours féérique à travers les arts du cirque";"/article/netanyahou-s-en-prend-aux-detracteurs-d-israel-dans-un-discours-virulent-a-l-onu-11790247"
"RTBF Actus (FR)";"FR";"2026-09-25";"Remporte tes accès pour le ""Vous Rire"" à Liège";"/article/un-jour-une-carte-au-texas-trump-dans-la-sauce-barbecue-avant-les-elections-de-mi-mandat-11790138"
"RTBF Actus (FR)";"FR";"2026-09-25";"Tentez de remporter vos places pour Alvin Ailey American Dance Theater à Forest National !";"https://auvio.rtbf.be/media/le-8-9-le-8-9-3520789"
"RTBF Actus (FR)";"FR";"2026-09-25";"Gagnez vos places pour les 50 ans des Lundis d’Hortense à Flagey !";"https://auvio.rtbf.be/media/un-si-grand-soleil-un-si-grand-soleil-3520257"
"RTBF Actus (FR)";"FR";"2026-09-25";"Gagnez vos places pour la chasse au trésor à l’Abbaye de Villers-la-Ville";"https://auvio.rtbf.be/media/le-6-8-le-6-8-3520745"
"RTBF Actus (FR)";"FR";"2026-09-25";"Gagnez vos places pour l'exposition Animazing au Musée des Sciences naturelles";"https://auvio.rtbf.be/media/caramba-caramba-3520464"
"RTBF Actus (FR)";"FR";"2026-09-25";"Gagnez vos places pour ""Songs of Travel"" au Festival Musiq3 Brabant wallon !";"https://auvio.rtbf.be/media/hep-taxi-hep-taxi-3520182"
"RTBF Actus (FR)";"FR";"2026-09-25";"Concours : La trois vous invite à la représentation de Astéréotypie au Botanique";"https://auvio.rtbf.be/media/les-feux-de-l-amour-feux-de-l-amour-s27-3520175"
"RTBF Actus (FR)";"FR";"2026-09-25";"Un document interne des Affaires étrangères qui exhorte à repenser les liens avec les USA fuite dans la presse";"https://auvio.rtbf.be/media/velvet-le-nouvel-empire-velvet-le-nouvel-empire-3520180"
"RTBF Actus (FR)";"FR";"2026-09-25";"Le professeur Damien Ernst entarté à l'ULiège, la rectrice de l'université réagit";"https://auvio.rtbf.be/media/courts-metrages-amour-a-mort-3520156"
"RTBF Actus (FR)";"FR";"2026-09-25";"Budget fédéral : les principaux ministres du gouvernement fédéral se quittent après un kern technique";"https://auvio.rtbf.be/media/une-vie-revee-valeria-bruni-tedeschi-et-lubna-azabal-dans-un-face-a-face-bouleversant-3520154"
"RTBF Actus (FR)";"FR";"2026-09-25";"Les résidences secondaires bientôt davantage taxées ? La proposition est sur la table des négociations de l'Arizona";"https://auvio.rtbf.be/media/vivre-malgre-eux-deux-adolescents-qui-ont-choisi-de-ne-pas-s-enroler-dans-la-wehrmacht-3520151"
"RTBF Actus (FR)";"FR";"2026-09-25";"Devant une assemblée en partie vide, Netanyahou s'en prend aux détracteurs d'Israël dans un discours virulent à l'ONU";"https://auvio.rtbf.be/media/pas-de-vagues-francois-civil-en-professeur-accuse-a-tort-de-harcelement-3520149"
"RTBF Actus (FR)";"FR";"2026-09-25";"Un jour, une carte : au Texas, Trump dans la sauce barbecue avant les élections de mi-mandat";"https://auvio.rtbf.be/media/simon-coleman-simon-coleman-s04-3520141"
"France 24 (EN)";"EN";"2026-09-25";"Live: Pope Leo arrives at Élysée presidential palace on landmark visit to France";"https://france24.com/en/europe/20260925-live-pope-france-first-state-visit-18-years"
"France 24 (EN)";"EN";"2026-09-25";"Read more";"https://france24.com/en/europe/20260925-live-pope-france-first-state-visit-18-years"
"France 24 (EN)";"EN";"2026-09-25";"Pope Leo XIV’s visit to France: What you need to know";"https://france24.com/en/europe/20260925-pope-leo-xiv-s-visit-to-france-what-you-need-to-know"
"France 24 (EN)";"EN";"2026-09-25";"Schism with rebel Catholic sect casts a pall over Pope Leo’s visit to France";"https://france24.com/en/europe/20260924-schism-ultra-conservative-rebel-sect-sspx-pope-leo-visit-france-catholics-lourdes"
"France 24 (EN)";"EN";"2026-09-25";"Pope Leo to meet clergy abuse victims during upcoming France visit";"https://france24.com/en/france/20260807-pope-leo-meet-clergy-abuse-victims-during-upcoming-france-visit"
"France 24 (EN)";"EN";"2026-09-25";"Live: Saudi Arabia, Turkey, Pakistan to hold urgent meeting over Houthi attacks";"https://france24.com/en/middle-east/20260924-live-iran-s-president-says-us-must-choose-whether-to-end-war"
"France 24 (EN)";"EN";"2026-09-25";"Trump hosts lavish dinner for Xi, hails ‘great friendship’ with Chinese leader";"https://france24.com/en/americas/20260923-trump-hails-great-friendship-with-xi-at-start-of-white-house-state-visit"
"France 24 (EN)";"EN";"2026-09-25";"Argentina's poverty rate climbs to nearly one in three under Milei";"https://france24.com/en/americas/20260925-argentina-poverty-rate-nearly-one-in-three-milei"
"France 24 (EN)";"EN";"2026-09-25";"Macron says 'CIA did not ​inform French services' of possible Russian drone attacks";"https://france24.com/en/france/20260924-macron-says-cia-did-not-inform-french-services-of-possible-russian-drone-attacks"
"France 24 (EN)";"EN";"2026-09-25";"AFCON 2027 qualifiers: African giants kick off their campaigns";"https://france24.com/en/tv-shows/sports/20260925-afcon-2027-qualifiers-african-giants-kick-off-their-campaigns"
"France 24 (EN)";"EN";"2026-09-25";"Saudi reports fresh Houthi attacks as France pledges to defend key oil port";"https://france24.com/en/middle-east/20260924-saudi-houthi-attacks-france-oil-port"
"France 24 (EN)";"EN";"2026-09-25";"Pope arrives in France on first official visit in 18 years";"https://france24.com/en/live-news/20260925-pope-heads-to-france-on-first-state-visit-in-18-years"
"France 24 (EN)";"EN";"2026-09-25";"Israeli PM Netanyahu calls Gaza genocide allegations ‘biggest lie of the century’";"https://france24.com/en/middle-east/20260924-israel-must-win-because-we-ve-got-no-other-choice-pm-netanyahu-tells-un"
"France 24 (EN)";"EN";"2026-09-25";"Nepal’s catastrophic floods were ‘warning to the world', PM Shah tells UN";"https://france24.com/en/asia-pacific/20260925-nepal-floods-warning-world-pm-shah-un"
"France 24 (EN)";"EN";"2026-09-25";"Israeli policies threaten 'life and existence' of Palestinians, Abbas tells UN";"https://france24.com/en/americas/20260924-israel-policies-threaten-life-existence-palestinian-says-abbas-un"
"France 24 (EN)";"EN";"2026-09-25";"Israel blasts ‘grotesque absurdity’ of Macron’s UN remarks on West Bank";"https://france24.com/en/middle-east/20260923-israel-blasts-grotesque-absurdity-of-macron-s-un-remarks-on-west-bank"
"France 24 (EN)";"EN";"2026-09-25";"From TikTok to church pews, France's Catholic influencers find a new flock";"https://france24.com/en/france/20260924-from-tiktok-to-church-pews-france-s-catholic-influencers-find-a-new-flock"
"France 24 (EN)";"EN";"2026-09-25";"How do the French feel about religion?";"https://france24.com/en/tv-shows/entre-nous/20260924-how-do-the-french-feel-about-religion"
"France 24 (EN)";"EN";"2026-09-25";"Why is France's Gen Z turning to Catholicism?";"https://france24.com/en/tv-shows/france-in-focus/20260923-why-is-france-s-gen-z-turning-to-catholicism"
"France 24 (EN)";"EN";"2026-09-25";"Politico, CNN and MS ​NOW return to White House hours after judge reorders Trump to lift ban";"https://france24.com/en/americas/20260924-us-judge-lifts-trump-s-white-house-ban-on-cnn-ms-now-politico"
"France 24 (EN)";"EN";"2026-09-25";"France to send 'military means' to protect key Saudi oil port";"https://france24.com/en/americas/20260924-live-netanyahu-faces-un-over-gaza-as-abbas-set-to-address-assembly-by-video"
"France 24 (EN)";"EN";"2026-09-25";"Residents in West Bank's Masafer Yatta face Israeli demolitions";"https://france24.com/en/tv-shows/the-observers/20260924-residents-west-bank-masafer-yatta-israeli-demolitions"
"France 24 (EN)";"EN";"2026-09-25";"EU sanctions Russian pundit Xenia Fedorova after expulsion from France";"https://france24.com/en/europe/20260924-eu-sanctions-russian-pundit-xenia-fedorova-after-expulsion-from-france"
"France 24 (EN)";"EN";"2026-09-25";"Pakistan launches air strikes in Afghanistan, killing civilians, Taliban says";"https://france24.com/en/asia-pacific/20260924-pakistan-launches-air-strikes-in-afghanistan-killing-civilians-taliban-says"
"France 24 (EN)";"EN";"2026-09-25";"Russia slams Kyiv with ballistic missiles as Ukrainians brace for harsh winter";"https://france24.com/en/europe/20260924-as-moscow-steps-up-attacks-kyiv-residents-brace-for-harsh-winter"
"France 24 (EN)";"EN";"2026-09-25";"ICE, Trump and Africa: Secret deals, broken lives";"https://france24.com/en/tv-shows/reporters/20260921-ice-trump-and-africa-secret-deals-broken-lives"
"France 24 (EN)";"EN";"2026-09-25";"Nigerian superstar Yemi Alade: From viral hit 'Johnny' to working with Beyoncé";"https://france24.com/en/tv-shows/arts24/20260924-nigerian-superstar-yemi-alade-from-viral-hit-johnny-to-working-with-beyonc%C3%A9"
"France 24 (EN)";"EN";"2026-09-25";"Taiwan: Home of semiconductor giants at the centre of AI race";"https://france24.com/en/tv-shows/focus/20260924-taiwan-home-of-semiconductor-giants-at-the-centre-of-ai-race"
"France 24 (EN)";"EN";"2026-09-25";"The French Senate: Old, expensive and out of touch or necessary safeguard to democracy?";"https://france24.com/en/tv-shows/french-connections/20260924-the-french-senate-old-expensive-and-out-of-touch-or-necessary-safeguard-to-democracy"
"France 24 (EN)";"EN";"2026-09-25";"Kévi Donat, founder of Le Paris Noir: 'Paris is much more diverse than perhaps people expect'";"https://france24.com/en/tv-shows/perspective/20260924-kevi-donat-founder-of-le-paris-noir-paris-is-much-more-diverse-than-perhaps-people-expect"
"France 24 (EN)";"EN";"2026-09-25";"Deported to Africa: An international investigation into Trump’s migrant policy";"https://france24.com/en/africa/20260921-deported-to-africa-an-international-investigation-into-trump-s-migrant-policy"
"France 24 (EN)";"EN";"2026-09-25";"‘Gut-wrenching pain’: First conviction in French school sex abuse scandal fails to quell parents’ anger";"https://france24.com/en/france/20260916-gut-wrenching-pain-first-conviction-in-french-school-sex-abuse-scandal-fails-to-quell-parents-anger"
"France 24 (EN)";"EN";"2026-09-25";"French candidates race to claim the cost-of-living issue ahead of 2027 vote";"https://france24.com/en/france/20260914-french-candidates-race-to-claim-the-cost-of-living-issue-ahead-of-2027-vote"
"France 24 (EN)";"EN";"2026-09-25";"Jewish ‘supercop’ runs on Arab ticket in Israeli polls – and sparks a storm";"https://france24.com/en/middle-east/20260912-jewish-supercop-runs-on-arab-ticket-in-israeli-polls-%E2%80%93-and-sparks-a-storm"
"France 24 (EN)";"EN";"2026-09-25";"Macron urges world to 'stand firm' against 'abuse of power by empires' in final UN speech";"https://france24.com/en/france/20260922-macron-urges-world-stand-firm-against-abuse-of-power-by-empires-final-un-speech"
"France 24 (EN)";"EN";"2026-09-25";"Ladin: Dolomites villages refuse to give up on ancient language";"https://france24.com/en/europe/20260922-ladin-dolomites-villages-refuse-to-give-up-on-ancient-language"
"France 24 (EN)";"EN";"2026-09-25";"AI leaders warn UN Security Council of risk to ‘humanity as a whole’ without regulation";"https://france24.com/en/americas/20260923-live-pezeshkian-set-to-address-un-for-the-first-time-since-us-israel-launched-iran-war"
"France 24 (EN)";"EN";"2026-09-25";"‘I had never heard of Eswatini’: Deported by the US to a country that rejects them";"https://france24.com/en/africa/20260923-never-heard-eswatini-deported-by-us-country-that-rejects-them-forbidden-stories"
"France 24 (EN)";"EN";"2026-09-25";"Iran, AI and the ICC: Trump makes threats, touts policies at UN General Assembly";"https://france24.com/en/americas/20260922-iran-ai-and-the-icc-trump-makes-threats-touts-policies-un-general-assembly"
"France 24 (EN)";"EN";"2026-09-25";"A look back at Tunisia's summer of shortages";"https://france24.com/en/tv-shows/the-observers/20260924-look-back-tunisiassummer-shortages"
"France 24 (EN)";"EN";"2026-09-25";"No, this video doesn't disprove the 9/11 attack on the south tower of the World Trade Center";"https://france24.com/en/americas/20260923-video-no-proof-plane-hit-twin-tower-9-11"
"France 24 (EN)";"EN";"2026-09-25";"Third-country removals: Trump’s deportation policy by the numbers";"https://france24.com/en/americas/20260921-third-country-removals-trump-deportation-policy-numbers"
"France 24 (EN)";"EN";"2026-09-25";"The church by the airport: Inside Russia’s suspected spy activities in Sweden";"https://france24.com/en/europe/20250704-the-church-by-the-airport-inside-russia-s-suspected-spy-activities-in-sweden"
"France 24 (EN)";"EN";"2026-09-25";"Searching for radioactive waste in the depths of the Atlantic";"https://france24.com/en/environment/20250607-searching-radioactive-waste-depths-atlantic-france-nuclear"
"France 24 (EN)";"EN";"2026-09-25";"‘Unwavering friendship’: The true story of nine women who escaped a Nazi death march";"https://france24.com/en/europe/20250429-true-story-nine-women-who-escaped-nazi-death-march-ravensbruck"
"France 24 (EN)";"EN";"2026-09-25";"Pope Francis, first Latin American pontiff and champion of the forgotten";"https://france24.com/en/europe/20250421-pope-francis-first-latin-american-pontiff-dies-after-double-pneumonia-battle"
"France 24 (EN)";"EN";"2026-09-25";"Haiti’s independence ransom: Macron offers ‘truth’, Haitians want reparations";"https://france24.com/en/americas/20250417-haiti-independence-ransom-macron-offers-truth-haitians-want-reparations-slavery"
"France 24 (EN)";"EN";"2026-09-25";"Saved from destruction: Paris show offers glimpse of Gaza’s archaeological treasures";"https://france24.com/en/culture/20250403-saved-from-destruction-paris-exhibition-offers-glimpse-of-gaza-archaeological-treasures"
"France 24 (EN)";"EN";"2026-09-25";"When climate mitigation becomes politicised: The Guardian uncovers IPCC links to Saudi oil industry";"https://france24.com/en/tv-shows/spotlight/20260923-when-climate-mitigation-becomes-political-the-guardian-uncovers-ipcc-links-to-saudi-oil-industry"
"France 24 (EN)";"EN";"2026-09-25";"French farmers turn to tropical crops amid rising temperatures";"https://france24.com/en/tv-shows/down-to-earth/20260921-french-farmers-turn-to-tropical-crops-amid-rising-temperatures"
"France 24 (EN)";"EN";"2026-09-25";"Wildfires, heatwaves threaten global air quality and health, UN warns";"https://france24.com/en/environment/20260907-wildfires-heatwaves-global-air-quality-health-un"
"France 24 (EN)";"EN";"2026-09-25";"Film show: Brad Pitt and his dog take on the wilderness in 'Heart of the Beast'";"https://france24.com/en/tv-shows/arts24/20260923-film-show-brad-pitt-and-his-dog-take-on-the-wilderness-in-heart-of-the-beast"
"France 24 (EN)";"EN";"2026-09-25";"From slavery to today: The Black women who shaped America";"https://france24.com/en/tv-shows/arts24/20260922-from-slavery-to-today-the-black-women-who-shaped-america"
"France 24 (EN)";"EN";"2026-09-25";"Germany, Netherlands and France: New European managers make their debuts";"https://france24.com/en/tv-shows/sports/20260924-germany-netherlands-and-france-new-european-managers-make-their-debuts"
"France 24 (EN)";"EN";"2026-09-25";"Football: Full squad train under Zidane as tactical changes expected for France";"https://france24.com/en/tv-shows/sports/20260923-football-full-squad-train-under-zin%C3%A9dine-zidane-as-tactical-changes-expected-for-france"
"France 24 (EN)";"EN";"2026-09-25";"It's not malicious, it's indifference: Thousands of books sent to AI woodchipper";"https://france24.com/en/tv-shows/spotlight/20260917-intent-not-malicious-it-s-indifference-thousands-if-not-millions-of-books-sent-to-ai-woodchipper"
"France 24 (EN)";"EN";"2026-09-25";"Morocco’s centre-right PAM leads in provisional election results";"https://france24.com/en/africa/20260923-morocco-s-centre-right-pam-secures-most-seats-in-election-provisional-results"
"France 24 (EN)";"EN";"2026-09-25";"‘Most powerful force is human potential’: Ukraine's military prioritises new tactics, technologies";"https://france24.com/en/tv-shows/spotlight/20260925-our-most-powerful-force-is-human-potential-ukraine-military-prioritises-new-tactics-technologies"
"France 24 (EN)";"EN";"2026-09-25";"Transforming Payments in the DRC: A Leap Towards a Digital Future";"https://france24.com/en/sponsored-content/20250923-transforming-payments-in-the-drc-a-leap-towards-a-digital-future"
"France 24 (EN)";"EN";"2026-09-25";"Africa's $88 billion solutions: How ATAF fights illicit financial flows";"https://france24.com/en/sponsored-content/20250108-africa-s-88-billion-solutions-how-ataf-fights-illicit-financial-flows"
"France 24 (EN)";"EN";"2026-09-25";"Burundi: innovative solutions to fight stunting in children";"https://france24.com/en/sponsored-content/20240122-burundi-innovative-solutions-to-fight-stunting-in-children"
"France 24 (EN)";"EN";"2026-09-25";"Child malnutrition in Burundi: concrete actions to help children";"https://france24.com/en/sponsored-content/20231215-child-malnutrition-in-burundi-concrete-actions-to-help-children"
"France 24 (EN)";"EN";"2026-09-25";"Interview of Anthony Ginter, President & CEO - WEO";"https://france24.com/en/sponsored-content/20230911-interview-of-anthony-ginter-president-ceo-weo"
"France 24 (EN)";"EN";"2026-09-25";"2026";"https://france24.com/en/archives/2026/01/"
"France 24 (EN)";"EN";"2026-09-25";"2025";"https://france24.com/en/archives/2025/01/"
"France 24 (EN)";"EN";"2026-09-25";"2024";"https://france24.com/en/archives/2024/01/"
"France 24 (EN)";"EN";"2026-09-25";"2023";"https://france24.com/en/archives/2023/01/"
"France 24 (EN)";"EN";"2026-09-25";"2022";"https://france24.com/en/archives/2022/01/"
"France 24 (EN)";"EN";"2026-09-25";"2021";"https://france24.com/en/archives/2021/01/"
"France 24 (EN)";"EN";"2026-09-25";"2020";"https://france24.com/en/archives/2020/01/"
"Le Monde (FR)";"FR";"2026-09-25";"Le Monde’s app";"https://www.lemonde.fr/en/about-us/article/2023/09/06/le-monde-in-english-now-available-on-our-mobile-app_6125308_115.html"
"Le Monde (FR)";"FR";"2026-09-25";"Everything to know about Pope Leo's trip to France";"https://www.lemonde.fr/en/les-decodeurs/article/2026/09/25/high-level-meetings-open-air-masses-and-public-processions-what-you-need-to-know-about-pope-leo-s-trip-to-france_6757921_8.html"
"Le Monde (FR)";"FR";"2026-09-25";"Inside Pope Leo XIV's plane";"https://www.lemonde.fr/en/m-le-mag/article/2026/09/24/inside-pope-leo-xiv-s-plane_6757878_117.html"
"Le Monde (FR)";"FR";"2026-09-25";"After Céline Dion, Pope Leo drives tourism across France";"https://www.lemonde.fr/en/economy/article/2026/09/23/after-celine-dion-pope-leo-drives-tourism-across-france_6757874_19.html"
"Le Monde (FR)";"FR";"2026-09-25";"Pope Leo XIV arrives in France on first apostolic visit in 18 years";"https://www.lemonde.fr/en/france/article/2026/09/25/pope-leo-xiv-arrives-in-france-on-first-apostolic-visit-in-18-years_6757933_7.html"
"Le Monde (FR)";"FR";"2026-09-25";"Macron deploys 'military means' to address international crises and fuel prices";"https://www.lemonde.fr/en/politics/article/2026/09/25/macron-deploys-military-means-to-address-international-crises-and-fuel-prices_6757935_5.html"
"Le Monde (FR)";"FR";"2026-09-25";"Trump welcomes Xi with great pomp to mark US-China 'strategic stability'";"https://www.lemonde.fr/en/international/article/2026/09/25/trump-welcomes-xi-with-great-pomp-to-mark-us-china-strategic-stability_6757938_4.html"
"Le Monde (FR)";"FR";"2026-09-25";"IPCC authors include fossil fuel industry employees, posing a potential conflict of interest";"https://www.lemonde.fr/en/environment/article/2026/09/25/ipcc-authors-include-fossil-fuel-industry-employees-posing-a-potential-conflict-of-interest_6757922_114.html"
"Le Monde (FR)";"FR";"2026-09-25";"Versailles celebrates 20 years since Sofia Coppola's 'Marie Antoinette'";"https://www.lemonde.fr/en/culture/article/2026/09/25/chateau-de-versailles-celebrates-20-years-since-sofia-coppola-s-marie-antoinette_6757919_30.html"
"Le Monde (FR)";"FR";"2026-09-25";"Interview   Virginie Larousse Subscribers only'In the eyes of the Catholic Church, laïcité embodies an ever more restrictive view of the place of religion in France'  In an interview with Le Monde, the secretary general of the Research Institute for the Study of Religions at Paris-Sorbonne University looks back at the tumultuous relationship between France and the papacy, from the Middle Ages to Leo XIV.    9 min read";"https://www.lemonde.fr/en/religions/article/2026/09/25/martin-dumont-historian-in-the-eyes-of-the-catholic-church-laicite-embodies-an-ever-more-restrictive-view-of-the-place-of-religion-in-france_6757923_63.html"
"Le Monde (FR)";"FR";"2026-09-25";"Ramallah waits for elections as Palestinian political life stalls";"https://www.lemonde.fr/en/international/article/2026/09/25/ramallah-waits-for-elections-as-palestinian-political-life-stalls_6757924_4.html"
"Le Monde (FR)";"FR";"2026-09-25";"At UN, Netanyahu launches furious tirade against Israel's critics";"https://www.lemonde.fr/en/international/article/2026/09/25/at-un-netanyahu-launches-furious-tirade-against-israel-s-critics_6757920_4.html"
"Le Monde (FR)";"FR";"2026-09-25";"AI and literature: 'No one in this debate has asked whether a writer has the right to work with a machine'";"https://www.lemonde.fr/en/opinion/article/2026/09/25/ai-and-literature-no-one-in-this-debate-has-asked-whether-a-writer-has-the-right-to-work-with-a-machine_6757917_23.html"
"Le Monde (FR)";"FR";"2026-09-25";"UK far-right activist charged after being filmed slashing boat in Channel";"https://www.lemonde.fr/en/international/article/2026/09/25/uk-far-right-activist-charged-after-being-filmed-slashing-boat-in-channel_6757925_4.html"
"Le Monde (FR)";"FR";"2026-09-25";"Amnesty International calls for ICE to be abolished";"https://www.lemonde.fr/en/international/article/2026/09/25/amnesty-international-calls-for-ice-to-be-abolished_6757926_4.html"
"Le Monde (FR)";"FR";"2026-09-25";"Xi sets red lines for Trump at White House reception";"https://www.lemonde.fr/en/international/article/2026/09/24/xi-sets-red-lines-for-trump-at-white-house-reception_6757913_4.html"
"Le Monde (FR)";"FR";"2026-09-25";"Lombard city of Monza gripped by an 'atmosphere of uninhibited racism'";"https://www.lemonde.fr/en/international/article/2026/09/24/lombard-city-of-monza-gripped-by-an-atmosphere-of-uninhibited-racism_6757915_4.html"
"Le Monde (FR)";"FR";"2026-09-25";"CNN, MS NOW, Politico allowed back in White House after judge's order";"https://www.lemonde.fr/en/international/article/2026/09/24/cnn-politico-ms-now-say-their-reporters-still-barred-from-white-house-despite-court-order_6757903_4.html"
"Le Monde (FR)";"FR";"2026-09-25";"'Singin' in the Rain' makes a spectacular splash at Paris's Lido";"https://www.lemonde.fr/en/culture/article/2026/09/24/singin-in-the-rain-makes-a-spectacular-splash-at-paris-s-lido_6757910_30.html"
"Le Monde (FR)";"FR";"2026-09-25";"Ethiopia's Tigray rebels declare 'full-blown war' as fighting spreads";"https://www.lemonde.fr/en/international/article/2026/09/24/ethiopia-s-tigray-rebels-declare-full-blown-war-as-fighting-spreads_6757916_4.html"
"Le Monde (FR)";"FR";"2026-09-25";"From Iranian prisons to bookstores: the risky journey of Narges Mohammadi's memoir";"https://www.lemonde.fr/en/m-le-mag/article/2026/09/24/from-iranian-prisons-to-french-bookstores-the-risky-journey-of-narges-mohammadi-s-memoir_6757900_117.html"
"Le Monde (FR)";"FR";"2026-09-25";"How does the AI-generated text detector Pangram work, and how reliable is it?";"https://www.lemonde.fr/en/pixels/article/2026/09/24/how-does-the-pangram-ai-generated-text-detector-work-and-how-reliable-is-it_6757911_13.html"
"Le Monde (FR)";"FR";"2026-09-25";"News analysis   Sarah Belouezzane Subscribers onlyPope Leo XIV's visit shines a light on France's Catholic revival and its divisions  The pope's trip to France aims to celebrate Catholicism's renewed dynamism in the country, where baptisms among teenagers and adults have risen sharply. This phenomenon has gone hand in hand with a strengthening of conservative forces.    5 min read";"https://www.lemonde.fr/en/france/article/2026/09/24/pope-leo-xiv-s-visit-shines-a-light-on-france-s-catholic-revival-and-its-divisions_6757907_7.html"
"Le Monde (FR)";"FR";"2026-09-25";"Column   Sylvie Kauffmann Subscribers only'We must call a war a war, whether it is informational, cyber, hybrid or covert'  After four and a half years of war, Vladimir Putin's failure to conquer Ukraine has prompted him to escalate his campaign, seeking to destroy Ukraine and destabilize Europe, writes Le Monde columnist Sylvie Kauffmann.    3 min read";"https://www.lemonde.fr/en/opinion/article/2026/09/24/we-must-call-a-war-a-war-whether-it-is-informational-cyber-hybrid-or-covert_6757906_23.html"
"Le Monde (FR)";"FR";"2026-09-25";"From the Archive   Stéphanie Pierre Eight articles to understand the start of Leo XIV's papacy, ahead of his visit to France  The pope is set to visit Paris, Lourdes and Metz from September 25 to 28. Ahead of this first official papal visit to France, here is a look back at Le Monde's articles about the first American pope.    2 min read";"https://www.lemonde.fr/en/international/article/2026/09/22/pope-leo-xiv-s-visit-to-france-eight-articles-to-understand-the-start-of-his-papacy_6757808_4.html"
"Le Monde (FR)";"FR";"2026-09-25";"Editorial France's regrettable deal over Russian sanctions   Le Monde";"https://www.lemonde.fr/en/opinion/article/2026/09/24/france-s-regrettable-deal-over-russian-sanctions_6757897_23.html"
"Le Monde (FR)";"FR";"2026-09-25";"Column Subscribe'Aboard the AI Titanic, panic is setting in before the ship has even hit the iceberg'      Arnaud Leparmentier San Francisco (United States) correspondent";"https://www.lemonde.fr/en/opinion/article/2026/09/23/aboard-the-ai-titanic-panic-is-setting-in-before-the-ship-has-even-hit-the-iceberg_6757873_23.html"
"Le Monde (FR)";"FR";"2026-09-25";"Column SubscribeParamount Skydance: 'Bluff or not, relocation blackmail always works'      Isabelle Chaperon Le Monde columnist";"https://www.lemonde.fr/en/economy/article/2026/09/22/paramount-skydance-bluff-or-not-relocation-blackmail-always-works_6757811_19.html"
"Le Monde (FR)";"FR";"2026-09-25";"Dozens of UN envoys walk out of Israeli PM Netanyahu's speech";"https://www.lemonde.fr/en/international/article/2026/09/24/dozens-of-un-envoys-walk-out-of-israeli-pm-netanyahu-s-speech_6757912_4.html"
"Le Monde (FR)";"FR";"2026-09-25";"Arthur Mensch, CEO of French start-up Mistral AI: 'AI is software. It can be controlled'";"https://www.lemonde.fr/en/economy/article/2026/09/24/arthur-mensch-ceo-of-french-start-up-mistral-ai-ai-is-software-it-can-be-controlled_6757890_19.html"
"Le Monde (FR)";"FR";"2026-09-25";"France to send 'military means' to protect Saudi oil port, Macron says";"https://www.lemonde.fr/en/france/article/2026/09/24/france-to-send-military-means-to-protect-saudi-oil-port-macron-says_6757914_7.html"
"Le Monde (FR)";"FR";"2026-09-25";"New investigation reveals extent of foreign interference campaign in France";"https://www.lemonde.fr/en/france/article/2026/09/24/new-investigation-reveals-extent-of-foreign-interference-campaign-in-france_6757898_7.html"
"Le Monde (FR)";"FR";"2026-09-25";"France's regrettable deal over Russian sanctions";"https://www.lemonde.fr/en/opinion/article/2026/09/24/france-s-regrettable-deal-over-russian-sanctions_6757897_23.html"
"Le Monde (FR)";"FR";"2026-09-25";"'We must call a war a war, whether it is informational, cyber, hybrid or covert'";"https://www.lemonde.fr/en/opinion/article/2026/09/24/we-must-call-a-war-a-war-whether-it-is-informational-cyber-hybrid-or-covert_6757906_23.html"
"Le Monde (FR)";"FR";"2026-09-25";"Pope Leo XIV visits France: Everything you need to know";"https://www.lemonde.fr/en/les-decodeurs/article/2026/09/25/high-level-meetings-open-air-masses-and-public-processions-what-you-need-to-know-about-pope-leo-s-trip-to-france_6757921_8.html"
"Le Monde (FR)";"FR";"2026-09-25";"Charte du Groupe";"https://www.lemonde.fr/actualite-medias/article/2010/11/03/la-charte-d-ethique-et-de-deontologie-du-groupe-le-monde_1434737_3236.html"
"Le Monde (FR)";"FR";"2026-09-25";"Group Policy";"https://www.lemonde.fr/en/about-us/article/2022/04/06/groupe-le-monde-s-code-of-ethics-and-professional-conduct_5979823_115.html"
"Le Monde (FR)";"FR";"2026-09-25";"RSS feed";"https://www.lemonde.fr/en/about-us/article/2026/03/27/le-monde-rss-feeds_6751860_115.html"
"RFI Afrique (FR)";"FR";"2026-09-25";"2026";"https://www.rfi.fr/fr/archives/2026/01/"
"RFI Afrique (FR)";"FR";"2026-09-25";"2025";"https://www.rfi.fr/fr/archives/2025/01/"
"RFI Afrique (FR)";"FR";"2026-09-25";"2024";"https://www.rfi.fr/fr/archives/2024/01/"
"RFI Afrique (FR)";"FR";"2026-09-25";"2023";"https://www.rfi.fr/fr/archives/2023/01/"
"RFI Afrique (FR)";"FR";"2026-09-25";"2022";"https://www.rfi.fr/fr/archives/2022/01/"
"RFI Afrique (FR)";"FR";"2026-09-25";"2021";"https://www.rfi.fr/fr/archives/2021/01/"
"RFI Afrique (FR)";"FR";"2026-09-25";"2020";"https://www.rfi.fr/fr/archives/2020/01/"
"RTL (FR)";"FR";"2026-09-25";"Politique";"https://rtl.fr/actu/politique"
"RTL (FR)";"FR";"2026-09-25";"International";"https://rtl.fr/actu/international"
"RTL (FR)";"FR";"2026-09-25";"Justice et faits divers";"https://rtl.fr/actu/justice-faits-divers"
"RTL (FR)";"FR";"2026-09-25";"Conso";"https://rtl.fr/actu/economie-consommation"
"RTL (FR)";"FR";"2026-09-25";"Food";"https://rtl.fr/actu/food"
"RTL (FR)";"FR";"2026-09-25";"Santé";"https://rtl.fr/actu/bien-etre"
"RTL (FR)";"FR";"2026-09-25";"Société";"https://rtl.fr/actu/debats-societe"
"RTL (FR)";"FR";"2026-09-25";"Tech";"https://rtl.fr/actu/sciences-tech"
"RTL (FR)";"FR";"2026-09-25";"Arts Spectacles";"https://rtl.fr/culture/arts-spectacles"
"RTL (FR)";"FR";"2026-09-25";"Ciné Séries";"https://rtl.fr/culture/cine-series"
"RTL (FR)";"FR";"2026-09-25";"Médias et people";"https://rtl.fr/culture/medias-people"
"RTL (FR)";"FR";"2026-09-25";"Musique";"https://rtl.fr/culture/musique"
"RTL (FR)";"FR";"2026-09-25";"Culture Générale";"https://rtl.fr/culture/culture-generale"
"RTL (FR)";"FR";"2026-09-25";"Humour";"https://rtl.fr/culture/humour"
"RTL (FR)";"FR";"2026-09-25";"Histoire";"https://rtl.fr/culture/histoire"
"RTL (FR)";"FR";"2026-09-25";"Football";"https://rtl.fr/sport/football"
"RTL (FR)";"FR";"2026-09-25";"Autres sports";"https://rtl.fr/sport/autres-sports"
"France Inter (FR)";"FR";"2026-09-25";"""Ils nous poussent à bout"" : en Cisjordanie, Israël continue de raser des villages palestiniens";"https://radiofrance.fr/franceinter/podcasts/france-inter-sur-le-terrain/sur-le-terrain-du-vendredi-25-septembre-2026-5709711"
"France Inter (FR)";"FR";"2026-09-25";"Premier match de Zidane avec les Bleus : ""Une période un peu passionnante"", selon Vincent Duluc";"https://radiofrance.fr/franceinter/podcasts/l-invite-de-6h20/la-question-de-6h20-du-vendredi-25-septembre-2026-3995870"
"France Inter (FR)";"FR";"2026-09-25";"""Je trouve que ça rajoute à l'expérience !"": des jeunes dormiront dans les églises pour voir le pape Léon XIV à Paris";"https://radiofrance.fr/franceinter/podcasts/l-info-de-france-inter/l-info-de-france-inter-2646187"
"France Inter (FR)";"FR";"2026-09-25";"L'info de France Inter";"https://radiofrance.fr/franceinter/podcasts/les-documents-france-inter"
"France Inter (FR)";"FR";"2026-09-25";"Quel genre de pape Léon XIV a-t-il été jusque-là ?";"https://radiofrance.fr/franceinter/podcasts/l-info-de-france-inter/quel-genre-de-pape-leon-xiv-a-t-il-ete-jusque-la-5323751"
"France Inter (FR)";"FR";"2026-09-25";"""C'est l'automne de tous les dangers"", alerte Jean-Yves Le Drian, ancien ministre de la Défense";"https://radiofrance.fr/franceinter/podcasts/l-invite-de-8h20-le-grand-entretien/l-invite-de-8h20-le-grand-entretien-du-jeudi-24-septembre-2026-9451403"
"France Inter (FR)";"FR";"2026-09-25";"Beck et Bien";"https://radiofrance.fr/franceinter/podcasts/musicaline/musicaline-du-jeudi-24-septembre-2026-6155788"
"France Inter (FR)";"FR";"2026-09-25";"Paul Mirabel devient le héros de sa propre série";"https://radiofrance.fr/franceinter/podcasts/a-la-reguliere/a-la-reguliere-du-mardi-22-septembre-2026-4354483"
"France Inter (FR)";"FR";"2026-09-25";"""A Love Supreme"", l’hymne à la joie de John Coltrane";"https://radiofrance.fr/franceinter/podcasts/et-je-remets-l-album/et-je-remets-l-album-du-samedi-19-septembre-2026-4426981"
"France Inter (FR)";"FR";"2026-09-25";"Aide à mourir : les catholiques entre foi et loi";"https://radiofrance.fr/franceinter/podcasts/interception/interception-le-reportage-du-dimanche-20-septembre-2026-7952747"
"France Inter (FR)";"FR";"2026-09-25";"George Lucas ouvre son musée à Los Angeles";"https://radiofrance.fr/franceinter/podcasts/le-grand-reportage-de-france-inter/le-grand-reportage-du-mercredi-23-septembre-2026-5485631"
"France Inter (FR)";"FR";"2026-09-25";"Paris : la zone à trafic limité et l'aménagement porte Maillot améliorent la qualité de l'air, selon Airparif";"https://radiofrance.fr/franceinter/podcasts/l-info-de-france-inter/paris-la-zone-a-trafic-limite-et-le-reamenagement-porte-maillot-sont-benefiques-pour-la-qualite-de-l-air-selon-airparif-2472609"
"France Inter (FR)";"FR";"2026-09-25";"""Vous voulez réduire mon travail d'avocat à rien"" : Rachida Dati durcit le ton et s'emporte à son procès pour corruption";"https://radiofrance.fr/franceinter/podcasts/l-info-de-france-inter/proces-dati-6222395"
"France Inter (FR)";"FR";"2026-09-25";"""Ils nous poussent à bout pour nous faire partir"" : en Cisjordanie, Israël continue de raser des villages palestiniens";"https://radiofrance.fr/franceinter/podcasts/france-inter-sur-le-terrain/sur-le-terrain-du-vendredi-25-septembre-2026-5709711"
"France Inter (FR)";"FR";"2026-09-25";"France Inter sur le terrain";"https://radiofrance.fr/franceinter/podcasts/grand-angle"
"France Inter (FR)";"FR";"2026-09-25";"Les nouvelles habitudes de mobilités face à la flambée des prix du carburant";"https://radiofrance.fr/franceinter/podcasts/l-invite-du-13-14/l-invite-du-13-14-du-jeudi-24-septembre-2026-7878440"
"France Inter (FR)";"FR";"2026-09-25";"L'invité du 13/14";"https://radiofrance.fr/franceinter/podcasts/l-invite-du-13h00"
"France Inter (FR)";"FR";"2026-09-25";"Le pape Léon XIV à Paris, Arabie saoudite, virus du Nil occidental : le journal de 8h du vendredi 25 septembre";"https://radiofrance.fr/franceinter/podcasts/le-journal-de-8h/le-journal-de-08h00-du-vendredi-25-septembre-2026-9332754"
"France Inter (FR)";"FR";"2026-09-25";"Le journal de 8h";"https://radiofrance.fr/franceinter/podcasts/le-journal-de-8h"
"France Inter (FR)";"FR";"2026-09-25";"""La Maison des os et de la pluie"", de Gabino Iglesias, une sombre histoire de vengeance à Porto Rico";"https://radiofrance.fr/franceinter/podcasts/le-polar-sonne-toujours-2-fois/le-polar-sonne-toujours-2-fois-du-jeudi-17-septembre-2026-2291630"
"France Inter (FR)";"FR";"2026-09-25";"Lilia Hassaine";"https://radiofrance.fr/franceinter/podcasts/rien-ne-s-oppose-a-la-nuit/rien-ne-s-oppose-a-la-nuit-du-lundi-31-aout-2026-3444181"
"France Inter (FR)";"FR";"2026-09-25";"Yannick Haenel : ""La rupture, c'est le début de la vocation""";"https://radiofrance.fr/franceinter/podcasts/le-grand-portrait/le-grand-portrait-du-lundi-07-septembre-2026-9287050"
"France Inter (FR)";"FR";"2026-09-25";"""C'était ça ou mourir"" de Thelyson Orélien, exil et résilience";"https://radiofrance.fr/franceinter/podcasts/le-grand-portrait/le-grand-portrait-du-jeudi-03-septembre-2026-5280607"
"France Inter (FR)";"FR";"2026-09-25";"""Une éclaircie"" de Jean-Baptiste Del Amo : comment son corps a changé son regard sur le monde";"https://radiofrance.fr/franceinter/podcasts/l-invite-de-7h50-du-week-end/l-invite-de-7h50-du-we-du-dimanche-30-aout-2026-2767136"
"France Inter (FR)";"FR";"2026-09-25";"Jean-Philippe Toussaint publie ""La Hantise""";"https://radiofrance.fr/franceinter/podcasts/le-grand-atelier/le-grand-atelier-du-dimanche-30-aout-2026-1560875"
"France Inter (FR)";"FR";"2026-09-25";"Adèle Haenel pour son livre ""Viser juste"" : des mots pour penser le réel";"https://radiofrance.fr/franceinter/podcasts/totemic/totemic-du-vendredi-28-aout-2026-9167302"
"France Inter (FR)";"FR";"2026-09-25";"""À voix haute"" : l'enquête familiale de Polina Panassenko à l'époque de la Russie stalinienne a séduit Le Masque";"https://radiofrance.fr/franceinter/podcasts/le-masque-et-la-plume/a-voix-haute-de-polina-panassenko-2511870"
"France Inter (FR)";"FR";"2026-09-25";"""Ce qui nous frôle sous la surface"" de Colum McCann : le Masque a eu du mal à retenir sa respiration";"https://radiofrance.fr/franceinter/podcasts/le-masque-et-la-plume/ce-qui-nous-frole-sous-la-surface-de-colum-mccann-8357623"
"France Inter (FR)";"FR";"2026-09-25";"Clémence Guetté demande ""une discussion devant le Parlement"" avant l'envoi de militaires français en Arabie saoudite";"https://radiofrance.fr/franceinter/podcasts/l-invite-de-7h50/l-invite-de-7h50-du-we-du-vendredi-25-septembre-2026-1171330"
"France Inter (FR)";"FR";"2026-09-25";"L'invité de 7h50";"https://radiofrance.fr/franceinter/podcasts/l-invite-de-7h50-du-week-end"
"France Inter (FR)";"FR";"2026-09-25";"Recto-Verso";"https://radiofrance.fr/franceinter/podcasts/recto-verso"
"France Inter (FR)";"FR";"2026-09-25";"Le 6/9";"https://radiofrance.fr/franceinter/podcasts/le-6-9"
"France Inter (FR)";"FR";"2026-09-25";"Franc-jeu";"https://radiofrance.fr/franceinter/podcasts/franc-jeu"
"France Inter (FR)";"FR";"2026-09-25";"Franche culture";"https://radiofrance.fr/franceinter/podcasts/franche-culture"
"France Inter (FR)";"FR";"2026-09-25";"Les ailes de géant";"https://radiofrance.fr/franceinter/podcasts/les-ailes-de-geant"
"France Inter (FR)";"FR";"2026-09-25";"Le 18/20";"https://radiofrance.fr/franceinter/podcasts/le-18-20"
"France Inter (FR)";"FR";"2026-09-25";"C'est loin mais c'est beau";"https://radiofrance.fr/franceinter/podcasts/c-est-loin-mais-c-est-beau"
"France Inter (FR)";"FR";"2026-09-25";"Le Billet de Thomas Poitevin";"https://radiofrance.fr/franceinter/podcasts/vero-la-gestionnaire-de-communautes"
"France Inter (FR)";"FR";"2026-09-25";"Rien ne s'oppose à la nuit";"https://radiofrance.fr/franceinter/podcasts/rien-ne-s-oppose-a-la-nuit"
"France Inter (FR)";"FR";"2026-09-25";"La chronique de Samuel Jensky";"https://radiofrance.fr/franceinter/podcasts/la-chronique-de-samuel-jensky"
"France Inter (FR)";"FR";"2026-09-25";"La chronique de Camille Tissot";"https://radiofrance.fr/franceinter/podcasts/la-chronique-de-camille-tissot"
"France Inter (FR)";"FR";"2026-09-25";"Nos vies numériques";"https://radiofrance.fr/franceinter/podcasts/nos-vies-numeriques"
"France Inter (FR)";"FR";"2026-09-25";"La Revue de presse";"https://radiofrance.fr/franceinter/podcasts/la-revue-de-presse"
"France Inter (FR)";"FR";"2026-09-25";"Tout va trop vite";"https://radiofrance.fr/franceinter/podcasts/les-histoires-du-monde"
"France Inter (FR)";"FR";"2026-09-25";"Le Billet de Jessé";"https://radiofrance.fr/franceinter/podcasts/la-chronique-de-jesse"
"France Inter (FR)";"FR";"2026-09-25";"L'édito de Dov Alfon";"https://radiofrance.fr/franceinter/podcasts/dov-alfon-en-toute-subjectivite"
"France Inter (FR)";"FR";"2026-09-25";"Soft planète";"https://radiofrance.fr/franceinter/podcasts/soft-planete"
"France Inter (FR)";"FR";"2026-09-25";"Un jeudi soir sur la terre";"https://radiofrance.fr/franceinter/podcasts/un-jeudi-soir-sur-la-terre"
"France Inter (FR)";"FR";"2026-09-25";"Le petit carnet de campagne";"https://radiofrance.fr/franceinter/podcasts/petits-carnets-de-campagne"
"France Inter (FR)";"FR";"2026-09-25";"Chez la belle-famille";"https://radiofrance.fr/franceinter/podcasts/chez-la-belle-famille"
"France Inter (FR)";"FR";"2026-09-25";"La forêt française a-t-elle une histoire ?";"https://radiofrance.fr/franceinter/podcasts/serie-la-foret-francaise-a-t-elle-une-histoire"
"France Inter (FR)";"FR";"2026-09-25";"Reines et Rois";"https://radiofrance.fr/franceinter/podcasts/reines-et-rois"
"France Inter (FR)";"FR";"2026-09-25";"Charline à Die";"https://radiofrance.fr/franceinter/podcasts/serie-charline-a-die"
"France Inter (FR)";"FR";"2026-09-25";"En 1830, qu’allaient donc faire les Français en débarquant à Alger ?";"https://radiofrance.fr/franceinter/podcasts/serie-en-1830-qu-allaient-donc-faire-les-francais-en-debarquant-a-alger"
"France Inter (FR)";"FR";"2026-09-25";"Le Masque et la Nouvelle Vague";"https://radiofrance.fr/franceinter/podcasts/serie-le-masque-et-la-nouvelle-vague"
"France Inter (FR)";"FR";"2026-09-25";"Masterclass autour de Jay-Z et de l’album ""The Blueprint""";"https://radiofrance.fr/franceinter/podcasts/masterclass-d-inter/les-masterclass-d-inter-du-vendredi-11-septembre-2026-5317913"
"France Inter (FR)";"FR";"2026-09-25";"""Les roches rouges"", ""Garance"" et ""Les éléphants dans la brume"" : les sorties ciné de la semaine";"https://radiofrance.fr/franceinter/podcasts/cine-mercredi/mercredi-cinema-du-mercredi-23-septembre-2026-8499564"
"France Inter (FR)";"FR";"2026-09-25";"Ciné mercredi";"https://radiofrance.fr/franceinter/podcasts/mercredi-cinema"
"France Inter (FR)";"FR";"2026-09-25";"Guerre civile en Birmanie : le récit de l'après-Aung San Suu Kyi";"https://radiofrance.fr/franceinter/podcasts/l-info-de-france-inter/guerre-civile-en-birmanie-le-recit-de-l-apres-aung-san-suu-kyi-4840303"
"France Inter (FR)";"FR";"2026-09-25";"Iyad Ag Ghali, le djihadiste qui défie le Mali";"https://radiofrance.fr/franceinter/podcasts/l-info-de-france-inter/iyad-ag-ghali-le-djihadiste-qui-defile-le-mali-4200074"
"France Inter (FR)";"FR";"2026-09-25";"Poutine, le tsar soviétique";"https://radiofrance.fr/franceinter/podcasts/serie-poutine-le-tsar-sovietique"
"France Inter (FR)";"FR";"2026-09-25";"Alfred Dreyfus, le combat de la République";"https://radiofrance.fr/franceinter/podcasts/serie-alfred-dreyfus-le-combat-de-la-republique"
"France Inter (FR)";"FR";"2026-09-25";"Simone de Beauvoir, itinéraire d'une jeune fille rangée";"https://radiofrance.fr/franceinter/podcasts/serie-simone-de-beauvoir-itineraire-d-une-jeune-fille-rangee"
"France Inter (FR)";"FR";"2026-09-25";"Sigmaringen, le crépuscule des bourreaux";"https://radiofrance.fr/franceinter/podcasts/serie-le-crepuscule-des-bourreaux"
"France Inter (FR)";"FR";"2026-09-25";"Mafia - Meurtres et trahisons : histoires de familles";"https://radiofrance.fr/franceinter/podcasts/serie-mafia-meurtres-et-trahisons-histoires-de-familles"
"France Inter (FR)";"FR";"2026-09-25";"Musique !";"https://radiofrance.fr/franceinter/podcasts/serie-musique"
"France Inter (FR)";"FR";"2026-09-25";"Cache-cache";"https://radiofrance.fr/franceinter/podcasts/serie-cache-cache"
"France Inter (FR)";"FR";"2026-09-25";"C'est la rentrée des P'tits Bateaux";"https://radiofrance.fr/franceinter/podcasts/serie-c-est-la-rentree-des-p-tits-bateaux"
"France Inter (FR)";"FR";"2026-09-25";"Tina et les boucliers de Mars";"https://radiofrance.fr/franceinter/podcasts/serie-tina-et-les-boucliers-de-mars"
"France Inter (FR)";"FR";"2026-09-25";"Les aventures du professeur Caillou";"https://radiofrance.fr/franceinter/podcasts/les-aventures-du-professeur-caillou"
"France Inter (FR)";"FR";"2026-09-25";"Bestioles, nouveaux épisodes !";"https://radiofrance.fr/franceinter/podcasts/bestioles"
"France Inter (FR)";"FR";"2026-09-25";"Une histoire et... Oli, nouveaux épisodes !";"https://radiofrance.fr/franceinter/podcasts/une-histoire-et-oli"
"France Inter (FR)";"FR";"2026-09-25";"Les Odyssées, nouveaux épisodes !";"https://radiofrance.fr/franceinter/podcasts/les-odyssees"
"France Inter (FR)";"FR";"2026-09-25";"Mini vulgaire : les véhicules";"https://radiofrance.fr/franceinter/podcasts/serie-mini-vulgaire-les-vehicules"
"France Inter (FR)";"FR";"2026-09-25";"Chuchote-moi une histoire";"https://radiofrance.fr/franceinter/podcasts/chuchote-moi-une-histoire"
"France Inter (FR)";"FR";"2026-09-25";"L'invité : le sociologue Sébastien Tank-Storper";"https://radiofrance.fr/franceinter/podcasts/affaires-sensibles/affaires-sensibles-l-invite-du-jeudi-24-septembre-2026-6358480"
"France Inter (FR)";"FR";"2026-09-25";"Affaires sensibles";"https://radiofrance.fr/franceinter/podcasts/affaires-sensibles"
"France Inter (FR)";"FR";"2026-09-25";"Buenos Aires, 1994, l’attentat contre l’Amia - Le récit";"https://radiofrance.fr/franceinter/podcasts/affaires-sensibles/affaires-sensibles-le-recit-du-jeudi-24-septembre-2026-5008367"
"France Inter (FR)";"FR";"2026-09-25";"L'attentat contre l’AMIA ou l’impossible vérité argentine - L'intégrale";"https://radiofrance.fr/franceinter/podcasts/affaires-sensibles/affaires-sensibles-du-jeudi-24-septembre-2026-1282891"
"France Inter (FR)";"FR";"2026-09-25";"L'invité : Jean-Marc Hovasse, chercheur, spécialiste de Victor Hugo";"https://radiofrance.fr/franceinter/podcasts/affaires-sensibles/affaires-sensibles-l-invite-du-mercredi-23-septembre-2026-8858035"
"France Inter (FR)";"FR";"2026-09-25";"Bande annonce - Bientôt un nouvel épisode du ""Code a changé""";"https://radiofrance.fr/franceinter/podcasts/le-code-a-change/bande-annonce-9534870"
"France Inter (FR)";"FR";"2026-09-25";"Bestioles";"https://radiofrance.fr/franceinter/podcasts/bestioles"
"France Inter (FR)";"FR";"2026-09-25";"Les concerts d'Inter";"https://radiofrance.fr/franceinter/podcasts/les-concerts-d-inter"
"France Inter (FR)";"FR";"2026-09-25";"Révélations";"https://radiofrance.fr/franceinter/podcasts/revelations"
"France Inter (FR)";"FR";"2026-09-25";"Afghanistan, le tourisme sans les femmes";"https://radiofrance.fr/franceinter/podcasts/interception/interception-du-dimanche-08-mars-2026-4136320"
"France Inter (FR)";"FR";"2026-09-25";"Taylor Swift, le monde, ma fille et moi";"https://radiofrance.fr/franceinter/podcasts/taylor-swift-le-monde-ma-fille-et-moi"
"France Inter (FR)";"FR";"2026-09-25";"Les déportés";"https://radiofrance.fr/franceinter/podcasts/serie-les-deportes"
"France Inter (FR)";"FR";"2026-09-25";"Etats-Unis : ce pays qui marie ses enfants";"https://radiofrance.fr/franceinter/podcasts/interception/interception-du-dimanche-05-mars-2023-8505277"
"France Inter (FR)";"FR";"2026-09-25";"Sur les traces d'Ousmane Dembélé";"https://radiofrance.fr/franceinter/podcasts/serie-sur-les-traces-d-ousmane-dembele"
"France Inter (FR)";"FR";"2026-09-25";"Collégiennes à vendre";"https://radiofrance.fr/franceinter/podcasts/interception/interception-du-dimanche-12-octobre-2025-2574397"
"France Inter (FR)";"FR";"2026-09-25";"Visite du pape,  lettre ouverte, enfantisme et premier match de Zidane";"https://radiofrance.fr/franceinter/podcasts/la-revue-de-presse/la-revue-de-presse-du-vendredi-25-septembre-2026-3931000"
"France Inter (FR)";"FR";"2026-09-25";"Daniel Morin en liberté : Elsa Béranger, Mme Musique et ambiance";"https://radiofrance.fr/franceinter/podcasts/daniel-morin-en-liberte/daniel-morin-en-liberte-du-vendredi-25-septembre-2026-2919969"
"France Inter (FR)";"FR";"2026-09-25";"Daniel Morin en liberté";"https://radiofrance.fr/franceinter/podcasts/daniel-morin"
"France Inter (FR)";"FR";"2026-09-25";"Popstar";"https://radiofrance.fr/franceinter/podcasts/la-chronique-de-samuel-jensky/samuel-jensky-la-franche-touch-du-vendredi-25-septembre-2026-5379300"
"France Inter (FR)";"FR";"2026-09-25";"L’urinoir entre au panthéon de la science";"https://radiofrance.fr/franceinter/podcasts/la-chronique-de-xavier-leherpeur/face-a-la-franche-xavier-leherpeur-du-vendredi-25-septembre-2026-5693083"
"France Inter (FR)";"FR";"2026-09-25";"La chronique de Xavier Leherpeur";"https://radiofrance.fr/franceinter/podcasts/xavier-leherpeur"
"France Inter (FR)";"FR";"2026-09-25";"L’Eurovision mérite-t-il une commission d’enquête ?";"https://radiofrance.fr/franceinter/podcasts/la-chronique-de-raphaelle-baillot/made-in-franche-raphaelle-baillot-du-vendredi-25-septembre-2026-1923907"
"France Inter (FR)";"FR";"2026-09-25";"La chronique de Raphaëlle Baillot";"https://radiofrance.fr/franceinter/podcasts/la-chronique-de-raphaelle-baillot"
"France Inter (FR)";"FR";"2026-09-25";"Les punchlines de la philo du vendredi 25 septembre 2026";"https://radiofrance.fr/franceinter/podcasts/les-punchlines-de-la-philo/les-punchlines-de-la-philo-du-vendredi-25-septembre-2026-9798174"
"France Inter (FR)";"FR";"2026-09-25";"La petite philosophie du quotidien";"https://radiofrance.fr/franceinter/podcasts/philosophie"
"France Inter (FR)";"FR";"2026-09-25";"Ciné-thérapie du vendredi 25 septembre 2026";"https://radiofrance.fr/franceinter/podcasts/cine-therapie/cine-therapie-du-vendredi-25-septembre-2026-9615030"
"France Inter (FR)";"FR";"2026-09-25";"Ciné-thérapie";"https://radiofrance.fr/franceinter/podcasts/l-ami-e-du-vendredi"
"France Inter (FR)";"FR";"2026-09-25";"Catherine Meurisse pour sa bande dessinée ""Le clan de Walden""";"https://radiofrance.fr/franceinter/podcasts/totemic/totemic-du-vendredi-25-septembre-2026-1146620"
"France Inter (FR)";"FR";"2026-09-25";"Totémic";"https://radiofrance.fr/franceinter/podcasts/totemic"
"France Inter (FR)";"FR";"2026-09-25";"Le bras de fer entre Emmanuel Macron et Benjamin Netanyahu";"https://radiofrance.fr/franceinter/podcasts/geopolitique/geopolitique-du-vendredi-25-septembre-2026-8550561"
"France Inter (FR)";"FR";"2026-09-25";"Géopolitique";"https://radiofrance.fr/franceinter/podcasts/geopolitique"
"France Inter (FR)";"FR";"2026-09-25";"Combien ont véritablement rapporté les nouvelles taxes à l'Etat français ?";"https://radiofrance.fr/franceinter/podcasts/l-edito-eco-vsd/l-economie-vue-par-du-vendredi-25-septembre-2026-4323217"
"France Inter (FR)";"FR";"2026-09-25";"L'édito éco VSD";"https://radiofrance.fr/franceinter/podcasts/l-economie-vue-par"
"France Inter (FR)";"FR";"2026-09-25";"Le concept de société en politique";"https://radiofrance.fr/franceinter/podcasts/l-edito-politique-vsd/la-politique-vue-par-du-vendredi-25-septembre-2026-7735984"
"France Inter (FR)";"FR";"2026-09-25";"L'édito politique VSD";"https://radiofrance.fr/franceinter/podcasts/la-politique-vue-par"
"France Inter (FR)";"FR";"2026-09-25";"""La faute du réchauffement climatique ? Pas sur notre incendie du Porge"" : le déni climatique reste présent en Gironde";"https://radiofrance.fr/franceinter/podcasts/le-grand-reportage-de-france-inter/le-grand-reportage-d-interception-du-vendredi-25-septembre-2026-5064534"
"France Inter (FR)";"FR";"2026-09-25";"Le Grand reportage de France Inter";"https://radiofrance.fr/franceinter/podcasts/le-zoom-de-la-redaction"
"France Inter (FR)";"FR";"2026-09-25";"Climat, qu'est-ce qu'on fait maintenant ?";"https://radiofrance.fr/franceinter/podcasts/tout-va-bien-dans-ce-monde/tout-va-bien-dans-ce-monde-du-jeudi-24-septembre-2026-5973108"
"France Inter (FR)";"FR";"2026-09-25";"Tout va bien dans ce monde";"https://radiofrance.fr/franceinter/podcasts/tout-va-bien-dans-ce-monde"
"France Inter (FR)";"FR";"2026-09-25";"Les secrets du supervolcan Toba";"https://radiofrance.fr/franceinter/podcasts/la-terre-au-carre/la-terre-au-carre-du-jeudi-24-septembre-2026-4040327"
"France Inter (FR)";"FR";"2026-09-25";"La Terre au carré";"https://radiofrance.fr/franceinter/podcasts/la-terre-au-carre"
"France Inter (FR)";"FR";"2026-09-25";"Le Rassemblement national et La France insoumise ""proposent un roman national totalement différent""";"https://radiofrance.fr/franceinter/podcasts/le-8h20-du-week-end/le-grand-entretien-du-vendredi-25-septembre-2026-5856040"
"France Inter (FR)";"FR";"2026-09-25";"Le 8h20 du week-end";"https://radiofrance.fr/franceinter/podcasts/l-invite-du-week-end"
"France Inter (FR)";"FR";"2026-09-25";"Comment trouver son style vestimentaire ?";"https://radiofrance.fr/franceinter/podcasts/grand-bien-vous-fasse/grand-bien-vous-fasse-du-vendredi-25-septembre-2026-3645610"
"France Inter (FR)";"FR";"2026-09-25";"Grand bien vous fasse !";"https://radiofrance.fr/franceinter/podcasts/grand-bien-vous-fasse"
"France Inter (FR)";"FR";"2026-09-25";"La série ""Catastrophe"", l'art de la comédie en 4 saisons";"https://radiofrance.fr/franceinter/podcasts/les-80/les-80-du-vendredi-25-septembre-2026-6627102"
"France Inter (FR)";"FR";"2026-09-25";"Les 80''";"https://radiofrance.fr/franceinter/podcasts/les-80-de"
"France Inter (FR)";"FR";"2026-09-25";"Pourquoi la couleur blanche représente-t-elle toujours le bien, et le noir, le mal ?";"https://radiofrance.fr/franceinter/podcasts/les-p-tits-bateaux/les-p-tits-bateaux-du-jeudi-24-septembre-2026-5851444"
"France Inter (FR)";"FR";"2026-09-25";"Les P'tits Bateaux";"https://radiofrance.fr/franceinter/podcasts/les-p-tits-bateaux"
"France Inter (FR)";"FR";"2026-09-25";"Comment briser la glace avec des inconnus ?";"https://radiofrance.fr/franceinter/podcasts/grand-bien-vous-fasse/grand-bien-vous-fasse-du-jeudi-24-septembre-2026-5111414"
"France Inter (FR)";"FR";"2026-09-25";"Bérengère Krief et la sexualité de demain";"https://radiofrance.fr/franceinter/podcasts/franche-culture/franche-culture-du-mardi-22-septembre-2026-6527252"
"France Inter (FR)";"FR";"2026-09-25";"Et si nous ralentissions ?";"https://radiofrance.fr/franceinter/podcasts/le-pas-de-cote-de-sylvie-chokron/le-pas-de-cote-de-sylvie-chokron-du-mardi-22-septembre-2026-7756182"
"France Inter (FR)";"FR";"2026-09-25";"Le pas de côté de Sylvie Chokron";"https://radiofrance.fr/franceinter/podcasts/le-pas-de-cote-de-sylvie-chokron"
"France Inter (FR)";"FR";"2026-09-25";"""Derrière leurs promesses nutritionnelles"", des aliments protéinés ""sont ultra-transformés"", prévient Foodwatch";"https://radiofrance.fr/franceinter/podcasts/l-info-de-france-inter/derriere-leurs-promesses-nutritionnelles-des-aliments-proteines-sont-ultra-transformes-previent-foodwatch-9599562"
"France Inter (FR)";"FR";"2026-09-25";"Les prises de position politiques, terrains glissants pour les sportifs";"https://radiofrance.fr/franceinter/podcasts/l-edito-sport/la-chronique-de-nathalie-iannetta-du-vendredi-25-septembre-2026-7260477"
"France Inter (FR)";"FR";"2026-09-25";"L'Édito sport";"https://radiofrance.fr/franceinter/podcasts/la-chronique-de-nathalie-iannetta"
"France Inter (FR)";"FR";"2026-09-25";"Premier match de Zidane à la tête des Bleus : ""On va jouer au jeu des différences"" avec Deschamps, affirme Vincent Duluc";"https://radiofrance.fr/franceinter/podcasts/l-invite-de-6h20/la-question-de-6h20-du-vendredi-25-septembre-2026-3995870"
"France Inter (FR)";"FR";"2026-09-25";"L'invité de 6h20";"https://radiofrance.fr/franceinter/podcasts/l-invite-de-6h20"
"France Inter (FR)";"FR";"2026-09-25";"Nolan et Lukas Turlan, jeunes champions de France de badminton";"https://radiofrance.fr/franceinter/podcasts/esprit-sport/esprit-sport-du-vendredi-25-septembre-2026-7705227"
"France Inter (FR)";"FR";"2026-09-25";"Esprit sport";"https://radiofrance.fr/franceinter/podcasts/esprit-sport"
"France Inter (FR)";"FR";"2026-09-25";"Le Camion Douche : un service d'hygiène mobile";"https://radiofrance.fr/franceinter/podcasts/carnets-de-campagne/carnets-de-campagne-du-jeudi-24-septembre-2026-6375458"
"France Inter (FR)";"FR";"2026-09-25";"Carnets de campagne";"https://radiofrance.fr/franceinter/podcasts/carnets-de-campagne"
"France Inter (FR)";"FR";"2026-09-25";"Les champions Maxime Grousset et Axel Reymond apprennent à nager aux enfants pour prévenir les noyades";"https://radiofrance.fr/franceinter/podcasts/l-info-de-france-inter/les-champions-maxime-grousset-et-axel-reymond-apprennent-a-nager-aux-enfants-pour-prevenir-les-noyades-8703931"
"France Inter (FR)";"FR";"2026-09-25";"La gymnaste Elena Colas : ""Dans le sport, comme dans la vie, on n'échoue jamais, on apprend""";"https://radiofrance.fr/franceinter/podcasts/nouvelles-tetes/nouvelles-tetes-du-jeudi-24-septembre-2026-9329458"
"France Inter (FR)";"FR";"2026-09-25";"Nouvelles têtes";"https://radiofrance.fr/franceinter/podcasts/nouvelles-tetes"
"France Inter (FR)";"FR";"2026-09-25";"Bilal Hassani et les classiques du classique";"https://radiofrance.fr/franceinter/podcasts/franche-culture/franche-culture-du-vendredi-25-septembre-2026-9147964"
"France Inter (FR)";"FR";"2026-09-25";"Florent Marchet, le son et la forme en mouvement";"https://radiofrance.fr/franceinter/podcasts/musicaline/musicaline-du-vendredi-25-septembre-2026-7302104"
"France Inter (FR)";"FR";"2026-09-25";"Musicaline";"https://radiofrance.fr/franceinter/podcasts/musicaline"
"France Culture (FR)";"FR";"2026-09-25";"Léon XIV en France : à quelle Église le pape rend-il visite ?";"https://radiofrance.fr/franceculture/podcasts/l-invite-e-des-matins/leon-xiv-en-france-a-quelle-eglise-le-pape-rend-il-visite-6221165"
"France Culture (FR)";"FR";"2026-09-25";"L'Invité(e) des Matins";"https://radiofrance.fr/franceculture/podcasts/l-invite-e-des-matins"
"France Culture (FR)";"FR";"2026-09-25";"Marina Vlady : deux ou trois choses qu'on ne savait pas d'elle";"https://radiofrance.fr/franceculture/podcasts/serie-marina-vlady-deux-ou-trois-choses-qu-on-ne-savait-pas-d-elle"
"France Culture (FR)";"FR";"2026-09-25";"La Chine est-elle la grande gagnante des crises mondiales ?";"https://radiofrance.fr/franceculture/podcasts/questions-du-soir-le-debat/la-chine-est-elle-la-grande-gagnante-des-crises-mondiales-5336727"
"France Culture (FR)";"FR";"2026-09-25";"La face cachée du système Poutine";"https://radiofrance.fr/franceculture/podcasts/l-invite-e-des-matins/la-face-cachee-du-systeme-poutine-4143360"
"France Culture (FR)";"FR";"2026-09-25";"John Coltrane (1926-1967), à bout de souffle";"https://radiofrance.fr/franceculture/podcasts/toute-une-vie/john-coltrane-1926-1967-a-bout-de-souffle-5569895"
"France Culture (FR)";"FR";"2026-09-25";"Les enjeux de la visite en France de Léon XIV";"https://radiofrance.fr/franceculture/podcasts/serie-les-enjeux-de-la-visite-en-france-de-leon-xiv"
"France Culture (FR)";"FR";"2026-09-25";"Léon XIV : un pape mondialisé";"https://radiofrance.fr/franceculture/podcasts/serie-leon-xiv-un-pape-mondialise"
"France Culture (FR)";"FR";"2026-09-25";"Spectacle vivant : des subventions ""vitales"" pour la pérennité du secteur";"https://radiofrance.fr/franceculture/podcasts/le-journal-de-l-eco/spectacle-vivant-des-subventions-vitales-pour-la-perennite-du-secteur-7494863"
"France Culture (FR)";"FR";"2026-09-25";"En Allemagne, la culture menacée par la progression de l'AfD";"https://radiofrance.fr/franceculture/podcasts/les-enjeux-internationaux/en-allemagne-la-culture-menacee-par-la-progression-de-l-afd-2665858"
"France Culture (FR)";"FR";"2026-09-25";"""Le Grand Monde"" de Pierre Lemaitre";"https://radiofrance.fr/franceculture/podcasts/serie-le-grand-monde-de-pierre-lemaitre"
"France Culture (FR)";"FR";"2026-09-25";"Les inondations meurtrières au Népal doivent servir d'avertissement pour le monde entier, selon le Premier ministre";"https://radiofrance.fr/franceculture/podcasts/la-revue-de-presse-internationale/la-revue-de-presse-internationale-emission-du-vendredi-25-septembre-2026-9205000"
"France Culture (FR)";"FR";"2026-09-25";"La Revue de presse internationale";"https://radiofrance.fr/franceculture/podcasts/revue-de-presse-internationale"
"France Culture (FR)";"FR";"2026-09-25";"Que peut le pape face aux puissances de l’IA ?";"https://radiofrance.fr/franceculture/podcasts/les-enjeux-internationaux/que-peut-le-pape-face-aux-puissances-de-l-ia-2468946"
"France Culture (FR)";"FR";"2026-09-25";"Les Enjeux internationaux";"https://radiofrance.fr/franceculture/podcasts/les-enjeux-internationaux"
"France Culture (FR)";"FR";"2026-09-25";"Le Benelux, locomotive des sanctions européennes contre la colonisation israélienne";"https://radiofrance.fr/franceculture/podcasts/le-journal-de-l-eco/le-benelux-locomotive-des-sanctions-europeennes-contre-israel-8985492"
"France Culture (FR)";"FR";"2026-09-25";"Le Journal de l'éco";"https://radiofrance.fr/franceculture/podcasts/le-journal-de-l-eco"
"France Culture (FR)";"FR";"2026-09-25";"""C’était ça ou mourir"", de Thélyson Orélien, écrit avec l’IA ? Ses accusateurs s'expliquent";"https://radiofrance.fr/franceculture/podcasts/l-info-culturelle-reportages-enquetes-analyses/c-etait-ca-ou-mourir-de-thelyson-orelien-ecrit-avec-l-ia-ses-accusateurs-s-expliquent-1200723"
"France Culture (FR)";"FR";"2026-09-25";"L'Info culturelle : reportages, enquêtes, analyses";"https://radiofrance.fr/franceculture/podcasts/l-actualite-culturelle-reportages-enquetes-analyses"
"France Culture (FR)";"FR";"2026-09-25";"Journal de 8h45";"https://radiofrance.fr/franceculture/podcasts/journal-de-8h45"
"France Culture (FR)";"FR";"2026-09-25";"Tuer la mère, sauver sa peau, avec Louise Chennevière";"https://radiofrance.fr/franceculture/podcasts/le-book-club/tuer-la-mere-sauver-sa-peau-avec-louise-chenneviere-3624540"
"France Culture (FR)";"FR";"2026-09-25";"Phœbe Hadjimarkos Clarke, écrivaine : “Il m’est impossible d’écrire un roman sans fantastique déguisé”";"https://radiofrance.fr/franceculture/podcasts/les-midis-de-culture-l-invite-e/phoebe-hadjimarkos-clarke-traverse-les-frontieres-avec-le-livre-des-souterrains-1020724"
"France Culture (FR)";"FR";"2026-09-25";"L'or du démon : rencontre avec Ian McGuire";"https://radiofrance.fr/franceculture/podcasts/mauvais-genres/l-or-du-demon-rencontre-avec-ian-mcguire-9391974"
"France Culture (FR)";"FR";"2026-09-25";"Kae Tempest : retour au roman";"https://radiofrance.fr/franceculture/podcasts/le-book-club/kae-tempest-retour-au-roman-2794282"
"France Culture (FR)";"FR";"2026-09-25";"""Nous aussi"" d'Anne Godard : la force du ""on""";"https://radiofrance.fr/franceculture/podcasts/le-regard-culturel/le-regard-culturel-chronique-du-mercredi-09-septembre-2026-5280197"
"France Culture (FR)";"FR";"2026-09-25";"Antoine Volodine et les 11 romans d'Infernus Johannes : le post-exotisme, bouquet final";"https://radiofrance.fr/franceculture/podcasts/mauvais-genres/operation-volodine-le-post-exotisme-bouquet-final-1076220"
"France Culture (FR)";"FR";"2026-09-25";"""Debout dans tes rêves"" d'Abdellah Taïa, une histoire d'amitié";"https://radiofrance.fr/franceculture/podcasts/le-book-club/promesses-avec-abdellah-taia-4947356"
"France Culture (FR)";"FR";"2026-09-25";"""Mais que fait ce sang sur le pull de Jennifer ?"" de Lucie Rico, ou l’obsession d’une phrase inachevée";"https://radiofrance.fr/franceculture/podcasts/le-book-club/lucie-rico-ou-l-obsession-d-une-phrase-inachevee-4284547"
"France Culture (FR)";"FR";"2026-09-25";"Écrire l’inceste selon Daria Marx dans ""Tuer le vieux""";"https://radiofrance.fr/franceculture/podcasts/les-midis-de-culture/tuer-le-vieux-ecrire-l-inceste-selon-daria-marx-8396852"
"France Culture (FR)";"FR";"2026-09-25";"Premier roman : ""Abdallah Superstar"", un conte électro entre la France et Djibouti";"https://radiofrance.fr/franceculture/podcasts/l-invite-e-des-matins-d-ete/abdallah-superstar-un-conte-electro-entre-la-france-et-djibouti-3189093"
"France Culture (FR)";"FR";"2026-09-25";"Pétrole : jusqu'où ira la flambée des prix ?";"https://radiofrance.fr/franceculture/podcasts/les-enjeux-internationaux/petrole-jusqu-ou-ira-la-flambee-des-prix-6114350"
"France Culture (FR)";"FR";"2026-09-25";"Les philosophes au pouvoir";"https://radiofrance.fr/franceculture/podcasts/les-philosophes-au-pouvoir"
"France Culture (FR)";"FR";"2026-09-25";"Le Cas de conscience";"https://radiofrance.fr/franceculture/podcasts/le-cas-de-conscience"
"France Culture (FR)";"FR";"2026-09-25";"Grand Angle";"https://radiofrance.fr/franceculture/podcasts/grand-angle-de-plan-large"
"France Culture (FR)";"FR";"2026-09-25";"Classe créative : le manager de la semaine";"https://radiofrance.fr/franceculture/podcasts/classe-creative-le-manager-de-la-semaine"
"France Culture (FR)";"FR";"2026-09-25";"Le Droit d'ailleurs";"https://radiofrance.fr/franceculture/podcasts/le-droit-d-ailleurs"
"France Culture (FR)";"FR";"2026-09-25";"Les Clés de l'enfance";"https://radiofrance.fr/franceculture/podcasts/les-cles-de-l-enfance"
"France Culture (FR)";"FR";"2026-09-25";"Les Mystères des lieux";"https://radiofrance.fr/franceculture/podcasts/les-mysteres-des-lieux"
"France Culture (FR)";"FR";"2026-09-25";"Le Film de la semaine";"https://radiofrance.fr/franceculture/podcasts/le-film-de-la-semaine-de-plan-large"
"France Culture (FR)";"FR";"2026-09-25";"Le Point culture XXL : l'agenda";"https://radiofrance.fr/franceculture/podcasts/le-point-culture-xxl-l-agenda"
"France Culture (FR)";"FR";"2026-09-25";"Au nom du droit";"https://radiofrance.fr/franceculture/podcasts/au-nom-du-droit"
"France Culture (FR)";"FR";"2026-09-25";"Questions du soir : le débat";"https://radiofrance.fr/franceculture/podcasts/le-temps-du-debat"
"France Culture (FR)";"FR";"2026-09-25";"Les Midis de Culture";"https://radiofrance.fr/franceculture/podcasts/les-midis-de-culture"
"France Culture (FR)";"FR";"2026-09-25";"Avec philosophie";"https://radiofrance.fr/franceculture/podcasts/avec-philosophie"
"France Culture (FR)";"FR";"2026-09-25";"Le Point idées : le journal des sciences sociales";"https://radiofrance.fr/franceculture/podcasts/le-point-idees"
"France Culture (FR)";"FR";"2026-09-25";"Les Matins";"https://radiofrance.fr/franceculture/podcasts/les-matins"
"France Culture (FR)";"FR";"2026-09-25";"Questions du soir : l'idée";"https://radiofrance.fr/franceculture/podcasts/l-idee-questions-du-soir"
"France Culture (FR)";"FR";"2026-09-25";"La Science, CQFD";"https://radiofrance.fr/franceculture/podcasts/la-science-cqfd"
"France Culture (FR)";"FR";"2026-09-25";"Les papes et la France";"https://radiofrance.fr/franceculture/podcasts/serie-les-papes-et-la-france"
"France Culture (FR)";"FR";"2026-09-25";"Alzheimer : comment faire face ?";"https://radiofrance.fr/franceculture/podcasts/serie-alzheimer-comment-faire-face"
"France Culture (FR)";"FR";"2026-09-25";"Désobéissance, s'empotager et pouillot véloce avec Catherine Meurisse";"https://radiofrance.fr/franceculture/podcasts/comme-un-samedi/desobeissance-s-empotager-et-pouillot-veloce-avec-catherine-meurisse-5457563"
"France Culture (FR)";"FR";"2026-09-25";"Confucius, un savoir-être sans confusion";"https://radiofrance.fr/franceculture/podcasts/serie-confucius-un-savoir-etre-sans-confusion"
"France Culture (FR)";"FR";"2026-09-25";"Photographie, objectif patrimoine";"https://radiofrance.fr/franceculture/podcasts/serie-photographie-objectif-patrimoine"
"France Culture (FR)";"FR";"2026-09-25";"Banier, pour quelques millions de plus";"https://radiofrance.fr/franceculture/podcasts/serie-banier-pour-quelques-millions-de-plus"
"France Culture (FR)";"FR";"2026-09-25";"Prévenir le suicide";"https://radiofrance.fr/franceculture/podcasts/serie-prevenir-le-suicide"
"France Culture (FR)";"FR";"2026-09-25";"L'Instant poésie de Séphora Pondi";"https://radiofrance.fr/franceculture/podcasts/serie-l-instant-poesie-de-sephora-pondi"
"France Culture (FR)";"FR";"2026-09-25";"""Histoires de la nuit"" : du roman au film, la peur se standardise";"https://radiofrance.fr/franceculture/podcasts/le-regard-culturel/le-regard-culturel-chronique-du-jeudi-17-septembre-2026-7403706"
"France Culture (FR)";"FR";"2026-09-25";"Le Regard culturel";"https://radiofrance.fr/franceculture/podcasts/la-critique"
"France Culture (FR)";"FR";"2026-09-25";"Religieuses, des histoires de sœurs";"https://radiofrance.fr/franceculture/podcasts/serie-religieuses-des-histoires-de-soeurs"
"France Culture (FR)";"FR";"2026-09-25";"L'Ardèche, le temps des communautés";"https://radiofrance.fr/franceculture/podcasts/serie-l-ardeche-le-temps-des-communautes"
"France Culture (FR)";"FR";"2026-09-25";"Au pays des songes, 2001-2026 (Israël-Palestine, archives oniriques)";"https://radiofrance.fr/franceculture/podcasts/serie-au-pays-des-songes-2001-2026-israel-palestine-archives-oniriques"
"France Culture (FR)";"FR";"2026-09-25";"François d'Assise, la sainteté est un sport de combat";"https://radiofrance.fr/franceculture/podcasts/serie-francois-d-assise-la-saintete-est-un-sport-de-combat"
"France Culture (FR)";"FR";"2026-09-25";"Les 2Be3 : étoiles filantes";"https://radiofrance.fr/franceculture/podcasts/serie-les-2be3-etoiles-filantes"
"France Culture (FR)";"FR";"2026-09-25";"Verdun 1916, au cœur d'une guerre totale";"https://radiofrance.fr/franceculture/podcasts/serie-verdun-1916-au-coeur-d-une-guerre-totale"
"France Culture (FR)";"FR";"2026-09-25";"La Joconde sort du silence";"https://radiofrance.fr/franceculture/podcasts/serie-la-joconde-sort-du-silence"
"France Culture (FR)";"FR";"2026-09-25";"Troubles dys : des vies à inventer";"https://radiofrance.fr/franceculture/podcasts/serie-troubles-dys-des-vies-a-inventer"
"France Culture (FR)";"FR";"2026-09-25";"Habiba Msika (1903-1930), une artiste libre aux multiples talents";"https://radiofrance.fr/franceculture/podcasts/toute-une-vie/habiba-msika-une-artiste-libre-aux-multiples-talents-6978561"
"France Culture (FR)";"FR";"2026-09-25";"Hans le Malin, le cheval qui savait lire et compter";"https://radiofrance.fr/franceculture/podcasts/serie-hans-le-malin-le-cheval-qui-savait-lire-et-compter"
"France Culture (FR)";"FR";"2026-09-25";"Les ultras de la collaboration";"https://radiofrance.fr/franceculture/podcasts/serie-les-ultras-de-la-collaboration"
"France Culture (FR)";"FR";"2026-09-25";"Catholiques de France, la tentation radicale";"https://radiofrance.fr/franceculture/podcasts/serie-catholiques-de-france-la-tentation-radicale"
"France Culture (FR)";"FR";"2026-09-25";"L'effet chat";"https://radiofrance.fr/franceculture/podcasts/serie-l-effet-chat"
"France Culture (FR)";"FR";"2026-09-25";"La trilogie des ""J'ai trop..."" de David Lescot";"https://radiofrance.fr/franceculture/podcasts/serie-la-trilogie-des-j-ai-trop-de-david-lescot"
"France Culture (FR)";"FR";"2026-09-25";"""Les Malheurs de Sophie, une comédie musicale"" de Sabine Zovighian et Michael Liot - Saison 2";"https://radiofrance.fr/franceculture/podcasts/serie-les-malheurs-de-sophie-une-comedie-musicale-de-sabine-zovighian-et-michael-liot-saison-2"
"France Culture (FR)";"FR";"2026-09-25";"""Le Petit Chaperon rouge"" de Pierre Senges, d’après le conte de Charles Perrault";"https://radiofrance.fr/franceculture/podcasts/fictions-theatre-et-cie/le-petit-chaperon-rouge-concert-fiction-de-pierre-senges-d-apres-le-conte-de-charles-perrault-1991892"
"France Culture (FR)";"FR";"2026-09-25";"Le Trésor de Rackham le Rouge : les Aventures de Tintin";"https://radiofrance.fr/franceculture/podcasts/serie-le-tresor-de-rackham-le-rouge-les-aventures-de-tintin"
"France Culture (FR)";"FR";"2026-09-25";"Fiction Lab";"https://radiofrance.fr/franceculture/podcasts/fictions-samedi-noir"
"France Culture (FR)";"FR";"2026-09-25";"LSD, la série documentaire";"https://radiofrance.fr/franceculture/podcasts/lsd-la-serie-documentaire"
"France Culture (FR)";"FR";"2026-09-25";"L'Instant poésie de François Jullien";"https://radiofrance.fr/franceculture/podcasts/serie-l-instant-poesie-de-francois-jullien"
"France Culture (FR)";"FR";"2026-09-25";"Avenue Jean Moulin : Guerchy";"https://radiofrance.fr/franceculture/podcasts/les-pieds-sur-terre/avenue-jean-moulin-1-guerchy-9229685"
"France Culture (FR)";"FR";"2026-09-25";"Les Pieds sur terre";"https://radiofrance.fr/franceculture/podcasts/les-pieds-sur-terre"
"France Culture (FR)";"FR";"2026-09-25";"Quand les scandales percutent la foi";"https://radiofrance.fr/franceculture/podcasts/les-pieds-sur-terre/quand-les-scandales-percutent-la-foi-9525936"
"France Culture (FR)";"FR";"2026-09-25";"L'homme qui a vu l'ours";"https://radiofrance.fr/franceculture/podcasts/les-pieds-sur-terre/l-homme-qui-a-vu-l-ours-2478740"
"France Culture (FR)";"FR";"2026-09-25";"Des tatouages particuliers";"https://radiofrance.fr/franceculture/podcasts/les-pieds-sur-terre/des-tatouages-particuliers-4256770"
"France Culture (FR)";"FR";"2026-09-25";"Héroïne, le temps des seringues";"https://radiofrance.fr/franceculture/podcasts/serie-heroine-le-temps-des-seringues"
"France Culture (FR)";"FR";"2026-09-25";"Même pas mort";"https://radiofrance.fr/franceculture/podcasts/serie-meme-pas-mort"
"France Culture (FR)";"FR";"2026-09-25";"""Les Eloignés"" de Sophie Maurer";"https://radiofrance.fr/franceculture/podcasts/serie-les-eloignes-de-sophie-maurer"
"France Culture (FR)";"FR";"2026-09-25";"Vie de chien";"https://radiofrance.fr/franceculture/podcasts/serie-vie-de-chien"
"France Culture (FR)";"FR";"2026-09-25";"Mes années Boum, une enquête algérienne";"https://radiofrance.fr/franceculture/podcasts/serie-mes-annees-boum-une-enquete-algerienne"
"France Culture (FR)";"FR";"2026-09-25";"Concert-fiction : Blanche-Neige & sortilèges";"https://radiofrance.fr/franceculture/podcasts/fictions-theatre-et-cie/concert-fiction-blanche-neige-sortileges-3143340"
"France Culture (FR)";"FR";"2026-09-25";"Le journal de ma vie";"https://radiofrance.fr/franceculture/podcasts/serie-le-journal-de-ma-vie"
"France Culture (FR)";"FR";"2026-09-25";"""L'Homme invisible"" de H. G. Wells";"https://radiofrance.fr/franceculture/podcasts/serie-l-homme-invisible-de-h-g-wells"
"France Culture (FR)";"FR";"2026-09-25";"""AfficheTonEx"" de Romain Weber et Constance Vilanova";"https://radiofrance.fr/franceculture/podcasts/serie-affichetonex-ecrit-par-romain-weber"
"France Culture (FR)";"FR";"2026-09-25";"Fureurs";"https://radiofrance.fr/franceculture/podcasts/serie-fureurs"
"France Culture (FR)";"FR";"2026-09-25";"Touche pas à ma voiture";"https://radiofrance.fr/franceculture/podcasts/le-regard-culturel/le-regard-culturel-chronique-du-vendredi-25-septembre-2026-3931556"
"France Culture (FR)";"FR";"2026-09-25";"Des exocomètes pourraient éclairer les débuts du système solaire";"https://radiofrance.fr/franceculture/podcasts/avec-sciences/des-exocometes-pourraient-eclairer-les-debuts-du-systeme-solaire-5941489"
"France Culture (FR)";"FR";"2026-09-25";"Avec sciences";"https://radiofrance.fr/franceculture/podcasts/le-journal-des-sciences"
"France Culture (FR)";"FR";"2026-09-25";"IA et littérature : ""On assiste à une paranoïa où tout devient suspect, avec des lecteurs détectives textuels""";"https://radiofrance.fr/franceculture/podcasts/l-info-culturelle-reportages-enquetes-analyses/ia-et-litterature-on-assiste-a-une-paranoia-ou-tout-devient-suspect-avec-des-lecteurs-detectives-textuels-2683800"
"France Culture (FR)";"FR";"2026-09-25";"L'art de la satire en Côte d'Ivoire";"https://radiofrance.fr/franceculture/podcasts/cultures-monde/l-art-de-la-satire-en-cote-d-ivoire-6688539"
"France Culture (FR)";"FR";"2026-09-25";"Cultures Monde";"https://radiofrance.fr/franceculture/podcasts/cultures-monde"
"France Culture (FR)";"FR";"2026-09-25";"Table-ronde : l'Assemblée générale des Nations unies, miroir d'un monde en crise";"https://radiofrance.fr/franceculture/podcasts/cultures-monde/table-ronde-l-assemblee-generale-des-nations-unies-miroir-d-un-monde-en-crise-1506462"
"France Culture (FR)";"FR";"2026-09-25";"Retour de Côte d'Ivoire / Assemblée générale des Nations Unies : miroir d'un monde en crise";"https://radiofrance.fr/franceculture/podcasts/cultures-monde/retour-de-cote-d-ivoire-assemblee-generale-des-nations-unies-miroir-d-un-monde-en-crise-3175366"
"France Culture (FR)";"FR";"2026-09-25";"La chronique du Grand Continent, chronique du vendredi 25 septembre 2026";"https://radiofrance.fr/franceculture/podcasts/la-chronique-du-grand-continent/la-chronique-du-grand-continent-chronique-du-vendredi-25-septembre-2026-4446277"
"France Culture (FR)";"FR";"2026-09-25";"La Chronique du Grand Continent";"https://radiofrance.fr/franceculture/podcasts/la-chronique-du-grand-continent"
"France Culture (FR)";"FR";"2026-09-25";"Tigré : l'Éthiopie replonge dans la violence, quatre ans après la fin du conflit qui a fait au moins 600 000 morts";"https://radiofrance.fr/franceculture/podcasts/journal-de-8-h/journal-de-8h-du-vendredi-25-septembre-2026-3083461"
"France Culture (FR)";"FR";"2026-09-25";"Journal de 8 h";"https://radiofrance.fr/franceculture/podcasts/journal-de-8-h"
"France Culture (FR)";"FR";"2026-09-25";"Mutations mitterrandiennes";"https://radiofrance.fr/franceculture/podcasts/les-mysteres-des-lieux/mutations-mitterrandiennes-6782214"
"France Culture (FR)";"FR";"2026-09-25";"Le poids des traditions";"https://radiofrance.fr/franceculture/podcasts/les-mysteres-des-lieux/le-poids-des-traditions-3030152"
"France Culture (FR)";"FR";"2026-09-25";"Comment le peintre Cézanne a-t-il influencé les philosophes ?";"https://radiofrance.fr/franceculture/podcasts/les-chantiers-de-la-recherche/comment-le-peintre-cezanne-a-t-il-influence-les-philosophes-6279702"
"France Culture (FR)";"FR";"2026-09-25";"Les Chantiers de la recherche";"https://radiofrance.fr/franceculture/podcasts/les-chantiers-de-la-recherche"
"France Culture (FR)";"FR";"2026-09-25";"Les peintres écrivains 4/10 : Salvador Dali, 1ère partie";"https://radiofrance.fr/franceculture/podcasts/les-nuits-de-france-culture/les-peintres-ecrivains-4-10-salvador-dali-1ere-partie-4662387"
"France Culture (FR)";"FR";"2026-09-25";"Les Nuits de France Culture";"https://radiofrance.fr/franceculture/podcasts/les-nuits-de-france-culture"
"France Culture (FR)";"FR";"2026-09-25";"Google à Châteauroux : l'IA est-elle berrichonne ?";"https://radiofrance.fr/franceculture/podcasts/le-billet-politique/google-a-chateauroux-l-ia-est-elle-berrichonne-7785715"
"France Culture (FR)";"FR";"2026-09-25";"Le Billet politique";"https://radiofrance.fr/franceculture/podcasts/le-billet-politique"
"France Culture (FR)";"FR";"2026-09-25";"Emmanuel Macron au JT de 20h : que reste-t-il du pouvoir présidentiel ?";"https://radiofrance.fr/franceculture/podcasts/l-invite-e-des-matins/emmanuel-macron-au-jt-de-20h-que-reste-t-il-du-pouvoir-presidentiel-2814991"
"France Culture (FR)";"FR";"2026-09-25";"L’influence de Cézanne sur les philosophes/Que peut le pape face aux puissances de l'IA ?/Emmanuel Macron au JT de 20h";"https://radiofrance.fr/franceculture/podcasts/les-matins/l-influence-de-cezanne-sur-les-philosophes-que-peut-le-pape-face-aux-puissances-de-l-ia-emmanuel-macron-au-jt-de-20h-5351116"
"ARTE (FR)";"FR";"2026-09-25";"Guide TV";"https://www.arte.tv/fr/guide/"
"ARTE (FR)";"FR";"2026-09-25";"[Vidéo/Article] La Derniere Heure";"https://www.arte.tv/fr/videos/RC-028079/la-derniere-heure/"
"ARTE (FR)";"FR";"2026-09-25";"En intégralitéLa dernière heureLa dernière heureUn huit-clos familialA peine arrivée dans son pays d’origine, Billie doit fuir. Elle a une heure pour percer ses secrets familiaux.Série";"https://www.arte.tv/fr/videos/RC-028079/la-derniere-heure/"
"ARTE (FR)";"FR";"2026-09-25";"Regarder";"https://www.arte.tv/fr/videos/RC-028079/la-derniere-heure/"
"ARTE (FR)";"FR";"2026-09-25";"Info";"https://www.arte.tv/fr/videos/info-et-societe/"
"ARTE (FR)";"FR";"2026-09-25";"Documentaires";"https://www.arte.tv/fr/videos/documentaires-et-reportages/"
"ARTE (FR)";"FR";"2026-09-25";"Séries";"https://www.arte.tv/fr/videos/series-et-fictions/"
"ARTE (FR)";"FR";"2026-09-25";"Émissions";"https://www.arte.tv/fr/videos/emissions/"
"ARTE (FR)";"FR";"2026-09-25";"[Vidéo/Article] Catherine Ringer Chante Les Rita Mitsouko";"https://www.arte.tv/fr/videos/135044-000-A/catherine-ringer-chante-les-rita-mitsouko/"
"ARTE (FR)";"FR";"2026-09-25";"Hommage à Catherine RingerSon concert à la Philharmonie de ParisHommage à la légende de la pop hexagonale disparue ce 14 septembre. Replongez dans l'univers des Rita Mitsouko, capté en 2019.101 minConcert";"https://www.arte.tv/fr/videos/135044-000-A/catherine-ringer-chante-les-rita-mitsouko/"
"ARTE (FR)";"FR";"2026-09-25";"Regarder";"https://www.arte.tv/fr/videos/135044-000-A/catherine-ringer-chante-les-rita-mitsouko/"
"ARTE (FR)";"FR";"2026-09-25";"Bande-annonce";"https://www.arte.tv/fr/videos/135044-000-A/?trailer=true"
"ARTE (FR)";"FR";"2026-09-25";"[Vidéo/Article] Raye Guests";"https://www.arte.tv/fr/videos/132676-000-A/raye-guests/"
"ARTE (FR)";"FR";"2026-09-25";"Raye & guestsAu Montreux Jazz Festival 2026À l'occasion de la 60e édition du Montreux Jazz Festival, Raye invite sur scène plusieurs stars internationales de la pop.115 minConcertSous-titres. Sous-titresVersion originale. Version originale";"https://www.arte.tv/fr/videos/132676-000-A/raye-guests/"
"ARTE (FR)";"FR";"2026-09-25";"Regarder";"https://www.arte.tv/fr/videos/132676-000-A/raye-guests/"
"ARTE (FR)";"FR";"2026-09-25";"Bande-annonce";"https://www.arte.tv/fr/videos/132676-000-A/?trailer=true"
"ARTE (FR)";"FR";"2026-09-25";"[Vidéo/Article] Yael Naim Orange Blossom et Robinson Khoury";"https://www.arte.tv/fr/videos/134165-001-A/yael-naim-orange-blossom-et-robinson-khoury/"
"ARTE (FR)";"FR";"2026-09-25";"Les Concerts VolantsNouvelle soirée tout en couleursYael Naim, Orange Blossom et Robinson Khoury : trois univers musicaux métissés pour ce voyage avec les Concerts Volants.127 minConcert";"https://www.arte.tv/fr/videos/134165-001-A/yael-naim-orange-blossom-et-robinson-khoury/"
"ARTE (FR)";"FR";"2026-09-25";"Regarder";"https://www.arte.tv/fr/videos/134165-001-A/yael-naim-orange-blossom-et-robinson-khoury/"
"ARTE (FR)";"FR";"2026-09-25";"[Vidéo/Article] De Grace";"https://www.arte.tv/fr/videos/RC-024574/de-grace/"
"ARTE (FR)";"FR";"2026-09-25";"De grâceAvec Olivier Gourmet et Panayotis PascotUne tragédie familiale dans l’univers des dockers du Havre. Avec Olivier Gourmet.Série";"https://www.arte.tv/fr/videos/RC-024574/de-grace/"
"ARTE (FR)";"FR";"2026-09-25";"Regarder";"https://www.arte.tv/fr/videos/RC-024574/de-grace/"
"ARTE (FR)";"FR";"2026-09-25";"Bande-annonce";"https://www.arte.tv/fr/videos/RC-024574/?trailer=true"
"ARTE (FR)";"FR";"2026-09-25";"[Vidéo/Article] Marguerite";"https://www.arte.tv/fr/videos/133232-004-A/marguerite/"
"ARTE (FR)";"FR";"2026-09-25";"MargueriteLa révélation pop au Cabaret VertRévélée par la Star Academy, Marguerite livre une performance mêlant sensibilité, franchise et espièglerie.52 minConcert";"https://www.arte.tv/fr/videos/133232-004-A/marguerite/"
"ARTE (FR)";"FR";"2026-09-25";"Regarder";"https://www.arte.tv/fr/videos/133232-004-A/marguerite/"
"ARTE (FR)";"FR";"2026-09-25";"[Vidéo/Article] Selah Sue and the Gallands";"https://www.arte.tv/fr/videos/133654-000-A/selah-sue-and-the-gallands/"
"ARTE (FR)";"FR";"2026-09-25";"Selah Sue and the GallandsSession en plein air au lac LémanPour sa 60e édition, le Montreux Jazz Festival dévoile une session live d’exception avec Selah Sue & The Gallands. 34 minConcert";"https://www.arte.tv/fr/videos/133654-000-A/selah-sue-and-the-gallands/"
"ARTE (FR)";"FR";"2026-09-25";"Regarder";"https://www.arte.tv/fr/videos/133654-000-A/selah-sue-and-the-gallands/"
"ARTE (FR)";"FR";"2026-09-25";"Votre prochaine série vous attend";"https://www.arte.tv/fr/videos/series-et-fictions/"
"ARTE (FR)";"FR";"2026-09-25";"Voir tout";"https://www.arte.tv/fr/videos/series-et-fictions/"
"ARTE (FR)";"FR";"2026-09-25";"Nos films à l'affiche";"https://www.arte.tv/fr/videos/cinema/"
"ARTE (FR)";"FR";"2026-09-25";"Voir tout";"https://www.arte.tv/fr/videos/cinema/"
"ARTE (FR)";"FR";"2026-09-25";"Les documentaires à ne pas manquer";"https://www.arte.tv/fr/videos/documentaires-et-reportages/"
"ARTE (FR)";"FR";"2026-09-25";"Voir tout";"https://www.arte.tv/fr/videos/documentaires-et-reportages/"
"ARTE (FR)";"FR";"2026-09-25";"Les expos de l'automne";"https://www.arte.tv/fr/videos/RC-028320/les-expos-de-la-rentree/"
"ARTE (FR)";"FR";"2026-09-25";"Voir tout";"https://www.arte.tv/fr/videos/RC-028320/les-expos-de-la-rentree/"
"ARTE (FR)";"FR";"2026-09-25";"Culture";"https://www.arte.tv/fr/videos/culture-et-pop/"
"ARTE (FR)";"FR";"2026-09-25";"Voir tout";"https://www.arte.tv/fr/videos/culture-et-pop/"
"ARTE (FR)";"FR";"2026-09-25";"Nos émissions en un coup d'œil";"https://www.arte.tv/fr/videos/emissions/"
"ARTE (FR)";"FR";"2026-09-25";"Voir tout";"https://www.arte.tv/fr/videos/emissions/"
"ARTE (FR)";"FR";"2026-09-25";"Histoire";"https://www.arte.tv/fr/videos/histoire/"
"ARTE (FR)";"FR";"2026-09-25";"Voir tout";"https://www.arte.tv/fr/videos/histoire/"
"ARTE (FR)";"FR";"2026-09-25";"Sciences et technologies";"https://www.arte.tv/fr/videos/sciences/"
"ARTE (FR)";"FR";"2026-09-25";"Voir tout";"https://www.arte.tv/fr/videos/sciences/"
"ARTE (FR)";"FR";"2026-09-25";"Catastrophe - Une série british sur les affres du couple";"https://www.arte.tv/fr/videos/RC-027959/catastrophe/"
"ARTE (FR)";"FR";"2026-09-25";"Taxe-moi, si tu peux ! - Les astuces fiscales des super-riches";"https://www.arte.tv/fr/videos/RC-027810/taxe-moi-si-tu-peux/"
"Time Magazine World (EN)";"EN";"2026-09-25";"Exclusive: The Admiral Who Must Prevent War With China";"https://time.com/article/2026/09/24/admiral-paparo-war-china-taiwan/"
"Time Magazine World (EN)";"EN";"2026-09-25";"White House Restores Access to Media Outlets Banned by Trump, Following Court Order";"https://time.com/article/2026/09/24/judge-overturns-trump-white-house-media-ban-temporary-order-appeal/"
"Time Magazine World (EN)";"EN";"2026-09-25";"Trump and Xi Meet Ahead of State Dinner With A.I. Leaders";"https://time.com/article/2026/09/24/Trump-Xi-meeting-White-House-2026-AI-trade-Iran/"
"Time Magazine World (EN)";"EN";"2026-09-25";"Netanyahu Dismisses Gaza Genocide Allegations as Dozens of U.N. Delegates Walk Out";"https://time.com/article/2026/09/24/netanyahu-dismisses-gaza-genocide-allegations-as-dozens-of-u-n-delegates-walk-out/"
"Time Magazine World (EN)";"EN";"2026-09-25";"Myanmar’s Dictator Wants to Rebuild Ties With the West";"https://time.com/article/2026/09/23/myanmar-president-interview-Min-Aung-Hlaing/"
"Time Magazine World (EN)";"EN";"2026-09-25";"No More ‘Trump Avenue’: Canada’s Capital Votes to Rename Street Amid Trade War";"https://time.com/article/2026/09/24/canada-cuts-trump-avenue-street-name-ottawa-trade-war-carney-alliances/"
"Time Magazine World (EN)";"EN";"2026-09-25";"Australia Condemns ‘Unacceptable’ OpenAI Breach of Government Health Portal";"https://time.com/article/2026/09/24/australia-condemns-unacceptable-openai-breach-of-government-health-portal/"
"Time Magazine World (EN)";"EN";"2026-09-25";"TIME Names Inaugural List of Executives of the Year: Tech and Data";"https://time.com/article/2026/09/22/time-names-inaugural-list-of-executives-of-the-year-tech-and-data/"
"Time Magazine World (EN)";"EN";"2026-09-25";"Revisiting Childhood Hobbies Is a Way to Learn Who You Are as an Adult";"https://time.com/article/2026/09/22/revisiting-childhood-hobbies-is-a-way-to-learn-who-you-are-as-an-adult/"
"Time Magazine World (EN)";"EN";"2026-09-25";"You Actually Don’t Need to See That Movie in IMAX";"https://time.com/article/2026/09/23/you-actually-don-t-need-to-see-that-movie-in-imax/"
"Time Magazine World (EN)";"EN";"2026-09-25";"'Brothers' Coasts on Charm: TV Review";"https://time.com/article/2026/09/23/brothers-review-mcconaughey-harrelson/"
"Time Magazine World (EN)";"EN";"2026-09-25";"The Strange Reason You May Suddenly Feel Dizzy";"https://time.com/article/2026/09/22/the-strange-reason-you-may-suddenly-feel-dizzy/"
"Time Magazine World (EN)";"EN";"2026-09-25";"Amy Sherald Would Rather Walk Away Than Water Down Her ArtAmy Sherald Would Rather Walk Away Than Water Down Her Art";"https://time.com/collection/time100-art/2026/amy-sherald/"
"Time Magazine World (EN)";"EN";"2026-09-25";"Joseph Gordon-Levitt";"https://time.com/collection/time100-ai/2026/joseph-gordon-levitt/"
"Time Magazine World (EN)";"EN";"2026-09-25";"Why K-Pop Took Off When C-Pop Didn’t";"https://time.com/article/2026/09/21/why-k-pop-took-off-when-c-pop-did-not/"
"Time Magazine World (EN)";"EN";"2026-09-25";"We Have a Climate Imagination Problem";"https://time.com/article/2026/09/21/we-have-a-climate-imagination-problem/"
"Time Magazine World (EN)";"EN";"2026-09-25";"Helicopter Parenting Can Help Children Recover From Concussions";"https://time.com/article/2026/09/20/helicopter-parenting-can-help-children-recover-from-concussions/"
"Time Magazine World (EN)";"EN";"2026-09-25";"2026 TIME Executives of the Year: Tech and Data";"https://time.com/collection/executives-of-the-year-tech-data/2026/"
"Time Magazine World (EN)";"EN";"2026-09-25";"The 5 Best Strength Exercises for People Over 50";"https://time.com/article/2026/09/24/5-best-strength-exercises-for-people-over-50/"
"Time Magazine World (EN)";"EN";"2026-09-25";"Trump Administration to Cancel Obamacare Coverage for 760,000 Enrollees Over Alleged Fraud";"https://time.com/article/2026/09/22/obamacare-fraud-vance-trump-administration/"
"Time Magazine World (EN)";"EN";"2026-09-25";"Who Should Get a Blood Test for Alzheimer's Disease?";"https://time.com/article/2026/09/22/who-should-get-new-blood-tests-for-alzheimers-disease/"
"Time Magazine World (EN)";"EN";"2026-09-25";"Why Older Americans Are Drinking More Alcohol—Not Less";"https://time.com/article/2026/09/21/why-older-americans-are-drinking-more-alcohol-not-less/"
"Time Magazine World (EN)";"EN";"2026-09-25";"RSV Vaccines Are Highly Effective in Older Adults";"https://time.com/article/2026/09/21/rsv-vaccines-are-highly-effective-in-older-adults/"
"Time Magazine World (EN)";"EN";"2026-09-25";"Can ‘Pink Noise’ Help You Sleep Better?";"https://time.com/article/2026/09/21/can-pink-noise-improve-your-sleep/"
"Time Magazine World (EN)";"EN";"2026-09-25";"Netflix's 'A Different World' Revival: Review";"https://time.com/article/2026/09/24/different-world-netflix-review/"
"Time Magazine World (EN)";"EN";"2026-09-25";"'Monster: The Lizzie Borden Story' Disappoints";"https://time.com/article/2026/09/18/monster-lizzie-borden-review/"
"Time Magazine World (EN)";"EN";"2026-09-25";"Resident Evil Is a Fleet, Entertaining Reboot";"https://time.com/article/2026/09/18/resident-evil-review/"
"Time Magazine World (EN)";"EN";"2026-09-25";"Review: The History of Concrete";"https://time.com/article/2026/09/15/the-history-of-concrete-review-john-wilson/"
"Time Magazine World (EN)";"EN";"2026-09-25";"Breaking Down the Ending of 'The Scandal'";"https://time.com/article/2026/09/18/breaking-down-the-ending-of-the-scandal/"
"Time Magazine World (EN)";"EN";"2026-09-25";"Breaking Down the Brutal Ending of 'Resident Evil'";"https://time.com/article/2026/09/16/resident-evil-zach-cregger-ending-explained/"
"Time Magazine World (EN)";"EN";"2026-09-25";"AI Arrived at the Worst Possible Moment";"https://time.com/article/2026/09/24/ai-arrived-at-the-worst-possible-moment/"
"Time Magazine World (EN)";"EN";"2026-09-25";"Governments Must Prohibit Superintelligent AI While We Still Can";"https://time.com/article/2026/09/23/governments-must-prohibit-superintelligent-ai-while-we-still-can/"
"Time Magazine World (EN)";"EN";"2026-09-25";"The Narrow Path to a Trump-Xi AI Deal";"https://time.com/article/2026/09/22/trump-xi-ai-deal-china/"
"Time Magazine World (EN)";"EN";"2026-09-25";"What We Tell Our Kids About AI";"https://time.com/article/2026/09/22/what-we-tell-our-kids-about-ai/"
"Time Magazine World (EN)";"EN";"2026-09-25";"How to Govern the Existential Risk of AI";"https://time.com/article/2026/09/17/how-to-govern-the-existential-risk-of-ai/"
"Time Magazine World (EN)";"EN";"2026-09-25";"How To Help Pollinators Survive Winter";"https://time.com/article/2026/09/24/fall-yard-cleanup-pollinators-winter/"
"Time Magazine World (EN)";"EN";"2026-09-25";"Why California Declared a State of Emergency Due to El Niño";"https://time.com/article/2026/09/23/california-state-of-emergency-el-nino/"
"Time Magazine World (EN)";"EN";"2026-09-25";"Hurricane Polo Intensifies Off Mexico’s Coast";"https://time.com/article/2026/09/23/hurricane-polo-natural-disaster-el-nino-weather-mexico/"
"Time Magazine World (EN)";"EN";"2026-09-25";"The Past Decade’s Emissions Are Driving Worse Heat Waves in Europe";"https://time.com/article/2026/09/22/emissions-paris-agreement-europe-heat-waves-study/"
"Time Magazine World (EN)";"EN";"2026-09-25";"In Europe, Today's Children Will Live Through More Fire Weather Than Their Grandparents";"https://time.com/article/2026/09/21/children-europe-extreme-fire-weather-climate-future/"
"Time Magazine World (EN)";"EN";"2026-09-25";"The Earthshot Prize Is Embracing the Idea of Positive Tipping Points";"https://time.com/article/2026/09/18/earthshot-prize-finalists-2026-tipping-points/"
"Time Magazine World (EN)";"EN";"2026-09-25";"Americans Are Increasingly Worried About AI's Environmental Impact";"https://time.com/article/2026/09/16/majority-americans-worried-ai-environment-impact/"
"Icilome (FR)";"FR";"2026-09-25";"Togo – Burundi : Les Éperviers appelés à étouffer les Hirondelles d’entrée";"https://icilome.com/2026/09/togo-burundi-les-eperviers-appeles-a-etouffer-les-hirondelles-dentree/"
"Icilome (FR)";"FR";"2026-09-25";"Cherté des soins dans les hôpitaux publics face au droit  à la santé au Togo";"https://icilome.com/2026/09/cherte-des-soins-dans-les-hopitaux-publics-face-au-droit-a-la-sante-au-togo/"
"Icilome (FR)";"FR";"2026-09-25";"Togo- Prof. Kadanga Beketi :  « Les opinions politiques, religieuses ou sociales d’un patient ne peuvent pas constituer un motif de refus de soins »";"https://icilome.com/2026/09/togo-prof-kadanga-beketi-les-opinions-politiques-religieuses-ou-sociales-dun-patient-ne-peuvent-pas-constituer-un-motif-de-refus-de-soins/"
"Icilome (FR)";"FR";"2026-09-25";"Togo – L’Ordre des médecins interpellé après des propos controversés de Mme Myriam Dossou-d’Almeida";"https://icilome.com/2026/09/togo-lordre-des-medecins-interpelle-apres-des-propos-controverses-de-mme-myriam-dossou-dalmeida/"
"Icilome (FR)";"FR";"2026-09-25";"Edito | Au Togo ou en Guinée, le journalisme : un parcours du combattant";"https://icilome.com/2026/09/au-togo-ou-en-guinee-le-journalisme-un-parcours-du-combattant/"
"Icilome (FR)";"FR";"2026-09-25";"Chine-Togo : 54 ans de relations diplomatiques célébrés à Lomé";"https://icilome.com/2026/09/chine-togo-54-ans-de-relations-diplomatiques-celebres-a-lome/"
"Icilome (FR)";"FR";"2026-09-25";"Togo – 40 ans après, le devoir de mémoire";"https://icilome.com/2026/09/togo-40-ans-apres-le-devoir-de-memoire/"
"Icilome (FR)";"FR";"2026-09-25";"Togo – OTR : 155 véhicules seront mis aux enchères au PAL";"https://icilome.com/2026/09/togo-otr-155-vehicules-seront-mis-aux-encheres-au-pal/"
"Icilome (FR)";"FR";"2026-09-25";"Tribune – Épilogue | L’Ordre a parlé : Quand la déontologie a le dernier mot sur la menace";"https://icilome.com/2026/09/tribune-epilogue-lordre-a-parle-quand-la-deontologie-a-le-dernier-mot-sur-la-menace/"
"Icilome (FR)";"FR";"2026-09-25";"Robert Dussey sur la présence des “mercenaires russes” au Togo";"https://icilome.com/2026/09/robert-dussey-sur-la-presence-des-mercenaires-russes-au-togo/"
"Icilome (FR)";"FR";"2026-09-25";"Laissons le livre d’Orélien faire le même chemin";"https://icilome.com/2026/09/laissons-le-livre-dorelien-faire-le-meme-chemin/"
"Icilome (FR)";"FR";"2026-09-25";"Togo- Aéroport de Lomé : l’espace duty free cédé à un privé";"https://icilome.com/2026/09/togo-aeroport-de-lome-lespace-duty-free-cede-a-un-prive/"
"Icilome (FR)";"FR";"2026-09-25";"Togo – Trois mois après le cambriolage de son cabinet, aucune avancée dans l’enquête sur Me Bokodjin";"https://icilome.com/2026/09/togo-trois-mois-apres-le-cambriolage-de-son-cabinet-aucune-avancee-dans-lenquete-sur-me-bokodjin/"
"Icilome (FR)";"FR";"2026-09-25";"Togo – Noces de cristal du SYNJIT : hommage aux pionniers et cap sur l’avenir";"https://icilome.com/2026/09/togo-noces-de-cristal-du-synjit-hommage-aux-pionniers-et-cap-sur-lavenir/"
"Icilome (FR)";"FR";"2026-09-25";"Togo – SYNJIT : 15 ans d’engagement syndical, un webinaire pour remobiliser les journalistes togolais";"https://icilome.com/2026/08/togo-synjit-15-ans-dengagement-syndical-un-webinaire-pour-remobiliser-les-journalistes-togolais/"
"Icilome (FR)";"FR";"2026-09-25";"Édito- Au Togo, on n’arrête plus les voleurs, on arrête les vendeurs de journaux";"https://icilome.com/2026/08/edito-au-togo-on-narrete-plus-les-voleurs-on-arrete-les-vendeurs-de-journaux/"
"Icilome (FR)";"FR";"2026-09-25";"Togo- Le PPT dénonce une « caporalisation » de la presse après l’interpellation musclée d’un vendeur de journaux";"https://icilome.com/2026/08/togo-le-ppt-denonce-une-caporalisation-de-la-presse-apres-linterpellation-musclee-dun-vendeur-de-journaux/"
"Icilome (FR)";"FR";"2026-09-25";"Oration On Liberty! Addressed to the People and Governors of Togo";"https://icilome.com/2026/07/oration-on-liberty-addressed-to-the-people-and-governors-of-togo/"
"Icilome (FR)";"FR";"2026-09-25";"Togo- Le SYNJIT prépare ses 15 ans avec de nouvelles cartes de membres";"https://icilome.com/2026/07/togo-le-synjit-prepare-ses-15-ans-avec-de-nouvelles-cartes-de-membres/"
"Icilome (FR)";"FR";"2026-09-25";"Video: Abdoul Aziz Goma Addresses the UN on Repression in Togo";"https://icilome.com/2026/03/video-abdoul-aziz-goma-addresses-the-un-on-repression-in-togo/"
"Icilome (FR)";"FR";"2026-09-25";"Togo – Enquête, pressions et refus de l’exil : le message fort de Roger Amemavoh (Vidéo)";"https://icilome.com/2026/02/togo-enquete-pressions-et-refus-de-lexil-le-message-fort-de-roger-amemavor-video/"
"Icilome (FR)";"FR";"2026-09-25";"Bénin : Le président Talon s’adresse à la nation après la tentative de coup d’État (vidéo)";"https://icilome.com/2025/12/benin-le-president-talon-sadresse-a-la-nation-apres-la-tentative-de-coup-detat-video/"
"Icilome (FR)";"FR";"2026-09-25";"Yves Edoh Agbodjan, alias Togbevi Kpéssé précise les objectifs de la délégation du M66 à New York (Interview)";"https://icilome.com/2025/09/yves-edoh-agbodjan-alias-togbevi-kpesse-precise-les-objectifs-de-la-delegation-du-m66-a-new-york-interview/"
"Icilome (FR)";"FR";"2026-09-25";"Vidéo – Le MO5 rejoint l’appel à la mobilisation du 30 août au Togo";"https://icilome.com/2025/08/video-le-mo5-rejoint-lappel-a-la-mobilisation-du-30-aout-au-togo/"
"Icilome (FR)";"FR";"2026-09-25";"Togo-Russie : Lomé accueille la première commission mixte intergouvernementale du 29 septembre au 1er octobre";"https://icilome.com/2026/09/togo-russie-lome-accueille-la-premiere-commission-mixte-intergouvernementale-du-29-septembre-au-1er-octobre/"
"Icilome (FR)";"FR";"2026-09-25";"Togo : la HARC muscle son dialogue avec les créateurs de contenus, entre pédagogie et encadrement publicitaire";"https://icilome.com/2026/09/togo-la-harc-muscle-son-dialogue-avec-les-createurs-de-contenus-entre-pedagogie-et-encadrement-publicitaire/"
"Icilome (FR)";"FR";"2026-09-25";"Togo- Fraude au bac : cinq ans de suspension pour deux agents d’un centre d’écrit à Tabligbo";"https://icilome.com/2026/09/togo-fraude-au-bac-cinq-ans-de-suspension-pour-deux-agents-dun-centre-decrit-a-tabligbo/"
"Icilome (FR)";"FR";"2026-09-25";"Togo – Le pouvoir togolais a plusieurs cordes à son arc";"https://icilome.com/2026/09/togo-le-pouvoir-togolais-a-plusieurs-cordes-a-son-arc/"
"Icilome (FR)";"FR";"2026-09-25";"Togo- Invité à Lomé pour un « accord de paix », le rebelle tchadien Luc Beyam finit en garde à vue pour dette d’hôtel";"https://icilome.com/2026/09/togo-invite-a-lome-pour-un-accord-de-paix-le-rebelle-tchadien-luc-beyam-finit-en-garde-a-vue-pour-dette-dhotel/"
"Icilome (FR)";"FR";"2026-09-25";"Togo- Biologie médicale : La qualité des diagnostics passe aussi par les équipements et les normes";"https://icilome.com/2026/09/togo-biologie-medicale-la-qualite-des-diagnostics-passe-aussi-par-les-equipements-et-les-normes/"
"Icilome (FR)";"FR";"2026-09-25";"Quelle démocratie pour l’Afrique aujourd’hui ?";"https://icilome.com/2026/09/quelle-democratie-pour-lafrique-aujourdhui/"
"Icilome (FR)";"FR";"2026-09-25";"Togo Debout USA porte la situation politique et les préoccupations de la diaspora à Washington";"https://icilome.com/2026/09/togo-debout-usa-porte-la-situation-politique-et-les-preoccupations-de-la-diaspora-a-washington/"
"Icilome (FR)";"FR";"2026-09-25";"Togo- Hausse des prix du carburant : Deux Togolais s’affrontent, le virtuel et le réel";"https://icilome.com/2026/09/togo-hausse-des-prix-du-carburant-deux-togolais-saffrontent-le-virtuel-et-le-reel/"
"Icilome (FR)";"FR";"2026-09-25";"Togo / Scandale au Ministère du Tourisme: Les Secrets bien gardés d’un Hold-up en bande organisée";"https://icilome.com/2026/09/togo-scandale-au-ministere-du-tourisme-les-secrets-bien-gardes-dun-hold-up-en-bande-organisee/"
"Icilome (FR)";"FR";"2026-09-25";"Au Togo, QNET veut reprendre la main sur son image face aux arnaques";"https://icilome.com/2026/09/au-togo-qnet-veut-reprendre-la-main-sur-son-image-face-aux-arnaques/"
"Icilome (FR)";"FR";"2026-09-25";"« QNET n’est pas une agence de voyage » : Cherif Saar veut distinguer la marque des arnaques qui l’usurpent";"https://icilome.com/2026/09/qnet-nest-pas-une-agence-de-voyage-cherif-saar-veut-distinguer-la-marque-des-arnaques-qui-lusurpent/"
"Icilome (FR)";"FR";"2026-09-25";"Abdoul Aziz Goma, le «good samaritan» mis à l´honneur par Freedom Now";"https://icilome.com/2026/09/abdoul-aziz-goma-le-good-samaritan-mis-a-lhonneur-par-freedom-now/"
"Icilome (FR)";"FR";"2026-09-25";"Rentrée scolaire sur fond de la hausse du prix du carburant : Un pouvoir INSENSIBLE";"https://icilome.com/2026/09/rentree-scolaire-sur-fond-de-la-hausse-du-prix-du-carburant-un-pouvoir-insensible/"
"Icilome (FR)";"FR";"2026-09-25";"Togo – Hausse du prix du carburant : La DMK appelle à une mobilisation pacifique";"https://icilome.com/2026/09/togo-hausse-du-prix-du-carburant-la-dmk-appelle-a-une-mobilisation-pacifique/"
"Icilome (FR)";"FR";"2026-09-25";"Pendant que des tonnes de riz Kovié pourrissent dans les magasins, le gouvernement commercialise du riz japonais";"https://icilome.com/2026/09/pendant-que-des-tonnes-de-riz-kovie-pourrissent-dans-les-magasins-le-gouvernement-commercialise-du-riz-japonais/"
"Icilome (FR)";"FR";"2026-09-25";"La campagne contemporaine « Correct the Map » n’est pas née au Togo";"https://icilome.com/2026/09/la-campagne-contemporaine-correct-the-map-nest-pas-nee-au-togo/"
"Icilome (FR)";"FR";"2026-09-25";"Togo- Classement Lloyd’s List 2026 : le Port de Lomé grimpe au 91ᵉ rang mondial";"https://icilome.com/2026/09/togo-classement-lloyds-list-2026-le-port-de-lome-grimpe-au-91%e1%b5%89-rang-mondial/"
"Icilome (FR)";"FR";"2026-09-25";"ABM-TOGO : Quatre ans d’actions, des acquis et des chantiers à poursuivre";"https://icilome.com/2026/09/abm-togo-quatre-ans-dactions-des-acquis-et-des-chantiers-a-poursuivre/"
"Icilome (FR)";"FR";"2026-09-25";"« Le peuple ne mange pas les notations » : Oligui Nguema dans le concret, Faure Gnassingbé dans les chiffres fabriqués";"https://icilome.com/2026/09/le-peuple-ne-mange-pas-les-notations-oligui-nguema-dans-le-concret-faure-gnassingbe-dans-les-chiffres-fabriques/"
"Icilome (FR)";"FR";"2026-09-25";"Au Togo, la télédermatologie s’impose comme une réponse au déficit de dermatologues";"https://icilome.com/2026/09/au-togo-la-teledermatologie-simpose-comme-une-reponse-au-deficit-de-dermatologues/"
"Icilome (FR)";"FR";"2026-09-25";"Togo- Roger Folikoué : « La démocratie est le sursaut du pluriel contre l’irrésistible tentation de l’un »";"https://icilome.com/2026/09/togo-roger-folikoue-la-democratie-est-le-sursaut-du-pluriel-contre-lirresistible-tentation-de-lun/"
"Icilome (FR)";"FR";"2026-09-25";"Togo – Nouvelle flambée des prix du carburant, la colère des consommateurs monte";"https://icilome.com/2026/09/togo-nouvelle-flambee-des-prix-du-carburant-la-colere-des-consommateurs-monte/"
"Icilome (FR)";"FR";"2026-09-25";"Tribune | Changement de Constitution au Togo – une énormité historique devenue une jurisprudence et un cas d’école";"https://icilome.com/2026/09/tribune-changement-de-constitution-au-togo-une-enormite-historique-devenue-une-jurisprudence-et-un-cas-decole/"
"Icilome (FR)";"FR";"2026-09-25";"« La seule voie pacifique » : l’appel de Nathaniel Olympio au Togo";"https://icilome.com/2026/09/la-seule-voie-pacifique-lappel-de-nathaniel-olympio-au-togo/"
"Icilome (FR)";"FR";"2026-09-25";"À Paris, la création togolaise s’invite à ArtTrip grâce à Kokou Ekouagou";"https://icilome.com/2026/09/a-paris-la-creation-togolaise-sinvite-a-arttrip-grace-a-kokou-ekouagou/"
"Icilome (FR)";"FR";"2026-09-25";"Togo – La HARC convoque les créateurs de contenu, quels enjeux derrière cette réunion ?";"https://icilome.com/2026/09/togo-la-harc-convoque-les-createurs-de-contenu-quels-enjeux-derriere-cette-reunion/"
"Icilome (FR)";"FR";"2026-09-25";"Togo- Jean-Pierre Fabre: « Le gouvernement doit cesser de faire payer aux togolais le prix de son incapacité »";"https://icilome.com/2026/09/togo-jean-pierre-fabre-le-gouvernement-doit-cesser-de-faire-payer-aux-togolais-le-prix-de-son-incapacite/"
"Icilome (FR)";"FR";"2026-09-25";"La politique de l´autruche d´un Faure Gnassingbé aux antipodes des réalités politiques de son pays.";"https://icilome.com/2026/09/la-politique-de-lautruche-dun-faure-gnassingbe-aux-antipodes-des-realites-politiques-de-son-pays/"
"Icilome (FR)";"FR";"2026-09-25";"Au Togo, Le Trompe-l’œil de la nouvelle Constitution";"https://icilome.com/2026/09/au-togo-le-trompe-loeil-de-la-nouvelle-constitution/"
"Icilome (FR)";"FR";"2026-09-25";"Togo- Tribune : « On ne soigne pas à la tête du client »";"https://icilome.com/2026/09/togo-tribune-on-ne-soigne-pas-a-la-tete-du-client/"
"Icilome (FR)";"FR";"2026-09-25";"Togo – Hausse du prix du carburant : le MMLK demande la baisse des frais de péage";"https://icilome.com/2026/09/togo-hausse-du-prix-du-carburant-le-mmlk-demande-la-baisse-des-frais-de-peage/"
"Icilome (FR)";"FR";"2026-09-25";"QNET lève le voile sur son catalogue produits, loin des clichés sur la vente pyramidale";"https://icilome.com/2026/09/qnet-leve-le-voile-sur-son-catalogue-produits-loin-des-cliches-sur-la-vente-pyramidale/"
"Icilome (FR)";"FR";"2026-09-25";"V-Convention : À Penang, QNET célèbre 28 ans de vente directe devant des milliers de distributeurs";"https://icilome.com/2026/09/v-convention-a-penang-qnet-celebre-28-ans-de-vente-directe-devant-des-milliers-de-distributeurs/"
"Icilome (FR)";"FR";"2026-09-25";"Même Messi abandonne l’Argentine : Et FAURE ?";"https://icilome.com/2026/09/meme-messi-abandonne-largentine-et-faure/"
"Icilome (FR)";"FR";"2026-09-25";"Résolution de l’ONU sur les cartes du monde : au Togo, l’ANC dénonce une « manœuvre de diversion »";"https://icilome.com/2026/09/resolution-de-lonu-sur-les-cartes-du-monde-au-togo-lanc-denonce-une-manoeuvre-de-diversion/"
"Icilome (FR)";"FR";"2026-09-25";"Rentrée scolaire 2026-2027 : le gouvernement reconduit et renforce le dispositif « Rentrée scolaire sûre »";"https://icilome.com/2026/09/rentree-scolaire-2026-2027-le-gouvernement-reconduit-et-renforce-le-dispositif-rentree-scolaire-sure/"
"Icilome (FR)";"FR";"2026-09-25";"TRIBUNE | Éducation au Togo : le plaidoyer de Helly GBENE pour une école pilotée par la donnée";"https://icilome.com/2026/09/tribune-education-au-togo-le-plaidoyer-de-helly-gbene-pour-une-ecole-pilotee-par-la-donnee/"
"Icilome (FR)";"FR";"2026-09-25";"Hausse du carburant au Togo : l’opposition dénonce une « asphyxie financière » des ménages";"https://icilome.com/2026/09/hausse-du-carburant-au-togo-lopposition-denonce-une-asphyxie-financiere-des-menages/"
"Icilome (FR)";"FR";"2026-09-25";"QNET ouvre les portes de son siège à des journalistes africains, en Malaisie";"https://icilome.com/2026/09/face-aux-accusations-qnet-ouvre-les-portes-de-son-siege-a-des-journalistes-africains-en-malaisie/"
"Icilome (FR)";"FR";"2026-09-25";"Togo- Pollution plastique : ZDP-Togo entre en action sur le littoral de Lomé";"https://icilome.com/2026/09/togo-pollution-plastique-zdp-togo-entre-en-action-sur-le-littoral-de-lome/"
"Icilome (FR)";"FR";"2026-09-25";"Nucléaire : le Togo se positionne, Lomé accueillera le sommet africain NEISA en 2027";"https://icilome.com/2026/09/nucleaire-le-togo-se-positionne-lome-accueillera-le-sommet-africain-neisa-en-2027/"
"Icilome (FR)";"FR";"2026-09-25";"Énergie : pourquoi le nucléaire pourrait changer l’avenir énergétique de l’Afrique et du Togo";"https://icilome.com/2026/09/energie-pourquoi-le-nucleaire-pourrait-changer-lavenir-energetique-de-lafrique-et-du-togo/"
"Icilome (FR)";"FR";"2026-09-25";"Méchanceté gratuite à la Plage";"https://icilome.com/2026/09/mechancete-gratuite-a-la-plage/"
"Icilome (FR)";"FR";"2026-09-25";"Togo – Cyberescroquerie : trois suspects interpellés à Afagnan";"https://icilome.com/2026/09/togo-cyberescroquerie-trois-suspects-interpelles-a-afagnan/"
"Icilome (FR)";"FR";"2026-09-25";"Togo : les prix des produits pétroliers repartent à la hausse";"https://icilome.com/2026/09/togo-les-prix-des-produits-petroliers-repartent-a-la-hausse/"
"Icilome (FR)";"FR";"2026-09-25";"Togo- Jean-Pierre Fabre veut « rendre au peuple la Constitution qu’on lui a volée »";"https://icilome.com/2026/09/togo-jean-pierre-fabre-veut-rendre-au-peuple-la-constitution-quon-lui-a-volee/"
"Togo First (FR)";"FR";"2026-09-25";"Ecobank veut mobiliser 2,6 milliards $ pour les entreprises féminines africaines et l’agriculture d’ici 2030";"https://www.togofirst.com/fr/finance/2509-20163-ecobank-veut-mobiliser-2-6-milliards-pour-les-entreprises-feminines-africaines-et-l-agriculture-d-ici-2030"
"Togo First (FR)";"FR";"2026-09-25";"Administration publique : le Togo veut réduire les délais de traitement des actes administratifs";"https://www.togofirst.com/fr/services-publics/2409-20160-administration-publique-le-togo-veut-reduire-les-delais-de-traitement-des-actes-administratifs"
"Togo First (FR)";"FR";"2026-09-25";"Togo : PALCC+/INCLURE lance sa planification opérationnelle pour les aires protégées";"https://www.togofirst.com/fr/agro/2409-20157-togo-palcc/inclure-lance-sa-planification-operationnelle-pour-les-aires-protegees"
"Togo First (FR)";"FR";"2026-09-25";"Assurances : Lomé accueillera le 12e Forum des Marchés de la FANAF";"https://www.togofirst.com/fr/finance/2409-20156-assurances-lome-accueillera-le-12e-forum-des-marches-de-la-fanaf"
"Togo First (FR)";"FR";"2026-09-25";"Togo : l’OTR annonce une nouvelle vente aux enchères de 155 véhicules";"https://www.togofirst.com/fr/finances-publiques/2409-20155-togo-l-otr-annonce-une-nouvelle-vente-aux-encheres-de-155-vehicules"
"Togo First (FR)";"FR";"2026-09-25";"Togo-Rwanda : Lomé et Kigali renforcent leur coopération avec trois nouveaux accords";"https://www.togofirst.com/fr/politique/2409-20153-togo-rwanda-lome-et-kigali-renforcent-leur-cooperation-avec-trois-nouveaux-accords"
"Togo First (FR)";"FR";"2026-09-25";"Togo-Ghana : à Accra, le West African B2B Connect veut accélérer les affaires entre les deux marchés";"https://www.togofirst.com/fr/gouvernance-economique/2309-20149-togo-ghana-a-accra-le-west-african-b2b-connect-veut-accelerer-les-affaires-entre-les-deux-marches"
"Togo First (FR)";"FR";"2026-09-25";"Au Togo, la HARC veut mettre de l’ordre dans l’espace numérique";"https://www.togofirst.com/fr/tic/2309-20148-au-togo-la-harc-veut-mettre-de-l-ordre-dans-l-espace-numerique"
"Togo First (FR)";"FR";"2026-09-25";"Projet de Centrale bifuel de 120 MW : le ministère consulte les acteurs du marché";"https://www.togofirst.com/fr/energies/2309-20146-projet-de-centrale-bifuel-de-120-mw-le-ministere-consulte-les-acteurs-du-marche"
"Togo First (FR)";"FR";"2026-09-25";"Cartographie : Lomé s’appuie sur les créateurs d’Equal Earth pour mettre en œuvre la résolution de l’ONU";"https://www.togofirst.com/fr/gouvernance-economique/2309-20145-cartographie-lome-s-appuie-sur-les-createurs-d-equal-earth-pour-mettre-en-uvre-la-resolution-de-l-onu"
"Togo First (FR)";"FR";"2026-09-25";"Qualité : la HAUQE rencontre les entreprises pour accélérer leur mise aux normes";"https://www.togofirst.com/fr/gouvernance-economique/2309-20142-qualite-la-hauqe-rencontre-les-entreprises-pour-accelerer-leur-mise-aux-normes"
"Togo First (FR)";"FR";"2026-09-25";"CEDEAO : le Togolais Madadozi Teziké, nouveau directeur de l’Agriculture et du Développement rural";"https://www.togofirst.com/fr/agro/2309-20141-cedeao-le-togolais-madadozi-tezike-nouveau-directeur-de-l-agriculture-et-du-developpement-rural"
"Togo First (FR)";"FR";"2026-09-25";"Commerce : le Togo veut aider ses entreprises à mieux tirer parti des règles d’origine";"https://www.togofirst.com/fr/gouvernance-economique/2209-20139-commerce-le-togo-veut-aider-ses-entreprises-a-mieux-tirer-parti-des-regles-d-origine"
"Togo First (FR)";"FR";"2026-09-25";"Togo-Russie : la première réunion de la commission mixte intergouvernementale annoncée à Lomé";"https://www.togofirst.com/fr/politique/2209-20134-togo-russie-la-premiere-reunion-de-la-commission-mixte-intergouvernementale-annoncee-a-lome"
"Togo First (FR)";"FR";"2026-09-25";"Togo : des kits médicaux pour 10 000 personnes et un nouveau guide de surveillance des menaces sanitaires";"https://www.togofirst.com/fr/sante/2209-20133-togo-des-kits-medicaux-pour-10-000-personnes-et-un-nouveau-guide-de-surveillance-des-menaces-sanitaires"
"Togo First (FR)";"FR";"2026-09-25";"Crise en RDC : depuis New York, l’ONU et l’UA soutiennent la médiation togolaise";"https://www.togofirst.com/fr/politique/2209-20132-crise-en-rdc-depuis-new-york-l-onu-et-l-ua-soutiennent-la-mediation-togolaise"
"Togo First (FR)";"FR";"2026-09-25";"Togo : une centaine de Fabmanagers formés pour renforcer l’innovation technologique à l’école";"https://www.togofirst.com/fr/formation/2209-20131-firstbank-drc-rejoint-le-projet-de-digitalisation-des-recettes-de-transco"
"Togo First (FR)";"FR";"2026-09-25";"Formation professionnelle : le Togo mise sur le secteur privé et le numérique pour améliorer l’employabilité";"https://www.togofirst.com/fr/formation/2209-20129-formation-professionnelle-le-togo-mise-sur-le-secteur-prive-et-le-numerique-pour-ameliorer-l-employabilite"
"Togo First (FR)";"FR";"2026-09-25";"« Nous voulons bâtir une marque laitière africaine à partir du wangash togolais », Assaba Akouétévi, promotrice de ROSHTA Wangash";"https://www.togofirst.com/fr/agro/1909-20108-nous-voulons-batir-une-marque-laitiere-africaine-a-partir-du-wangash-togolais-assaba-akouetevi-promotrice-de-roshta-wangash"
"Togo First (FR)";"FR";"2026-09-25";"Salim Tebonou (HORI) : « J'ai dû démissionner moi-même de la structure que j'avais créée pour repartir de zéro »";"https://www.togofirst.com/fr/gouvernance-economique/0208-19767-salim-tebonou-hori-jai-du-demissionner-moi-meme-de-la-structure-que-javais-creee-pour-repartir-de-zero"
"Togo First (FR)";"FR";"2026-09-25";"FIL 2026 : 70 % de réduction sur les stands pour les femmes et jeunes entrepreneurs";"https://www.togofirst.com/fr/gouvernance-economique/2707-19692-fil-2026-70-de-reduction-sur-les-stands-pour-les-femmes-et-jeunes-entrepreneurs"
"Togo First (FR)";"FR";"2026-09-25";"Togo : plus de 8000 entreprises créées en six mois, un rebond après deux années de recul";"https://www.togofirst.com/fr/gouvernance-economique/0707-19479-togo-plus-de-8000-entreprises-creees-en-six-mois-un-rebond-apres-deux-annees-de-recul"
"Togo First (FR)";"FR";"2026-09-25";"Togo : à Di-Kéti, la certification s'impose comme un levier de croissance pour les TPME";"https://www.togofirst.com/fr/gouvernance-economique/0407-19449-togo-a-di-keti-la-certification-simpose-comme-un-levier-de-croissance-pour-les-tpme"
"Togo First (FR)";"FR";"2026-09-25";"Togo : un fonds de 655 millions FCFA pour financer l’installation des diplômés de l’IFAD-Aquaculture";"https://www.togofirst.com/en/gouvernance-economique/0406-19143-togo-un-fonds-de-655-millions-fcfa-pour-financer-l-installation-des-diplomes-de-l-ifad-aquaculture"
"Togo First (FR)";"FR";"2026-09-25";"Togo : après la hausse du prix du carburant, le gouvernement baisse les tarifs de péage";"https://www.togofirst.com/fr/transport/0207-19428-togo-apres-la-hausse-du-prix-du-carburant-le-gouvernement-baisse-les-tarifs-de-peage"
"Togo First (FR)";"FR";"2026-09-25";"Togo : les résultats des examens désormais accessibles gratuitement via le Web, WhatsApp et Telegram";"https://www.togofirst.com/fr/education/0806-19171-togo-les-resultats-des-examens-desormais-accessibles-gratuitement-via-le-web-whatsapp-et-telegram"
"Togo First (FR)";"FR";"2026-09-25";"Le Togolais Kodjo Akpatigbe prend la tête de Deloitte au Togo et au Bénin";"https://www.togofirst.com/fr/finance/0207-19423-le-togolais-kodjo-akpatigbe-prend-la-tete-de-deloitte-au-togo-et-au-benin"
"Togo First (FR)";"FR";"2026-09-25";"Gouvernance et financement du secteur routier : le Togo crée l’AGEROUTE et la SONAFIR";"https://www.togofirst.com/fr/transport/2906-19371-gouvernance-et-financement-du-secteur-routier-le-togo-cree-l-ageroute-et-la-sonafir"
"Togo First (FR)";"FR";"2026-09-25";"Lancement d’une mission d’élaboration des normes de certification pour les entreprises de BTP";"https://www.togofirst.com/"
"Togo First (FR)";"FR";"2026-09-25";"Logement : à Kpomé-Dalavé, Adedze annonce le passage du programme des 20 000 unités à sa phase opérationnelle";"https://www.togofirst.com/fr/gouvernance-economique/1206-19219-logement-a-kpome-dalave-adedze-annonce-le-passage-du-programme-des-20-000-unites-a-sa-phase-operationnelle"
"Togo First (FR)";"FR";"2026-09-25";"Togo : pour une fonction publique plus performante, le gouvernement entend mettre en place un plan national";"https://www.togofirst.com/"
"Togo First (FR)";"FR";"2026-09-25";"Restauration des terres : la FAO lance un appel à projets pour des subventions pouvant atteindre 50 000 $";"https://www.togofirst.com/fr/agro/1506-19233-restauration-des-terres-la-fao-lance-un-appel-a-projets-pour-des-subventions-pouvant-atteindre-50-000"
"Togo First (FR)";"FR";"2026-09-25";"Togo : la dette publique ""baisse"" à 60,2 % du PIB à fin juin 2026";"https://www.togofirst.com/fr/gouvernance-economique/2109-20125-togo-la-dette-publique-baisse-a-60-2-du-pib-a-fin-juin-2026"
"Togo First (FR)";"FR";"2026-09-25";"Togo : plus de 35 000 tonnes de mangues produites en 2025, pour seulement 15 % exportés";"https://www.togofirst.com/fr/agro/2109-20122-togo-plus-de-35-000-tonnes-de-mangues-produites-en-2025-pour-seulement-15-exportes"
"Togo First (FR)";"FR";"2026-09-25";"Togo : le gouvernement lance un appel d’offres pour 5200 équipements de comptage intelligent";"https://www.togofirst.com/fr/energies/2109-20121-togo-le-gouvernement-lance-un-appel-d-offres-pour-5200-equipements-de-comptage-intelligent"
"Togo First (FR)";"FR";"2026-09-25";"Eau potable : 305 forages livrés dans les Plateaux grâce à la coopération sino-togolaise";"https://www.togofirst.com/fr/social/2109-20120-eau-potable-305-forages-livres-dans-les-plateaux-grace-a-la-cooperation-sino-togolaise"
"Togo First (FR)";"FR";"2026-09-25";"Médias : le gouvernement rappelle l’obligation d’accès gratuit aux services audiovisuels publics";"https://www.togofirst.com/fr/culture/2109-20119-medias-le-gouvernement-rappelle-l-obligation-d-acces-gratuit-aux-services-audiovisuels-publics"
"Togo First (FR)";"FR";"2026-09-25";"Togo : la CCI-Togo lance la formation de femmes aux métiers du transport";"https://www.togofirst.com/fr/gouvernance-economique/1809-20107-togo-la-cci-togo-lance-la-formation-de-femmes-aux-metiers-du-transport"
"Togo First (FR)";"FR";"2026-09-25";"Togo : l’exécutif appelle les banques à renforcer leur soutien à l’agriculture et aux TPME";"https://www.togofirst.com/fr/gouvernance-economique/1809-20100-togo-l-executif-appelle-les-banques-a-renforcer-leur-soutien-a-l-agriculture-et-aux-tpme"
"Togo First (FR)";"FR";"2026-09-25";"21è Foire internationale de Lomé : l’Inde sera le pays invité d’honneur";"https://www.togofirst.com/fr/gouvernance-economique/1809-20097-21e-foire-internationale-de-lome-l-inde-sera-le-pays-invite-d-honneur"
"Togo First (FR)";"FR";"2026-09-25";"Togo : le budget vert passe de l’expérimentation à un cadre obligatoire";"https://www.togofirst.com/fr/finances-publiques/1809-20096-togo-le-budget-vert-passe-de-l-experimentation-a-un-cadre-obligatoire"
"Togo First (FR)";"FR";"2026-09-25";"ASKY et Ethiopian Airlines préparent un centre de maintenance d’avions de 100 millions $ à Lomé";"https://www.togofirst.com/fr/transport/1809-20095-asky-et-ethiopian-airlines-preparent-un-centre-de-maintenance-d-avions-de-100-millions-a-lome"
"Togo First (FR)";"FR";"2026-09-25";"Togo : plus de 3000 enseignants définitivement admis au concours de recrutement 2026";"https://www.togofirst.com/fr/education/1809-20094-togo-plus-de-3000-enseignants-definitivement-admis-au-concours-de-recrutement-2026"
"Togo First (FR)";"FR";"2026-09-25";"Appui aux entrepreneurs : l’ADTPME recrute à des postes de direction";"https://www.togofirst.com/fr/gouvernance-economique/1809-20093-appui-aux-entrepreneurs-l-adtpme-recrute-a-des-postes-de-direction"
"Togo First (FR)";"FR";"2026-09-25";"Au Togo, le secteur privé identifie ses besoins en recherche et innovation filière par filière";"https://www.togofirst.com/fr/gouvernance-economique/1809-20092-au-togo-le-secteur-prive-identifie-ses-besoins-en-recherche-et-innovation-filiere-par-filiere"
"Togo First (FR)";"FR";"2026-09-25";"Togo : le BIC prépare une plateforme pour faciliter le financement des PME";"https://www.togofirst.com/fr/gouvernance-economique/1709-20090-togo-le-bic-prepare-une-plateforme-pour-faciliter-le-financement-des-pme"
"Togo First (FR)";"FR";"2026-09-25";"Feuille de route 2026-2031 : l’exécutif recueille les dernières suggestions avant finalisation";"https://www.togofirst.com/fr/gestion-publique/1709-20086-feuille-de-route-2026-2031-l-executif-recueille-les-dernieres-suggestions-avant-finalisation"
"Togo First (FR)";"FR";"2026-09-25";"Togo : l'OTR lance e-TPU pour déclarer et payer la TPU en ligne";"https://www.togofirst.com/fr/gouvernance-economique/1709-20085-togo-lotr-lance-e-tpu-pour-declarer-et-payer-la-tpu-en-ligne"
"Togo First (FR)";"FR";"2026-09-25";"Togo : le Patronat lance un programme d’immersion professionnelle pour 600 jeunes";"https://www.togofirst.com/fr/gouvernance-economique/1709-20084-togo-le-patronat-lance-un-programme-d-immersion-professionnelle-pour-600-jeunes"
"Togo First (FR)";"FR";"2026-09-25";"Leadership politique : 323 femmes formées au Togo depuis 2020";"https://www.togofirst.com/fr/politique/1609-20081-leadership-politique-323-femmes-formees-au-togo-depuis-2020"
"Togo First (FR)";"FR";"2026-09-25";"Classement mondial 2026 : le Port de Lomé gagne une place et s’adjuge le 91è rang";"https://www.togofirst.com/fr/logistique/1609-20080-classement-mondial-2026-le-port-de-lome-gagne-une-place-et-s-adjuge-le-91e-rang"
"Togo First (FR)";"FR";"2026-09-25";"Togo : la masse salariale atteint 181 milliards FCFA à fin juin 2026, soit 48,5% des prévisions annuelles";"https://www.togofirst.com/fr/finances-publiques/1609-20077-togo-la-masse-salariale-atteint-181-milliards-fcfa-a-fin-juin-2026-soit-48-5-des-previsions-annuelles"
"Togo First (FR)";"FR";"2026-09-25";"Togo : chercheurs et entreprises veulent mieux valoriser les résultats de la recherche";"https://www.togofirst.com/fr/gouvernance-economique/1609-20073-togo-chercheurs-et-entreprises-cherchent-a-mieux-valoriser-les-resultats-de-la-recherche"
"Togo First (FR)";"FR";"2026-09-25";"IPDCP : ""Derrière la protection des données à caractère personnel, il y a non seulement un enjeu de souveraineté numérique, mais aussi un enjeu de confiance""";"https://www.togofirst.com/fr/tic/1609-20072-ipdcp-derriere-la-protection-des-donnees-a-caractere-personnel-il-y-a-non-seulement-un-enjeu-de-souverainete-numerique-mais-aussi-un-enjeu-de-confiance"
"Togo First (FR)";"FR";"2026-09-25";"Agriculture : météo, prix, intrants, le SIHAM veut faciliter l’accès des producteurs à l’information";"https://www.togofirst.com/fr/agro/1609-20071-agriculture-meteo-prix-intrants-le-siham-veut-faciliter-l-acces-des-producteurs-a-l-information"
"Togo First (FR)";"FR";"2026-09-25";"Couverture sanitaire universelle : Lomé réunit 16 pays africains autour du diagnostic";"https://www.togofirst.com/fr/sante/1609-20070-couverture-sanitaire-universelle-lome-reunit-16-pays-africains-autour-du-diagnostic"
"Togo First (FR)";"FR";"2026-09-25";"Enseignement supérieur : Moscou veut renforcer sa coopération avec les universités togolaises";"https://www.togofirst.com/fr/formation/1509-20066-enseignement-superieur-moscou-veut-renforcer-sa-cooperation-avec-les-universites-togolaises"
"L'Alternative (TG)";"FR";"2026-09-25";"Accueil";"https://lalternative.info/"
"L'Alternative (TG)";"FR";"2026-09-25";"A propos";"https://lalternative.info/about-us/"
"L'Alternative (TG)";"FR";"2026-09-25";"Abonnement";"https://lalternative.info/abonnez-vous-a-votre-journal/"
"L'Alternative (TG)";"FR";"2026-09-25";"Togo- Primature, ministère des Enseignements, brigade pour mineurs, CNDH passifs sur...";"https://lalternative.info/2024/09/14/togo-primature-ministere-des-enseignements-brigade-pour-mineurs-cndh-passifs-sur-le-viol-sur-une-petite-fille-a-lecole-la-madone/"
"L'Alternative (TG)";"FR";"2026-09-25";"Togo- Kao Baobadi, l’architecte de l’immeuble défectueux de la LONATO, ses...";"https://lalternative.info/2024/05/15/togo-kao-baobadi-larchitecte-de-limmeuble-defectueux-de-la-lonato-ses-deux-appartements-a-dubai/"
"L'Alternative (TG)";"FR";"2026-09-25";"Un appartement d’Yvonne Bawizibadi Gnassingbé à Dubaï au cœur d’une lutte...";"https://lalternative.info/2024/05/17/un-appartement-dyvonne-bawizibadi-gnassingbe-a-dubai-au-coeur-dune-lutte-de-succession/"
"L'Alternative (TG)";"FR";"2026-09-25";"Togo- Vague d’arrestations en cours au sein des FAT";"https://lalternative.info/2024/07/16/togo-vague-darrestations-en-cours-au-sein-des-fat/"
"L'Alternative (TG)";"FR";"2026-09-25";"Togo- Vote de moins de 50 députés, procurations fabriquées au nom...";"https://lalternative.info/2024/03/31/togo-vote-de-moins-de-50-deputes-procurations-fabriquees-au-nom-des-absents-voici-comment-le-coup-detat-constitutionnel-sest-passe-lundi/"
"L'Alternative (TG)";"FR";"2026-09-25";"Togo-La CEET installe un groupe de 14 millions chez la ministre...";"https://lalternative.info/2024/03/15/togo-la-ceet-installe-un-groupe-de-14-millions-chez-la-ministre-de-lenergie-et-des-mines/"
"L'Alternative (TG)";"FR";"2026-09-25";"Togo- Football : Qui est Nibombé Daré, le nouveau sélectionneur des Eperviers ?";"https://lalternative.info/2024/07/15/togo-football-qui-est-nibombe-dare-le-nouveau-selectionneur-des-eperviers/"
"L'Alternative (TG)";"FR";"2026-09-25";"Togo- Justice : Mandat d’arrêt international contre le Cdt Olivier Amah...";"https://lalternative.info/2024/08/07/togo-justice-mandat-darret-international-contre-le-cdt-olivier-amah-et-le-journaliste-ferdinand-ayite/"
"L'Alternative (TG)";"FR";"2026-09-25";"Togo- CEET: Voici les 3 étapes pour mettre à jour son...";"https://lalternative.info/2024/06/27/togo-ceet-voici-les-3-etapes-pour-mettre-a-jour-son-compteur-cash-power/"
"L'Alternative (TG)";"FR";"2026-09-25";"Togo- Arrestations à Kara : incertitude sur le sort du capitaine...";"https://lalternative.info/2024/07/23/togo-arrestations-a-kara-incertitude-sur-le-sort-du-capitaine-dare-kondi-photo/"
"L'Alternative (TG)";"FR";"2026-09-25";"Togo- Kpendjal : Inhumation sans hommage des militaires tombés au front";"https://lalternative.info/2024/07/29/togo-kpendjal-inhumation-sans-hommage-des-militaires-tombes-au-front/"
"L'Alternative (TG)";"FR";"2026-09-25";"NOUS SOUTENIR";"/donate"
"L'Alternative (TG)";"FR";"2026-09-25";"À propos";"https://lalternative.info/about-us/"
"L'Alternative (TG)";"FR";"2026-09-25";"Faire un don";"https://lalternative.info/donate/"
"L'Alternative (TG)";"FR";"2026-09-25";"Abonnez-vous à votre journal";"https://lalternative.info/abonnez-vous-a-votre-journal/"
"L'Alternative (TG)";"FR";"2026-09-25";"Journal L'alternative";"https://lalternative.info/author/lalternative24/"
"L'Alternative (TG)";"FR";"2026-09-25";"Togo- Un jeune officier retrouvé mort dans son bureau au camp BIR";"https://lalternative.info/2026/09/24/togo-un-jeune-officier-retrouve-mort-dans-son-bureau-au-camp-bir/"
"L'Alternative (TG)";"FR";"2026-09-25";"Togo- Journaliste kidnappé, torturé puis jeté dans la brousse… à qui profite le crime ?";"https://lalternative.info/2026/09/09/togo-journaliste-kidnappe-torture-puis-jete-dans-la-brousse-a-qui-profite-le-crime/"
"L'Alternative (TG)";"FR";"2026-09-25";"Diplomatie : deux français arrêtés au Togo, Faure Gnassingbé veut l’extradition de Ferdinand AYITE contre leur libération";"https://lalternative.info/2026/08/18/diplomatie-deux-francais-arretes-au-togo-faure-gnassingbe-veut-lextradition-de-ferdinand-ayite-contre-leur-liberation/"
"L'Alternative (TG)";"FR";"2026-09-25";"Mahama décide de consulter le peuple pour la révision constitutionnelle";"https://lalternative.info/2026/08/16/mahama-decide-de-consulter-le-peuple-pour-la-revision-constitutionnelle/"
"L'Alternative (TG)";"FR";"2026-09-25";"Togo- Tribune : La Cour de justice de la CEDEAO face à un pouvoir qui s’entête à ne jamais avoir tort";"https://lalternative.info/2026/08/10/togo-tribune-la-cour-de-justice-de-la-cedeao-face-a-un-pouvoir-qui-sentete-a-ne-jamais-avoir-tort/"
"L'Alternative (TG)";"FR";"2026-09-25";"La révision constitutionnelle ravive les tensions politiques";"https://lalternative.info/2026/08/08/la-revision-constitutionnelle-ravive-les-tensions-politiques/"
"L'Alternative (TG)";"FR";"2026-09-25";"Togo- Tribune : « On ne soigne pas à la tête du client »";"https://lalternative.info/2026/09/12/togo-tribune-on-ne-soigne-pas-a-la-tete-du-client/"
"L'Alternative (TG)";"FR";"2026-09-25";"Togo- Tribune : Nous voulons savoir ce que vous reprochez à Fred Vedomey";"https://lalternative.info/2026/08/28/togo-tribune-nous-voulons-savoir-ce-que-vous-reprochez-a-fred-vedomey/"
"L'Alternative (TG)";"FR";"2026-09-25";"Togo-Tribune : Moscou tisse sa toile à Lomé";"https://lalternative.info/2026/07/30/togo-tribune-moscou-tisse-sa-toile-a-lome/"
"L'Alternative (TG)";"FR";"2026-09-25";"TRIBUNE- Coupe du monde 2026 : Pourquoi les sélections africaines s’effondrent en fin de match";"https://lalternative.info/2026/07/05/tribune-coupe-du-monde-2026-pourquoi-les-selections-africaines-seffondrent-en-fin-de-match/"
"L'Alternative (TG)";"FR";"2026-09-25";"Togo- Aéroport de Lomé : l’espace duty free cédé à un privé";"https://lalternative.info/2026/09/23/togo-aeroport-de-lome-lespace-duty-free-cede-a-un-prive/"
"L'Alternative (TG)";"FR";"2026-09-25";"Des douaniers en détention pour trafic de drogue";"https://lalternative.info/2026/09/20/des-douaniers-en-detention-pour-trafic-de-drogue/"
"L'Alternative (TG)";"FR";"2026-09-25";"Togo- Hausse des prix du carburant : Deux Togolais s’affrontent, le virtuel et le réel";"https://lalternative.info/2026/09/16/togo-hausse-des-prix-du-carburant-deux-togolais-saffrontent-le-virtuel-et-le-reel/"
"L'Alternative (TG)";"FR";"2026-09-25";"Togo- Les dirigeants africains en chantiers, Faure Gnassingbé fête la correction du « Map »";"https://lalternative.info/2026/09/13/togo-quand-les-dirigeants-africains-sont-sur-les-chantiers-faure-gnassingbe-fete-la-correction-du-map/"
"L'Alternative (TG)";"FR";"2026-09-25";"Togo- Savanes, une bombe sociale : autochtones et réfugiés burkinabé se disputent les ressources limitées";"https://lalternative.info/2026/09/23/togo-savanes-une-bombe-sociale-autochtones-et-refugies-burkinabe-se-disputent-les-ressources-limitees/"
"L'Alternative (TG)";"FR";"2026-09-25";"Togo- Une augmentation de 137 F CFA sur le litre du super sans plomb en 3 mois";"https://lalternative.info/2026/09/11/togo-une-augmentation-de-137-f-cfa-sur-le-litre-du-super-sans-plomb-en-3-mois/"
"L'Alternative (TG)";"FR";"2026-09-25";"« Le peuple ne mange pas les notations » : Oligui Nguema dans le concret, Faure Gnassingbé dans les chiffres fabriqués";"https://lalternative.info/2026/09/10/le-peuple-ne-mange-pas-les-notations-oligui-nguema-dans-le-concret-faure-gnassingbe-dans-les-chiffres-fabriques/"
"L'Alternative (TG)";"FR";"2026-09-25";"Offre d’emploi/L’ALTERNATIVE";"https://lalternative.info/2024/03/07/offre-demploi-lalternative/"
"L'Alternative (TG)";"FR";"2026-09-25";"Togo- Enquêtes sur la pauvreté : les Togolais végètent dans la misère, le gouvernement s’intéresse aux chiffres";"https://lalternative.info/2026/09/08/togo-enquetes-sur-la-pauvrete-les-togolais-vegetent-dans-la-misere-le-gouvernement-sinteresse-aux-chiffres/"
"L'Alternative (TG)";"FR";"2026-09-25";"Togo- OTR : Éric Amouzou Folly le mari d’une des inspectrices, arrêté";"https://lalternative.info/2026/09/07/togo-otr-eric-amouzou-folly-le-mari-dune-des-inspectrices-arrete/"
"L'Alternative (TG)";"FR";"2026-09-25";"Isidore kouwonou";"https://lalternative.info/author/ksisdore/"
"L'Alternative (TG)";"FR";"2026-09-25";"L'Alternative";"https://lalternative.info/author/equipeedito/"
"L'Alternative (TG)";"FR";"2026-09-25";"Togo- Encore un scandale à l’OTR : des cadres de la DGI en garde à vue à la DCPJ";"https://lalternative.info/2026/09/06/togo-encore-un-scandale-a-lotr-des-cadres-de-la-dgi-en-garde-a-vue-a-la-dcpj/"
"L'Alternative (TG)";"FR";"2026-09-25";"La CCJA condamne définitivement l’UTB à verser plus de 2,5 milliards de FCFA à TMI";"https://lalternative.info/2026/07/22/la-ccja-condamne-definitivement-lutb-a-verser-plus-de-25-milliards-de-fcfa-a-tmi/"
"L'Alternative (TG)";"FR";"2026-09-25";"Togo- Scandale à l’OTR : Donko Bileyo et Klouvi Dedegan inculpées par le doyen des juges";"https://lalternative.info/2026/05/17/togo-scandale-a-lotr-donko-bileyo-et-klouvi-dedegan-inculpees-par-le-doyen-des-juges/"
"L'Alternative (TG)";"FR";"2026-09-25";"Togo- OTR : Donko Bileyo virée, plainte contre Ferdinand Ayité retirée";"https://lalternative.info/2026/04/19/togo-otr-donko-bileyo-viree-plainte-contre-ferdinand-ayite-retiree/"
"L'Alternative (TG)";"FR";"2026-09-25";"Togo- OTR : le CENTIF saisit le procureur, le doyen des juges d’instruction ouvre une enquête, un autre compte de 530 millions découverts à NSIA";"https://lalternative.info/2026/04/05/togo-otr-le-centif-saisit-le-procureur-le-doyen-des-juges-dinstruction-ouvre-une-enquete-un-autre-compte-de-530-millions-decouverts-a-nsia/"
"L'Alternative (TG)";"FR";"2026-09-25";"John Mahama offre des billets de la Coupe du monde à la diaspora ghanéenne";"https://lalternative.info/2026/06/01/john-mahama-offre-des-billets-de-la-coupe-du-monde-a-la-diaspora-ghaneenne/"
"L'Alternative (TG)";"FR";"2026-09-25";"View all posts";"https://lalternative.info/author/lalternative24/"
"L'Alternative (TG)";"FR";"2026-09-25";"Facebook";"https://www.facebook.com/sharer/sharer.php?u=https://lalternative.info/"
"L'Alternative (TG)";"FR";"2026-09-25";"Twitter";"https://twitter.com/intent/tweet?text=Check%20out%20this%20article:%20Accueil%20-%20https://lalternative.info/"
"L'Alternative (TG)";"FR";"2026-09-25";"Pinterest";"https://www.pinterest.com/pin/create/button/?url=https%3A%2F%2Flalternative.info%2F&description=Accueil"
"L'Alternative (TG)";"FR";"2026-09-25";"Whatsapp";"https://api.whatsapp.com/send?text=Accueil %0A%0A https%3A%2F%2Flalternative.info%2F"
"L'Alternative (TG)";"FR";"2026-09-25";"Telegram";"https://telegram.me/share/url?url=https%3A%2F%2Flalternative.info%2F&text=Accueil"
"L'Alternative (TG)";"FR";"2026-09-25";"Email";"mailto:?subject=Accueil&BODY=https://lalternative.info/"
"L'Alternative (TG)";"FR";"2026-09-25";"À propos";"/about-us"
"L'Alternative (TG)";"FR";"2026-09-25";"Politique de confidentialité";"/privacy-policy"
"L'Alternative (TG)";"FR";"2026-09-25";"Conditions d'utilisation";"/conditions-dutilisation"
"L'Alternative (TG)";"FR";"2026-09-25";"Règlementation européenne";"https://lalternative.info/reglementation-europeenneeu/"
"L'Alternative (TG)";"FR";"2026-09-25";"Facebook";"https://www.facebook.com/profile.php?id=61556605160366"
"L'Alternative (TG)";"FR";"2026-09-25";"Twitter";"https://twitter.com/lalternative_of"
"L'Alternative (TG)";"FR";"2026-09-25";"Instagram";"https://www.instagram.com/lalternative_of/"
"L'Alternative (TG)";"FR";"2026-09-25";"Youtube";"https://www.youtube.com/channel/UCk6JMYUcGDarZYNb-mPPLPA"
"L'Alternative (TG)";"FR";"2026-09-25";"Gérer les options";"#"
"L'Alternative (TG)";"FR";"2026-09-25";"Gérer les services";"#"
"L'Alternative (TG)";"FR";"2026-09-25";"Gérer {vendor_count} fournisseurs";"#"
"L'Alternative (TG)";"FR";"2026-09-25";"En savoir plus sur ces finalités";"https://cookiedatabase.org/tcf/purposes/"
"L'Alternative (TG)";"FR";"2026-09-25";"Voir les préférences";"#"
"L'Alternative (TG)";"FR";"2026-09-25";"{title}";"#"
"L'Alternative (TG)";"FR";"2026-09-25";"Queue";"#"
"L'Alternative (TG)";"FR";"2026-09-25";"Flash plugin";"http://get.adobe.com/flashplayer/"
"Laabali (TG)";"FR";"2026-09-25";"Africa-Newsroom";"https://laabali.com/africa-newsroom/"
"Laabali (TG)";"FR";"2026-09-25";"...";"#"
"Laabali (TG)";"FR";"2026-09-25";"Rentrée scolaire à Tône : l’APHMOTO fait don de kits scolaires aux enfants handicapés";"https://laabali.com/post/15583/rentree-scolaire-a-tone-laphmoto-fait-don-de-kits-scolaires-aux-enfants-handicapes/ "
"Laabali (TG)";"FR";"2026-09-25";"Atelier bilan du projet Savanes-COG : « Nous sommes satisfaits », affirme Laguatissoa Bangbar (FODES)";"https://laabali.com/post/15575/atelier-bilan-du-projet-savanes-cog-nous-sommes-satisfaits-affirme-laguatissoa-bangbar-fodes/ "
"Laabali (TG)";"FR";"2026-09-25";"Inspection de Tone 2: Les populations apportent leurs contributions";"https://laabali.com/post/15567/inspection-de-tone-2-les-populations-apportent-leurs-contributions/ "
"Laabali (TG)";"FR";"2026-09-25";"« Mais aujourd'hui, est-ce que nous sommes à la fin du terrorisme ? Personne ne saurait dire oui, parce que c'est une guerre asymétrique », Lorimpo Tchabli, Président du Mouvement en Marche";"https://laabali.com/post/15563/mais-aujourdhui-est-ce-que-nous-sommes-a-la-fin-du-terrorisme-personne-ne-saurait-dire-oui-parce-que-cest-une-guerre-asymetrique-lorimpo-tchabli-president-du-mouvement-en/ "
"Laabali (TG)";"FR";"2026-09-25";"La Fédération nationale des maisons familiales de formation rurale du Togo lance un appel à projet de Construction de 50 poulaillers traditionnels améliorés au profit des bénéficiaires de l’IFAD Elevage Barkoissi et 30 poulaillers améliorés au profit des bénéficiaires de la FMFRT";"https://laabali.com/?p=15553"
"Laabali (TG)";"FR";"2026-09-25";"Enfants en situation de handicap: Aphmoto soutient en kits scolaires à Dapaong";"https://laabali.com/?p=15515"
"Laabali (TG)";"FR";"2026-09-25";"Ponio : 30 femmes formées aux activités génératrices de revenus";"https://laabali.com/?p=15505"
"Laabali (TG)";"FR";"2026-09-25";"Accès à l’eau potable : Lancement d’un projet d’adduction d’eau et d’assainissement à Tidjoate-Lambounte";"https://laabali.com/?p=15461"
"Laabali (TG)";"FR";"2026-09-25";"Violences basées sur le genre : AFE sensibilise les communautés à Cinkassé";"https://laabali.com/?p=15384"
"Laabali (TG)";"FR";"2026-09-25";"INADES-Formation : 4 sites maraichers/champs écoles remis aux Scoops dans les savanes";"https://laabali.com/?p=15139"
"Laabali (TG)";"FR";"2026-09-25";"JII 2026 : Dans les Savanes, les infirmiers célébrés pour leur résilience";"https://laabali.com/?p=15103"
"Laabali (TG)";"FR";"2026-09-25";"Dapaong : A2FHV-S sensibilise des acteurs du bâtiment à l’accessibilité des infrastructures publiques";"https://laabali.com/?p=15076"
"Laabali (TG)";"FR";"2026-09-25";"Nadjoundi: ""Les droits de femmes ne donnent pas droit aux femmes de frapper leurs maris""";"https://laabali.com/?p=14881"
"Laabali (TG)";"FR";"2026-09-25";"Yark Damehamme: L’insubmersible général qui murmure aux oreilles de Faure Gnassimgbé";"https://laabali.com/?p=14271"
"Laabali (TG)";"FR";"2026-09-25";"Dapaong : les défis de l’assainissement toujours présents !";"https://laabali.com/?p=13413"
"Laabali (TG)";"FR";"2026-09-25";"Accès à l’eau potable : L’ONG MECAP cultive l’espoir pour la fin de la soif dans les Savanes";"https://laabali.com/?p=13297"
"Laabali (TG)";"FR";"2026-09-25";"Sanloaga (Togo): «Ils enlèvent nos jeunes garçons pour en faire des combattants» 15069 vues";"
                                        https://laabali.com/post/6306/sanloaga-togo-ils-enlevent-nous-jeunes-garcons-pour-en-faire-des-combattants/                                        
                                        "
"Laabali (TG)";"FR";"2026-09-25";"Dapaong: Ouverture du 1e Forum des producteurs agricoles (FOPAT) 13876 vues";"
                                        https://laabali.com/post/6477/dapaong-ouverture-du-1e-forum-des-producteurs-agricoles-fopat/                                        
                                        "
"Laabali (TG)";"FR";"2026-09-25";"TGI/Dapaong: Le départ du président et son équipe fait des mécontents 12893 vues";"
                                        https://laabali.com/post/192/tgi-dapaong-le-depart-du-president-et-son-equipe-fait-des-mecontents/                                        
                                        "
"Laabali (TG)";"FR";"2026-09-25";"Savanes: Les FAT repoussent une attaque, deux assaillants neutralisés 7402 vues";"
                                        https://laabali.com/post/5663/savanes-les-fat-repoussent-une-attaque-deux-assaillants-neutralises/                                        
                                        "
"Laabali (TG)";"FR";"2026-09-25";"Contre le terrorisme: Le Togo fait appel à ses anciens soldats 4317 vues";"
                                        https://laabali.com/post/6743/contre-le-terrorisme-le-togo-fait-appel-a-ses-anciens-soldats/                                        
                                        "
"Laabali (TG)";"FR";"2026-09-25";"Le Maire Monoka Laré et la commune de Tandjouaré 1";"https://laabali.com/post/12171/monoka-lare/"
"Laabali (TG)";"FR";"2026-09-25";"par Edouard Samboe";"#"
"Laabali (TG)";"FR";"2026-09-25";"Suka ou l'art divinatoire: Foi ou culture moba ?";"https://laabali.com/post/12078/suka-ou-lart-divinatoire-foi-ou-culture-moba/"
"Laabali (TG)";"FR";"2026-09-25";"Togo/Education: Diagnostic d'un secteur en panne de repères";"https://laabali.com/post/6749/togo-education-diagnostic-dun-secteur-en-pannes-de-reperes/"
"Laabali (TG)";"FR";"2026-09-25";"Contre le terrorisme: Le Togo fait appel à ses anciens soldats";"https://laabali.com/post/6743/contre-le-terrorisme-le-togo-fait-appel-a-ses-anciens-soldats/"
"Laabali (TG)";"FR";"2026-09-25";"«Le pouvoir doit faire en sorte qu'il y ait moins de frustrations sur les plans politiques et économiques», Pr David Dosseh, OSC";"https://laabali.com/post/6688/le-pouvoir-doit-faire-en-sorte-quil-y-ait-moins-de-frustrations-sur-les-plans-politiques-et-economiques-pr-david-dosseh-osc/"
"Laabali (TG)";"FR";"2026-09-25";"FOPAT: A Dapaong , les producteurs veulent des usines de transformations de tomates";"https://laabali.com/post/6533/fopat-a-dapaong-les-producteurs-veulent-des-usines-de-transformations-de-tomates/"
"Laabali (TG)";"FR";"2026-09-25";"Dapaong: Ouverture du 1e Forum des producteurs agricoles (FOPAT)";"https://laabali.com/post/6477/dapaong-ouverture-du-1e-forum-des-producteurs-agricoles-fopat/"
"Laabali (TG)";"FR";"2026-09-25";"Frontière Burkina-Togo: Le durcissement des mesures sécuritaires impacte Kompienga";"https://laabali.com/post/6464/frontiere-burkina-togo-le-durcissement-des-mesures-securitaires-impacte-kompienga/"
"Laabali (TG)";"FR";"2026-09-25";"Sanloaga (Togo): «Ils enlèvent nos jeunes garçons pour en faire des combattants» 15069 vues";" https://laabali.com/post/6306/sanloaga-togo-ils-enlevent-nous-jeunes-garcons-pour-en-faire-des-combattants/ "
"Laabali (TG)";"FR";"2026-09-25";"Dapaong: Ouverture du 1e Forum des producteurs agricoles (FOPAT) 13876 vues";" https://laabali.com/post/6477/dapaong-ouverture-du-1e-forum-des-producteurs-agricoles-fopat/ "
"Laabali (TG)";"FR";"2026-09-25";"TGI/Dapaong: Le départ du président et son équipe fait des mécontents 12893 vues";" https://laabali.com/post/192/tgi-dapaong-le-depart-du-president-et-son-equipe-fait-des-mecontents/ "
"Laabali (TG)";"FR";"2026-09-25";"CrEaT";""
"Fraternité Matin (CI)";"FR";"2026-09-25";"Éliminatoires CAN 2027 : les Éléphants frappent fort face au Ghana";"https://www.fratmat.info/article/2644767/sports/eliminatoires-can-2027-les-elephants-frappent-fort-face-au-ghana"
"Fraternité Matin (CI)";"FR";"2026-09-25";"""Les Lauréats de la Francophonie"" : L’Avf ouvre une nouvelle scène aux journalistes";"https://www.fratmat.info/article/2644755/culture/les-laureats-de-la-francophonie-lavf-ouvre-une-nouvelle-scene-aux-journalistes"
"Fraternité Matin (CI)";"FR";"2026-09-25";"Distinctions: Le ministre Kalil Konaté élevé au rang de Commandeur de l’Ordre national";"https://www.fratmat.info/article/2644768/politique/distinctions-le-ministre-kalil-konate-eleve-au-rang-de-commandeur-de-lordre-national"
"Fraternité Matin (CI)";"FR";"2026-09-25";"Marché financier régional : 67,5 milliards de Fcfa levés à la Brvm";"https://www.fratmat.info/article/2644749/economie/bourse-regionale-des-valeurs-mobiliegraveres/marche-financier-regional-675-milliards-de-fcfa-leves-a-la-brvm"
"Fraternité Matin (CI)";"FR";"2026-09-25";"Conseil constitutionnel et Parquet général : quatre nominations prennent effet le 1er octobre";"https://www.fratmat.info/article/2644729/politique/conseil-constitutionnel-et-parquet-general-quatre-nominations-prennent-effet-le-1er-octobre"
"Fraternité Matin (CI)";"FR";"2026-09-25";"Communiqué du Conseil des ministres du mercredi 23 septembre 2026";"https://www.fratmat.info/article/2644731/politique/communique-du-conseil-des-ministres-du-mercredi-23-septembre-2026"
"Le Faso (BF)";"FR";"2026-09-25";"Contact";"https://lefaso.net/spip.php?article64819"
"Le Faso (BF)";"FR";"2026-09-25";"Contactez-nous";"https://lefaso.net/spip.php?article64819"
"Le Faso (BF)";"FR";"2026-09-25";"Bobo-Dioulasso : L’héritage de Tiéfo Amoro revisité par l’École d’état-major";"https://lefaso.netspip.php?article149461"
"Le Faso (BF)";"FR";"2026-09-25";"Burkina/Le Faso Digital : Le promoteur sollicite l’accompagnement de la Chambre de commerce pour la 2ᵉ édition";"https://lefaso.netspip.php?article149476"
"Le Faso (BF)";"FR";"2026-09-25";"Zorgho : La Police démantèle un réseau de fabrication de faux permis de conduire";"https://lefaso.net/spip.php?article149467"
"Le Faso (BF)";"FR";"2026-09-25";"Burkina : 500 kg de médicaments frauduleux saisis à Oronkua";"https://lefaso.net/spip.php?article149466"
"Le Faso (BF)";"FR";"2026-09-25";"Budget 2026 : Les dépenses révisées à la hausse d’environ 297 milliards de FCFA";"https://lefaso.net/spip.php?article149444"
"Le Faso (BF)";"FR";"2026-09-25";"Assemblée générale de l’ONU : António Guterres alerte sur un monde où la puissance échappe de plus en plus aux États";"https://lefaso.net/spip.php?article149439"
"Le Faso (BF)";"FR";"2026-09-25";"Assemblée générale de l’ONU : Israël accuse Emmanuel Macron de nier les attaques du Hamas";"https://lefaso.net/spip.php?article149437"
"Le Faso (BF)";"FR";"2026-09-25";"ONU : Donald Trump défend sa guerre contre l’Iran et menace Téhéran d’anéantissement";"https://lefaso.net/spip.php?article149434"
"Le Faso (BF)";"FR";"2026-09-25";"Bobo-Dioulasso : Recherché pour enlèvement et assassinat, Tighre Jean Pingwendé a été interpellé";"https://lefaso.net/spip.php?article149415"
"Le Faso (BF)";"FR";"2026-09-25";"Décès de CAPO-CHICHI/SANGA Diane : Faire-part";"https://lefaso.netspip.php?article149490"
"Le Faso (BF)";"FR";"2026-09-25";"Les 100 Visages du Burkina Digital : Sankara Daloune, créer, raconter et entreprendre à l’heure de l’IA";"https://lefaso.netspip.php?article149478"
"Le Faso (BF)";"FR";"2026-09-25";"Tourisme dans l’AES : Anafi Souleymane du Niger appelle à un audit des ressources humaines";"https://lefaso.netspip.php?article149463"
"Le Faso (BF)";"FR";"2026-09-25";"Tourisme dans l’AES : Stella Christiane Drabo appelle à bâtir une souveraineté touristique commune";"https://lefaso.netspip.php?article149459"
"Le Faso (BF)";"FR";"2026-09-25";"Burkina/SITHO 2026 : Excursion au stand du Niger";"https://lefaso.netspip.php?article149485"
"Le Faso (BF)";"FR";"2026-09-25";"Burkina : 315 personnes reconnues martyrs et 10 invalides de la Nation";"https://lefaso.netspip.php?article149489"
"Le Faso (BF)";"FR";"2026-09-25";"Burkina Faso : Compte rendu du conseil des ministres du jeudi 24 septembre 2026";"https://lefaso.netspip.php?article149482"
"Le Faso (BF)";"FR";"2026-09-25";"Burkina : Le directeur du Contrôle des marchés publics de la CNDH, Lébinoua Nikiema, relevé de ses fonctions";"https://lefaso.netspip.php?article149480"
"Le Faso (BF)";"FR";"2026-09-25";"Burkina : Le CCIB veut réhabiliter les sonorités traditionnelles islamiques";"https://lefaso.netspip.php?article149471"
"Le Faso (BF)";"FR";"2026-09-25";"Numériser un service ne signifie pas automatiquement le rendre accessible";"https://lefaso.netspip.php?article149479"
"Le Faso (BF)";"FR";"2026-09-25";"Burkina/Sécurité routière : Le CADES-BF sensibilise les usagers au port du casque";"https://lefaso.netspip.php?article149477"
"Le Faso (BF)";"FR";"2026-09-25";"Journée mondiale des pharmaciens : Déclaration du président du conseil national de l’ordre des pharmaciens du Burkina Faso";"https://lefaso.netspip.php?article149470"
"Le Faso (BF)";"FR";"2026-09-25";"Burkina : Ibrahim Traoré à Bobo-Dioulasso pour inaugurer deux infrastructures stratégiques";"https://lefaso.netspip.php?article149097"
"Le Faso (BF)";"FR";"2026-09-25";"‎Burkina : La Présidence du Faso lance le concours Hakili Mousso pour détecter les talents scientifiques féminins";"https://lefaso.netspip.php?article148857"
"Le Faso (BF)";"FR";"2026-09-25";"Immersion patriotique obligatoire 2026 : Le capitaine Ibrahim Traoré exhorte les jeunes à éviter le chemin de la facilité et à servir la patrie";"https://lefaso.netspip.php?article148839"
"Le Faso (BF)";"FR";"2026-09-25";"Assemblée législative du peuple : Mathieu Boro fait ses premiers pas à l’hémicycle et promet de porter la voix des Burkinabè";"https://lefaso.netspip.php?article148412"
"Le Faso (BF)";"FR";"2026-09-25";"Commémoration du 5 août : Le Chef de l’Etat appelle à un engagement collectif pour un Burkina Faso libre et souverain";"https://lefaso.netspip.php?article148401"
"Le Faso (BF)";"FR";"2026-09-25";"Commémoration du 4 août 2026 : Le capitaine Ibrahim Traoré invite les Burkinabè à poursuivre l’idéal révolutionnaire ‎";"https://lefaso.netspip.php?article148380"
"Le Faso (BF)";"FR";"2026-09-25";"Burkina/Contrat d’objectifs 2026 : Le ministre de l’Économie et des Finances affiche un taux d’exécution de 60,66 % à mi-parcours";"https://lefaso.netspip.php?article148277"
"Le Faso (BF)";"FR";"2026-09-25";"Filière mangue : SNV et ses partenaires renforcent les acteurs avec plus de 40 millions de FCFA de matériel";"https://lefaso.netspip.php?article149484"
"Le Faso (BF)";"FR";"2026-09-25";"Bobo-Dioulasso : La 3e édition du Workshop sur les systèmes complexes rend hommage au Dr Belem Mahamadou";"https://lefaso.netspip.php?article149483"
"Le Faso (BF)";"FR";"2026-09-25";"Léo : La Police saisit près de deux tonnes de produits pharmaceutiques prohibés";"https://lefaso.netspip.php?article149475"
"Le Faso (BF)";"FR";"2026-09-25";"Nakambé : la Police saisit des produits illicites d’une valeur de 82 millions de FCFA";"https://lefaso.netspip.php?article149474"
"Le Faso (BF)";"FR";"2026-09-25";"Recherche scientifique : Le Réseau des chercheurs Agbajòwò, en partenariat avec l’UCAO-UUB, organise un colloque international sur « Endogénéité et renaissance de l’Afrique »";"https://lefaso.netspip.php?article149473"
"Le Faso (BF)";"FR";"2026-09-25";"Burkina/Analyse du discours : L’OPAD tient son 2ᵉ colloque international à Ouagadougou";"https://lefaso.netspip.php?article149472"
"Le Faso (BF)";"FR";"2026-09-25";"Réorganisation agraire et foncière : Un atelier pour vulgariser la nouvelle loi auprès des acteurs du Nando";"https://lefaso.netspip.php?article149469"
"Le Faso (BF)";"FR";"2026-09-25";"Burkina : Les députés adoptent à l’unanimité la loi de finances rectificative pour l’exécution du budget de l’État, exercice 2026";"https://lefaso.netspip.php?article149454"
"Le Faso (BF)";"FR";"2026-09-25";"Burkina/Budget 2026 : L’épargne budgétaire progresse de 35,59% dans la loi de finances rectificative";"https://lefaso.netspip.php?article149446"
"Le Faso (BF)";"FR";"2026-09-25";"Budget 2026 : Les dépenses révisées à la hausse d’environ 297 milliards de FCFA";"https://lefaso.netspip.php?article149444"
"Le Faso (BF)";"FR";"2026-09-25";"Entreprises industrielles : La CCI-BF lance un programme de 34 milliards de FCFA";"https://lefaso.netspip.php?article149433"
"Le Faso (BF)";"FR";"2026-09-25";"Burkina Faso : Les banques et institutions financières mobilisées pour soutenir la mise en oeuvre du Plan RELANCE";"https://lefaso.netspip.php?article149428"
"Le Faso (BF)";"FR";"2026-09-25";"Championnat de floorball : COKOM conserve son titre chez les filles, Koudougou fait tomber le Baobab de Saaba chez les messieurs";"https://lefaso.netspip.php?article149445"
"Le Faso (BF)";"FR";"2026-09-25";"Éliminatoires CAN 2027 : Quelles sont les chances des Étalons dans les matchs de qualification ?";"https://lefaso.netspip.php?article149409"
"Le Faso (BF)";"FR";"2026-09-25";"Infrastructures sportives : Un hôtel sportif R+5 de plus de 25 milliards FCFA pour les Étalons";"https://lefaso.netspip.php?article149408"
"Le Faso (BF)";"FR";"2026-09-25";"Burkina/Football : King Vert remporte la 3ᵉ édition du Trophée des Champions";"https://lefaso.netspip.php?article149381"
"Le Faso (BF)";"FR";"2026-09-25";"Fasofoot Ligue 1 : Rahimo FC prend les commandes après la première journée";"https://lefaso.netspip.php?article149379"
"Le Faso (BF)";"FR";"2026-09-25";"SITHO 2026 : Le financement des projets structurants au cœur de la 16ᵉ édition";"https://lefaso.netspip.php?article149427"
"Le Faso (BF)";"FR";"2026-09-25";"Burkina/ Culture : L’institut burkinabè renaitra de ses cendres, foi de Georges Kaboré";"https://lefaso.netspip.php?article149354"
"Le Faso (BF)";"FR";"2026-09-25";"Musée national : L’exposition « Rupture » invite à repenser l’art et le rapport à la société";"https://lefaso.netspip.php?article149350"
"Le Faso (BF)";"FR";"2026-09-25";"Burkina / Femmes leaders : Africa Mousso célèbre une décennie d’engagement";"https://lefaso.netspip.php?article149291"
"Le Faso (BF)";"FR";"2026-09-25";"RIPO 2026 : Une 6ᵉ édition placée sous le signe de l’art face aux mutations de l’écosystème numérique";"https://lefaso.netspip.php?article149136"
"Le Faso (BF)";"FR";"2026-09-25";"ONU : Le Burkina Faso plaide pour un développement souverain et une réforme de la finance internationale";"https://lefaso.netspip.php?article149450"
"Le Faso (BF)";"FR";"2026-09-25";"Assemblée générale de l’ONU : António Guterres alerte sur un monde où la puissance échappe de plus en plus aux États";"https://lefaso.netspip.php?article149439"
"Le Faso (BF)";"FR";"2026-09-25";"Assemblée générale de l’ONU : Israël accuse Emmanuel Macron de nier les attaques du Hamas";"https://lefaso.netspip.php?article149437"
"Le Faso (BF)";"FR";"2026-09-25";"ONU : Donald Trump défend sa guerre contre l’Iran et menace Téhéran d’anéantissement";"https://lefaso.netspip.php?article149434"
"Le Faso (BF)";"FR";"2026-09-25";"Gouvernance mondiale : L’Afrique lance sa propre agence de notation pour une « souveraineté financière »";"https://lefaso.netspip.php?article149377"
"Le Faso (BF)";"FR";"2026-09-25";"Coopération régionale entre les régulateurs de l’AES : Signature d’une convention de coopération le 25 septembre 2026 à Ouagadougou";"https://lefaso.netspip.php?article149443"
"Le Faso (BF)";"FR";"2026-09-25";"SIST 2026 : L’intelligence artificielle, entre accélération de la recherche et nouveaux défis de souveraineté scientifique";"https://lefaso.netspip.php?article149405"
"Le Faso (BF)";"FR";"2026-09-25";"Burkina Faso : SYRA HUB, la plateforme qui centralise les communications des entreprises";"https://lefaso.netspip.php?article149426"
"Le Faso (BF)";"FR";"2026-09-25";"Carrefour Innovations : Et si les innovations africaines trouvaient plus facilement les bonnes personnes et les bonnes opportunités ?";"https://lefaso.netspip.php?article149371"
"Le Faso (BF)";"FR";"2026-09-25";"Les Instants du Numérique : Le rendez-vous qui donne la parole à celles et ceux qui construisent le numérique de demain";"https://lefaso.netspip.php?article149370"
"Le Faso (BF)";"FR";"2026-09-25";"Offre de formation en cybersécurité du 15 mai au 20 juillet 2024";"https://lefaso.netspip.php?article130136"
"Le Faso (BF)";"FR";"2026-09-25";"Vœux de nouvel an de Dre Lydia ROUAMBA, Directrice Générale du Centre national de l’Information, de l’Orientation Scolaire et Professionnelle, et des Bourses (CIOSPB)";"https://lefaso.netspip.php?article118725"
"Le Faso (BF)";"FR";"2026-09-25";"CIOSPB : La République de la Tunisie met à la disposition du Burkina Faso des bourses études pour l’année académique 2022-2023";"https://lefaso.netspip.php?article115137"
"Le Faso (BF)";"FR";"2026-09-25";"7e édition de la Semaine nationale de l’Information et de l’Orientation (SIO) : Le Centre National des Œuvres Universitaires (CENOU) communique sur ses prestations aux nouveaux bacheliers";"https://lefaso.netspip.php?article114708"
"Le Faso (BF)";"FR";"2026-09-25";"Année académique 2022-2023 : Le Royaume du Maroc met à la disposition du Burkina Faso, cent-vingt (120) bourses d’études";"https://lefaso.netspip.php?article113781"
"Le Faso (BF)";"FR";"2026-09-25";"Les filières pour la rentrée académique 2026-2027 à l’école supérieure de commerce de Ouagadougou";"https://lefaso.netspip.php?article148486"
"Le Faso (BF)";"FR";"2026-09-25";"Décès de OUEDRAOGO Boureima : Remerciements";"https://lefaso.netspip.php?article149221"
"Le Faso (BF)";"FR";"2026-09-25";"Avis de recrutement de d’un Administrateur délégué H/F";"https://lefaso.netspip.php?article149295"
"Le Faso (BF)";"FR";"2026-09-25";"Avis de recrutement d’un(e) Responsable « Risques, Contrôle Permanent et Conformité »";"https://lefaso.netspip.php?article149307"
"Le Faso (BF)";"FR";"2026-09-25";"Samendéni Beach : Quand le personnel de Lefaso.net troque les flashs et les articles pour une parenthèse de détente";"https://lefaso.netspip.php?article149308"
"Le Faso (BF)";"FR";"2026-09-25";"Musique : L’artiste Tim Winsey dévoile deux nouveaux albums à Ouagadougou";"https://lefaso.netspip.php?article144306"
"Le Faso (BF)";"FR";"2026-09-25";"Littérature : « Le Blessé de guerre », quand Dié Maurice Millogo transforme les blessures de la pauvreté en force";"https://lefaso.netspip.php?article149455"
"Le Faso (BF)";"FR";"2026-09-25";"Xiaomi révolutionne le segment milieu de gamme avec le REDMI Note 17 Series";"https://lefaso.netspip.php?article149487"
"Le Faso (BF)";"FR";"2026-09-25";"Rentrée académique 2026-2027 : les inscriptions sont ouvertes à l’ISCOM";"https://lefaso.netspip.php?article149481"
"Le Faso (BF)";"FR";"2026-09-25";"Avis d’appel à candidature pour le recrutement de trois (3) administrateurs indépendants";"https://lefaso.netspip.php?article149317"
"Le Faso (BF)";"FR";"2026-09-25";"Avis d’appel à candidature pour le recrutement d’un commissaire aux comptes";"https://lefaso.netspip.php?article149316"
"Le Faso (BF)";"FR";"2026-09-25";"Centre américain de langue : Cours réguliers session I, 2026";"https://lefaso.netspip.php?article149383"
"Le Faso (BF)";"FR";"2026-09-25";"Avis de recrutement de plusieurs competences";"https://lefaso.netspip.php?article149464"
"Le Faso (BF)";"FR";"2026-09-25";"Résultats du tirage du Faso Loto ETOILE BONHEUR du Jeudi 24 septembre 2026";"https://lefaso.netspip.php?article149486"
"Le Faso (BF)";"FR";"2026-09-25";"Décès de Madame ZOUNGRANA/KABORÉ Dakiswinigda Rose Aïda : Remerciements";"https://lefaso.netspip.php?article148376"
"Le Faso (BF)";"FR";"2026-09-25";"Messe de requiem de Dima Fidéle";"https://lefaso.netspip.php?article148292"
"Le Faso (BF)";"FR";"2026-09-25";"Décès de Sompagnimdi Philippe Honoré OUEDRAOGO : REMERCIEMENTS & FAIRE-PART";"https://lefaso.netspip.php?article148049"
"Le Faso (BF)";"FR";"2026-09-25";"Programme des obsèques de Tapsoba née Nikiema G. Rosalie";"https://lefaso.netspip.php?article148026"
"Le Faso (BF)";"FR";"2026-09-25";"Décès de DALA Bobo Yvonne : Remerciements";"https://lefaso.netspip.php?article149488"
"Le Faso (BF)";"FR";"2026-09-25";"Décès de KAFANDO/KAZIENGA PANEMANEGO ODETTE : Faire part";"https://lefaso.netspip.php?article149401"
"Le Faso (BF)";"FR";"2026-09-25";"Décès du Professeur Michel AKOTIONGA : Faire part";"https://lefaso.netspip.php?article149468"
"Le Faso (BF)";"FR";"2026-09-25";"Décès de OUEDRAOGO Mariame : Faire-part";"https://lefaso.netspip.php?article149457"
"Le Faso (BF)";"FR";"2026-09-25";"﻿Décès de KAMBIRE Dagaratafèrètaar Judichaël : Remerciements";"https://lefaso.netspip.php?article149436"
"Le Faso (BF)";"FR";"2026-09-25";"In Memoriam : LONFO épse BALIMA Ramata";"https://lefaso.netspip.php?article149438"
"Le Faso (BF)";"FR";"2026-09-25";"In memoria : ZANGA / KOBYAGDA Napaka Bibata";"https://lefaso.netspip.php?article149402"
"Le Faso (BF)";"FR";"2026-09-25";"Décès de Aissata Barry épouse de Feu Victor Combary : Remerciements";"https://lefaso.netspip.php?article149429"
"Le Faso (BF)";"FR";"2026-09-25";"Natation : Imann Firdaous Kouraogo, de l’amour pour l’eau aux podiums africains";"https://lefaso.netspip.php?article148974"
"Le Faso (BF)";"FR";"2026-09-25";"Coopération : Evelyne Dabiré nommée ambassadrice extraordinaire  et plénipotentiaire du Canada près le Bénin";"https://lefaso.netspip.php?article147766"
"Le Faso (BF)";"FR";"2026-09-25";"Fraude financière : La BCEAO alerte sur une fausse vidéo utilisant l’image de son gouverneur, Jean-Claude Kassi Brou";"https://lefaso.netspip.php?article149324"
"Le Faso (BF)";"FR";"2026-09-25";"Afrique du Sud : Onze morts dans une fusillade, une traque de 72 heures lancée";"https://lefaso.netspip.php?article149449"
"Le Faso (BF)";"FR";"2026-09-25";"De plongeur en restauration à expert-comptable aux États-Unis : L’itinéraire hors norme du Burkinabè Ben Youssouf Koussoubé";"https://lefaso.netspip.php?article149400"
"Le Faso (BF)";"FR";"2026-09-25";"Faune sauvage : Un crocodile capturé dans un cabaret au secteur 3 de Fada N’Gourma";"https://lefaso.netspip.php?article149406"
"Le Faso (BF)";"FR";"2026-09-25";"Dynamiques organisationnelles et interactions des acteurs de la filière bétail-viande au Burkina Faso";"https://lefaso.netspip.php?article149344"
"Le Faso (BF)";"FR";"2026-09-25";"Comment s’adapter aux effets des changements climatiques dans la commune rurale de Koumbia au Burkina Faso";"https://lefaso.netspip.php?article149339"
"Le Faso (BF)";"FR";"2026-09-25";"Perceptions et stratégies d’adaptation des agropasteurs du changement climatique au Burkina Faso";"https://lefaso.netspip.php?article149338"
"Le Faso (BF)";"FR";"2026-09-25";"Ligue des champions/Accusations de racisme contre Prestianni Mbappé assume la parole du Real Madrid après huit minutes de chaos";"https://lefaso.netspip.php?article144547#forum"
"Le Faso (BF)";"FR";"2026-09-25";"Volontariat national : Le Burkina Faso ambitionne de constituer un vivier d’un million de réservistes en cinq ans";"https://lefaso.netspip.php?article149349#forum"
"Le Faso (BF)";"FR";"2026-09-25";"Ma chère Tante SANK, laisse-moi te raconter comment la Faso FDA veille sur notre santé, comme on tisse un pagne : fil après fil, contrôle après contrôle, pour protéger chaque Burkinabè.";"https://lefaso.netspip.php?article149430#forum"
"Le Faso (BF)";"FR";"2026-09-25";"Burkina : Le directeur du Contrôle des marchés publics de la CNDH, Lébinoua Nikiema, relevé de ses fonctions";"https://lefaso.netspip.php?article149480#forum"
"Le Faso (BF)";"FR";"2026-09-25";"Assemblée générale de l’ONU : Israël accuse Emmanuel Macron de nier les attaques du Hamas";"https://lefaso.netspip.php?article149437#forum"
"Le Faso (BF)";"FR";"2026-09-25";"Burkina : Le CCIB veut réhabiliter les sonorités traditionnelles islamiques";"https://lefaso.netspip.php?article149471#forum"
"Le Faso (BF)";"FR";"2026-09-25";"Burkina/Soutenance en Master 2 : Erwan Compaoré évalue la question de violences basées sur le genre";"https://lefaso.netspip.php?article149453#forum"
"Le Faso (BF)";"FR";"2026-09-25";"Avis de recrutement de plusieurs competences";"https://lefaso.netspip.php?article149464#forum"
"Le Faso (BF)";"FR";"2026-09-25";"École, langue et intelligence artificielle : Si la serrure change, la clé ne suffit plus";"https://lefaso.netspip.php?article149431#forum"
"Le Faso (BF)";"FR";"2026-09-25";"Burkina : Les députés adoptent à l’unanimité la loi de finances rectificative pour l’exécution du budget de l’État, exercice 2026";"https://lefaso.netspip.php?article149454#forum"
"Le Faso (BF)";"FR";"2026-09-25";"Résultats du BEPC 2026 : Un taux de succès de 26 % au jury 12 du Collège Notre-Dame de Kologh Naaba";"https://lefaso.netspip.php?article147023#forum"
"Le Faso (BF)";"FR";"2026-09-25";"SITHO 2026 : L’AES mise sur l’intégration touristique pour renforcer sa souveraineté économique";"https://lefaso.netspip.php?article149441#forum"
"Le Faso (BF)";"FR";"2026-09-25";"Burkina : Le Pr Jean-François Silas Kobiané nommé Conseiller régional principal pour l’Afrique à l’Institut de statistique de l’UNESCO";"https://lefaso.netspip.php?article149389#forum"
"Le Faso (BF)";"FR";"2026-09-25";"Assemblée générale de l’ONU : António Guterres alerte sur un monde où la puissance échappe de plus en plus aux États";"https://lefaso.netspip.php?article149439#forum"
"Le Faso (BF)";"FR";"2026-09-25";"TGI de Boromo : Les activités juridictionnelles provisoirement délocalisées";"https://lefaso.netspip.php?article139511#forum"
"Le Faso (BF)";"FR";"2026-09-25";"A propos...";"https://lefaso.net/spip.php?article29&rubrique17"
"Le Faso (BF)";"FR";"2026-09-25";"Publicité";"https://lefaso.net/spip.php?article5736&rubrique17t"
"Le Faso (BF)";"FR";"2026-09-25";"Partenariat";"https://lefaso.net/spip.php?article30&rubrique17"
"Le Faso (BF)";"FR";"2026-09-25";"Nous contacter";"https://lefaso.net/spip.php?article32&rubrique17"
"La Nation (BJ)";"FR";"2026-09-25";"Programme CyberIncub: Trois startups béninoises de cybersécurité distinguées";"https://lanation.bj/economie/programme-cyberincub-trois-startups-beninoises-de-cybersecurite-distinguees"
"La Nation (BJ)";"FR";"2026-09-25";"25 sept. 2026";"https://lanation.bj/economie/programme-cyberincub-trois-startups-beninoises-de-cybersecurite-distinguees"
"La Nation (BJ)";"FR";"2026-09-25";"Secteur agricole à l'horizon 2033: Cap sur l'industrialisation et le bien-être des producteurs
                            
                                                            Lecture de 3 min";"https://lanation.bj/economie/secteur-agricole-a-lhorizon-2033-cap-sur-lindustrialisation-et-le-bien-etre-des-producteurs"
"La Nation (BJ)";"FR";"2026-09-25";"Khady Evelyne D. Ndiaye, directrice du Secteur privé à la Commission de l'Uemoa : « Notre objectif est d'avoir un tissu entrepreneurial parmi les plus compétitifs »
                            
                                                            Lecture de 3 min";"https://lanation.bj/economie/khady-evelyne-d-ndiaye-directrice-du-secteur-prive-a-la-commission-de-luemoa-notre-objectif-est-davoir-un-tissu-entrepreneurial-parmi-les-plus-competitifs"
"La Nation (BJ)";"FR";"2026-09-25";"Dette publique: L'Uemoa devrait rester autour de 63,6 % du Pib en 2026
                            
                                                            Lecture de 3 min";"https://lanation.bj/economie/dette-publique-luemoa-devrait-rester-autour-de-636-du-pib-en-2026"
"La Nation (BJ)";"FR";"2026-09-25";"Salon régional de l'Actionnariat: Fabien Cohovi HOUNYOVI évoque les grands enjeux";"https://lanation.bj/economie/salon-regional-de-lactionnariat-fabien-cohovi-hounyovi-evoque-les-grands-enjeux"
"La Nation (BJ)";"FR";"2026-09-25";"Obtention de crédit bancaire au Bénin : Quelle peine encourt l’emprunteur qui affecte son prêt à un autre projet ?";"https://lanation.bj/economie/obtention-de-credit-bancaire-au-benin-quelle-peine-encourt-lemprunteur-qui-affecte-son-pret-a-un-autre-projet"
"Malijet (ML)";"FR";"2026-09-25";"Politique";"https://malijet.com/actualite-politique-au-mali"
"Malijet (ML)";"FR";"2026-09-25";"Economie";"https://malijet.com/actualite_economique_du_mali"
"Malijet (ML)";"FR";"2026-09-25";"Sports";"https://malijet.com/actualite_sportive_au_mali"
"Malijet (ML)";"FR";"2026-09-25";"Culture";"https://malijet.com/actualite_culturelle_au_mali"
"Malijet (ML)";"FR";"2026-09-25";"International";"https://malijet.com/actualite_internationale"
"Malijet (ML)";"FR";"2026-09-25";"AES";"https://malijet.com/actualite-sur-aes"
"Malijet (ML)";"FR";"2026-09-25";"Afrique";"https://malijet.com/actualite-sur-afrique"
"Malijet (ML)";"FR";"2026-09-25";"Mali : près de 58 millions de litres d’hydrocarbures réceptionnés en une semaine";"https://malijet.com/actualite_economique_du_mali/312011-mali-pres-de-58-millions-de-litres-dhydrocarbures-recepti.html"
"Malijet (ML)";"FR";"2026-09-25";"Mali : la croissance projetée à 6,3 % en 2026, selon le Président Assimi Goïta";"https://malijet.com/actualite_economique_du_mali/311982-mali-la-croissance-projetee-a-63-en-2026-selon-le-pres.html"
"Malijet (ML)";"FR";"2026-09-25";"22 Septembre : Assimi Goïta rend hommage aux Héros de l’Indépendance";"https://malijet.com/actualite_de_la_nation_malienne/311968-22-septembre-assimi-goita-rend-hommage-aux-heros-de-linde.html"
"Malijet (ML)";"FR";"2026-09-25";"ONU : Abdoulaye Diop représente le président Assimi Goïta à New York";"https://malijet.com/actualite-politique-au-mali/311966-onu-abdoulaye-diop-represente-le-president-assimi-goita-a.html"
"Malijet (ML)";"FR";"2026-09-25";"Solidarité de l’AES : Le Président Tiani reçoit une délégation du Mali et du Burkina Faso après la tentative de déstabilisation";"https://malijet.com/actualite-sur-aes/311954-solidarite-de-laes-le-president-tiani-recoit-une-delegati.html"
"Malijet (ML)";"FR";"2026-09-25";"Burkina Faso : Le gouvernement serre la vis sur les ONG pour garantir l'impact des financements";"https://malijet.com/actualite-sur-afrique/312018-burkina-faso-le-gouvernement-serre-la-vis-sur-les-ong-pour.html"
"Malijet (ML)";"FR";"2026-09-25";"Mali-Suisse : échanges sur la gouvernance des migrations et la mobilité";"https://malijet.com/actualite-politique-au-mali/312017-mali-suisse-echanges-sur-la-gouvernance-des-migrations-et.html"
"Malijet (ML)";"FR";"2026-09-25";"Diplomatie : L'AES et la Russie renforcent leur partenariat stratégique à New York";"https://malijet.com/actualite-sur-aes/312014-diplomatie-laes-et-la-russie-renforcent-leur-partenariat.html"
"Malijet (ML)";"FR";"2026-09-25";"Investissement : Le Mali lance son grand forum « Mali Kura » pour séduire les investisseurs internationaux";"https://malijet.com/actualite_economique_du_mali/312009-investissement-le-mali-lance-son-grand-forum-mali-kura.html"
"Malijet (ML)";"FR";"2026-09-25";"Voir tout →";"https://malijet.com/actualite-politique-au-mali"
"Malijet (ML)";"FR";"2026-09-25";"New York : Abdoulaye Diop en offensive diplomatique pour le Mali";"https://malijet.com/actualite-politique-au-mali/312005-new-york-abdoulaye-diop-en-offensive-diplomatique-pour-le.html"
"Malijet (ML)";"FR";"2026-09-25";"Coopération régionale : Le Mali, le Nigeria et le Ghana consolident leurs liens à New York";"https://malijet.com/actualite-politique-au-mali/311989-cooperation-regionale-le-mali-le-nigeria-et-le-ghana-cons.html"
"Malijet (ML)";"FR";"2026-09-25";"Police nationale : EUCAP renforce les compétences des formateurs";"https://malijet.com/actualite-politique-au-mali/311987-police-nationale-eucap-renforce-les-competences-des-format.html"
"Malijet (ML)";"FR";"2026-09-25";"Voir tout →";"https://malijet.com/actualite_economique_du_mali"
"Malijet (ML)";"FR";"2026-09-25";"Entreprenariat : la 5e édition du FACEJ SUGU ouvre ses portes à Bamako";"https://malijet.com/actualite_economique_du_mali/312000-entreprenariat-la-5e-edition-du-facej-sugu-ouvre-ses-porte.html"
"Malijet (ML)";"FR";"2026-09-25";"Uranium : Le Niger signe un nouvel accord avec l’Australien Atomic Eagle pour le projet Madaouela 1";"https://malijet.com/actualite_economique_du_mali/311991-uranium-le-niger-signe-un-nouvel-accord-avec-laustralien.html"
"Malijet (ML)";"FR";"2026-09-25";"Voir tout →";"https://malijet.com/actualite_sportive_au_mali"
"Malijet (ML)";"FR";"2026-09-25";"Football : Koulikoroba I sacré champion de la 1ère édition de Pétro Bama Vacances Foot";"https://malijet.com/actualite_sportive_au_mali/311939-football-koulikoroba-i-sacre-champion-de-la-1ere-edition-d.html"
"Malijet (ML)";"FR";"2026-09-25";"Football : Deux forfaits dans la liste d’Anthony Da Silva";"https://malijet.com/actualite_sportive_au_mali/311934-football-deux-forfaits-dans-la-liste-danthony-da-silva.html"
"Malijet (ML)";"FR";"2026-09-25";"Lions du Sénégal : Patrick Vieira expose son projet de quatre ans à la ministre des sports";"https://malijet.com/actualite_sportive_au_mali/311925-lions-du-senegal-patrick-vieira-expose-son-projet-de-quatr.html"
"Malijet (ML)";"FR";"2026-09-25";"Stade Malien : Sghir Hammadi limogé après l’élimination en Ligue des Champions";"https://malijet.com/actualite_sportive_au_mali/311904-stade-malien-sghir-hammadi-limoge-apres-lelimination-en-l.html"
"Malijet (ML)";"FR";"2026-09-25";"Voir tout →";"https://malijet.com/actualite_internationale"
"Malijet (ML)";"FR";"2026-09-25";"ONU : Mamadi Doumbouya présente le « modèle guinéen » à la tribune de l'Assemblée générale";"https://malijet.com/actualite_internationale/312001-onu-mamadi-doumbouya-presente-le-modele-guineen-a-la-t.html"
"Malijet (ML)";"FR";"2026-09-25";"La Libye dépose sa candidature à un siège de membre non permanent du Conseil de sécurité de l’ONU";"https://malijet.com/actualite_internationale/311998-la-libye-depose-sa-candidature-a-un-siege-de-membre-non-perm.html"
"Malijet (ML)";"FR";"2026-09-25";"Visite d'État du président Xi Jinping aux États-Unis : « Collaboration structurée, gestion maîtrisée des divergences, responsabilité mondiale partagée »";"https://malijet.com/actualite_internationale/311996-visite-detat-du-president-xi-jinping-aux-etats-unis-col.html"
"Malijet (ML)";"FR";"2026-09-25";"ONU : António Guterres appelle à l'unité face à un monde « fracturé »";"https://malijet.com/actualite_internationale/311978-onu-antonio-guterres-appelle-a-lunite-face-a-un-monde-f.html"
"Malijet (ML)";"FR";"2026-09-25";"Voir tout →";"https://malijet.com/actualite-sur-aes"
"Malijet (ML)";"FR";"2026-09-25";"AES : les ministres des Affaires étrangères échangent avec le président burundais";"https://malijet.com/actualite-sur-aes/311994-aes-les-ministres-des-affaires-etrangeres-echangent-avec-l.html"
"Malijet (ML)";"FR";"2026-09-25";"ONU : La Confédération des États du Sahel (AES) s'offre une voix unifiée à New York";"https://malijet.com/actualite-sur-aes/311969-onu-la-confederation-des-etats-du-sahel-aes-soffre-une.html"
"Malijet (ML)";"FR";"2026-09-25";"Burkina Faso : Le gouvernement serre la vis sur les ONG pour garantir l'impact des financements
                                        il y a 13 minutes";"https://malijet.com/actualite-sur-afrique/312018-burkina-faso-le-gouvernement-serre-la-vis-sur-les-ong-pour.html"
"Malijet (ML)";"FR";"2026-09-25";"Niger : un cadre renforcé pour le transport physique de fonds afin de lutter contre le financement du terrorisme
                                        il y a 1 jour";"https://malijet.com/actualite-sur-afrique/311986-niger-un-cadre-renforce-pour-le-transport-physique-de-fond.html"
"Malijet (ML)";"FR";"2026-09-25";"Kenya : deux morts après le crash d’un avion lors d’un vol d’entraînement
                                        il y a 3 jours";"https://malijet.com/actualite-sur-afrique/311956-kenya-deux-morts-apres-le-crash-dun-avion-lors-dun-vol-d.html"
"Malijet (ML)";"FR";"2026-09-25";"Pluies intenses à Dakar : des inondations signalées dans plusieurs quartiers
                                        il y a 3 jours";"https://malijet.com/actualite-sur-afrique/311953-pluies-intenses-a-dakar-des-inondations-signalees-dans-plu.html"
"Malijet (ML)";"FR";"2026-09-25";"CEDEAO : Le président de la Commission, le général Birame Diop, expose ses priorités devant les représentants permanents
                                        il y a 3 jours";"https://malijet.com/actualite-sur-afrique/311948-cedeao-le-president-de-la-commission-le-general-birame-di.html"
"Malijet (ML)";"FR";"2026-09-25";"Halima Dangote explique pourquoi elle et ses frères et sœurs ne se vantent pas de leur richesse
                                        il y a 5 jours";"https://malijet.com/actualite-sur-afrique/311936-halima-dangote-explique-pourquoi-elle-et-ses-freres-et-soeurs.html"
"Malijet (ML)";"FR";"2026-09-25";"Le Président de la République du Bénin, Romuald Wadagni, poursuit sa visite de travail en République du Congo.
                                        il y a 6 jours";"https://malijet.com/actualite-sur-afrique/311911-le-president-de-la-republique-du-benin-romuald-wadagni-pou.html"
"Malijet (ML)";"FR";"2026-09-25";"Soudan : au moins 82 morts dans l’effondrement d’une mine d’or
                                        il y a 6 jours";"https://malijet.com/actualite-sur-afrique/311909-soudan-au-moins-82-morts-dans-leffondrement-dune-mine-d.html"
"Malijet (ML)";"FR";"2026-09-25";"Dangote révèle l’erreur commerciale qui lui a coûté des milliards il y a 30 ans
                                        il y a 6 jours";"https://malijet.com/actualite-sur-afrique/311908-dangote-revele-lerreur-commerciale-qui-lui-a-coute-des-mill.html"
"Malijet (ML)";"FR";"2026-09-25";"Médias : La HAC de Guinée interdit la diffusion de France 24 sur tout le territoire national
                                        il y a 1 semaine";"https://malijet.com/actualite-sur-afrique/311885-medias-la-hac-de-guinee-interdit-la-diffusion-de-france-24.html"
"Malijet (ML)";"FR";"2026-09-25";"ONU : Mamadi Doumbouya présente le « modèle guinéen » à la tribune de l'Assemblée générale
                                        il y a 22 heures";"https://malijet.com/actualite_internationale/312001-onu-mamadi-doumbouya-presente-le-modele-guineen-a-la-t.html"
"Malijet (ML)";"FR";"2026-09-25";"La Libye dépose sa candidature à un siège de membre non permanent du Conseil de sécurité de l’ONU
                                        il y a 1 jour";"https://malijet.com/actualite_internationale/311998-la-libye-depose-sa-candidature-a-un-siege-de-membre-non-perm.html"
"Malijet (ML)";"FR";"2026-09-25";"Visite d'État du président Xi Jinping aux États-Unis : « Collaboration structurée, gestion maîtrisée des divergences, responsabilité mondiale partagée »
                                        il y a 1 jour";"https://malijet.com/actualite_internationale/311996-visite-detat-du-president-xi-jinping-aux-etats-unis-col.html"
"Malijet (ML)";"FR";"2026-09-25";"ONU : António Guterres appelle à l'unité face à un monde « fracturé »
                                        il y a 2 jours";"https://malijet.com/actualite_internationale/311978-onu-antonio-guterres-appelle-a-lunite-face-a-un-monde-f.html"
"Malijet (ML)";"FR";"2026-09-25";"Réunion de la direction du PCC pour étudier des questions importantes relatives à l'autogouvernance du Parti et fixer les dates du prochain plénum du Parti
                                        il y a 2 jours";"https://malijet.com/actualite_internationale/311970-reunion-de-la-direction-du-pcc-pour-etudier-des-questions-im.html"
"Malijet (ML)";"FR";"2026-09-25";"Gambie : Les États-Unis restituent 2,5 millions de dollars saisis à l’ancien président Yahya Jammeh
                                        il y a 3 jours";"https://malijet.com/actualite_internationale/311964-gambie-les-etats-unis-restituent-25-millions-de-dollars-s.html"
"Malijet (ML)";"FR";"2026-09-25";"L'Initiative pour la gouvernance mondiale : une nouvelle voie pour un multilatéralisme fécond
                                        il y a 3 jours";"https://malijet.com/actualite_internationale/311944-linitiative-pour-la-gouvernance-mondiale-une-nouvelle-voi.html"
"Malijet (ML)";"FR";"2026-09-25";"Sénégal-Émirats arabes unis : le président Faye et le cheikh Mohammed ben Zayed renforcent leur partenariat stratégique
                                        il y a 1 semaine";"https://malijet.com/actualite_internationale/311881-senegal-emirats-arabes-unis-le-president-faye-et-le-cheikh.html"
"Malijet (ML)";"FR";"2026-09-25";"Deux militaires russes de retour au pays après 755 jours de détention
                                        il y a 1 semaine";"https://malijet.com/actualite_internationale/311847-deux-militaires-russes-de-retour-au-pays-apres-755-jours-de.html"
"Malijet (ML)";"FR";"2026-09-25";"Guerre en Iran: le Pentagone contredit Trump et reconnaît une pénurie de munitions
                                        il y a 1 semaine";"https://malijet.com/actualite_internationale/311838-guerre-en-iran-le-pentagone-contredit-trump-et-reconnait-un.html"
"Malijet (ML)";"FR";"2026-09-25";"22 Septembre : Assimi Goïta rend hommage aux Héros de l’Indépendance
                    1 commentaire
                    il y a 2 jours";"https://malijet.com/actualite_de_la_nation_malienne/311968-22-septembre-assimi-goita-rend-hommage-aux-heros-de-linde.html"
"Malijet (ML)";"FR";"2026-09-25";"Police nationale : EUCAP renforce les compétences des formateurs
                    1 commentaire
                    il y a 1 jour";"https://malijet.com/actualite-politique-au-mali/311987-police-nationale-eucap-renforce-les-competences-des-format.html"
"Malijet (ML)";"FR";"2026-09-25";"Économie";"https://malijet.com/actualite_economique_du_mali"
