"Source";"Language";"Date";"Title";"URL"
"VRT NWS (EN)";"EN";"2026-09-18";"Zo download je een podcast via VRT MAX";"https://www.vrt.be/vrtmax/artikels/2025/10/22/hoe-download-ik-een-podcast/"
"VRT NWS (EN)";"EN";"2026-09-18";"Vlaams minister Crevits (CD&V) stuurt West-Vlaams gouverneur Decaluwé naar Oostende voor ""verkennend onderzoek""";"https://www.vrt.be/vrtnws/nl/2026/09/18/vlaams-minister-crevits-cd-v-stuur-west-vlaams-gouverneur-deca/?utm_source=corporate&utm_medium=referral&utm_campaign=rssfeed&utm_content=vrt-nws"
"VRT NWS (EN)";"EN";"2026-09-18";"""Investering van een miljard euro"": Nederlands bedrijf wil datacenter bouwen op oude Sappi-site in Lanaken";"https://www.vrt.be/vrtnws/nl/2026/09/18/lanaken-datacenter-miljard-euro-sappi/?utm_source=corporate&utm_medium=referral&utm_campaign=rssfeed&utm_content=vrt-nws"
"VRT NWS (EN)";"EN";"2026-09-18";"Nieuwe studie: Ingrijpende veranderingen in landbouw vereist, als België tegen 2050 CO2-neutraal wil zijn";"https://www.vrt.be/vrtnws/nl/2026/09/18/co2-neutraal-belgie-vito-fod-volksgezondheid/?utm_source=corporate&utm_medium=referral&utm_campaign=rssfeed&utm_content=vrt-nws"
"VRT NWS (EN)";"EN";"2026-09-18";"Hoe Nederland voorloopt op Vlaanderen in afbouw van gas: ""Gemeentes nemen daar zelf regie in handen""";"https://www.vrt.be/vrtnws/nl/2026/09/18/vlaanderen-start-met-afbouw-gas-hoe-gebeurt-dat-in-nederland/?utm_source=corporate&utm_medium=referral&utm_campaign=rssfeed&utm_content=vrt-nws"
"VRT NWS (EN)";"EN";"2026-09-18";"Fel protest in Israël tegen 'NAZA', makers roepen op documentaire niet te vertonen op 7 oktober";"https://www.vrt.be/vrtnws/nl/2026/09/18/protest-in-israel-tegen-naza-makers-roepen-op-documentaire-ni/?utm_source=corporate&utm_medium=referral&utm_campaign=rssfeed&utm_content=vrt-nws"
"VRT NWS (EN)";"EN";"2026-09-18";"Nepagent (18) opgepakt in Mechelen: kwam laptop en codes thuis ophalen 'om ze veilig te bewaren'";"https://www.vrt.be/vrtnws/nl/2026/09/18/nepagent-opgepakt-mechelen-politie-rivierenland-oplichting/?utm_source=corporate&utm_medium=referral&utm_campaign=rssfeed&utm_content=vrt-nws"
"VRT NWS (EN)";"EN";"2026-09-18";"111 miljoen kiezers, 3 dagen stemmen en geen oppositie: Rusland houdt nieuwe parlementsverkiezingen";"https://www.vrt.be/vrtnws/nl/2026/09/18/rusland-parlementsverkiezingen/?utm_source=corporate&utm_medium=referral&utm_campaign=rssfeed&utm_content=vrt-nws"
"VRT NWS (EN)";"EN";"2026-09-18";"Britse pers al volledig in de ban van Diana-boek dat dinsdag uitkomt: ""Koning Charles klonk uitgelaten na haar dood""";"https://www.vrt.be/vrtnws/nl/2026/09/18/britse-kranten-al-in-de-ban-van-diana-boek-van-charles-spencer/?utm_source=corporate&utm_medium=referral&utm_campaign=rssfeed&utm_content=vrt-nws"
"VRT NWS (EN)";"EN";"2026-09-18";"80 jaar geleden crashte een Sabena-vliegtuig in de Canadese bossen: ""Ik kroop door een vlammenzee""";"https://www.vrt.be/vrtnws/nl/2026/09/17/80-jaar-geleden-crashte-een-sabena-vliegtuig-in-gander-canada/?utm_source=corporate&utm_medium=referral&utm_campaign=rssfeed&utm_content=vrt-nws"
"VRT NWS (EN)";"EN";"2026-09-18";"Eerst nog een wisselvallig weekend, vanaf midden volgende week wellicht mooi najaarsweer";"https://www.vrt.be/vrtnws/nl/2026/09/18/na-een-druilerig-weekend-volgt-een-week-met-mooi-najaarsweer/?utm_source=corporate&utm_medium=referral&utm_campaign=rssfeed&utm_content=vrt-nws"
"VRT NWS (EN)";"EN";"2026-09-18";"Na noodkreet Wim Ballieu: Antwerps stadsbestuur zegt nee tegen extra toiletten voor bezoekers Vogelenmarkt";"https://www.vrt.be/vrtnws/nl/2026/09/17/geen-openbare-toiletten-antwerpen-stadsbestuur-theaterplein/?utm_source=corporate&utm_medium=referral&utm_campaign=rssfeed&utm_content=vrt-nws"
"VRT NWS (EN)";"EN";"2026-09-18";"Waarom je in 'Blind Getrouwd' nooit een koppel in Antwerpen ziet trouwen";"https://www.vrt.be/vrtnws/nl/2026/09/17/blind-getrouwd-antwerpen/?utm_source=corporate&utm_medium=referral&utm_campaign=rssfeed&utm_content=vrt-nws"
"VRT NWS (EN)";"EN";"2026-09-18";"""Ik was nooit verder dan fietsen met zijwieltjes geraakt"": 4 volwassenen getuigen over leren fietsen op latere leeftijd";"https://www.vrt.be/vrtnws/nl/2026/09/15/mobiliteit-volwassen-die-leren-fietsen/?utm_source=corporate&utm_medium=referral&utm_campaign=rssfeed&utm_content=vrt-nws"
"VRT NWS (EN)";"EN";"2026-09-18";"Autovrije zondag of 50 jaar Visserijmuseum? Dit zijn onze 5 weekendtips";"https://www.vrt.be/vrtnws/nl/2026/09/17/autovrije-zondag-of-50-jaar-visserijmuseum-dit-zijn-onze-5-week/?utm_source=corporate&utm_medium=referral&utm_campaign=rssfeed&utm_content=vrt-nws"
"VRT NWS (EN)";"EN";"2026-09-18";"Stadsbestuur Oostende ""in lopende zaken"" door onderzoek naar functioneren van eerste schepen Charlotte Verkeyn";"https://www.vrt.be/vrtnws/nl/2026/09/17/stadsbestuur-oostende-lopende-zaken/?utm_source=corporate&utm_medium=referral&utm_campaign=rssfeed&utm_content=vrt-nws"
"VRT NWS (EN)";"EN";"2026-09-18";"Iraanse president welkom in New York voor Algemene Vergadering van VN, Palestijnse president krijgt opnieuw geen visum";"https://www.vrt.be/vrtnws/nl/2026/09/17/vs-vn-algemene-vergadering-iran-palestina/?utm_source=corporate&utm_medium=referral&utm_campaign=rssfeed&utm_content=vrt-nws"
"VRT NWS (EN)";"EN";"2026-09-18";"Ligt Nefertiti dan toch begraven in de graftombe van Toetanchamon? Nieuw onderzoek wijst (opnieuw) op verborgen kamers";"https://www.vrt.be/vrtnws/nl/2026/09/17/tombe-van-toetanchamon-nefertiti-kamers-ontdekt/?utm_source=corporate&utm_medium=referral&utm_campaign=rssfeed&utm_content=vrt-nws"
"VRT NWS (EN)";"EN";"2026-09-18";"Proces over dood Jairon (14) nadert conclusie: aanklager en verdediging zien geen bewijs voor moord, familie wel";"https://www.vrt.be/vrtnws/nl/2026/09/17/proces-dood-jairon-antwerpen-pleidooien-aanklager/?utm_source=corporate&utm_medium=referral&utm_campaign=rssfeed&utm_content=vrt-nws"
"VRT NWS (EN)";"EN";"2026-09-18";"Voor het eerst in 100 jaar nieuwe kattensoort ontdekt: zeldzaam gevlekt dier is kleiner dan een huiskat en werd ontdekt door biologen UAntwerpen";"https://www.vrt.be/vrtnws/nl/2026/09/17/nieuwe-kattensoort-uantwerpen/?utm_source=corporate&utm_medium=referral&utm_campaign=rssfeed&utm_content=vrt-nws"
"VRT NWS (EN)";"EN";"2026-09-18";"""Voor altijd ons Yvette'tje"": 'Thuis'- en theaterwereld eert Chris Boni";"https://www.vrt.be/vrtnws/nl/2026/09/17/reacties-chris-boni-overlijden/?utm_source=corporate&utm_medium=referral&utm_campaign=rssfeed&utm_content=vrt-nws"
"VRT NWS (EN)";"EN";"2026-09-18";"Amerikaans Congres keurt sancties tegen Rusland goed, maar geeft Trump ook macht over heffingen op Russische olie en gas";"https://www.vrt.be/vrtnws/nl/2026/09/17/vs-sancties-rusland-oekraine-importheffingen-trump/?utm_source=corporate&utm_medium=referral&utm_campaign=rssfeed&utm_content=vrt-nws"
"VRT NWS (EN)";"EN";"2026-09-18";"Actrice Chris Boni (90) overleden, ze speelde 15 jaar lang Yvette in 'Thuis'";"https://www.vrt.be/vrtnws/nl/2026/09/17/chris-boni/?utm_source=corporate&utm_medium=referral&utm_campaign=rssfeed&utm_content=vrt-nws"
"VRT NWS (EN)";"EN";"2026-09-18";"Wanneer wordt mijn gasaansluiting afgesloten en hoe haalbaar is dat? Jouw vragen over afbouw van aardgas beantwoord";"https://www.vrt.be/vrtnws/nl/2026/09/16/vragen-afbouw-aardgasnet-vlaanderen/?utm_source=corporate&utm_medium=referral&utm_campaign=rssfeed&utm_content=vrt-nws"
"VRT NWS (EN)";"EN";"2026-09-18";"""Trouwste vriend van Israël"": wie is Robert Kraft (85), de Joods-Amerikaanse miljardair die Macklemore van het podium weert";"https://www.vrt.be/vrtnws/nl/2026/09/16/wie-is-robert-kraft-de-joods-amerikaanse-miljardair-in-de-saga/?utm_source=corporate&utm_medium=referral&utm_campaign=rssfeed&utm_content=vrt-nws"
"VRT NWS (EN)";"EN";"2026-09-18";"Europese veiligheidsraad, drempels voor sociale media en speciale band met Canada: deze richting wil Von der Leyen uit met EU";"https://www.vrt.be/vrtnws/nl/2026/09/16/state-of-the-union-ursula-von-der-leyen-2026-overzicht/?utm_source=corporate&utm_medium=referral&utm_campaign=rssfeed&utm_content=vrt-nws"
"VRT NWS (EN)";"EN";"2026-09-18";"De Wevers 'witte kaftje' met begrotingsideeën blijft een mysterie, maar dit weten we wel al";"https://www.vrt.be/vrtnws/nl/2026/09/14/begrotingsvoorstellen-wit-kaftje-de-wever/?utm_source=corporate&utm_medium=referral&utm_campaign=rssfeed&utm_content=vrt-nws"
"VRT NWS (EN)";"EN";"2026-09-18";"30e herdenking van dood van prinses Diana is pas voor volgende zomer, maar geldmachine draait nu al";"https://www.vrt.be/vrtnws/nl/2026/09/11/diana-in-2027-30-jaar-dood-hoe-de-herdenkingen-of-het-commerci/?utm_source=corporate&utm_medium=referral&utm_campaign=rssfeed&utm_content=vrt-nws"
"VRT NWS (EN)";"EN";"2026-09-18";"Waarom heeft Europa een eigen satellietnetwerk nodig? En komen we niet hopeloos te laat?";"https://www.vrt.be/vrtnws/nl/2026/09/11/iris2-waarom-europa-eigen-satellietnetwerk-nodig-heeft/?utm_source=corporate&utm_medium=referral&utm_campaign=rssfeed&utm_content=vrt-nws"
"VRT NWS (EN)";"EN";"2026-09-18";"ETF's winnen aan populariteit bij Belgische beleggers: zo werkt 'hangmatbeleggen'";"https://www.vrt.be/vrtnws/nl/2026/09/09/wat-zijn-etf-s-en-hoe-ga-je-ermee-aan-de-slag/?utm_source=corporate&utm_medium=referral&utm_campaign=rssfeed&utm_content=vrt-nws"
"VRT NWS (EN)";"EN";"2026-09-18";"""Vorm van discriminatie"": jullie reageren massaal op de discussie over salariswagens";"https://www.vrt.be/vrtnws/nl/2026/09/08/massaal-reacties-salariswagen/?utm_source=corporate&utm_medium=referral&utm_campaign=rssfeed&utm_content=vrt-nws"
"VRT NWS (EN)";"EN";"2026-09-18";"Zou jij slagen voor PISA? Test je kennis met deze 10 vragen";"https://www.vrt.be/vrtnws/nl/2026/09/08/zou-jij-slagen-voor-pisa-test-je-kennis-met-deze-10-vragen/?utm_source=corporate&utm_medium=referral&utm_campaign=rssfeed&utm_content=vrt-nws"
"VRT NWS (EN)";"EN";"2026-09-18";"Een verdoken kopman, plan A, zoals Museeuw en daar is het gewicht weer: de grote voorbeschouwing op het WK in Montréal";"https://sporza.be/nl/2026/09/17/een-verdoken-kopman-plan-a-zoals-museeuw-en-daar-is-het-gewicht-weer-de-grote-voorbeschouwing-op-het-wk-in-montreal~1789648771335/"
"VRT NWS (EN)";"EN";"2026-09-18";"""Hij speelde nog nooit als 9"": 17-jarige Floyd Samba - zoon van - charmeert fans met 2 goals bij City-debuut";"https://sporza.be/nl/2026/09/18/-hij-speelde-nog-nooit-als-9-17-jarige-floyd-samba-zoon-van-charmeert-fans-met-2-goals-bij-city-debuut~1789712434882/"
"VRT NWS (EN)";"EN";"2026-09-18";"Meteen 4 krakers in 11 dagen: het pittige Duivels-debuut van Mark van Bommel in Nations League";"https://sporza.be/nl/2026/09/15/meteen-4-krakers-in-11-dagen-het-pittige-duivels-debuut-van-mark-van-bommel-in-nations-league~1789462658017/"
"VRT NWS (EN)";"EN";"2026-09-18";"Wie wordt het witte konijn? En wat met de keeperkwestie? De 4 voornaamste vraagstukken voor de eerste selectie van Mark van Bommel";"https://sporza.be/nl/2026/09/16/wie-wordt-het-witte-konijn-en-wat-met-de-keeperkwestie-de-4-voornaamste-vraagstukken-voor-de-eerste-selectie-van-mark-van-bommel~1789550283022/"
"VRT NWS (EN)";"EN";"2026-09-18";"LIVESTREAM (15.30u): Wie volgt Jonathan Milan op in het sprintersfestival van Koolskamp Koers?";"https://sporza.be/nl/2026/09/14/livestream-1530u-wie-volgt-jonathan-milan-op-in-het-sprintersfestival-van-koolskamp-koers~1789375904342/"
"VRT NWS (EN)";"EN";"2026-09-18";"Ex-wereldkampioene veldrijden Fem van Empel keert na pauze van jaar terug en tekent bij FDJ United-Suez";"https://sporza.be/nl/2026/09/17/ex-wereldkampioene-veldrijden-fem-van-empel-keert-na-pauze-van-jaar-terug-en-tekent-bij-fdj-united-suez~1789661033093/"
"VRT NWS (EN)";"EN";"2026-09-18";"""Helemaal op z'n Unions"": zelfs met helft van de basisploeg afwezig, vierden Brusselaars hun DNA bot";"https://sporza.be/nl/2026/09/17/-helemaal-op-z-n-unions-zelfs-met-helft-van-de-basisploeg-afwezig-vierden-brusselaars-hun-dna-bot~1789680388958/"
"VRT NWS (EN)";"EN";"2026-09-18";"Vlak parcours, Belgische topfavoriet en volledig live bij Sporza: dit mag je verwachten van het WK tijdrijden";"https://sporza.be/nl/2026/09/16/vlak-parcours-belgische-topfavoriet-en-volledig-live-bij-sporza-dit-mag-je-verwachten-van-het-wk-tijdrijden~1789548159658/"
"VRT NWS (EN)";"EN";"2026-09-18";"Opvallende bureaukeuze en FaceTime-gesprekken over meer dan enkel voetbal: zo liepen de eerste Duivelse weken van Mark van Bommel";"https://sporza.be/nl/2026/09/17/opvallende-bureaukeuze-en-facetime-gesprekken-over-meer-dan-enkel-voetbal-zo-liepen-de-eerste-duivelse-weken-van-mark-van-bommel~1789647260319/"
"VRT NWS (EN)";"EN";"2026-09-18";"LIVEBLOG (12u): Krijgen Godts en Fofana een plek? Mark van Bommel maakt straks eerste selectie bekend";"https://sporza.be/nl/2026/09/18/liveblog-12u-krijgen-godts-en-fofana-een-plek-mark-van-bomme~1789704790577/"
"VRT NWS (EN)";"EN";"2026-09-18";"Tóch groepswinnaar! Red Dragons lachen dankzij Esten in hun vuistje om mislukte gok van Servië: ""Zij hebben gerekend""";"https://sporza.be/nl/2026/09/17/toch-groepswinnaar-red-dragons-lachen-dankzij-esten-in-hun-vuistje-om-mislukte-gok-van-servie-zij-hebben-gerekend~1789673888404/"
"VRT NWS (EN)";"EN";"2026-09-18";"Plots moesten ze halthouden: Evenepoel en co doen WK-verkenning van 3 uur, maar botsen op onverwachte gast";"https://sporza.be/nl/2026/09/17/plots-moesten-ze-halthouden-evenepoel-en-co-doen-wk-verkenning-van-3-uur-maar-botsen-op-onverwachte-gast~1789658992957/"
"VRT NWS (EN)";"EN";"2026-09-18";"Geen 2 op 2: Mathieu van der Poel valt helemaal stil in Luxemburg, Marijn van den Berg wint na lange sprint";"https://sporza.be/nl/matches/wielrennen/ronde-van-luxemburg/2026/ronde-van-luxemburg-2026-rit-2-geen-2-op-2-mathieu-van-der-poel-valt-helemaal-stil-in-luxemburg-marijn-van-den-berg-wint-na-lange-sprint~1789391107585/"
"VRT NWS (EN)";"EN";"2026-09-18";"José De Cauwer noemt kritiek van Philippe Gilbert ""gratuit"" en onthult: ""Tim Wellens heeft zelf nog een poging gedaan""";"https://sporza.be/nl/2026/09/17/jose-de-cauwer-noemt-kritiek-van-philippe-gilbert-gratuit-en-onthult-tim-wellens-heeft-zelf-nog-een-poging-gedaan~1789643842086/"
"VRT NWS (EN)";"EN";"2026-09-18";"De strafste deelnemer van deze Europa League: Portugese tweedeklasser, die pas 14e staat, is buitenbeentje na stuntparcours";"https://sporza.be/nl/2026/09/16/de-strafste-deelnemer-van-deze-europa-league-portugese-tweedeklasser-die-pas-14e-staat-is-buitenbeentje-na-stuntparcours~1789552149096/"
"RTBF Actus (FR)";"FR";"2026-09-18";"Limbourg : des militaires blessés lors d'un exercice de saut en parachute";"/article/christophe-dujardin-designe-nouvel-administrateur-general-de-la-rtbf-a-partir-du-1er-novembre-2026-11785330"
"RTBF Actus (FR)";"FR";"2026-09-18";"L'Extraordinaire voyage de Mister Jack";"/article/femmes-au-pouvoir-pourquoi-les-quotas-ne-suffisent-pas-en-region-wallonne-11786754"
"RTBF Actus (FR)";"FR";"2026-09-18";"David Hubert après le premier match de l'Union en Europa League";"/article/85-de-mondialistes-12-incontournables-et-lukaku-en-retrait-votre-liste-des-26-diables-rouges-pour-les-matches-de-ligue-des-nations-11786984"
"RTBF Actus (FR)";"FR";"2026-09-18";"Nucléaire : le site de Chertal, une piste pour accueillir de nouvelles installations";"/article/la-revue-de-presse-11-vies-emportees-par-la-chaleur-11786979"
"RTBF Actus (FR)";"FR";"2026-09-18";"Geoffroy, notre porte drapeau aux Mondiaux de Montréal";"/article/arrivons-nous-a-une-extinction-des-gynecologues-hommes-11785635"
"RTBF Actus (FR)";"FR";"2026-09-18";"Parlons Solutions : comment améliorer le niveau des élèves ?";"/article/arrivons-nous-a-une-extinction-des-gynecologues-hommes-11785635"
"RTBF Actus (FR)";"FR";"2026-09-18";"Evenepoel and co en reconnaissance des Mondiaux";"/article/le-marche-et-festival-de-poesie-poetik-bazar-revient-pour-sa-6e-edition-du-18-au-20-septembre-11786954"
"RTBF Actus (FR)";"FR";"2026-09-18";"France : colère face à la hausse du prix du carburant";"/article/un-investissement-de-plus-d-un-million-d-euros-dans-les-amenagements-cyclables-a-bruxelles-et-sa-peripherie-11787014"
"RTBF Actus (FR)";"FR";"2026-09-18";"David Hubert après la victoire de l'Union face au Viktoria Plzen";"/article/mondiaux-de-chrono-ganna-comme-rival-seixas-et-del-toro-avant-la-course-en-ligne-les-adversaires-de-remco-evenepoel-11785079"
"RTBF Actus (FR)";"FR";"2026-09-18";"Forest : un apiculteur en prison";"/article/ios-27-attention-a-ce-bug-qui-peut-faire-planter-votre-iphone-11787028"
"RTBF Actus (FR)";"FR";"2026-09-18";"Une reprise de Brel bluffante";"/article/l-enquete-les-cameras-de-surveillance-sont-elles-efficaces-a-bruxelles-notamment-face-aux-fusillades-11786889"
"RTBF Actus (FR)";"FR";"2026-09-18";"Parlons Solutions : faut-il fusionner les réseaux scolaires ?";"/article/l-enquete-les-cameras-de-surveillance-sont-elles-efficaces-a-bruxelles-notamment-face-aux-fusillades-11786889"
"RTBF Actus (FR)";"FR";"2026-09-18";"Christophe Dujardin désigné nouvel administrateur général de la RTBF à partir du 1er novembre 2026";"/article/trail-en-wallonie-helena-roosen-partage-ses-itineraires-pour-courir-ou-marcher-11785415"
"RTBF Actus (FR)";"FR";"2026-09-18";"Femmes au pouvoir : pourquoi les quotas ne suffisent pas en Région wallonne";"/article/je-vous-demange-decouvrez-la-nouvelle-parodie-du-grand-cactus-11787024"
"RTBF Actus (FR)";"FR";"2026-09-18";"85% de 'mondialistes', 12 incontournables et Lukaku en retrait : votre liste des 26 Diables Rouges pour les matches de Ligue des Nations";"/article/20-ans-apres-sa-fermeture-le-mythique-cbgb-pourrait-il-vraiment-renaitre-a-new-york-11786460"
"RTBF Actus (FR)";"FR";"2026-09-18";"La revue de presse : ""11 vies emportées par la chaleur""";"/article/le-grand-rendez-vous-de-la-federation-wallonie-bruxelles-sera-accessible-en-langue-des-signes-11784927"
"RTBF Actus (FR)";"FR";"2026-09-18";"Arrivons-nous à une extinction des gynécologues hommes ?";"/article/royal-blood-devoile-swallow-the-bomb-nouvel-extrait-muscle-de-l-album-dead-company-11787010"
"RTBF Actus (FR)";"FR";"2026-09-18";"Arrivons-nous à une extinction des gynécologues hommes ?";"/article/election-presidentielle-en-france-eric-zemmour-sera-candidat-avec-un-discours-encore-plus-dur-sur-l-immigration-11786927"
"RTBF Actus (FR)";"FR";"2026-09-18";"Le marché et festival de poésie Poetik Bazar revient pour sa 6e édition du 18 au 20 septembre";"/article/les-influenceurs-sont-ils-devenus-deconnectes-de-leur-public-l-ete-qui-a-creuse-le-fosse-11786082"
"RTBF Actus (FR)";"FR";"2026-09-18";"Un investissement de plus d’un million d’euros dans les aménagements cyclables à Bruxelles et sa périphérie";"/article/mon-corps-est-en-etat-d-alerte-permanent-petit-biscuit-met-sa-tournee-sur-pause-11786751"
"RTBF Actus (FR)";"FR";"2026-09-18";"Mondiaux de chrono – Ganna comme rival, Seixas et Del Toro avant la course en ligne : les adversaires de Remco Evenepoel";"/article/l-economie-russe-carbure-a-la-guerre-des-depenses-militaires-a-plein-regime-le-reste-cale-11786612"
"RTBF Actus (FR)";"FR";"2026-09-18";"iOS 27 : attention à ce bug, qui peut faire planter votre iPhone";"/article/l-economie-russe-carbure-a-la-guerre-des-depenses-militaires-a-plein-regime-le-reste-cale-11786612"
"RTBF Actus (FR)";"FR";"2026-09-18";"L'Enquête : les caméras de surveillance sont-elles efficaces à Bruxelles, notamment face aux fusillades ?";"/article/moins-de-cochons-de-vaches-et-de-poules-davantage-de-forets-et-de-soja-voici-la-belgique-neutre-en-carbone-de-2050-11786713"
"RTBF Actus (FR)";"FR";"2026-09-18";"L'Enquête : les caméras de surveillance sont-elles efficaces à Bruxelles, notamment face aux fusillades ?";"/article/apres-une-enfance-difficile-sara-de-paduwa-raconte-la-maman-qu-elle-est-devenue-11769924"
"RTBF Actus (FR)";"FR";"2026-09-18";"Trail en Wallonie : Helena Roosen partage ses itinéraires pour courir ou marcher";"/article/une-nouvelle-espece-de-felin-decouverte-en-collaboration-avec-des-biologistes-belges-11786854"
"RTBF Actus (FR)";"FR";"2026-09-18";"""Je vous démange"" : découvrez la nouvelle parodie du Grand Cactus";"/article/un-jour-une-carte-elections-legislatives-ce-week-end-en-russie-et-vladimir-poutine-a-deja-gagne-11784842"
"RTBF Actus (FR)";"FR";"2026-09-18";"20 ans après sa fermeture, le mythique CBGB pourrait-il vraiment renaître à New York ?";"/article/la-premier-league-et-la-juventus-deroulent-une-equipe-de-d2-victorieuse-les-moments-forts-de-la-2e-soiree-d-europa-league-11786823"
"RTBF Actus (FR)";"FR";"2026-09-18";"Le Grand Rendez-vous de la Fédération Wallonie-Bruxelles sera accessible en langue des signes";"/article/eurovision-2027-l-irlande-va-boycotter-le-concours-pour-la-deuxieme-annee-consecutive-11786647"
"RTBF Actus (FR)";"FR";"2026-09-18";"Royal Blood dévoile ""Swallow The Bomb"", nouvel extrait musclé de l’album Dead Company";"/article/l-union-s-impose-largement-face-au-viktoria-plzen-et-reussit-son-entree-en-lice-en-europa-league-11786862"
"RTBF Actus (FR)";"FR";"2026-09-18";"Élection présidentielle en France : Eric Zemmour sera candidat avec un discours encore plus dur sur l’immigration";"/article/jeudi-en-prime-thomas-dermine-ps-bourgmestre-de-charleroi-inquiet-pour-les-finances-des-grandes-villes-wallonnes-11786849"
"RTBF Actus (FR)";"FR";"2026-09-18";"Les influenceurs sont-ils devenus déconnectés de leur public ? L’été qui a creusé le fossé";"/article/mauvaise-surprise-pour-de-nombreux-belges-pourquoi-certains-voient-leur-date-de-depart-a-la-pension-postposee-11786583"
"RTBF Actus (FR)";"FR";"2026-09-18";"""Mon corps est en état d’alerte permanent"" : Petit Biscuit met sa tournée sur pause";"/article/elections-legislatives-en-suede-la-gauche-proche-de-la-victoire-apres-99-9-des-votes-depouilles-11786561"
"RTBF Actus (FR)";"FR";"2026-09-18";"L’économie russe carbure à la guerre : des dépenses militaires à plein régime, le reste cale";"/article/david-hubert-fier-apres-la-victoire-de-l-union-en-europa-league-on-veut-mettre-la-barre-le-plus-haut-possible-11786921"
"RTBF Actus (FR)";"FR";"2026-09-18";"L’économie russe carbure à la guerre : des dépenses militaires à plein régime, le reste cale";"/article/l-union-a-envoye-un-message-en-europa-league-on-devait-montrer-qu-on-avait-un-bon-noyau-11786920"
"RTBF Actus (FR)";"FR";"2026-09-18";"Moins de cochons, de vaches et de poules, davantage de forêts et de soja : voici la Belgique neutre en carbone de 2050";"/article/la-premier-league-et-la-juventus-deroulent-une-equipe-de-d2-victorieuse-les-moments-forts-de-la-2e-soiree-d-europa-league-11786823"
"RTBF Actus (FR)";"FR";"2026-09-18";"Après une enfance difficile, Sara De Paduwa raconte la maman qu’elle est devenue";"/article/l-union-s-impose-largement-face-au-viktoria-plzen-et-reussit-son-entree-en-lice-en-europa-league-11786862"
"RTBF Actus (FR)";"FR";"2026-09-18";"Il se nomme Leopardus tilcayo : ce chat sauvage est une nouvelle espèce de félin découverte en collaboration avec des biologistes belges";"/article/citee-parmi-les-pretendants-a-la-victoire-finale-l-union-aborde-sa-sixieme-campagne-europeenne-consecutive-on-ne-va-pas-commencer-a-rever-11786166"
"RTBF Actus (FR)";"FR";"2026-09-18";"Un jour, une carte : élections législatives ce week-end en Russie... et Vladimir Poutine a déjà gagné";"/article/deception-a-anderlecht-apres-la-defaite-contre-lyon-les-nouveaux-doivent-performer-a-un-autre-niveau-11786402"
"RTBF Actus (FR)";"FR";"2026-09-18";"La Premier League et la Juventus déroulent, une équipe de D2 victorieuse : les moments forts de la 2e soirée d’Europa League";"/article/une-poussee-violente-mais-pas-de-penalty-la-phase-polemique-d-anderlecht-lyon-en-europa-league-11786344"
"RTBF Actus (FR)";"FR";"2026-09-18";"Eurovision 2027 : l'Irlande va boycotter le concours pour la deuxième année consécutive";"/article/lukebakio-sourit-anderlecht-grimace-les-moments-forts-de-la-1re-soiree-d-europa-league-11786205"
"RTBF Actus (FR)";"FR";"2026-09-18";"L’Union s’impose largement face au Viktoria Plzen et réussit son entrée en lice en Europa League";"/article/europa-league-anderlecht-se-reveille-bien-trop-tard-face-a-lyon-et-entame-sa-campagne-par-une-defaite-11786326"
"RTBF Actus (FR)";"FR";"2026-09-18";"Jeudi en Prime : Thomas Dermine (PS), bourgmestre de Charleroi, inquiet pour les finances des grandes villes wallonnes";"/article/parlons-solutions-comment-fonctionne-une-ecole-numerique-11786994"
"RTBF Actus (FR)";"FR";"2026-09-18";"Mauvaise surprise pour de nombreux Belges : pourquoi certains voient leur date de départ à la pension postposée";"/article/parlons-solutions-comment-sauver-l-ecole-fusionner-les-pouvoirs-organisateurs-c-est-souhaitable-11786545"
"RTBF Actus (FR)";"FR";"2026-09-18";"Elections législatives en Suède : la gauche victorieuse de justesse";"/article/parlons-enseignement-apprendre-en-alternance-creer-avec-passion-le-parcours-de-batiste-11786019"
"RTBF Actus (FR)";"FR";"2026-09-18";"David Hubert fier après la victoire de l’Union en Europa League : ""On veut mettre la barre le plus haut possible""";"/article/parlons-solutions-comment-sauver-l-ecole-quelles-pistes-de-solutions-pour-ameliorer-l-enseignement-11786240"
"RTBF Actus (FR)";"FR";"2026-09-18";"L’Union a envoyé un message en Europa League : ""On devait montrer qu’on avait un bon noyau""";"/article/parlons-solutions-comment-sauver-l-ecole-toutes-les-infos-a-connaitre-pour-le-prime-de-ce-mercredi-soir-11785418"
"RTBF Actus (FR)";"FR";"2026-09-18";"La Premier League et la Juventus déroulent, une équipe de D2 victorieuse : les moments forts de la 2e soirée d’Europa League";"/article/parlons-solutions-l-uclouvain-a-developpe-des-coachs-virtuels-une-ia-gratuite-et-encadree-pour-ses-etudiants-11785521"
"RTBF Actus (FR)";"FR";"2026-09-18";"L’Union s’impose largement face au Viktoria Plzen et réussit son entrée en lice en Europa League";"/article/l-estonie-le-pays-qui-autorise-l-ia-dans-toutes-ses-ecoles-secondaires-11784801"
"RTBF Actus (FR)";"FR";"2026-09-18";"Citée parmi les prétendants à la victoire finale, l’Union aborde sa sixième campagne européenne consécutive : ""On ne va pas commencer à rêver""";"/article/parlons-solutions-l-ecole-d-hier-et-d-aujourd-hui-vue-par-eliott-12-ans-et-sa-grand-mere-11784851"
"RTBF Actus (FR)";"FR";"2026-09-18";"""Déception"" à Anderlecht après la défaite contre Lyon : ""Les nouveaux doivent performer à un autre niveau""";"/article/laurent-lefebvre-nouveau-recteur-de-l-umons-prepare-sa-premiere-rentree-11783584"
"RTBF Actus (FR)";"FR";"2026-09-18";"Une poussée violente mais pas de penalty : la phase polémique d'Anderlecht - Lyon en Europa League";"/article/suivez-le-decastar-2026-avec-nafissatou-thiam-11781648"
"RTBF Actus (FR)";"FR";"2026-09-18";"Lukebakio sourit, Anderlecht grimace : les moments forts de la 1re soirée d’Europa League";"/article/frederic-xhonneux-avant-le-decastar-nafi-thiam-doit-se-faire-plaisir-de-retrouver-le-gout-de-la-competition-11786497"
"RTBF Actus (FR)";"FR";"2026-09-18";"Europa League : Anderlecht se réveille bien trop tard face à Lyon et entame sa campagne par une défaite";"/article/nafi-thiam-en-tete-d-affiche-au-decastar-de-talence-terminer-cette-saison-un-peu-difficile-sur-une-bonne-note-11786637"
"RTBF Actus (FR)";"FR";"2026-09-18";"Parlons solutions : comment fonctionne une école numérique?";"/article/les-10-30-km-de-schaerbeek-le-rendez-vous-running-le-plus-ecologique-du-calendrier-belge-11786568"
"RTBF Actus (FR)";"FR";"2026-09-18";"""Parlons Solutions – Comment sauver l’école ?"" : fusionner les pouvoirs organisateurs, c’est souhaitable ?";"/article/mondiaux-d-athletisme-nairobi-accueillera-la-premiere-edition-en-afrique-en-2029-munich-ville-hote-en-2031-11785447"
"RTBF Actus (FR)";"FR";"2026-09-18";"Parlons enseignement : apprendre en alternance, créer avec passion, le parcours de Batiste";"/article/ultimate-championship-les-belges-performent-bien-bednarek-et-jefferson-wooden-en-surpuissance-11784493"
"RTBF Actus (FR)";"FR";"2026-09-18";"""Parlons Solutions – Comment sauver l’école ?"" : quelles pistes de solutions pour améliorer l’enseignement ?";"/article/uitimate-championship-la-belgique-au-rendez-vous-avec-crestan-et-couckuyt-sur-la-2e-journee-un-chrono-canon-sur-400m-11784230"
"RTBF Actus (FR)";"FR";"2026-09-18";"""Parlons solutions - Comment sauver l'école ?"" : revivez notre émission";"/article/ultimate-championship-jakob-ingebrigtsen-brille-sur-5-000-m-mondo-duplantis-a-la-perche-masai-russell-sur-les-haies-11783995"
"RTBF Actus (FR)";"FR";"2026-09-18";"Parlons solutions : l’UCLouvain a développé ""des coachs virtuels"", une IA gratuite et encadrée pour ses étudiants";"/article/ultimate-championship-les-stars-attendues-et-les-duels-a-suivre-a-budapest-11782982"
"RTBF Actus (FR)";"FR";"2026-09-18";"L’Estonie, le pays qui autorise l’IA dans toutes ses écoles secondaires";"/article/etudiants-de-gaza-l-effet-domino-de-la-n-va-11786682"
"RTBF Actus (FR)";"FR";"2026-09-18";"Parlons enseignement : l’école d’hier et d’aujourd’hui vue par Eliott, 12 ans et sa grand-mère";"/article/il-faut-pisser-de-biais-pierre-scheurette-nous-parle-des-ig-nobel-11786386"
"RTBF Actus (FR)";"FR";"2026-09-18";"Laurent Lefebvre, nouveau recteur de l’UMons, prépare sa première rentrée";"/article/olivier-laurent-livre-en-live-une-imitation-bluffante-de-jacques-brel-on-etait-hypnotises-11786519"
"RTBF Actus (FR)";"FR";"2026-09-18";"Suivez le Décastar 2026 avec Nafissatou Thiam (Direct vidéo à 12h)";"/article/le-rapprochement-entre-le-canada-et-l-europe-un-outil-de-resistance-face-a-trump-ce-serait-enfin-la-preuve-d-une-riposte-contre-ces-attaques-repetees-des-etats-unis-11786549"
"RTBF Actus (FR)";"FR";"2026-09-18";"Frédéric Xhonneux avant le Décastar : ""Nafi Thiam doit se faire plaisir, de retrouver le goût de la compétition""";"/article/l-humoriste-belge-sarah-lele-est-l-invitee-de-culture-en-prime-11785012"
"RTBF Actus (FR)";"FR";"2026-09-18";"Nafi Thiam en tête d’affiche au Décastar de Talence : ""Terminer cette saison un peu difficile sur une bonne note""";"/article/stephane-de-groodt-en-amazonie-chez-les-wauja-les-femmes-portent-la-resistance-11781346"
"RTBF Actus (FR)";"FR";"2026-09-18";"Les 10,30 km de Schaerbeek : le rendez-vous running le plus écologique du calendrier belge";"/article/dix-pour-cent-sur-auvio-seuls-les-vrais-fans-pourront-repondre-a-ce-quiz-11405438"
"RTBF Actus (FR)";"FR";"2026-09-18";"Mondiaux d'athlétisme : Nairobi accueillera la première édition en Afrique en 2029, Munich ville hôte en 2031";"/article/comment-le-yemen-pays-parmi-les-plus-pauvres-du-monde-se-retrouve-au-c-ur-des-guerres-internationales-11778796"
"RTBF Actus (FR)";"FR";"2026-09-18";"Ultimate Championship : les Belges performent bien, Bednarek et Jefferson-Wooden en surpuissance";"/article/proximite-interaction-et-collaboration-comment-la-rtbf-ancre-ses-contenus-au-c-ur-des-regions-11786513"
"RTBF Actus (FR)";"FR";"2026-09-18";"UItimate Championship : la Belgique au rendez-vous avec Crestan et Couckuyt sur la 2e journée, un chrono canon sur 400m";"/article/que-fait-la-rtbf-de-vos-donnees-collecte-algorithmes-et-protection-de-la-vie-privee-decryptes-11776913"
"RTBF Actus (FR)";"FR";"2026-09-18";"Ultimate Championship : Jakob Ingebrigtsen brille sur 5.000 m, Mondo Duplantis à la perche, Masai Russell sur les haies";"/article/enfant-illegitime-un-terme-a-eviter-sur-nos-antennes-11776723"
"RTBF Actus (FR)";"FR";"2026-09-18";"Ultimate Championship : les stars attendues et les duels à suivre à Budapest";"/article/les-jeunes-et-l-actu-plus-informes-qu-on-ne-le-pense-mais-pas-a-l-abri-de-pieges-11763284"
"RTBF Actus (FR)";"FR";"2026-09-18";"Etudiants de Gaza, l’effet domino de la N-VA";"/article/moderation-sur-les-reseaux-sociaux-le-defi-quotidien-de-la-rtbf-11758876"
"RTBF Actus (FR)";"FR";"2026-09-18";"""Il faut pisser de biais"" : Pierre Scheurette nous parle des Ig-Nobel";"/article/age-conseille-contenus-sensibles-une-nouvelle-signaletique-tele-des-le-1er-juillet-11745979"
"RTBF Actus (FR)";"FR";"2026-09-18";"Olivier Laurent livre en live une imitation bluffante de Jacques Brel : ""On était hypnotisés""";"/article/bivouacs-du-journalisme-les-contacts-avec-le-public-sont-extremement-enrichissants-on-retire-le-micro-la-camera-jean-pierre-jacqmin-ancien-directeur-de-l-info-de-la-rtbf-11746010"
"RTBF Actus (FR)";"FR";"2026-09-18";"Le rapprochement entre le Canada et l’Europe, un outil de résistance face à Trump ? ""Ce serait enfin la preuve d’une riposte contre ces attaques répétées des États-Unis""";"/article/coupe-du-monde-les-matchs-des-diables-rouges-aussi-pour-les-malvoyants-11743270"
"RTBF Actus (FR)";"FR";"2026-09-18";"L'humoriste belge Sarah Lélé est l'invitée de Culture en prime";"/article/les-eleves-relevent-les-pieges-du-quiz-concentration-reflexion-et-collaboration-en-equipe-c-est-le-secret-de-la-reussite-dans-les-faky-d-or-11719914"
"RTBF Actus (FR)";"FR";"2026-09-18";"Stéphane De Groodt en Amazonie : chez les Wauja, les femmes portent la résistance";"/article/gagnez-vos-places-pour-le-concert-du-quatuor-fustier-au-festival-musiq3-brabant-wallon-11782881"
"RTBF Actus (FR)";"FR";"2026-09-18";"""Dix pour cent"" sur RTBF Auvio : seuls les vrais fans pourront répondre à ce quiz !";"/article/gagnez-vos-places-pour-le-concert-de-doowy-a-l-ancienne-belgique-11778992"
"RTBF Actus (FR)";"FR";"2026-09-18";"Comment le Yémen, pays parmi les plus pauvres du monde, se retrouve au cœur des guerres internationales ?";"/article/ecoutez-tipik-et-repartez-avec-le-nouvel-album-de-miley-en-version-vinyle-11786956"
"RTBF Actus (FR)";"FR";"2026-09-18";"Comment la RTBF ancre ses contenus au cœur des régions : proximité, interactions et collaborations";"/article/rencontrez-pierre-de-maere-au-sommet-de-bruxelles-pour-une-ecoute-exclusive-de-son-nouvel-album-11786499"
"RTBF Actus (FR)";"FR";"2026-09-18";"Que fait la RTBF de vos données ? Collecte, algorithmes et protection de la vie privée décryptés";"/article/un-loup-garou-geant-avec-samy-et-lou-11786675"
"RTBF Actus (FR)";"FR";"2026-09-18";"""Enfant illégitime"" : un terme à éviter sur nos antennes";"/article/concours-remportez-la-brochure-du-beau-velo-de-ravel-de-cet-ete-et-preparez-de-belles-sorties-velo-11785317"
"RTBF Actus (FR)";"FR";"2026-09-18";"Les jeunes et l’actu : plus informés qu’on ne le pense mais pas à l’abri de pièges";"/article/essyla-en-concert-au-reflektor-et-au-botanique-pour-presenter-son-nouvel-album-11785002"
"RTBF Actus (FR)";"FR";"2026-09-18";"Modération sur les réseaux sociaux : le défi quotidien de la RTBF";"/article/concours-vibrez-au-festival-des-libertes-avec-altin-gun-et-ascendent-vierge-11779631"
"RTBF Actus (FR)";"FR";"2026-09-18";"Nouvelle signalétique TV : ce qui change ce 1er juillet";"/article/we-love-cinema-days-une-soiree-vip-autour-de-dikkenek-et-des-places-de-cinema-a-remporter-11785026"
"RTBF Actus (FR)";"FR";"2026-09-18";"Bivouacs du journalisme : ""Les contacts avec le public sont extrêmement enrichissants"", Jean-Pierre Jacqmin, ancien directeur de l’info de la RTBF";"/article/mauvaise-surprise-pour-de-nombreux-belges-pourquoi-certains-voient-leur-date-de-depart-a-la-pension-postposee-11786583"
"RTBF Actus (FR)";"FR";"2026-09-18";"Coupe du monde : les matchs des Diables Rouges aussi pour les malvoyants";"/article/on-croyait-le-m72-world-tour-termine-metallica-prouve-le-contraire-en-2027-11786442"
"RTBF Actus (FR)";"FR";"2026-09-18";"Les élèves relèvent les pièges du quiz : concentration, réflexion et collaboration en équipe, c'est le secret de la réussite dans les Faky d'Or";"/article/prix-des-carburants-pourquoi-sont-ils-aussi-eleves-et-proche-du-record-alors-que-le-petrole-brut-a-deja-ete-plus-cher-11786581"
"RTBF Actus (FR)";"FR";"2026-09-18";"Gagnez vos places pour le concert du Quatuor Fustier au Festival Musiq3 Brabant wallon !";"/article/genesis-meme-le-groupe-doutait-que-les-23-minutes-de-supper-s-ready-puissent-fonctionner-11786459"
"RTBF Actus (FR)";"FR";"2026-09-18";"Gagnez vos places pour le concert de Doowy à l’Ancienne Belgique";"/article/vu-d-europe-comment-la-russie-recrute-des-agents-jetables-pour-mener-sa-guerre-hybride-en-europe-11785927"
"RTBF Actus (FR)";"FR";"2026-09-18";"Le nouvel album de Miley vient de sortir et Tipik vous offre la version vinyle";"/article/un-jour-une-carte-elections-legislatives-ce-week-end-en-russie-et-vladimir-poutine-a-deja-gagne-11784842"
"RTBF Actus (FR)";"FR";"2026-09-18";"Rencontrez Pierre de Maere au sommet de Bruxelles pour une écoute exclusive de son nouvel album";"https://auvio.rtbf.be/media/le-8-9-le-8-9-3517938"
"RTBF Actus (FR)";"FR";"2026-09-18";"Rencontrez Samy et Lou lors d’une partie géante de Loup-Garou";"https://auvio.rtbf.be/media/un-si-grand-soleil-un-si-grand-soleil-3517443"
"RTBF Actus (FR)";"FR";"2026-09-18";"Concours : remportez la brochure du Beau Vélo de RAVeL de cet été et préparez de belles sorties vélo";"https://auvio.rtbf.be/media/le-6-8-le-6-8-3517901"
"RTBF Actus (FR)";"FR";"2026-09-18";"ESSYLA en concert au Reflektor et au Botanique pour présenter son nouvel album";"https://auvio.rtbf.be/media/caramba-caramba-3517374"
"RTBF Actus (FR)";"FR";"2026-09-18";"Concours : gagnez vos places pour Altin Gün et Ascendant Vierge au Festival des Libertés";"https://auvio.rtbf.be/media/y-a-pas-de-planete-b-y-a-pas-de-planete-b-3517367"
"RTBF Actus (FR)";"FR";"2026-09-18";"We Love Cinema Days : une soirée VIP autour de ""Dikkenek"" et des places de cinéma à remporter";"https://auvio.rtbf.be/media/les-feux-de-l-amour-feux-de-l-amour-s27-3517372"
"RTBF Actus (FR)";"FR";"2026-09-18";"Mauvaise surprise pour de nombreux Belges : pourquoi certains voient leur date de départ à la pension postposée";"https://auvio.rtbf.be/media/velvet-le-nouvel-empire-velvet-le-nouvel-empire-3517376"
"RTBF Actus (FR)";"FR";"2026-09-18";"On croyait le ""M72 World Tour"" terminé, Metallica prouve le contraire en 2027";"https://auvio.rtbf.be/media/courts-metrages-reminiscences-3517343"
"RTBF Actus (FR)";"FR";"2026-09-18";"Prix des carburants : pourquoi sont-ils aussi élevés et proches du record alors que le pétrole brut a déjà été plus cher ?";"https://auvio.rtbf.be/media/un-beau-matin-un-drame-romantique-lumineux-porte-par-lea-seydoux-3517346"
"RTBF Actus (FR)";"FR";"2026-09-18";"Genesis : même le groupe doutait que les 23 minutes de “Supper’s Ready” puissent fonctionner";"https://auvio.rtbf.be/media/europa-league-conference-league-europa-league-3517837"
"RTBF Actus (FR)";"FR";"2026-09-18";"Comment la Russie recrute des ""agents jetables"" pour mener sa guerre hybride en Europe";"https://auvio.rtbf.be/media/operation-peter-pan-l-exode-des-enfants-cubains-3517608"
"RTBF Actus (FR)";"FR";"2026-09-18";"Un jour, une carte : élections législatives ce week-end en Russie... et Vladimir Poutine a déjà gagné";"https://auvio.rtbf.be/media/the-father-un-drame-magistral-et-oscarise-avec-anthony-hopkins-et-olivia-colman-3517341"
"France 24 (EN)";"EN";"2026-09-18";"Russia votes in parliamentary election as war in Ukraine drags on";"https://france24.com/en/europe/20260918-russia-votes-in-wartime-parliamentary-election-set-to-secure-the-kremlin-power"
"France 24 (EN)";"EN";"2026-09-18";"Putin urges Russians to vote in parliamentary election as show of support for Ukraine war";"https://france24.com/en/europe/20260916-putin-urges-russians-to-vote-in-parliamentary-election-as-show-of-support-for-ukraine-war"
"France 24 (EN)";"EN";"2026-09-18";"Russian drone attack on bus kills five in Ukraine's southeast";"https://france24.com/en/europe/20260916-russian-drone-attack-on-bus-kills-five-in-ukraine-s-southeast"
"France 24 (EN)";"EN";"2026-09-18";"Live: At least five injured in Russian drone strikes in Kyiv region";"https://france24.com/en/europe/20260918-live-voting-begins-in-russia-s-parliamentary-elections"
"France 24 (EN)";"EN";"2026-09-18";"French PM vows to cut public spending by €54 billion to reduce deficit";"https://france24.com/en/france/20260918-french-pm-vows-to-cut-public-spending-by-%E2%82%AC54-billion-to-reduce-deficit"
"France 24 (EN)";"EN";"2026-09-18";"Early voting begins in US midterms that could see Republicans lose control of Congress";"https://france24.com/en/americas/20260918-early-voting-begins-in-us-midterms-that-could-see-republicans-lose-control-of-congress"
"France 24 (EN)";"EN";"2026-09-18";"Trump says 'major progress' made towards US military base in Poland";"https://france24.com/en/europe/20260918-trump-says-major-progress-made-toward-us-military-base-in-poland"
"France 24 (EN)";"EN";"2026-09-18";"US approves $24.3 billion sale of 48 F-35 warplanes to Saudi Arabia";"https://france24.com/en/middle-east/20260918-us-approves-24-3-billion-sale-of-48-f-35-warplanes-to-saudi-arabia"
"France 24 (EN)";"EN";"2026-09-18";"French police officer arrested over suspected far-right terror plot";"https://france24.com/en/europe/20260917-french-police-officer-arrested-over-suspected-far-right-terror-plot"
"France 24 (EN)";"EN";"2026-09-18";"US Midterms: Russian disinformation campaign targets Democrats";"https://france24.com/en/tv-shows/truth-or-fake/20260917-us-midterms-russian-disinformation-campaign-targets-democrats"
"France 24 (EN)";"EN";"2026-09-18";"Asian stocks boosted by falling oil, yen weakens after BoJ rate hike";"https://france24.com/en/live-news/20260918-asian-stocks-track-wall-st-rally-as-oil-prices-drop"
"France 24 (EN)";"EN";"2026-09-18";"Bank of Japan hikes rates to 31-year high to battle inflation";"https://france24.com/en/live-news/20260918-bank-of-japan-hikes-rates-to-31-year-high-to-battle-inflation"
"France 24 (EN)";"EN";"2026-09-18";"Pakistan court blocks expulsion of Afghan medical college students";"https://france24.com/en/live-news/20260918-afghan-medical-students-in-pakistan-hope-court-stops-college-expulsions"
"France 24 (EN)";"EN";"2026-09-18";"Saudi Arabia accuses Houthis of targeting Mecca, calls it a 'red line'";"https://france24.com/en/middle-east/20260916-saudi-arabia-accuses-houthis-of-targeting-mecca-calling-it-a-red-line"
"France 24 (EN)";"EN";"2026-09-18";"Houthis report Saudi strikes as Riyadh accuses them of targeting Mecca";"https://france24.com/en/middle-east/20260916-middle-east-live-saudi-arabia-accuses-houthi-rebels-of-launching-a-drone-strike-on-mecca"
"France 24 (EN)";"EN";"2026-09-18";"Saudi Arabia vows to hit back ‘firmly’ after Houthi attacks";"https://france24.com/en/middle-east/20260915-middle-east-live-houthi-attacks-wound-13-civilians-in-southern-saudi-arabia"
"France 24 (EN)";"EN";"2026-09-18";"Iran war exposes US munitions shortfall, industrial bottlenecks, Pentagon report says";"https://france24.com/en/americas/20260915-iran-war-exposes-us-munitions-shortfall-industrial-bottlenecks-pentagon-report-says"
"France 24 (EN)";"EN";"2026-09-18";"Rare Aztec manuscript returns to Mexico on loan after nearly two centuries in France";"https://france24.com/en/americas/20260917-rare-aztec-manuscript-returns-to-mexico-on-loan-after-nearly-two-centuries-in-france"
"France 24 (EN)";"EN";"2026-09-18";"Mbappé draws fire from right wing in France, Spain over Ceuta t-shirt controversy";"https://france24.com/en/europe/20260917-real-madrid-s-mbapp%C3%A9-draws-criticism-from-far-right-over-ceuta-t-shirt-controversy"
"France 24 (EN)";"EN";"2026-09-18";"The Ceuta effect: how far will Europe's anti-migrant backlash go?";"https://france24.com/en/tv-shows/the-debate/20260917-the-ceuta-effect-how-far-will-europe-s-anti-migrant-backlash-go"
"France 24 (EN)";"EN";"2026-09-18";"At least 37 suspected illegal miners die in custody in central Nigeria";"https://france24.com/en/africa/20260918-37-suspected-illegal-miners-die-in-custody-in-central-nigeria"
"France 24 (EN)";"EN";"2026-09-18";"Gaza documentary 'NAZA' sparks political storm, threats against directors in Israel";"https://france24.com/en/middle-east/20260917-gaza-documentary-naza-sparks-political-storm-in-israel"
"France 24 (EN)";"EN";"2026-09-18";"Erdogan to sidestep Turkey’s constitutional term limits in early 2028 vote, adviser says";"https://france24.com/en/asia-pacific/20260917-turkey-s-erdogan-to-run-in-early-2028-vote-sidestepping-constitutional-term-limit"
"France 24 (EN)";"EN";"2026-09-18";"Europe and Canada are 'strong, even stronger together', Carney tells European Parliament";"https://france24.com/en/europe/20260917-live-carney-to-speak-after-trump-threatens-more-eu-tariffs-over-canada-s-associate-member-bid"
"France 24 (EN)";"EN";"2026-09-18";"'Sanctions won’t prevent us from doing our job' says ICC Prosecutor Mame Mandiaye Niang";"https://france24.com/en/tv-shows/perspective/20260917-sanctions-won-t-prevent-us-from-doing-our-job-says-icc-prosecutor-mame-mandiaye-niang"
"France 24 (EN)";"EN";"2026-09-18";"Nicolas Winding Refn on nearly dying, reuniting with Ryan Gosling and why 'polarisation is success'";"https://france24.com/en/tv-shows/arts24/20260917-nicolas-winding-refn-on-nearly-dying-reuniting-with-ryan-gosling-and-why-polarisation-is-success"
"France 24 (EN)";"EN";"2026-09-18";"Paris, the ultimate film set";"https://france24.com/en/tv-shows/entre-nous/20260917-paris-the-ultimate-film-set"
"France 24 (EN)";"EN";"2026-09-18";"Food security under pressure from conflicts, extreme weather";"https://france24.com/en/tv-shows/people-profit/20260917-food-security-under-pressure-from-conflicts-extreme-weather"
"France 24 (EN)";"EN";"2026-09-18";"From Then to Now: European Heritage Days and saving France's 'patrimoine'";"https://france24.com/en/tv-shows/entre-nous/20260917-from-then-to-now-european-heritage-days-and-saving-france-s-patrimoine"
"France 24 (EN)";"EN";"2026-09-18";"The 'Canaduropean' Union: Canada an associate member of the EU?";"https://france24.com/en/tv-shows/press-review/20260917-the-canaduropean-union-canada-an-associate-member-of-the-eu"
"France 24 (EN)";"EN";"2026-09-18";"Nepal: Rescue efforts continue in the aftermath of a flash flooding disaster";"https://france24.com/en/tv-shows/reporters/20260911-nepal-rescue-efforts-continue-in-the-aftermath-of-a-flash-flooding-disaster"
"France 24 (EN)";"EN";"2026-09-18";"Emergency doctor on the challenges of caring for civilians in conflict zones";"https://france24.com/en/tv-shows/perspective/20260916-emergency-doctor-on-the-challenges-of-caring-for-civilians-in-conflict-zones"
"France 24 (EN)";"EN";"2026-09-18";"‘Gut-wrenching pain’: First conviction in French school sex abuse scandal fails to quell parents’ anger";"https://france24.com/en/france/20260916-gut-wrenching-pain-first-conviction-in-french-school-sex-abuse-scandal-fails-to-quell-parents-anger"
"France 24 (EN)";"EN";"2026-09-18";"French candidates race to claim the cost-of-living issue ahead of 2027 vote";"https://france24.com/en/france/20260914-french-candidates-race-to-claim-the-cost-of-living-issue-ahead-of-2027-vote"
"France 24 (EN)";"EN";"2026-09-18";"Jewish ‘supercop’ runs on Arab ticket in Israeli polls – and sparks a storm";"https://france24.com/en/middle-east/20260912-jewish-supercop-runs-on-arab-ticket-in-israeli-polls-%E2%80%93-and-sparks-a-storm"
"France 24 (EN)";"EN";"2026-09-18";"Elections in Russia: the 1001 tricks to remove inconvenient candidates";"https://france24.com/en/europe/20260911-elections-in-russia-the-1001-tricks-to-remove-inconvenient-candidates"
"France 24 (EN)";"EN";"2026-09-18";"EU chief calls for creation of ‘European Security Council’, backs partnership with Canada";"https://france24.com/en/europe/20260916-live-eu-chief-ursula-von-der-leyen-gives-state-of-the-union-address"
"France 24 (EN)";"EN";"2026-09-18";"Trump threatens EU with tariffs over 'laughable' Canada association plan";"https://france24.com/en/europe/20260917-trump-threatens-eu-with-tariffs-over-laughable-canada-association-plan"
"France 24 (EN)";"EN";"2026-09-18";"US announces charges against five alleged agents for Russia over assassination plots";"https://france24.com/en/americas/20260916-us-announces-charges-against-five-alleged-agents-for-russia-over-assassination-plots"
"France 24 (EN)";"EN";"2026-09-18";"Ivorian footballer Malick Yalcouyé falsely accused of lying about his age";"https://france24.com/en/europe/20260916-ivorian-footballer-malick-yalcouy%C3%A9-falsely-accused-of-lying-about-his-age"
"France 24 (EN)";"EN";"2026-09-18";"NATO jets down drone over Lithuania as Russian ship fires flares at Danish helicopter";"https://france24.com/en/europe/20260915-nato-jets-down-drone-over-lithuania-as-russian-ship-fires-flares-at-danish-helicopter"
"France 24 (EN)";"EN";"2026-09-18";"Viral Putin, Modi and Xi selfie at BRICS summit is AI-generated";"https://france24.com/en/tv-shows/truth-or-fake/20260915-viral-putin-modi-and-xi-selfie-at-brics-summit-is-ai-generated"
"France 24 (EN)";"EN";"2026-09-18";"Hate speech against Rohingya refugees on the rise in Malaysia";"https://france24.com/en/tv-shows/the-observers/20260911-hate-speech-rohingya-refugees-rise-malaysia"
"France 24 (EN)";"EN";"2026-09-18";"‘I’m spending my savings just to survive’: Iran’s economic crisis fuels new protests";"https://france24.com/en/middle-east/20260910-iran-economic-crisis-protests-war-repression"
"France 24 (EN)";"EN";"2026-09-18";"JNIM jihadists step up incursions into northern Benin";"https://france24.com/en/tv-shows/the-observers/20260909-jnim-jihadists-step-up-incursions-northern-benin"
"France 24 (EN)";"EN";"2026-09-18";"The church by the airport: Inside Russia’s suspected spy activities in Sweden";"https://france24.com/en/europe/20250704-the-church-by-the-airport-inside-russia-s-suspected-spy-activities-in-sweden"
"France 24 (EN)";"EN";"2026-09-18";"Searching for radioactive waste in the depths of the Atlantic";"https://france24.com/en/environment/20250607-searching-radioactive-waste-depths-atlantic-france-nuclear"
"France 24 (EN)";"EN";"2026-09-18";"‘Unwavering friendship’: The true story of nine women who escaped a Nazi death march";"https://france24.com/en/europe/20250429-true-story-nine-women-who-escaped-nazi-death-march-ravensbruck"
"France 24 (EN)";"EN";"2026-09-18";"Pope Francis, first Latin American pontiff and champion of the forgotten";"https://france24.com/en/europe/20250421-pope-francis-first-latin-american-pontiff-dies-after-double-pneumonia-battle"
"France 24 (EN)";"EN";"2026-09-18";"Haiti’s independence ransom: Macron offers ‘truth’, Haitians want reparations";"https://france24.com/en/americas/20250417-haiti-independence-ransom-macron-offers-truth-haitians-want-reparations-slavery"
"France 24 (EN)";"EN";"2026-09-18";"Saved from destruction: Paris show offers glimpse of Gaza’s archaeological treasures";"https://france24.com/en/culture/20250403-saved-from-destruction-paris-exhibition-offers-glimpse-of-gaza-archaeological-treasures"
"France 24 (EN)";"EN";"2026-09-18";"'The Bibi Files': Documentary reveals the police interrogations behind Netanyahu’s graft trial";"https://france24.com/en/middle-east/20240910-the-bibi-files-documentary-reveals-the-police-interrogations-behind-netanyahu-s-graft-trial"
"France 24 (EN)";"EN";"2026-09-18";"Wildfires, heatwaves threaten global air quality and health, UN warns";"https://france24.com/en/environment/20260907-wildfires-heatwaves-global-air-quality-health-un"
"France 24 (EN)";"EN";"2026-09-18";"Expert warns of 'hotter summers, more wildfires, more drought and more floods'";"https://france24.com/en/tv-shows/perspective/20260901-expert-warns-of-hotter-summers-more-wildfires-more-drought-and-more-floods"
"France 24 (EN)";"EN";"2026-09-18";"'Glaciers in Himalayas retreating': Nepal floods triggered by 'glacier collapse & massive landslide'";"https://france24.com/en/video/20260901-glaciers-in-himalayas-retreating-nepal-floods-triggered-by-glacier-collapse-massive-landslide"
"France 24 (EN)";"EN";"2026-09-18";"'We don't just want to hear Ed Sheeran sing and play guitar, we want to know his politics'";"https://france24.com/en/tv-shows/spotlight/20260917-we-want-to-know-his-politics-we-don-t-just-want-to-hear-ed-sheeran-sing-songs-and-play-guitar"
"France 24 (EN)";"EN";"2026-09-18";"Monica Bellucci in a chilling French home-invasion thriller";"https://france24.com/en/tv-shows/arts24/20260916-monica-bellucci-in-a-chilling-french-home-invasion-thriller"
"France 24 (EN)";"EN";"2026-09-18";"Europa League: Marseille suffer heavy defeat at Besiktas";"https://france24.com/en/tv-shows/sports/20260918-europa-league-marseille-suffer-heavy-defeat-at-besiktas"
"France 24 (EN)";"EN";"2026-09-18";"Kylian Mbappé and Real Madrid defeat Elche despite late scare";"https://france24.com/en/tv-shows/sports/20260916-football-kylian-mbapp%C3%A9-and-real-madrid-defeat-elche-despite-late-scare"
"France 24 (EN)";"EN";"2026-09-18";"Mbappé, Yamal, Dembélé, Kane: Ballon d'Or campaign is in full swing";"https://france24.com/en/tv-shows/sports/20260915-mbapp%C3%A9-yamal-demb%C3%A9l%C3%A9-kane-ballon-d-or-campaign-is-in-full-swing"
"France 24 (EN)";"EN";"2026-09-18";"Ligue 1: Paris Saint-Germain get first win of the season away at Brest";"https://france24.com/en/tv-shows/sports/20260914-ligue-1-paris-saint-germain-get-first-win-season-brest"
"France 24 (EN)";"EN";"2026-09-18";"Intent not malicious, it's indifference: Thousands, if not millions, of books sent to AI woodchipper";"https://france24.com/en/tv-shows/spotlight/20260917-intent-not-malicious-it-s-indifference-thousands-if-not-millions-of-books-sent-to-ai-woodchipper"
"France 24 (EN)";"EN";"2026-09-18";"French fishermen agree to lift southern port blockade after talks with minister over fuel prices";"https://france24.com/en/france/20260917-french-fishermen-blockade-ports-over-soaring-fuel-costs-as-budget-fight-looms"
"France 24 (EN)";"EN";"2026-09-18";"Zimbabwe farmers brace for El Niño by saving water";"https://france24.com/en/video/20260917-zimbabwe-farmers-brace-for-el-ni%C3%B1o-by-saving-water"
"France 24 (EN)";"EN";"2026-09-18";"Fear and broken families inside a Texas ICE detention centre";"https://france24.com/en/tv-shows/reporters/20260918-reporters-fear-and-broken-families-inside-a-texas-ice-detention-centre"
"France 24 (EN)";"EN";"2026-09-18";"The Canada-EU partnership 'a classic win-win situation', economist says";"https://france24.com/en/tv-shows/a-propos/20260917-the-canada-eu-partnership-a-classic-win-win-situation-economist-says"
"France 24 (EN)";"EN";"2026-09-18";"Hong Kong unveils first five-year plan to cement position as global financial hub";"https://france24.com/en/asia-pacific/20260916-hong-kong-unveils-first-five-year-plan-to-cement-position-as-global-financial-hub"
"France 24 (EN)";"EN";"2026-09-18";"China projecting image of 'stabilising force in world politics', expert says";"https://france24.com/en/tv-shows/a-propos/20260915-china-projecting-image-of-stabilising-force-in-world-politics-expert-says"
"France 24 (EN)";"EN";"2026-09-18";"Transforming Payments in the DRC: A Leap Towards a Digital Future";"https://france24.com/en/sponsored-content/20250923-transforming-payments-in-the-drc-a-leap-towards-a-digital-future"
"France 24 (EN)";"EN";"2026-09-18";"Africa's $88 billion solutions: How ATAF fights illicit financial flows";"https://france24.com/en/sponsored-content/20250108-africa-s-88-billion-solutions-how-ataf-fights-illicit-financial-flows"
"France 24 (EN)";"EN";"2026-09-18";"Burundi: innovative solutions to fight stunting in children";"https://france24.com/en/sponsored-content/20240122-burundi-innovative-solutions-to-fight-stunting-in-children"
"France 24 (EN)";"EN";"2026-09-18";"Child malnutrition in Burundi: concrete actions to help children";"https://france24.com/en/sponsored-content/20231215-child-malnutrition-in-burundi-concrete-actions-to-help-children"
"France 24 (EN)";"EN";"2026-09-18";"Interview of Anthony Ginter, President & CEO - WEO";"https://france24.com/en/sponsored-content/20230911-interview-of-anthony-ginter-president-ceo-weo"
"France 24 (EN)";"EN";"2026-09-18";"2026";"https://france24.com/en/archives/2026/01/"
"France 24 (EN)";"EN";"2026-09-18";"2025";"https://france24.com/en/archives/2025/01/"
"France 24 (EN)";"EN";"2026-09-18";"2024";"https://france24.com/en/archives/2024/01/"
"France 24 (EN)";"EN";"2026-09-18";"2023";"https://france24.com/en/archives/2023/01/"
"France 24 (EN)";"EN";"2026-09-18";"2022";"https://france24.com/en/archives/2022/01/"
"France 24 (EN)";"EN";"2026-09-18";"2021";"https://france24.com/en/archives/2021/01/"
"France 24 (EN)";"EN";"2026-09-18";"2020";"https://france24.com/en/archives/2020/01/"
"Le Monde (FR)";"FR";"2026-09-18";"Le Monde’s app";"https://www.lemonde.fr/en/about-us/article/2023/09/06/le-monde-in-english-now-available-on-our-mobile-app_6125308_115.html"
"Le Monde (FR)";"FR";"2026-09-18";"French deficit widens, PM Lecornu delays hopes to reach 5% of GDP in 2027";"https://www.lemonde.fr/en/politics/article/2026/09/18/budget-2027-deficit-widens-as-sebastien-lecornu-delays-fiscal-consolidation-by-one-year_6757649_5.html"
"Le Monde (FR)";"FR";"2026-09-18";"French PM aims to cut public spending by €54 billion in 2027 budget";"https://www.lemonde.fr/en/france/article/2026/09/17/france-pm-vows-to-reduce-deficit-but-denies-austerity_6757641_7.html"
"Le Monde (FR)";"FR";"2026-09-18";"Oil prices and rising interest rates push French public finances further into red";"https://www.lemonde.fr/en/politics/article/2026/09/15/oil-prices-and-rising-interest-rates-push-french-public-finances-further-into-red_6757548_5.html"
"Le Monde (FR)";"FR";"2026-09-18";"Trial of ex-minister in Renault corruption case kicks off despite absence of co-defendant Ghosn";"https://www.lemonde.fr/en/france/article/2026/09/18/trial-of-ex-minister-dati-in-renault-corruption-case-kicks-off-despite-absence-of-co-defendant-ghosn_6757661_7.html"
"Le Monde (FR)";"FR";"2026-09-18";"Eric Zemmour, far-right rival of Le Pen, joins French presidential race";"https://www.lemonde.fr/en/france/article/2026/09/18/far-right-pundit-eric-zemmour-joins-french-presidential-race_6757659_7.html"
"Le Monde (FR)";"FR";"2026-09-18";"In Russia, anti-war activists seek to resist Putin's electoral machine";"https://www.lemonde.fr/en/international/article/2026/09/18/in-russia-anti-war-activists-seek-to-resist-putin-s-electoral-machine_6757650_4.html"
"Le Monde (FR)";"FR";"2026-09-18";"Thierry Chopin, political scientist: 'Amid the current upheaval in international relations, Canada and the EU need to move closer together'";"https://www.lemonde.fr/en/opinion/article/2026/09/18/thierry-chopin-political-scientist-amid-the-current-upheaval-in-international-relations-canada-and-the-eu-need-to-move-closer-together_6757646_23.html"
"Le Monde (FR)";"FR";"2026-09-18";"European Heritage Days: 10 sites in France with a view";"https://www.lemonde.fr/en/culture/article/2026/09/18/european-heritage-days-10-sites-in-france-with-a-view_6757652_30.html"
"Le Monde (FR)";"FR";"2026-09-18";"Feature   Manon Rescan Subscribers onlyIn Camembert country, drought exhausts apples, livestock and people  While Normandy is not the region of France most affected by drought this year, the signs are tangible. It has raised questions about the future of cider and milk production.    7 min read";"https://www.lemonde.fr/en/economy/article/2026/09/18/in-camembert-country-drought-exhausts-apples-livestock-and-people_6757651_19.html"
"Le Monde (FR)";"FR";"2026-09-18";"Russia seizes assets of Nestlé and French firms Auchan and Leroy Merlin";"https://www.lemonde.fr/en/international/article/2026/09/18/russia-seizes-assets-of-french-firms-auchan-and-leroy-merlin_6757662_4.html"
"Le Monde (FR)";"FR";"2026-09-18";"French jihadists held in Iraq set to be tried from Sunday";"https://www.lemonde.fr/en/france/article/2026/09/18/french-jihadists-held-in-iraq-set-to-be-tried-from-sunday_6757658_7.html"
"Le Monde (FR)";"FR";"2026-09-18";"Sweden's far right blames its defeat on immigration";"https://www.lemonde.fr/en/international/article/2026/09/17/sweden-s-far-right-blames-its-defeat-on-immigration_6757636_4.html"
"Le Monde (FR)";"FR";"2026-09-18";"France arrests far-right policeman suspected of planning terror attack";"https://www.lemonde.fr/en/france/article/2026/09/18/france-arrests-far-right-policeman-suspected-of-planning-terror-attack_6757655_7.html"
"Le Monde (FR)";"FR";"2026-09-18";"US approves sale of 48 F-35 fighter jets to Saudi Arabia";"https://www.lemonde.fr/en/international/article/2026/09/18/us-approves-sale-of-48-f-35-fighter-jets-to-saudi-arabia_6757656_4.html"
"Le Monde (FR)";"FR";"2026-09-18";"Carrefour makes India comeback after 12-year absence";"https://www.lemonde.fr/en/economy/article/2026/09/18/carrefour-marks-major-comeback-in-india-after-12-year-absence_6757648_19.html"
"Le Monde (FR)";"FR";"2026-09-18";"Controversy after mock election votes for neo-Nazis at school attended by Swedish crown princess's children";"https://www.lemonde.fr/en/international/article/2026/09/17/controversy-after-mock-election-votes-for-neo-nazis-at-school-attended-by-swedish-crown-princess-s-children_6757644_4.html"
"Le Monde (FR)";"FR";"2026-09-18";"Clashes kill 26 people in disputed Sudan-South Sudan border";"https://www.lemonde.fr/en/le-monde-africa/article/2026/09/18/clashes-kill-26-people-in-disputed-sudan-south-sudan-border_6757653_124.html"
"Le Monde (FR)";"FR";"2026-09-18";"In Nigeria, 37 suspected illegal miners die in custody";"https://www.lemonde.fr/en/le-monde-africa/article/2026/09/18/thirty-seven-suspected-illegal-miners-died-while-in-custody_6757647_124.html"
"Le Monde (FR)";"FR";"2026-09-18";"'For the US authorities, the Taliban are reliable partners'";"https://www.lemonde.fr/en/international/article/2026/09/17/for-the-us-authorities-the-taliban-are-reliable-partners_6757637_4.html"
"Le Monde (FR)";"FR";"2026-09-18";"France to host two table tennis World Cups, building on Olympics momentum and Lebrun brothers";"https://www.lemonde.fr/en/sports/article/2026/09/17/france-to-host-two-table-tennis-world-cups-building-on-olympics-momentum-and-lebrun-brothers_6757629_9.html"
"Le Monde (FR)";"FR";"2026-09-18";"US allows Iranian delegation to attend UN assembly despite ongoing war";"https://www.lemonde.fr/en/international/article/2026/09/17/us-allows-iranian-delegation-to-attend-un-assembly-despite-ongoing-war_6757642_4.html"
"Le Monde (FR)";"FR";"2026-09-18";"Investigation   Ariane Chemin and  Guillaume Herbaut Subscribers onlyUncovering the lair of the 'Butcher of Bucha'  Russian Colonel Azatbek Omurbekov's men carried out massacres of Ukrainians in the Kyiv region in March 2022. Le Monde traced his presence to a school in a Ukrainian village near the capital, Andriivka, from where he gave his orders.    16 min read";"https://www.lemonde.fr/en/international/article/2026/09/17/war-in-ukraine-uncovering-the-lair-of-the-butcher-of-bucha_6757640_4.html"
"Le Monde (FR)";"FR";"2026-09-18";"In Depth   Philippe Jacqué and  Sophie Fay Subscribers onlyCanadian PM Carney sets out vision for alliance with EU  Ignoring threats from US President Donald Trump, Mark Carney praised the benefits of closer ties between his country and Europe in a speech at the European Parliament.    3 min read";"https://www.lemonde.fr/en/international/article/2026/09/17/canadian-pm-carney-sets-out-vision-for-alliance-with-eu_6757638_4.html"
"Le Monde (FR)";"FR";"2026-09-18";"Long Read   Clément Guillou Subscribers only'With the Le Pens, family always comes first': Marine Le Pen launches campaign surrounded by relatives and loyalists  Following the Le Pen tradition, the far-right candidate launched her fourth presidential campaign in the company of close friends and family members on Sunday. Supporters of the party's number two, Jordan Bardella, were sidelined or lost influence.    8 min read";"https://www.lemonde.fr/en/politics/article/2026/09/15/with-the-le-pens-family-always-comes-first-marine-le-pen-launches-campaign-surrounded-by-relatives-and-loyalists_6757536_5.html"
"Le Monde (FR)";"FR";"2026-09-18";"Editorial Europe is determined to protect itself   Le Monde";"https://www.lemonde.fr/en/international/article/2026/09/17/europe-is-determined-to-protect-itself_6757626_4.html"
"Le Monde (FR)";"FR";"2026-09-18";"Column Subscribe'Eco-anxiety is not only the result of the environmental crisis, but also stems from political inaction in the face of disaster'      Stéphane Foucart";"https://www.lemonde.fr/en/opinion/article/2026/09/14/eco-anxiety-is-not-only-the-result-of-the-environmental-crisis-but-also-stems-from-political-inaction-in-the-face-of-disaster_6757507_23.html"
"Le Monde (FR)";"FR";"2026-09-18";"Op-Ed SubscribeFrench PM Lecornu: 'We will put forward a multi-year plan to fight gender-based and sexual violence'      Sébastien Lecornu France's prime minister";"https://www.lemonde.fr/en/opinion/article/2026/09/15/french-pm-lecornu-we-will-put-forward-a-multi-year-plan-to-fight-gender-based-and-sexual-violence-starting-with-1-5-billion-in-2027_6757557_23.html"
"Le Monde (FR)";"FR";"2026-09-18";"Sweden's left wins slim majority in general election";"https://www.lemonde.fr/en/international/article/2026/09/17/sweden-s-left-wing-wins-slim-majority-in-general-election_6757628_4.html"
"Le Monde (FR)";"FR";"2026-09-18";"Carney welcomes proposal for Canada to be European Union's first associate member";"https://www.lemonde.fr/en/international/article/2026/09/17/carney-welcomes-european-union-offer-to-make-canada-first-associate-member_6757627_4.html"
"Le Monde (FR)";"FR";"2026-09-18";"War in Ukraine: Uncovering the lair of the 'Butcher of Bucha'";"https://www.lemonde.fr/en/international/article/2026/09/17/war-in-ukraine-uncovering-the-lair-of-the-butcher-of-bucha_6757640_4.html"
"Le Monde (FR)";"FR";"2026-09-18";"Canadian PM Carney sets out vision for alliance with EU";"https://www.lemonde.fr/en/international/article/2026/09/17/canadian-pm-carney-sets-out-vision-for-alliance-with-eu_6757638_4.html"
"Le Monde (FR)";"FR";"2026-09-18";"Decline of freshwater reserves has 'serious future implications,' UN body warns";"https://www.lemonde.fr/en/environment/article/2026/09/17/decline-of-freshwater-reserves-has-serious-future-implications-un-body-warns_6757625_114.html"
"Le Monde (FR)";"FR";"2026-09-18";"Canada-EU alliance plan 'not against anyone,' European Commision says after Trump threat";"https://www.lemonde.fr/en/international/article/2026/09/17/canada-eu-alliance-plan-not-against-anyone-european-commision-says-after-trump-threat_6757624_4.html"
"Le Monde (FR)";"FR";"2026-09-18";"'Minotaur,' France's Oscar pick: An unflinching portrait of a country's moral decay";"https://www.lemonde.fr/en/culture/article/2026/09/17/minotaur-france-s-oscar-pick-an-unflinching-portrait-of-a-country-s-moral-decay_6757630_30.html"
"Le Monde (FR)";"FR";"2026-09-18";"Europe is determined to protect itself";"https://www.lemonde.fr/en/international/article/2026/09/17/europe-is-determined-to-protect-itself_6757626_4.html"
"Le Monde (FR)";"FR";"2026-09-18";"Charte du Groupe";"https://www.lemonde.fr/actualite-medias/article/2010/11/03/la-charte-d-ethique-et-de-deontologie-du-groupe-le-monde_1434737_3236.html"
"Le Monde (FR)";"FR";"2026-09-18";"Group Policy";"https://www.lemonde.fr/en/about-us/article/2022/04/06/groupe-le-monde-s-code-of-ethics-and-professional-conduct_5979823_115.html"
"Le Monde (FR)";"FR";"2026-09-18";"RSS feed";"https://www.lemonde.fr/en/about-us/article/2026/03/27/le-monde-rss-feeds_6751860_115.html"
"RFI Afrique (FR)";"FR";"2026-09-18";"2026";"https://www.rfi.fr/fr/archives/2026/01/"
"RFI Afrique (FR)";"FR";"2026-09-18";"2025";"https://www.rfi.fr/fr/archives/2025/01/"
"RFI Afrique (FR)";"FR";"2026-09-18";"2024";"https://www.rfi.fr/fr/archives/2024/01/"
"RFI Afrique (FR)";"FR";"2026-09-18";"2023";"https://www.rfi.fr/fr/archives/2023/01/"
"RFI Afrique (FR)";"FR";"2026-09-18";"2022";"https://www.rfi.fr/fr/archives/2022/01/"
"RFI Afrique (FR)";"FR";"2026-09-18";"2021";"https://www.rfi.fr/fr/archives/2021/01/"
"RFI Afrique (FR)";"FR";"2026-09-18";"2020";"https://www.rfi.fr/fr/archives/2020/01/"
"RTL (FR)";"FR";"2026-09-18";"Politique";"https://rtl.fr/actu/politique"
"RTL (FR)";"FR";"2026-09-18";"International";"https://rtl.fr/actu/international"
"RTL (FR)";"FR";"2026-09-18";"Justice et faits divers";"https://rtl.fr/actu/justice-faits-divers"
"RTL (FR)";"FR";"2026-09-18";"Conso";"https://rtl.fr/actu/economie-consommation"
"RTL (FR)";"FR";"2026-09-18";"Food";"https://rtl.fr/actu/food"
"RTL (FR)";"FR";"2026-09-18";"Santé";"https://rtl.fr/actu/bien-etre"
"RTL (FR)";"FR";"2026-09-18";"Société";"https://rtl.fr/actu/debats-societe"
"RTL (FR)";"FR";"2026-09-18";"Tech";"https://rtl.fr/actu/sciences-tech"
"RTL (FR)";"FR";"2026-09-18";"Arts Spectacles";"https://rtl.fr/culture/arts-spectacles"
"RTL (FR)";"FR";"2026-09-18";"Ciné Séries";"https://rtl.fr/culture/cine-series"
"RTL (FR)";"FR";"2026-09-18";"Médias et people";"https://rtl.fr/culture/medias-people"
"RTL (FR)";"FR";"2026-09-18";"Musique";"https://rtl.fr/culture/musique"
"RTL (FR)";"FR";"2026-09-18";"Culture Générale";"https://rtl.fr/culture/culture-generale"
"RTL (FR)";"FR";"2026-09-18";"Humour";"https://rtl.fr/culture/humour"
"RTL (FR)";"FR";"2026-09-18";"Histoire";"https://rtl.fr/culture/histoire"
"RTL (FR)";"FR";"2026-09-18";"Football";"https://rtl.fr/sport/football"
"RTL (FR)";"FR";"2026-09-18";"Autres sports";"https://rtl.fr/sport/autres-sports"
"France Inter (FR)";"FR";"2026-09-18";"Maud Bregeon : ""Ce n'est pas un budget d'austérité"" mais un ""budget difficile dans une situation difficile""";"https://radiofrance.fr/franceinter/podcasts/le-8h20-du-week-end/le-grand-entretien-du-vendredi-18-septembre-2026-7700202"
"France Inter (FR)";"FR";"2026-09-18";"Aides sur le carburant et quotas de pêche : les pêcheurs lèvent leurs blocages après leur réunion avec Catherine Chabaud";"https://radiofrance.fr/franceinter/podcasts/l-info-de-france-inter/l-info-de-france-inter-3483039"
"France Inter (FR)";"FR";"2026-09-18";"L'info de France Inter";"https://radiofrance.fr/franceinter/podcasts/les-documents-france-inter"
"France Inter (FR)";"FR";"2026-09-18";"Samu Urgences de France appelle à ""agir"" pour ne pas revivre ""l'hiver 2025"" et ""l'été hors norme"" de cette année";"https://radiofrance.fr/franceinter/podcasts/l-invite-de-6h20/la-question-de-6h20-du-vendredi-18-septembre-2026-6715039"
"France Inter (FR)";"FR";"2026-09-18";"Le Canada va-t-il intégrer l'Union européenne ? ""Nous sommes plus forts ensemble"", selon le Premier ministre Mark Carney";"https://radiofrance.fr/franceinter/podcasts/l-info-de-france-inter/l-info-de-france-inter-8485756"
"France Inter (FR)";"FR";"2026-09-18";"La crue meurtrière au Népal a été causée par une instabilité géologique accentuée par le changement climatique";"https://radiofrance.fr/franceinter/podcasts/l-info-de-france-inter/la-crue-meurtriere-au-nepal-a-ete-causee-par-une-instabilite-geologique-accentuee-par-le-changement-climatique-8802756"
"France Inter (FR)";"FR";"2026-09-18";"Le RN a maintenu José Beaurain, un député soupçonné de détournement d'argent public, malgré des alertes internes";"https://radiofrance.fr/franceinter/podcasts/l-info-de-france-inter/derives-presumees-du-depute-jose-beaurain-des-alertes-internes-negligees-par-le-rn-4397309"
"France Inter (FR)";"FR";"2026-09-18";"""Un déchaînement d'atrocités"": Amnesty International accuse l'Iran de crimes contre l'humanité contre son peuple en 2022";"https://radiofrance.fr/franceinter/podcasts/l-info-de-france-inter/iran-9269895"
"France Inter (FR)";"FR";"2026-09-18";"Hommage à Catherine Ringer avec extraits d'interviews et de live sur Inter";"https://radiofrance.fr/franceinter/podcasts/hommage-a/hommage-a-catherine-ringer-du-mardi-15-septembre-2026-1005715"
"France Inter (FR)";"FR";"2026-09-18";"Loi intégrale : la députée Céline Thiébault-Martinez demande une ""clarification"" après les annonces de Sébastien Lecornu";"https://radiofrance.fr/franceinter/podcasts/l-info-de-france-inter/loi-integrale-la-deputee-celine-thiebault-martinez-demande-une-clarification-apres-les-annonces-de-sebastien-lecornu-7403791"
"France Inter (FR)";"FR";"2026-09-18";"Sébastien Lecornu dévoile ses pistes pour le budget et ""propose un effort de 54 milliards d'euros""";"https://radiofrance.fr/franceinter/podcasts/l-info-de-france-inter/l-info-de-france-inter-budget-6489542"
"France Inter (FR)";"FR";"2026-09-18";"Impôt sur le revenu : 13,8 millions de contribuables doivent encore régler un solde moyen de 1 798 euros pour 2025";"https://radiofrance.fr/franceinter/podcasts/l-info-de-france-inter/rattrapage-impots-2798871"
"France Inter (FR)";"FR";"2026-09-18";"L'invité de 6h20";"https://radiofrance.fr/franceinter/podcasts/l-invite-de-6h20"
"France Inter (FR)";"FR";"2026-09-18";"Mélanie Joly, ministre de l'Industrie du Canada : ""Ce partenariat avec l'Europe est basé sur notre histoire""";"https://radiofrance.fr/franceinter/podcasts/l-invite-du-13-14/l-invite-du-13-14-du-jeudi-17-septembre-2026-9613344"
"France Inter (FR)";"FR";"2026-09-18";"L'invité du 13/14";"https://radiofrance.fr/franceinter/podcasts/l-invite-du-13h00"
"France Inter (FR)";"FR";"2026-09-18";"Le journal de 08h00 du vendredi 18 septembre 2026";"https://radiofrance.fr/franceinter/podcasts/le-journal-de-8h/le-journal-de-08h00-du-vendredi-18-septembre-2026-7333911"
"France Inter (FR)";"FR";"2026-09-18";"Le journal de 8h";"https://radiofrance.fr/franceinter/podcasts/le-journal-de-8h"
"France Inter (FR)";"FR";"2026-09-18";"Lilia Hassaine";"https://radiofrance.fr/franceinter/podcasts/rien-ne-s-oppose-a-la-nuit/rien-ne-s-oppose-a-la-nuit-du-lundi-31-aout-2026-3444181"
"France Inter (FR)";"FR";"2026-09-18";"Yannick Haenel : ""La rupture, c'est le début de la vocation""";"https://radiofrance.fr/franceinter/podcasts/le-grand-portrait/le-grand-portrait-du-lundi-07-septembre-2026-9287050"
"France Inter (FR)";"FR";"2026-09-18";"""C'était ça ou mourir"" de Thelyson Orélien, exil et résilience";"https://radiofrance.fr/franceinter/podcasts/le-grand-portrait/le-grand-portrait-du-jeudi-03-septembre-2026-5280607"
"France Inter (FR)";"FR";"2026-09-18";"""Une éclaircie"" de Jean-Baptiste Del Amo : comment son corps a changé son regard sur le monde";"https://radiofrance.fr/franceinter/podcasts/l-invite-de-7h50-du-week-end/l-invite-de-7h50-du-we-du-dimanche-30-aout-2026-2767136"
"France Inter (FR)";"FR";"2026-09-18";"Jean-Philippe Toussaint publie ""La Hantise""";"https://radiofrance.fr/franceinter/podcasts/le-grand-atelier/le-grand-atelier-du-dimanche-30-aout-2026-1560875"
"France Inter (FR)";"FR";"2026-09-18";"Adèle Haenel pour son livre ""Viser juste"" : des mots pour penser le réel";"https://radiofrance.fr/franceinter/podcasts/totemic/totemic-du-vendredi-28-aout-2026-9167302"
"France Inter (FR)";"FR";"2026-09-18";"""À voix haute"" : l'enquête familiale de Polina Panassenko à l'époque de la Russie stalinienne a séduit Le Masque";"https://radiofrance.fr/franceinter/podcasts/le-masque-et-la-plume/a-voix-haute-de-polina-panassenko-2511870"
"France Inter (FR)";"FR";"2026-09-18";"""Ce qui nous frôle sous la surface"" de Colum McCann : le Masque a eu du mal à retenir sa respiration";"https://radiofrance.fr/franceinter/podcasts/le-masque-et-la-plume/ce-qui-nous-frole-sous-la-surface-de-colum-mccann-8357623"
"France Inter (FR)";"FR";"2026-09-18";"""Un sombre été"" de Vera Buck : un thriller au cœur d'un village fantôme de la Sardaigne";"https://radiofrance.fr/franceinter/podcasts/le-polar-sonne-toujours-2-fois/le-polar-sonne-toujours-2-fois-du-jeudi-27-aout-2026-8102938"
"France Inter (FR)";"FR";"2026-09-18";"""Ce n'est pas un budget d'austérité"" mais un ""budget difficile dans une situation difficile"", affirme Maud Bregeon";"https://radiofrance.fr/franceinter/podcasts/le-8h20-du-week-end/le-grand-entretien-du-vendredi-18-septembre-2026-7700202"
"France Inter (FR)";"FR";"2026-09-18";"Le 8h20 du week-end";"https://radiofrance.fr/franceinter/podcasts/l-invite-du-week-end"
"France Inter (FR)";"FR";"2026-09-18";"Recto-Verso";"https://radiofrance.fr/franceinter/podcasts/recto-verso"
"France Inter (FR)";"FR";"2026-09-18";"Le 6/9";"https://radiofrance.fr/franceinter/podcasts/le-6-9"
"France Inter (FR)";"FR";"2026-09-18";"Franc-jeu";"https://radiofrance.fr/franceinter/podcasts/franc-jeu"
"France Inter (FR)";"FR";"2026-09-18";"Franche culture";"https://radiofrance.fr/franceinter/podcasts/franche-culture"
"France Inter (FR)";"FR";"2026-09-18";"Les ailes de géant";"https://radiofrance.fr/franceinter/podcasts/les-ailes-de-geant"
"France Inter (FR)";"FR";"2026-09-18";"Le 18/20";"https://radiofrance.fr/franceinter/podcasts/le-18-20"
"France Inter (FR)";"FR";"2026-09-18";"C'est loin mais c'est beau";"https://radiofrance.fr/franceinter/podcasts/c-est-loin-mais-c-est-beau"
"France Inter (FR)";"FR";"2026-09-18";"Le Billet de Thomas Poitevin";"https://radiofrance.fr/franceinter/podcasts/vero-la-gestionnaire-de-communautes"
"France Inter (FR)";"FR";"2026-09-18";"Rien ne s'oppose à la nuit";"https://radiofrance.fr/franceinter/podcasts/rien-ne-s-oppose-a-la-nuit"
"France Inter (FR)";"FR";"2026-09-18";"La chronique de Samuel Jensky";"https://radiofrance.fr/franceinter/podcasts/la-chronique-de-samuel-jensky"
"France Inter (FR)";"FR";"2026-09-18";"La chronique de Camille Tissot";"https://radiofrance.fr/franceinter/podcasts/la-chronique-de-camille-tissot"
"France Inter (FR)";"FR";"2026-09-18";"Nos vies numériques";"https://radiofrance.fr/franceinter/podcasts/nos-vies-numeriques"
"France Inter (FR)";"FR";"2026-09-18";"La Revue de presse";"https://radiofrance.fr/franceinter/podcasts/la-revue-de-presse"
"France Inter (FR)";"FR";"2026-09-18";"Tout va trop vite";"https://radiofrance.fr/franceinter/podcasts/les-histoires-du-monde"
"France Inter (FR)";"FR";"2026-09-18";"Le Billet de Jessé";"https://radiofrance.fr/franceinter/podcasts/la-chronique-de-jesse"
"France Inter (FR)";"FR";"2026-09-18";"L'édito de Dov Alfon";"https://radiofrance.fr/franceinter/podcasts/dov-alfon-en-toute-subjectivite"
"France Inter (FR)";"FR";"2026-09-18";"Soft planète";"https://radiofrance.fr/franceinter/podcasts/soft-planete"
"France Inter (FR)";"FR";"2026-09-18";"Un jeudi soir sur la terre";"https://radiofrance.fr/franceinter/podcasts/un-jeudi-soir-sur-la-terre"
"France Inter (FR)";"FR";"2026-09-18";"Le petit carnet de campagne";"https://radiofrance.fr/franceinter/podcasts/petits-carnets-de-campagne"
"France Inter (FR)";"FR";"2026-09-18";"Chez la belle-famille";"https://radiofrance.fr/franceinter/podcasts/chez-la-belle-famille"
"France Inter (FR)";"FR";"2026-09-18";"En 1830, qu’allaient donc faire les Français en débarquant à Alger ?";"https://radiofrance.fr/franceinter/podcasts/serie-en-1830-qu-allaient-donc-faire-les-francais-en-debarquant-a-alger"
"France Inter (FR)";"FR";"2026-09-18";"Canicules";"https://radiofrance.fr/franceinter/podcasts/serie-canicules"
"France Inter (FR)";"FR";"2026-09-18";"Que s’est-il passé en Europe entre les XIVe et XVIe siècles pour qu’on ose parler de ""Renaissance""  ?";"https://radiofrance.fr/franceinter/podcasts/serie-que-s-est-il-passe-en-europe-entre-les-xive-et-xvie-siecles-pour-qu-on-ose-parler-de-renaissance"
"France Inter (FR)";"FR";"2026-09-18";"Masterclass autour de Jay-Z et de l’album ""The Blueprint""";"https://radiofrance.fr/franceinter/podcasts/masterclass-d-inter/les-masterclass-d-inter-du-vendredi-11-septembre-2026-5317913"
"France Inter (FR)";"FR";"2026-09-18";"The Cure en concert exceptionnel au festival Rock en Seine";"https://radiofrance.fr/franceinter/podcasts/les-concerts-d-inter/concert-inter-the-cure-3228788"
"France Inter (FR)";"FR";"2026-09-18";"""L'invitation"", ""Sham"" et ""La ligne bleue"" : les sorties ciné de la semaine";"https://radiofrance.fr/franceinter/podcasts/cine-mercredi/mercredi-cinema-du-mercredi-16-septembre-2026-4743308"
"France Inter (FR)";"FR";"2026-09-18";"Ciné mercredi";"https://radiofrance.fr/franceinter/podcasts/mercredi-cinema"
"France Inter (FR)";"FR";"2026-09-18";"""Les contrebandiers"", ""Histoires de la nuit"", ""L'invitation"", ""Sham"", quels films faut-il aller voir cette semaine ?";"https://radiofrance.fr/franceinter/podcasts/les-sorties-cinema-de-la-semaine/les-sorties-cinema-de-la-semaine-du-samedi-19-septembre-2026-3332448"
"France Inter (FR)";"FR";"2026-09-18";"Les sorties cinéma de la semaine";"https://radiofrance.fr/franceinter/podcasts/les-sorties-cinema-de-la-semaine"
"France Inter (FR)";"FR";"2026-09-18";"""La Vie d'une femme"", ""Les Survivants du Che"" et ""Pressure"" : les sorties ciné de la semaine";"https://radiofrance.fr/franceinter/podcasts/cine-mercredi/mercredi-cinema-du-mercredi-09-septembre-2026-2879160"
"France Inter (FR)";"FR";"2026-09-18";"Guerre civile en Birmanie : le récit de l'après-Aung San Suu Kyi";"https://radiofrance.fr/franceinter/podcasts/l-info-de-france-inter/guerre-civile-en-birmanie-le-recit-de-l-apres-aung-san-suu-kyi-4840303"
"France Inter (FR)";"FR";"2026-09-18";"Iyad Ag Ghali, le djihadiste qui défie le Mali";"https://radiofrance.fr/franceinter/podcasts/l-info-de-france-inter/iyad-ag-ghali-le-djihadiste-qui-defile-le-mali-4200074"
"France Inter (FR)";"FR";"2026-09-18";"Poutine, le tsar soviétique";"https://radiofrance.fr/franceinter/podcasts/serie-poutine-le-tsar-sovietique"
"France Inter (FR)";"FR";"2026-09-18";"Alfred Dreyfus, le combat de la République";"https://radiofrance.fr/franceinter/podcasts/serie-alfred-dreyfus-le-combat-de-la-republique"
"France Inter (FR)";"FR";"2026-09-18";"Simone de Beauvoir, itinéraire d'une jeune fille rangée";"https://radiofrance.fr/franceinter/podcasts/serie-simone-de-beauvoir-itineraire-d-une-jeune-fille-rangee"
"France Inter (FR)";"FR";"2026-09-18";"Sigmaringen, le crépuscule des bourreaux";"https://radiofrance.fr/franceinter/podcasts/serie-le-crepuscule-des-bourreaux"
"France Inter (FR)";"FR";"2026-09-18";"Mafia - Meurtres et trahisons : histoires de familles";"https://radiofrance.fr/franceinter/podcasts/serie-mafia-meurtres-et-trahisons-histoires-de-familles"
"France Inter (FR)";"FR";"2026-09-18";"Cache-cache";"https://radiofrance.fr/franceinter/podcasts/serie-cache-cache"
"France Inter (FR)";"FR";"2026-09-18";"C'est la rentrée des P'tits Bateaux";"https://radiofrance.fr/franceinter/podcasts/serie-c-est-la-rentree-des-p-tits-bateaux"
"France Inter (FR)";"FR";"2026-09-18";"Tina et les boucliers de Mars";"https://radiofrance.fr/franceinter/podcasts/serie-tina-et-les-boucliers-de-mars"
"France Inter (FR)";"FR";"2026-09-18";"Les aventures du professeur Caillou";"https://radiofrance.fr/franceinter/podcasts/les-aventures-du-professeur-caillou"
"France Inter (FR)";"FR";"2026-09-18";"Bestioles, nouveaux épisodes !";"https://radiofrance.fr/franceinter/podcasts/bestioles"
"France Inter (FR)";"FR";"2026-09-18";"Une histoire et... Oli, nouveaux épisodes !";"https://radiofrance.fr/franceinter/podcasts/une-histoire-et-oli"
"France Inter (FR)";"FR";"2026-09-18";"Les Odyssées, nouveaux épisodes !";"https://radiofrance.fr/franceinter/podcasts/les-odyssees"
"France Inter (FR)";"FR";"2026-09-18";"Mini vulgaire : les véhicules";"https://radiofrance.fr/franceinter/podcasts/serie-mini-vulgaire-les-vehicules"
"France Inter (FR)";"FR";"2026-09-18";"Chuchote-moi une histoire";"https://radiofrance.fr/franceinter/podcasts/chuchote-moi-une-histoire"
"France Inter (FR)";"FR";"2026-09-18";"L'invité : l’historien Jérôme Bimbenet";"https://radiofrance.fr/franceinter/podcasts/affaires-sensibles/affaires-sensibles-l-invite-du-jeudi-17-septembre-2026-2287183"
"France Inter (FR)";"FR";"2026-09-18";"Affaires sensibles";"https://radiofrance.fr/franceinter/podcasts/affaires-sensibles"
"France Inter (FR)";"FR";"2026-09-18";"Leni Riefenstahl, la cinéaste surdouée du régime nazi - Le récit";"https://radiofrance.fr/franceinter/podcasts/affaires-sensibles/affaires-sensibles-le-recit-du-jeudi-17-septembre-2026-5868363"
"France Inter (FR)";"FR";"2026-09-18";"Leni Riefenstahl, une cinéaste problématique - L'intégrale";"https://radiofrance.fr/franceinter/podcasts/affaires-sensibles/affaires-sensibles-du-jeudi-17-septembre-2026-2143729"
"France Inter (FR)";"FR";"2026-09-18";"L'invité : Lyes Louffok, militant pour les droits des enfants et membre du comité de vigilance des enfants placés.";"https://radiofrance.fr/franceinter/podcasts/affaires-sensibles/affaires-sensibles-l-invite-du-mercredi-16-septembre-2026-4623859"
"France Inter (FR)";"FR";"2026-09-18";"Le Masque et Patrick Modiano";"https://radiofrance.fr/franceinter/podcasts/serie-le-masque-et-patrick-modiano"
"France Inter (FR)";"FR";"2026-09-18";"Les concerts d'Inter";"https://radiofrance.fr/franceinter/podcasts/les-concerts-d-inter"
"France Inter (FR)";"FR";"2026-09-18";"Révélations";"https://radiofrance.fr/franceinter/podcasts/revelations"
"France Inter (FR)";"FR";"2026-09-18";"Afghanistan, le tourisme sans les femmes";"https://radiofrance.fr/franceinter/podcasts/interception/interception-du-dimanche-08-mars-2026-4136320"
"France Inter (FR)";"FR";"2026-09-18";"Taylor Swift, le monde, ma fille et moi";"https://radiofrance.fr/franceinter/podcasts/taylor-swift-le-monde-ma-fille-et-moi"
"France Inter (FR)";"FR";"2026-09-18";"Les déportés";"https://radiofrance.fr/franceinter/podcasts/serie-les-deportes"
"France Inter (FR)";"FR";"2026-09-18";"Etats-Unis : ce pays qui marie ses enfants";"https://radiofrance.fr/franceinter/podcasts/interception/interception-du-dimanche-05-mars-2023-8505277"
"France Inter (FR)";"FR";"2026-09-18";"Sur les traces d'Ousmane Dembélé";"https://radiofrance.fr/franceinter/podcasts/serie-sur-les-traces-d-ousmane-dembele"
"France Inter (FR)";"FR";"2026-09-18";"Collégiennes à vendre";"https://radiofrance.fr/franceinter/podcasts/interception/interception-du-dimanche-12-octobre-2025-2574397"
"France Inter (FR)";"FR";"2026-09-18";"Quel intérêt d'organiser une Fête du Sport un lundi ?";"https://radiofrance.fr/franceinter/podcasts/l-edito-sport/la-chronique-de-nathalie-iannetta-du-vendredi-18-septembre-2026-8784390"
"France Inter (FR)";"FR";"2026-09-18";"L'Édito sport";"https://radiofrance.fr/franceinter/podcasts/la-chronique-de-nathalie-iannetta"
"France Inter (FR)";"FR";"2026-09-18";"La presse en parle : l'ouverture de la chasse et la place des retraités dans les campagnes";"https://radiofrance.fr/franceinter/podcasts/la-revue-de-presse/la-revue-de-presse-du-vendredi-18-septembre-2026-3960123"
"France Inter (FR)";"FR";"2026-09-18";"""Parce que la vie est un cadeau, on n'a pas le droit de l'interrompre"" : les catholiques face à l'aide à mourir";"https://radiofrance.fr/franceinter/podcasts/le-grand-reportage-de-france-inter/le-grand-reportage-d-interception-du-vendredi-18-septembre-2026-8417555"
"France Inter (FR)";"FR";"2026-09-18";"Le Grand reportage de France Inter";"https://radiofrance.fr/franceinter/podcasts/le-zoom-de-la-redaction"
"France Inter (FR)";"FR";"2026-09-18";"Sommes-nous tous des personnages ?";"https://radiofrance.fr/franceinter/podcasts/les-punchlines-de-la-philo/les-punchlines-de-la-philo-du-vendredi-18-septembre-2026-3532722"
"France Inter (FR)";"FR";"2026-09-18";"La petite philosophie du quotidien";"https://radiofrance.fr/franceinter/podcasts/philosophie"
"France Inter (FR)";"FR";"2026-09-18";"La ciné-thérapie du regard";"https://radiofrance.fr/franceinter/podcasts/cine-therapie/cine-therapie-du-vendredi-18-septembre-2026-8837227"
"France Inter (FR)";"FR";"2026-09-18";"Ciné-thérapie";"https://radiofrance.fr/franceinter/podcasts/l-ami-e-du-vendredi"
"France Inter (FR)";"FR";"2026-09-18";"Le bonheur selon Laura Felpin";"https://radiofrance.fr/franceinter/podcasts/grand-bien-vous-fasse/grand-bien-vous-fasse-du-vendredi-18-septembre-2026-5153816"
"France Inter (FR)";"FR";"2026-09-18";"Grand bien vous fasse !";"https://radiofrance.fr/franceinter/podcasts/grand-bien-vous-fasse"
"France Inter (FR)";"FR";"2026-09-18";"Totémic avec Isabelle Adjani";"https://radiofrance.fr/franceinter/podcasts/totemic/totemic-du-vendredi-18-septembre-2026-7592429"
"France Inter (FR)";"FR";"2026-09-18";"Totémic";"https://radiofrance.fr/franceinter/podcasts/totemic"
"France Inter (FR)";"FR";"2026-09-18";"Totemic (partie 1) du vendredi 18 septembre 2026";"https://radiofrance.fr/franceinter/podcasts/totemic/totemic-partie-1-du-vendredi-18-septembre-2026-1953747"
"France Inter (FR)";"FR";"2026-09-18";"Totemic (partie 2) du vendredi 18 septembre 2026";"https://radiofrance.fr/franceinter/podcasts/totemic/totemic-partie-2-du-vendredi-18-septembre-2026-4645165"
"France Inter (FR)";"FR";"2026-09-18";"C'est comme ça...";"https://radiofrance.fr/franceinter/podcasts/le-billet-de-francois-morel/le-billet-de-francois-morel-du-vendredi-18-septembre-2026-9086686"
"France Inter (FR)";"FR";"2026-09-18";"Le Billet de François Morel";"https://radiofrance.fr/franceinter/podcasts/le-billet-de-francois-morel"
"France Inter (FR)";"FR";"2026-09-18";"Oui ou non, sommes-nous en guerre avec la Russie ?";"https://radiofrance.fr/franceinter/podcasts/geopolitique/geopolitique-du-vendredi-18-septembre-2026-3859091"
"France Inter (FR)";"FR";"2026-09-18";"Géopolitique";"https://radiofrance.fr/franceinter/podcasts/geopolitique"
"France Inter (FR)";"FR";"2026-09-18";"Israël-Palestine : ""Nous sommes complètement au point mort"", déplore Robert Malley, ancien haut fonctionnaire américain";"https://radiofrance.fr/franceinter/podcasts/l-invite-de-7h50/l-invite-de-7h50-du-we-du-vendredi-18-septembre-2026-4505143"
"France Inter (FR)";"FR";"2026-09-18";"L'invité de 7h50";"https://radiofrance.fr/franceinter/podcasts/l-invite-de-7h50-du-week-end"
"France Inter (FR)";"FR";"2026-09-18";"Décroche ou décroche pas : où en est l'économie française ?";"https://radiofrance.fr/franceinter/podcasts/l-edito-eco-vsd/l-economie-vue-par-du-vendredi-18-septembre-2026-2474095"
"France Inter (FR)";"FR";"2026-09-18";"L'édito éco VSD";"https://radiofrance.fr/franceinter/podcasts/l-economie-vue-par"
"France Inter (FR)";"FR";"2026-09-18";"Quitter Gmail, c'est possible!";"https://radiofrance.fr/franceinter/podcasts/tout-va-bien-dans-ce-monde/tout-va-bien-dans-ce-monde-du-jeudi-17-septembre-2026-8732210"
"France Inter (FR)";"FR";"2026-09-18";"Tout va bien dans ce monde";"https://radiofrance.fr/franceinter/podcasts/tout-va-bien-dans-ce-monde"
"France Inter (FR)";"FR";"2026-09-18";"Pesticides et cancers d'enfants : un lien avéré";"https://radiofrance.fr/franceinter/podcasts/la-terre-au-carre/la-terre-au-carre-du-jeudi-17-septembre-2026-7514198"
"France Inter (FR)";"FR";"2026-09-18";"La Terre au carré";"https://radiofrance.fr/franceinter/podcasts/la-terre-au-carre"
"France Inter (FR)";"FR";"2026-09-18";"Quand la fête de l'Humanité illustre les fractures profondes de la gauche";"https://radiofrance.fr/franceinter/podcasts/l-edito-politique-vsd/la-politique-vue-par-du-vendredi-18-septembre-2026-9020678"
"France Inter (FR)";"FR";"2026-09-18";"L'édito politique VSD";"https://radiofrance.fr/franceinter/podcasts/la-politique-vue-par"
"France Inter (FR)";"FR";"2026-09-18";"Avec un arbre généalogique infini, est-ce qu'on obtient qu'on est tous cousins ?";"https://radiofrance.fr/franceinter/podcasts/les-p-tits-bateaux/les-p-tits-bateaux-du-jeudi-17-septembre-2026-6782518"
"France Inter (FR)";"FR";"2026-09-18";"Les P'tits Bateaux";"https://radiofrance.fr/franceinter/podcasts/les-p-tits-bateaux"
"France Inter (FR)";"FR";"2026-09-18";"Pourquoi n'arrivons-nous pas à finir ?";"https://radiofrance.fr/franceinter/podcasts/grand-bien-vous-fasse/grand-bien-vous-fasse-du-jeudi-17-septembre-2026-3343032"
"France Inter (FR)";"FR";"2026-09-18";"Pourquoi les Minions ne parlent pas comme nous, et ont leur propre langue ?";"https://radiofrance.fr/franceinter/podcasts/les-p-tits-bateaux/les-p-tits-bateaux-du-mercredi-16-septembre-2026-7484923"
"France Inter (FR)";"FR";"2026-09-18";"Matthieu Lartot et la ""protéine mania""";"https://radiofrance.fr/franceinter/podcasts/franche-culture/franche-culture-du-jeudi-17-septembre-2026-2520328"
"France Inter (FR)";"FR";"2026-09-18";"Quand l’IA devient notre psy";"https://radiofrance.fr/franceinter/podcasts/le-pas-de-cote-de-sylvie-chokron/le-pas-de-cote-de-sylvie-chokron-du-mardi-15-septembre-2026-9258397"
"France Inter (FR)";"FR";"2026-09-18";"Le pas de côté de Sylvie Chokron";"https://radiofrance.fr/franceinter/podcasts/le-pas-de-cote-de-sylvie-chokron"
"France Inter (FR)";"FR";"2026-09-18";"Sommes-nous (encore) capables de valoriser nos inachèvements ?";"https://radiofrance.fr/franceinter/podcasts/recto-verso/recto-invite-3-du-samedi-12-septembre-2026-3279003"
"France Inter (FR)";"FR";"2026-09-18";"L'art de la solitude";"https://radiofrance.fr/franceinter/podcasts/a-mon-avis-par-nicolas-demorand/en-deux-mots-par-nicolas-demorand-du-samedi-12-septembre-2026-2933296"
"France Inter (FR)";"FR";"2026-09-18";"En deux mots";"https://radiofrance.fr/franceinter/podcasts/en-deux-mots"
"France Inter (FR)";"FR";"2026-09-18";"Cyclisme, la Haute-Savoie se prépare à un Mondial 2027 XXL · Bernard Hinault : ""Ils vont souffrir""";"https://radiofrance.fr/franceinter/podcasts/esprit-sport/esprit-sport-du-vendredi-18-septembre-2026-5896663"
"France Inter (FR)";"FR";"2026-09-18";"Esprit sport";"https://radiofrance.fr/franceinter/podcasts/esprit-sport"
"France Inter (FR)";"FR";"2026-09-18";"Kylian Mbappé sous le feu des critiques en Espagne et en France, à cause d'un maillot en soutien à la ville de Ceuta";"https://radiofrance.fr/franceinter/podcasts/l-info-de-france-inter/kylian-mbappe-sous-le-feu-des-critiques-en-espagne-et-en-france-a-cause-d-un-maillot-en-soutient-a-la-ville-de-ceuta-4514590"
"France Culture (FR)";"FR";"2026-09-18";"En Russie, la guerre au cœur d’élections législatives sous contrôle du Kremlin";"https://radiofrance.fr/franceculture/podcasts/les-enjeux-internationaux/en-russie-la-guerre-au-coeur-d-elections-legislatives-sous-controle-du-kremlin-9520118"
"France Culture (FR)";"FR";"2026-09-18";"Endométriose : l'analyse du sang menstruel pourrait simplifier le diagnostic";"https://radiofrance.fr/franceculture/podcasts/avec-sciences/endometriose-l-analyse-du-sang-menstruel-pourrait-simplifier-le-diagnostic-4223466"
"France Culture (FR)";"FR";"2026-09-18";"Annie Ernaux : ""Vivre et écrire est pour moi très synonyme""";"https://radiofrance.fr/franceculture/podcasts/l-invite-e-des-matins/vivre-et-ecrire-est-pour-moi-tres-synonyme-annie-ernaux-est-l-invitee-des-matins-5480289"
"France Culture (FR)";"FR";"2026-09-18";"Ormuz, une onde de choc mondiale sur les marchés de l'énergie";"https://radiofrance.fr/franceculture/podcasts/le-journal-de-l-eco/ormuz-une-onde-de-choc-mondiale-sur-les-marches-de-l-energie-2532544"
"France Culture (FR)";"FR";"2026-09-18";"Le Journal de l'éco";"https://radiofrance.fr/franceculture/podcasts/le-journal-de-l-eco"
"France Culture (FR)";"FR";"2026-09-18";"L’Etat a-t-il encore les moyens d’affronter la crise qui vient ?";"https://radiofrance.fr/franceculture/podcasts/questions-du-soir-le-debat/l-etat-a-t-il-encore-les-moyens-d-affronter-la-crise-qui-vient-9854243"
"France Culture (FR)";"FR";"2026-09-18";"Russie : les élections et la guerre";"https://radiofrance.fr/franceculture/podcasts/affaires-etrangeres/russie-les-elections-et-la-guerre-6279532"
"France Culture (FR)";"FR";"2026-09-18";"L'École normale supérieure est-elle sous influence ?";"https://radiofrance.fr/franceculture/podcasts/le-reportage-de-la-redaction/l-ecole-normale-superieure-est-elle-sous-influence-6689404"
"France Culture (FR)";"FR";"2026-09-18";"Violences sexistes et sexuelles : la France en retard sur le droit européen";"https://radiofrance.fr/franceculture/podcasts/les-chantiers-de-la-recherche/violences-sexistes-et-sexuelles-la-france-en-retard-sur-le-droit-europeen-8049847"
"France Culture (FR)";"FR";"2026-09-18";"De la guerre de Troie à l’invasion de l’Ukraine : une histoire de la violence";"https://radiofrance.fr/franceculture/podcasts/l-invite-e-des-matins/de-la-guerre-de-troie-a-l-invasion-de-l-ukraine-une-histoire-de-la-violence-3232290"
"France Culture (FR)";"FR";"2026-09-18";"Que dit Céline Dion de notre rapport à la célébrité ?";"https://radiofrance.fr/franceculture/podcasts/questions-du-soir-l-idee/que-dit-celine-dion-de-notre-rapport-a-la-celebrite-7337954"
"France Culture (FR)";"FR";"2026-09-18";"Moi aussi je vais partir";"https://radiofrance.fr/franceculture/podcasts/la-serie-fiction/moi-aussi-je-vais-partir-5776230"
"France Culture (FR)";"FR";"2026-09-18";"Fonctionnement du pouvoir en Corée du Nord et traitement des déchets en Corée du Sud";"https://radiofrance.fr/franceculture/podcasts/la-revue-de-presse-internationale/la-revue-de-presse-internationale-emission-du-vendredi-18-septembre-2026-4077921"
"France Culture (FR)";"FR";"2026-09-18";"La Revue de presse internationale";"https://radiofrance.fr/franceculture/podcasts/revue-de-presse-internationale"
"France Culture (FR)";"FR";"2026-09-18";"Les Enjeux internationaux";"https://radiofrance.fr/franceculture/podcasts/les-enjeux-internationaux"
"France Culture (FR)";"FR";"2026-09-18";"Photographie : dans les coulisses du fort de Saint-Cyr, incroyable temple de conservation de millions de clichés";"https://radiofrance.fr/franceculture/podcasts/l-info-culturelle-reportages-enquetes-analyses/photographie-dans-les-coulisses-du-fort-de-saint-cyr-incroyable-temple-de-conservation-de-millions-de-cliches-8668697"
"France Culture (FR)";"FR";"2026-09-18";"L'Info culturelle : reportages, enquêtes, analyses";"https://radiofrance.fr/franceculture/podcasts/l-actualite-culturelle-reportages-enquetes-analyses"
"France Culture (FR)";"FR";"2026-09-18";"Journal de 8h45";"https://radiofrance.fr/franceculture/podcasts/journal-de-8h45"
"France Culture (FR)";"FR";"2026-09-18";"Tuer la mère, sauver sa peau, avec Louise Chennevière";"https://radiofrance.fr/franceculture/podcasts/le-book-club/tuer-la-mere-sauver-sa-peau-avec-louise-chenneviere-3624540"
"France Culture (FR)";"FR";"2026-09-18";"Phœbe Hadjimarkos Clarke, écrivaine : “Il m’est impossible d’écrire un roman sans fantastique déguisé”";"https://radiofrance.fr/franceculture/podcasts/les-midis-de-culture-l-invite-e/phoebe-hadjimarkos-clarke-traverse-les-frontieres-avec-le-livre-des-souterrains-1020724"
"France Culture (FR)";"FR";"2026-09-18";"L'or du démon : rencontre avec Ian McGuire";"https://radiofrance.fr/franceculture/podcasts/mauvais-genres/l-or-du-demon-rencontre-avec-ian-mcguire-9391974"
"France Culture (FR)";"FR";"2026-09-18";"Kae Tempest : retour au roman";"https://radiofrance.fr/franceculture/podcasts/le-book-club/kae-tempest-retour-au-roman-2794282"
"France Culture (FR)";"FR";"2026-09-18";"""Nous aussi"" d'Anne Godard : la force du ""on""";"https://radiofrance.fr/franceculture/podcasts/le-regard-culturel/le-regard-culturel-chronique-du-mercredi-09-septembre-2026-5280197"
"France Culture (FR)";"FR";"2026-09-18";"Antoine Volodine et les 11 romans d'Infernus Johannes : le post-exotisme, bouquet final";"https://radiofrance.fr/franceculture/podcasts/mauvais-genres/operation-volodine-le-post-exotisme-bouquet-final-1076220"
"France Culture (FR)";"FR";"2026-09-18";"""Debout dans tes rêves"" d'Abdellah Taïa, une histoire d'amitié";"https://radiofrance.fr/franceculture/podcasts/le-book-club/promesses-avec-abdellah-taia-4947356"
"France Culture (FR)";"FR";"2026-09-18";"""Mais que fait ce sang sur le pull de Jennifer ?"" de Lucie Rico, ou l’obsession d’une phrase inachevée";"https://radiofrance.fr/franceculture/podcasts/le-book-club/lucie-rico-ou-l-obsession-d-une-phrase-inachevee-4284547"
"France Culture (FR)";"FR";"2026-09-18";"Écrire l’inceste selon Daria Marx dans ""Tuer le vieux""";"https://radiofrance.fr/franceculture/podcasts/les-midis-de-culture/tuer-le-vieux-ecrire-l-inceste-selon-daria-marx-8396852"
"France Culture (FR)";"FR";"2026-09-18";"Premier roman : ""Abdallah Superstar"", un conte électro entre la France et Djibouti";"https://radiofrance.fr/franceculture/podcasts/l-invite-e-des-matins-d-ete/abdallah-superstar-un-conte-electro-entre-la-france-et-djibouti-3189093"
"France Culture (FR)";"FR";"2026-09-18";"""Septentrionale"" de Karim Kattan, sur les routes de Palestine";"https://radiofrance.fr/franceculture/podcasts/l-invite-e-des-matins-d-ete/l-invite-e-des-matins-emission-du-lundi-24-aout-2026-8878108"
"France Culture (FR)";"FR";"2026-09-18";"Budget : Sébastien Lecornu est-il kamikaze ?";"https://radiofrance.fr/franceculture/podcasts/le-billet-politique/budget-sebastien-lecornu-est-il-kamikaze-6162592"
"France Culture (FR)";"FR";"2026-09-18";"Le Billet politique";"https://radiofrance.fr/franceculture/podcasts/le-billet-politique"
"France Culture (FR)";"FR";"2026-09-18";"Les Clés de l'enfance";"https://radiofrance.fr/franceculture/podcasts/des-cles-de-l-education"
"France Culture (FR)";"FR";"2026-09-18";"Classe créative : le manager de la semaine";"https://radiofrance.fr/franceculture/podcasts/classe-creative-le-manager-de-la-semaine"
"France Culture (FR)";"FR";"2026-09-18";"Les Mystères des lieux";"https://radiofrance.fr/franceculture/podcasts/les-mysteres-des-lieux"
"France Culture (FR)";"FR";"2026-09-18";"Le Point culture XXL : l'agenda";"https://radiofrance.fr/franceculture/podcasts/le-point-culture-xxl-l-agenda"
"France Culture (FR)";"FR";"2026-09-18";"Au nom du droit";"https://radiofrance.fr/franceculture/podcasts/au-nom-du-droit"
"France Culture (FR)";"FR";"2026-09-18";"Questions du soir : le débat";"https://radiofrance.fr/franceculture/podcasts/le-temps-du-debat"
"France Culture (FR)";"FR";"2026-09-18";"Les Midis de Culture";"https://radiofrance.fr/franceculture/podcasts/les-midis-de-culture"
"France Culture (FR)";"FR";"2026-09-18";"Avec philosophie";"https://radiofrance.fr/franceculture/podcasts/avec-philosophie"
"France Culture (FR)";"FR";"2026-09-18";"Le Point idées : le journal des sciences sociales";"https://radiofrance.fr/franceculture/podcasts/le-point-idees"
"France Culture (FR)";"FR";"2026-09-18";"Les Matins";"https://radiofrance.fr/franceculture/podcasts/les-matins"
"France Culture (FR)";"FR";"2026-09-18";"Questions du soir : l'idée";"https://radiofrance.fr/franceculture/podcasts/l-idee-questions-du-soir"
"France Culture (FR)";"FR";"2026-09-18";"La Science, CQFD";"https://radiofrance.fr/franceculture/podcasts/la-science-cqfd"
"France Culture (FR)";"FR";"2026-09-18";"Photographie, objectif patrimoine";"https://radiofrance.fr/franceculture/podcasts/serie-photographie-objectif-patrimoine"
"France Culture (FR)";"FR";"2026-09-18";"Banier, pour quelques millions de plus";"https://radiofrance.fr/franceculture/podcasts/serie-banier-pour-quelques-millions-de-plus"
"France Culture (FR)";"FR";"2026-09-18";"Prévenir le suicide";"https://radiofrance.fr/franceculture/podcasts/serie-prevenir-le-suicide"
"France Culture (FR)";"FR";"2026-09-18";"""L'Enfer"" de Dante, voyage au centre de soi-même";"https://radiofrance.fr/franceculture/podcasts/serie-l-enfer-de-dante"
"France Culture (FR)";"FR";"2026-09-18";"En campagne";"https://radiofrance.fr/franceculture/podcasts/serie-en-campagne"
"France Culture (FR)";"FR";"2026-09-18";"Genève, Venise, Nice, Paris — Le Bon Plaisir de Michel Butor";"https://radiofrance.fr/franceculture/podcasts/le-bon-plaisir/geneve-venise-nice-paris-le-bon-plaisir-de-michel-butor-8894475"
"France Culture (FR)";"FR";"2026-09-18";"""Le Grand Monde"" de Pierre Lemaitre";"https://radiofrance.fr/franceculture/podcasts/serie-le-grand-monde-de-pierre-lemaitre"
"France Culture (FR)";"FR";"2026-09-18";"Religieuses, des histoires de sœurs";"https://radiofrance.fr/franceculture/podcasts/serie-religieuses-des-histoires-de-soeurs"
"France Culture (FR)";"FR";"2026-09-18";"L'Instant poésie de Séphora Pondi";"https://radiofrance.fr/franceculture/podcasts/serie-l-instant-poesie-de-sephora-pondi"
"France Culture (FR)";"FR";"2026-09-18";"""La Vie d'une femme"" : pas vraiment au bord de la crise de nerfs";"https://radiofrance.fr/franceculture/podcasts/le-regard-culturel/le-regard-culturel-chronique-du-jeudi-10-septembre-2026-9950081"
"France Culture (FR)";"FR";"2026-09-18";"Le Regard culturel";"https://radiofrance.fr/franceculture/podcasts/la-critique"
"France Culture (FR)";"FR";"2026-09-18";"L'Ardèche, le temps des communautés";"https://radiofrance.fr/franceculture/podcasts/serie-l-ardeche-le-temps-des-communautes"
"France Culture (FR)";"FR";"2026-09-18";"Au pays des songes, 2001-2026 (Israël-Palestine, archives oniriques)";"https://radiofrance.fr/franceculture/podcasts/serie-au-pays-des-songes-2001-2026-israel-palestine-archives-oniriques"
"France Culture (FR)";"FR";"2026-09-18";"François d'Assise, la sainteté est un sport de combat";"https://radiofrance.fr/franceculture/podcasts/serie-francois-d-assise-la-saintete-est-un-sport-de-combat"
"France Culture (FR)";"FR";"2026-09-18";"Les 2Be3 : étoiles filantes";"https://radiofrance.fr/franceculture/podcasts/serie-les-2be3-etoiles-filantes"
"France Culture (FR)";"FR";"2026-09-18";"Verdun 1916, au cœur d'une guerre totale";"https://radiofrance.fr/franceculture/podcasts/serie-verdun-1916-au-coeur-d-une-guerre-totale"
"France Culture (FR)";"FR";"2026-09-18";"La Joconde sort du silence";"https://radiofrance.fr/franceculture/podcasts/serie-la-joconde-sort-du-silence"
"France Culture (FR)";"FR";"2026-09-18";"Troubles dys : des vies à inventer";"https://radiofrance.fr/franceculture/podcasts/serie-troubles-dys-des-vies-a-inventer"
"France Culture (FR)";"FR";"2026-09-18";"Habiba Msika (1903-1930), une artiste libre aux multiples talents";"https://radiofrance.fr/franceculture/podcasts/toute-une-vie/habiba-msika-une-artiste-libre-aux-multiples-talents-6978561"
"France Culture (FR)";"FR";"2026-09-18";"Hans le Malin, le cheval qui savait lire et compter";"https://radiofrance.fr/franceculture/podcasts/serie-hans-le-malin-le-cheval-qui-savait-lire-et-compter"
"France Culture (FR)";"FR";"2026-09-18";"Les ultras de la collaboration";"https://radiofrance.fr/franceculture/podcasts/serie-les-ultras-de-la-collaboration"
"France Culture (FR)";"FR";"2026-09-18";"Catholiques de France, la tentation radicale";"https://radiofrance.fr/franceculture/podcasts/serie-catholiques-de-france-la-tentation-radicale"
"France Culture (FR)";"FR";"2026-09-18";"L'effet chat";"https://radiofrance.fr/franceculture/podcasts/serie-l-effet-chat"
"France Culture (FR)";"FR";"2026-09-18";"La trilogie des ""J'ai trop..."" de David Lescot";"https://radiofrance.fr/franceculture/podcasts/serie-la-trilogie-des-j-ai-trop-de-david-lescot"
"France Culture (FR)";"FR";"2026-09-18";"""Les Malheurs de Sophie, une comédie musicale"" de Sabine Zovighian et Michael Liot - Saison 2";"https://radiofrance.fr/franceculture/podcasts/serie-les-malheurs-de-sophie-une-comedie-musicale-de-sabine-zovighian-et-michael-liot-saison-2"
"France Culture (FR)";"FR";"2026-09-18";"""Le Petit Chaperon rouge"" de Pierre Senges, d’après le conte de Charles Perrault";"https://radiofrance.fr/franceculture/podcasts/fictions-theatre-et-cie/le-petit-chaperon-rouge-concert-fiction-de-pierre-senges-d-apres-le-conte-de-charles-perrault-1991892"
"France Culture (FR)";"FR";"2026-09-18";"Le Trésor de Rackham le Rouge : les Aventures de Tintin";"https://radiofrance.fr/franceculture/podcasts/serie-le-tresor-de-rackham-le-rouge-les-aventures-de-tintin"
"France Culture (FR)";"FR";"2026-09-18";"Alzheimer : comment faire face ?";"https://radiofrance.fr/franceculture/podcasts/serie-alzheimer-comment-faire-face"
"France Culture (FR)";"FR";"2026-09-18";"Fiction Lab";"https://radiofrance.fr/franceculture/podcasts/fictions-samedi-noir"
"France Culture (FR)";"FR";"2026-09-18";"LSD, la série documentaire";"https://radiofrance.fr/franceculture/podcasts/lsd-la-serie-documentaire"
"France Culture (FR)";"FR";"2026-09-18";"L'Instant poésie";"https://radiofrance.fr/franceculture/podcasts/l-instant-poesie"
"France Culture (FR)";"FR";"2026-09-18";"Des tatouages particuliers";"https://radiofrance.fr/franceculture/podcasts/les-pieds-sur-terre/des-tatouages-particuliers-4256770"
"France Culture (FR)";"FR";"2026-09-18";"Les Pieds sur terre";"https://radiofrance.fr/franceculture/podcasts/les-pieds-sur-terre"
"France Culture (FR)";"FR";"2026-09-18";"Tous égaux quand on a chaud ?";"https://radiofrance.fr/franceculture/podcasts/les-pieds-sur-terre/tous-egaux-quand-on-a-chaud-4385604"
"France Culture (FR)";"FR";"2026-09-18";"Les nouveaux réservistes";"https://radiofrance.fr/franceculture/podcasts/les-pieds-sur-terre/les-nouveaux-reservistes-7883240"
"France Culture (FR)";"FR";"2026-09-18";"Le bal du collège de Plestin-les-Grèves 2";"https://radiofrance.fr/franceculture/podcasts/les-pieds-sur-terre/le-bal-du-college-de-plestin-les-greves-2-1684626"
"France Culture (FR)";"FR";"2026-09-18";"Héroïne, le temps des seringues";"https://radiofrance.fr/franceculture/podcasts/serie-heroine-le-temps-des-seringues"
"France Culture (FR)";"FR";"2026-09-18";"Même pas mort";"https://radiofrance.fr/franceculture/podcasts/serie-meme-pas-mort"
"France Culture (FR)";"FR";"2026-09-18";"""Les Eloignés"" de Sophie Maurer";"https://radiofrance.fr/franceculture/podcasts/serie-les-eloignes-de-sophie-maurer"
"France Culture (FR)";"FR";"2026-09-18";"Vie de chien";"https://radiofrance.fr/franceculture/podcasts/serie-vie-de-chien"
"France Culture (FR)";"FR";"2026-09-18";"Mes années Boum, une enquête algérienne";"https://radiofrance.fr/franceculture/podcasts/serie-mes-annees-boum-une-enquete-algerienne"
"France Culture (FR)";"FR";"2026-09-18";"Concert-fiction : Blanche-Neige & sortilèges";"https://radiofrance.fr/franceculture/podcasts/fictions-theatre-et-cie/concert-fiction-blanche-neige-sortileges-3143340"
"France Culture (FR)";"FR";"2026-09-18";"Le journal de ma vie";"https://radiofrance.fr/franceculture/podcasts/serie-le-journal-de-ma-vie"
"France Culture (FR)";"FR";"2026-09-18";"""L'Homme invisible"" de H. G. Wells";"https://radiofrance.fr/franceculture/podcasts/serie-l-homme-invisible-de-h-g-wells"
"France Culture (FR)";"FR";"2026-09-18";"""AfficheTonEx"" de Romain Weber et Constance Vilanova";"https://radiofrance.fr/franceculture/podcasts/serie-affichetonex-ecrit-par-romain-weber"
"France Culture (FR)";"FR";"2026-09-18";"Fureurs";"https://radiofrance.fr/franceculture/podcasts/serie-fureurs"
"France Culture (FR)";"FR";"2026-09-18";"Le regard culturel, chronique du vendredi 18 septembre 2026";"https://radiofrance.fr/franceculture/podcasts/le-regard-culturel/le-regard-culturel-chronique-du-vendredi-18-septembre-2026-9708140"
"France Culture (FR)";"FR";"2026-09-18";"Elle a relooké les billets en euro, la designeuse Isabelle Daëron";"https://radiofrance.fr/franceculture/podcasts/comme-personne/elle-a-relooke-les-billets-en-euro-la-designeuse-isabelle-daeron-4310662"
"France Culture (FR)";"FR";"2026-09-18";"Comme personne";"https://radiofrance.fr/franceculture/podcasts/comme-personne"
"France Culture (FR)";"FR";"2026-09-18";"Avec sciences";"https://radiofrance.fr/franceculture/podcasts/le-journal-des-sciences"
"France Culture (FR)";"FR";"2026-09-18";"Médaille d'or du CNRS : rencontre avec la physicienne Jacqueline Bloch, piégeuse de lumière";"https://radiofrance.fr/franceculture/podcasts/l-info-de-france-culture/medaille-d-or-2026-du-cnrs-rencontre-avec-la-physicienne-jacqueline-bloch-piegeuse-de-lumiere-1638695"
"France Culture (FR)";"FR";"2026-09-18";"L'Info de France Culture";"https://radiofrance.fr/franceculture/podcasts/l-info-de-france-culture"
"France Culture (FR)";"FR";"2026-09-18";"À quand la prochaine éruption à La Palma ?";"https://radiofrance.fr/franceculture/podcasts/grand-reportage/a-quand-la-prochaine-eruption-a-la-palma-8646960"
"France Culture (FR)";"FR";"2026-09-18";"Grand Reportage";"https://radiofrance.fr/franceculture/podcasts/grand-reportage"
"France Culture (FR)";"FR";"2026-09-18";"La Disparition de Perec et de Donald J. Trump";"https://radiofrance.fr/franceculture/podcasts/la-chronique-du-grand-continent/la-chronique-du-grand-continent-chronique-du-vendredi-18-septembre-2026-4549735"
"France Culture (FR)";"FR";"2026-09-18";"La Chronique du Grand Continent";"https://radiofrance.fr/franceculture/podcasts/la-chronique-du-grand-continent"
"France Culture (FR)";"FR";"2026-09-18";"Édouard Louis sur ""Les naufragés et les rescapés : Quarante ans après Auschwitz"" de Primo Levi";"https://radiofrance.fr/franceculture/podcasts/le-souffle-de-la-pensee/edouard-louis-sur-les-naufrages-et-les-rescapes-quarante-ans-apres-auschwitz-de-primo-levi-7159952"
"France Culture (FR)";"FR";"2026-09-18";"Le Souffle de la pensée";"https://radiofrance.fr/franceculture/podcasts/le-souffle-de-la-pensee"
"France Culture (FR)";"FR";"2026-09-18";"Barbès, Blanqui et les autres";"https://radiofrance.fr/franceculture/podcasts/les-mysteres-des-lieux/barbes-blanqui-et-les-autres-4873928"
"France Culture (FR)";"FR";"2026-09-18";"Une abbaye devenue prison";"https://radiofrance.fr/franceculture/podcasts/les-mysteres-des-lieux/une-abbaye-devenue-prison-4331240"
"France Culture (FR)";"FR";"2026-09-18";"Le patrimoine en construction dans l’œil des photographes";"https://radiofrance.fr/franceculture/podcasts/les-chantiers-de-la-recherche/paris-transforme-dans-l-oeil-des-photographes-a-l-occasion-des-journees-europeennes-du-patrimoine-1001815"
"France Culture (FR)";"FR";"2026-09-18";"Les Chantiers de la recherche";"https://radiofrance.fr/franceculture/podcasts/les-chantiers-de-la-recherche"
"France Culture (FR)";"FR";"2026-09-18";"La nouvelle carte de l’île de La Palma";"https://radiofrance.fr/franceculture/podcasts/grand-reportage/la-nouvelle-carte-de-l-ile-de-la-palma-5705914"
"France Culture (FR)";"FR";"2026-09-18";"Camille, auteure-compositrice-interprète : “La voix et le cœur qui bat sont les premiers instruments”";"https://radiofrance.fr/franceculture/podcasts/les-midis-de-culture-l-invite-e/la-chanteuse-camille-revient-avec-un-nouvel-album-the-sound-of-milk-fresque-intime-et-universelle-3595210"
"France Culture (FR)";"FR";"2026-09-18";"Les Midis de Culture : l'invité(e)";"https://radiofrance.fr/franceculture/podcasts/les-midis-de-culture-l-invite"
"France Culture (FR)";"FR";"2026-09-18";"Les expositions de mode, nouveau blockbuster muséal ?";"https://radiofrance.fr/franceculture/podcasts/le-point-culture/les-midis-de-culture-le-point-culture-emission-du-jeudi-17-septembre-2026-3266823"
"France Culture (FR)";"FR";"2026-09-18";"Le Point culture";"https://radiofrance.fr/franceculture/podcasts/affaire-en-cours"
"France Culture (FR)";"FR";"2026-09-18";"Pourquoi les vieux arbres creux tiennent toujours debout";"https://radiofrance.fr/franceculture/podcasts/le-fil-sciences/pourquoi-les-vieux-arbres-creux-tiennent-toujours-debout-5450608"
"France Culture (FR)";"FR";"2026-09-18";"Le Fil sciences";"https://radiofrance.fr/franceculture/podcasts/le-fil-science"
"France Culture (FR)";"FR";"2026-09-18";"Le monde à table";"https://radiofrance.fr/franceculture/podcasts/les-bonnes-choses/le-monde-a-table-2814462"
"France Culture (FR)";"FR";"2026-09-18";"Les Bonnes Choses";"https://radiofrance.fr/franceculture/podcasts/les-bonnes-choses"
"France Culture (FR)";"FR";"2026-09-18";"L'évolution du patrimoine dans l'œil des photographes / Élections législatives en Russie / L'entretien d'Annie Ernaux";"https://radiofrance.fr/franceculture/podcasts/les-matins/l-evolution-du-patrimoine-dans-l-oeil-des-photographes-elections-legislatives-en-russie-l-entretien-d-annie-ernaux-1157052"
"France Culture (FR)";"FR";"2026-09-18";"Les épidémies, fléau social";"https://radiofrance.fr/franceculture/podcasts/les-nuits-de-france-culture/les-epidemies-fleau-social-7025298"
"France Culture (FR)";"FR";"2026-09-18";"Les Nuits de France Culture";"https://radiofrance.fr/franceculture/podcasts/les-nuits-de-france-culture"
"ARTE (FR)";"FR";"2026-09-18";"Guide TV";"https://www.arte.tv/fr/guide/"
"ARTE (FR)";"FR";"2026-09-18";"[Vidéo/Article] Silicon Fucking Valley";"https://www.arte.tv/fr/videos/RC-025898/silicon-fucking-valley/"
"ARTE (FR)";"FR";"2026-09-18";"Silicon Fucking ValleyUne série documentaire sur la vallée de la techUne plongée sans filtre dans la Silicon Valley, guidée par Luc Julia, co-créateur de l’assistant vocal Siri.Documentaire";"https://www.arte.tv/fr/videos/RC-025898/silicon-fucking-valley/"
"ARTE (FR)";"FR";"2026-09-18";"Regarder";"https://www.arte.tv/fr/videos/RC-025898/silicon-fucking-valley/"
"ARTE (FR)";"FR";"2026-09-18";"Info";"https://www.arte.tv/fr/videos/info-et-societe/"
"ARTE (FR)";"FR";"2026-09-18";"Documentaires";"https://www.arte.tv/fr/videos/documentaires-et-reportages/"
"ARTE (FR)";"FR";"2026-09-18";"Séries";"https://www.arte.tv/fr/videos/series-et-fictions/"
"ARTE (FR)";"FR";"2026-09-18";"Émissions";"https://www.arte.tv/fr/videos/emissions/"
"ARTE (FR)";"FR";"2026-09-18";"Concert";"https://www.arte.tv/fr/videos/132676-000-A/raye-guests/"
"ARTE (FR)";"FR";"2026-09-18";"Raye & guestsAu Montreux Jazz Festival 2026À l'occasion de la 60e édition du Montreux Jazz Festival, Raye invite sur scène plusieurs stars internationales de la pop.115 minConcertSous-titres. Sous-titresVersion originale. Version originale";"https://www.arte.tv/fr/videos/132676-000-A/raye-guests/"
"ARTE (FR)";"FR";"2026-09-18";"Regarder";"https://www.arte.tv/fr/videos/132676-000-A/raye-guests/"
"ARTE (FR)";"FR";"2026-09-18";"Bande-annonce";"https://www.arte.tv/fr/videos/132676-000-A/?trailer=true"
"ARTE (FR)";"FR";"2026-09-18";"Concert";"https://www.arte.tv/fr/videos/134165-001-A/yael-naim-orange-blossom-et-robinson-khoury/"
"ARTE (FR)";"FR";"2026-09-18";"Les Concerts VolantsNouvelle soirée tout en couleursYael Naim, Orange Blossom et Robinson Khoury : trois univers musicaux métissés pour ce voyage avec les Concerts Volants.127 minConcert";"https://www.arte.tv/fr/videos/134165-001-A/yael-naim-orange-blossom-et-robinson-khoury/"
"ARTE (FR)";"FR";"2026-09-18";"Regarder";"https://www.arte.tv/fr/videos/134165-001-A/yael-naim-orange-blossom-et-robinson-khoury/"
"ARTE (FR)";"FR";"2026-09-18";"Série";"https://www.arte.tv/fr/videos/RC-024574/de-grace/"
"ARTE (FR)";"FR";"2026-09-18";"De grâceAvec Olivier Gourmet et Panayotis PascotUne tragédie familiale dans l’univers des dockers du Havre. Avec Olivier Gourmet.Série";"https://www.arte.tv/fr/videos/RC-024574/de-grace/"
"ARTE (FR)";"FR";"2026-09-18";"Regarder";"https://www.arte.tv/fr/videos/RC-024574/de-grace/"
"ARTE (FR)";"FR";"2026-09-18";"Bande-annonce";"https://www.arte.tv/fr/videos/RC-024574/?trailer=true"
"ARTE (FR)";"FR";"2026-09-18";"Concert";"https://www.arte.tv/fr/videos/133232-004-A/marguerite/"
"ARTE (FR)";"FR";"2026-09-18";"MargueriteLa révélation pop au Cabaret VertRévélée par la Star Academy, Marguerite livre une performance mêlant sensibilité, franchise et espièglerie.52 minConcert";"https://www.arte.tv/fr/videos/133232-004-A/marguerite/"
"ARTE (FR)";"FR";"2026-09-18";"Regarder";"https://www.arte.tv/fr/videos/133232-004-A/marguerite/"
"ARTE (FR)";"FR";"2026-09-18";"Concert";"https://www.arte.tv/fr/videos/133654-000-A/selah-sue-and-the-gallands/"
"ARTE (FR)";"FR";"2026-09-18";"Selah Sue and the GallandsSession en plein air au lac LémanPour sa 60e édition, le Montreux Jazz Festival dévoile une session live d’exception avec Selah Sue & The Gallands. 34 minConcert";"https://www.arte.tv/fr/videos/133654-000-A/selah-sue-and-the-gallands/"
"ARTE (FR)";"FR";"2026-09-18";"Regarder";"https://www.arte.tv/fr/videos/133654-000-A/selah-sue-and-the-gallands/"
"ARTE (FR)";"FR";"2026-09-18";"Votre prochaine série vous attend";"https://www.arte.tv/fr/videos/series-et-fictions/"
"ARTE (FR)";"FR";"2026-09-18";"Voir tout";"https://www.arte.tv/fr/videos/series-et-fictions/"
"ARTE (FR)";"FR";"2026-09-18";"Nos films à l'affiche";"https://www.arte.tv/fr/videos/cinema/"
"ARTE (FR)";"FR";"2026-09-18";"Voir tout";"https://www.arte.tv/fr/videos/cinema/"
"ARTE (FR)";"FR";"2026-09-18";"Les documentaires à ne pas manquer";"https://www.arte.tv/fr/videos/documentaires-et-reportages/"
"ARTE (FR)";"FR";"2026-09-18";"Voir tout";"https://www.arte.tv/fr/videos/documentaires-et-reportages/"
"ARTE (FR)";"FR";"2026-09-18";"Culture";"https://www.arte.tv/fr/videos/culture-et-pop/"
"ARTE (FR)";"FR";"2026-09-18";"Voir tout";"https://www.arte.tv/fr/videos/culture-et-pop/"
"ARTE (FR)";"FR";"2026-09-18";"Nos émissions en un coup d'œil";"https://www.arte.tv/fr/videos/emissions/"
"ARTE (FR)";"FR";"2026-09-18";"Voir tout";"https://www.arte.tv/fr/videos/emissions/"
"ARTE (FR)";"FR";"2026-09-18";"Histoire";"https://www.arte.tv/fr/videos/histoire/"
"ARTE (FR)";"FR";"2026-09-18";"Voir tout";"https://www.arte.tv/fr/videos/histoire/"
"ARTE (FR)";"FR";"2026-09-18";"Sciences et technologies";"https://www.arte.tv/fr/videos/sciences/"
"ARTE (FR)";"FR";"2026-09-18";"Voir tout";"https://www.arte.tv/fr/videos/sciences/"
"ARTE (FR)";"FR";"2026-09-18";"Les vidéos les plus vues";"https://www.arte.tv/fr/videos/plus-vues/"
"ARTE (FR)";"FR";"2026-09-18";"Voir tout";"https://www.arte.tv/fr/videos/plus-vues/"
"ARTE (FR)";"FR";"2026-09-18";"Catastrophe - Une série british sur les affres du couple";"https://www.arte.tv/fr/videos/RC-027959/catastrophe/"
"ARTE (FR)";"FR";"2026-09-18";"Taxe-moi, si tu peux ! - Les astuces fiscales des super-riches";"https://www.arte.tv/fr/videos/RC-027810/taxe-moi-si-tu-peux/"
"Time Magazine World (EN)";"EN";"2026-09-18";"How Trump Helped Put a Texas Senate Seat In Play";"https://time.com/article/2026/09/17/trump-paxton-talarico-texas-senate/"
"Time Magazine World (EN)";"EN";"2026-09-18";"Trump Withdraws ICE Director Nominee After Republican Senator Blocks Confirmation Hearing";"https://time.com/article/2026/09/17/trump-ice-director-nominee-lance-schroyer-rand-paul/"
"Time Magazine World (EN)";"EN";"2026-09-18";"Trump-Backed Republican Congresswoman Says the President’s Immigration Crackdown Has Gone ‘Too Far’";"https://time.com/article/2026/09/17/trump-immigration-florida-republican-maria-elvira-salazar-midterms/"
"Time Magazine World (EN)";"EN";"2026-09-18";"Carney Champions Canada-E.U. Alliance as Trump Threatens Europe Over 'Hostile Act'";"https://time.com/article/2026/09/17/canada-european-union-membership-carney-trump-tariff-threats/"
"Time Magazine World (EN)";"EN";"2026-09-18";"‘You’re Eroding Trust’: What Trump Shifting Tens of Millions in Military Aid Means for U.S. Alliances";"https://time.com/article/2026/09/17/trump-military-aid-us-alliances-europe-middle-east-americas/"
"Time Magazine World (EN)";"EN";"2026-09-18";"Colin Kaepernick Still Won't Stand for the National Anthem";"https://time.com/article/2026/09/17/colin-kaepernick-memoir-interview/"
"Time Magazine World (EN)";"EN";"2026-09-18";"A Genetic Mutation May Help Explain Lung Cancer in Nonsmokers";"https://time.com/article/2026/09/17/genetic-mutation-lung-cancer-nonsmokers/"
"Time Magazine World (EN)";"EN";"2026-09-18";"The 100 Most Influential People in Art of 2026";"https://time.com/collection/time100-art/2026/"
"Time Magazine World (EN)";"EN";"2026-09-18";"More Americans Are Eating Fruit—But Fewer Are Eating Vegetables";"https://time.com/article/2026/09/15/americans-eating-fruit-vegetables/"
"Time Magazine World (EN)";"EN";"2026-09-18";"How 'The Early Spring' Ends";"https://time.com/article/2026/09/08/breaking-down-the-ending-of-netflix-s-chinese-drama-the-early-spring/"
"Time Magazine World (EN)";"EN";"2026-09-18";"The Best Ways to Stop Yourself From Crying";"https://time.com/article/2026/09/16/how-to-stop-yourself-from-crying/"
"Time Magazine World (EN)";"EN";"2026-09-18";"Get Stronger With These 5 Movements";"https://time.com/article/2026/09/15/5-get-stronger-with-these-5-movements/"
"Time Magazine World (EN)";"EN";"2026-09-18";"Inside OpenAI’s RebootInside OpenAI’s Reboot";"https://time.com/article/2026/08/26/openai-sam-altman-interview/"
"Time Magazine World (EN)";"EN";"2026-09-18";"Joseph Gordon-Levitt";"https://time.com/collection/time100-ai/2026/joseph-gordon-levitt/"
"Time Magazine World (EN)";"EN";"2026-09-18";"The Politicization of ‘DEI’ Bike Lanes";"https://time.com/article/2026/09/16/the-politicization-of-dei-bike-lanes/"
"Time Magazine World (EN)";"EN";"2026-09-18";"How to Govern the Existential Risk of AI";"https://time.com/article/2026/09/17/how-to-govern-the-existential-risk-of-ai/"
"Time Magazine World (EN)";"EN";"2026-09-18";"Attacks Against Judges Are an Attack Against America’s Constitution";"https://time.com/article/2026/09/17/attacks-against-judges-are-an-attack-against-america-s-constitution/"
"Time Magazine World (EN)";"EN";"2026-09-18";"Why the U.S. Urgently Needs More Platelet Donors";"https://time.com/article/2026/09/17/why-the-us-urgently-needs-more-platelet-donors/"
"Time Magazine World (EN)";"EN";"2026-09-18";"TIME100 Art 2026";"https://time.com/collection/time100-art/2026/"
"Time Magazine World (EN)";"EN";"2026-09-18";"Having Health Insurance Doesn’t Prevent Medical Debt";"https://time.com/article/2026/09/17/having-health-insurance-doesnt-prevent-medical-debt/"
"Time Magazine World (EN)";"EN";"2026-09-18";"The Surprising Health Benefits of Reading a Book";"https://time.com/article/2026/09/16/health-benefits-reading-books-for-pleasure/"
"Time Magazine World (EN)";"EN";"2026-09-18";"World's Top HealthTech Companies 2026";"https://time.com/article/2026/09/16/worlds-top-healthtech-companies-2026/"
"Time Magazine World (EN)";"EN";"2026-09-18";"Inside Lizzie Borden's House Today";"https://time.com/article/2026/09/16/lizzie-borden-monster-netflix-maplecroft-history/"
"Time Magazine World (EN)";"EN";"2026-09-18";"Mariska Hargitay Hosts a Lackluster Emmys";"https://time.com/article/2026/09/14/emmys-2026-review-mariska-hargitay/"
"Time Magazine World (EN)";"EN";"2026-09-18";"Gen Z Romance's Strange Sports Obsession";"https://time.com/article/2026/09/09/crew-girl-heated-rivalry-sports-romance/"
"Time Magazine World (EN)";"EN";"2026-09-18";"The True Story Behind 'The Uprising'";"https://time.com/article/2026/09/08/the-true-story-behind-the-uprising/"
"Time Magazine World (EN)";"EN";"2026-09-18";"The Truth Behind 'A Killer Story'";"https://time.com/article/2026/09/08/a-killer-story-hbo-dana-chandler/"
"Time Magazine World (EN)";"EN";"2026-09-18";"White House Removes ‘Build the Wall’ Game After Tetris Rebuke";"https://time.com/article/2026/09/09/tetris-company-build-the-wall-video-game-trump-white-house/"
"Time Magazine World (EN)";"EN";"2026-09-18";"Americans Are Increasingly Worried About AI's Environmental Impact";"https://time.com/article/2026/09/16/majority-americans-worried-ai-environment-impact/"
"Time Magazine World (EN)";"EN";"2026-09-18";"Why AI Makes Customer Service Worse, And What Companies Can Do To Fix It";"https://time.com/article/2026/09/16/why-ai-makes-customer-service-worse-and-what-companies-can-do-to-fix-it/"
"Time Magazine World (EN)";"EN";"2026-09-18";"TIME100 AI Honorees Speak to Perils and Promise of the Technology";"https://time.com/article/2026/09/14/ai-impact-dinner-toasts-joseph-gordon-levitt/"
"Time Magazine World (EN)";"EN";"2026-09-18";"Panelists Discuss AI’s Potential Impacts, for Better or Worse, on the Economy";"https://time.com/article/2026/09/14/ai-impact-dinner-panel-intelligent-economy/"
"Time Magazine World (EN)";"EN";"2026-09-18";"What Is Actually New About the AI Revolution?";"https://time.com/article/2026/09/14/what-is-actually-new-about-the-ai-revolution-/"
"Time Magazine World (EN)";"EN";"2026-09-18";"AI Should Be a Wake-Up Call For Universities";"https://time.com/article/2026/09/10/ai-should-be-a-wake-up-call-for-universities/"
"Time Magazine World (EN)";"EN";"2026-09-18";"What Science Says About the Health Impact of Carbon Pollution";"https://time.com/article/2026/09/15/trump-power-plant-emissions-climate-health-impact/"
"Time Magazine World (EN)";"EN";"2026-09-18";"The U.S. Is Having One of Its Most Active Wildfire Seasons. Here’s How the Costs Are Adding Up";"https://time.com/article/2026/09/12/the-u-s-is-on-track-for-a-record-wildfire-season-here-s-what-it-could-cost-americans/"
"Time Magazine World (EN)";"EN";"2026-09-18";"Will Africa's Next Growth Story Start on the Farm?";"https://time.com/article/2026/09/11/future-africa-farming-sustainability/"
"Time Magazine World (EN)";"EN";"2026-09-18";"What El Niño Means for Fall and Winter Weather";"https://time.com/article/2026/09/11/el-nino-fall-winter-weather-us/"
"Time Magazine World (EN)";"EN";"2026-09-18";"Stop Making These Recycling Mistakes";"https://time.com/article/2026/09/09/easy-recycling-mistakes-to-avoid/"
"Time Magazine World (EN)";"EN";"2026-09-18";"Boosting Africa's Farmers Is a Boost to the Economy";"https://time.com/article/2026/09/02/africa-farmers-economy-future/"
"Icilome (FR)";"FR";"2026-09-18";"Rentrée scolaire sur fond de la hausse du prix du carburant : Un pouvoir INSENSIBLE";"https://icilome.com/2026/09/rentree-scolaire-sur-fond-de-la-hausse-du-prix-du-carburant-un-pouvoir-insensible/"
"Icilome (FR)";"FR";"2026-09-18";"Togo – Hausse du prix du carburant : La DMK appelle à une mobilisation pacifique";"https://icilome.com/2026/09/togo-hausse-du-prix-du-carburant-la-dmk-appelle-a-une-mobilisation-pacifique/"
"Icilome (FR)";"FR";"2026-09-18";"La campagne contemporaine « Correct the Map » n’est pas née au Togo";"https://icilome.com/2026/09/la-campagne-contemporaine-correct-the-map-nest-pas-nee-au-togo/"
"Icilome (FR)";"FR";"2026-09-18";"Togo- Roger Folikoué : « La démocratie est le sursaut du pluriel contre l’irrésistible tentation de l’un »";"https://icilome.com/2026/09/togo-roger-folikoue-la-democratie-est-le-sursaut-du-pluriel-contre-lirresistible-tentation-de-lun/"
"Icilome (FR)";"FR";"2026-09-18";"Togo – Nouvelle flambée des prix du carburant, la colère des consommateurs monte";"https://icilome.com/2026/09/togo-nouvelle-flambee-des-prix-du-carburant-la-colere-des-consommateurs-monte/"
"Icilome (FR)";"FR";"2026-09-18";"Pendant que des tonnes de riz Kovié pourrissent dans les magasins, le gouvernement commercialise du riz japonais";"https://icilome.com/2026/09/pendant-que-des-tonnes-de-riz-kovie-pourrissent-dans-les-magasins-le-gouvernement-commercialise-du-riz-japonais/"
"Icilome (FR)";"FR";"2026-09-18";"Togo- Classement Lloyd’s List 2026 : le Port de Lomé grimpe au 91ᵉ rang mondial";"https://icilome.com/2026/09/togo-classement-lloyds-list-2026-le-port-de-lome-grimpe-au-91%e1%b5%89-rang-mondial/"
"Icilome (FR)";"FR";"2026-09-18";"ABM-TOGO : Quatre ans d’actions, des acquis et des chantiers à poursuivre";"https://icilome.com/2026/09/abm-togo-quatre-ans-dactions-des-acquis-et-des-chantiers-a-poursuivre/"
"Icilome (FR)";"FR";"2026-09-18";"« Le peuple ne mange pas les notations » : Oligui Nguema dans le concret, Faure Gnassingbé dans les chiffres fabriqués";"https://icilome.com/2026/09/le-peuple-ne-mange-pas-les-notations-oligui-nguema-dans-le-concret-faure-gnassingbe-dans-les-chiffres-fabriques/"
"Icilome (FR)";"FR";"2026-09-18";"Au Togo, la télédermatologie s’impose comme une réponse au déficit de dermatologues";"https://icilome.com/2026/09/au-togo-la-teledermatologie-simpose-comme-une-reponse-au-deficit-de-dermatologues/"
"Icilome (FR)";"FR";"2026-09-18";"Tribune | Changement de Constitution au Togo – une énormité historique devenue une jurisprudence et un cas d’école";"https://icilome.com/2026/09/tribune-changement-de-constitution-au-togo-une-enormite-historique-devenue-une-jurisprudence-et-un-cas-decole/"
"Icilome (FR)";"FR";"2026-09-18";"« La seule voie pacifique » : l’appel de Nathaniel Olympio au Togo";"https://icilome.com/2026/09/la-seule-voie-pacifique-lappel-de-nathaniel-olympio-au-togo/"
"Icilome (FR)";"FR";"2026-09-18";"Togo – Noces de cristal du SYNJIT : hommage aux pionniers et cap sur l’avenir";"https://icilome.com/2026/09/togo-noces-de-cristal-du-synjit-hommage-aux-pionniers-et-cap-sur-lavenir/"
"Icilome (FR)";"FR";"2026-09-18";"Togo – SYNJIT : 15 ans d’engagement syndical, un webinaire pour remobiliser les journalistes togolais";"https://icilome.com/2026/08/togo-synjit-15-ans-dengagement-syndical-un-webinaire-pour-remobiliser-les-journalistes-togolais/"
"Icilome (FR)";"FR";"2026-09-18";"Édito- Au Togo, on n’arrête plus les voleurs, on arrête les vendeurs de journaux";"https://icilome.com/2026/08/edito-au-togo-on-narrete-plus-les-voleurs-on-arrete-les-vendeurs-de-journaux/"
"Icilome (FR)";"FR";"2026-09-18";"Togo- Le PPT dénonce une « caporalisation » de la presse après l’interpellation musclée d’un vendeur de journaux";"https://icilome.com/2026/08/togo-le-ppt-denonce-une-caporalisation-de-la-presse-apres-linterpellation-musclee-dun-vendeur-de-journaux/"
"Icilome (FR)";"FR";"2026-09-18";"Oration On Liberty! Addressed to the People and Governors of Togo";"https://icilome.com/2026/07/oration-on-liberty-addressed-to-the-people-and-governors-of-togo/"
"Icilome (FR)";"FR";"2026-09-18";"Togo- Le SYNJIT prépare ses 15 ans avec de nouvelles cartes de membres";"https://icilome.com/2026/07/togo-le-synjit-prepare-ses-15-ans-avec-de-nouvelles-cartes-de-membres/"
"Icilome (FR)";"FR";"2026-09-18";"Video: Abdoul Aziz Goma Addresses the UN on Repression in Togo";"https://icilome.com/2026/03/video-abdoul-aziz-goma-addresses-the-un-on-repression-in-togo/"
"Icilome (FR)";"FR";"2026-09-18";"Togo – Enquête, pressions et refus de l’exil : le message fort de Roger Amemavoh (Vidéo)";"https://icilome.com/2026/02/togo-enquete-pressions-et-refus-de-lexil-le-message-fort-de-roger-amemavor-video/"
"Icilome (FR)";"FR";"2026-09-18";"Bénin : Le président Talon s’adresse à la nation après la tentative de coup d’État (vidéo)";"https://icilome.com/2025/12/benin-le-president-talon-sadresse-a-la-nation-apres-la-tentative-de-coup-detat-video/"
"Icilome (FR)";"FR";"2026-09-18";"Yves Edoh Agbodjan, alias Togbevi Kpéssé précise les objectifs de la délégation du M66 à New York (Interview)";"https://icilome.com/2025/09/yves-edoh-agbodjan-alias-togbevi-kpesse-precise-les-objectifs-de-la-delegation-du-m66-a-new-york-interview/"
"Icilome (FR)";"FR";"2026-09-18";"Vidéo – Le MO5 rejoint l’appel à la mobilisation du 30 août au Togo";"https://icilome.com/2025/08/video-le-mo5-rejoint-lappel-a-la-mobilisation-du-30-aout-au-togo/"
"Icilome (FR)";"FR";"2026-09-18";"À Paris, la création togolaise s’invite à ArtTrip grâce à Kokou Ekouagou";"https://icilome.com/2026/09/a-paris-la-creation-togolaise-sinvite-a-arttrip-grace-a-kokou-ekouagou/"
"Icilome (FR)";"FR";"2026-09-18";"Togo – La HARC convoque les créateurs de contenu, quels enjeux derrière cette réunion ?";"https://icilome.com/2026/09/togo-la-harc-convoque-les-createurs-de-contenu-quels-enjeux-derriere-cette-reunion/"
"Icilome (FR)";"FR";"2026-09-18";"Togo- Jean-Pierre Fabre: « Le gouvernement doit cesser de faire payer aux togolais le prix de son incapacité »";"https://icilome.com/2026/09/togo-jean-pierre-fabre-le-gouvernement-doit-cesser-de-faire-payer-aux-togolais-le-prix-de-son-incapacite/"
"Icilome (FR)";"FR";"2026-09-18";"La politique de l´autruche d´un Faure Gnassingbé aux antipodes des réalités politiques de son pays.";"https://icilome.com/2026/09/la-politique-de-lautruche-dun-faure-gnassingbe-aux-antipodes-des-realites-politiques-de-son-pays/"
"Icilome (FR)";"FR";"2026-09-18";"Au Togo, Le Trompe-l’œil de la nouvelle Constitution";"https://icilome.com/2026/09/au-togo-le-trompe-loeil-de-la-nouvelle-constitution/"
"Icilome (FR)";"FR";"2026-09-18";"Togo- Tribune : « On ne soigne pas à la tête du client »";"https://icilome.com/2026/09/togo-tribune-on-ne-soigne-pas-a-la-tete-du-client/"
"Icilome (FR)";"FR";"2026-09-18";"Togo – Hausse du prix du carburant : le MMLK demande la baisse des frais de péage";"https://icilome.com/2026/09/togo-hausse-du-prix-du-carburant-le-mmlk-demande-la-baisse-des-frais-de-peage/"
"Icilome (FR)";"FR";"2026-09-18";"QNET lève le voile sur son catalogue produits, loin des clichés sur la vente pyramidale";"https://icilome.com/2026/09/qnet-leve-le-voile-sur-son-catalogue-produits-loin-des-cliches-sur-la-vente-pyramidale/"
"Icilome (FR)";"FR";"2026-09-18";"V-Convention : À Penang, QNET célèbre 28 ans de vente directe devant des milliers de distributeurs";"https://icilome.com/2026/09/v-convention-a-penang-qnet-celebre-28-ans-de-vente-directe-devant-des-milliers-de-distributeurs/"
"Icilome (FR)";"FR";"2026-09-18";"Même Messi abandonne l’Argentine : Et FAURE ?";"https://icilome.com/2026/09/meme-messi-abandonne-largentine-et-faure/"
"Icilome (FR)";"FR";"2026-09-18";"Résolution de l’ONU sur les cartes du monde : au Togo, l’ANC dénonce une « manœuvre de diversion »";"https://icilome.com/2026/09/resolution-de-lonu-sur-les-cartes-du-monde-au-togo-lanc-denonce-une-manoeuvre-de-diversion/"
"Icilome (FR)";"FR";"2026-09-18";"Rentrée scolaire 2026-2027 : le gouvernement reconduit et renforce le dispositif « Rentrée scolaire sûre »";"https://icilome.com/2026/09/rentree-scolaire-2026-2027-le-gouvernement-reconduit-et-renforce-le-dispositif-rentree-scolaire-sure/"
"Icilome (FR)";"FR";"2026-09-18";"TRIBUNE | Éducation au Togo : le plaidoyer de Helly GBENE pour une école pilotée par la donnée";"https://icilome.com/2026/09/tribune-education-au-togo-le-plaidoyer-de-helly-gbene-pour-une-ecole-pilotee-par-la-donnee/"
"Icilome (FR)";"FR";"2026-09-18";"Hausse du carburant au Togo : l’opposition dénonce une « asphyxie financière » des ménages";"https://icilome.com/2026/09/hausse-du-carburant-au-togo-lopposition-denonce-une-asphyxie-financiere-des-menages/"
"Icilome (FR)";"FR";"2026-09-18";"QNET ouvre les portes de son siège à des journalistes africains, en Malaisie";"https://icilome.com/2026/09/face-aux-accusations-qnet-ouvre-les-portes-de-son-siege-a-des-journalistes-africains-en-malaisie/"
"Icilome (FR)";"FR";"2026-09-18";"Togo- Pollution plastique : ZDP-Togo entre en action sur le littoral de Lomé";"https://icilome.com/2026/09/togo-pollution-plastique-zdp-togo-entre-en-action-sur-le-littoral-de-lome/"
"Icilome (FR)";"FR";"2026-09-18";"Nucléaire : le Togo se positionne, Lomé accueillera le sommet africain NEISA en 2027";"https://icilome.com/2026/09/nucleaire-le-togo-se-positionne-lome-accueillera-le-sommet-africain-neisa-en-2027/"
"Icilome (FR)";"FR";"2026-09-18";"Énergie : pourquoi le nucléaire pourrait changer l’avenir énergétique de l’Afrique et du Togo";"https://icilome.com/2026/09/energie-pourquoi-le-nucleaire-pourrait-changer-lavenir-energetique-de-lafrique-et-du-togo/"
"Icilome (FR)";"FR";"2026-09-18";"Méchanceté gratuite à la Plage";"https://icilome.com/2026/09/mechancete-gratuite-a-la-plage/"
"Icilome (FR)";"FR";"2026-09-18";"Togo – Cyberescroquerie : trois suspects interpellés à Afagnan";"https://icilome.com/2026/09/togo-cyberescroquerie-trois-suspects-interpelles-a-afagnan/"
"Icilome (FR)";"FR";"2026-09-18";"Togo : les prix des produits pétroliers repartent à la hausse";"https://icilome.com/2026/09/togo-les-prix-des-produits-petroliers-repartent-a-la-hausse/"
"Icilome (FR)";"FR";"2026-09-18";"Togo- Jean-Pierre Fabre veut « rendre au peuple la Constitution qu’on lui a volée »";"https://icilome.com/2026/09/togo-jean-pierre-fabre-veut-rendre-au-peuple-la-constitution-quon-lui-a-volee/"
"Icilome (FR)";"FR";"2026-09-18";"Les artistes togolais annoncent des sit-in en octobre";"https://icilome.com/2026/09/les-artistes-togolais-annoncent-des-sit-in-en-octobre/"
"Icilome (FR)";"FR";"2026-09-18";"Togo – Journaliste enlevé et violenté à Guérin-Kouka : le PPT interpelle les autorités";"https://icilome.com/2026/09/togo-journaliste-enleve-et-violente-a-guerin-kouka-le-ppt-interpelle-les-autorites/"
"Icilome (FR)";"FR";"2026-09-18";"Togo- Biologie médicale : Du laboratoire aux politiques de santé, les professionnels veulent franchir un cap";"https://icilome.com/2026/09/togo-biologie-medicale-du-laboratoire-aux-politiques-de-sante-les-professionnels-veulent-franchir-un-cap/"
"Icilome (FR)";"FR";"2026-09-18";"Yas Hackathon 2026 : 48 heures pour faire émerger les talents numériques de demain";"https://icilome.com/2026/09/yas-hackathon-2026-48-heures-pour-faire-emerger-les-talents-numeriques-de-demain/"
"Icilome (FR)";"FR";"2026-09-18";"Togo : un journaliste de Tampa Express enlevé et séquestré à Guérin-Kouka, le SYNJIT dénonce un « acte de gangstérisme »";"https://icilome.com/2026/09/togo-un-journaliste-de-tampa-express-enleve-et-sequestre-a-guerin-kouka-le-synjit-denonce-un-acte-de-gangsterisme/"
"Icilome (FR)";"FR";"2026-09-18";"Togo- La liberté de la presse en question, la souveraineté numérique en construction Spécial";"https://icilome.com/2026/09/togo-la-liberte-de-la-presse-en-question-la-souverainete-numerique-en-construction-special/"
"Icilome (FR)";"FR";"2026-09-18";"Togo / « Les routes de l’impossible »: Et si le vrai problème n’était pas le visa, mais ce que les caméras allaient montrer?";"https://icilome.com/2026/09/togo-les-routes-de-limpossible-et-si-le-vrai-probleme-netait-pas-le-visa-mais-ce-que-les-cameras-allaient-montrer/"
"Icilome (FR)";"FR";"2026-09-18";"Togo- Port, OTR et SOTOPLA faciliteraient-ils le vol des voitures à Lomé ?";"https://icilome.com/2026/09/togo-port-otr-et-sotopla-faciliteraient-elles-le-vol-des-voitures-a-lome/"
"Icilome (FR)";"FR";"2026-09-18";"Togo- Enquêtes sur la pauvreté : les Togolais végètent dans la misère, le gouvernement s’intéresse aux chiffres";"https://icilome.com/2026/09/togo-enquetes-sur-la-pauvrete-les-togolais-vegetent-dans-la-misere-le-gouvernement-sinteresse-aux-chiffres/"
"Icilome (FR)";"FR";"2026-09-18";"Togo- Compte rendu du Conseil des ministres Lomé, 7 septembre 2026";"https://icilome.com/2026/09/togo-compte-rendu-du-conseil-des-ministres-lome-7-septembre-2026/"
"Icilome (FR)";"FR";"2026-09-18";"Le Togo intensifie la lutte contre les faux médicaments";"https://icilome.com/2026/09/le-togo-intensifie-la-lutte-contre-les-faux-medicaments/"
"Icilome (FR)";"FR";"2026-09-18";"Faure Gnassingbé à Londres pour accélérer le développement du nucléaire civil";"https://icilome.com/2026/09/faure-gnassingbe-a-londres-pour-accelerer-le-developpement-du-nucleaire-civil/"
"Icilome (FR)";"FR";"2026-09-18";"Nuisances sonores : le défi de faire respecter le calme";"https://icilome.com/2026/09/nuisances-sonores-le-defi-de-faire-respecter-le-calme/"
"Icilome (FR)";"FR";"2026-09-18";"Rapport 2026 Institut V-Dem sur l’état de la démocratie : Togo parmi les pays très actifs dans le recul";"https://icilome.com/2026/09/rapport-2026-institut-v-dem-sur-letat-de-la-democratie-togo-parmi-les-pays-tres-actifs-dans-le-recul/"
"Icilome (FR)";"FR";"2026-09-18";"CIIE 2026 : le CETEF lance un appel à candidature pour sélectionner les exposants togolais";"https://icilome.com/2026/09/ciie-2026-le-cetef-lance-un-appel-a-candidature-pour-selectionner-les-exposants-togolais/"
"Icilome (FR)";"FR";"2026-09-18";"Togo – L’arrêt de la CEDEAO vu par l’ancien ministre malien de la Justice Ismaïla Konaté";"https://icilome.com/2026/09/togo-larret-de-la-cedeao-vu-par-lancien-ministre-malien-de-la-justice-ismaila-konate/"
"Icilome (FR)";"FR";"2026-09-18";"Niger – Les institutions fonctionnent et le pays reste concentré sur sa stabilité malgré tout";"https://icilome.com/2026/09/niger-les-institutions-fonctionnent-et-le-pays-reste-concentre-sur-sa-stabilite-malgre-tout/"
"Icilome (FR)";"FR";"2026-09-18";"« Correct The Map » : l’Union africaine salue le leadership togolais à l’ONU";"https://icilome.com/2026/09/correct-the-map-lunion-africaine-salue-le-leadership-togolais-a-lonu/"
"Icilome (FR)";"FR";"2026-09-18";"Togo : Le tango juridique de maître Gil-Benoit Afangbédji et la déchéance de l’engagement citoyen";"https://icilome.com/2026/09/togo-le-tango-juridique-de-maitre-gil-benoit-afangbedji-et-la-decheance-de-lengagement-citoyen/"
"Icilome (FR)";"FR";"2026-09-18";"Togo- Golfe 1 installe son Cadre de Concertation sur les systèmes alimentaires territorialisés";"https://icilome.com/2026/09/togo-golfe-1-installe-son-cadre-de-concertation-sur-les-systemes-alimentaires-territorialises/"
"Icilome (FR)";"FR";"2026-09-18";"Togo – Madi Djabakate face aux critiques sur l’interprétation de l’arrêt de la CEDEAO";"https://icilome.com/2026/09/togo-madi-djabakate-face-aux-critiques-sur-linterpretation-de-larret-de-la-cedeao/"
"Icilome (FR)";"FR";"2026-09-18";"Prof Wolou : « Si ce régime a un petit amour pour le Togo, il ne doit pas faire de Ferdinand Ayité un ennemi »";"https://icilome.com/2026/09/prof-wolou-si-ce-regime-a-un-petit-amour-pour-le-togo-il-ne-doit-pas-faire-de-ferdinand-ayite-un-ennemi/"
"Icilome (FR)";"FR";"2026-09-18";"Diplomatie : À l’ONU, le Togo fait adopter une résolution pour « corriger la carte » du monde";"https://icilome.com/2026/09/diplomatie-a-lonu-le-togo-fait-adopter-une-resolution-pour-corriger-la-carte-du-monde/"
"Icilome (FR)";"FR";"2026-09-18";"Togo : « À nous de dire non », l’appel du Pr Wolou Komi après la décision de la CEDEAO";"https://icilome.com/2026/09/togo-a-nous-de-dire-non-lappel-du-pr-wolou-komi-apres-la-decision-de-la-cedeao/"
"Icilome (FR)";"FR";"2026-09-18";"CEDEAO et réforme constitutionnelle de 2024 au Togo : le CNCC réunit juristes et acteurs politiques autour de l’arrêt";"https://icilome.com/2026/09/cedeao-et-reforme-constitutionnelle-de-2024-au-togo-le-cncc-reunit-juristes-et-acteurs-politiques-autour-de-larret/"
"Icilome (FR)";"FR";"2026-09-18";"Jusqu’où peut-on s’accrocher à un poste politique ?";"https://icilome.com/2026/09/jusquou-peut-on-saccrocher-a-un-poste-politique/"
"Togo First (FR)";"FR";"2026-09-18";"Au Togo, le secteur privé identifie ses besoins en recherche et innovation filière par filière";"https://www.togofirst.com/fr/gouvernance-economique/1809-20092-au-togo-le-secteur-prive-identifie-ses-besoins-en-recherche-et-innovation-filiere-par-filiere"
"Togo First (FR)";"FR";"2026-09-18";"Togo : plus de 3000 enseignants définitivement admis au concours de recrutement 2026";"https://www.togofirst.com/fr/education/1809-20094-togo-plus-de-3000-enseignants-definitivement-admis-au-concours-de-recrutement-2026"
"Togo First (FR)";"FR";"2026-09-18";"Appui aux entrepreneurs : l’ADTPME recrute à des postes de direction";"https://www.togofirst.com/fr/gouvernance-economique/1809-20093-appui-aux-entrepreneurs-l-adtpme-recrute-a-des-postes-de-direction"
"Togo First (FR)";"FR";"2026-09-18";"Togo : le BIC prépare une plateforme pour faciliter le financement des PME";"https://www.togofirst.com/fr/gouvernance-economique/1709-20090-togo-le-bic-prepare-une-plateforme-pour-faciliter-le-financement-des-pme"
"Togo First (FR)";"FR";"2026-09-18";"Feuille de route 2026-2031 : l’exécutif recueille les dernières suggestions avant finalisation";"https://www.togofirst.com/fr/gestion-publique/1709-20086-feuille-de-route-2026-2031-l-executif-recueille-les-dernieres-suggestions-avant-finalisation"
"Togo First (FR)";"FR";"2026-09-18";"Togo : l'OTR lance e-TPU pour déclarer et payer la TPU en ligne";"https://www.togofirst.com/fr/gouvernance-economique/1709-20085-togo-lotr-lance-e-tpu-pour-declarer-et-payer-la-tpu-en-ligne"
"Togo First (FR)";"FR";"2026-09-18";"Togo : le Patronat lance un programme d’immersion professionnelle pour 600 jeunes";"https://www.togofirst.com/fr/gouvernance-economique/1709-20084-togo-le-patronat-lance-un-programme-d-immersion-professionnelle-pour-600-jeunes"
"Togo First (FR)";"FR";"2026-09-18";"Leadership politique : 323 femmes formées au Togo depuis 2020";"https://www.togofirst.com/fr/politique/1609-20081-leadership-politique-323-femmes-formees-au-togo-depuis-2020"
"Togo First (FR)";"FR";"2026-09-18";"Classement mondial 2026 : le Port de Lomé gagne une place et s’adjuge le 91è rang";"https://www.togofirst.com/fr/logistique/1609-20080-classement-mondial-2026-le-port-de-lome-gagne-une-place-et-s-adjuge-le-91e-rang"
"Togo First (FR)";"FR";"2026-09-18";"Togo : la masse salariale atteint 181 milliards FCFA à fin juin 2026, soit 48,5% des prévisions annuelles";"https://www.togofirst.com/fr/finances-publiques/1609-20077-togo-la-masse-salariale-atteint-181-milliards-fcfa-a-fin-juin-2026-soit-48-5-des-previsions-annuelles"
"Togo First (FR)";"FR";"2026-09-18";"Togo : chercheurs et entreprises veulent mieux valoriser les résultats de la recherche";"https://www.togofirst.com/fr/gouvernance-economique/1609-20073-togo-chercheurs-et-entreprises-cherchent-a-mieux-valoriser-les-resultats-de-la-recherche"
"Togo First (FR)";"FR";"2026-09-18";"IPDCP : ""Derrière la protection des données à caractère personnel, il y a non seulement un enjeu de souveraineté numérique, mais aussi un enjeu de confiance""";"https://www.togofirst.com/fr/tic/1609-20072-ipdcp-derriere-la-protection-des-donnees-a-caractere-personnel-il-y-a-non-seulement-un-enjeu-de-souverainete-numerique-mais-aussi-un-enjeu-de-confiance"
"Togo First (FR)";"FR";"2026-09-18";"Agriculture : météo, prix, intrants, le SIHAM veut faciliter l’accès des producteurs à l’information";"https://www.togofirst.com/fr/agro/1609-20071-agriculture-meteo-prix-intrants-le-siham-veut-faciliter-l-acces-des-producteurs-a-l-information"
"Togo First (FR)";"FR";"2026-09-18";"Couverture sanitaire universelle : Lomé réunit 16 pays africains autour du diagnostic";"https://www.togofirst.com/fr/sante/1609-20070-couverture-sanitaire-universelle-lome-reunit-16-pays-africains-autour-du-diagnostic"
"Togo First (FR)";"FR";"2026-09-18";"Enseignement supérieur : Moscou veut renforcer sa coopération avec les universités togolaises";"https://www.togofirst.com/fr/formation/1509-20066-enseignement-superieur-moscou-veut-renforcer-sa-cooperation-avec-les-universites-togolaises"
"Togo First (FR)";"FR";"2026-09-18";"Togo : après les étudiants, la SOTRAL prépare l’extension du paiement digital des tickets";"https://www.togofirst.com/fr/transport/1509-20065-togo-apres-les-etudiants-la-sotral-prepare-l-extension-du-paiement-digital-des-tickets"
"Togo First (FR)";"FR";"2026-09-18";"Le Togo et ses voisins organisent le retour volontaire des réfugiés burkinabè";"https://www.togofirst.com/fr/social/1509-20062-le-togo-et-ses-voisins-organisent-le-retour-volontaire-des-refugies-burkinabe"
"Togo First (FR)";"FR";"2026-09-18";"Togo : à Togodo, les investissements du WACA ouvrent la voie à l’écotourisme";"https://www.togofirst.com/fr/agro/1509-20060-togo-a-togodo-les-investissements-du-waca-ouvrent-la-voie-a-l-ecotourisme"
"Togo First (FR)";"FR";"2026-09-18";"Salim Tebonou (HORI) : « J'ai dû démissionner moi-même de la structure que j'avais créée pour repartir de zéro »";"https://www.togofirst.com/fr/gouvernance-economique/0208-19767-salim-tebonou-hori-jai-du-demissionner-moi-meme-de-la-structure-que-javais-creee-pour-repartir-de-zero"
"Togo First (FR)";"FR";"2026-09-18";"FIL 2026 : 70 % de réduction sur les stands pour les femmes et jeunes entrepreneurs";"https://www.togofirst.com/fr/gouvernance-economique/2707-19692-fil-2026-70-de-reduction-sur-les-stands-pour-les-femmes-et-jeunes-entrepreneurs"
"Togo First (FR)";"FR";"2026-09-18";"Togo : plus de 8000 entreprises créées en six mois, un rebond après deux années de recul";"https://www.togofirst.com/fr/gouvernance-economique/0707-19479-togo-plus-de-8000-entreprises-creees-en-six-mois-un-rebond-apres-deux-annees-de-recul"
"Togo First (FR)";"FR";"2026-09-18";"Togo : à Di-Kéti, la certification s'impose comme un levier de croissance pour les TPME";"https://www.togofirst.com/fr/gouvernance-economique/0407-19449-togo-a-di-keti-la-certification-simpose-comme-un-levier-de-croissance-pour-les-tpme"
"Togo First (FR)";"FR";"2026-09-18";"Togo : un fonds de 655 millions FCFA pour financer l’installation des diplômés de l’IFAD-Aquaculture";"https://www.togofirst.com/en/gouvernance-economique/0406-19143-togo-un-fonds-de-655-millions-fcfa-pour-financer-l-installation-des-diplomes-de-l-ifad-aquaculture"
"Togo First (FR)";"FR";"2026-09-18";"Togo : l'ATD accompagne neuf startups EdTech vers l'international";"https://www.togofirst.com/fr/education/0306-19125-togo-latd-accompagne-neuf-startups-edtech-vers-linternational"
"Togo First (FR)";"FR";"2026-09-18";"Togo : après la hausse du prix du carburant, le gouvernement baisse les tarifs de péage";"https://www.togofirst.com/fr/transport/0207-19428-togo-apres-la-hausse-du-prix-du-carburant-le-gouvernement-baisse-les-tarifs-de-peage"
"Togo First (FR)";"FR";"2026-09-18";"Togo : les résultats des examens désormais accessibles gratuitement via le Web, WhatsApp et Telegram";"https://www.togofirst.com/fr/education/0806-19171-togo-les-resultats-des-examens-desormais-accessibles-gratuitement-via-le-web-whatsapp-et-telegram"
"Togo First (FR)";"FR";"2026-09-18";"Le Togolais Kodjo Akpatigbe prend la tête de Deloitte au Togo et au Bénin";"https://www.togofirst.com/fr/finance/0207-19423-le-togolais-kodjo-akpatigbe-prend-la-tete-de-deloitte-au-togo-et-au-benin"
"Togo First (FR)";"FR";"2026-09-18";"Gouvernance et financement du secteur routier : le Togo crée l’AGEROUTE et la SONAFIR";"https://www.togofirst.com/fr/transport/2906-19371-gouvernance-et-financement-du-secteur-routier-le-togo-cree-l-ageroute-et-la-sonafir"
"Togo First (FR)";"FR";"2026-09-18";"Lancement d’une mission d’élaboration des normes de certification pour les entreprises de BTP";"https://www.togofirst.com/"
"Togo First (FR)";"FR";"2026-09-18";"Logement : à Kpomé-Dalavé, Adedze annonce le passage du programme des 20 000 unités à sa phase opérationnelle";"https://www.togofirst.com/fr/gouvernance-economique/1206-19219-logement-a-kpome-dalave-adedze-annonce-le-passage-du-programme-des-20-000-unites-a-sa-phase-operationnelle"
"Togo First (FR)";"FR";"2026-09-18";"Togo : pour une fonction publique plus performante, le gouvernement entend mettre en place un plan national";"https://www.togofirst.com/"
"Togo First (FR)";"FR";"2026-09-18";"Restauration des terres : la FAO lance un appel à projets pour des subventions pouvant atteindre 50 000 $";"https://www.togofirst.com/fr/agro/1506-19233-restauration-des-terres-la-fao-lance-un-appel-a-projets-pour-des-subventions-pouvant-atteindre-50-000"
"Togo First (FR)";"FR";"2026-09-18";"Au Togo, l’Université de Datcha ouvre ses premières formations et lance le recrutement des étudiants";"https://www.togofirst.com/fr/formation/1509-20059-au-togo-l-universite-de-datcha-ouvre-ses-premieres-formations-et-lance-le-recrutement-des-etudiantsau-togo-l-universite-de-datcha-situee-a-environ-130-km-au-nord-de-lome-franchit-une-nouvelle-etape-avant-l-ouverture-de-"
"Togo First (FR)";"FR";"2026-09-18";"Mobilité électrique : Spiro s’allie au chinois Yadea pour accélérer son expansion";"https://www.togofirst.com/fr/transport/1509-20058-mobilite-electrique-spiro-s-allie-au-chinois-yadea-pour-accelerer-son-expansion"
"Togo First (FR)";"FR";"2026-09-18";"Exportations agricoles : au Togo, le cacao dope les recettes avant le retournement de 2026";"https://www.togofirst.com/fr/agro/1409-20055-exportations-agricoles-au-togo-le-cacao-dope-les-recettes-avant-le-retournement-de-2026"
"Togo First (FR)";"FR";"2026-09-18";"Togo : 2,9 millions d’élèves retrouvent les classes, avec de nouvelles réformes";"https://www.togofirst.com/fr/education/1409-20053-togo-2-9-millions-d-eleves-retrouvent-les-classes-avec-de-nouvelles-reformes"
"Togo First (FR)";"FR";"2026-09-18";"Téléradiologie : la startup togolaise Clinicaa présente X-rayVision";"https://www.togofirst.com/fr/sante/1409-20051-teleradiologie-la-startup-togolaise-clinicaa-presente-x-rayvision"
"Togo First (FR)";"FR";"2026-09-18";"AMU : de nouveaux bureaux de proximité installés dans le Grand Lomé";"https://www.togofirst.com/fr/social/1409-20048-amu-de-nouveaux-bureaux-de-proximite-installes-dans-le-grand-lome"
"Togo First (FR)";"FR";"2026-09-18";"Le Togolais Palokinam Pitché prend la tête de l’Organisation ouest-africaine de la santé";"https://www.togofirst.com/fr/sante/1409-20046-le-togolais-palokinam-pitche-prend-la-tete-de-l-organisation-ouest-africaine-de-la-sante"
"Togo First (FR)";"FR";"2026-09-18";"Togo : les entreprises se préparent au passage à la facture électronique certifiée";"https://www.togofirst.com/fr/gouvernance-economique/1409-20045-togo-les-entreprises-se-preparent-au-passage-a-la-facture-electronique-certifiee"
"Togo First (FR)";"FR";"2026-09-18";"Togo-Égypte : une nouvelle ambassadrice pour accélérer les relations économiques entre Lomé et Le Caire";"https://www.togofirst.com/fr/politique/1409-20044-togo-egypte-une-nouvelle-ambassadrice-pour-accelerer-les-relations-economiques-entre-lome-et-le-caire"
"Togo First (FR)";"FR";"2026-09-18";"« Le temps de l’improvisation administrative est définitivement révolu », Yawo Agbessi Tsogbe, président du GNEBTP";"https://www.togofirst.com/fr/btp/1209-20039-le-temps-de-l-improvisation-administrative-est-definitivement-revolu-yawo-agbessi-tsogbe-president-du-gnebtp"
"Togo First (FR)";"FR";"2026-09-18";"À l’Université de Lomé, l’apprentissage des langues étrangères s’élargit dès la rentrée 2026-2027";"https://www.togofirst.com/fr/education/1109-20035-a-l-universite-de-lome-l-apprentissage-des-langues-etrangeres-s-elargit-des-la-rentree-2026-2027"
"Togo First (FR)";"FR";"2026-09-18";"Togo : les recettes fiscales atteignent 507 milliards FCFA à fin juin 2026 en hausse de 14,3%";"https://www.togofirst.com/fr/finances-publiques/1109-20032-togo-les-recettes-fiscales-atteignent-507-milliards-fcfa-a-fin-juin-2026-en-hausse-de-14-3"
"Togo First (FR)";"FR";"2026-09-18";"Le Togo renforce la surveillance de sa sécurité aéroportuaire avec l’appui de l’OACI";"https://www.togofirst.com/fr/transport/1109-20029-le-togo-renforce-la-surveillance-de-sa-securite-aeroportuaire-avec-l-appui-de-l-oaci"
"Togo First (FR)";"FR";"2026-09-18";"Propriété industrielle : l’INPIT appelle les entreprises à protéger leurs actifs immatériels";"https://www.togofirst.com/fr/gouvernance-economique/1109-20028-propriete-industrielle-l-inpit-appelle-les-entreprises-a-proteger-leurs-actifs-immateriels"
"Togo First (FR)";"FR";"2026-09-18";"UEMOA : la BCEAO maintient son taux directeur à 3% malgré la remontée des prix";"https://www.togofirst.com/fr/gouvernance-economique/1109-20027-uemoa-la-bceao-maintient-son-taux-directeur-a-3-malgre-la-remontee-des-prix"
"Togo First (FR)";"FR";"2026-09-18";"Togo : nouvelle hausse des prix à la pompe, le super-sans plomb passe à 817 FCFA";"https://www.togofirst.com/fr/energies/1109-20025-togo-nouvelle-hausse-des-prix-a-la-pompe-le-super-sans-plomb-passe-a-817-fcfa"
"Togo First (FR)";"FR";"2026-09-18";"Badanam Patoki : « Les PPP sont un gage de bonne gouvernance et une garantie pour les investisseurs »";"https://www.togofirst.com/fr/gouvernance-economique/1009-20023-badanam-patoki-les-ppp-sont-un-gage-de-bonne-gouvernance-et-une-garantie-pour-les-investisseurs"
"Togo First (FR)";"FR";"2026-09-18";"Incendie du marché de Kpalimé : d’importants dégâts matériels enregistrés, selon un premier bilan";"https://www.togofirst.com/fr/economie/1009-20021-incendie-du-marche-de-kpalime-d-importants-degats-materiels-enregistres-selon-un-premier-bilan"
"Togo First (FR)";"FR";"2026-09-18";"Au Togo, les importateurs de pagnes plaident pour une meilleure régulation du secteur";"https://www.togofirst.com/fr/gouvernance-economique/1009-20015-au-togo-les-importateurs-de-pagnes-plaident-pour-une-meilleure-regulation-du-secteur"
"Togo First (FR)";"FR";"2026-09-18";"Sécurité alimentaire : la Banque mondiale appuie le Laboratoire national phytosanitaire des aliments";"https://www.togofirst.com/fr/sante/1009-20014-securite-alimentaire-la-banque-mondiale-appuie-le-laboratoire-national-phytosanitaire-des-aliments"
"Togo First (FR)";"FR";"2026-09-18";"Togo : Lomé réunit cinq pays autour de la gestion des déplacements forcés depuis le Sahel";"https://www.togofirst.com/fr/social/1009-20013-togo-lome-reunit-cinq-pays-autour-de-la-gestion-des-deplacements-forces-depuis-le-sahel"
"Togo First (FR)";"FR";"2026-09-18";"Togo AI Lab recrute un responsable technique pour accélérer ses projets d’intelligence artificielle";"https://www.togofirst.com/fr/tic/1009-20012-togo-ai-lab-recrute-un-responsable-technique-pour-accelerer-ses-projets-d-intelligence-artificielle"
"Togo First (FR)";"FR";"2026-09-18";"Nucléaire : le Togo veut transformer l’ambition africaine en projets à Lomé en 2027";"https://www.togofirst.com/fr/energies/1009-20011-nucleaire-le-togo-veut-transformer-l-ambition-africaine-en-projets-a-lome-en-2027"
"Togo First (FR)";"FR";"2026-09-18";"Projet SWEDD+ : Sandra Johnson lance à Blitta la distribution de plus de 150 000 kits scolaires aux filles";"https://www.togofirst.com/fr/social/1009-20004-projet-swedd-sandra-johnson-lance-a-blitta-la-distribution-de-plus-de-150-000-kits-scolaires-aux-filles"
"Togo First (FR)";"FR";"2026-09-18";"WACA-ResIP : 25 épis réceptionnés sur 26 pour renforcer la protection du littoral togolais";"https://www.togofirst.com/fr/btp/1009-20003-waca-resip-25-epis-receptionnes-sur-26-pour-renforcer-la-protection-du-littoral-togolais"
"Togo First (FR)";"FR";"2026-09-18";"Togo : crédits, semences, formation… les appuis aux producteurs s’intensifient au premier semestre 2026";"https://www.togofirst.com/fr/agro/0909-20001-togo-credits-semences-formation-les-appuis-aux-producteurs-s-intensifient-au-premier-semestre-2026"
"L'Alternative (TG)";"FR";"2026-09-18";"Accueil";"https://lalternative.info/"
"L'Alternative (TG)";"FR";"2026-09-18";"A propos";"https://lalternative.info/about-us/"
"L'Alternative (TG)";"FR";"2026-09-18";"Abonnement";"https://lalternative.info/abonnez-vous-a-votre-journal/"
"L'Alternative (TG)";"FR";"2026-09-18";"Togo- Primature, ministère des Enseignements, brigade pour mineurs, CNDH passifs sur...";"https://lalternative.info/2024/09/14/togo-primature-ministere-des-enseignements-brigade-pour-mineurs-cndh-passifs-sur-le-viol-sur-une-petite-fille-a-lecole-la-madone/"
"L'Alternative (TG)";"FR";"2026-09-18";"Togo- Kao Baobadi, l’architecte de l’immeuble défectueux de la LONATO, ses...";"https://lalternative.info/2024/05/15/togo-kao-baobadi-larchitecte-de-limmeuble-defectueux-de-la-lonato-ses-deux-appartements-a-dubai/"
"L'Alternative (TG)";"FR";"2026-09-18";"Un appartement d’Yvonne Bawizibadi Gnassingbé à Dubaï au cœur d’une lutte...";"https://lalternative.info/2024/05/17/un-appartement-dyvonne-bawizibadi-gnassingbe-a-dubai-au-coeur-dune-lutte-de-succession/"
"L'Alternative (TG)";"FR";"2026-09-18";"Togo- Vague d’arrestations en cours au sein des FAT";"https://lalternative.info/2024/07/16/togo-vague-darrestations-en-cours-au-sein-des-fat/"
"L'Alternative (TG)";"FR";"2026-09-18";"Togo- Vote de moins de 50 députés, procurations fabriquées au nom...";"https://lalternative.info/2024/03/31/togo-vote-de-moins-de-50-deputes-procurations-fabriquees-au-nom-des-absents-voici-comment-le-coup-detat-constitutionnel-sest-passe-lundi/"
"L'Alternative (TG)";"FR";"2026-09-18";"Togo-La CEET installe un groupe de 14 millions chez la ministre...";"https://lalternative.info/2024/03/15/togo-la-ceet-installe-un-groupe-de-14-millions-chez-la-ministre-de-lenergie-et-des-mines/"
"L'Alternative (TG)";"FR";"2026-09-18";"Togo- Football : Qui est Nibombé Daré, le nouveau sélectionneur des Eperviers ?";"https://lalternative.info/2024/07/15/togo-football-qui-est-nibombe-dare-le-nouveau-selectionneur-des-eperviers/"
"L'Alternative (TG)";"FR";"2026-09-18";"Togo- Justice : Mandat d’arrêt international contre le Cdt Olivier Amah...";"https://lalternative.info/2024/08/07/togo-justice-mandat-darret-international-contre-le-cdt-olivier-amah-et-le-journaliste-ferdinand-ayite/"
"L'Alternative (TG)";"FR";"2026-09-18";"Togo- CEET: Voici les 3 étapes pour mettre à jour son...";"https://lalternative.info/2024/06/27/togo-ceet-voici-les-3-etapes-pour-mettre-a-jour-son-compteur-cash-power/"
"L'Alternative (TG)";"FR";"2026-09-18";"Togo- Arrestations à Kara : incertitude sur le sort du capitaine...";"https://lalternative.info/2024/07/23/togo-arrestations-a-kara-incertitude-sur-le-sort-du-capitaine-dare-kondi-photo/"
"L'Alternative (TG)";"FR";"2026-09-18";"Togo- Kpendjal : Inhumation sans hommage des militaires tombés au front";"https://lalternative.info/2024/07/29/togo-kpendjal-inhumation-sans-hommage-des-militaires-tombes-au-front/"
"L'Alternative (TG)";"FR";"2026-09-18";"NOUS SOUTENIR";"/donate"
"L'Alternative (TG)";"FR";"2026-09-18";"À propos";"https://lalternative.info/about-us/"
"L'Alternative (TG)";"FR";"2026-09-18";"Faire un don";"https://lalternative.info/donate/"
"L'Alternative (TG)";"FR";"2026-09-18";"Abonnez-vous à votre journal";"https://lalternative.info/abonnez-vous-a-votre-journal/"
"L'Alternative (TG)";"FR";"2026-09-18";"Journal L'alternative";"https://lalternative.info/author/lalternative24/"
"L'Alternative (TG)";"FR";"2026-09-18";"Togo- Journaliste kidnappé, torturé puis jeté dans la brousse… à qui profite le crime ?";"https://lalternative.info/2026/09/09/togo-journaliste-kidnappe-torture-puis-jete-dans-la-brousse-a-qui-profite-le-crime/"
"L'Alternative (TG)";"FR";"2026-09-18";"Diplomatie : deux français arrêtés au Togo, Faure Gnassingbé veut l’extradition de Ferdinand AYITE contre leur libération";"https://lalternative.info/2026/08/18/diplomatie-deux-francais-arretes-au-togo-faure-gnassingbe-veut-lextradition-de-ferdinand-ayite-contre-leur-liberation/"
"L'Alternative (TG)";"FR";"2026-09-18";"Mahama décide de consulter le peuple pour la révision constitutionnelle";"https://lalternative.info/2026/08/16/mahama-decide-de-consulter-le-peuple-pour-la-revision-constitutionnelle/"
"L'Alternative (TG)";"FR";"2026-09-18";"Togo- Tribune : La Cour de justice de la CEDEAO face à un pouvoir qui s’entête à ne jamais avoir tort";"https://lalternative.info/2026/08/10/togo-tribune-la-cour-de-justice-de-la-cedeao-face-a-un-pouvoir-qui-sentete-a-ne-jamais-avoir-tort/"
"L'Alternative (TG)";"FR";"2026-09-18";"La révision constitutionnelle ravive les tensions politiques";"https://lalternative.info/2026/08/08/la-revision-constitutionnelle-ravive-les-tensions-politiques/"
"L'Alternative (TG)";"FR";"2026-09-18";"Togo-Tribune : Moscou tisse sa toile à Lomé";"https://lalternative.info/2026/07/30/togo-tribune-moscou-tisse-sa-toile-a-lome/"
"L'Alternative (TG)";"FR";"2026-09-18";"Togo- Hausse des prix du carburant : Deux Togolais s’affrontent, le virtuel et le réel";"https://lalternative.info/2026/09/16/togo-hausse-des-prix-du-carburant-deux-togolais-saffrontent-le-virtuel-et-le-reel/"
"L'Alternative (TG)";"FR";"2026-09-18";"Togo- Tribune : « On ne soigne pas à la tête du client »";"https://lalternative.info/2026/09/12/togo-tribune-on-ne-soigne-pas-a-la-tete-du-client/"
"L'Alternative (TG)";"FR";"2026-09-18";"Togo- Tribune : Nous voulons savoir ce que vous reprochez à Fred Vedomey";"https://lalternative.info/2026/08/28/togo-tribune-nous-voulons-savoir-ce-que-vous-reprochez-a-fred-vedomey/"
"L'Alternative (TG)";"FR";"2026-09-18";"TRIBUNE- Coupe du monde 2026 : Pourquoi les sélections africaines s’effondrent en fin de match";"https://lalternative.info/2026/07/05/tribune-coupe-du-monde-2026-pourquoi-les-selections-africaines-seffondrent-en-fin-de-match/"
"L'Alternative (TG)";"FR";"2026-09-18";"Togo- Une augmentation de 137 F CFA sur le litre du super sans plomb en 3 mois";"https://lalternative.info/2026/09/11/togo-une-augmentation-de-137-f-cfa-sur-le-litre-du-super-sans-plomb-en-3-mois/"
"L'Alternative (TG)";"FR";"2026-09-18";"« Le peuple ne mange pas les notations » : Oligui Nguema dans le concret, Faure Gnassingbé dans les chiffres fabriqués";"https://lalternative.info/2026/09/10/le-peuple-ne-mange-pas-les-notations-oligui-nguema-dans-le-concret-faure-gnassingbe-dans-les-chiffres-fabriques/"
"L'Alternative (TG)";"FR";"2026-09-18";"Togo- Enquêtes sur la pauvreté : les Togolais végètent dans la misère, le gouvernement s’intéresse aux chiffres";"https://lalternative.info/2026/09/08/togo-enquetes-sur-la-pauvrete-les-togolais-vegetent-dans-la-misere-le-gouvernement-sinteresse-aux-chiffres/"
"L'Alternative (TG)";"FR";"2026-09-18";"Togo- OTR : Éric Amouzou Folly le mari d’une des inspectrices, arrêté";"https://lalternative.info/2026/09/07/togo-otr-eric-amouzou-folly-le-mari-dune-des-inspectrices-arrete/"
"L'Alternative (TG)";"FR";"2026-09-18";"Togo- Les dirigeants africains en chantiers, Faure Gnassingbé fête la correction du « Map »";"https://lalternative.info/2026/09/13/togo-quand-les-dirigeants-africains-sont-sur-les-chantiers-faure-gnassingbe-fete-la-correction-du-map/"
"L'Alternative (TG)";"FR";"2026-09-18";"Togo- Encore un scandale à l’OTR : des cadres de la DGI en garde à vue à la DCPJ";"https://lalternative.info/2026/09/06/togo-encore-un-scandale-a-lotr-des-cadres-de-la-dgi-en-garde-a-vue-a-la-dcpj/"
"L'Alternative (TG)";"FR";"2026-09-18";"Togo- Des partis politiques et OSC apportent leur soutien à Ferdinand Ayité et autres activistes en danger";"https://lalternative.info/2026/09/03/togo-des-partis-politiques-et-osc-apportent-leur-soutien-a-ferdinand-ayite-et-autres-activistes-en-danger/"
"L'Alternative (TG)";"FR";"2026-09-18";"Offre d’emploi/L’ALTERNATIVE";"https://lalternative.info/2024/03/07/offre-demploi-lalternative/"
"L'Alternative (TG)";"FR";"2026-09-18";"Les conseils d’administration de 10 sociétés d’Etat dissous, Mahama met en garde ministres et directeurs de sociétés";"https://lalternative.info/2026/09/03/les-conseils-dadministration-de-10-societes-detat-dissous-mahama-met-en-garde-ministres-et-directeurs-de-societes/"
"L'Alternative (TG)";"FR";"2026-09-18";"Isidore kouwonou";"https://lalternative.info/author/ksisdore/"
"L'Alternative (TG)";"FR";"2026-09-18";"Kossi LAMBA";"https://lalternative.info/author/kossi-lamba/"
"L'Alternative (TG)";"FR";"2026-09-18";"L'Alternative";"https://lalternative.info/author/equipeedito/"
"L'Alternative (TG)";"FR";"2026-09-18";"La CCJA condamne définitivement l’UTB à verser plus de 2,5 milliards de FCFA à TMI";"https://lalternative.info/2026/07/22/la-ccja-condamne-definitivement-lutb-a-verser-plus-de-25-milliards-de-fcfa-a-tmi/"
"L'Alternative (TG)";"FR";"2026-09-18";"Togo- Scandale à l’OTR : Donko Bileyo et Klouvi Dedegan inculpées par le doyen des juges";"https://lalternative.info/2026/05/17/togo-scandale-a-lotr-donko-bileyo-et-klouvi-dedegan-inculpees-par-le-doyen-des-juges/"
"L'Alternative (TG)";"FR";"2026-09-18";"Togo- OTR : Donko Bileyo virée, plainte contre Ferdinand Ayité retirée";"https://lalternative.info/2026/04/19/togo-otr-donko-bileyo-viree-plainte-contre-ferdinand-ayite-retiree/"
"L'Alternative (TG)";"FR";"2026-09-18";"Togo- OTR : le CENTIF saisit le procureur, le doyen des juges d’instruction ouvre une enquête, un autre compte de 530 millions découverts à NSIA";"https://lalternative.info/2026/04/05/togo-otr-le-centif-saisit-le-procureur-le-doyen-des-juges-dinstruction-ouvre-une-enquete-un-autre-compte-de-530-millions-decouverts-a-nsia/"
"L'Alternative (TG)";"FR";"2026-09-18";"John Mahama offre des billets de la Coupe du monde à la diaspora ghanéenne";"https://lalternative.info/2026/06/01/john-mahama-offre-des-billets-de-la-coupe-du-monde-a-la-diaspora-ghaneenne/"
"L'Alternative (TG)";"FR";"2026-09-18";"View all posts";"https://lalternative.info/author/lalternative24/"
"L'Alternative (TG)";"FR";"2026-09-18";"Facebook";"https://www.facebook.com/sharer/sharer.php?u=https://lalternative.info/"
"L'Alternative (TG)";"FR";"2026-09-18";"Twitter";"https://twitter.com/intent/tweet?text=Check%20out%20this%20article:%20Accueil%20-%20https://lalternative.info/"
"L'Alternative (TG)";"FR";"2026-09-18";"Pinterest";"https://www.pinterest.com/pin/create/button/?url=https%3A%2F%2Flalternative.info%2F&description=Accueil"
"L'Alternative (TG)";"FR";"2026-09-18";"Whatsapp";"https://api.whatsapp.com/send?text=Accueil %0A%0A https%3A%2F%2Flalternative.info%2F"
"L'Alternative (TG)";"FR";"2026-09-18";"Telegram";"https://telegram.me/share/url?url=https%3A%2F%2Flalternative.info%2F&text=Accueil"
"L'Alternative (TG)";"FR";"2026-09-18";"Email";"mailto:?subject=Accueil&BODY=https://lalternative.info/"
"L'Alternative (TG)";"FR";"2026-09-18";"À propos";"/about-us"
"L'Alternative (TG)";"FR";"2026-09-18";"Politique de confidentialité";"/privacy-policy"
"L'Alternative (TG)";"FR";"2026-09-18";"Conditions d'utilisation";"/conditions-dutilisation"
"L'Alternative (TG)";"FR";"2026-09-18";"Règlementation européenne";"https://lalternative.info/reglementation-europeenneeu/"
"L'Alternative (TG)";"FR";"2026-09-18";"Facebook";"https://www.facebook.com/profile.php?id=61556605160366"
"L'Alternative (TG)";"FR";"2026-09-18";"Twitter";"https://twitter.com/lalternative_of"
"L'Alternative (TG)";"FR";"2026-09-18";"Instagram";"https://www.instagram.com/lalternative_of/"
"L'Alternative (TG)";"FR";"2026-09-18";"Youtube";"https://www.youtube.com/channel/UCk6JMYUcGDarZYNb-mPPLPA"
"L'Alternative (TG)";"FR";"2026-09-18";"Gérer les options";"#"
"L'Alternative (TG)";"FR";"2026-09-18";"Gérer les services";"#"
"L'Alternative (TG)";"FR";"2026-09-18";"Gérer {vendor_count} fournisseurs";"#"
"L'Alternative (TG)";"FR";"2026-09-18";"En savoir plus sur ces finalités";"https://cookiedatabase.org/tcf/purposes/"
"L'Alternative (TG)";"FR";"2026-09-18";"Voir les préférences";"#"
"L'Alternative (TG)";"FR";"2026-09-18";"{title}";"#"
"L'Alternative (TG)";"FR";"2026-09-18";"Queue";"#"
"L'Alternative (TG)";"FR";"2026-09-18";"Flash plugin";"http://get.adobe.com/flashplayer/"
"Laabali (TG)";"FR";"2026-09-18";"Africa-Newsroom";"https://laabali.com/africa-newsroom/"
"Laabali (TG)";"FR";"2026-09-18";"...";"#"
"Laabali (TG)";"FR";"2026-09-18";"« Mais aujourd'hui, est-ce que nous sommes à la fin du terrorisme ? Personne ne saurait dire oui, parce que c'est une guerre asymétrique », Lorimpo Tchabli, Président du Mouvement en Marche";"https://laabali.com/post/15563/mais-aujourdhui-est-ce-que-nous-sommes-a-la-fin-du-terrorisme-personne-ne-saurait-dire-oui-parce-que-cest-une-guerre-asymetrique-lorimpo-tchabli-president-du-mouvement-en/ "
"Laabali (TG)";"FR";"2026-09-18";"Harmonisations terminologiques dans les langues Moba et Gulmancema : Pr Kantchoa Laré mobilise les personnes ressources";"https://laabali.com/post/15556/harmonisations-terminologiques-dans-les-langues-moba-et-gulmancema-pr-kantchoa-lare-mobilise-les-personnes-ressources/ "
"Laabali (TG)";"FR";"2026-09-18";"La Fédération nationale des maisons familiales de formation rurale du Togo lance un appel à projet de Construction de 50 poulaillers traditionnels améliorés au profit des bénéficiaires de l’IFAD Elevage Barkoissi et 30 poulaillers améliorés au profit des bénéficiaires de la FMFRT";"https://laabali.com/post/15553/la-federation-nationale-des-maisons-familiales-de-formation-rurale-du-togo-lance-un-appel-a-projet-de-construction-de-50-poulaillers-traditionnels-ameliores-au-profit-des-beneficiaires-de-lif/ "
"Laabali (TG)";"FR";"2026-09-18";"La Fédération nationale des maisons familiales de formation rurale du Togo lance un appel à projet de Construction de 50 poulaillers traditionnels améliorés au profit  des bénéficiaires de l’IFAD Elevage Barkoissi et 30 poulaillers améliorés  au profit des bénéficiaires de la FMFRT";"https://laabali.com/post/15535/ifad-elevage-de-barkoissi-appel-a-projet-de-construction-de-50-poulaillers-traditionnels-ameliores-et-30-poulaillers-ameliores-au-profit-des-beneficiaires-de-la-fmfrt/ "
"Laabali (TG)";"FR";"2026-09-18";"La Fédération nationale des maisons familiales de formation rurale du Togo lance un appel à projet de Construction de 50 poulaillers traditionnels améliorés au profit des bénéficiaires de l’IFAD Elevage Barkoissi et 30 poulaillers améliorés au profit des bénéficiaires de la FMFRT";"https://laabali.com/?p=15553"
"Laabali (TG)";"FR";"2026-09-18";"Enfants en situation de handicap: Aphmoto soutient en kits scolaires à Dapaong";"https://laabali.com/?p=15515"
"Laabali (TG)";"FR";"2026-09-18";"Ponio : 30 femmes formées aux activités génératrices de revenus";"https://laabali.com/?p=15505"
"Laabali (TG)";"FR";"2026-09-18";"Accès à l’eau potable : Lancement d’un projet d’adduction d’eau et d’assainissement à Tidjoate-Lambounte";"https://laabali.com/?p=15461"
"Laabali (TG)";"FR";"2026-09-18";"Violences basées sur le genre : AFE sensibilise les communautés à Cinkassé";"https://laabali.com/?p=15384"
"Laabali (TG)";"FR";"2026-09-18";"INADES-Formation : 4 sites maraichers/champs écoles remis aux Scoops dans les savanes";"https://laabali.com/?p=15139"
"Laabali (TG)";"FR";"2026-09-18";"JII 2026 : Dans les Savanes, les infirmiers célébrés pour leur résilience";"https://laabali.com/?p=15103"
"Laabali (TG)";"FR";"2026-09-18";"Dapaong : A2FHV-S sensibilise des acteurs du bâtiment à l’accessibilité des infrastructures publiques";"https://laabali.com/?p=15076"
"Laabali (TG)";"FR";"2026-09-18";"Nadjoundi: ""Les droits de femmes ne donnent pas droit aux femmes de frapper leurs maris""";"https://laabali.com/?p=14881"
"Laabali (TG)";"FR";"2026-09-18";"Yark Damehamme: L’insubmersible général qui murmure aux oreilles de Faure Gnassimgbé";"https://laabali.com/?p=14271"
"Laabali (TG)";"FR";"2026-09-18";"Dapaong : les défis de l’assainissement toujours présents !";"https://laabali.com/?p=13413"
"Laabali (TG)";"FR";"2026-09-18";"Accès à l’eau potable : L’ONG MECAP cultive l’espoir pour la fin de la soif dans les Savanes";"https://laabali.com/?p=13297"
"Laabali (TG)";"FR";"2026-09-18";"Sanloaga (Togo): «Ils enlèvent nos jeunes garçons pour en faire des combattants» 15042 vues";"
                                        https://laabali.com/post/6306/sanloaga-togo-ils-enlevent-nous-jeunes-garcons-pour-en-faire-des-combattants/                                        
                                        "
"Laabali (TG)";"FR";"2026-09-18";"Dapaong: Ouverture du 1e Forum des producteurs agricoles (FOPAT) 13826 vues";"
                                        https://laabali.com/post/6477/dapaong-ouverture-du-1e-forum-des-producteurs-agricoles-fopat/                                        
                                        "
"Laabali (TG)";"FR";"2026-09-18";"TGI/Dapaong: Le départ du président et son équipe fait des mécontents 12848 vues";"
                                        https://laabali.com/post/192/tgi-dapaong-le-depart-du-president-et-son-equipe-fait-des-mecontents/                                        
                                        "
"Laabali (TG)";"FR";"2026-09-18";"Savanes: Les FAT repoussent une attaque, deux assaillants neutralisés 7370 vues";"
                                        https://laabali.com/post/5663/savanes-les-fat-repoussent-une-attaque-deux-assaillants-neutralises/                                        
                                        "
"Laabali (TG)";"FR";"2026-09-18";"Contre le terrorisme: Le Togo fait appel à ses anciens soldats 4287 vues";"
                                        https://laabali.com/post/6743/contre-le-terrorisme-le-togo-fait-appel-a-ses-anciens-soldats/                                        
                                        "
"Laabali (TG)";"FR";"2026-09-18";"Le Maire Monoka Laré et la commune de Tandjouaré 1";"https://laabali.com/post/12171/monoka-lare/"
"Laabali (TG)";"FR";"2026-09-18";"par Edouard Samboe";"#"
"Laabali (TG)";"FR";"2026-09-18";"Suka ou l'art divinatoire: Foi ou culture moba ?";"https://laabali.com/post/12078/suka-ou-lart-divinatoire-foi-ou-culture-moba/"
"Laabali (TG)";"FR";"2026-09-18";"Togo/Education: Diagnostic d'un secteur en panne de repères";"https://laabali.com/post/6749/togo-education-diagnostic-dun-secteur-en-pannes-de-reperes/"
"Laabali (TG)";"FR";"2026-09-18";"Contre le terrorisme: Le Togo fait appel à ses anciens soldats";"https://laabali.com/post/6743/contre-le-terrorisme-le-togo-fait-appel-a-ses-anciens-soldats/"
"Laabali (TG)";"FR";"2026-09-18";"«Le pouvoir doit faire en sorte qu'il y ait moins de frustrations sur les plans politiques et économiques», Pr David Dosseh, OSC";"https://laabali.com/post/6688/le-pouvoir-doit-faire-en-sorte-quil-y-ait-moins-de-frustrations-sur-les-plans-politiques-et-economiques-pr-david-dosseh-osc/"
"Laabali (TG)";"FR";"2026-09-18";"FOPAT: A Dapaong , les producteurs veulent des usines de transformations de tomates";"https://laabali.com/post/6533/fopat-a-dapaong-les-producteurs-veulent-des-usines-de-transformations-de-tomates/"
"Laabali (TG)";"FR";"2026-09-18";"Dapaong: Ouverture du 1e Forum des producteurs agricoles (FOPAT)";"https://laabali.com/post/6477/dapaong-ouverture-du-1e-forum-des-producteurs-agricoles-fopat/"
"Laabali (TG)";"FR";"2026-09-18";"Frontière Burkina-Togo: Le durcissement des mesures sécuritaires impacte Kompienga";"https://laabali.com/post/6464/frontiere-burkina-togo-le-durcissement-des-mesures-securitaires-impacte-kompienga/"
"Laabali (TG)";"FR";"2026-09-18";"Sanloaga (Togo): «Ils enlèvent nos jeunes garçons pour en faire des combattants» 15042 vues";" https://laabali.com/post/6306/sanloaga-togo-ils-enlevent-nous-jeunes-garcons-pour-en-faire-des-combattants/ "
"Laabali (TG)";"FR";"2026-09-18";"Dapaong: Ouverture du 1e Forum des producteurs agricoles (FOPAT) 13826 vues";" https://laabali.com/post/6477/dapaong-ouverture-du-1e-forum-des-producteurs-agricoles-fopat/ "
"Laabali (TG)";"FR";"2026-09-18";"TGI/Dapaong: Le départ du président et son équipe fait des mécontents 12848 vues";" https://laabali.com/post/192/tgi-dapaong-le-depart-du-president-et-son-equipe-fait-des-mecontents/ "
"Laabali (TG)";"FR";"2026-09-18";"CrEaT";""
"Fraternité Matin (CI)";"FR";"2026-09-18";"Orpaillage illégal : le CNS renforce le dispositif de lutte et fixe de nouvelles mesures";"https://www.fratmat.info/article/2644587/societe/orpaillage-illegal-le-cns-renforce-le-dispositif-de-lutte-et-fixe-de-nouvelles-mesures"
"Fraternité Matin (CI)";"FR";"2026-09-18";"Restitution parlementaire: Laurent Tchagba met la reddition de comptes au cœur du dialogue avec les populations";"https://www.fratmat.info/article/2644586/politique/restitution-parlementaire-laurent-tchagba-met-la-reddition-de-comptes-au-cur-du-dialogue-avec-les-populations"
"Fraternité Matin (CI)";"FR";"2026-09-18";"Biodiversité : Jean-Louis Billon nommé Patron de la Nature de l’UICN";"https://www.fratmat.info/article/2644577/societe/biodiversite-jean-louis-billon-nomme-patron-de-la-nature-de-luicn"
"Fraternité Matin (CI)";"FR";"2026-09-18";"Sécurité privée/Cissé Mamadi (expert basé aux États-Unis): « Le secteur se développe vite en Côte d’Ivoire, mais il y a beaucoup d’aspects à améliorer »";"https://www.fratmat.info/article/2644575/societe/securite-priveecisse-mamadi-expert-base-aux-etats-unis-le-secteur-se-developpe-vite-en-cote-divoire-mais-il-y-a-beaucoup-daspects-a-ameliorer-"
"Fraternité Matin (CI)";"FR";"2026-09-18";"Protection de la couche d’ozone : Abou Bamba sonne la mobilisation pour un « froid durable »";"https://www.fratmat.info/article/2644569/economie/protection-de-la-couche-dozone-abou-bamba-sonne-la-mobilisation-pour-un-froid-durable-"
"Fraternité Matin (CI)";"FR";"2026-09-18";"Hadj 2026/Séminaire : plus de 99 % de taux de réussite, les défis de 2027 se précisent";"https://www.fratmat.info/article/2644564/societe/hadj-2026seminaire-plus-de-99-de-taux-de-reussite-les-defis-de-2027-se-precisent"
"La Nation (BJ)";"FR";"2026-09-18";"Salon régional de l'Actionnariat: Fabien Cohovi HOUNYOVI évoque les grands enjeux";"https://lanation.bj/economie/salon-regional-de-lactionnariat-fabien-cohovi-hounyovi-evoque-les-grands-enjeux"
"La Nation (BJ)";"FR";"2026-09-18";"Politique communautaire de la concurrence de l'Uemoa: Renforcer les règles pour un marché commun plus équitable";"https://lanation.bj/economie/politique-communautaire-de-la-concurrence-de-luemoa-renforcer-les-regles-pour-un-marche-commun-plus-equitable"
"La Nation (BJ)";"FR";"2026-09-18";"18 sept. 2026";"https://lanation.bj/economie/politique-communautaire-de-la-concurrence-de-luemoa-renforcer-les-regles-pour-un-marche-commun-plus-equitable"
"La Nation (BJ)";"FR";"2026-09-18";"Salon régional de l'Actionnariat: Fabien Cohovi HOUNYOVI évoque les grands enjeux
                                                                    Lecture de 3 min";"https://lanation.bj/economie/salon-regional-de-lactionnariat-fabien-cohovi-hounyovi-evoque-les-grands-enjeux"
"La Nation (BJ)";"FR";"2026-09-18";"Obtention de crédit bancaire au Bénin : Quelle peine encourt l’emprunteur qui affecte son prêt à un autre projet ?
                            
                                                            Lecture de 3 min";"https://lanation.bj/economie/obtention-de-credit-bancaire-au-benin-quelle-peine-encourt-lemprunteur-qui-affecte-son-pret-a-un-autre-projet"
"La Nation (BJ)";"FR";"2026-09-18";"Salon régional de l'Actionnariat: Fabien Cohovi HOUNYOVI évoque les grands enjeux
                            
                                                            Lecture de 3 min";"https://lanation.bj/economie/salon-regional-de-lactionnariat-fabien-cohovi-hounyovi-evoque-les-grands-enjeux"
"La Nation (BJ)";"FR";"2026-09-18";"Économie : La cryptomonnaie est-elle légale au Bénin ? Peut-on payer ses impôts avec ?
                            
                                                            Lecture de 2 min";"https://lanation.bj/economie/economie-la-cryptomonnaie-est-elle-legale-au-benin-peut-on-payer-ses-impots-avec"
"La Nation (BJ)";"FR";"2026-09-18";"Réponse de la Bad face aux chocs énergétiques: Un appui d'environ 5,1 milliards de dollars aux économies";"https://lanation.bj/economie/reponse-de-la-bad-face-aux-chocs-energetiques-un-appui-denviron-51-milliards-de-dollars-aux-economies"
"Malijet (ML)";"FR";"2026-09-18";"Politique";"https://malijet.com/actualite-politique-au-mali"
"Malijet (ML)";"FR";"2026-09-18";"Economie";"https://malijet.com/actualite_economique_du_mali"
"Malijet (ML)";"FR";"2026-09-18";"Sports";"https://malijet.com/actualite_sportive_au_mali"
"Malijet (ML)";"FR";"2026-09-18";"Culture";"https://malijet.com/actualite_culturelle_au_mali"
"Malijet (ML)";"FR";"2026-09-18";"International";"https://malijet.com/actualite_internationale"
"Malijet (ML)";"FR";"2026-09-18";"AES";"https://malijet.com/actualite-sur-aes"
"Malijet (ML)";"FR";"2026-09-18";"Afrique";"https://malijet.com/actualite-sur-afrique"
"Malijet (ML)";"FR";"2026-09-18";"Énergie et Mines : L’AES scelle sa souveraineté économique lors de la 1re Semaine de l’Énergie, des Mines et des Hydrocarbures";"https://malijet.com/actualite-sur-aes/311896-energie-et-mines-laes-scelle-sa-souverainete-economique-l.html"
"Malijet (ML)";"FR";"2026-09-18";"Frontières de l’AES : Le Burkina, le Mali et le Niger transforment leurs limites en espaces de paix et de coopération";"https://malijet.com/actualite-sur-aes/311857-frontieres-de-laes-le-burkina-le-mali-et-le-niger-transf.html"
"Malijet (ML)";"FR";"2026-09-18";"Programme Tounkaranké : les 12 maires de Yélimané s’engagent pour six mois d’actions en faveur du développement local";"https://malijet.com/actualite_economique_du_mali/311800-programme-tounkaranke-les-12-maires-de-yelimane-sengagent.html"
"Malijet (ML)";"FR";"2026-09-18";"Mali-Suisse : Lancement du nouveau programme de coopération 2026-2029";"https://malijet.com/actualite-politique-au-mali/311893-mali-suisse-lancement-du-nouveau-programme-de-cooperation.html"
"Malijet (ML)";"FR";"2026-09-18";"Coopération : le Mali et la Suisse lancent leur nouveau programme de partenariat (2026-2029)";"https://malijet.com/actualite-politique-au-mali/311889-cooperation-le-mali-et-la-suisse-lancent-leur-nouveau-prog.html"
"Malijet (ML)";"FR";"2026-09-18";"CAN 2027 : le président de la CAF, Patrice Motsepe, en visite d'inspection des infrastructures à Dar es Salaam";"https://malijet.com/actualite_sportive_au_mali/311888-can-2027-le-president-de-la-caf-patrice-motsepe-en-visit.html"
"Malijet (ML)";"FR";"2026-09-18";"Voir tout →";"https://malijet.com/actualite-politique-au-mali"
"Malijet (ML)";"FR";"2026-09-18";"Mali-Algérie : Bamako et Alger veulent renforcer leur coopération économique";"https://malijet.com/actualite-politique-au-mali/311828-mali-algerie-bamako-et-alger-veulent-renforcer-leur-cooper.html"
"Malijet (ML)";"FR";"2026-09-18";"Mali : le Gouvernement et le HCR renforcent la réponse aux déplacements forcés";"https://malijet.com/actualite-politique-au-mali/311826-mali-le-gouvernement-et-le-hcr-renforcent-la-reponse-aux-d.html"
"Malijet (ML)";"FR";"2026-09-18";"Voir tout →";"https://malijet.com/actualite_economique_du_mali"
"Malijet (ML)";"FR";"2026-09-18";"Financement des entreprises : le CNPM et la BAD renforcent leur alliance pour booster le secteur privé malien";"https://malijet.com/actualite_economique_du_mali/311874-financement-des-entreprises-le-cnpm-et-la-bad-renforcent-l.html"
"Malijet (ML)";"FR";"2026-09-18";"BSIC et Programme Tounkaranké : un partenariat au service de l’économie locale à Yélimané";"https://malijet.com/actualite_economique_du_mali/311872-bsic-et-programme-tounkaranke-un-partenariat-au-service-de.html"
"Malijet (ML)";"FR";"2026-09-18";"Réglementation : La DGCC saisit des motocyclettes non déclarées à Kayes";"https://malijet.com/actualite_economique_du_mali/311859-reglementation-la-dgcc-saisit-des-motocyclettes-non-declar.html"
"Malijet (ML)";"FR";"2026-09-18";"Sénégal-FMI : Bassirou Diomaye Faye et Kristalina Georgieva veulent accélérer le nouveau programme";"https://malijet.com/actualite_economique_du_mali/311852-senegal-fmi-bassirou-diomaye-faye-et-kristalina-georgieva.html"
"Malijet (ML)";"FR";"2026-09-18";"Voir tout →";"https://malijet.com/actualite_sportive_au_mali"
"Malijet (ML)";"FR";"2026-09-18";"Stade Malien : le club alerte sur de faux communiqués diffusés en son nom";"https://malijet.com/actualite_sportive_au_mali/311882-stade-malien-le-club-alerte-sur-de-faux-communiques-diffus.html"
"Malijet (ML)";"FR";"2026-09-18";"Football-Transfert : Yves Bissouma rejoint l’Ajax Amsterdam";"https://malijet.com/actualite_sportive_au_mali/311875-football-transfert-yves-bissouma-rejoint-lajax-amsterdam.html"
"Malijet (ML)";"FR";"2026-09-18";"JAES U17 : le Mali conserve son titre face au Burkina Faso";"https://malijet.com/actualite_sportive_au_mali/311861-jaes-u17-le-mali-conserve-son-titre-face-au-burkina-faso.html"
"Malijet (ML)";"FR";"2026-09-18";"Voir tout →";"https://malijet.com/actualite_internationale"
"Malijet (ML)";"FR";"2026-09-18";"Sénégal-Émirats arabes unis : le président Faye et le cheikh Mohammed ben Zayed renforcent leur partenariat stratégique";"https://malijet.com/actualite_internationale/311881-senegal-emirats-arabes-unis-le-president-faye-et-le-cheikh.html"
"Malijet (ML)";"FR";"2026-09-18";"Deux militaires russes de retour au pays après 755 jours de détention";"https://malijet.com/actualite_internationale/311847-deux-militaires-russes-de-retour-au-pays-apres-755-jours-de.html"
"Malijet (ML)";"FR";"2026-09-18";"Guerre en Iran: le Pentagone contredit Trump et reconnaît une pénurie de munitions";"https://malijet.com/actualite_internationale/311838-guerre-en-iran-le-pentagone-contredit-trump-et-reconnait-un.html"
"Malijet (ML)";"FR";"2026-09-18";"Xi Jinping affirme que les pays des BRICS devraient jouer un rôle de pionniers en matière d'amélioration de la gouvernance mondiale";"https://malijet.com/actualite_internationale/311799-xi-jinping-affirme-que-les-pays-des-brics-devraient-jouer-un.html"
"Malijet (ML)";"FR";"2026-09-18";"Voir tout →";"https://malijet.com/actualite-sur-aes"
"Malijet (ML)";"FR";"2026-09-18";"Egypte : le Burkina Faso renforce la coordination de l’AES au Caire";"https://malijet.com/actualite-sur-aes/311642-egypte-le-burkina-faso-renforce-la-coordination-de-laes-a.html"
"Malijet (ML)";"FR";"2026-09-18";"AES : Le Burkina Faso, le Mali et le Niger s'attellent à la création d'un ordre du mérite 100 % africain";"https://malijet.com/actualite-sur-aes/311595-aes-le-burkina-faso-le-mali-et-le-niger-sattellent-a-la.html"
"Malijet (ML)";"FR";"2026-09-18";"La revue de Presse du quotidien en ligne Malijet du 10 septembre 2026
                il y a 1 semaine";"https://malijet.com/actualite_en_video/311764-la-revue-de-presse-du-quotidien-en-ligne-malijet-du-10-septe.html"
"Malijet (ML)";"FR";"2026-09-18";"Médias : La HAC de Guinée interdit la diffusion de France 24 sur tout le territoire national
                                        il y a 21 heures";"https://malijet.com/actualite-sur-afrique/311885-medias-la-hac-de-guinee-interdit-la-diffusion-de-france-24.html"
"Malijet (ML)";"FR";"2026-09-18";"Soudan-Niger : Le général al-Burhan et le président Tiani conviennent de renforcer leur coopération sécuritaire et politique
                                        il y a 1 jour";"https://malijet.com/actualite-sur-afrique/311876-soudan-niger-le-general-al-burhan-et-le-president-tiani-co.html"
"Malijet (ML)";"FR";"2026-09-18";"Bénin-Rwanda : Le président Romuald Wadagni entame une visite officielle de deux jours à Kigali
                                        il y a 1 jour";"https://malijet.com/actualite-sur-afrique/311869-benin-rwanda-le-president-romuald-wadagni-entame-une-visit.html"
"Malijet (ML)";"FR";"2026-09-18";"Algérie : Tebboune reçoit Massad Boulos, conseiller de Trump
                                        il y a 1 jour";"https://malijet.com/actualite-sur-afrique/311863-algerie-tebboune-recoit-massad-boulos-conseiller-de-trump.html"
"Malijet (ML)";"FR";"2026-09-18";"Cap-Vert : le président José Maria Neves candidat à sa propre succession
                                        il y a 2 jours";"https://malijet.com/actualite-sur-afrique/311841-cap-vert-le-president-jose-maria-neves-candidat-a-sa-propr.html"
"Malijet (ML)";"FR";"2026-09-18";"Dangote révèle avoir eu son premier jet privé à 22 ans et demi et conseille ceux qui en possèdent
                                        il y a 3 jours";"https://malijet.com/actualite-sur-afrique/311837-dangote-revele-avoir-eu-son-premier-jet-prive-a-22-ans-et-de.html"
"Malijet (ML)";"FR";"2026-09-18";"Côte d’Ivoire-Guinée : Les présidents Ouattara et Doumbouya réaffirment l’excellence de leur partenariat
                                        il y a 4 jours";"https://malijet.com/actualite-sur-afrique/311807-cote-divoire-guinee-les-presidents-ouattara-et-doumbouya.html"
"Malijet (ML)";"FR";"2026-09-18";"Niger : Le président Tiani remanie la haute hiérarchie militaire après la mutinerie de la base 101
                                        il y a 4 jours";"https://malijet.com/actualite-sur-afrique/311806-niger-le-president-tiani-remanie-la-haute-hierarchie-milit.html"
"Malijet (ML)";"FR";"2026-09-18";"Visite d’État : Le président Mamadi Doumbouya accueilli en grande pompe à Abidjan
                                        il y a 5 jours";"https://malijet.com/actualite-sur-afrique/311792-visite-detat-le-president-mamadi-doumbouya-accueilli-en-g.html"
"Malijet (ML)";"FR";"2026-09-18";"Togo : une nouvelle agence pour renforcer la régulation des médicaments
                                        il y a 6 jours";"https://malijet.com/actualite-sur-afrique/311780-togo-une-nouvelle-agence-pour-renforcer-la-regulation-des.html"
"Malijet (ML)";"FR";"2026-09-18";"Sénégal-Émirats arabes unis : le président Faye et le cheikh Mohammed ben Zayed renforcent leur partenariat stratégique
                                        il y a 23 heures";"https://malijet.com/actualite_internationale/311881-senegal-emirats-arabes-unis-le-president-faye-et-le-cheikh.html"
"Malijet (ML)";"FR";"2026-09-18";"Deux militaires russes de retour au pays après 755 jours de détention
                                        il y a 2 jours";"https://malijet.com/actualite_internationale/311847-deux-militaires-russes-de-retour-au-pays-apres-755-jours-de.html"
"Malijet (ML)";"FR";"2026-09-18";"Guerre en Iran: le Pentagone contredit Trump et reconnaît une pénurie de munitions
                                        il y a 2 jours";"https://malijet.com/actualite_internationale/311838-guerre-en-iran-le-pentagone-contredit-trump-et-reconnait-un.html"
"Malijet (ML)";"FR";"2026-09-18";"Xi Jinping affirme que les pays des BRICS devraient jouer un rôle de pionniers en matière d'amélioration de la gouvernance mondiale
                                        il y a 4 jours";"https://malijet.com/actualite_internationale/311799-xi-jinping-affirme-que-les-pays-des-brics-devraient-jouer-un.html"
"Malijet (ML)";"FR";"2026-09-18";"L’Algérie va fermer son espace aérien aux aéronefs immatriculés aux Émirats après la rupture des relations diplomatiques
                                        il y a 6 jours";"https://malijet.com/actualite_internationale/311784-lalgerie-va-fermer-son-espace-aerien-aux-aeronefs-immatricu.html"
"Malijet (ML)";"FR";"2026-09-18";"CGTN Sondage | Pourquoi la « solution de l'OCS » pour la gouvernance mondiale suscite-t-elle une large attention ?
                                        il y a 1 semaine";"https://malijet.com/actualite_internationale/311750-cgtn-sondage-pourquoi-la-solution-de-locs-pour-la-gou.html"
"Malijet (ML)";"FR";"2026-09-18";"Lavrov : la Russie et la Chine ne se cachent aucun secret technologique
                                        1 commentaire
                                        il y a 1 semaine";"https://malijet.com/actualite_internationale/311736-lavrov-la-russie-et-la-chine-ne-se-cachent-aucun-secret-te.html"
"Malijet (ML)";"FR";"2026-09-18";"Tour Eiffel : des salariées écartées, une enquête annoncée
                                        il y a 1 semaine";"https://malijet.com/actualite_internationale/311731-tour-eiffel-des-salariees-ecartees-une-enquete-annoncee.html"
"Malijet (ML)";"FR";"2026-09-18";"Japon : 41 blessés après de pluies torrentielles dans la ville de Nagoya
                                        il y a 1 semaine";"https://malijet.com/actualite_internationale/311729-japon-41-blesses-apres-de-pluies-torrentielles-dans-la-vil.html"
"Malijet (ML)";"FR";"2026-09-18";"France : les prix des carburants atteignent de nouveaux records sur fond de tensions au Moyen-Orient
                                        il y a 1 semaine";"https://malijet.com/actualite_internationale/311728-france-les-prix-des-carburants-atteignent-de-nouveaux-reco.html"
"Malijet (ML)";"FR";"2026-09-18";"BSIC et Programme Tounkaranké : un partenariat au service de l’économie locale à Yélimané
                    2 commentaires
                    il y a 1 jour";"https://malijet.com/actualite_economique_du_mali/311872-bsic-et-programme-tounkaranke-un-partenariat-au-service-de.html"
"Malijet (ML)";"FR";"2026-09-18";"Financement des entreprises : le CNPM et la BAD renforcent leur alliance pour booster le secteur privé malien
                    1 commentaire
                    il y a 1 jour";"https://malijet.com/actualite_economique_du_mali/311874-financement-des-entreprises-le-cnpm-et-la-bad-renforcent-l.html"
"Malijet (ML)";"FR";"2026-09-18";"Économie";"https://malijet.com/actualite_economique_du_mali"
