"Source";"Language";"Date";"Title";"URL"
"VRT NWS (EN)";"EN";"2026-09-24";"Het regent pakjesautomaten: ook PostNL gaat er dit jaar nog tientallen installeren";"https://www.vrt.be/vrtnws/nl/2026/09/23/pakjesautomaten-postnl/?utm_source=corporate&utm_medium=referral&utm_campaign=rssfeed&utm_content=vrt-nws"
"VRT NWS (EN)";"EN";"2026-09-24";"Huis in Roeselare 15 keer beschoten: zware schade aan voordeur";"https://www.vrt.be/vrtnws/nl/2026/09/24/huis-roeselare-beschoten-politie/?utm_source=corporate&utm_medium=referral&utm_campaign=rssfeed&utm_content=vrt-nws"
"VRT NWS (EN)";"EN";"2026-09-24";"Belgische primeur: Mona Mina Leon (32) maakt als eerste Belgische actrice ooit kans op een internationale Emmy";"https://www.vrt.be/vrtnws/nl/2026/09/24/belgische-actrice-mona-mina-leon-32-genomineerd-voor-internati/?utm_source=corporate&utm_medium=referral&utm_campaign=rssfeed&utm_content=vrt-nws"
"VRT NWS (EN)";"EN";"2026-09-24";"Sociaal-liberale regeringspartij PAM wint Marokkaanse verkiezingen, opkomst zakt naar 38 procent";"https://www.vrt.be/vrtnws/nl/2026/09/24/sociaal-liberale-partij-voor-authenticiteit-en-moderniteit-pam/?utm_source=corporate&utm_medium=referral&utm_campaign=rssfeed&utm_content=vrt-nws"
"VRT NWS (EN)";"EN";"2026-09-24";"Rechter verplicht Trump om journalisten van CNN, MS NOW en Politico weer toe te laten in Witte Huis";"https://www.vrt.be/vrtnws/nl/2026/09/24/rechter-schorst-ban-op-cnn-en-andere-amerikaanse-media/?utm_source=corporate&utm_medium=referral&utm_campaign=rssfeed&utm_content=vrt-nws"
"VRT NWS (EN)";"EN";"2026-09-24";"Vlaamse tieners drinken minder dan 10 jaar geleden, maar bingedrinken blijft een probleem";"https://www.vrt.be/vrtnws/nl/2026/09/23/alcohol-en-druggebruik-jongeren-cijfers-vad/?utm_source=corporate&utm_medium=referral&utm_campaign=rssfeed&utm_content=vrt-nws"
"VRT NWS (EN)";"EN";"2026-09-24";"Pratend AI-bankje in Balen kampt met problemen: ""Frank de Bank laat ons niet uitspreken""";"https://www.vrt.be/vrtnws/nl/2026/09/23/balen-sprekende-zitbank-ai-systeem-technische-fouten/?utm_source=corporate&utm_medium=referral&utm_campaign=rssfeed&utm_content=vrt-nws"
"VRT NWS (EN)";"EN";"2026-09-24";"Nicolas Ullens voor assisen: hoe ruzie binnen steenrijke familie eindigde in moord op stiefmoeder Mimi (70)";"https://www.vrt.be/vrtnws/nl/2026/09/22/assisenproces-nicolas-ullens-nijvel-start/?utm_source=corporate&utm_medium=referral&utm_campaign=rssfeed&utm_content=vrt-nws"
"VRT NWS (EN)";"EN";"2026-09-24";"Aardappelboer doodde dochtertjes Maud (8) en Ona (5) en wilde mogelijk ook ex-vrouw ombrengen: proces gaat van start";"https://www.vrt.be/vrtnws/nl/2026/09/16/assisenproces-chris-vanhaverbeke-moord-dochtertjes-voorbeschouwi/?utm_source=corporate&utm_medium=referral&utm_campaign=rssfeed&utm_content=vrt-nws"
"VRT NWS (EN)";"EN";"2026-09-24";"""Het slijt heel moeizaam"": burgemeester Oostkamp getuigt over hoe zijn gemeente drama in Waardamme probeert te verwerken";"https://www.vrt.be/vrtnws/nl/2026/09/23/oostkamp-hoopt-overlijden-ona-en-maud-een-plaats-te-kunnen-geven/?utm_source=corporate&utm_medium=referral&utm_campaign=rssfeed&utm_content=vrt-nws"
"VRT NWS (EN)";"EN";"2026-09-24";"Xi Jinping komt sterker naar Washington dan Trump lief is en toch hebben beide presidenten elkaar nodig";"https://www.vrt.be/vrtnws/nl/2026/09/22/xi-jinping-komt-sterker-naar-washington-dan-trump-lief-is-en-to/?utm_source=corporate&utm_medium=referral&utm_campaign=rssfeed&utm_content=vrt-nws"
"VRT NWS (EN)";"EN";"2026-09-24";"Meer dan 50 publieke zwembaden gesloten sinds 2004: waarom kan Vlaanderen het tij niet keren?";"https://www.vrt.be/vrtnws/nl/2026/09/11/zwembaden-subsidie-vlaanderen-gesloten-open/?utm_source=corporate&utm_medium=referral&utm_campaign=rssfeed&utm_content=vrt-nws"
"VRT NWS (EN)";"EN";"2026-09-24";"IN KAART: Hoeveel kost zwemmen in jouw buurt?";"https://www.vrt.be/vrtnws/nl/2026/08/13/zwembaden-vlaanderen-aantal-gemeentelijk-lago-sportoase/?utm_source=corporate&utm_medium=referral&utm_campaign=rssfeed&utm_content=vrt-nws"
"VRT NWS (EN)";"EN";"2026-09-24";"Zelfrijdende Tesla heeft moeite met zone 30 en fietsstraat: ""Systeem heeft wel enorm veel potentieel""";"https://www.vrt.be/vrtnws/nl/2026/09/22/zelfrijdende-tesla-heeft-wat-moeite-met-zone-30-en-fietsstraat/?utm_source=corporate&utm_medium=referral&utm_campaign=rssfeed&utm_content=vrt-nws"
"VRT NWS (EN)";"EN";"2026-09-24";"'Ta mal ou' toont wanhoop van wie chronisch ziek is";"https://www.vrt.be/vrtnws/nl/2026/09/21/ta-mal-ou-wanneer-dat-overal-is-en-niemand-je-gelooft/?utm_source=corporate&utm_medium=referral&utm_campaign=rssfeed&utm_content=vrt-nws"
"VRT NWS (EN)";"EN";"2026-09-24";"Britse zanger Michael Kiwanuka (39) herstelt van hersenbloeding: ""Het wordt een lange, zware weg""";"https://www.vrt.be/vrtnws/nl/2026/09/23/michael-kiwanuka-hersenbloeding/?utm_source=corporate&utm_medium=referral&utm_campaign=rssfeed&utm_content=vrt-nws"
"VRT NWS (EN)";"EN";"2026-09-24";"Strategische Chagos-eilanden blijven Brits: regering-Burnham plooit na kritiek Trump";"https://www.vrt.be/vrtnws/nl/2026/09/23/chagos-teruggave-fup/?utm_source=corporate&utm_medium=referral&utm_campaign=rssfeed&utm_content=vrt-nws"
"VRT NWS (EN)";"EN";"2026-09-24";"VS nodigt waarnemers van OVSE voor het eerst in 24 jaar niet uit voor verkiezingen";"https://www.vrt.be/vrtnws/nl/2026/09/23/ovse-niet-welkom-amerikaanse-verkiezingen/?utm_source=corporate&utm_medium=referral&utm_campaign=rssfeed&utm_content=vrt-nws"
"VRT NWS (EN)";"EN";"2026-09-24";"""Het blijft vaag hoe verandering concreet wordt uitgewerkt"": zo kijkt onze kenner Gianni Paelinck naar deelname VRT aan Songfestival";"https://www.vrt.be/vrtnws/nl/2026/09/23/gianni-paelinck-over-deelname-eurovisiesongfestival-vrt-belgie-b/?utm_source=corporate&utm_medium=referral&utm_campaign=rssfeed&utm_content=vrt-nws"
"VRT NWS (EN)";"EN";"2026-09-24";"Sjoerd Kuyper (74) overleden, auteur bekend van boek en serie 'Het zakmes'";"https://www.vrt.be/vrtnws/nl/2026/09/23/sjoerd-kuyper-auteur-overleden-het-zakmes/?utm_source=corporate&utm_medium=referral&utm_campaign=rssfeed&utm_content=vrt-nws"
"VRT NWS (EN)";"EN";"2026-09-24";"Wat doe je als een kind zich ernstig verslikt? Rode Kruis legt de juiste technieken uit";"https://www.vrt.be/vrtnws/nl/2026/09/23/rode-kruis-eerste-hulp-bij-iemand-die-stikt-heimlich/?utm_source=corporate&utm_medium=referral&utm_campaign=rssfeed&utm_content=vrt-nws"
"VRT NWS (EN)";"EN";"2026-09-24";"VRT neemt deel aan het Songfestival: ""Geen goedkeuring of normalisering van wat in Gaza gebeurt""";"https://www.vrt.be/vrtnws/nl/2026/09/23/songfestival-vrt/?utm_source=corporate&utm_medium=referral&utm_campaign=rssfeed&utm_content=vrt-nws"
"VRT NWS (EN)";"EN";"2026-09-24";"7 tips om je kind weerbaar te maken tegen seksueel misbruik: ""Voed het niet in angst op""";"https://www.vrt.be/vrtnws/nl/2026/09/23/hoe-vermijden-dat-je-kind-ten-prooi-valt-aan-kindermisbruik/?utm_source=corporate&utm_medium=referral&utm_campaign=rssfeed&utm_content=vrt-nws"
"VRT NWS (EN)";"EN";"2026-09-24";"Bestuurder (20) die 3 kinderen en schooldirecteur doodreed in Zeeland, reed minstens 130 km per uur in zone 80";"https://www.vrt.be/vrtnws/nl/2026/09/23/dodelijk-ongeval-zeeuws-vlaanderen/?utm_source=corporate&utm_medium=referral&utm_campaign=rssfeed&utm_content=vrt-nws"
"VRT NWS (EN)";"EN";"2026-09-24";"Eerste Belgische maanwagentje vliegt in 2029 mee met raket van Amazon-oprichter Jeff Bezos";"https://www.vrt.be/vrtnws/nl/2026/09/22/maanrover-luvmi-m-spaceapps-blue-origin/?utm_source=corporate&utm_medium=referral&utm_campaign=rssfeed&utm_content=vrt-nws"
"VRT NWS (EN)";"EN";"2026-09-24";"Kot vol muizen en schimmel, maar wel kwaliteitslabel: ""Ik betaal 870 euro, wat is zo'n attest eigenlijk waard?""";"https://www.vrt.be/vrtnws/nl/2026/09/18/studentenkoten-tekort-kwaliteislabel-undercover-winwin-getuigeni/?utm_source=corporate&utm_medium=referral&utm_campaign=rssfeed&utm_content=vrt-nws"
"VRT NWS (EN)";"EN";"2026-09-24";"Dit zijn de opvallendste passages uit Diana-boek 'Zwanenzang': van handtastelijke Al-Fayed tot ""beetje mollig daar""";"https://www.vrt.be/vrtnws/nl/2026/09/20/dit-is-zwanenzang-mijn-zus-diana/?utm_source=corporate&utm_medium=referral&utm_campaign=rssfeed&utm_content=vrt-nws"
"VRT NWS (EN)";"EN";"2026-09-24";"Waarom de geruchten over de gezondheid van Xi Jinping zoveel onrust veroorzaken";"https://www.vrt.be/vrtnws/nl/2026/09/19/wat-is-er-aan-de-hand-met-de-gezondheid-van-de-chinese-president/?utm_source=corporate&utm_medium=referral&utm_campaign=rssfeed&utm_content=vrt-nws"
"VRT NWS (EN)";"EN";"2026-09-24";"""Ik was nooit verder dan fietsen met zijwieltjes geraakt"": 4 volwassenen getuigen over leren fietsen op latere leeftijd";"https://www.vrt.be/vrtnws/nl/2026/09/15/mobiliteit-volwassen-die-leren-fietsen/?utm_source=corporate&utm_medium=referral&utm_campaign=rssfeed&utm_content=vrt-nws"
"VRT NWS (EN)";"EN";"2026-09-24";"Wanneer wordt mijn gasaansluiting afgesloten en hoe haalbaar is dat? Jouw vragen over afbouw van aardgas beantwoord";"https://www.vrt.be/vrtnws/nl/2026/09/16/vragen-afbouw-aardgasnet-vlaanderen/?utm_source=corporate&utm_medium=referral&utm_campaign=rssfeed&utm_content=vrt-nws"
"VRT NWS (EN)";"EN";"2026-09-24";"De Wevers 'witte kaftje' met begrotingsideeën blijft een mysterie, maar dit weten we wel al";"https://www.vrt.be/vrtnws/nl/2026/09/14/begrotingsvoorstellen-wit-kaftje-de-wever/?utm_source=corporate&utm_medium=referral&utm_campaign=rssfeed&utm_content=vrt-nws"
"VRT NWS (EN)";"EN";"2026-09-24";"Waarom heeft Europa een eigen satellietnetwerk nodig? En komen we niet hopeloos te laat?";"https://www.vrt.be/vrtnws/nl/2026/09/11/iris2-waarom-europa-eigen-satellietnetwerk-nodig-heeft/?utm_source=corporate&utm_medium=referral&utm_campaign=rssfeed&utm_content=vrt-nws"
"VRT NWS (EN)";"EN";"2026-09-24";"WK gravel keert in 2030 terug naar België, met Turnhout als gaststad";"https://sporza.be/nl/2026/09/24/wk-gravel-keert-in-2030-terug-naar-belgie-met-turnhout-als-gast~1790201810458/"
"VRT NWS (EN)";"EN";"2026-09-24";"Toptalent Jesse Bisiwu over de droomtransfer naar Barcelona, die zijn leven veranderde: ""Yamal is eigenlijk een rustige jongen""";"https://sporza.be/nl/2026/09/23/toptalent-jesse-bisiwu-over-de-droomtransfer-naar-barcelona-die-zijn-leven-veranderde-yamal-is-eigenlijk-een-rustige-jongen~1790162940390/"
"VRT NWS (EN)";"EN";"2026-09-24";"Benidorm strikt WK veldrijden in 2031, Denemarken is jaar later aan de beurt";"https://sporza.be/nl/2026/09/24/benidorm-strikt-wk-veldrijden-in-2031-denemarken-is-jaar-later~1790200918151/"
"VRT NWS (EN)";"EN";"2026-09-24";"Van de woestijn naar de top van de medaillespiegel: hoe België dankzij jarenlang plan en ""magneten"" opklom tot dé tijdritnatie";"https://sporza.be/nl/2026/09/23/van-de-woestijn-naar-de-top-van-de-medaillespiegel-hoe-belgie-dankzij-jarenlang-plan-en-magneten-opklom-tot-de-tijdritnatie~1790187635798/"
"VRT NWS (EN)";"EN";"2026-09-24";"""Goed dat ze mist"": paal zorgt in 95e minuut voor ""gerechtigheid"" na strenge penalty en behoedt OHL voor ""heel zuur"" gevoel";"https://sporza.be/nl/2026/09/23/-goed-dat-ze-mist-paal-zorgt-in-95e-minuut-voor-gerechtigheid-na-strenge-penalty-en-behoedt-ohl-voor-heel-zuur-gevoel~1790188985593/"
"VRT NWS (EN)";"EN";"2026-09-24";"""Het blijft een knappe prestatie"": gemiste kansen zinderen na, maar vreugde overheerst bij OH Leuven na gelijkspel";"https://sporza.be/nl/2026/09/23/-het-blijft-een-knappe-prestatie-gemiste-kansen-zinderen-na-maar-vreugde-overheerst-bij-oh-leuven-na-gelijkspel~1790191268707/"
"VRT NWS (EN)";"EN";"2026-09-24";"""Geen goed idee"": Bavo ondervindt aan den lijve wat een onderbroek in een fietsbroek doet";"https://sporza.be/nl/2026/09/17/-geen-goed-idee-bavo-ondervindt-aan-den-lijve-wat-een-onderbroek-in-een-fietsbroek-doet~1789647712267/"
"VRT NWS (EN)";"EN";"2026-09-24";"Het WK wielrennen wordt in 2032 in (het wielergekke?) India georganiseerd";"https://sporza.be/nl/2026/09/20/het-wk-wielrennen-wordt-in-2032-in-het-wielergekke-india-georganiseerd~1789923861004/"
"VRT NWS (EN)";"EN";"2026-09-24";"""Het had een te grote impact"": onze analist blikt terug op dé dreun en het toernooi van de sterkhouders bij de Red Dragons";"https://sporza.be/nl/2026/09/23/-het-had-een-te-grote-impact-onze-analist-blikt-terug-op-de-dreun-en-het-toernooi-van-de-sterkhouders-bij-de-red-dragons~1790189183920/"
"VRT NWS (EN)";"EN";"2026-09-24";"Esteban Ocon dreigt F1-zitje kwijt te spelen, Ferrari-talent lijkt op weg naar Haas";"https://sporza.be/nl/2026/09/23/esteban-ocon-dreigt-f1-zitje-kwijt-te-spelen-ferrari-talent-lij~1790196177108/"
"VRT NWS (EN)";"EN";"2026-09-24";"""Soms moeten er dingen gezegd worden"": Virgil van Dijk reageert gepikeerd op vragen van journalist die kritiek niet spaarde na WK";"https://sporza.be/nl/2026/09/23/-soms-moeten-er-dingen-gezegd-worden-virgil-van-dijk-reageert-gepikeerd-op-vragen-van-journalist-die-kritiek-niet-spaarde-na-wk~1790178079270/"
"VRT NWS (EN)";"EN";"2026-09-24";"Dragons proberen 'net niet' en 'wat als?' plaats te geven na kwartfinale: ""Iedereen moest te veel van zichzelf geven""";"https://sporza.be/nl/2026/09/23/dragons-proberen-net-niet-en-wat-als-plaats-te-geven-na-kwartfinale-iedereen-moest-te-veel-van-zichzelf-geven~1790184595385/"
"VRT NWS (EN)";"EN";"2026-09-24";"""Zelfs met een shotgun zal ik de kogel ontwijken"": Cristiano Ronaldo weigert zich te laten afschrijven bij Portugal";"https://sporza.be/nl/2026/09/23/-zelfs-met-een-shotgun-zal-ik-de-kogel-ontwijken-cristiano-ronaldo-weigert-zich-te-laten-afschrijven-bij-portugal~1790180958549/"
"VRT NWS (EN)";"EN";"2026-09-24";"Wout van Aert aan de babbel, Remco Evenepoel solo en een zee van Oranje: het WK-peloton verkent het parcours in Montréal";"https://sporza.be/nl/2026/09/22/wout-van-aert-aan-de-babbel-remco-evenepoel-solo-en-een-zee-van-oranje-het-wk-peloton-verkent-het-parcours-in-montreal~1790056917768/"
"VRT NWS (EN)";"EN";"2026-09-24";"Nicolas Raskin, die Besiktas afwees, spreekt over gemiste transfer: ""Ik zat uur voor wedstrijd nog te twijfelen""";"https://sporza.be/nl/2026/09/23/nicolas-raskin-die-besiktas-afwees-spreekt-over-gemiste-transfer-ik-zat-uur-voor-wedstrijd-nog-te-twijfelen~1790169561404/"
"RTBF Actus (FR)";"FR";"2026-09-24";"Que retenir des dernières élections en Allemagne?";"/article/l-extremisme-reste-menacant-en-belgique-mais-les-services-de-securite-ne-peuvent-en-venir-a-bout-seuls-selon-l-ocam-11789724"
"RTBF Actus (FR)";"FR";"2026-09-24";"Découvrez le théâtre pour les tout petits en Belgique";"/article/legislatives-au-maroc-le-le-parti-authenticite-et-modernite-pam-en-tete-participation-au-plus-bas-depuis-pres-de-20-ans-11789765"
"RTBF Actus (FR)";"FR";"2026-09-24";"Des vendanges précoces cette année à cause de la sécheresse";"/article/de-wever-somme-de-chercher-une-troisieme-voie-entre-le-mr-et-les-engages-11789764"
"RTBF Actus (FR)";"FR";"2026-09-24";"Diables Rouges -""Il y a presque aucun poste où un joueur est assuré de jouer""";"/article/trahis-par-leur-montre-connectee-des-centaines-de-militaires-belges-identifiables-sur-des-sites-sensibles-a-cause-de-l-application-strava-11789759"
"RTBF Actus (FR)";"FR";"2026-09-24";"150 signalements de drones suspects enregistrés en Belgique depuis le début de l’année";"/article/pourquoi-le-trouble-du-spectre-de-l-autisme-est-il-souvent-diagnostique-si-tardivement-chez-les-femmes-11786723"
"RTBF Actus (FR)";"FR";"2026-09-24";"Les Belges vs le reste du Monde ?";"/article/pourquoi-le-trouble-du-spectre-de-l-autisme-est-il-souvent-diagnostique-si-tardivement-chez-les-femmes-11786723"
"RTBF Actus (FR)";"FR";"2026-09-24";"Donald Trump inaudible après le boycott de la TV";"/article/f-35-comment-un-colis-ups-a-peut-etre-compromis-l-avion-furtif-de-l-armee-belge-11789767"
"RTBF Actus (FR)";"FR";"2026-09-24";"À 85 ans, Gaby voyage seule pour la première fois";"/article/4-raisons-pour-les-diables-rouges-de-se-mefier-de-l-italie-ce-vendredi-11788941"
"RTBF Actus (FR)";"FR";"2026-09-24";"Maroc: que reste-t-il des manifestations de la Gen Z?";"/article/on-a-teste-silent-hill-townfall-l-ambiance-est-incroyable-mais-vaut-il-vraiment-le-coup-11789254"
"RTBF Actus (FR)";"FR";"2026-09-24";"Rentrée du Grand Cactus, présentation du petit nouveau !";"/article/apple-preparerait-un-bracelet-fitness-sans-ecran-11789817"
"RTBF Actus (FR)";"FR";"2026-09-24";"Prix du carburant : où trouver de l'essence moins chère ?";"/article/liege-44-prevenus-poursuivis-pour-des-fraudes-a-la-carte-de-banque-11789593"
"RTBF Actus (FR)";"FR";"2026-09-24";"Homo Virilus : la fabrique du mâle-être (Extrait 1)";"/article/liege-44-prevenus-poursuivis-pour-des-fraudes-a-la-carte-de-banque-11789593"
"RTBF Actus (FR)";"FR";"2026-09-24";"La Belgique, toujours au niveau 3 de la menace selon l’OCAM : ""Le contexte géopolitique joue un rôle""";"/article/simon-coleman-saison-4-son-amour-de-jeunesse-refait-surface-et-change-completement-son-quotidien-11786424"
"RTBF Actus (FR)";"FR";"2026-09-24";"Législatives au Maroc : le Parti authenticité et modernité (PAM) en tête, participation au plus bas depuis près de 20 ans";"/article/arrivons-nous-a-une-extinction-des-gynecologues-hommes-11785635"
"RTBF Actus (FR)";"FR";"2026-09-24";"Bart De Wever sommé de chercher une troisième voie entre le MR et les Engagés";"/article/yannick-alleno-se-livre-au-papotin-sur-la-cuisine-son-parcours-et-la-perte-de-son-fils-11785639"
"RTBF Actus (FR)";"FR";"2026-09-24";"Trahis par leur montre connectée : des centaines de militaires belges identifiables sur des sites sensibles à cause de l'application Strava";"/article/pas-de-vagues-la-terrible-histoire-vraie-d-un-professeur-accuse-a-tort-de-harcelement-par-une-eleve-11781908"
"RTBF Actus (FR)";"FR";"2026-09-24";"Pourquoi le trouble du spectre de l’autisme est-il souvent diagnostiqué si tardivement chez les femmes ?";"/article/i-m-just-a-kid-le-groupe-simple-plan-annonce-un-livre-illustre-pour-enfants-sur-leur-histoire-11789476"
"RTBF Actus (FR)";"FR";"2026-09-24";"Pourquoi le trouble du spectre de l’autisme est-il souvent diagnostiqué si tardivement chez les femmes ?";"/article/gaetan-delferiere-evoque-les-travaux-d-un-historien-accusant-hitler-du-meurtre-de-sa-niece-quel-twist-c-etait-le-mechant-depuis-le-debut-11789790"
"RTBF Actus (FR)";"FR";"2026-09-24";"F-35 : comment un colis UPS a peut-être compromis l'avion furtif de l'armée belge";"/article/greve-spontanee-au-depot-tec-de-houdeng-apres-l-agression-d-un-chauffeur-11789791"
"RTBF Actus (FR)";"FR";"2026-09-24";"4 raisons pour les Diables Rouges de se méfier de l’Italie ce vendredi";"/article/200-ans-de-photographie-de-la-premiere-photo-de-niepce-a-l-exposition-bruxelloise-reinventer-la-photographie-11788777"
"RTBF Actus (FR)";"FR";"2026-09-24";"On a testé ""Silent Hill : Townfall"" : l'ambiance est incroyable mais vaut-il vraiment le coup ?";"/article/les-wallons-vont-ils-devoir-payer-une-cotisation-pour-une-assurance-autonomie-le-gouvernement-y-pense-11788984"
"RTBF Actus (FR)";"FR";"2026-09-24";"Apple préparerait un bracelet fitness sans écran";"/article/les-wallons-vont-ils-devoir-payer-une-cotisation-pour-une-assurance-autonomie-le-gouvernement-y-pense-11788984"
"RTBF Actus (FR)";"FR";"2026-09-24";"Liège : 44 prévenus poursuivis pour des fraudes à la carte de banque";"/article/le-cpas-de-bertrix-contraint-d-arreter-un-projet-d-insertion-qui-avait-fait-ses-preuves-11789793"
"RTBF Actus (FR)";"FR";"2026-09-24";"Liège : 44 prévenus poursuivis pour des fraudes à la carte de banque";"/article/un-juge-ordonne-a-trump-de-rouvrir-la-maison-blanche-a-plusieurs-medias-11789768"
"RTBF Actus (FR)";"FR";"2026-09-24";"Simon Coleman saison 4 : son amour de jeunesse refait surface et change complètement son quotidien";"/article/accises-reduites-prix-plafonnes-surprofits-taxes-comment-les-pays-europeens-agissent-ils-face-a-la-hausse-des-prix-des-carburants-11789553"
"RTBF Actus (FR)";"FR";"2026-09-24";"Arrivons-nous à une extinction des gynécologues hommes ?";"/article/mondiaux-de-cyclisme-emma-siegers-et-manon-mahy-les-deux-seules-francophones-de-l-equipe-belge-11789458"
"RTBF Actus (FR)";"FR";"2026-09-24";"Yannick Alléno se confie sur la mort de son fils : ""Ta vie change complètement, il faut survivre""";"/article/a-ceuta-deux-mois-apres-l-afflux-massif-de-migrants-la-tension-reste-vive-11789783"
"RTBF Actus (FR)";"FR";"2026-09-24";"""Pas de vagues"" : la terrible histoire vraie d'un professeur accusé à tort de harcèlement par une élève";"/article/ngoy-futur-patron-mechele-en-balance-avec-theate-et-debast-quelle-defense-pour-les-diables-rouges-11788557"
"RTBF Actus (FR)";"FR";"2026-09-24";"""I’m Just a kid"" : le groupe Simple Plan annonce un livre illustré pour enfants sur leur histoire";"/article/accises-reduites-prix-plafonnes-surprofits-taxes-comment-les-pays-europeens-agissent-ils-face-a-la-hausse-des-prix-des-carburants-11789553"
"RTBF Actus (FR)";"FR";"2026-09-24";"Gaëtan Delferière évoque les travaux d’un historien, accusant Hitler du meurtre de sa nièce : ""Quel twist, c’était le méchant depuis le début !""";"/article/paul-seixas-vise-clairement-le-maillot-arc-en-ciel-tout-autre-resultat-serait-une-deception-11789686"
"RTBF Actus (FR)";"FR";"2026-09-24";"Grève spontanée au dépôt TEC de Houdeng après l'agression d'un chauffeur";"/article/guerre-en-ukraine-la-russie-ne-va-pas-faire-de-pause-dans-sa-guerre-affirme-serguei-lavrov-a-l-onu-11789644"
"RTBF Actus (FR)";"FR";"2026-09-24";"Les 200 ans de la photographie : de la première photo de Niépce à l’exposition ""Réinventer la photographie""";"/article/mondiaux-de-cyclisme-evenepoel-van-aert-ou-encore-van-der-poel-en-reconnaissance-sur-le-parcours-11789629"
"RTBF Actus (FR)";"FR";"2026-09-24";"Les Wallons vont-ils devoir payer une cotisation pour une ""assurance autonomie"" ? Le gouvernement y pense";"/article/le-club-bruges-a-de-l-or-en-reserve-3-cadres-evalues-a-plus-de-50-millions-d-euros-par-le-cies-11789828"
"RTBF Actus (FR)";"FR";"2026-09-24";"Les Wallons vont-ils devoir payer une cotisation pour une ""assurance autonomie"" ? Le gouvernement y pense";"/article/ngoy-futur-patron-mechele-en-balance-avec-theate-et-debast-quelle-defense-pour-les-diables-rouges-11788557"
"RTBF Actus (FR)";"FR";"2026-09-24";"Le CPAS de Bertrix contraint d'arrêter un projet d'insertion qui avait fait ses preuves";"/article/women-s-champions-league-ohl-survit-a-un-penalty-dans-les-arrets-de-jeu-pour-arracher-le-nul-face-a-la-roma-11789626"
"RTBF Actus (FR)";"FR";"2026-09-24";"Un juge ordonne à Trump de rouvrir la Maison-Blanche à CNN, MS NOW et Politico";"/article/4-raisons-pour-les-diables-rouges-de-se-mefier-de-l-italie-ce-vendredi-11788941"
"RTBF Actus (FR)";"FR";"2026-09-24";"Accises réduites, prix plafonnés, surprofits taxés : comment les pays européens agissent-ils face à la hausse des prix des carburants ?";"/article/ligue-des-nations-diables-rouges-faites-votre-onze-pour-italie-belgique-11788834"
"RTBF Actus (FR)";"FR";"2026-09-24";"Mondiaux de cyclisme : Emma Siegers et Manon Mahy, les deux (seules) francophones de l’équipe belge";"/article/nicolas-raskin-raconte-son-transfert-rate-j-avais-envie-de-partir-mais-des-elements-extra-sportifs-ne-se-sont-pas-alignes-11789527"
"RTBF Actus (FR)";"FR";"2026-09-24";"À Ceuta, deux mois après l’afflux massif de migrants, la tension reste vive";"/article/mechele-debast-godts-moreira-les-5-duels-a-distance-qui-enflammeront-les-debuts-de-van-bommel-avec-les-diables-rouges-11789310"
"RTBF Actus (FR)";"FR";"2026-09-24";"Ngoy ""futur patron"", Mechele en balance avec Debast et Theate : quelle défense pour les Diables Rouges ?";"/article/nicolas-raskin-enchante-par-mark-van-bommel-on-se-retrouve-pas-mal-dans-sa-vision-du-jeu-11789486"
"RTBF Actus (FR)";"FR";"2026-09-24";"Accises réduites, prix plafonnés, surprofits taxés : comment les pays européens agissent-ils face à la hausse des prix des carburants ?";"/article/diablotins-le-jeune-jesse-bisiwu-heureux-de-son-transfert-au-barca-ne-ferme-pas-la-porte-au-ghana-11789412"
"RTBF Actus (FR)";"FR";"2026-09-24";"Paul Seixas vise clairement le maillot arc-en-ciel : ""Tout autre résultat serait une déception""";"/article/javier-bardem-partage-une-petition-demandant-le-retrait-de-pink-de-son-poste-d-ambassadrice-de-l-unicef-11789814"
"RTBF Actus (FR)";"FR";"2026-09-24";"Assemblée général de l'ONU : la Russie ""ne va pas faire de pause"" dans sa guerre, affirme Sergueï Lavrov ; Zelensky dénonce ""la folie"" de Poutine";"/article/mash-pourquoi-revoir-le-film-culte-de-robert-altman-11789519"
"RTBF Actus (FR)";"FR";"2026-09-24";"Mondiaux de cyclisme : Evenepoel, van Aert, ou encore Van der Poel en reconnaissance sur le parcours";"/article/la-14e-edition-du-waterloo-historical-film-festival-mettra-a-l-honneur-le-realisateur-mike-newell-11789387"
"RTBF Actus (FR)";"FR";"2026-09-24";"Le Club Bruges a de l’or en réserve : 3 cadres évalués à plus de 50 millions d’euros par le CIES";"/article/pas-de-vagues-la-terrible-histoire-vraie-d-un-professeur-accuse-a-tort-de-harcelement-par-une-eleve-11781908"
"RTBF Actus (FR)";"FR";"2026-09-24";"Ngoy ""futur patron"", Mechele en balance avec Debast et Theate : quelle défense pour les Diables Rouges ?";"/article/dans-son-film-les-baronnes-nabil-ben-yadir-raconte-un-molenbeek-vu-de-l-interieur-11639062"
"RTBF Actus (FR)";"FR";"2026-09-24";"Women’s Champions League : OHL survit à un penalty dans les arrêts de jeu et arrache le nul face à la Roma";"/article/la-cause-de-la-mort-de-l-actrice-americaine-hayden-panettiere-est-a-present-connue-11789113"
"RTBF Actus (FR)";"FR";"2026-09-24";"4 raisons pour les Diables Rouges de se méfier de l’Italie ce vendredi";"/article/un-role-inattendu-pour-kenneth-branagh-dans-mayday-film-d-action-sur-la-guerre-froide-11789270"
"RTBF Actus (FR)";"FR";"2026-09-24";"Ligue des Nations, Diables Rouges : faites votre onze pour Italie - Belgique";"/article/l-alcool-n-est-pas-le-sujet-du-film-jeanne-herry-parle-de-garance-11788424"
"RTBF Actus (FR)";"FR";"2026-09-24";"Nicolas Raskin raconte son transfert raté : ""J’avais envie de partir… mais des éléments extra-sportifs ne se sont pas alignés""";"/article/a-20-ans-jack-n-a-jamais-fait-de-velo-avec-sa-mere-il-se-lance-dans-un-incroyable-periple-de-420-km-vers-paris-11785511"
"RTBF Actus (FR)";"FR";"2026-09-24";"Mechele - Debast, Godts - Moreira : les 5 duels à distance qui enflammeront les débuts de Van Bommel avec les Diables Rouges";"/article/montreal-1974-un-grand-souvenir-pour-eddy-merckx-11789608"
"RTBF Actus (FR)";"FR";"2026-09-24";"Nicolas Raskin enchanté par le sélectionneur Mark van Bommel : ""On se retrouve pas mal dans sa vision du jeu""";"/article/les-mondiaux-de-gravel-auront-aussi-lieu-en-belgique-en-2030-a-turnhout-11789769"
"RTBF Actus (FR)";"FR";"2026-09-24";"Diablotins : le jeune Jesse Bisiwu, heureux de son transfert au Barça, ne ferme pas la porte au Ghana";"/article/l-inde-accueillera-ses-premiers-mondiaux-de-cyclisme-en-2032-place-aux-pays-bas-en-2034-11789731"
"RTBF Actus (FR)";"FR";"2026-09-24";"Javier Bardem partage une pétition demandant le retrait de Pink de son poste d’ambassadrice de l’UNICEF";"/article/mondiaux-de-cyclisme-emma-siegers-et-manon-mahy-les-deux-seules-francophones-de-l-equipe-belge-11789458"
"RTBF Actus (FR)";"FR";"2026-09-24";"""MASH"" : pourquoi revoir le film culte de Robert Altman ?";"/article/y-a-t-il-vraiment-une-union-sacree-belge-si-van-aert-et-evenepoel-sont-dans-le-final-ensemble-je-ne-suis-pas-sur-que-l-un-va-se-sacrifier-pour-l-autre-11788512"
"RTBF Actus (FR)";"FR";"2026-09-24";"La 14e édition du Waterloo Historical Film Festival mettra à l’honneur le réalisateur Mike Newell";"/article/paul-seixas-vise-clairement-le-maillot-arc-en-ciel-tout-autre-resultat-serait-une-deception-11789686"
"RTBF Actus (FR)";"FR";"2026-09-24";"""Pas de vagues"" : la terrible histoire vraie d'un professeur accusé à tort de harcèlement par une élève";"/article/mondiaux-de-cyclisme-evenepoel-van-aert-ou-encore-van-der-poel-en-reconnaissance-sur-le-parcours-11789629"
"RTBF Actus (FR)";"FR";"2026-09-24";"Dans son film ""Les Baronnes"", Nabil Ben Yadir raconte ""un Molenbeek vu de l’intérieur""";"/article/omloop-van-het-houtland-tim-merlier-intouchable-recidive-a-lichtervelde-11789544"
"RTBF Actus (FR)";"FR";"2026-09-24";"La cause de la mort de l’actrice américaine Hayden Panettiere est à présent connue";"/article/tiesj-benoot-super-equipier-belge-et-maitre-dans-l-art-de-penser-pour-les-autres-11789059"
"RTBF Actus (FR)";"FR";"2026-09-24";"Un rôle inattendu pour Kenneth Branagh dans ""Mayday"", film d’action sur la Guerre froide";"/article/la-revue-de-presse-hausse-des-prix-de-l-energie-fin-de-la-plupart-des-cheques-existants-les-economies-de-l-arizona-dans-les-colonnes-de-la-presse-11789275"
"RTBF Actus (FR)";"FR";"2026-09-24";"""L’alcool n’est pas le sujet du film"" : Jeanne Herry parle de ""Garance""";"/article/tu-as-l-apport-pour-un-t2-a-ixelles-entre-tes-doigts-la-folie-pokemon-vue-par-andre-demarteau-11789181"
"RTBF Actus (FR)";"FR";"2026-09-24";"À 20 ans, Jack n’a jamais fait de vélo : avec sa mère, il se lance dans un incroyable périple de 420 km vers Paris";"/article/olivia-stone-revient-sur-ses-debuts-compliques-dans-la-musique-sans-the-voice-je-ne-sais-pas-si-j-en-serais-la-maintenant-11789280"
"RTBF Actus (FR)";"FR";"2026-09-24";"Montréal 1974, ""un grand souvenir"" pour Eddy Merckx";"/article/l-ia-pourrait-elle-detruire-l-humanite-pour-tamara-payne-ca-reglerait-pas-mal-de-problemes-11789223"
"RTBF Actus (FR)";"FR";"2026-09-24";"2030 sera un grand cru cycliste pour la Belgique : les Mondiaux de gravel auront lieu à Turnhout";"/article/arrivons-nous-a-une-extinction-des-gynecologues-hommes-11785635"
"RTBF Actus (FR)";"FR";"2026-09-24";"L’Inde accueillera ses premiers Mondiaux de cyclisme en 2032, place aux Pays-Bas en 2034";"/article/yannick-alleno-se-livre-au-papotin-sur-la-cuisine-son-parcours-et-la-perte-de-son-fils-11785639"
"RTBF Actus (FR)";"FR";"2026-09-24";"Mondiaux de cyclisme : Emma Siegers et Manon Mahy, les deux (seules) francophones de l’équipe belge";"/article/simon-coleman-saison-4-son-amour-de-jeunesse-refait-surface-et-change-completement-son-quotidien-11786424"
"RTBF Actus (FR)";"FR";"2026-09-24";"Y a-t-il vraiment une union sacrée belge ? ""Si van Aert et Evenepoel sont dans le final ensemble, je ne suis pas sûr que l’un va se sacrifier pour l’autre""";"/article/pas-de-vagues-la-terrible-histoire-vraie-d-un-professeur-accuse-a-tort-de-harcelement-par-une-eleve-11781908"
"RTBF Actus (FR)";"FR";"2026-09-24";"Paul Seixas vise clairement le maillot arc-en-ciel : ""Tout autre résultat serait une déception""";"/article/vous-considerez-que-notre-reportage-est-incomplet-un-droit-de-reponse-est-il-possible-11786650"
"RTBF Actus (FR)";"FR";"2026-09-24";"Mondiaux de cyclisme : Evenepoel, van Aert, ou encore Van der Poel en reconnaissance sur le parcours";"/article/proximite-interaction-et-collaboration-comment-la-rtbf-ancre-ses-contenus-au-c-ur-des-regions-11786513"
"RTBF Actus (FR)";"FR";"2026-09-24";"Omloop van het Houtland : Tim Merlier, intouchable, récidive à Lichtervelde";"/article/que-fait-la-rtbf-de-vos-donnees-collecte-algorithmes-et-protection-de-la-vie-privee-decryptes-11776913"
"RTBF Actus (FR)";"FR";"2026-09-24";"Tiesj Benoot, super équipier belge et maître dans l’art de penser pour les autres";"/article/enfant-illegitime-un-terme-a-eviter-sur-nos-antennes-11776723"
"RTBF Actus (FR)";"FR";"2026-09-24";"La revue de presse : hausse des prix de l'énergie, fin de la plupart des chèques existants... les économies de l'Arizona dans les colonnes de la presse";"/article/les-jeunes-et-l-actu-plus-informes-qu-on-ne-le-pense-mais-pas-a-l-abri-de-pieges-11763284"
"RTBF Actus (FR)";"FR";"2026-09-24";"""Tu as l’apport pour un T2 à Ixelles entre tes doigts"" : la folie Pokémon vue par André Demarteau";"/article/moderation-sur-les-reseaux-sociaux-le-defi-quotidien-de-la-rtbf-11758876"
"RTBF Actus (FR)";"FR";"2026-09-24";"Olivia Stone revient sur ses débuts compliqués dans la musique : ""Sans The Voice, je ne sais pas si j’en serais là maintenant""";"/article/age-conseille-contenus-sensibles-une-nouvelle-signaletique-tele-des-le-1er-juillet-11745979"
"RTBF Actus (FR)";"FR";"2026-09-24";"L’IA pourrait-elle détruire l’humanité ? Pour Tamara Payne, ""ça réglerait pas mal de problèmes""";"/article/bivouacs-du-journalisme-les-contacts-avec-le-public-sont-extremement-enrichissants-on-retire-le-micro-la-camera-jean-pierre-jacqmin-ancien-directeur-de-l-info-de-la-rtbf-11746010"
"RTBF Actus (FR)";"FR";"2026-09-24";"Arrivons-nous à une extinction des gynécologues hommes ?";"/article/coupe-du-monde-les-matchs-des-diables-rouges-aussi-pour-les-malvoyants-11743270"
"RTBF Actus (FR)";"FR";"2026-09-24";"Yannick Alléno se confie sur la mort de son fils : ""Ta vie change complètement, il faut survivre""";"/article/gagnez-vos-places-pour-les-50-ans-des-lundis-d-hortense-a-flagey-11789845"
"RTBF Actus (FR)";"FR";"2026-09-24";"Simon Coleman saison 4 : son amour de jeunesse refait surface et change complètement son quotidien";"/article/gagnez-vos-places-pour-la-chasse-au-tresor-a-l-abbaye-de-villers-la-ville-11788201"
"RTBF Actus (FR)";"FR";"2026-09-24";"""Pas de vagues"" : la terrible histoire vraie d'un professeur accusé à tort de harcèlement par une élève";"/article/combien-d-animaux-extraordinaires-pouvez-vous-decouvrir-dans-l-exposition-animazing-11788192"
"RTBF Actus (FR)";"FR";"2026-09-24";"Vous considérez que notre reportage est incomplet ? Un droit de réponse est-il possible ?";"/article/gagnez-vos-places-pour-songs-of-travel-au-festival-musiq3-brabant-wallon-11788971"
"RTBF Actus (FR)";"FR";"2026-09-24";"Comment la RTBF ancre ses contenus au cœur des régions : proximité, interactions et collaborations";"/article/concours-la-trois-vous-invite-a-la-representation-de-astereotypie-au-botanique-11788942"
"RTBF Actus (FR)";"FR";"2026-09-24";"Que fait la RTBF de vos données ? Collecte, algorithmes et protection de la vie privée décryptés";"/article/concours-la-trois-gene-au-theatre-du-rideau-11788940"
"RTBF Actus (FR)";"FR";"2026-09-24";"""Enfant illégitime"" : un terme à éviter sur nos antennes";"/article/concours-la-trois-avant-premiere-de-ni-vue-ni-connue-11788937"
"RTBF Actus (FR)";"FR";"2026-09-24";"Les jeunes et l’actu : plus informés qu’on ne le pense mais pas à l’abri de pièges";"/article/gagnez-vos-places-pour-ca-part-en-fugue-au-festival-musiq3-brabant-wallon-11788933"
"RTBF Actus (FR)";"FR";"2026-09-24";"Modération sur les réseaux sociaux : le défi quotidien de la RTBF";"/article/concours-agenda-cine-gagnez-vos-places-pour-aller-voir-le-film-raison-et-sentiments-11787093"
"RTBF Actus (FR)";"FR";"2026-09-24";"Nouvelle signalétique TV : ce qui change ce 1er juillet";"/article/le-comedien-arnaud-denis-invalide-apres-la-pose-d-un-implant-anti-hernie-s-est-fait-euthanasier-en-belgique-11789052"
"RTBF Actus (FR)";"FR";"2026-09-24";"Bivouacs du journalisme : ""Les contacts avec le public sont extrêmement enrichissants"", Jean-Pierre Jacqmin, ancien directeur de l’info de la RTBF";"/article/les-wallons-vont-ils-devoir-payer-une-cotisation-pour-une-assurance-autonomie-le-gouvernement-y-pense-11788984"
"RTBF Actus (FR)";"FR";"2026-09-24";"Coupe du monde : les matchs des Diables Rouges aussi pour les malvoyants";"/article/a-l-ulb-des-etudiants-sanctionnes-pour-avoir-utilise-l-intelligence-artificielle-pendant-un-examen-11789325"
"RTBF Actus (FR)";"FR";"2026-09-24";"Gagnez vos places pour les 50 ans des Lundis d’Hortense à Flagey !";"/article/nicolas-raskin-raconte-son-transfert-rate-j-avais-envie-de-partir-mais-des-elements-extra-sportifs-ne-se-sont-pas-alignes-11789527"
"RTBF Actus (FR)";"FR";"2026-09-24";"Gagnez vos places pour la chasse au trésor à l’Abbaye de Villers-la-Ville";"/article/midterms-2026-l-osce-affirme-que-ses-observateurs-ne-sont-pas-invites-aux-elections-americaines-pour-la-premiere-fois-11789552"
"RTBF Actus (FR)";"FR";"2026-09-24";"Gagnez vos places pour l'exposition Animazing au Musée des Sciences naturelles";"/article/conclave-budgetaire-au-federal-le-mr-devoile-un-plan-de-relance-de-la-croissance-comme-troisieme-voie-entre-recettes-et-depenses-11789635"
"RTBF Actus (FR)";"FR";"2026-09-24";"Gagnez vos places pour ""Songs of Travel"" au Festival Musiq3 Brabant wallon !";"https://auvio.rtbf.be/media/crash-test-crash-test-silent-hill-townfall-3519892"
"RTBF Actus (FR)";"FR";"2026-09-24";"Concours : La trois vous invite à la représentation de Astéréotypie au Botanique";"https://auvio.rtbf.be/media/le-8-9-le-8-9-3520265"
"RTBF Actus (FR)";"FR";"2026-09-24";"Concours La Trois : GENE au Théâtre du Rideau";"https://auvio.rtbf.be/media/un-si-grand-soleil-un-si-grand-soleil-3519813"
"RTBF Actus (FR)";"FR";"2026-09-24";"Concours La Trois : Avant-première de Ni vue, ni connue";"https://auvio.rtbf.be/media/le-6-8-le-6-8-3520221"
"RTBF Actus (FR)";"FR";"2026-09-24";"Gagnez vos places pour ""Ça part en fugue"" au Festival Musiq3 Brabant wallon !";"https://auvio.rtbf.be/media/les-feux-de-l-amour-feux-de-l-amour-s27-3519727"
"RTBF Actus (FR)";"FR";"2026-09-24";"Concours Agenda Ciné : gagnez vos places pour aller voir le film ""Raison et Sentiments""";"https://auvio.rtbf.be/media/velvet-le-nouvel-empire-velvet-le-nouvel-empire-3519732"
"RTBF Actus (FR)";"FR";"2026-09-24";"Le comédien Arnaud Denis, invalide après la pose d'un implant anti-hernie, s'est fait euthanasier en Belgique";"https://auvio.rtbf.be/media/matiere-grise-matiere-grise-3519709"
"RTBF Actus (FR)";"FR";"2026-09-24";"Les Wallons vont-ils devoir payer une cotisation pour une ""assurance autonomie"" ? Le gouvernement y pense";"https://auvio.rtbf.be/media/doc-shot-gynecos-hommes-dernieres-consultations-3519974"
"RTBF Actus (FR)";"FR";"2026-09-24";"À l’ULB, des étudiants sanctionnés pour avoir utilisé l’intelligence artificielle pendant un examen";"https://auvio.rtbf.be/media/qr-qr-le-debat-3520139"
"RTBF Actus (FR)";"FR";"2026-09-24";"Nicolas Raskin raconte son transfert raté : ""J’avais envie de partir… mais des éléments extra-sportifs ne se sont pas alignés""";"https://auvio.rtbf.be/media/taxi-driver-robert-de-niro-en-justicier-solitaire-dans-l-enfer-nocturne-de-new-york-3519710"
"RTBF Actus (FR)";"FR";"2026-09-24";"Midterms 2026 : les observateurs internationaux de l'OSCE ne sont pas invités aux élections américaines, pour la première fois";"https://auvio.rtbf.be/media/investigation-investigation-3520023"
"RTBF Actus (FR)";"FR";"2026-09-24";"Conclave budgétaire au fédéral : le MR dévoile un plan de relance de la croissance comme ""troisième voie"" entre recettes et dépenses";"https://auvio.rtbf.be/media/retour-aux-sources-america-first-le-complot-nazi-3519972"
"France 24 (EN)";"EN";"2026-09-24";"From TikTok to church pews, France's Catholic influencers find a new flock";"https://france24.com/en/france/20260924-from-tiktok-to-church-pews-france-s-catholic-influencers-find-a-new-flock"
"France 24 (EN)";"EN";"2026-09-24";"Pope Leo to visit a secular France at odds with Catholic views on abortion, euthanasia";"https://france24.com/en/france/20260921-pope-leo-xiv-in-france-to-find-secular-country-at-odds-with-catholic-views-on-abortion-euthanasia"
"France 24 (EN)";"EN";"2026-09-24";"Pope Leo to meet clergy abuse victims during upcoming France visit";"https://france24.com/en/france/20260807-pope-leo-meet-clergy-abuse-victims-during-upcoming-france-visit"
"France 24 (EN)";"EN";"2026-09-24";"Live: Iran warns of expanding war to Indian Ocean if US and Israel attacks again";"https://france24.com/en/americas/20260924-live-netanyahu-faces-un-over-gaza-as-abbas-set-to-address-assembly-by-video"
"France 24 (EN)";"EN";"2026-09-24";"US judge lifts Trump’s White House ban on CNN, MS NOW, Politico";"https://france24.com/en/americas/20260924-us-judge-lifts-trump-s-white-house-ban-on-cnn-ms-now-politico"
"France 24 (EN)";"EN";"2026-09-24";"Pakistan launches air strikes in Afghanistan, killing civilians, Taliban says";"https://france24.com/en/asia-pacific/20260924-pakistan-launches-air-strikes-in-afghanistan-killing-civilians-taliban-says"
"France 24 (EN)";"EN";"2026-09-24";"Russia slams Kyiv with ballistic missiles as Ukrainians brace for harsh winter";"https://france24.com/en/europe/20260924-as-moscow-steps-up-attacks-kyiv-residents-brace-for-harsh-winter"
"France 24 (EN)";"EN";"2026-09-24";"Morocco’s centre-right PAM leads in provisional election results";"https://france24.com/en/africa/20260923-morocco-s-centre-right-pam-secures-most-seats-in-election-provisional-results"
"France 24 (EN)";"EN";"2026-09-24";"OpenAI AI agent breached Australian government website, PM says";"https://france24.com/en/australia/20260923-openai-ai-agent-breached-australian-government-website-pm-says"
"France 24 (EN)";"EN";"2026-09-24";"Trump gives Xi rare airport welcome as Chinese leader begins US state visit";"https://france24.com/en/americas/20260924-trump-gives-xi-rare-airport-welcome-as-chinese-leader-begins-us-state-visit"
"France 24 (EN)";"EN";"2026-09-24";"Tigray rebels in 'full-blown' war with govt";"https://france24.com/en/live-news/20260924-tigray-rebels-in-full-blown-war-with-govt"
"France 24 (EN)";"EN";"2026-09-24";"Japan teenager Ohashi smashes 200m breaststroke world record";"https://france24.com/en/live-news/20260924-japan-teenager-ohashi-smashes-200m-breaststroke-world-record"
"France 24 (EN)";"EN";"2026-09-24";"Asian markets fall on US-China jitters as leaders meet";"https://france24.com/en/live-news/20260924-markets-mixed-as-china-s-xi-arrives-for-us-talks"
"France 24 (EN)";"EN";"2026-09-24";"Israel blasts ‘grotesque absurdity’ of Macron’s UN remarks on West Bank";"https://france24.com/en/middle-east/20260923-israel-blasts-grotesque-absurdity-of-macron-s-un-remarks-on-west-bank"
"France 24 (EN)";"EN";"2026-09-24";"AI leaders urge caution at UN, with Anthropic chief pledging to slow down";"https://france24.com/en/americas/20260923-ai-leaders-urge-caution-at-un-with-anthropic-chief-pledging-to-slow-down"
"France 24 (EN)";"EN";"2026-09-24";"Zelensky accuses Putin of using nationals of 47 countries to fight Ukraine war";"https://france24.com/en/europe/20260923-putin-using-citizens-from-47-countries-to-fight-ukraine-zelensky-tells-un"
"France 24 (EN)";"EN";"2026-09-24";"Iran will 'never bend at the knee', Pezeshkian tells UN in defiant wartime address";"https://france24.com/en/middle-east/20260923-iran-will-never-bend-at-the-knee-pezeshkian-tells-un-defiant-wartime-address"
"France 24 (EN)";"EN";"2026-09-24";"Third-country removals: Trump’s deportation policy by the numbers";"https://france24.com/en/americas/20260921-third-country-removals-trump-deportation-policy-numbers"
"France 24 (EN)";"EN";"2026-09-24";"Deported to Africa: An international investigation into Trump’s migrant policy";"https://france24.com/en/africa/20260921-deported-to-africa-an-international-investigation-into-trump-s-migrant-policy"
"France 24 (EN)";"EN";"2026-09-24";"ICE, Trump and Africa: Secret deals, broken lives";"https://france24.com/en/tv-shows/reporters/20260921-ice-trump-and-africa-secret-deals-broken-lives"
"France 24 (EN)";"EN";"2026-09-24";"Turkey to hand over military base in northern Iraq to Baghdad";"https://france24.com/en/middle-east/20260924-turkey-to-hand-over-military-base-in-northern-iraq-to-baghdad"
"France 24 (EN)";"EN";"2026-09-24";"Germany, Netherlands and France: New European managers make their debuts";"https://france24.com/en/tv-shows/sports/20260924-germany-netherlands-and-france-new-european-managers-make-their-debuts"
"France 24 (EN)";"EN";"2026-09-24";"Pope Leo XIV to trace back French ancestry, spiritual roots on visit to France";"https://france24.com/en/france/20260923-pope-leo-xiv-trace-back-french-ancestry-spiritual-roots-visit-to-france"
"France 24 (EN)";"EN";"2026-09-24";"Why is France's Gen Z turning to Catholicism?";"https://france24.com/en/tv-shows/france-in-focus/20260923-why-is-france-s-gen-z-turning-to-catholicism"
"France 24 (EN)";"EN";"2026-09-24";"Disgraced Hollywood mogul Harvey Weinstein sentenced to 15 years for 2006 sex assault";"https://france24.com/en/americas/20260923-disgraced-hollywood-mogul-harvey-weinstein-sentenced-to-15-years-for-2006-sex-assault"
"France 24 (EN)";"EN";"2026-09-24";"'Breakthrough' archeological find could confirm location of Paris's original settlement";"https://france24.com/en/france/20260923-breakthrough-archeological-find-could-confirm-paris-origins"
"France 24 (EN)";"EN";"2026-09-24";"China cracks down on scam centres in neighbouring Myanmar";"https://france24.com/en/tv-shows/focus/20260923-china-cracks-down-on-scam-centres-in-neighbouring-myanmar"
"France 24 (EN)";"EN";"2026-09-24";"How US players are reshaping France and the continent";"https://france24.com/en/tv-shows/entre-nous/20260923-how-us-players-are-reshaping-france-and-the-continent"
"France 24 (EN)";"EN";"2026-09-24";"Trump ramps up his war on the media";"https://france24.com/en/tv-shows/a-propos/20260923-trump-ramps-up-his-war-on-the-media"
"France 24 (EN)";"EN";"2026-09-24";"Film show: Brad Pitt and his dog take on the wilderness in 'Heart of the Beast'";"https://france24.com/en/tv-shows/arts24/20260923-film-show-brad-pitt-and-his-dog-take-on-the-wilderness-in-heart-of-the-beast"
"France 24 (EN)";"EN";"2026-09-24";"Fear and broken families: Inside a Texas ICE detention centre";"https://france24.com/en/tv-shows/reporters/20260918-reporters-fear-and-broken-families-inside-a-texas-ice-detention-centre"
"France 24 (EN)";"EN";"2026-09-24";"‘Gut-wrenching pain’: First conviction in French school sex abuse scandal fails to quell parents’ anger";"https://france24.com/en/france/20260916-gut-wrenching-pain-first-conviction-in-french-school-sex-abuse-scandal-fails-to-quell-parents-anger"
"France 24 (EN)";"EN";"2026-09-24";"French candidates race to claim the cost-of-living issue ahead of 2027 vote";"https://france24.com/en/france/20260914-french-candidates-race-to-claim-the-cost-of-living-issue-ahead-of-2027-vote"
"France 24 (EN)";"EN";"2026-09-24";"Jewish ‘supercop’ runs on Arab ticket in Israeli polls – and sparks a storm";"https://france24.com/en/middle-east/20260912-jewish-supercop-runs-on-arab-ticket-in-israeli-polls-%E2%80%93-and-sparks-a-storm"
"France 24 (EN)";"EN";"2026-09-24";"Elections in Russia: the 1001 tricks to remove inconvenient candidates";"https://france24.com/en/europe/20260911-elections-in-russia-the-1001-tricks-to-remove-inconvenient-candidates"
"France 24 (EN)";"EN";"2026-09-24";"Macron urges world to 'stand firm' against 'abuse of power by empires' in final UN speech";"https://france24.com/en/france/20260922-macron-urges-world-stand-firm-against-abuse-of-power-by-empires-final-un-speech"
"France 24 (EN)";"EN";"2026-09-24";"Ladin: Dolomites villages refuse to give up on ancient language";"https://france24.com/en/europe/20260922-ladin-dolomites-villages-refuse-to-give-up-on-ancient-language"
"France 24 (EN)";"EN";"2026-09-24";"'No peace without justice,' Macron tells UN General Assembly";"https://france24.com/en/americas/20260922-live-guterres-to-open-un-general-assembly-in-final-speech-of-his-mandate"
"France 24 (EN)";"EN";"2026-09-24";"Iran, AI and the ICC: Trump makes threats, touts policies at UN General Assembly";"https://france24.com/en/americas/20260922-iran-ai-and-the-icc-trump-makes-threats-touts-policies-un-general-assembly"
"France 24 (EN)";"EN";"2026-09-24";"‘I had never heard of Eswatini’: Deported by the US to a country that rejects them";"https://france24.com/en/africa/20260923-never-heard-eswatini-deported-by-us-country-that-rejects-them-forbidden-stories"
"France 24 (EN)";"EN";"2026-09-24";"Trump says envoys Witkoff, Kushner met with mediators on potential Iran deal";"https://france24.com/en/middle-east/20260922-middle-east-live-yemen-fighting-escalates-as-trump-heads-to-un"
"France 24 (EN)";"EN";"2026-09-24";"US Midterms: Russian disinformation campaign targets Democrats";"https://france24.com/en/tv-shows/truth-or-fake/20260917-us-midterms-russian-disinformation-campaign-targets-democrats"
"France 24 (EN)";"EN";"2026-09-24";"No, this video doesn't disprove the 9/11 attack on the south tower of the World Trade Center";"https://france24.com/en/americas/20260923-video-no-proof-plane-hit-twin-tower-9-11"
"France 24 (EN)";"EN";"2026-09-24";"Ivorian footballer Malick Yalcouyé falsely accused of lying about his age";"https://france24.com/en/europe/20260916-ivorian-footballer-malick-yalcouy%C3%A9-falsely-accused-of-lying-about-his-age"
"France 24 (EN)";"EN";"2026-09-24";"Hate speech against Rohingya refugees on the rise in Malaysia";"https://france24.com/en/tv-shows/the-observers/20260911-hate-speech-rohingya-refugees-rise-malaysia"
"France 24 (EN)";"EN";"2026-09-24";"The church by the airport: Inside Russia’s suspected spy activities in Sweden";"https://france24.com/en/europe/20250704-the-church-by-the-airport-inside-russia-s-suspected-spy-activities-in-sweden"
"France 24 (EN)";"EN";"2026-09-24";"Searching for radioactive waste in the depths of the Atlantic";"https://france24.com/en/environment/20250607-searching-radioactive-waste-depths-atlantic-france-nuclear"
"France 24 (EN)";"EN";"2026-09-24";"‘Unwavering friendship’: The true story of nine women who escaped a Nazi death march";"https://france24.com/en/europe/20250429-true-story-nine-women-who-escaped-nazi-death-march-ravensbruck"
"France 24 (EN)";"EN";"2026-09-24";"Pope Francis, first Latin American pontiff and champion of the forgotten";"https://france24.com/en/europe/20250421-pope-francis-first-latin-american-pontiff-dies-after-double-pneumonia-battle"
"France 24 (EN)";"EN";"2026-09-24";"Haiti’s independence ransom: Macron offers ‘truth’, Haitians want reparations";"https://france24.com/en/americas/20250417-haiti-independence-ransom-macron-offers-truth-haitians-want-reparations-slavery"
"France 24 (EN)";"EN";"2026-09-24";"Saved from destruction: Paris show offers glimpse of Gaza’s archaeological treasures";"https://france24.com/en/culture/20250403-saved-from-destruction-paris-exhibition-offers-glimpse-of-gaza-archaeological-treasures"
"France 24 (EN)";"EN";"2026-09-24";"'The Bibi Files': Documentary reveals the police interrogations behind Netanyahu’s graft trial";"https://france24.com/en/middle-east/20240910-the-bibi-files-documentary-reveals-the-police-interrogations-behind-netanyahu-s-graft-trial"
"France 24 (EN)";"EN";"2026-09-24";"When climate mitigation becomes politicised: The Guardian uncovers IPCC links to Saudi oil industry";"https://france24.com/en/tv-shows/spotlight/20260923-when-climate-mitigation-becomes-political-the-guardian-uncovers-ipcc-links-to-saudi-oil-industry"
"France 24 (EN)";"EN";"2026-09-24";"French farmers turn to tropical crops amid rising temperatures";"https://france24.com/en/tv-shows/down-to-earth/20260921-french-farmers-turn-to-tropical-crops-amid-rising-temperatures"
"France 24 (EN)";"EN";"2026-09-24";"Wildfires, heatwaves threaten global air quality and health, UN warns";"https://france24.com/en/environment/20260907-wildfires-heatwaves-global-air-quality-health-un"
"France 24 (EN)";"EN";"2026-09-24";"From slavery to today: The Black women who shaped America";"https://france24.com/en/tv-shows/arts24/20260922-from-slavery-to-today-the-black-women-who-shaped-america"
"France 24 (EN)";"EN";"2026-09-24";"Music show: Meet Ed Banger Records' new girl Tatyana Jane and wild Jazz band Buck";"https://france24.com/en/tv-shows/arts24/20260921-music-show-meet-ed-banger-records-new-girl-tatyana-jane-and-wild-jazz-band-buck"
"France 24 (EN)";"EN";"2026-09-24";"Football: Full squad train under Zidane as tactical changes expected for France";"https://france24.com/en/tv-shows/sports/20260923-football-full-squad-train-under-zin%C3%A9dine-zidane-as-tactical-changes-expected-for-france"
"France 24 (EN)";"EN";"2026-09-24";"Football: France enter new era with Zinédine Zidane";"https://france24.com/en/tv-shows/sports/20260922-football-france-enter-new-era-with-zin%C3%A9dine-zidane"
"France 24 (EN)";"EN";"2026-09-24";"It's not malicious, it's indifference: Thousands of books sent to AI woodchipper";"https://france24.com/en/tv-shows/spotlight/20260917-intent-not-malicious-it-s-indifference-thousands-if-not-millions-of-books-sent-to-ai-woodchipper"
"France 24 (EN)";"EN";"2026-09-24";"Holy regulation? Pope in Paris to press case for 'disarming' AI";"https://france24.com/en/tv-shows/the-debate/20260923-holy-regulation-pope-in-paris-to-press-case-for-disarming-ai"
"France 24 (EN)";"EN";"2026-09-24";"Fresh drilling for a lost Egyptian queen?";"https://france24.com/en/tv-shows/press-review/20260923-fresh-drilling-for-a-lost-egyptian-queen"
"France 24 (EN)";"EN";"2026-09-24";"ICC convicts Central African Republic rebel leader of crimes against humanity";"https://france24.com/en/africa/20260923-icc-convicts-central-african-republic-rebel-leader-of-crimes-against-humanity"
"France 24 (EN)";"EN";"2026-09-24";"US war on Iran: Trump will ‘declare victory and go home’, embracing the ‘Greenland option’";"https://france24.com/en/tv-shows/spotlight/20260924-us-war-on-iran-trump-will-declare-victory-and-go-home-embracing-the-greenland-option"
"France 24 (EN)";"EN";"2026-09-24";"REPLAY: Ukrainian President Zelensky addresses the UN General Assembly";"https://france24.com/en/video/20260923-replay-ukrainian-president-zelensky-addresses-the-un-general-assembly"
"France 24 (EN)";"EN";"2026-09-24";"Pakistan arrests sisters of imprisoned former PM Imran Khan";"https://france24.com/en/asia-pacific/20260921-sisters-of-jailed-former-pakistani-pm-imran-khan-arrested"
"France 24 (EN)";"EN";"2026-09-24";"Transforming Payments in the DRC: A Leap Towards a Digital Future";"https://france24.com/en/sponsored-content/20250923-transforming-payments-in-the-drc-a-leap-towards-a-digital-future"
"France 24 (EN)";"EN";"2026-09-24";"Africa's $88 billion solutions: How ATAF fights illicit financial flows";"https://france24.com/en/sponsored-content/20250108-africa-s-88-billion-solutions-how-ataf-fights-illicit-financial-flows"
"France 24 (EN)";"EN";"2026-09-24";"Burundi: innovative solutions to fight stunting in children";"https://france24.com/en/sponsored-content/20240122-burundi-innovative-solutions-to-fight-stunting-in-children"
"France 24 (EN)";"EN";"2026-09-24";"Child malnutrition in Burundi: concrete actions to help children";"https://france24.com/en/sponsored-content/20231215-child-malnutrition-in-burundi-concrete-actions-to-help-children"
"France 24 (EN)";"EN";"2026-09-24";"Interview of Anthony Ginter, President & CEO - WEO";"https://france24.com/en/sponsored-content/20230911-interview-of-anthony-ginter-president-ceo-weo"
"France 24 (EN)";"EN";"2026-09-24";"2026";"https://france24.com/en/archives/2026/01/"
"France 24 (EN)";"EN";"2026-09-24";"2025";"https://france24.com/en/archives/2025/01/"
"France 24 (EN)";"EN";"2026-09-24";"2024";"https://france24.com/en/archives/2024/01/"
"France 24 (EN)";"EN";"2026-09-24";"2023";"https://france24.com/en/archives/2023/01/"
"France 24 (EN)";"EN";"2026-09-24";"2022";"https://france24.com/en/archives/2022/01/"
"France 24 (EN)";"EN";"2026-09-24";"2021";"https://france24.com/en/archives/2021/01/"
"France 24 (EN)";"EN";"2026-09-24";"2020";"https://france24.com/en/archives/2020/01/"
"Le Monde (FR)";"FR";"2026-09-24";"Le Monde’s app";"https://www.lemonde.fr/en/about-us/article/2023/09/06/le-monde-in-english-now-available-on-our-mobile-app_6125308_115.html"
"Le Monde (FR)";"FR";"2026-09-24";"Macron's error on Hamas during UN speech sparks Israeli anger";"https://www.lemonde.fr/en/international/article/2026/09/24/at-the-un-general-assembly-emmanuel-macron-s-error-on-hamas-sparks-israeli-anger_6757883_4.html"
"Le Monde (FR)";"FR";"2026-09-24";"Macron positions himself as Trump's opposite in last UN speech";"https://www.lemonde.fr/en/international/article/2026/09/23/macron-positions-himself-as-trump-s-opposite-in-last-un-speech_6757843_4.html"
"Le Monde (FR)";"FR";"2026-09-24";"Macron and Trump discuss Ukraine and soaring oil prices at New York meeting";"https://www.lemonde.fr/en/international/article/2026/09/22/macron-and-trump-discuss-ukraine-and-soaring-oil-prices-at-new-york-meeting_6757806_4.html"
"Le Monde (FR)";"FR";"2026-09-24";"As Xi visits US, China now has the upper hand";"https://www.lemonde.fr/en/international/article/2026/09/23/as-xi-visits-us-china-now-has-the-upper-hand_6757871_4.html"
"Le Monde (FR)";"FR";"2026-09-24";"Trump gives Xi a rare personal welcome at airport";"https://www.lemonde.fr/en/international/article/2026/09/24/trump-gives-xi-a-rare-personal-welcome-at-airport_6757885_4.html"
"Le Monde (FR)";"FR";"2026-09-24";"To ally or not to ally with the radical left was the question during first Socialists' primary debate";"https://www.lemonde.fr/en/politics/article/2026/09/24/to-ally-or-not-to-ally-with-the-radical-left-was-the-question-during-first-socialists-primary-debate_6757887_5.html"
"Le Monde (FR)";"FR";"2026-09-24";"A breakout star author is accused of using AI in his prize-contending debut";"https://www.lemonde.fr/en/pixels/article/2026/09/24/a-breakout-star-author-is-accused-of-using-ai-in-his-prize-contending-debut_6757882_13.html"
"Le Monde (FR)";"FR";"2026-09-24";"After Céline Dion, Pope Leo drives tourism across France";"https://www.lemonde.fr/en/economy/article/2026/09/23/after-celine-dion-pope-leo-drives-tourism-across-france_6757874_19.html"
"Le Monde (FR)";"FR";"2026-09-24";"Interview   Alexandre Piquard Subscribers onlyArthur Mensch, CEO of French start-up Mistral AI: 'AI is software. It can be controlled'  Mistral AI's co-founder believes the sector's American giants are manipulating the discourse around this technology's risks. He also defended his strategy, as critics are accusing his company of falling behind US and Chinese rivals.    9 min read";"https://www.lemonde.fr/en/economy/article/2026/09/24/arthur-mensch-ceo-of-french-start-up-mistral-ai-ai-is-software-it-can-be-controlled_6757890_19.html"
"Le Monde (FR)";"FR";"2026-09-24";"Zelensky defends strikes on Russia as necessary 'not to die' at the UN General Assembly";"https://www.lemonde.fr/en/international/article/2026/09/24/at-the-un-general-assembly-volodymyr-zelensky-defends-strikes-on-russia-as-necessary-not-to-die_6757884_4.html"
"Le Monde (FR)";"FR";"2026-09-24";"At the UN, heads of Anthropic and OpenAI discuss risks";"https://www.lemonde.fr/en/international/article/2026/09/23/at-the-un-heads-of-anthropic-and-openai-discuss-risks_6757877_4.html"
"Le Monde (FR)";"FR";"2026-09-24";"Outgoing UN chief makes final push for action on climate change at New York summit";"https://www.lemonde.fr/en/international/article/2026/09/23/outgoing-un-chief-makes-final-push-for-action-on-climate-change-at-new-york-summit_6757876_4.html"
"Le Monde (FR)";"FR";"2026-09-24";"Inside Pope Leo XIV's plane";"https://www.lemonde.fr/en/m-le-mag/article/2026/09/24/inside-pope-leo-xiv-s-plane_6757878_117.html"
"Le Monde (FR)";"FR";"2026-09-24";"Sweden's rise of a party to the right of the far right puts local democracy in Örebro under pressure";"https://www.lemonde.fr/en/international/article/2026/09/24/in-sweden-the-rise-of-a-party-to-the-right-of-the-far-right-puts-local-democracy-in-orebro-under-pressure_6757880_4.html"
"Le Monde (FR)";"FR";"2026-09-24";"'Aboard the AI Titanic, panic is setting in before the ship has even hit the iceberg'";"https://www.lemonde.fr/en/opinion/article/2026/09/23/aboard-the-ai-titanic-panic-is-setting-in-before-the-ship-has-even-hit-the-iceberg_6757873_23.html"
"Le Monde (FR)";"FR";"2026-09-24";"Ali Banisadr and Gustave Moreau, two painters outside the mainstream";"https://www.lemonde.fr/en/culture/article/2026/09/24/ali-banisadr-and-gustave-moreau-two-painters-outside-the-mainstream_6757879_30.html"
"Le Monde (FR)";"FR";"2026-09-24";"PSG's Achraf Hakimi will be tried for rape, high court confirms";"https://www.lemonde.fr/en/france/article/2026/09/23/psg-s-achraf-hakimi-will-be-tried-for-rape-high-court-confirms_6757868_7.html"
"Le Monde (FR)";"FR";"2026-09-24";"Ancient wall discovered in Paris, possibly confirming site of city's original settlement";"https://www.lemonde.fr/en/history/article/2026/09/23/archaeological-breakthrough-could-confirm-origins-of-paris_6757849_157.html"
"Le Monde (FR)";"FR";"2026-09-24";"A veteran of French politics is spicing up the Socialists' primary: Segolène Royal";"https://www.lemonde.fr/en/politics/article/2026/09/23/a-veteran-of-french-politics-is-spicing-up-the-socialists-primary-segolene-royal_6757838_5.html"
"Le Monde (FR)";"FR";"2026-09-24";"Azerbaijan pardons jailed Frenchman after EU lifts sanctions on Russian oligarchs";"https://www.lemonde.fr/en/international/article/2026/09/23/azerbaijan-pardons-jailed-frenchman-after-eu-lifts-sanctions-on-russian-oligarchs_6757842_4.html"
"Le Monde (FR)";"FR";"2026-09-24";"'We can feel the RN wave coming': A traditional stronghold of French conservatives shifts right";"https://www.lemonde.fr/en/international/article/2026/09/23/we-can-feel-the-rn-wave-coming-a-traditional-stronghold-of-french-conservatives-shifts-right_6757863_4.html"
"Le Monde (FR)";"FR";"2026-09-24";"In Depth   Claire Gatinois Subscribers onlyMacron positions himself as Trump's opposite in last UN speech  The French president delivered a forceful defense of multilateralism and international law in the face of 'a new age of barbarism.' His remarks contrasted starkly with those made hours earlier by the American leader.    3 min read";"https://www.lemonde.fr/en/international/article/2026/09/23/macron-positions-himself-as-trump-s-opposite-in-last-un-speech_6757843_4.html"
"Le Monde (FR)";"FR";"2026-09-24";"Long Read   Sarah Belouezzane Subscribers onlyThe Catholic Church's new power players: Americans  They hold key positions at the Holy See and are establishing think tanks, foundations and universities in Rome. In the wake of their compatriot Robert Prevost, who became Pope Leo XIV in 2025 and whose popularity continues to grow in the United States, American Catholics are throwing their full weight into shaping Catholicism.    14 min read";"https://www.lemonde.fr/en/religions/article/2026/09/22/the-catholic-church-s-new-power-players-americans_6757825_63.html"
"Le Monde (FR)";"FR";"2026-09-24";"Long Read   Brice Pedroletti,  Harold Thibault and  Philippe Mesmer Subscribers onlyTrump's unpredictability forces America's Asian allies to rethink security  The ambiguous policy of the American president in the region has rekindled doubts about whether the United States can be relied on in the event of a conflict with China. In response to Beijing's regional ambitions, Washington's historic partners have strengthened their ties and boosted their defense capabilities.    12 min read";"https://www.lemonde.fr/en/international/article/2026/09/22/trump-s-unpredictability-forces-america-s-asian-allies-to-rethink-security_6757827_4.html"
"Le Monde (FR)";"FR";"2026-09-24";"Column Subscribe'Macron, more than any of his predecessors, faces the challenge of not handing the keys of the Elysée to the far right'      Françoise Fressoz Columnist";"https://www.lemonde.fr/en/opinion/article/2026/09/23/macron-more-than-any-of-his-predecessors-faces-the-challenge-of-not-handing-the-keys-of-the-elysee-to-the-far-right_6757836_23.html"
"Le Monde (FR)";"FR";"2026-09-24";"Editorial Rethinking France's water management   Le Monde";"https://www.lemonde.fr/en/opinion/article/2026/09/23/rethinking-france-s-water-management_6757864_23.html"
"Le Monde (FR)";"FR";"2026-09-24";"Column Subscribe'A debt can be erased, but the decisions that created it always have to be paid for in one way or another'      Stéphane Lauer Columnist";"https://www.lemonde.fr/en/opinion/article/2026/09/21/a-debt-can-be-erased-but-the-decisions-that-created-it-always-have-to-be-paid-for-in-one-way-or-another_6757749_23.html"
"Le Monde (FR)";"FR";"2026-09-24";"French presidential candidate is first to give birth during campaign";"https://www.lemonde.fr/en/politics/article/2026/09/23/french-presidential-candidate-is-first-to-give-birth-during-campaign_6757847_5.html"
"Le Monde (FR)";"FR";"2026-09-24";"Charte du Groupe";"https://www.lemonde.fr/actualite-medias/article/2010/11/03/la-charte-d-ethique-et-de-deontologie-du-groupe-le-monde_1434737_3236.html"
"Le Monde (FR)";"FR";"2026-09-24";"Group Policy";"https://www.lemonde.fr/en/about-us/article/2022/04/06/groupe-le-monde-s-code-of-ethics-and-professional-conduct_5979823_115.html"
"Le Monde (FR)";"FR";"2026-09-24";"RSS feed";"https://www.lemonde.fr/en/about-us/article/2026/03/27/le-monde-rss-feeds_6751860_115.html"
"RFI Afrique (FR)";"FR";"2026-09-24";"2026";"https://www.rfi.fr/fr/archives/2026/01/"
"RFI Afrique (FR)";"FR";"2026-09-24";"2025";"https://www.rfi.fr/fr/archives/2025/01/"
"RFI Afrique (FR)";"FR";"2026-09-24";"2024";"https://www.rfi.fr/fr/archives/2024/01/"
"RFI Afrique (FR)";"FR";"2026-09-24";"2023";"https://www.rfi.fr/fr/archives/2023/01/"
"RFI Afrique (FR)";"FR";"2026-09-24";"2022";"https://www.rfi.fr/fr/archives/2022/01/"
"RFI Afrique (FR)";"FR";"2026-09-24";"2021";"https://www.rfi.fr/fr/archives/2021/01/"
"RFI Afrique (FR)";"FR";"2026-09-24";"2020";"https://www.rfi.fr/fr/archives/2020/01/"
"RTL (FR)";"FR";"2026-09-24";"Politique";"https://rtl.fr/actu/politique"
"RTL (FR)";"FR";"2026-09-24";"International";"https://rtl.fr/actu/international"
"RTL (FR)";"FR";"2026-09-24";"Justice et faits divers";"https://rtl.fr/actu/justice-faits-divers"
"RTL (FR)";"FR";"2026-09-24";"Conso";"https://rtl.fr/actu/economie-consommation"
"RTL (FR)";"FR";"2026-09-24";"Food";"https://rtl.fr/actu/food"
"RTL (FR)";"FR";"2026-09-24";"Santé";"https://rtl.fr/actu/bien-etre"
"RTL (FR)";"FR";"2026-09-24";"Société";"https://rtl.fr/actu/debats-societe"
"RTL (FR)";"FR";"2026-09-24";"Tech";"https://rtl.fr/actu/sciences-tech"
"RTL (FR)";"FR";"2026-09-24";"Arts Spectacles";"https://rtl.fr/culture/arts-spectacles"
"RTL (FR)";"FR";"2026-09-24";"Ciné Séries";"https://rtl.fr/culture/cine-series"
"RTL (FR)";"FR";"2026-09-24";"Médias et people";"https://rtl.fr/culture/medias-people"
"RTL (FR)";"FR";"2026-09-24";"Musique";"https://rtl.fr/culture/musique"
"RTL (FR)";"FR";"2026-09-24";"Culture Générale";"https://rtl.fr/culture/culture-generale"
"RTL (FR)";"FR";"2026-09-24";"Humour";"https://rtl.fr/culture/humour"
"RTL (FR)";"FR";"2026-09-24";"Histoire";"https://rtl.fr/culture/histoire"
"RTL (FR)";"FR";"2026-09-24";"Football";"https://rtl.fr/sport/football"
"RTL (FR)";"FR";"2026-09-24";"Autres sports";"https://rtl.fr/sport/autres-sports"
"France Inter (FR)";"FR";"2026-09-24";"Pour leur premier débat, les candidats de la primaire sociale-démocrate s'écharpent sur l'international et LFI";"https://radiofrance.fr/franceinter/podcasts/l-info-de-france-inter/pour-leur-premier-debat-les-candidats-de-la-primaire-sociale-democrate-s-echarpent-sur-l-international-et-lfi-3574291"
"France Inter (FR)";"FR";"2026-09-24";"Teddy Riner visé par des messages racistes après ses propos sur l’extrême droite, une enquête est ouverte";"https://radiofrance.fr/franceinter/podcasts/l-info-de-france-inter/teddy-riner-vise-par-des-messages-racistes-apres-ses-propos-sur-l-extreme-droite-une-enquete-est-ouverte-3641032"
"France Inter (FR)";"FR";"2026-09-24";"""Méfiez-vous des vieilles femmes"" : E. Jean Carroll, la journaliste américaine qui a fait condamner Donald Trump";"https://radiofrance.fr/franceinter/podcasts/l-invite-de-7h50/l-invite-de-7h50-du-jeudi-24-septembre-2026-7939111"
"France Inter (FR)";"FR";"2026-09-24";"Aides grand rouleur et pour les infirmières, rien pour les transporteurs : les aides gouvernementales pour le carburant";"https://radiofrance.fr/franceinter/podcasts/l-info-de-france-inter/l-info-de-france-inter-2824915"
"France Inter (FR)";"FR";"2026-09-24";"L'info de France Inter";"https://radiofrance.fr/franceinter/podcasts/les-documents-france-inter"
"France Inter (FR)";"FR";"2026-09-24";"Carburants : le président du groupement Mousquetaires, Thierry Cotillard, craint un ""mur d'inflation""";"https://radiofrance.fr/franceinter/podcasts/l-invite-de-8h20-le-grand-entretien/l-invite-de-8h20-le-grand-entretien-du-mardi-22-septembre-2026-5592805"
"France Inter (FR)";"FR";"2026-09-24";"L'Invité de 8h20 : le grand entretien";"https://radiofrance.fr/franceinter/podcasts/l-invite-de-8h20-le-grand-entretien"
"France Inter (FR)";"FR";"2026-09-24";"Quel genre de pape Léon XIV a-t-il été jusque-là ?";"https://radiofrance.fr/franceinter/podcasts/l-info-de-france-inter/quel-genre-de-pape-leon-xiv-a-t-il-ete-jusque-la-5323751"
"France Inter (FR)";"FR";"2026-09-24";"""C'est l'automne de tous les dangers"", alerte Jean-Yves Le Drian, ancien ministre de la Défense";"https://radiofrance.fr/franceinter/podcasts/l-invite-de-8h20-le-grand-entretien/l-invite-de-8h20-le-grand-entretien-du-jeudi-24-septembre-2026-9451403"
"France Inter (FR)";"FR";"2026-09-24";"Beck et Bien";"https://radiofrance.fr/franceinter/podcasts/musicaline/musicaline-du-jeudi-24-septembre-2026-6155788"
"France Inter (FR)";"FR";"2026-09-24";"""Je n'ai rien à me reprocher"", réagit l'écrivain Thélyson Orélien, accusé d'avoir utilisé l'IA pour son premier roman";"https://radiofrance.fr/franceinter/podcasts/l-info-de-france-inter/je-n-ai-rien-a-me-reprocher-reagit-thelyson-orelien-accuse-d-avoir-utilise-l-ia-pour-son-premier-roman-1153960"
"France Inter (FR)";"FR";"2026-09-24";"Paul Mirabel devient le héros de sa propre série";"https://radiofrance.fr/franceinter/podcasts/a-la-reguliere/a-la-reguliere-du-mardi-22-septembre-2026-4354483"
"France Inter (FR)";"FR";"2026-09-24";"""A Love Supreme"", l’hymne à la joie de John Coltrane";"https://radiofrance.fr/franceinter/podcasts/et-je-remets-l-album/et-je-remets-l-album-du-samedi-19-septembre-2026-4426981"
"France Inter (FR)";"FR";"2026-09-24";"L'essence à 3 euros le litre : ""Pas impossible, mais ça supposerait toute une série de conditions"", dit Patrice Geoffron";"https://radiofrance.fr/franceinter/podcasts/l-invite-de-6h20/la-question-de-6h20-du-mardi-22-septembre-2026-1426420"
"France Inter (FR)";"FR";"2026-09-24";"George Lucas ouvre son musée à Los Angeles";"https://radiofrance.fr/franceinter/podcasts/le-grand-reportage-de-france-inter/le-grand-reportage-du-mercredi-23-septembre-2026-5485631"
"France Inter (FR)";"FR";"2026-09-24";"Aide à mourir : les catholiques entre foi et loi";"https://radiofrance.fr/franceinter/podcasts/interception/interception-le-reportage-du-dimanche-20-septembre-2026-7952747"
"France Inter (FR)";"FR";"2026-09-24";"Investissements étrangers sensibles : sur 167 projets inspectés, la moitié autorisée ""sous conditions"" par Bercy en 2025";"https://radiofrance.fr/franceinter/podcasts/l-info-de-france-inter/investissements-etrangers-sensibles-sur-167-projets-inspectes-la-moitie-autorisee-sous-conditions-par-bercy-en-2025-1851335"
"France Inter (FR)";"FR";"2026-09-24";"L'Invité de 7h50";"https://radiofrance.fr/franceinter/podcasts/l-invite-de-7h50"
"France Inter (FR)";"FR";"2026-09-24";"Eva Blanck : ""Avoir un arrêt court pourrait éviter des pathologies bien plus importantes et qui coûteraient plus cher""";"https://radiofrance.fr/franceinter/podcasts/l-invite-du-13-14/l-invite-du-13-14-du-mercredi-23-septembre-2026-5328559"
"France Inter (FR)";"FR";"2026-09-24";"L'invité du 13/14";"https://radiofrance.fr/franceinter/podcasts/l-invite-du-13h00"
"France Inter (FR)";"FR";"2026-09-24";"Le journal de 08h00 du jeudi 24 septembre 2026";"https://radiofrance.fr/franceinter/podcasts/le-journal-de-8h/le-journal-de-08h00-du-jeudi-24-septembre-2026-6812048"
"France Inter (FR)";"FR";"2026-09-24";"Le journal de 8h";"https://radiofrance.fr/franceinter/podcasts/le-journal-de-8h"
"France Inter (FR)";"FR";"2026-09-24";"""La Maison des os et de la pluie"", de Gabino Iglesias, une sombre histoire de vengeance à Porto Rico";"https://radiofrance.fr/franceinter/podcasts/le-polar-sonne-toujours-2-fois/le-polar-sonne-toujours-2-fois-du-jeudi-17-septembre-2026-2291630"
"France Inter (FR)";"FR";"2026-09-24";"Lilia Hassaine";"https://radiofrance.fr/franceinter/podcasts/rien-ne-s-oppose-a-la-nuit/rien-ne-s-oppose-a-la-nuit-du-lundi-31-aout-2026-3444181"
"France Inter (FR)";"FR";"2026-09-24";"Yannick Haenel : ""La rupture, c'est le début de la vocation""";"https://radiofrance.fr/franceinter/podcasts/le-grand-portrait/le-grand-portrait-du-lundi-07-septembre-2026-9287050"
"France Inter (FR)";"FR";"2026-09-24";"""C'était ça ou mourir"" de Thelyson Orélien, exil et résilience";"https://radiofrance.fr/franceinter/podcasts/le-grand-portrait/le-grand-portrait-du-jeudi-03-septembre-2026-5280607"
"France Inter (FR)";"FR";"2026-09-24";"""Une éclaircie"" de Jean-Baptiste Del Amo : comment son corps a changé son regard sur le monde";"https://radiofrance.fr/franceinter/podcasts/l-invite-de-7h50-du-week-end/l-invite-de-7h50-du-we-du-dimanche-30-aout-2026-2767136"
"France Inter (FR)";"FR";"2026-09-24";"Jean-Philippe Toussaint publie ""La Hantise""";"https://radiofrance.fr/franceinter/podcasts/le-grand-atelier/le-grand-atelier-du-dimanche-30-aout-2026-1560875"
"France Inter (FR)";"FR";"2026-09-24";"Adèle Haenel pour son livre ""Viser juste"" : des mots pour penser le réel";"https://radiofrance.fr/franceinter/podcasts/totemic/totemic-du-vendredi-28-aout-2026-9167302"
"France Inter (FR)";"FR";"2026-09-24";"""À voix haute"" : l'enquête familiale de Polina Panassenko à l'époque de la Russie stalinienne a séduit Le Masque";"https://radiofrance.fr/franceinter/podcasts/le-masque-et-la-plume/a-voix-haute-de-polina-panassenko-2511870"
"France Inter (FR)";"FR";"2026-09-24";"""Ce qui nous frôle sous la surface"" de Colum McCann : le Masque a eu du mal à retenir sa respiration";"https://radiofrance.fr/franceinter/podcasts/le-masque-et-la-plume/ce-qui-nous-frole-sous-la-surface-de-colum-mccann-8357623"
"France Inter (FR)";"FR";"2026-09-24";"Revue de presse : de Thélyson Orélien à Washington et Pékin";"https://radiofrance.fr/franceinter/podcasts/la-revue-de-presse/la-revue-de-presse-du-mercredi-23-septembre-2026-8387156"
"France Inter (FR)";"FR";"2026-09-24";"La Revue de presse";"https://radiofrance.fr/franceinter/podcasts/la-revue-de-presse"
"France Inter (FR)";"FR";"2026-09-24";"Recto-Verso";"https://radiofrance.fr/franceinter/podcasts/recto-verso"
"France Inter (FR)";"FR";"2026-09-24";"Le 6/9";"https://radiofrance.fr/franceinter/podcasts/le-6-9"
"France Inter (FR)";"FR";"2026-09-24";"Franc-jeu";"https://radiofrance.fr/franceinter/podcasts/franc-jeu"
"France Inter (FR)";"FR";"2026-09-24";"Franche culture";"https://radiofrance.fr/franceinter/podcasts/franche-culture"
"France Inter (FR)";"FR";"2026-09-24";"Les ailes de géant";"https://radiofrance.fr/franceinter/podcasts/les-ailes-de-geant"
"France Inter (FR)";"FR";"2026-09-24";"Le 18/20";"https://radiofrance.fr/franceinter/podcasts/le-18-20"
"France Inter (FR)";"FR";"2026-09-24";"C'est loin mais c'est beau";"https://radiofrance.fr/franceinter/podcasts/c-est-loin-mais-c-est-beau"
"France Inter (FR)";"FR";"2026-09-24";"Le Billet de Thomas Poitevin";"https://radiofrance.fr/franceinter/podcasts/vero-la-gestionnaire-de-communautes"
"France Inter (FR)";"FR";"2026-09-24";"Rien ne s'oppose à la nuit";"https://radiofrance.fr/franceinter/podcasts/rien-ne-s-oppose-a-la-nuit"
"France Inter (FR)";"FR";"2026-09-24";"La chronique de Samuel Jensky";"https://radiofrance.fr/franceinter/podcasts/la-chronique-de-samuel-jensky"
"France Inter (FR)";"FR";"2026-09-24";"La chronique de Camille Tissot";"https://radiofrance.fr/franceinter/podcasts/la-chronique-de-camille-tissot"
"France Inter (FR)";"FR";"2026-09-24";"Nos vies numériques";"https://radiofrance.fr/franceinter/podcasts/nos-vies-numeriques"
"France Inter (FR)";"FR";"2026-09-24";"Tout va trop vite";"https://radiofrance.fr/franceinter/podcasts/les-histoires-du-monde"
"France Inter (FR)";"FR";"2026-09-24";"Le Billet de Jessé";"https://radiofrance.fr/franceinter/podcasts/la-chronique-de-jesse"
"France Inter (FR)";"FR";"2026-09-24";"L'édito de Dov Alfon";"https://radiofrance.fr/franceinter/podcasts/dov-alfon-en-toute-subjectivite"
"France Inter (FR)";"FR";"2026-09-24";"Soft planète";"https://radiofrance.fr/franceinter/podcasts/soft-planete"
"France Inter (FR)";"FR";"2026-09-24";"Un jeudi soir sur la terre";"https://radiofrance.fr/franceinter/podcasts/un-jeudi-soir-sur-la-terre"
"France Inter (FR)";"FR";"2026-09-24";"Le petit carnet de campagne";"https://radiofrance.fr/franceinter/podcasts/petits-carnets-de-campagne"
"France Inter (FR)";"FR";"2026-09-24";"Chez la belle-famille";"https://radiofrance.fr/franceinter/podcasts/chez-la-belle-famille"
"France Inter (FR)";"FR";"2026-09-24";"Reines et Rois";"https://radiofrance.fr/franceinter/podcasts/reines-et-rois"
"France Inter (FR)";"FR";"2026-09-24";"Yotam Ottolenghi : ""La cuisine, c'est l'antidote à l'angoisse du monde""";"https://radiofrance.fr/franceinter/podcasts/le-grand-portrait/le-grand-portrait-du-lundi-21-septembre-2026-5994176"
"France Inter (FR)";"FR";"2026-09-24";"Charline à Die";"https://radiofrance.fr/franceinter/podcasts/serie-charline-a-die"
"France Inter (FR)";"FR";"2026-09-24";"En 1830, qu’allaient donc faire les Français en débarquant à Alger ?";"https://radiofrance.fr/franceinter/podcasts/serie-en-1830-qu-allaient-donc-faire-les-francais-en-debarquant-a-alger"
"France Inter (FR)";"FR";"2026-09-24";"Le Masque et la Nouvelle Vague";"https://radiofrance.fr/franceinter/podcasts/serie-le-masque-et-la-nouvelle-vague"
"France Inter (FR)";"FR";"2026-09-24";"Canicules";"https://radiofrance.fr/franceinter/podcasts/serie-canicules"
"France Inter (FR)";"FR";"2026-09-24";"Que s’est-il passé en Europe entre les XIVe et XVIe siècles pour qu’on ose parler de ""Renaissance""  ?";"https://radiofrance.fr/franceinter/podcasts/serie-que-s-est-il-passe-en-europe-entre-les-xive-et-xvie-siecles-pour-qu-on-ose-parler-de-renaissance"
"France Inter (FR)";"FR";"2026-09-24";"Masterclass autour de Jay-Z et de l’album ""The Blueprint""";"https://radiofrance.fr/franceinter/podcasts/masterclass-d-inter/les-masterclass-d-inter-du-vendredi-11-septembre-2026-5317913"
"France Inter (FR)";"FR";"2026-09-24";"""Les roches rouges"", ""Garance"" et ""Les éléphants dans la brume"" : les sorties ciné de la semaine";"https://radiofrance.fr/franceinter/podcasts/cine-mercredi/mercredi-cinema-du-mercredi-23-septembre-2026-8499564"
"France Inter (FR)";"FR";"2026-09-24";"Ciné mercredi";"https://radiofrance.fr/franceinter/podcasts/mercredi-cinema"
"France Inter (FR)";"FR";"2026-09-24";"Guerre civile en Birmanie : le récit de l'après-Aung San Suu Kyi";"https://radiofrance.fr/franceinter/podcasts/l-info-de-france-inter/guerre-civile-en-birmanie-le-recit-de-l-apres-aung-san-suu-kyi-4840303"
"France Inter (FR)";"FR";"2026-09-24";"Iyad Ag Ghali, le djihadiste qui défie le Mali";"https://radiofrance.fr/franceinter/podcasts/l-info-de-france-inter/iyad-ag-ghali-le-djihadiste-qui-defile-le-mali-4200074"
"France Inter (FR)";"FR";"2026-09-24";"Poutine, le tsar soviétique";"https://radiofrance.fr/franceinter/podcasts/serie-poutine-le-tsar-sovietique"
"France Inter (FR)";"FR";"2026-09-24";"Alfred Dreyfus, le combat de la République";"https://radiofrance.fr/franceinter/podcasts/serie-alfred-dreyfus-le-combat-de-la-republique"
"France Inter (FR)";"FR";"2026-09-24";"Simone de Beauvoir, itinéraire d'une jeune fille rangée";"https://radiofrance.fr/franceinter/podcasts/serie-simone-de-beauvoir-itineraire-d-une-jeune-fille-rangee"
"France Inter (FR)";"FR";"2026-09-24";"Sigmaringen, le crépuscule des bourreaux";"https://radiofrance.fr/franceinter/podcasts/serie-le-crepuscule-des-bourreaux"
"France Inter (FR)";"FR";"2026-09-24";"Mafia - Meurtres et trahisons : histoires de familles";"https://radiofrance.fr/franceinter/podcasts/serie-mafia-meurtres-et-trahisons-histoires-de-familles"
"France Inter (FR)";"FR";"2026-09-24";"Cache-cache";"https://radiofrance.fr/franceinter/podcasts/serie-cache-cache"
"France Inter (FR)";"FR";"2026-09-24";"C'est la rentrée des P'tits Bateaux";"https://radiofrance.fr/franceinter/podcasts/serie-c-est-la-rentree-des-p-tits-bateaux"
"France Inter (FR)";"FR";"2026-09-24";"Tina et les boucliers de Mars";"https://radiofrance.fr/franceinter/podcasts/serie-tina-et-les-boucliers-de-mars"
"France Inter (FR)";"FR";"2026-09-24";"Les aventures du professeur Caillou";"https://radiofrance.fr/franceinter/podcasts/les-aventures-du-professeur-caillou"
"France Inter (FR)";"FR";"2026-09-24";"Bestioles, nouveaux épisodes !";"https://radiofrance.fr/franceinter/podcasts/bestioles"
"France Inter (FR)";"FR";"2026-09-24";"Une histoire et... Oli, nouveaux épisodes !";"https://radiofrance.fr/franceinter/podcasts/une-histoire-et-oli"
"France Inter (FR)";"FR";"2026-09-24";"Les Odyssées, nouveaux épisodes !";"https://radiofrance.fr/franceinter/podcasts/les-odyssees"
"France Inter (FR)";"FR";"2026-09-24";"Mini vulgaire : les véhicules";"https://radiofrance.fr/franceinter/podcasts/serie-mini-vulgaire-les-vehicules"
"France Inter (FR)";"FR";"2026-09-24";"Chuchote-moi une histoire";"https://radiofrance.fr/franceinter/podcasts/chuchote-moi-une-histoire"
"France Inter (FR)";"FR";"2026-09-24";"L'invité : Jean-Marc Hovasse, chercheur, spécialiste de Victor Hugo";"https://radiofrance.fr/franceinter/podcasts/affaires-sensibles/affaires-sensibles-l-invite-du-mercredi-23-septembre-2026-8858035"
"France Inter (FR)";"FR";"2026-09-24";"Affaires sensibles";"https://radiofrance.fr/franceinter/podcasts/affaires-sensibles"
"France Inter (FR)";"FR";"2026-09-24";"Victor Hugo et la bataille d’Hernani - Le récit";"https://radiofrance.fr/franceinter/podcasts/affaires-sensibles/affaires-sensibles-le-recit-du-mercredi-23-septembre-2026-8132248"
"France Inter (FR)";"FR";"2026-09-24";"La bataille d’Hernani, au théâtre comme à la guerre - L'intégrale";"https://radiofrance.fr/franceinter/podcasts/affaires-sensibles/affaires-sensibles-du-mercredi-23-septembre-2026-8208824"
"France Inter (FR)";"FR";"2026-09-24";"L'invité : David Naïm, écrivan";"https://radiofrance.fr/franceinter/podcasts/affaires-sensibles/affaires-sensibles-l-invite-du-mardi-22-septembre-2026-2614076"
"France Inter (FR)";"FR";"2026-09-24";"Bande annonce - Bientôt un nouvel épisode du ""Code a changé""";"https://radiofrance.fr/franceinter/podcasts/le-code-a-change/bande-annonce-9534870"
"France Inter (FR)";"FR";"2026-09-24";"Le Masque et Patrick Modiano";"https://radiofrance.fr/franceinter/podcasts/serie-le-masque-et-patrick-modiano"
"France Inter (FR)";"FR";"2026-09-24";"Bestioles";"https://radiofrance.fr/franceinter/podcasts/bestioles"
"France Inter (FR)";"FR";"2026-09-24";"Les concerts d'Inter";"https://radiofrance.fr/franceinter/podcasts/les-concerts-d-inter"
"France Inter (FR)";"FR";"2026-09-24";"Révélations";"https://radiofrance.fr/franceinter/podcasts/revelations"
"France Inter (FR)";"FR";"2026-09-24";"Afghanistan, le tourisme sans les femmes";"https://radiofrance.fr/franceinter/podcasts/interception/interception-du-dimanche-08-mars-2026-4136320"
"France Inter (FR)";"FR";"2026-09-24";"Taylor Swift, le monde, ma fille et moi";"https://radiofrance.fr/franceinter/podcasts/taylor-swift-le-monde-ma-fille-et-moi"
"France Inter (FR)";"FR";"2026-09-24";"Les déportés";"https://radiofrance.fr/franceinter/podcasts/serie-les-deportes"
"France Inter (FR)";"FR";"2026-09-24";"Etats-Unis : ce pays qui marie ses enfants";"https://radiofrance.fr/franceinter/podcasts/interception/interception-du-dimanche-05-mars-2023-8505277"
"France Inter (FR)";"FR";"2026-09-24";"Sur les traces d'Ousmane Dembélé";"https://radiofrance.fr/franceinter/podcasts/serie-sur-les-traces-d-ousmane-dembele"
"France Inter (FR)";"FR";"2026-09-24";"Collégiennes à vendre";"https://radiofrance.fr/franceinter/podcasts/interception/interception-du-dimanche-12-octobre-2025-2574397"
"France Inter (FR)";"FR";"2026-09-24";"Comment briser la glace avec des inconnus ?";"https://radiofrance.fr/franceinter/podcasts/grand-bien-vous-fasse/grand-bien-vous-fasse-du-jeudi-24-septembre-2026-5111414"
"France Inter (FR)";"FR";"2026-09-24";"Grand bien vous fasse !";"https://radiofrance.fr/franceinter/podcasts/grand-bien-vous-fasse"
"France Inter (FR)";"FR";"2026-09-24";"Emmanuel Marre, réalisateur du film ""Notre salut"", en salles le 30 septembre";"https://radiofrance.fr/franceinter/podcasts/le-grand-portrait/le-grand-portrait-du-jeudi-24-septembre-2026-4974898"
"France Inter (FR)";"FR";"2026-09-24";"Le Grand portrait";"https://radiofrance.fr/franceinter/podcasts/l-invite-de-9h10"
"France Inter (FR)";"FR";"2026-09-24";"Revue de presse : animaux au bureau, affaire Thélyson Orélien et visite papale";"https://radiofrance.fr/franceinter/podcasts/la-revue-de-presse/la-revue-de-presse-du-jeudi-24-septembre-2026-1501512"
"France Inter (FR)";"FR";"2026-09-24";"Lisa Azuelos et les refuges de demain";"https://radiofrance.fr/franceinter/podcasts/franche-culture/franche-culture-du-jeudi-24-septembre-2026-7451986"
"France Inter (FR)";"FR";"2026-09-24";"la grande matinale : Le Mag du jeudi 24 septembre 2026";"https://radiofrance.fr/franceinter/podcasts/la-grande-matinale-le-mag/la-grande-matinale-le-mag-du-jeudi-24-septembre-2026-1240124"
"France Inter (FR)";"FR";"2026-09-24";"La Grande matinale - Le mag";"https://radiofrance.fr/franceinter/podcasts/la-grande-matinale-le-mag"
"France Inter (FR)";"FR";"2026-09-24";"Avec ""Silent Hill: Townfall"", la saga culte du jeu vidéo d'horreur poursuit sa réjouissante délocalisation";"https://radiofrance.fr/franceinter/podcasts/l-info-de-france-inter/avec-silent-hill-townfall-la-saga-culte-du-jeu-video-d-horreur-poursuit-sa-rejouissante-delocalisation-9572330"
"France Inter (FR)";"FR";"2026-09-24";"Comment faire pour manger trop ?";"https://radiofrance.fr/franceinter/podcasts/la-question-de-david-castello-lopes/la-question-de-david-castello-lopes-du-jeudi-24-septembre-2026-9617855"
"France Inter (FR)";"FR";"2026-09-24";"La Question de David Castello-Lopes";"https://radiofrance.fr/franceinter/podcasts/le-billet-de-david-castello-lopes"
"France Inter (FR)";"FR";"2026-09-24";"""Fambushing"" : quand les enfants traquent leurs parents !";"https://radiofrance.fr/franceinter/podcasts/un-monde-nouveau/un-monde-nouveau-du-jeudi-24-septembre-2026-1874291"
"France Inter (FR)";"FR";"2026-09-24";"Un monde nouveau";"https://radiofrance.fr/franceinter/podcasts/un-monde-nouveau"
"France Inter (FR)";"FR";"2026-09-24";"L’hiver sera terrible, a prévenu Zelensky, mais cela ne fera pas céder les Ukrainiens";"https://radiofrance.fr/franceinter/podcasts/geopolitique/geopolitique-du-jeudi-24-septembre-2026-7417870"
"France Inter (FR)";"FR";"2026-09-24";"Géopolitique";"https://radiofrance.fr/franceinter/podcasts/geopolitique"
"France Inter (FR)";"FR";"2026-09-24";"Chambord : quatre siècles de festins et d'histoire de la table en exposition";"https://radiofrance.fr/franceinter/podcasts/les-80/les-80-du-jeudi-24-septembre-2026-3316869"
"France Inter (FR)";"FR";"2026-09-24";"Les 80''";"https://radiofrance.fr/franceinter/podcasts/les-80-de"
"France Inter (FR)";"FR";"2026-09-24";"L'édito éco du jeudi 24 septembre 2026";"https://radiofrance.fr/franceinter/podcasts/l-edito-eco/l-edito-eco-du-jeudi-24-septembre-2026-1601399"
"France Inter (FR)";"FR";"2026-09-24";"L'Édito éco";"https://radiofrance.fr/franceinter/podcasts/l-edito-eco"
"France Inter (FR)";"FR";"2026-09-24";"Etats-Unis, Japon, Russie : les interactions entre ours et humains inquiètent de plus en plus";"https://radiofrance.fr/franceinter/podcasts/debout-la-terre/debout-la-terre-du-jeudi-24-septembre-2026-2036545"
"France Inter (FR)";"FR";"2026-09-24";"Debout la Terre";"https://radiofrance.fr/franceinter/podcasts/la-lutte-enchantee"
"France Inter (FR)";"FR";"2026-09-24";"La loi littoral célèbre ses 40 ans, des élus demandent de la réactualiser face au réchauffement climatique";"https://radiofrance.fr/franceinter/podcasts/france-inter-sur-le-terrain/reportage-france-inter-sur-le-terrain-du-jeudi-24-septembre-2026-2639771"
"France Inter (FR)";"FR";"2026-09-24";"France Inter sur le terrain";"https://radiofrance.fr/franceinter/podcasts/grand-angle"
"France Inter (FR)";"FR";"2026-09-24";"Les politiques peuvent-ils se passer de langue de bois ?";"https://radiofrance.fr/franceinter/podcasts/le-debat/le-debat-de-la-grand-matinale-du-jeudi-24-septembre-2026-7345772"
"France Inter (FR)";"FR";"2026-09-24";"Le débat";"https://radiofrance.fr/franceinter/podcasts/le-debat-du-7-10"
"France Inter (FR)";"FR";"2026-09-24";"L’art au Havre : de Monet au polystyrène";"https://radiofrance.fr/franceinter/podcasts/c-est-loin-mais-c-est-beau/c-est-loin-mais-c-est-beau-du-jeudi-24-septembre-2026-7965060"
"France Inter (FR)";"FR";"2026-09-24";"Macron et le pape, quelle est la bonne distance ?";"https://radiofrance.fr/franceinter/podcasts/l-edito-politique/l-edito-politique-du-jeudi-24-septembre-2026-3780832"
"France Inter (FR)";"FR";"2026-09-24";"L'Édito politique";"https://radiofrance.fr/franceinter/podcasts/l-edito-politique"
"France Inter (FR)";"FR";"2026-09-24";"Pourquoi risque-t-on de manquer d'eau alors que l'eau se recycle naturellement ?";"https://radiofrance.fr/franceinter/podcasts/les-p-tits-bateaux/les-p-tits-bateaux-du-mercredi-23-septembre-2026-3323820"
"France Inter (FR)";"FR";"2026-09-24";"Les P'tits Bateaux";"https://radiofrance.fr/franceinter/podcasts/les-p-tits-bateaux"
"France Inter (FR)";"FR";"2026-09-24";"""Tombé du ciel"" : le succès cinéma de la rentrée";"https://radiofrance.fr/franceinter/podcasts/zoom-zoom-zen/zoom-zoom-zen-du-mercredi-23-septembre-2026-1193578"
"France Inter (FR)";"FR";"2026-09-24";"Zoom Zoom Zen";"https://radiofrance.fr/franceinter/podcasts/zoom-zoom-zen"
"France Inter (FR)";"FR";"2026-09-24";"Grossophobie";"https://radiofrance.fr/franceinter/podcasts/zoom-zoom-zen/zoom-zoom-zen-du-mercredi-23-septembre-2026-5106613"
"France Inter (FR)";"FR";"2026-09-24";"Toutes vos questions sur les maladies infantiles entre 0 et 6 ans";"https://radiofrance.fr/franceinter/podcasts/grand-bien-vous-fasse/grand-bien-vous-fasse-du-mercredi-23-septembre-2026-5679139"
"France Inter (FR)";"FR";"2026-09-24";"Annie et Smbat Ohanian, déménageurs à Annecy : ""Un client n'est pas un contrat pour nous, on entre dans leur intimité""";"https://radiofrance.fr/franceinter/podcasts/regarde-la-france/regarde-la-france-du-mercredi-23-septembre-2026-7742422"
"France Inter (FR)";"FR";"2026-09-24";"Regarde la France";"https://radiofrance.fr/franceinter/podcasts/regarde-la-france"
"France Inter (FR)";"FR";"2026-09-24";"Bérengère Krief et la sexualité de demain";"https://radiofrance.fr/franceinter/podcasts/franche-culture/franche-culture-du-mardi-22-septembre-2026-6527252"
"France Inter (FR)";"FR";"2026-09-24";"Et si nous ralentissions ?";"https://radiofrance.fr/franceinter/podcasts/le-pas-de-cote-de-sylvie-chokron/le-pas-de-cote-de-sylvie-chokron-du-mardi-22-septembre-2026-7756182"
"France Inter (FR)";"FR";"2026-09-24";"Le pas de côté de Sylvie Chokron";"https://radiofrance.fr/franceinter/podcasts/le-pas-de-cote-de-sylvie-chokron"
"France Inter (FR)";"FR";"2026-09-24";"""Derrière leurs promesses nutritionnelles"", des aliments protéinés ""sont ultra-transformés"", prévient Foodwatch";"https://radiofrance.fr/franceinter/podcasts/l-info-de-france-inter/derriere-leurs-promesses-nutritionnelles-des-aliments-proteines-sont-ultra-transformes-previent-foodwatch-9599562"
"France Inter (FR)";"FR";"2026-09-24";"Equi.libre : médiation équine et handicap";"https://radiofrance.fr/franceinter/podcasts/carnets-de-campagne/carnets-de-campagne-du-lundi-21-septembre-2026-7264664"
"France Inter (FR)";"FR";"2026-09-24";"Carnets de campagne";"https://radiofrance.fr/franceinter/podcasts/carnets-de-campagne"
"France Inter (FR)";"FR";"2026-09-24";"La gymnaste Elena Colas";"https://radiofrance.fr/franceinter/podcasts/nouvelles-tetes/nouvelles-tetes-du-jeudi-24-septembre-2026-9329458"
"France Inter (FR)";"FR";"2026-09-24";"Nouvelles têtes";"https://radiofrance.fr/franceinter/podcasts/nouvelles-tetes"
"France Inter (FR)";"FR";"2026-09-24";"Badminton : comment le joueur algérien Koceila Mammeri transforme son 1,99 m en avantage sur le court";"https://radiofrance.fr/franceinter/podcasts/esprit-sport/esprit-sport-du-jeudi-24-septembre-2026-2853598"
"France Inter (FR)";"FR";"2026-09-24";"Esprit sport";"https://radiofrance.fr/franceinter/podcasts/esprit-sport"
"France Inter (FR)";"FR";"2026-09-24";"Céci-rugby : un sport né à Toulouse qui veut conquérir le monde";"https://radiofrance.fr/franceinter/podcasts/carnets-de-campagne/carnets-de-campagne-du-mercredi-23-septembre-2026-5000903"
"France Culture (FR)";"FR";"2026-09-24";"Léon XIV en France : à quelle Église le Pape rend-il visite ?";"https://radiofrance.fr/franceculture/podcasts/l-invite-e-des-matins/leon-xiv-en-france-a-quelle-eglise-le-pape-rend-il-visite-6221165"
"France Culture (FR)";"FR";"2026-09-24";"La Chine est-elle la grande gagnante des crises mondiales ?";"https://radiofrance.fr/franceculture/podcasts/questions-du-soir-le-debat/la-chine-est-elle-la-grande-gagnante-des-crises-mondiales-5336727"
"France Culture (FR)";"FR";"2026-09-24";"La face cachée du système Poutine";"https://radiofrance.fr/franceculture/podcasts/l-invite-e-des-matins/la-face-cachee-du-systeme-poutine-4143360"
"France Culture (FR)";"FR";"2026-09-24";"John Coltrane (1926-1967), à bout de souffle";"https://radiofrance.fr/franceculture/podcasts/toute-une-vie/john-coltrane-1926-1967-a-bout-de-souffle-5569895"
"France Culture (FR)";"FR";"2026-09-24";"Les enjeux de la visite en France de Léon XIV";"https://radiofrance.fr/franceculture/podcasts/serie-les-enjeux-de-la-visite-en-france-de-leon-xiv"
"France Culture (FR)";"FR";"2026-09-24";"Léon XIV : un pape mondialisé";"https://radiofrance.fr/franceculture/podcasts/serie-leon-xiv-un-pape-mondialise"
"France Culture (FR)";"FR";"2026-09-24";"Spectacle vivant : des subventions ""vitales"" pour la pérennité du secteur";"https://radiofrance.fr/franceculture/podcasts/le-journal-de-l-eco/spectacle-vivant-des-subventions-vitales-pour-la-perennite-du-secteur-7494863"
"France Culture (FR)";"FR";"2026-09-24";"En Allemagne, la culture menacée par la progression de l'AfD";"https://radiofrance.fr/franceculture/podcasts/les-enjeux-internationaux/en-allemagne-la-culture-menacee-par-la-progression-de-l-afd-2665858"
"France Culture (FR)";"FR";"2026-09-24";"""Le Grand Monde"" de Pierre Lemaitre";"https://radiofrance.fr/franceculture/podcasts/serie-le-grand-monde-de-pierre-lemaitre"
"France Culture (FR)";"FR";"2026-09-24";"Kiev accuse Moscou de provoquer une crise humanitaire dans la région occupée de Kherson";"https://radiofrance.fr/franceculture/podcasts/la-revue-de-presse-internationale/la-revue-de-presse-internationale-emission-du-jeudi-24-septembre-2026-6415496"
"France Culture (FR)";"FR";"2026-09-24";"La Revue de presse internationale";"https://radiofrance.fr/franceculture/podcasts/revue-de-presse-internationale"
"France Culture (FR)";"FR";"2026-09-24";"Xi Jinping à Washington : quel est l’état de la relation sino-américaine ?";"https://radiofrance.fr/franceculture/podcasts/les-enjeux-internationaux/entre-la-chine-et-les-etats-unis-une-stabilite-strategique-illusoire-3521294"
"France Culture (FR)";"FR";"2026-09-24";"Les Enjeux internationaux";"https://radiofrance.fr/franceculture/podcasts/les-enjeux-internationaux"
"France Culture (FR)";"FR";"2026-09-24";"La beauté n'a plus de prix ni de frontières";"https://radiofrance.fr/franceculture/podcasts/le-journal-de-l-eco/la-beaute-n-a-plus-de-prix-ni-de-frontieres-5315294"
"France Culture (FR)";"FR";"2026-09-24";"Le Journal de l'éco";"https://radiofrance.fr/franceculture/podcasts/le-journal-de-l-eco"
"France Culture (FR)";"FR";"2026-09-24";"""C’était ça ou mourir"", de Thélyson Orélien, écrit avec l’IA ? Ses accusateurs s'expliquent";"https://radiofrance.fr/franceculture/podcasts/l-info-culturelle-reportages-enquetes-analyses/c-etait-ca-ou-mourir-de-thelyson-orelien-ecrit-avec-l-ia-ses-accusateurs-s-expliquent-1200723"
"France Culture (FR)";"FR";"2026-09-24";"L'Info culturelle : reportages, enquêtes, analyses";"https://radiofrance.fr/franceculture/podcasts/l-actualite-culturelle-reportages-enquetes-analyses"
"France Culture (FR)";"FR";"2026-09-24";"Journal de 8h45";"https://radiofrance.fr/franceculture/podcasts/journal-de-8h45"
"France Culture (FR)";"FR";"2026-09-24";"Tuer la mère, sauver sa peau, avec Louise Chennevière";"https://radiofrance.fr/franceculture/podcasts/le-book-club/tuer-la-mere-sauver-sa-peau-avec-louise-chenneviere-3624540"
"France Culture (FR)";"FR";"2026-09-24";"Phœbe Hadjimarkos Clarke, écrivaine : “Il m’est impossible d’écrire un roman sans fantastique déguisé”";"https://radiofrance.fr/franceculture/podcasts/les-midis-de-culture-l-invite-e/phoebe-hadjimarkos-clarke-traverse-les-frontieres-avec-le-livre-des-souterrains-1020724"
"France Culture (FR)";"FR";"2026-09-24";"L'or du démon : rencontre avec Ian McGuire";"https://radiofrance.fr/franceculture/podcasts/mauvais-genres/l-or-du-demon-rencontre-avec-ian-mcguire-9391974"
"France Culture (FR)";"FR";"2026-09-24";"Kae Tempest : retour au roman";"https://radiofrance.fr/franceculture/podcasts/le-book-club/kae-tempest-retour-au-roman-2794282"
"France Culture (FR)";"FR";"2026-09-24";"""Nous aussi"" d'Anne Godard : la force du ""on""";"https://radiofrance.fr/franceculture/podcasts/le-regard-culturel/le-regard-culturel-chronique-du-mercredi-09-septembre-2026-5280197"
"France Culture (FR)";"FR";"2026-09-24";"Antoine Volodine et les 11 romans d'Infernus Johannes : le post-exotisme, bouquet final";"https://radiofrance.fr/franceculture/podcasts/mauvais-genres/operation-volodine-le-post-exotisme-bouquet-final-1076220"
"France Culture (FR)";"FR";"2026-09-24";"""Debout dans tes rêves"" d'Abdellah Taïa, une histoire d'amitié";"https://radiofrance.fr/franceculture/podcasts/le-book-club/promesses-avec-abdellah-taia-4947356"
"France Culture (FR)";"FR";"2026-09-24";"""Mais que fait ce sang sur le pull de Jennifer ?"" de Lucie Rico, ou l’obsession d’une phrase inachevée";"https://radiofrance.fr/franceculture/podcasts/le-book-club/lucie-rico-ou-l-obsession-d-une-phrase-inachevee-4284547"
"France Culture (FR)";"FR";"2026-09-24";"Écrire l’inceste selon Daria Marx dans ""Tuer le vieux""";"https://radiofrance.fr/franceculture/podcasts/les-midis-de-culture/tuer-le-vieux-ecrire-l-inceste-selon-daria-marx-8396852"
"France Culture (FR)";"FR";"2026-09-24";"Premier roman : ""Abdallah Superstar"", un conte électro entre la France et Djibouti";"https://radiofrance.fr/franceculture/podcasts/l-invite-e-des-matins-d-ete/abdallah-superstar-un-conte-electro-entre-la-france-et-djibouti-3189093"
"France Culture (FR)";"FR";"2026-09-24";"""C’était ça ou mourir"", de Thélyson Orélien, écrit avec l’IA ? Comment fonctionnent les outils de détection";"https://radiofrance.fr/franceculture/podcasts/journal-de-12h30/journal-de-12h30-du-mercredi-23-septembre-2026-5115282"
"France Culture (FR)";"FR";"2026-09-24";"Journal de 12h30";"https://radiofrance.fr/franceculture/podcasts/journal-de-12h30"
"France Culture (FR)";"FR";"2026-09-24";"Les philosophes au pouvoir";"https://radiofrance.fr/franceculture/podcasts/les-philosophes-au-pouvoir"
"France Culture (FR)";"FR";"2026-09-24";"Le Cas de conscience";"https://radiofrance.fr/franceculture/podcasts/le-cas-de-conscience"
"France Culture (FR)";"FR";"2026-09-24";"Grand Angle";"https://radiofrance.fr/franceculture/podcasts/grand-angle-de-plan-large"
"France Culture (FR)";"FR";"2026-09-24";"Classe créative : le manager de la semaine";"https://radiofrance.fr/franceculture/podcasts/classe-creative-le-manager-de-la-semaine"
"France Culture (FR)";"FR";"2026-09-24";"Le Droit d'ailleurs";"https://radiofrance.fr/franceculture/podcasts/le-droit-d-ailleurs"
"France Culture (FR)";"FR";"2026-09-24";"Les Clés de l'enfance";"https://radiofrance.fr/franceculture/podcasts/les-cles-de-l-enfance"
"France Culture (FR)";"FR";"2026-09-24";"Les Mystères des lieux";"https://radiofrance.fr/franceculture/podcasts/les-mysteres-des-lieux"
"France Culture (FR)";"FR";"2026-09-24";"Le Film de la semaine";"https://radiofrance.fr/franceculture/podcasts/le-film-de-la-semaine-de-plan-large"
"France Culture (FR)";"FR";"2026-09-24";"Le Point culture XXL : l'agenda";"https://radiofrance.fr/franceculture/podcasts/le-point-culture-xxl-l-agenda"
"France Culture (FR)";"FR";"2026-09-24";"Au nom du droit";"https://radiofrance.fr/franceculture/podcasts/au-nom-du-droit"
"France Culture (FR)";"FR";"2026-09-24";"Questions du soir : le débat";"https://radiofrance.fr/franceculture/podcasts/le-temps-du-debat"
"France Culture (FR)";"FR";"2026-09-24";"Les Midis de Culture";"https://radiofrance.fr/franceculture/podcasts/les-midis-de-culture"
"France Culture (FR)";"FR";"2026-09-24";"Avec philosophie";"https://radiofrance.fr/franceculture/podcasts/avec-philosophie"
"France Culture (FR)";"FR";"2026-09-24";"Le Point idées : le journal des sciences sociales";"https://radiofrance.fr/franceculture/podcasts/le-point-idees"
"France Culture (FR)";"FR";"2026-09-24";"Les Matins";"https://radiofrance.fr/franceculture/podcasts/les-matins"
"France Culture (FR)";"FR";"2026-09-24";"Questions du soir : l'idée";"https://radiofrance.fr/franceculture/podcasts/l-idee-questions-du-soir"
"France Culture (FR)";"FR";"2026-09-24";"La Science, CQFD";"https://radiofrance.fr/franceculture/podcasts/la-science-cqfd"
"France Culture (FR)";"FR";"2026-09-24";"Les papes et la France";"https://radiofrance.fr/franceculture/podcasts/serie-les-papes-et-la-france"
"France Culture (FR)";"FR";"2026-09-24";"Alzheimer : comment faire face ?";"https://radiofrance.fr/franceculture/podcasts/serie-alzheimer-comment-faire-face"
"France Culture (FR)";"FR";"2026-09-24";"Désobéissance, s'empotager et pouillot véloce avec Catherine Meurisse";"https://radiofrance.fr/franceculture/podcasts/comme-un-samedi/desobeissance-s-empotager-et-pouillot-veloce-avec-catherine-meurisse-5457563"
"France Culture (FR)";"FR";"2026-09-24";"Confucius, un savoir-être sans confusion";"https://radiofrance.fr/franceculture/podcasts/serie-confucius-un-savoir-etre-sans-confusion"
"France Culture (FR)";"FR";"2026-09-24";"Photographie, objectif patrimoine";"https://radiofrance.fr/franceculture/podcasts/serie-photographie-objectif-patrimoine"
"France Culture (FR)";"FR";"2026-09-24";"Banier, pour quelques millions de plus";"https://radiofrance.fr/franceculture/podcasts/serie-banier-pour-quelques-millions-de-plus"
"France Culture (FR)";"FR";"2026-09-24";"Prévenir le suicide";"https://radiofrance.fr/franceculture/podcasts/serie-prevenir-le-suicide"
"France Culture (FR)";"FR";"2026-09-24";"""L'Enfer"" de Dante, voyage au centre de soi-même";"https://radiofrance.fr/franceculture/podcasts/serie-l-enfer-de-dante"
"France Culture (FR)";"FR";"2026-09-24";"""Histoires de la nuit"" : du roman au film, la peur se standardise";"https://radiofrance.fr/franceculture/podcasts/le-regard-culturel/le-regard-culturel-chronique-du-jeudi-17-septembre-2026-7403706"
"France Culture (FR)";"FR";"2026-09-24";"Le Regard culturel";"https://radiofrance.fr/franceculture/podcasts/la-critique"
"France Culture (FR)";"FR";"2026-09-24";"Religieuses, des histoires de sœurs";"https://radiofrance.fr/franceculture/podcasts/serie-religieuses-des-histoires-de-soeurs"
"France Culture (FR)";"FR";"2026-09-24";"L'Ardèche, le temps des communautés";"https://radiofrance.fr/franceculture/podcasts/serie-l-ardeche-le-temps-des-communautes"
"France Culture (FR)";"FR";"2026-09-24";"Au pays des songes, 2001-2026 (Israël-Palestine, archives oniriques)";"https://radiofrance.fr/franceculture/podcasts/serie-au-pays-des-songes-2001-2026-israel-palestine-archives-oniriques"
"France Culture (FR)";"FR";"2026-09-24";"François d'Assise, la sainteté est un sport de combat";"https://radiofrance.fr/franceculture/podcasts/serie-francois-d-assise-la-saintete-est-un-sport-de-combat"
"France Culture (FR)";"FR";"2026-09-24";"Les 2Be3 : étoiles filantes";"https://radiofrance.fr/franceculture/podcasts/serie-les-2be3-etoiles-filantes"
"France Culture (FR)";"FR";"2026-09-24";"Verdun 1916, au cœur d'une guerre totale";"https://radiofrance.fr/franceculture/podcasts/serie-verdun-1916-au-coeur-d-une-guerre-totale"
"France Culture (FR)";"FR";"2026-09-24";"La Joconde sort du silence";"https://radiofrance.fr/franceculture/podcasts/serie-la-joconde-sort-du-silence"
"France Culture (FR)";"FR";"2026-09-24";"Troubles dys : des vies à inventer";"https://radiofrance.fr/franceculture/podcasts/serie-troubles-dys-des-vies-a-inventer"
"France Culture (FR)";"FR";"2026-09-24";"Habiba Msika (1903-1930), une artiste libre aux multiples talents";"https://radiofrance.fr/franceculture/podcasts/toute-une-vie/habiba-msika-une-artiste-libre-aux-multiples-talents-6978561"
"France Culture (FR)";"FR";"2026-09-24";"Hans le Malin, le cheval qui savait lire et compter";"https://radiofrance.fr/franceculture/podcasts/serie-hans-le-malin-le-cheval-qui-savait-lire-et-compter"
"France Culture (FR)";"FR";"2026-09-24";"Les ultras de la collaboration";"https://radiofrance.fr/franceculture/podcasts/serie-les-ultras-de-la-collaboration"
"France Culture (FR)";"FR";"2026-09-24";"Catholiques de France, la tentation radicale";"https://radiofrance.fr/franceculture/podcasts/serie-catholiques-de-france-la-tentation-radicale"
"France Culture (FR)";"FR";"2026-09-24";"L'effet chat";"https://radiofrance.fr/franceculture/podcasts/serie-l-effet-chat"
"France Culture (FR)";"FR";"2026-09-24";"La trilogie des ""J'ai trop..."" de David Lescot";"https://radiofrance.fr/franceculture/podcasts/serie-la-trilogie-des-j-ai-trop-de-david-lescot"
"France Culture (FR)";"FR";"2026-09-24";"""Les Malheurs de Sophie, une comédie musicale"" de Sabine Zovighian et Michael Liot - Saison 2";"https://radiofrance.fr/franceculture/podcasts/serie-les-malheurs-de-sophie-une-comedie-musicale-de-sabine-zovighian-et-michael-liot-saison-2"
"France Culture (FR)";"FR";"2026-09-24";"""Le Petit Chaperon rouge"" de Pierre Senges, d’après le conte de Charles Perrault";"https://radiofrance.fr/franceculture/podcasts/fictions-theatre-et-cie/le-petit-chaperon-rouge-concert-fiction-de-pierre-senges-d-apres-le-conte-de-charles-perrault-1991892"
"France Culture (FR)";"FR";"2026-09-24";"Le Trésor de Rackham le Rouge : les Aventures de Tintin";"https://radiofrance.fr/franceculture/podcasts/serie-le-tresor-de-rackham-le-rouge-les-aventures-de-tintin"
"France Culture (FR)";"FR";"2026-09-24";"Fiction Lab";"https://radiofrance.fr/franceculture/podcasts/fictions-samedi-noir"
"France Culture (FR)";"FR";"2026-09-24";"LSD, la série documentaire";"https://radiofrance.fr/franceculture/podcasts/lsd-la-serie-documentaire"
"France Culture (FR)";"FR";"2026-09-24";"L'Instant poésie de François Jullien";"https://radiofrance.fr/franceculture/podcasts/serie-l-instant-poesie-de-francois-jullien"
"France Culture (FR)";"FR";"2026-09-24";"Avenue Jean Moulin : Guerchy";"https://radiofrance.fr/franceculture/podcasts/les-pieds-sur-terre/avenue-jean-moulin-1-guerchy-9229685"
"France Culture (FR)";"FR";"2026-09-24";"Les Pieds sur terre";"https://radiofrance.fr/franceculture/podcasts/les-pieds-sur-terre"
"France Culture (FR)";"FR";"2026-09-24";"Quand les scandales percutent la foi";"https://radiofrance.fr/franceculture/podcasts/les-pieds-sur-terre/quand-les-scandales-percutent-la-foi-9525936"
"France Culture (FR)";"FR";"2026-09-24";"L'homme qui a vu l'ours";"https://radiofrance.fr/franceculture/podcasts/les-pieds-sur-terre/l-homme-qui-a-vu-l-ours-2478740"
"France Culture (FR)";"FR";"2026-09-24";"Des tatouages particuliers";"https://radiofrance.fr/franceculture/podcasts/les-pieds-sur-terre/des-tatouages-particuliers-4256770"
"France Culture (FR)";"FR";"2026-09-24";"Héroïne, le temps des seringues";"https://radiofrance.fr/franceculture/podcasts/serie-heroine-le-temps-des-seringues"
"France Culture (FR)";"FR";"2026-09-24";"Même pas mort";"https://radiofrance.fr/franceculture/podcasts/serie-meme-pas-mort"
"France Culture (FR)";"FR";"2026-09-24";"""Les Eloignés"" de Sophie Maurer";"https://radiofrance.fr/franceculture/podcasts/serie-les-eloignes-de-sophie-maurer"
"France Culture (FR)";"FR";"2026-09-24";"Vie de chien";"https://radiofrance.fr/franceculture/podcasts/serie-vie-de-chien"
"France Culture (FR)";"FR";"2026-09-24";"Mes années Boum, une enquête algérienne";"https://radiofrance.fr/franceculture/podcasts/serie-mes-annees-boum-une-enquete-algerienne"
"France Culture (FR)";"FR";"2026-09-24";"Concert-fiction : Blanche-Neige & sortilèges";"https://radiofrance.fr/franceculture/podcasts/fictions-theatre-et-cie/concert-fiction-blanche-neige-sortileges-3143340"
"France Culture (FR)";"FR";"2026-09-24";"Le journal de ma vie";"https://radiofrance.fr/franceculture/podcasts/serie-le-journal-de-ma-vie"
"France Culture (FR)";"FR";"2026-09-24";"""L'Homme invisible"" de H. G. Wells";"https://radiofrance.fr/franceculture/podcasts/serie-l-homme-invisible-de-h-g-wells"
"France Culture (FR)";"FR";"2026-09-24";"""AfficheTonEx"" de Romain Weber et Constance Vilanova";"https://radiofrance.fr/franceculture/podcasts/serie-affichetonex-ecrit-par-romain-weber"
"France Culture (FR)";"FR";"2026-09-24";"Fureurs";"https://radiofrance.fr/franceculture/podcasts/serie-fureurs"
"France Culture (FR)";"FR";"2026-09-24";"Sommes-nous ventriloqués par l’IA ?";"https://radiofrance.fr/franceculture/podcasts/le-fil-philo/sommes-nous-ventriloques-par-l-ia-9794383"
"France Culture (FR)";"FR";"2026-09-24";"Le Fil philo";"https://radiofrance.fr/franceculture/podcasts/le-fil-philo"
"France Culture (FR)";"FR";"2026-09-24";"Août 1914 : les larmes de la séparation";"https://radiofrance.fr/franceculture/podcasts/le-fil-histoire/aout-1914-les-larmes-de-la-separation-5722800"
"France Culture (FR)";"FR";"2026-09-24";"Le Fil histoire";"https://radiofrance.fr/franceculture/podcasts/le-fil-histoire"
"France Culture (FR)";"FR";"2026-09-24";"L'affaire Thélyson Orélien et la ""littérature industrielle""";"https://radiofrance.fr/franceculture/podcasts/le-regard-culturel/le-regard-culturel-chronique-du-jeudi-24-septembre-2026-3077773"
"France Culture (FR)";"FR";"2026-09-24";"Quand la Silicon Valley veut remplacer l'université par ses propres écoles";"https://radiofrance.fr/franceculture/podcasts/un-monde-connecte/quand-la-silicon-valley-veut-remplacer-l-universite-par-ses-propres-ecoles-9887239"
"France Culture (FR)";"FR";"2026-09-24";"Un monde connecté";"https://radiofrance.fr/franceculture/podcasts/planete-connectee"
"France Culture (FR)";"FR";"2026-09-24";"Le pape et le président, se quereller et papoter";"https://radiofrance.fr/franceculture/podcasts/le-cours-de-l-histoire/le-pape-et-le-president-se-quereller-et-papoter-7505634"
"France Culture (FR)";"FR";"2026-09-24";"Le Cours de l'histoire";"https://radiofrance.fr/franceculture/podcasts/le-cours-de-l-histoire"
"France Culture (FR)";"FR";"2026-09-24";"""Le Club des Cinq"" : la justice, c'est eux !";"https://radiofrance.fr/franceculture/podcasts/avec-philosophie/avec-philosophie-emission-du-jeudi-24-septembre-2026-6305758"
"France Culture (FR)";"FR";"2026-09-24";"Au Gabon, la nature comme valeur sûre";"https://radiofrance.fr/franceculture/podcasts/cultures-monde/au-gabon-la-nature-comme-valeur-sure-2734731"
"France Culture (FR)";"FR";"2026-09-24";"Cultures Monde";"https://radiofrance.fr/franceculture/podcasts/cultures-monde"
"France Culture (FR)";"FR";"2026-09-24";"Xi Jinping en visite à Washington : le président chinois appelle à ""être partenaires plutôt que rivaux""";"https://radiofrance.fr/franceculture/podcasts/journal-de-8-h/journal-de-8h-du-jeudi-24-septembre-2026-9902804"
"France Culture (FR)";"FR";"2026-09-24";"Journal de 8 h";"https://radiofrance.fr/franceculture/podcasts/journal-de-8-h"
"France Culture (FR)";"FR";"2026-09-24";"L'Invité(e) des Matins";"https://radiofrance.fr/franceculture/podcasts/l-invite-e-des-matins"
"France Culture (FR)";"FR";"2026-09-24";"Le rhinocéros laineux aurait prospéré en Eurasie";"https://radiofrance.fr/franceculture/podcasts/avec-sciences/le-rhinoceros-laineux-aurait-prospere-en-eurasie-6062400"
"France Culture (FR)";"FR";"2026-09-24";"Avec sciences";"https://radiofrance.fr/franceculture/podcasts/le-journal-des-sciences"
"France Culture (FR)";"FR";"2026-09-24";"Dans le Finistère, les maraîchers subissent encore les effets de la sécheresse";"https://radiofrance.fr/franceculture/podcasts/le-reportage-de-la-redaction/dans-le-finistere-les-maraichers-subissent-encore-les-effets-de-la-secheresse-2492476"
"France Culture (FR)";"FR";"2026-09-24";"Le Reportage de la rédaction";"https://radiofrance.fr/franceculture/podcasts/le-reportage-de-la-redaction"
"France Culture (FR)";"FR";"2026-09-24";"Toxicité, pollution : peut-on venir à bout du plastique ?";"https://radiofrance.fr/franceculture/podcasts/les-chantiers-de-la-recherche/toxicite-pollution-peut-on-venir-a-bout-du-plastique-5620206"
"France Culture (FR)";"FR";"2026-09-24";"Les Chantiers de la recherche";"https://radiofrance.fr/franceculture/podcasts/les-chantiers-de-la-recherche"
"France Culture (FR)";"FR";"2026-09-24";"Les arbres sont plus timides que vous ne le pensez";"https://radiofrance.fr/franceculture/podcasts/le-fil-sciences/les-arbres-sont-plus-timides-que-vous-ne-le-pensez-2724159"
"France Culture (FR)";"FR";"2026-09-24";"Le Fil sciences";"https://radiofrance.fr/franceculture/podcasts/le-fil-science"
"France Culture (FR)";"FR";"2026-09-24";"Le PS a-t-il chassé ses fantômes ?";"https://radiofrance.fr/franceculture/podcasts/le-billet-politique/le-ps-a-t-il-chasse-ses-fantomes-4139225"
"France Culture (FR)";"FR";"2026-09-24";"Le Billet politique";"https://radiofrance.fr/franceculture/podcasts/le-billet-politique"
"ARTE (FR)";"FR";"2026-09-24";"Guide TV";"https://www.arte.tv/fr/guide/"
"ARTE (FR)";"FR";"2026-09-24";"[Vidéo/Article] La Derniere Heure";"https://www.arte.tv/fr/videos/RC-028079/la-derniere-heure/"
"ARTE (FR)";"FR";"2026-09-24";"En intégralitéLa dernière heureLa dernière heureUn huit-clos familialA peine arrivée dans son pays d’origine, Billie doit fuir. Elle a une heure pour percer ses secrets familiaux.Série";"https://www.arte.tv/fr/videos/RC-028079/la-derniere-heure/"
"ARTE (FR)";"FR";"2026-09-24";"Regarder";"https://www.arte.tv/fr/videos/RC-028079/la-derniere-heure/"
"ARTE (FR)";"FR";"2026-09-24";"Info";"https://www.arte.tv/fr/videos/info-et-societe/"
"ARTE (FR)";"FR";"2026-09-24";"Documentaires";"https://www.arte.tv/fr/videos/documentaires-et-reportages/"
"ARTE (FR)";"FR";"2026-09-24";"Séries";"https://www.arte.tv/fr/videos/series-et-fictions/"
"ARTE (FR)";"FR";"2026-09-24";"Émissions";"https://www.arte.tv/fr/videos/emissions/"
"ARTE (FR)";"FR";"2026-09-24";"[Vidéo/Article] Catherine Ringer Chante Les Rita Mitsouko";"https://www.arte.tv/fr/videos/135044-000-A/catherine-ringer-chante-les-rita-mitsouko/"
"ARTE (FR)";"FR";"2026-09-24";"Hommage à Catherine RingerSon concert à la Philharmonie de ParisHommage à la légende de la pop hexagonale disparue ce 14 septembre. Replongez dans l'univers des Rita Mitsouko, capté en 2019.101 minConcert";"https://www.arte.tv/fr/videos/135044-000-A/catherine-ringer-chante-les-rita-mitsouko/"
"ARTE (FR)";"FR";"2026-09-24";"Regarder";"https://www.arte.tv/fr/videos/135044-000-A/catherine-ringer-chante-les-rita-mitsouko/"
"ARTE (FR)";"FR";"2026-09-24";"Bande-annonce";"https://www.arte.tv/fr/videos/135044-000-A/?trailer=true"
"ARTE (FR)";"FR";"2026-09-24";"[Vidéo/Article] Raye Guests";"https://www.arte.tv/fr/videos/132676-000-A/raye-guests/"
"ARTE (FR)";"FR";"2026-09-24";"Raye & guestsAu Montreux Jazz Festival 2026À l'occasion de la 60e édition du Montreux Jazz Festival, Raye invite sur scène plusieurs stars internationales de la pop.115 minConcertSous-titres. Sous-titresVersion originale. Version originale";"https://www.arte.tv/fr/videos/132676-000-A/raye-guests/"
"ARTE (FR)";"FR";"2026-09-24";"Regarder";"https://www.arte.tv/fr/videos/132676-000-A/raye-guests/"
"ARTE (FR)";"FR";"2026-09-24";"Bande-annonce";"https://www.arte.tv/fr/videos/132676-000-A/?trailer=true"
"ARTE (FR)";"FR";"2026-09-24";"[Vidéo/Article] Yael Naim Orange Blossom et Robinson Khoury";"https://www.arte.tv/fr/videos/134165-001-A/yael-naim-orange-blossom-et-robinson-khoury/"
"ARTE (FR)";"FR";"2026-09-24";"Les Concerts VolantsNouvelle soirée tout en couleursYael Naim, Orange Blossom et Robinson Khoury : trois univers musicaux métissés pour ce voyage avec les Concerts Volants.127 minConcert";"https://www.arte.tv/fr/videos/134165-001-A/yael-naim-orange-blossom-et-robinson-khoury/"
"ARTE (FR)";"FR";"2026-09-24";"Regarder";"https://www.arte.tv/fr/videos/134165-001-A/yael-naim-orange-blossom-et-robinson-khoury/"
"ARTE (FR)";"FR";"2026-09-24";"[Vidéo/Article] De Grace";"https://www.arte.tv/fr/videos/RC-024574/de-grace/"
"ARTE (FR)";"FR";"2026-09-24";"De grâceAvec Olivier Gourmet et Panayotis PascotUne tragédie familiale dans l’univers des dockers du Havre. Avec Olivier Gourmet.Série";"https://www.arte.tv/fr/videos/RC-024574/de-grace/"
"ARTE (FR)";"FR";"2026-09-24";"Regarder";"https://www.arte.tv/fr/videos/RC-024574/de-grace/"
"ARTE (FR)";"FR";"2026-09-24";"Bande-annonce";"https://www.arte.tv/fr/videos/RC-024574/?trailer=true"
"ARTE (FR)";"FR";"2026-09-24";"[Vidéo/Article] Marguerite";"https://www.arte.tv/fr/videos/133232-004-A/marguerite/"
"ARTE (FR)";"FR";"2026-09-24";"MargueriteLa révélation pop au Cabaret VertRévélée par la Star Academy, Marguerite livre une performance mêlant sensibilité, franchise et espièglerie.52 minConcert";"https://www.arte.tv/fr/videos/133232-004-A/marguerite/"
"ARTE (FR)";"FR";"2026-09-24";"Regarder";"https://www.arte.tv/fr/videos/133232-004-A/marguerite/"
"ARTE (FR)";"FR";"2026-09-24";"[Vidéo/Article] Selah Sue and the Gallands";"https://www.arte.tv/fr/videos/133654-000-A/selah-sue-and-the-gallands/"
"ARTE (FR)";"FR";"2026-09-24";"Selah Sue and the GallandsSession en plein air au lac LémanPour sa 60e édition, le Montreux Jazz Festival dévoile une session live d’exception avec Selah Sue & The Gallands. 34 minConcert";"https://www.arte.tv/fr/videos/133654-000-A/selah-sue-and-the-gallands/"
"ARTE (FR)";"FR";"2026-09-24";"Regarder";"https://www.arte.tv/fr/videos/133654-000-A/selah-sue-and-the-gallands/"
"ARTE (FR)";"FR";"2026-09-24";"Votre prochaine série vous attend";"https://www.arte.tv/fr/videos/series-et-fictions/"
"ARTE (FR)";"FR";"2026-09-24";"Voir tout";"https://www.arte.tv/fr/videos/series-et-fictions/"
"ARTE (FR)";"FR";"2026-09-24";"Nos films à l'affiche";"https://www.arte.tv/fr/videos/cinema/"
"ARTE (FR)";"FR";"2026-09-24";"Voir tout";"https://www.arte.tv/fr/videos/cinema/"
"ARTE (FR)";"FR";"2026-09-24";"Les documentaires à ne pas manquer";"https://www.arte.tv/fr/videos/documentaires-et-reportages/"
"ARTE (FR)";"FR";"2026-09-24";"Voir tout";"https://www.arte.tv/fr/videos/documentaires-et-reportages/"
"ARTE (FR)";"FR";"2026-09-24";"Les expos de l'automne";"https://www.arte.tv/fr/videos/RC-028320/les-expos-de-la-rentree/"
"ARTE (FR)";"FR";"2026-09-24";"Voir tout";"https://www.arte.tv/fr/videos/RC-028320/les-expos-de-la-rentree/"
"ARTE (FR)";"FR";"2026-09-24";"Culture";"https://www.arte.tv/fr/videos/culture-et-pop/"
"ARTE (FR)";"FR";"2026-09-24";"Voir tout";"https://www.arte.tv/fr/videos/culture-et-pop/"
"ARTE (FR)";"FR";"2026-09-24";"Nos émissions en un coup d'œil";"https://www.arte.tv/fr/videos/emissions/"
"ARTE (FR)";"FR";"2026-09-24";"Voir tout";"https://www.arte.tv/fr/videos/emissions/"
"ARTE (FR)";"FR";"2026-09-24";"Histoire";"https://www.arte.tv/fr/videos/histoire/"
"ARTE (FR)";"FR";"2026-09-24";"Voir tout";"https://www.arte.tv/fr/videos/histoire/"
"ARTE (FR)";"FR";"2026-09-24";"Sciences et technologies";"https://www.arte.tv/fr/videos/sciences/"
"ARTE (FR)";"FR";"2026-09-24";"Voir tout";"https://www.arte.tv/fr/videos/sciences/"
"ARTE (FR)";"FR";"2026-09-24";"Catastrophe - Une série british sur les affres du couple";"https://www.arte.tv/fr/videos/RC-027959/catastrophe/"
"ARTE (FR)";"FR";"2026-09-24";"Taxe-moi, si tu peux ! - Les astuces fiscales des super-riches";"https://www.arte.tv/fr/videos/RC-027810/taxe-moi-si-tu-peux/"
"Time Magazine World (EN)";"EN";"2026-09-24";"Exclusive: Myanmar’s Dictator Wants to Rebuild Ties With the West";"https://time.com/article/2026/09/23/myanmar-president-interview-Min-Aung-Hlaing/"
"Time Magazine World (EN)";"EN";"2026-09-24";"America Must Win Back Its Global Standing";"https://time.com/article/2026/09/23/america-united-nations-trump-global-leadership/"
"Time Magazine World (EN)";"EN";"2026-09-24";"Democrat Plans to Work With Trump to End Debt Ceiling";"https://time.com/article/2026/09/23/how-democrats-could-work-with-trump-to-eliminate-the-debt-ceiling-for-good/"
"Time Magazine World (EN)";"EN";"2026-09-24";"Why More Republicans Are Breaking With Trump on Iran";"https://time.com/article/2026/09/23/republicans-trump-iran-war-midterms-gas-prices/"
"Time Magazine World (EN)";"EN";"2026-09-24";"What to Know About SpaceX's Wildlife Refuge Land Swap";"https://time.com/article/2026/09/23/spacex-texas-land-swap-what-to-know/"
"Time Magazine World (EN)";"EN";"2026-09-24";"Why California Declared a State of Emergency Due to El Niño";"https://time.com/article/2026/09/23/california-state-of-emergency-el-nino/"
"Time Magazine World (EN)";"EN";"2026-09-24";"How the U.K. Is Supporting Saudi Arabia In Its Fight Against the Houthis";"https://time.com/article/2026/09/22/uk-military-saudi-arabia-support-yemen-iran-houthis-rebels-fight/"
"Time Magazine World (EN)";"EN";"2026-09-24";"TIME Names Inaugural List of Executives of the Year: Tech and Data";"https://time.com/article/2026/09/22/time-names-inaugural-list-of-executives-of-the-year-tech-and-data/"
"Time Magazine World (EN)";"EN";"2026-09-24";"Revisiting Childhood Hobbies Is a Way to Learn Who You Are as an Adult";"https://time.com/article/2026/09/22/revisiting-childhood-hobbies-is-a-way-to-learn-who-you-are-as-an-adult/"
"Time Magazine World (EN)";"EN";"2026-09-24";"You Actually Don’t Need to See That Movie in IMAX";"https://time.com/article/2026/09/23/you-actually-don-t-need-to-see-that-movie-in-imax/"
"Time Magazine World (EN)";"EN";"2026-09-24";"'Brothers' Coasts on Charm: TV Review";"https://time.com/article/2026/09/23/brothers-review-mcconaughey-harrelson/"
"Time Magazine World (EN)";"EN";"2026-09-24";"The Strange Reason You May Suddenly Feel Dizzy";"https://time.com/article/2026/09/22/the-strange-reason-you-may-suddenly-feel-dizzy/"
"Time Magazine World (EN)";"EN";"2026-09-24";"Amy Sherald Would Rather Walk Away Than Water Down Her ArtAmy Sherald Would Rather Walk Away Than Water Down Her Art";"https://time.com/collection/time100-art/2026/amy-sherald/"
"Time Magazine World (EN)";"EN";"2026-09-24";"Joseph Gordon-Levitt";"https://time.com/collection/time100-ai/2026/joseph-gordon-levitt/"
"Time Magazine World (EN)";"EN";"2026-09-24";"Why K-Pop Took Off When C-Pop Didn’t";"https://time.com/article/2026/09/21/why-k-pop-took-off-when-c-pop-did-not/"
"Time Magazine World (EN)";"EN";"2026-09-24";"We Have a Climate Imagination Problem";"https://time.com/article/2026/09/21/we-have-a-climate-imagination-problem/"
"Time Magazine World (EN)";"EN";"2026-09-24";"Helicopter Parenting Can Help Children Recover From Concussions";"https://time.com/article/2026/09/20/helicopter-parenting-can-help-children-recover-from-concussions/"
"Time Magazine World (EN)";"EN";"2026-09-24";"2026 TIME Executives of the Year: Tech and Data";"https://time.com/collection/executives-of-the-year-tech-data/2026/"
"Time Magazine World (EN)";"EN";"2026-09-24";"Trump Administration to Cancel Obamacare Coverage for 760,000 Enrollees Over Alleged Fraud";"https://time.com/article/2026/09/22/obamacare-fraud-vance-trump-administration/"
"Time Magazine World (EN)";"EN";"2026-09-24";"Who Should Get a Blood Test for Alzheimer's Disease?";"https://time.com/article/2026/09/22/who-should-get-new-blood-tests-for-alzheimers-disease/"
"Time Magazine World (EN)";"EN";"2026-09-24";"Why Older Americans Are Drinking More Alcohol—Not Less";"https://time.com/article/2026/09/21/why-older-americans-are-drinking-more-alcohol-not-less/"
"Time Magazine World (EN)";"EN";"2026-09-24";"RSV Vaccines Are Highly Effective in Older Adults";"https://time.com/article/2026/09/21/rsv-vaccines-are-highly-effective-in-older-adults/"
"Time Magazine World (EN)";"EN";"2026-09-24";"Can ‘Pink Noise’ Help You Sleep Better?";"https://time.com/article/2026/09/21/can-pink-noise-improve-your-sleep/"
"Time Magazine World (EN)";"EN";"2026-09-24";"Your Shoe Size Can Change as You Age. Here's Why";"https://time.com/article/2026/09/18/your-shoe-size-can-change-as-you-age/"
"Time Magazine World (EN)";"EN";"2026-09-24";"Netflix's 'A Different World' Revival: Review";"https://time.com/article/2026/09/24/different-world-netflix-review/"
"Time Magazine World (EN)";"EN";"2026-09-24";"'Monster: The Lizzie Borden Story' Disappoints";"https://time.com/article/2026/09/18/monster-lizzie-borden-review/"
"Time Magazine World (EN)";"EN";"2026-09-24";"Resident Evil Is a Fleet, Entertaining Reboot";"https://time.com/article/2026/09/18/resident-evil-review/"
"Time Magazine World (EN)";"EN";"2026-09-24";"Review: The History of Concrete";"https://time.com/article/2026/09/15/the-history-of-concrete-review-john-wilson/"
"Time Magazine World (EN)";"EN";"2026-09-24";"Breaking Down the Ending of 'The Scandal'";"https://time.com/article/2026/09/18/breaking-down-the-ending-of-the-scandal/"
"Time Magazine World (EN)";"EN";"2026-09-24";"Breaking Down the Brutal Ending of 'Resident Evil'";"https://time.com/article/2026/09/16/resident-evil-zach-cregger-ending-explained/"
"Time Magazine World (EN)";"EN";"2026-09-24";"Australia Condemns ‘Unacceptable’ OpenAI Breach of Government Health Portal";"https://time.com/article/2026/09/24/australia-condemns-unacceptable-openai-breach-of-government-health-portal/"
"Time Magazine World (EN)";"EN";"2026-09-24";"Governments Must Prohibit Superintelligent AI While We Still Can";"https://time.com/article/2026/09/23/governments-must-prohibit-superintelligent-ai-while-we-still-can/"
"Time Magazine World (EN)";"EN";"2026-09-24";"The Narrow Path to a Trump-Xi AI Deal";"https://time.com/article/2026/09/22/trump-xi-ai-deal-china/"
"Time Magazine World (EN)";"EN";"2026-09-24";"What We Tell Our Kids About AI";"https://time.com/article/2026/09/22/what-we-tell-our-kids-about-ai/"
"Time Magazine World (EN)";"EN";"2026-09-24";"How to Govern the Existential Risk of AI";"https://time.com/article/2026/09/17/how-to-govern-the-existential-risk-of-ai/"
"Time Magazine World (EN)";"EN";"2026-09-24";"Americans Are Increasingly Worried About AI's Environmental Impact";"https://time.com/article/2026/09/16/majority-americans-worried-ai-environment-impact/"
"Time Magazine World (EN)";"EN";"2026-09-24";"Why AI Makes Customer Service Worse, And What Companies Can Do To Fix It";"https://time.com/article/2026/09/16/why-ai-makes-customer-service-worse-and-what-companies-can-do-to-fix-it/"
"Time Magazine World (EN)";"EN";"2026-09-24";"Hurricane Polo Intensifies Off Mexico’s Coast";"https://time.com/article/2026/09/23/hurricane-polo-natural-disaster-el-nino-weather-mexico/"
"Time Magazine World (EN)";"EN";"2026-09-24";"The Past Decade’s Emissions Are Driving Worse Heat Waves in Europe";"https://time.com/article/2026/09/22/emissions-paris-agreement-europe-heat-waves-study/"
"Time Magazine World (EN)";"EN";"2026-09-24";"In Europe, Today's Children Will Live Through More Fire Weather Than Their Grandparents";"https://time.com/article/2026/09/21/children-europe-extreme-fire-weather-climate-future/"
"Time Magazine World (EN)";"EN";"2026-09-24";"The Earthshot Prize Is Embracing the Idea of Positive Tipping Points";"https://time.com/article/2026/09/18/earthshot-prize-finalists-2026-tipping-points/"
"Time Magazine World (EN)";"EN";"2026-09-24";"What Science Says About the Health Impact of Carbon Pollution";"https://time.com/article/2026/09/15/trump-power-plant-emissions-climate-health-impact/"
"Icilome (FR)";"FR";"2026-09-24";"Togo- Prof. Kadanga Beketi :  « Les opinions politiques, religieuses ou sociales d’un patient ne peuvent pas constituer un motif de refus de soins »";"https://icilome.com/2026/09/togo-prof-kadanga-beketi-les-opinions-politiques-religieuses-ou-sociales-dun-patient-ne-peuvent-pas-constituer-un-motif-de-refus-de-soins/"
"Icilome (FR)";"FR";"2026-09-24";"Togo – OTR : 155 véhicules seront mis aux enchères au PAL";"https://icilome.com/2026/09/togo-otr-155-vehicules-seront-mis-aux-encheres-au-pal/"
"Icilome (FR)";"FR";"2026-09-24";"Tribune – Épilogue | L’Ordre a parlé : Quand la déontologie a le dernier mot sur la menace";"https://icilome.com/2026/09/tribune-epilogue-lordre-a-parle-quand-la-deontologie-a-le-dernier-mot-sur-la-menace/"
"Icilome (FR)";"FR";"2026-09-24";"Togo – L’Ordre des médecins interpellé après des propos controversés de Mme Myriam Dossou-d’Almeida";"https://icilome.com/2026/09/togo-lordre-des-medecins-interpelle-apres-des-propos-controverses-de-mme-myriam-dossou-dalmeida/"
"Icilome (FR)";"FR";"2026-09-24";"Edito | Au Togo ou en Guinée, le journalisme : un parcours du combattant";"https://icilome.com/2026/09/au-togo-ou-en-guinee-le-journalisme-un-parcours-du-combattant/"
"Icilome (FR)";"FR";"2026-09-24";"Togo – 40 ans après, le devoir de mémoire";"https://icilome.com/2026/09/togo-40-ans-apres-le-devoir-de-memoire/"
"Icilome (FR)";"FR";"2026-09-24";"Robert Dussey sur la présence des “mercenaires russes” au Togo";"https://icilome.com/2026/09/robert-dussey-sur-la-presence-des-mercenaires-russes-au-togo/"
"Icilome (FR)";"FR";"2026-09-24";"Laissons le livre d’Orélien faire le même chemin";"https://icilome.com/2026/09/laissons-le-livre-dorelien-faire-le-meme-chemin/"
"Icilome (FR)";"FR";"2026-09-24";"Togo- Aéroport de Lomé : l’espace duty free cédé à un privé";"https://icilome.com/2026/09/togo-aeroport-de-lome-lespace-duty-free-cede-a-un-prive/"
"Icilome (FR)";"FR";"2026-09-24";"Togo – Trois mois après le cambriolage de son cabinet, aucune avancée dans l’enquête sur Me Bokodjin";"https://icilome.com/2026/09/togo-trois-mois-apres-le-cambriolage-de-son-cabinet-aucune-avancee-dans-lenquete-sur-me-bokodjin/"
"Icilome (FR)";"FR";"2026-09-24";"Togo-Russie : Lomé accueille la première commission mixte intergouvernementale du 29 septembre au 1er octobre";"https://icilome.com/2026/09/togo-russie-lome-accueille-la-premiere-commission-mixte-intergouvernementale-du-29-septembre-au-1er-octobre/"
"Icilome (FR)";"FR";"2026-09-24";"Togo : la HARC muscle son dialogue avec les créateurs de contenus, entre pédagogie et encadrement publicitaire";"https://icilome.com/2026/09/togo-la-harc-muscle-son-dialogue-avec-les-createurs-de-contenus-entre-pedagogie-et-encadrement-publicitaire/"
"Icilome (FR)";"FR";"2026-09-24";"Togo- Fraude au bac : cinq ans de suspension pour deux agents d’un centre d’écrit à Tabligbo";"https://icilome.com/2026/09/togo-fraude-au-bac-cinq-ans-de-suspension-pour-deux-agents-dun-centre-decrit-a-tabligbo/"
"Icilome (FR)";"FR";"2026-09-24";"Togo – Noces de cristal du SYNJIT : hommage aux pionniers et cap sur l’avenir";"https://icilome.com/2026/09/togo-noces-de-cristal-du-synjit-hommage-aux-pionniers-et-cap-sur-lavenir/"
"Icilome (FR)";"FR";"2026-09-24";"Togo – SYNJIT : 15 ans d’engagement syndical, un webinaire pour remobiliser les journalistes togolais";"https://icilome.com/2026/08/togo-synjit-15-ans-dengagement-syndical-un-webinaire-pour-remobiliser-les-journalistes-togolais/"
"Icilome (FR)";"FR";"2026-09-24";"Édito- Au Togo, on n’arrête plus les voleurs, on arrête les vendeurs de journaux";"https://icilome.com/2026/08/edito-au-togo-on-narrete-plus-les-voleurs-on-arrete-les-vendeurs-de-journaux/"
"Icilome (FR)";"FR";"2026-09-24";"Togo- Le PPT dénonce une « caporalisation » de la presse après l’interpellation musclée d’un vendeur de journaux";"https://icilome.com/2026/08/togo-le-ppt-denonce-une-caporalisation-de-la-presse-apres-linterpellation-musclee-dun-vendeur-de-journaux/"
"Icilome (FR)";"FR";"2026-09-24";"Oration On Liberty! Addressed to the People and Governors of Togo";"https://icilome.com/2026/07/oration-on-liberty-addressed-to-the-people-and-governors-of-togo/"
"Icilome (FR)";"FR";"2026-09-24";"Togo- Le SYNJIT prépare ses 15 ans avec de nouvelles cartes de membres";"https://icilome.com/2026/07/togo-le-synjit-prepare-ses-15-ans-avec-de-nouvelles-cartes-de-membres/"
"Icilome (FR)";"FR";"2026-09-24";"Video: Abdoul Aziz Goma Addresses the UN on Repression in Togo";"https://icilome.com/2026/03/video-abdoul-aziz-goma-addresses-the-un-on-repression-in-togo/"
"Icilome (FR)";"FR";"2026-09-24";"Togo – Enquête, pressions et refus de l’exil : le message fort de Roger Amemavoh (Vidéo)";"https://icilome.com/2026/02/togo-enquete-pressions-et-refus-de-lexil-le-message-fort-de-roger-amemavor-video/"
"Icilome (FR)";"FR";"2026-09-24";"Bénin : Le président Talon s’adresse à la nation après la tentative de coup d’État (vidéo)";"https://icilome.com/2025/12/benin-le-president-talon-sadresse-a-la-nation-apres-la-tentative-de-coup-detat-video/"
"Icilome (FR)";"FR";"2026-09-24";"Yves Edoh Agbodjan, alias Togbevi Kpéssé précise les objectifs de la délégation du M66 à New York (Interview)";"https://icilome.com/2025/09/yves-edoh-agbodjan-alias-togbevi-kpesse-precise-les-objectifs-de-la-delegation-du-m66-a-new-york-interview/"
"Icilome (FR)";"FR";"2026-09-24";"Vidéo – Le MO5 rejoint l’appel à la mobilisation du 30 août au Togo";"https://icilome.com/2025/08/video-le-mo5-rejoint-lappel-a-la-mobilisation-du-30-aout-au-togo/"
"Icilome (FR)";"FR";"2026-09-24";"Togo – Le pouvoir togolais a plusieurs cordes à son arc";"https://icilome.com/2026/09/togo-le-pouvoir-togolais-a-plusieurs-cordes-a-son-arc/"
"Icilome (FR)";"FR";"2026-09-24";"Togo- Invité à Lomé pour un « accord de paix », le rebelle tchadien Luc Beyam finit en garde à vue pour dette d’hôtel";"https://icilome.com/2026/09/togo-invite-a-lome-pour-un-accord-de-paix-le-rebelle-tchadien-luc-beyam-finit-en-garde-a-vue-pour-dette-dhotel/"
"Icilome (FR)";"FR";"2026-09-24";"Togo- Biologie médicale : La qualité des diagnostics passe aussi par les équipements et les normes";"https://icilome.com/2026/09/togo-biologie-medicale-la-qualite-des-diagnostics-passe-aussi-par-les-equipements-et-les-normes/"
"Icilome (FR)";"FR";"2026-09-24";"Quelle démocratie pour l’Afrique aujourd’hui ?";"https://icilome.com/2026/09/quelle-democratie-pour-lafrique-aujourdhui/"
"Icilome (FR)";"FR";"2026-09-24";"Togo Debout USA porte la situation politique et les préoccupations de la diaspora à Washington";"https://icilome.com/2026/09/togo-debout-usa-porte-la-situation-politique-et-les-preoccupations-de-la-diaspora-a-washington/"
"Icilome (FR)";"FR";"2026-09-24";"Togo- Hausse des prix du carburant : Deux Togolais s’affrontent, le virtuel et le réel";"https://icilome.com/2026/09/togo-hausse-des-prix-du-carburant-deux-togolais-saffrontent-le-virtuel-et-le-reel/"
"Icilome (FR)";"FR";"2026-09-24";"Togo / Scandale au Ministère du Tourisme: Les Secrets bien gardés d’un Hold-up en bande organisée";"https://icilome.com/2026/09/togo-scandale-au-ministere-du-tourisme-les-secrets-bien-gardes-dun-hold-up-en-bande-organisee/"
"Icilome (FR)";"FR";"2026-09-24";"Au Togo, QNET veut reprendre la main sur son image face aux arnaques";"https://icilome.com/2026/09/au-togo-qnet-veut-reprendre-la-main-sur-son-image-face-aux-arnaques/"
"Icilome (FR)";"FR";"2026-09-24";"« QNET n’est pas une agence de voyage » : Cherif Saar veut distinguer la marque des arnaques qui l’usurpent";"https://icilome.com/2026/09/qnet-nest-pas-une-agence-de-voyage-cherif-saar-veut-distinguer-la-marque-des-arnaques-qui-lusurpent/"
"Icilome (FR)";"FR";"2026-09-24";"Abdoul Aziz Goma, le «good samaritan» mis à l´honneur par Freedom Now";"https://icilome.com/2026/09/abdoul-aziz-goma-le-good-samaritan-mis-a-lhonneur-par-freedom-now/"
"Icilome (FR)";"FR";"2026-09-24";"Rentrée scolaire sur fond de la hausse du prix du carburant : Un pouvoir INSENSIBLE";"https://icilome.com/2026/09/rentree-scolaire-sur-fond-de-la-hausse-du-prix-du-carburant-un-pouvoir-insensible/"
"Icilome (FR)";"FR";"2026-09-24";"Togo – Hausse du prix du carburant : La DMK appelle à une mobilisation pacifique";"https://icilome.com/2026/09/togo-hausse-du-prix-du-carburant-la-dmk-appelle-a-une-mobilisation-pacifique/"
"Icilome (FR)";"FR";"2026-09-24";"Pendant que des tonnes de riz Kovié pourrissent dans les magasins, le gouvernement commercialise du riz japonais";"https://icilome.com/2026/09/pendant-que-des-tonnes-de-riz-kovie-pourrissent-dans-les-magasins-le-gouvernement-commercialise-du-riz-japonais/"
"Icilome (FR)";"FR";"2026-09-24";"La campagne contemporaine « Correct the Map » n’est pas née au Togo";"https://icilome.com/2026/09/la-campagne-contemporaine-correct-the-map-nest-pas-nee-au-togo/"
"Icilome (FR)";"FR";"2026-09-24";"Togo- Classement Lloyd’s List 2026 : le Port de Lomé grimpe au 91ᵉ rang mondial";"https://icilome.com/2026/09/togo-classement-lloyds-list-2026-le-port-de-lome-grimpe-au-91%e1%b5%89-rang-mondial/"
"Icilome (FR)";"FR";"2026-09-24";"ABM-TOGO : Quatre ans d’actions, des acquis et des chantiers à poursuivre";"https://icilome.com/2026/09/abm-togo-quatre-ans-dactions-des-acquis-et-des-chantiers-a-poursuivre/"
"Icilome (FR)";"FR";"2026-09-24";"« Le peuple ne mange pas les notations » : Oligui Nguema dans le concret, Faure Gnassingbé dans les chiffres fabriqués";"https://icilome.com/2026/09/le-peuple-ne-mange-pas-les-notations-oligui-nguema-dans-le-concret-faure-gnassingbe-dans-les-chiffres-fabriques/"
"Icilome (FR)";"FR";"2026-09-24";"Au Togo, la télédermatologie s’impose comme une réponse au déficit de dermatologues";"https://icilome.com/2026/09/au-togo-la-teledermatologie-simpose-comme-une-reponse-au-deficit-de-dermatologues/"
"Icilome (FR)";"FR";"2026-09-24";"Togo- Roger Folikoué : « La démocratie est le sursaut du pluriel contre l’irrésistible tentation de l’un »";"https://icilome.com/2026/09/togo-roger-folikoue-la-democratie-est-le-sursaut-du-pluriel-contre-lirresistible-tentation-de-lun/"
"Icilome (FR)";"FR";"2026-09-24";"Togo – Nouvelle flambée des prix du carburant, la colère des consommateurs monte";"https://icilome.com/2026/09/togo-nouvelle-flambee-des-prix-du-carburant-la-colere-des-consommateurs-monte/"
"Icilome (FR)";"FR";"2026-09-24";"Tribune | Changement de Constitution au Togo – une énormité historique devenue une jurisprudence et un cas d’école";"https://icilome.com/2026/09/tribune-changement-de-constitution-au-togo-une-enormite-historique-devenue-une-jurisprudence-et-un-cas-decole/"
"Icilome (FR)";"FR";"2026-09-24";"« La seule voie pacifique » : l’appel de Nathaniel Olympio au Togo";"https://icilome.com/2026/09/la-seule-voie-pacifique-lappel-de-nathaniel-olympio-au-togo/"
"Icilome (FR)";"FR";"2026-09-24";"À Paris, la création togolaise s’invite à ArtTrip grâce à Kokou Ekouagou";"https://icilome.com/2026/09/a-paris-la-creation-togolaise-sinvite-a-arttrip-grace-a-kokou-ekouagou/"
"Icilome (FR)";"FR";"2026-09-24";"Togo – La HARC convoque les créateurs de contenu, quels enjeux derrière cette réunion ?";"https://icilome.com/2026/09/togo-la-harc-convoque-les-createurs-de-contenu-quels-enjeux-derriere-cette-reunion/"
"Icilome (FR)";"FR";"2026-09-24";"Togo- Jean-Pierre Fabre: « Le gouvernement doit cesser de faire payer aux togolais le prix de son incapacité »";"https://icilome.com/2026/09/togo-jean-pierre-fabre-le-gouvernement-doit-cesser-de-faire-payer-aux-togolais-le-prix-de-son-incapacite/"
"Icilome (FR)";"FR";"2026-09-24";"La politique de l´autruche d´un Faure Gnassingbé aux antipodes des réalités politiques de son pays.";"https://icilome.com/2026/09/la-politique-de-lautruche-dun-faure-gnassingbe-aux-antipodes-des-realites-politiques-de-son-pays/"
"Icilome (FR)";"FR";"2026-09-24";"Au Togo, Le Trompe-l’œil de la nouvelle Constitution";"https://icilome.com/2026/09/au-togo-le-trompe-loeil-de-la-nouvelle-constitution/"
"Icilome (FR)";"FR";"2026-09-24";"Togo- Tribune : « On ne soigne pas à la tête du client »";"https://icilome.com/2026/09/togo-tribune-on-ne-soigne-pas-a-la-tete-du-client/"
"Icilome (FR)";"FR";"2026-09-24";"Togo – Hausse du prix du carburant : le MMLK demande la baisse des frais de péage";"https://icilome.com/2026/09/togo-hausse-du-prix-du-carburant-le-mmlk-demande-la-baisse-des-frais-de-peage/"
"Icilome (FR)";"FR";"2026-09-24";"QNET lève le voile sur son catalogue produits, loin des clichés sur la vente pyramidale";"https://icilome.com/2026/09/qnet-leve-le-voile-sur-son-catalogue-produits-loin-des-cliches-sur-la-vente-pyramidale/"
"Icilome (FR)";"FR";"2026-09-24";"V-Convention : À Penang, QNET célèbre 28 ans de vente directe devant des milliers de distributeurs";"https://icilome.com/2026/09/v-convention-a-penang-qnet-celebre-28-ans-de-vente-directe-devant-des-milliers-de-distributeurs/"
"Icilome (FR)";"FR";"2026-09-24";"Même Messi abandonne l’Argentine : Et FAURE ?";"https://icilome.com/2026/09/meme-messi-abandonne-largentine-et-faure/"
"Icilome (FR)";"FR";"2026-09-24";"Résolution de l’ONU sur les cartes du monde : au Togo, l’ANC dénonce une « manœuvre de diversion »";"https://icilome.com/2026/09/resolution-de-lonu-sur-les-cartes-du-monde-au-togo-lanc-denonce-une-manoeuvre-de-diversion/"
"Icilome (FR)";"FR";"2026-09-24";"Rentrée scolaire 2026-2027 : le gouvernement reconduit et renforce le dispositif « Rentrée scolaire sûre »";"https://icilome.com/2026/09/rentree-scolaire-2026-2027-le-gouvernement-reconduit-et-renforce-le-dispositif-rentree-scolaire-sure/"
"Icilome (FR)";"FR";"2026-09-24";"TRIBUNE | Éducation au Togo : le plaidoyer de Helly GBENE pour une école pilotée par la donnée";"https://icilome.com/2026/09/tribune-education-au-togo-le-plaidoyer-de-helly-gbene-pour-une-ecole-pilotee-par-la-donnee/"
"Icilome (FR)";"FR";"2026-09-24";"Hausse du carburant au Togo : l’opposition dénonce une « asphyxie financière » des ménages";"https://icilome.com/2026/09/hausse-du-carburant-au-togo-lopposition-denonce-une-asphyxie-financiere-des-menages/"
"Icilome (FR)";"FR";"2026-09-24";"QNET ouvre les portes de son siège à des journalistes africains, en Malaisie";"https://icilome.com/2026/09/face-aux-accusations-qnet-ouvre-les-portes-de-son-siege-a-des-journalistes-africains-en-malaisie/"
"Icilome (FR)";"FR";"2026-09-24";"Togo- Pollution plastique : ZDP-Togo entre en action sur le littoral de Lomé";"https://icilome.com/2026/09/togo-pollution-plastique-zdp-togo-entre-en-action-sur-le-littoral-de-lome/"
"Icilome (FR)";"FR";"2026-09-24";"Nucléaire : le Togo se positionne, Lomé accueillera le sommet africain NEISA en 2027";"https://icilome.com/2026/09/nucleaire-le-togo-se-positionne-lome-accueillera-le-sommet-africain-neisa-en-2027/"
"Icilome (FR)";"FR";"2026-09-24";"Énergie : pourquoi le nucléaire pourrait changer l’avenir énergétique de l’Afrique et du Togo";"https://icilome.com/2026/09/energie-pourquoi-le-nucleaire-pourrait-changer-lavenir-energetique-de-lafrique-et-du-togo/"
"Icilome (FR)";"FR";"2026-09-24";"Méchanceté gratuite à la Plage";"https://icilome.com/2026/09/mechancete-gratuite-a-la-plage/"
"Icilome (FR)";"FR";"2026-09-24";"Togo – Cyberescroquerie : trois suspects interpellés à Afagnan";"https://icilome.com/2026/09/togo-cyberescroquerie-trois-suspects-interpelles-a-afagnan/"
"Icilome (FR)";"FR";"2026-09-24";"Togo : les prix des produits pétroliers repartent à la hausse";"https://icilome.com/2026/09/togo-les-prix-des-produits-petroliers-repartent-a-la-hausse/"
"Icilome (FR)";"FR";"2026-09-24";"Togo- Jean-Pierre Fabre veut « rendre au peuple la Constitution qu’on lui a volée »";"https://icilome.com/2026/09/togo-jean-pierre-fabre-veut-rendre-au-peuple-la-constitution-quon-lui-a-volee/"
"Icilome (FR)";"FR";"2026-09-24";"Les artistes togolais annoncent des sit-in en octobre";"https://icilome.com/2026/09/les-artistes-togolais-annoncent-des-sit-in-en-octobre/"
"Icilome (FR)";"FR";"2026-09-24";"Togo – Journaliste enlevé et violenté à Guérin-Kouka : le PPT interpelle les autorités";"https://icilome.com/2026/09/togo-journaliste-enleve-et-violente-a-guerin-kouka-le-ppt-interpelle-les-autorites/"
"Icilome (FR)";"FR";"2026-09-24";"Togo- Biologie médicale : Du laboratoire aux politiques de santé, les professionnels veulent franchir un cap";"https://icilome.com/2026/09/togo-biologie-medicale-du-laboratoire-aux-politiques-de-sante-les-professionnels-veulent-franchir-un-cap/"
"Togo First (FR)";"FR";"2026-09-24";"Togo-Rwanda : Lomé et Kigali renforcent leur coopération avec trois nouveaux accords";"https://www.togofirst.com/fr/politique/2409-20153-togo-rwanda-lome-et-kigali-renforcent-leur-cooperation-avec-trois-nouveaux-accords"
"Togo First (FR)";"FR";"2026-09-24";"Togo-Ghana : à Accra, le West African B2B Connect veut accélérer les affaires entre les deux marchés";"https://www.togofirst.com/fr/gouvernance-economique/2309-20149-togo-ghana-a-accra-le-west-african-b2b-connect-veut-accelerer-les-affaires-entre-les-deux-marches"
"Togo First (FR)";"FR";"2026-09-24";"Au Togo, la HARC veut mettre de l’ordre dans l’espace numérique";"https://www.togofirst.com/fr/tic/2309-20148-au-togo-la-harc-veut-mettre-de-l-ordre-dans-l-espace-numerique"
"Togo First (FR)";"FR";"2026-09-24";"Projet de Centrale bifuel de 120 MW : le ministère consulte les acteurs du marché";"https://www.togofirst.com/fr/energies/2309-20146-projet-de-centrale-bifuel-de-120-mw-le-ministere-consulte-les-acteurs-du-marche"
"Togo First (FR)";"FR";"2026-09-24";"Cartographie : Lomé s’appuie sur les créateurs d’Equal Earth pour mettre en œuvre la résolution de l’ONU";"https://www.togofirst.com/fr/gouvernance-economique/2309-20145-cartographie-lome-s-appuie-sur-les-createurs-d-equal-earth-pour-mettre-en-uvre-la-resolution-de-l-onu"
"Togo First (FR)";"FR";"2026-09-24";"Qualité : la HAUQE rencontre les entreprises pour accélérer leur mise aux normes";"https://www.togofirst.com/fr/gouvernance-economique/2309-20142-qualite-la-hauqe-rencontre-les-entreprises-pour-accelerer-leur-mise-aux-normes"
"Togo First (FR)";"FR";"2026-09-24";"CEDEAO : le Togolais Madadozi Teziké, nouveau directeur de l’Agriculture et du Développement rural";"https://www.togofirst.com/fr/agro/2309-20141-cedeao-le-togolais-madadozi-tezike-nouveau-directeur-de-l-agriculture-et-du-developpement-rural"
"Togo First (FR)";"FR";"2026-09-24";"Commerce : le Togo veut aider ses entreprises à mieux tirer parti des règles d’origine";"https://www.togofirst.com/fr/gouvernance-economique/2209-20139-commerce-le-togo-veut-aider-ses-entreprises-a-mieux-tirer-parti-des-regles-d-origine"
"Togo First (FR)";"FR";"2026-09-24";"Togo-Russie : la première réunion de la commission mixte intergouvernementale annoncée à Lomé";"https://www.togofirst.com/fr/politique/2209-20134-togo-russie-la-premiere-reunion-de-la-commission-mixte-intergouvernementale-annoncee-a-lome"
"Togo First (FR)";"FR";"2026-09-24";"Togo : des kits médicaux pour 10 000 personnes et un nouveau guide de surveillance des menaces sanitaires";"https://www.togofirst.com/fr/sante/2209-20133-togo-des-kits-medicaux-pour-10-000-personnes-et-un-nouveau-guide-de-surveillance-des-menaces-sanitaires"
"Togo First (FR)";"FR";"2026-09-24";"Crise en RDC : depuis New York, l’ONU et l’UA soutiennent la médiation togolaise";"https://www.togofirst.com/fr/politique/2209-20132-crise-en-rdc-depuis-new-york-l-onu-et-l-ua-soutiennent-la-mediation-togolaise"
"Togo First (FR)";"FR";"2026-09-24";"Togo : une centaine de Fabmanagers formés pour renforcer l’innovation technologique à l’école";"https://www.togofirst.com/fr/formation/2209-20131-firstbank-drc-rejoint-le-projet-de-digitalisation-des-recettes-de-transco"
"Togo First (FR)";"FR";"2026-09-24";"Formation professionnelle : le Togo mise sur le secteur privé et le numérique pour améliorer l’employabilité";"https://www.togofirst.com/fr/formation/2209-20129-formation-professionnelle-le-togo-mise-sur-le-secteur-prive-et-le-numerique-pour-ameliorer-l-employabilite"
"Togo First (FR)";"FR";"2026-09-24";"Togo : la dette publique ""baisse"" à 60,2 % du PIB à fin juin 2026";"https://www.togofirst.com/fr/gouvernance-economique/2109-20125-togo-la-dette-publique-baisse-a-60-2-du-pib-a-fin-juin-2026"
"Togo First (FR)";"FR";"2026-09-24";"Togo : plus de 35 000 tonnes de mangues produites en 2025, pour seulement 15 % exportés";"https://www.togofirst.com/fr/agro/2109-20122-togo-plus-de-35-000-tonnes-de-mangues-produites-en-2025-pour-seulement-15-exportes"
"Togo First (FR)";"FR";"2026-09-24";"Togo : le gouvernement lance un appel d’offres pour 5200 équipements de comptage intelligent";"https://www.togofirst.com/fr/energies/2109-20121-togo-le-gouvernement-lance-un-appel-d-offres-pour-5200-equipements-de-comptage-intelligent"
"Togo First (FR)";"FR";"2026-09-24";"Eau potable : 305 forages livrés dans les Plateaux grâce à la coopération sino-togolaise";"https://www.togofirst.com/fr/social/2109-20120-eau-potable-305-forages-livres-dans-les-plateaux-grace-a-la-cooperation-sino-togolaise"
"Togo First (FR)";"FR";"2026-09-24";"Médias : le gouvernement rappelle l’obligation d’accès gratuit aux services audiovisuels publics";"https://www.togofirst.com/fr/culture/2109-20119-medias-le-gouvernement-rappelle-l-obligation-d-acces-gratuit-aux-services-audiovisuels-publics"
"Togo First (FR)";"FR";"2026-09-24";"« Nous voulons bâtir une marque laitière africaine à partir du wangash togolais », Assaba Akouétévi, promotrice de ROSHTA Wangash";"https://www.togofirst.com/fr/agro/1909-20108-nous-voulons-batir-une-marque-laitiere-africaine-a-partir-du-wangash-togolais-assaba-akouetevi-promotrice-de-roshta-wangash"
"Togo First (FR)";"FR";"2026-09-24";"Salim Tebonou (HORI) : « J'ai dû démissionner moi-même de la structure que j'avais créée pour repartir de zéro »";"https://www.togofirst.com/fr/gouvernance-economique/0208-19767-salim-tebonou-hori-jai-du-demissionner-moi-meme-de-la-structure-que-javais-creee-pour-repartir-de-zero"
"Togo First (FR)";"FR";"2026-09-24";"FIL 2026 : 70 % de réduction sur les stands pour les femmes et jeunes entrepreneurs";"https://www.togofirst.com/fr/gouvernance-economique/2707-19692-fil-2026-70-de-reduction-sur-les-stands-pour-les-femmes-et-jeunes-entrepreneurs"
"Togo First (FR)";"FR";"2026-09-24";"Togo : plus de 8000 entreprises créées en six mois, un rebond après deux années de recul";"https://www.togofirst.com/fr/gouvernance-economique/0707-19479-togo-plus-de-8000-entreprises-creees-en-six-mois-un-rebond-apres-deux-annees-de-recul"
"Togo First (FR)";"FR";"2026-09-24";"Togo : à Di-Kéti, la certification s'impose comme un levier de croissance pour les TPME";"https://www.togofirst.com/fr/gouvernance-economique/0407-19449-togo-a-di-keti-la-certification-simpose-comme-un-levier-de-croissance-pour-les-tpme"
"Togo First (FR)";"FR";"2026-09-24";"Togo : un fonds de 655 millions FCFA pour financer l’installation des diplômés de l’IFAD-Aquaculture";"https://www.togofirst.com/en/gouvernance-economique/0406-19143-togo-un-fonds-de-655-millions-fcfa-pour-financer-l-installation-des-diplomes-de-l-ifad-aquaculture"
"Togo First (FR)";"FR";"2026-09-24";"Togo : après la hausse du prix du carburant, le gouvernement baisse les tarifs de péage";"https://www.togofirst.com/fr/transport/0207-19428-togo-apres-la-hausse-du-prix-du-carburant-le-gouvernement-baisse-les-tarifs-de-peage"
"Togo First (FR)";"FR";"2026-09-24";"Togo : les résultats des examens désormais accessibles gratuitement via le Web, WhatsApp et Telegram";"https://www.togofirst.com/fr/education/0806-19171-togo-les-resultats-des-examens-desormais-accessibles-gratuitement-via-le-web-whatsapp-et-telegram"
"Togo First (FR)";"FR";"2026-09-24";"Le Togolais Kodjo Akpatigbe prend la tête de Deloitte au Togo et au Bénin";"https://www.togofirst.com/fr/finance/0207-19423-le-togolais-kodjo-akpatigbe-prend-la-tete-de-deloitte-au-togo-et-au-benin"
"Togo First (FR)";"FR";"2026-09-24";"Gouvernance et financement du secteur routier : le Togo crée l’AGEROUTE et la SONAFIR";"https://www.togofirst.com/fr/transport/2906-19371-gouvernance-et-financement-du-secteur-routier-le-togo-cree-l-ageroute-et-la-sonafir"
"Togo First (FR)";"FR";"2026-09-24";"Lancement d’une mission d’élaboration des normes de certification pour les entreprises de BTP";"https://www.togofirst.com/"
"Togo First (FR)";"FR";"2026-09-24";"Logement : à Kpomé-Dalavé, Adedze annonce le passage du programme des 20 000 unités à sa phase opérationnelle";"https://www.togofirst.com/fr/gouvernance-economique/1206-19219-logement-a-kpome-dalave-adedze-annonce-le-passage-du-programme-des-20-000-unites-a-sa-phase-operationnelle"
"Togo First (FR)";"FR";"2026-09-24";"Togo : pour une fonction publique plus performante, le gouvernement entend mettre en place un plan national";"https://www.togofirst.com/"
"Togo First (FR)";"FR";"2026-09-24";"Restauration des terres : la FAO lance un appel à projets pour des subventions pouvant atteindre 50 000 $";"https://www.togofirst.com/fr/agro/1506-19233-restauration-des-terres-la-fao-lance-un-appel-a-projets-pour-des-subventions-pouvant-atteindre-50-000"
"Togo First (FR)";"FR";"2026-09-24";"Togo : la CCI-Togo lance la formation de femmes aux métiers du transport";"https://www.togofirst.com/fr/gouvernance-economique/1809-20107-togo-la-cci-togo-lance-la-formation-de-femmes-aux-metiers-du-transport"
"Togo First (FR)";"FR";"2026-09-24";"Togo : l’exécutif appelle les banques à renforcer leur soutien à l’agriculture et aux TPME";"https://www.togofirst.com/fr/gouvernance-economique/1809-20100-togo-l-executif-appelle-les-banques-a-renforcer-leur-soutien-a-l-agriculture-et-aux-tpme"
"Togo First (FR)";"FR";"2026-09-24";"21è Foire internationale de Lomé : l’Inde sera le pays invité d’honneur";"https://www.togofirst.com/fr/gouvernance-economique/1809-20097-21e-foire-internationale-de-lome-l-inde-sera-le-pays-invite-d-honneur"
"Togo First (FR)";"FR";"2026-09-24";"Togo : le budget vert passe de l’expérimentation à un cadre obligatoire";"https://www.togofirst.com/fr/finances-publiques/1809-20096-togo-le-budget-vert-passe-de-l-experimentation-a-un-cadre-obligatoire"
"Togo First (FR)";"FR";"2026-09-24";"ASKY et Ethiopian Airlines préparent un centre de maintenance d’avions de 100 millions $ à Lomé";"https://www.togofirst.com/fr/transport/1809-20095-asky-et-ethiopian-airlines-preparent-un-centre-de-maintenance-d-avions-de-100-millions-a-lome"
"Togo First (FR)";"FR";"2026-09-24";"Togo : plus de 3000 enseignants définitivement admis au concours de recrutement 2026";"https://www.togofirst.com/fr/education/1809-20094-togo-plus-de-3000-enseignants-definitivement-admis-au-concours-de-recrutement-2026"
"Togo First (FR)";"FR";"2026-09-24";"Appui aux entrepreneurs : l’ADTPME recrute à des postes de direction";"https://www.togofirst.com/fr/gouvernance-economique/1809-20093-appui-aux-entrepreneurs-l-adtpme-recrute-a-des-postes-de-direction"
"Togo First (FR)";"FR";"2026-09-24";"Au Togo, le secteur privé identifie ses besoins en recherche et innovation filière par filière";"https://www.togofirst.com/fr/gouvernance-economique/1809-20092-au-togo-le-secteur-prive-identifie-ses-besoins-en-recherche-et-innovation-filiere-par-filiere"
"Togo First (FR)";"FR";"2026-09-24";"Togo : le BIC prépare une plateforme pour faciliter le financement des PME";"https://www.togofirst.com/fr/gouvernance-economique/1709-20090-togo-le-bic-prepare-une-plateforme-pour-faciliter-le-financement-des-pme"
"Togo First (FR)";"FR";"2026-09-24";"Feuille de route 2026-2031 : l’exécutif recueille les dernières suggestions avant finalisation";"https://www.togofirst.com/fr/gestion-publique/1709-20086-feuille-de-route-2026-2031-l-executif-recueille-les-dernieres-suggestions-avant-finalisation"
"Togo First (FR)";"FR";"2026-09-24";"Togo : l'OTR lance e-TPU pour déclarer et payer la TPU en ligne";"https://www.togofirst.com/fr/gouvernance-economique/1709-20085-togo-lotr-lance-e-tpu-pour-declarer-et-payer-la-tpu-en-ligne"
"Togo First (FR)";"FR";"2026-09-24";"Togo : le Patronat lance un programme d’immersion professionnelle pour 600 jeunes";"https://www.togofirst.com/fr/gouvernance-economique/1709-20084-togo-le-patronat-lance-un-programme-d-immersion-professionnelle-pour-600-jeunes"
"Togo First (FR)";"FR";"2026-09-24";"Leadership politique : 323 femmes formées au Togo depuis 2020";"https://www.togofirst.com/fr/politique/1609-20081-leadership-politique-323-femmes-formees-au-togo-depuis-2020"
"Togo First (FR)";"FR";"2026-09-24";"Classement mondial 2026 : le Port de Lomé gagne une place et s’adjuge le 91è rang";"https://www.togofirst.com/fr/logistique/1609-20080-classement-mondial-2026-le-port-de-lome-gagne-une-place-et-s-adjuge-le-91e-rang"
"Togo First (FR)";"FR";"2026-09-24";"Togo : la masse salariale atteint 181 milliards FCFA à fin juin 2026, soit 48,5% des prévisions annuelles";"https://www.togofirst.com/fr/finances-publiques/1609-20077-togo-la-masse-salariale-atteint-181-milliards-fcfa-a-fin-juin-2026-soit-48-5-des-previsions-annuelles"
"Togo First (FR)";"FR";"2026-09-24";"Togo : chercheurs et entreprises veulent mieux valoriser les résultats de la recherche";"https://www.togofirst.com/fr/gouvernance-economique/1609-20073-togo-chercheurs-et-entreprises-cherchent-a-mieux-valoriser-les-resultats-de-la-recherche"
"Togo First (FR)";"FR";"2026-09-24";"IPDCP : ""Derrière la protection des données à caractère personnel, il y a non seulement un enjeu de souveraineté numérique, mais aussi un enjeu de confiance""";"https://www.togofirst.com/fr/tic/1609-20072-ipdcp-derriere-la-protection-des-donnees-a-caractere-personnel-il-y-a-non-seulement-un-enjeu-de-souverainete-numerique-mais-aussi-un-enjeu-de-confiance"
"Togo First (FR)";"FR";"2026-09-24";"Agriculture : météo, prix, intrants, le SIHAM veut faciliter l’accès des producteurs à l’information";"https://www.togofirst.com/fr/agro/1609-20071-agriculture-meteo-prix-intrants-le-siham-veut-faciliter-l-acces-des-producteurs-a-l-information"
"Togo First (FR)";"FR";"2026-09-24";"Couverture sanitaire universelle : Lomé réunit 16 pays africains autour du diagnostic";"https://www.togofirst.com/fr/sante/1609-20070-couverture-sanitaire-universelle-lome-reunit-16-pays-africains-autour-du-diagnostic"
"Togo First (FR)";"FR";"2026-09-24";"Enseignement supérieur : Moscou veut renforcer sa coopération avec les universités togolaises";"https://www.togofirst.com/fr/formation/1509-20066-enseignement-superieur-moscou-veut-renforcer-sa-cooperation-avec-les-universites-togolaises"
"Togo First (FR)";"FR";"2026-09-24";"Togo : après les étudiants, la SOTRAL prépare l’extension du paiement digital des tickets";"https://www.togofirst.com/fr/transport/1509-20065-togo-apres-les-etudiants-la-sotral-prepare-l-extension-du-paiement-digital-des-tickets"
"Togo First (FR)";"FR";"2026-09-24";"Le Togo et ses voisins organisent le retour volontaire des réfugiés burkinabè";"https://www.togofirst.com/fr/social/1509-20062-le-togo-et-ses-voisins-organisent-le-retour-volontaire-des-refugies-burkinabe"
"Togo First (FR)";"FR";"2026-09-24";"Togo : à Togodo, les investissements du WACA ouvrent la voie à l’écotourisme";"https://www.togofirst.com/fr/agro/1509-20060-togo-a-togodo-les-investissements-du-waca-ouvrent-la-voie-a-l-ecotourisme"
"Togo First (FR)";"FR";"2026-09-24";"Au Togo, l’Université de Datcha ouvre ses premières formations et lance le recrutement des étudiants";"https://www.togofirst.com/fr/formation/1509-20059-au-togo-l-universite-de-datcha-ouvre-ses-premieres-formations-et-lance-le-recrutement-des-etudiantsau-togo-l-universite-de-datcha-situee-a-environ-130-km-au-nord-de-lome-franchit-une-nouvelle-etape-avant-l-ouverture-de-"
"Togo First (FR)";"FR";"2026-09-24";"Mobilité électrique : Spiro s’allie au chinois Yadea pour accélérer son expansion";"https://www.togofirst.com/fr/transport/1509-20058-mobilite-electrique-spiro-s-allie-au-chinois-yadea-pour-accelerer-son-expansion"
"L'Alternative (TG)";"FR";"2026-09-24";"Accueil";"https://lalternative.info/"
"L'Alternative (TG)";"FR";"2026-09-24";"A propos";"https://lalternative.info/about-us/"
"L'Alternative (TG)";"FR";"2026-09-24";"Abonnement";"https://lalternative.info/abonnez-vous-a-votre-journal/"
"L'Alternative (TG)";"FR";"2026-09-24";"Togo- Primature, ministère des Enseignements, brigade pour mineurs, CNDH passifs sur...";"https://lalternative.info/2024/09/14/togo-primature-ministere-des-enseignements-brigade-pour-mineurs-cndh-passifs-sur-le-viol-sur-une-petite-fille-a-lecole-la-madone/"
"L'Alternative (TG)";"FR";"2026-09-24";"Togo- Kao Baobadi, l’architecte de l’immeuble défectueux de la LONATO, ses...";"https://lalternative.info/2024/05/15/togo-kao-baobadi-larchitecte-de-limmeuble-defectueux-de-la-lonato-ses-deux-appartements-a-dubai/"
"L'Alternative (TG)";"FR";"2026-09-24";"Un appartement d’Yvonne Bawizibadi Gnassingbé à Dubaï au cœur d’une lutte...";"https://lalternative.info/2024/05/17/un-appartement-dyvonne-bawizibadi-gnassingbe-a-dubai-au-coeur-dune-lutte-de-succession/"
"L'Alternative (TG)";"FR";"2026-09-24";"Togo- Vague d’arrestations en cours au sein des FAT";"https://lalternative.info/2024/07/16/togo-vague-darrestations-en-cours-au-sein-des-fat/"
"L'Alternative (TG)";"FR";"2026-09-24";"Togo- Vote de moins de 50 députés, procurations fabriquées au nom...";"https://lalternative.info/2024/03/31/togo-vote-de-moins-de-50-deputes-procurations-fabriquees-au-nom-des-absents-voici-comment-le-coup-detat-constitutionnel-sest-passe-lundi/"
"L'Alternative (TG)";"FR";"2026-09-24";"Togo-La CEET installe un groupe de 14 millions chez la ministre...";"https://lalternative.info/2024/03/15/togo-la-ceet-installe-un-groupe-de-14-millions-chez-la-ministre-de-lenergie-et-des-mines/"
"L'Alternative (TG)";"FR";"2026-09-24";"Togo- Football : Qui est Nibombé Daré, le nouveau sélectionneur des Eperviers ?";"https://lalternative.info/2024/07/15/togo-football-qui-est-nibombe-dare-le-nouveau-selectionneur-des-eperviers/"
"L'Alternative (TG)";"FR";"2026-09-24";"Togo- Justice : Mandat d’arrêt international contre le Cdt Olivier Amah...";"https://lalternative.info/2024/08/07/togo-justice-mandat-darret-international-contre-le-cdt-olivier-amah-et-le-journaliste-ferdinand-ayite/"
"L'Alternative (TG)";"FR";"2026-09-24";"Togo- CEET: Voici les 3 étapes pour mettre à jour son...";"https://lalternative.info/2024/06/27/togo-ceet-voici-les-3-etapes-pour-mettre-a-jour-son-compteur-cash-power/"
"L'Alternative (TG)";"FR";"2026-09-24";"Togo- Arrestations à Kara : incertitude sur le sort du capitaine...";"https://lalternative.info/2024/07/23/togo-arrestations-a-kara-incertitude-sur-le-sort-du-capitaine-dare-kondi-photo/"
"L'Alternative (TG)";"FR";"2026-09-24";"Togo- Kpendjal : Inhumation sans hommage des militaires tombés au front";"https://lalternative.info/2024/07/29/togo-kpendjal-inhumation-sans-hommage-des-militaires-tombes-au-front/"
"L'Alternative (TG)";"FR";"2026-09-24";"NOUS SOUTENIR";"/donate"
"L'Alternative (TG)";"FR";"2026-09-24";"À propos";"https://lalternative.info/about-us/"
"L'Alternative (TG)";"FR";"2026-09-24";"Faire un don";"https://lalternative.info/donate/"
"L'Alternative (TG)";"FR";"2026-09-24";"Abonnez-vous à votre journal";"https://lalternative.info/abonnez-vous-a-votre-journal/"
"L'Alternative (TG)";"FR";"2026-09-24";"Journal L'alternative";"https://lalternative.info/author/lalternative24/"
"L'Alternative (TG)";"FR";"2026-09-24";"Togo- Journaliste kidnappé, torturé puis jeté dans la brousse… à qui profite le crime ?";"https://lalternative.info/2026/09/09/togo-journaliste-kidnappe-torture-puis-jete-dans-la-brousse-a-qui-profite-le-crime/"
"L'Alternative (TG)";"FR";"2026-09-24";"Diplomatie : deux français arrêtés au Togo, Faure Gnassingbé veut l’extradition de Ferdinand AYITE contre leur libération";"https://lalternative.info/2026/08/18/diplomatie-deux-francais-arretes-au-togo-faure-gnassingbe-veut-lextradition-de-ferdinand-ayite-contre-leur-liberation/"
"L'Alternative (TG)";"FR";"2026-09-24";"Mahama décide de consulter le peuple pour la révision constitutionnelle";"https://lalternative.info/2026/08/16/mahama-decide-de-consulter-le-peuple-pour-la-revision-constitutionnelle/"
"L'Alternative (TG)";"FR";"2026-09-24";"Togo- Tribune : La Cour de justice de la CEDEAO face à un pouvoir qui s’entête à ne jamais avoir tort";"https://lalternative.info/2026/08/10/togo-tribune-la-cour-de-justice-de-la-cedeao-face-a-un-pouvoir-qui-sentete-a-ne-jamais-avoir-tort/"
"L'Alternative (TG)";"FR";"2026-09-24";"La révision constitutionnelle ravive les tensions politiques";"https://lalternative.info/2026/08/08/la-revision-constitutionnelle-ravive-les-tensions-politiques/"
"L'Alternative (TG)";"FR";"2026-09-24";"Togo-Tribune : Moscou tisse sa toile à Lomé";"https://lalternative.info/2026/07/30/togo-tribune-moscou-tisse-sa-toile-a-lome/"
"L'Alternative (TG)";"FR";"2026-09-24";"Togo- Savanes, une bombe sociale : autochtones et réfugiés burkinabé se disputent les ressources limitées";"https://lalternative.info/2026/09/23/togo-savanes-une-bombe-sociale-autochtones-et-refugies-burkinabe-se-disputent-les-ressources-limitees/"
"L'Alternative (TG)";"FR";"2026-09-24";"Togo- Tribune : « On ne soigne pas à la tête du client »";"https://lalternative.info/2026/09/12/togo-tribune-on-ne-soigne-pas-a-la-tete-du-client/"
"L'Alternative (TG)";"FR";"2026-09-24";"Togo- Tribune : Nous voulons savoir ce que vous reprochez à Fred Vedomey";"https://lalternative.info/2026/08/28/togo-tribune-nous-voulons-savoir-ce-que-vous-reprochez-a-fred-vedomey/"
"L'Alternative (TG)";"FR";"2026-09-24";"TRIBUNE- Coupe du monde 2026 : Pourquoi les sélections africaines s’effondrent en fin de match";"https://lalternative.info/2026/07/05/tribune-coupe-du-monde-2026-pourquoi-les-selections-africaines-seffondrent-en-fin-de-match/"
"L'Alternative (TG)";"FR";"2026-09-24";"Des douaniers en détention pour trafic de drogue";"https://lalternative.info/2026/09/20/des-douaniers-en-detention-pour-trafic-de-drogue/"
"L'Alternative (TG)";"FR";"2026-09-24";"Togo- Hausse des prix du carburant : Deux Togolais s’affrontent, le virtuel et le réel";"https://lalternative.info/2026/09/16/togo-hausse-des-prix-du-carburant-deux-togolais-saffrontent-le-virtuel-et-le-reel/"
"L'Alternative (TG)";"FR";"2026-09-24";"Togo- Les dirigeants africains en chantiers, Faure Gnassingbé fête la correction du « Map »";"https://lalternative.info/2026/09/13/togo-quand-les-dirigeants-africains-sont-sur-les-chantiers-faure-gnassingbe-fete-la-correction-du-map/"
"L'Alternative (TG)";"FR";"2026-09-24";"Togo- Une augmentation de 137 F CFA sur le litre du super sans plomb en 3 mois";"https://lalternative.info/2026/09/11/togo-une-augmentation-de-137-f-cfa-sur-le-litre-du-super-sans-plomb-en-3-mois/"
"L'Alternative (TG)";"FR";"2026-09-24";"Togo- Aéroport de Lomé : l’espace duty free cédé à un privé";"https://lalternative.info/2026/09/23/togo-aeroport-de-lome-lespace-duty-free-cede-a-un-prive/"
"L'Alternative (TG)";"FR";"2026-09-24";"« Le peuple ne mange pas les notations » : Oligui Nguema dans le concret, Faure Gnassingbé dans les chiffres fabriqués";"https://lalternative.info/2026/09/10/le-peuple-ne-mange-pas-les-notations-oligui-nguema-dans-le-concret-faure-gnassingbe-dans-les-chiffres-fabriques/"
"L'Alternative (TG)";"FR";"2026-09-24";"Togo- Enquêtes sur la pauvreté : les Togolais végètent dans la misère, le gouvernement s’intéresse aux chiffres";"https://lalternative.info/2026/09/08/togo-enquetes-sur-la-pauvrete-les-togolais-vegetent-dans-la-misere-le-gouvernement-sinteresse-aux-chiffres/"
"L'Alternative (TG)";"FR";"2026-09-24";"Offre d’emploi/L’ALTERNATIVE";"https://lalternative.info/2024/03/07/offre-demploi-lalternative/"
"L'Alternative (TG)";"FR";"2026-09-24";"Togo- OTR : Éric Amouzou Folly le mari d’une des inspectrices, arrêté";"https://lalternative.info/2026/09/07/togo-otr-eric-amouzou-folly-le-mari-dune-des-inspectrices-arrete/"
"L'Alternative (TG)";"FR";"2026-09-24";"Isidore kouwonou";"https://lalternative.info/author/ksisdore/"
"L'Alternative (TG)";"FR";"2026-09-24";"L'Alternative";"https://lalternative.info/author/equipeedito/"
"L'Alternative (TG)";"FR";"2026-09-24";"Togo- Encore un scandale à l’OTR : des cadres de la DGI en garde à vue à la DCPJ";"https://lalternative.info/2026/09/06/togo-encore-un-scandale-a-lotr-des-cadres-de-la-dgi-en-garde-a-vue-a-la-dcpj/"
"L'Alternative (TG)";"FR";"2026-09-24";"La CCJA condamne définitivement l’UTB à verser plus de 2,5 milliards de FCFA à TMI";"https://lalternative.info/2026/07/22/la-ccja-condamne-definitivement-lutb-a-verser-plus-de-25-milliards-de-fcfa-a-tmi/"
"L'Alternative (TG)";"FR";"2026-09-24";"Togo- Scandale à l’OTR : Donko Bileyo et Klouvi Dedegan inculpées par le doyen des juges";"https://lalternative.info/2026/05/17/togo-scandale-a-lotr-donko-bileyo-et-klouvi-dedegan-inculpees-par-le-doyen-des-juges/"
"L'Alternative (TG)";"FR";"2026-09-24";"Togo- OTR : Donko Bileyo virée, plainte contre Ferdinand Ayité retirée";"https://lalternative.info/2026/04/19/togo-otr-donko-bileyo-viree-plainte-contre-ferdinand-ayite-retiree/"
"L'Alternative (TG)";"FR";"2026-09-24";"Togo- OTR : le CENTIF saisit le procureur, le doyen des juges d’instruction ouvre une enquête, un autre compte de 530 millions découverts à NSIA";"https://lalternative.info/2026/04/05/togo-otr-le-centif-saisit-le-procureur-le-doyen-des-juges-dinstruction-ouvre-une-enquete-un-autre-compte-de-530-millions-decouverts-a-nsia/"
"L'Alternative (TG)";"FR";"2026-09-24";"John Mahama offre des billets de la Coupe du monde à la diaspora ghanéenne";"https://lalternative.info/2026/06/01/john-mahama-offre-des-billets-de-la-coupe-du-monde-a-la-diaspora-ghaneenne/"
"L'Alternative (TG)";"FR";"2026-09-24";"View all posts";"https://lalternative.info/author/lalternative24/"
"L'Alternative (TG)";"FR";"2026-09-24";"Facebook";"https://www.facebook.com/sharer/sharer.php?u=https://lalternative.info/"
"L'Alternative (TG)";"FR";"2026-09-24";"Twitter";"https://twitter.com/intent/tweet?text=Check%20out%20this%20article:%20Accueil%20-%20https://lalternative.info/"
"L'Alternative (TG)";"FR";"2026-09-24";"Pinterest";"https://www.pinterest.com/pin/create/button/?url=https%3A%2F%2Flalternative.info%2F&description=Accueil"
"L'Alternative (TG)";"FR";"2026-09-24";"Whatsapp";"https://api.whatsapp.com/send?text=Accueil %0A%0A https%3A%2F%2Flalternative.info%2F"
"L'Alternative (TG)";"FR";"2026-09-24";"Telegram";"https://telegram.me/share/url?url=https%3A%2F%2Flalternative.info%2F&text=Accueil"
"L'Alternative (TG)";"FR";"2026-09-24";"Email";"mailto:?subject=Accueil&BODY=https://lalternative.info/"
"L'Alternative (TG)";"FR";"2026-09-24";"À propos";"/about-us"
"L'Alternative (TG)";"FR";"2026-09-24";"Politique de confidentialité";"/privacy-policy"
"L'Alternative (TG)";"FR";"2026-09-24";"Conditions d'utilisation";"/conditions-dutilisation"
"L'Alternative (TG)";"FR";"2026-09-24";"Règlementation européenne";"https://lalternative.info/reglementation-europeenneeu/"
"L'Alternative (TG)";"FR";"2026-09-24";"Facebook";"https://www.facebook.com/profile.php?id=61556605160366"
"L'Alternative (TG)";"FR";"2026-09-24";"Twitter";"https://twitter.com/lalternative_of"
"L'Alternative (TG)";"FR";"2026-09-24";"Instagram";"https://www.instagram.com/lalternative_of/"
"L'Alternative (TG)";"FR";"2026-09-24";"Youtube";"https://www.youtube.com/channel/UCk6JMYUcGDarZYNb-mPPLPA"
"L'Alternative (TG)";"FR";"2026-09-24";"Gérer les options";"#"
"L'Alternative (TG)";"FR";"2026-09-24";"Gérer les services";"#"
"L'Alternative (TG)";"FR";"2026-09-24";"Gérer {vendor_count} fournisseurs";"#"
"L'Alternative (TG)";"FR";"2026-09-24";"En savoir plus sur ces finalités";"https://cookiedatabase.org/tcf/purposes/"
"L'Alternative (TG)";"FR";"2026-09-24";"Voir les préférences";"#"
"L'Alternative (TG)";"FR";"2026-09-24";"{title}";"#"
"L'Alternative (TG)";"FR";"2026-09-24";"Queue";"#"
"L'Alternative (TG)";"FR";"2026-09-24";"Flash plugin";"http://get.adobe.com/flashplayer/"
"Laabali (TG)";"FR";"2026-09-24";"Africa-Newsroom";"https://laabali.com/africa-newsroom/"
"Laabali (TG)";"FR";"2026-09-24";"...";"#"
"Laabali (TG)";"FR";"2026-09-24";"Rentrée scolaire à Tône : l’APHMOTO fait don de kits scolaires aux enfants handicapés";"https://laabali.com/post/15583/rentree-scolaire-a-tone-laphmoto-fait-don-de-kits-scolaires-aux-enfants-handicapes/ "
"Laabali (TG)";"FR";"2026-09-24";"Atelier bilan du projet Savanes-COG : « Nous sommes satisfaits », affirme Laguatissoa Bangbar (FODES)";"https://laabali.com/post/15575/atelier-bilan-du-projet-savanes-cog-nous-sommes-satisfaits-affirme-laguatissoa-bangbar-fodes/ "
"Laabali (TG)";"FR";"2026-09-24";"Inspection de Tone 2: Les populations apportent leurs contributions";"https://laabali.com/post/15567/inspection-de-tone-2-les-populations-apportent-leurs-contributions/ "
"Laabali (TG)";"FR";"2026-09-24";"« Mais aujourd'hui, est-ce que nous sommes à la fin du terrorisme ? Personne ne saurait dire oui, parce que c'est une guerre asymétrique », Lorimpo Tchabli, Président du Mouvement en Marche";"https://laabali.com/post/15563/mais-aujourdhui-est-ce-que-nous-sommes-a-la-fin-du-terrorisme-personne-ne-saurait-dire-oui-parce-que-cest-une-guerre-asymetrique-lorimpo-tchabli-president-du-mouvement-en/ "
"Laabali (TG)";"FR";"2026-09-24";"La Fédération nationale des maisons familiales de formation rurale du Togo lance un appel à projet de Construction de 50 poulaillers traditionnels améliorés au profit des bénéficiaires de l’IFAD Elevage Barkoissi et 30 poulaillers améliorés au profit des bénéficiaires de la FMFRT";"https://laabali.com/?p=15553"
"Laabali (TG)";"FR";"2026-09-24";"Enfants en situation de handicap: Aphmoto soutient en kits scolaires à Dapaong";"https://laabali.com/?p=15515"
"Laabali (TG)";"FR";"2026-09-24";"Ponio : 30 femmes formées aux activités génératrices de revenus";"https://laabali.com/?p=15505"
"Laabali (TG)";"FR";"2026-09-24";"Accès à l’eau potable : Lancement d’un projet d’adduction d’eau et d’assainissement à Tidjoate-Lambounte";"https://laabali.com/?p=15461"
"Laabali (TG)";"FR";"2026-09-24";"Violences basées sur le genre : AFE sensibilise les communautés à Cinkassé";"https://laabali.com/?p=15384"
"Laabali (TG)";"FR";"2026-09-24";"INADES-Formation : 4 sites maraichers/champs écoles remis aux Scoops dans les savanes";"https://laabali.com/?p=15139"
"Laabali (TG)";"FR";"2026-09-24";"JII 2026 : Dans les Savanes, les infirmiers célébrés pour leur résilience";"https://laabali.com/?p=15103"
"Laabali (TG)";"FR";"2026-09-24";"Dapaong : A2FHV-S sensibilise des acteurs du bâtiment à l’accessibilité des infrastructures publiques";"https://laabali.com/?p=15076"
"Laabali (TG)";"FR";"2026-09-24";"Nadjoundi: ""Les droits de femmes ne donnent pas droit aux femmes de frapper leurs maris""";"https://laabali.com/?p=14881"
"Laabali (TG)";"FR";"2026-09-24";"Yark Damehamme: L’insubmersible général qui murmure aux oreilles de Faure Gnassimgbé";"https://laabali.com/?p=14271"
"Laabali (TG)";"FR";"2026-09-24";"Dapaong : les défis de l’assainissement toujours présents !";"https://laabali.com/?p=13413"
"Laabali (TG)";"FR";"2026-09-24";"Accès à l’eau potable : L’ONG MECAP cultive l’espoir pour la fin de la soif dans les Savanes";"https://laabali.com/?p=13297"
"Laabali (TG)";"FR";"2026-09-24";"Sanloaga (Togo): «Ils enlèvent nos jeunes garçons pour en faire des combattants» 15066 vues";"
                                        https://laabali.com/post/6306/sanloaga-togo-ils-enlevent-nous-jeunes-garcons-pour-en-faire-des-combattants/                                        
                                        "
"Laabali (TG)";"FR";"2026-09-24";"Dapaong: Ouverture du 1e Forum des producteurs agricoles (FOPAT) 13869 vues";"
                                        https://laabali.com/post/6477/dapaong-ouverture-du-1e-forum-des-producteurs-agricoles-fopat/                                        
                                        "
"Laabali (TG)";"FR";"2026-09-24";"TGI/Dapaong: Le départ du président et son équipe fait des mécontents 12887 vues";"
                                        https://laabali.com/post/192/tgi-dapaong-le-depart-du-president-et-son-equipe-fait-des-mecontents/                                        
                                        "
"Laabali (TG)";"FR";"2026-09-24";"Savanes: Les FAT repoussent une attaque, deux assaillants neutralisés 7395 vues";"
                                        https://laabali.com/post/5663/savanes-les-fat-repoussent-une-attaque-deux-assaillants-neutralises/                                        
                                        "
"Laabali (TG)";"FR";"2026-09-24";"Contre le terrorisme: Le Togo fait appel à ses anciens soldats 4314 vues";"
                                        https://laabali.com/post/6743/contre-le-terrorisme-le-togo-fait-appel-a-ses-anciens-soldats/                                        
                                        "
"Laabali (TG)";"FR";"2026-09-24";"Le Maire Monoka Laré et la commune de Tandjouaré 1";"https://laabali.com/post/12171/monoka-lare/"
"Laabali (TG)";"FR";"2026-09-24";"par Edouard Samboe";"#"
"Laabali (TG)";"FR";"2026-09-24";"Suka ou l'art divinatoire: Foi ou culture moba ?";"https://laabali.com/post/12078/suka-ou-lart-divinatoire-foi-ou-culture-moba/"
"Laabali (TG)";"FR";"2026-09-24";"Togo/Education: Diagnostic d'un secteur en panne de repères";"https://laabali.com/post/6749/togo-education-diagnostic-dun-secteur-en-pannes-de-reperes/"
"Laabali (TG)";"FR";"2026-09-24";"Contre le terrorisme: Le Togo fait appel à ses anciens soldats";"https://laabali.com/post/6743/contre-le-terrorisme-le-togo-fait-appel-a-ses-anciens-soldats/"
"Laabali (TG)";"FR";"2026-09-24";"«Le pouvoir doit faire en sorte qu'il y ait moins de frustrations sur les plans politiques et économiques», Pr David Dosseh, OSC";"https://laabali.com/post/6688/le-pouvoir-doit-faire-en-sorte-quil-y-ait-moins-de-frustrations-sur-les-plans-politiques-et-economiques-pr-david-dosseh-osc/"
"Laabali (TG)";"FR";"2026-09-24";"FOPAT: A Dapaong , les producteurs veulent des usines de transformations de tomates";"https://laabali.com/post/6533/fopat-a-dapaong-les-producteurs-veulent-des-usines-de-transformations-de-tomates/"
"Laabali (TG)";"FR";"2026-09-24";"Dapaong: Ouverture du 1e Forum des producteurs agricoles (FOPAT)";"https://laabali.com/post/6477/dapaong-ouverture-du-1e-forum-des-producteurs-agricoles-fopat/"
"Laabali (TG)";"FR";"2026-09-24";"Frontière Burkina-Togo: Le durcissement des mesures sécuritaires impacte Kompienga";"https://laabali.com/post/6464/frontiere-burkina-togo-le-durcissement-des-mesures-securitaires-impacte-kompienga/"
"Laabali (TG)";"FR";"2026-09-24";"Sanloaga (Togo): «Ils enlèvent nos jeunes garçons pour en faire des combattants» 15066 vues";" https://laabali.com/post/6306/sanloaga-togo-ils-enlevent-nous-jeunes-garcons-pour-en-faire-des-combattants/ "
"Laabali (TG)";"FR";"2026-09-24";"Dapaong: Ouverture du 1e Forum des producteurs agricoles (FOPAT) 13869 vues";" https://laabali.com/post/6477/dapaong-ouverture-du-1e-forum-des-producteurs-agricoles-fopat/ "
"Laabali (TG)";"FR";"2026-09-24";"TGI/Dapaong: Le départ du président et son équipe fait des mécontents 12887 vues";" https://laabali.com/post/192/tgi-dapaong-le-depart-du-president-et-son-equipe-fait-des-mecontents/ "
"Laabali (TG)";"FR";"2026-09-24";"CrEaT";""
"Fraternité Matin (CI)";"FR";"2026-09-24";"Communiqué du Conseil des ministres du mercredi 23 septembre 2026";"https://www.fratmat.info/article/2644731/politique/communique-du-conseil-des-ministres-du-mercredi-23-septembre-2026"
"Fraternité Matin (CI)";"FR";"2026-09-24";"Investissement et innovation dans les BTP: Les experts africains se réunissent à Abidjan en novembre pour réfléchir à la question";"https://www.fratmat.info/article/2644726/economie/investissement-et-innovation-dans-les-btp-les-experts-africains-se-reunissent-a-abidjan-en-novembre-pour-reflechir-a-la-question"
"Fraternité Matin (CI)";"FR";"2026-09-24";"Orpaillage illégal : Le gouvernement renforce le dispositif pénal";"https://www.fratmat.info/article/2644730/politique/orpaillage-illegal-le-gouvernement-renforce-le-dispositif-penal"
"Fraternité Matin (CI)";"FR";"2026-09-24";"éliminatoires Can 2027/Côte d’Ivoire-Ghana : Les Pachydermes à Bouaké au grand complet";"https://www.fratmat.info/article/2644716/sports/eliminatoires-can-2027cote-divoire-ghana-les-pachydermes-a-bouake-au-grand-complet"
"Fraternité Matin (CI)";"FR";"2026-09-24";"Alépé : Une mère s’immole, son nourrisson secouru par les pompiers civils";"https://www.fratmat.info/article/2644711/regions/alepe-une-mere-simmole-son-nourrisson-secouru-par-les-pompiers-civils"
"Le Faso (BF)";"FR";"2026-09-24";"Contact";"https://lefaso.net/spip.php?article64819"
"Le Faso (BF)";"FR";"2026-09-24";"Contactez-nous";"https://lefaso.net/spip.php?article64819"
"Le Faso (BF)";"FR";"2026-09-24";"Burkina : Les députés adoptent à l’unanimité la loi de finances rectificative pour l’exécution du budget de l’État, exercice 2026";"https://lefaso.netspip.php?article149454"
"Le Faso (BF)";"FR";"2026-09-24";"Les 100 Visages du Burkina Digital : Lydia Maïmouna Ouédraogo Sénémé, mettre la technologie au service du développement";"https://lefaso.netspip.php?article149451"
"Le Faso (BF)";"FR";"2026-09-24";"Budget 2026 : Les dépenses révisées à la hausse d’environ 297 milliards de FCFA";"https://lefaso.net/spip.php?article149444"
"Le Faso (BF)";"FR";"2026-09-24";"Assemblée générale de l’ONU : António Guterres alerte sur un monde où la puissance échappe de plus en plus aux États";"https://lefaso.net/spip.php?article149439"
"Le Faso (BF)";"FR";"2026-09-24";"Assemblée générale de l’ONU : Israël accuse Emmanuel Macron de nier les attaques du Hamas";"https://lefaso.net/spip.php?article149437"
"Le Faso (BF)";"FR";"2026-09-24";"ONU : Donald Trump défend sa guerre contre l’Iran et menace Téhéran d’anéantissement";"https://lefaso.net/spip.php?article149434"
"Le Faso (BF)";"FR";"2026-09-24";"Bobo-Dioulasso : Recherché pour enlèvement et assassinat, Tighre Jean Pingwendé a été interpellé";"https://lefaso.net/spip.php?article149415"
"Le Faso (BF)";"FR";"2026-09-24";"Infrastructures sportives : Un hôtel sportif R+5 de plus de 25 milliards FCFA pour les Étalons";"https://lefaso.net/spip.php?article149408"
"Le Faso (BF)";"FR";"2026-09-24";"81e Assemblée générale de l’ONU : Le Burkina Faso, le Mali et le Niger se concertent en vue de porter la voix de la Confédération AES";"https://lefaso.net/spip.php?article149404"
"Le Faso (BF)";"FR";"2026-09-24";"Accès à l’eau potable : Korsimoro se dote d’un système d’adduction pouvant desservir 15 000 habitants";"https://lefaso.net/spip.php?article149403"
"Le Faso (BF)";"FR";"2026-09-24";"Burkina : La Police nationale recherche activement TIGHRE Jean Pingwendé, présumé auteur de faits criminels et autres, commis à Bobo-Dioulasso";"https://lefaso.net/spip.php?article149384"
"Le Faso (BF)";"FR";"2026-09-24";"École, langue et intelligence artificielle : Si la serrure change, la clé ne suffit plus";"https://lefaso.netspip.php?article149431"
"Le Faso (BF)";"FR";"2026-09-24";"Tourisme dans l’AES : Brice Gaël Soubeiga plaide pour des financements adaptés aux entreprises";"https://lefaso.netspip.php?article149452"
"Le Faso (BF)";"FR";"2026-09-24";"SITHO 2026 : L’AES mise sur l’intégration touristique pour renforcer sa souveraineté économique";"https://lefaso.netspip.php?article149441"
"Le Faso (BF)";"FR";"2026-09-24";"SITHO 2026 : Quand la photographie et la réalité virtuelle font voyager à travers le Burkina";"https://lefaso.netspip.php?article149442"
"Le Faso (BF)";"FR";"2026-09-24";"SITHO 2026 : Les saveurs du Burkina se dégustent au stand pays de Faso Tourisme";"https://lefaso.netspip.php?article149456"
"Le Faso (BF)";"FR";"2026-09-24";"Burkina/Soutenance en Master 2 : Erwan Compaoré évalue la question de violences basées sur le genre";"https://lefaso.netspip.php?article149453"
"Le Faso (BF)";"FR";"2026-09-24";"Communication pour le développement : Dabongné Hanifa Bénazir Koussoubé décroche 17/20 avec un mémoire sur le civisme routier";"https://lefaso.netspip.php?article149458"
"Le Faso (BF)";"FR";"2026-09-24";"ONU : Le Burkina Faso plaide pour un développement souverain et une réforme de la finance internationale";"https://lefaso.netspip.php?article149450"
"Le Faso (BF)";"FR";"2026-09-24";"Championnat de floorball : COKOM conserve son titre chez les filles, Koudougou fait tomber le Baobab de Saaba chez les messieurs";"https://lefaso.netspip.php?article149445"
"Le Faso (BF)";"FR";"2026-09-24";"Entrepreneuriat communautaire : Bienvenue Dembélé appelé à poursuivre la dynamique de la SCOOP-CA/APEC";"https://lefaso.netspip.php?article149440"
"Le Faso (BF)";"FR";"2026-09-24";"Littérature : « Le Blessé de guerre », quand Dié Maurice Millogo transforme les blessures de la pauvreté en force";"https://lefaso.netspip.php?article149455"
"Le Faso (BF)";"FR";"2026-09-24";"Afrique du Sud : Onze morts dans une fusillade, une traque de 72 heures lancée";"https://lefaso.netspip.php?article149449"
"Le Faso (BF)";"FR";"2026-09-24";"Burkina : Ibrahim Traoré à Bobo-Dioulasso pour inaugurer deux infrastructures stratégiques";"https://lefaso.netspip.php?article149097"
"Le Faso (BF)";"FR";"2026-09-24";"‎Burkina : La Présidence du Faso lance le concours Hakili Mousso pour détecter les talents scientifiques féminins";"https://lefaso.netspip.php?article148857"
"Le Faso (BF)";"FR";"2026-09-24";"Immersion patriotique obligatoire 2026 : Le capitaine Ibrahim Traoré exhorte les jeunes à éviter le chemin de la facilité et à servir la patrie";"https://lefaso.netspip.php?article148839"
"Le Faso (BF)";"FR";"2026-09-24";"Assemblée législative du peuple : Mathieu Boro fait ses premiers pas à l’hémicycle et promet de porter la voix des Burkinabè";"https://lefaso.netspip.php?article148412"
"Le Faso (BF)";"FR";"2026-09-24";"Commémoration du 5 août : Le Chef de l’Etat appelle à un engagement collectif pour un Burkina Faso libre et souverain";"https://lefaso.netspip.php?article148401"
"Le Faso (BF)";"FR";"2026-09-24";"Commémoration du 4 août 2026 : Le capitaine Ibrahim Traoré invite les Burkinabè à poursuivre l’idéal révolutionnaire ‎";"https://lefaso.netspip.php?article148380"
"Le Faso (BF)";"FR";"2026-09-24";"Burkina/Contrat d’objectifs 2026 : Le ministre de l’Économie et des Finances affiche un taux d’exécution de 60,66 % à mi-parcours";"https://lefaso.netspip.php?article148277"
"Le Faso (BF)";"FR";"2026-09-24";"Burkina/PMU’B : Deux parieurs se partagent plus de 200 millions de FCFA à Koudougou";"https://lefaso.netspip.php?article149435"
"Le Faso (BF)";"FR";"2026-09-24";"Ma chère Tante SANK, laisse-moi te raconter comment la Faso FDA veille sur notre santé, comme on tisse un pagne : fil après fil, contrôle après contrôle, pour protéger chaque Burkinabè.";"https://lefaso.netspip.php?article149430"
"Le Faso (BF)";"FR";"2026-09-24";"Burkina/SITHO 2026 : Les stands ouvrent leurs portes au public, les exposants dévoilent leurs produits et savoir-faire";"https://lefaso.netspip.php?article149422"
"Le Faso (BF)";"FR";"2026-09-24";"Les 100 Visages du Burkina Digital : Yacouba Sow, la souveraineté numérique commence par les compétences";"https://lefaso.netspip.php?article149424"
"Le Faso (BF)";"FR";"2026-09-24";"Burkina : Le Pr Jean-François Silas Kobiané nommé Conseiller régional principal pour l’Afrique à l’Institut de statistique de l’UNESCO";"https://lefaso.netspip.php?article149389"
"Le Faso (BF)";"FR";"2026-09-24";"Utilisation raisonnée des engrais : Top Agro et AuxFin réunissent les producteurs pour tirer les leçons et préparer la suite";"https://lefaso.netspip.php?article149421"
"Le Faso (BF)";"FR";"2026-09-24";"Réalisations de l’ADCT dans le Yaadga : À Titao comme à Pilimpikou, des infrastructures pensées au rythme des besoins locaux";"https://lefaso.netspip.php?article149419"
"Le Faso (BF)";"FR";"2026-09-24";"Burkina/Budget 2026 : L’épargne budgétaire progresse de 35,59% dans la loi de finances rectificative";"https://lefaso.netspip.php?article149446"
"Le Faso (BF)";"FR";"2026-09-24";"Budget 2026 : Les dépenses révisées à la hausse d’environ 297 milliards de FCFA";"https://lefaso.netspip.php?article149444"
"Le Faso (BF)";"FR";"2026-09-24";"Entreprises industrielles : La CCI-BF lance un programme de 34 milliards de FCFA";"https://lefaso.netspip.php?article149433"
"Le Faso (BF)";"FR";"2026-09-24";"Burkina Faso : Les banques et institutions financières mobilisées pour soutenir la mise en oeuvre du Plan RELANCE";"https://lefaso.netspip.php?article149428"
"Le Faso (BF)";"FR";"2026-09-24";"SONAR Free Invest : Une première au Burkina Faso, Orange Money Burkina Faso et SONAR Assurances s’allient pour révolutionner l’accès à l’assurance";"https://lefaso.netspip.php?article149410"
"Le Faso (BF)";"FR";"2026-09-24";"Éliminatoires CAN 2027 : Quelles sont les chances des Étalons dans les matchs de qualification ?";"https://lefaso.netspip.php?article149409"
"Le Faso (BF)";"FR";"2026-09-24";"Infrastructures sportives : Un hôtel sportif R+5 de plus de 25 milliards FCFA pour les Étalons";"https://lefaso.netspip.php?article149408"
"Le Faso (BF)";"FR";"2026-09-24";"Burkina/Football : King Vert remporte la 3ᵉ édition du Trophée des Champions";"https://lefaso.netspip.php?article149381"
"Le Faso (BF)";"FR";"2026-09-24";"Fasofoot Ligue 1 : Rahimo FC prend les commandes après la première journée";"https://lefaso.netspip.php?article149379"
"Le Faso (BF)";"FR";"2026-09-24";"Football : FC Avenir remporte la 7ᵉ édition de la Coupe Naaba Tangha face au FC Lion";"https://lefaso.netspip.php?article149372"
"Le Faso (BF)";"FR";"2026-09-24";"SITHO 2026 : Le financement des projets structurants au cœur de la 16ᵉ édition";"https://lefaso.netspip.php?article149427"
"Le Faso (BF)";"FR";"2026-09-24";"Burkina/ Culture : L’institut burkinabè renaitra de ses cendres, foi de Georges Kaboré";"https://lefaso.netspip.php?article149354"
"Le Faso (BF)";"FR";"2026-09-24";"Musée national : L’exposition « Rupture » invite à repenser l’art et le rapport à la société";"https://lefaso.netspip.php?article149350"
"Le Faso (BF)";"FR";"2026-09-24";"Burkina / Femmes leaders : Africa Mousso célèbre une décennie d’engagement";"https://lefaso.netspip.php?article149291"
"Le Faso (BF)";"FR";"2026-09-24";"RIPO 2026 : Une 6ᵉ édition placée sous le signe de l’art face aux mutations de l’écosystème numérique";"https://lefaso.netspip.php?article149136"
"Le Faso (BF)";"FR";"2026-09-24";"Assemblée générale de l’ONU : António Guterres alerte sur un monde où la puissance échappe de plus en plus aux États";"https://lefaso.netspip.php?article149439"
"Le Faso (BF)";"FR";"2026-09-24";"Assemblée générale de l’ONU : Israël accuse Emmanuel Macron de nier les attaques du Hamas";"https://lefaso.netspip.php?article149437"
"Le Faso (BF)";"FR";"2026-09-24";"ONU : Donald Trump défend sa guerre contre l’Iran et menace Téhéran d’anéantissement";"https://lefaso.netspip.php?article149434"
"Le Faso (BF)";"FR";"2026-09-24";"Gouvernance mondiale : L’Afrique lance sa propre agence de notation pour une « souveraineté financière »";"https://lefaso.netspip.php?article149377"
"Le Faso (BF)";"FR";"2026-09-24";"Crise sécuritaire : Le Burkina et le HCR saluent le retour de plus d’1,4 million de déplacés internes";"https://lefaso.netspip.php?article149289"
"Le Faso (BF)";"FR";"2026-09-24";"Coopération régionale entre les régulateurs de l’AES : Signature d’une convention de coopération le 25 septembre 2026 à Ouagadougou";"https://lefaso.netspip.php?article149443"
"Le Faso (BF)";"FR";"2026-09-24";"SIST 2026 : L’intelligence artificielle, entre accélération de la recherche et nouveaux défis de souveraineté scientifique";"https://lefaso.netspip.php?article149405"
"Le Faso (BF)";"FR";"2026-09-24";"Burkina Faso : SYRA HUB, la plateforme qui centralise les communications des entreprises";"https://lefaso.netspip.php?article149426"
"Le Faso (BF)";"FR";"2026-09-24";"Carrefour Innovations : Et si les innovations africaines trouvaient plus facilement les bonnes personnes et les bonnes opportunités ?";"https://lefaso.netspip.php?article149371"
"Le Faso (BF)";"FR";"2026-09-24";"Les Instants du Numérique : Le rendez-vous qui donne la parole à celles et ceux qui construisent le numérique de demain";"https://lefaso.netspip.php?article149370"
"Le Faso (BF)";"FR";"2026-09-24";"Offre de formation en cybersécurité du 15 mai au 20 juillet 2024";"https://lefaso.netspip.php?article130136"
"Le Faso (BF)";"FR";"2026-09-24";"Vœux de nouvel an de Dre Lydia ROUAMBA, Directrice Générale du Centre national de l’Information, de l’Orientation Scolaire et Professionnelle, et des Bourses (CIOSPB)";"https://lefaso.netspip.php?article118725"
"Le Faso (BF)";"FR";"2026-09-24";"CIOSPB : La République de la Tunisie met à la disposition du Burkina Faso des bourses études pour l’année académique 2022-2023";"https://lefaso.netspip.php?article115137"
"Le Faso (BF)";"FR";"2026-09-24";"7e édition de la Semaine nationale de l’Information et de l’Orientation (SIO) : Le Centre National des Œuvres Universitaires (CENOU) communique sur ses prestations aux nouveaux bacheliers";"https://lefaso.netspip.php?article114708"
"Le Faso (BF)";"FR";"2026-09-24";"Année académique 2022-2023 : Le Royaume du Maroc met à la disposition du Burkina Faso, cent-vingt (120) bourses d’études";"https://lefaso.netspip.php?article113781"
"Le Faso (BF)";"FR";"2026-09-24";"Les filières pour la rentrée académique 2026-2027 à l’école supérieure de commerce de Ouagadougou";"https://lefaso.netspip.php?article148486"
"Le Faso (BF)";"FR";"2026-09-24";"Décès de OUEDRAOGO Boureima : Remerciements";"https://lefaso.netspip.php?article149221"
"Le Faso (BF)";"FR";"2026-09-24";"SUNU assurances vie Burkina Faso : Avis aux assurés et ayants droit dont les contrats sont arrivés à échéance";"https://lefaso.netspip.php?article149233"
"Le Faso (BF)";"FR";"2026-09-24";"Décès de Augustine KABORÉ : Remerciements";"https://lefaso.netspip.php?article149247"
"Le Faso (BF)";"FR";"2026-09-24";"Décès de Wangraoua / Ouya Wendkouni Carine Alix : Remerciements";"https://lefaso.netspip.php?article149249"
"Le Faso (BF)";"FR";"2026-09-24";"Musique : L’artiste Tim Winsey dévoile deux nouveaux albums à Ouagadougou";"https://lefaso.netspip.php?article144306"
"Le Faso (BF)";"FR";"2026-09-24";"Littérature : « Le Blessé de guerre », quand Dié Maurice Millogo transforme les blessures de la pauvreté en force";"https://lefaso.netspip.php?article149455"
"Le Faso (BF)";"FR";"2026-09-24";"𝐋’𝐀𝐟𝐫𝐢𝐪𝐮𝐞 𝐢𝐧𝐧𝐨𝐯𝐞. 𝐋’𝐀𝐟𝐫𝐢𝐪𝐮𝐞 𝐭𝐫𝐚𝐧𝐬𝐟𝐨𝐫𝐦𝐞. 𝐋’𝐀𝐟𝐫𝐢𝐪𝐮𝐞 𝐞𝐦𝐛𝐚𝐥𝐥𝐞 𝐬𝐨𝐧 𝐚𝐯𝐞𝐧𝐢𝐫.";"https://lefaso.netspip.php?article149423"
"Le Faso (BF)";"FR";"2026-09-24";"Avis de recrutement d’un(e) Responsable « Risques, Contrôle Permanent et Conformité »";"https://lefaso.netspip.php?article149307"
"Le Faso (BF)";"FR";"2026-09-24";"Centre américain de langue : Cours réguliers session I, 2026";"https://lefaso.netspip.php?article149383"
"Le Faso (BF)";"FR";"2026-09-24";"Avis d’appel à candidature pour le recrutement de trois (3) administrateurs indépendants";"https://lefaso.netspip.php?article149317"
"Le Faso (BF)";"FR";"2026-09-24";"Avis d’appel à candidature pour le recrutement d’un commissaire aux comptes";"https://lefaso.netspip.php?article149316"
"Le Faso (BF)";"FR";"2026-09-24";"Résultats du tirage du Faso Loto CADEAU du Mardi 22 septembre 2026";"https://lefaso.netspip.php?article149417"
"Le Faso (BF)";"FR";"2026-09-24";"Avis d’appel d’offre pour le recrutement d’un partenanire strategique de co-exécution du projet « Ensemble » exécuté (…)";"https://lefaso.netspip.php?article149414"
"Le Faso (BF)";"FR";"2026-09-24";"IRC OUAGA : Vente aux enchères";"https://lefaso.netspip.php?article149397"
"Le Faso (BF)";"FR";"2026-09-24";"Décès de Madame ZOUNGRANA/KABORÉ Dakiswinigda Rose Aïda : Remerciements";"https://lefaso.netspip.php?article148376"
"Le Faso (BF)";"FR";"2026-09-24";"Messe de requiem de Dima Fidéle";"https://lefaso.netspip.php?article148292"
"Le Faso (BF)";"FR";"2026-09-24";"Décès de Sompagnimdi Philippe Honoré OUEDRAOGO : REMERCIEMENTS & FAIRE-PART";"https://lefaso.netspip.php?article148049"
"Le Faso (BF)";"FR";"2026-09-24";"Programme des obsèques de Tapsoba née Nikiema G. Rosalie";"https://lefaso.netspip.php?article148026"
"Le Faso (BF)";"FR";"2026-09-24";"Décès de OUEDRAOGO Mariame : Faire-part";"https://lefaso.netspip.php?article149457"
"Le Faso (BF)";"FR";"2026-09-24";"﻿Décès de KAMBIRE Dagaratafèrètaar Judichaël : Remerciements";"https://lefaso.netspip.php?article149436"
"Le Faso (BF)";"FR";"2026-09-24";"In Memoriam : LONFO épse BALIMA Ramata";"https://lefaso.netspip.php?article149438"
"Le Faso (BF)";"FR";"2026-09-24";"In memoria : ZANGA / KOBYAGDA Napaka Bibata";"https://lefaso.netspip.php?article149402"
"Le Faso (BF)";"FR";"2026-09-24";"Décès de KAFANDO/KAZIENGA PANEMANEGO ODETTE : Faire part";"https://lefaso.netspip.php?article149401"
"Le Faso (BF)";"FR";"2026-09-24";"Décès de Aissata Barry épouse de Feu Victor Combary : Remerciements";"https://lefaso.netspip.php?article149429"
"Le Faso (BF)";"FR";"2026-09-24";"Décès de BADOLO/KANYALA  EZOMBOÉ PAULINE : Faire part";"https://lefaso.netspip.php?article149416"
"Le Faso (BF)";"FR";"2026-09-24";"Décès de Adja BATIENON YAGO Dissata : Faire part";"https://lefaso.netspip.php?article149411"
"Le Faso (BF)";"FR";"2026-09-24";"Natation : Imann Firdaous Kouraogo, de l’amour pour l’eau aux podiums africains";"https://lefaso.netspip.php?article148974"
"Le Faso (BF)";"FR";"2026-09-24";"Coopération : Evelyne Dabiré nommée ambassadrice extraordinaire  et plénipotentiaire du Canada près le Bénin";"https://lefaso.netspip.php?article147766"
"Le Faso (BF)";"FR";"2026-09-24";"Fraude financière : La BCEAO alerte sur une fausse vidéo utilisant l’image de son gouverneur, Jean-Claude Kassi Brou";"https://lefaso.netspip.php?article149324"
"Le Faso (BF)";"FR";"2026-09-24";"Niger : L’État porte sa participation à 40% dans le projet d’uranium de Madaouela";"https://lefaso.netspip.php?article149448"
"Le Faso (BF)";"FR";"2026-09-24";"De plongeur en restauration à expert-comptable aux États-Unis : L’itinéraire hors norme du Burkinabè Ben Youssouf Koussoubé";"https://lefaso.netspip.php?article149400"
"Le Faso (BF)";"FR";"2026-09-24";"Faune sauvage : Un crocodile capturé dans un cabaret au secteur 3 de Fada N’Gourma";"https://lefaso.netspip.php?article149406"
"Le Faso (BF)";"FR";"2026-09-24";"Dynamiques organisationnelles et interactions des acteurs de la filière bétail-viande au Burkina Faso";"https://lefaso.netspip.php?article149344"
"Le Faso (BF)";"FR";"2026-09-24";"Comment s’adapter aux effets des changements climatiques dans la commune rurale de Koumbia au Burkina Faso";"https://lefaso.netspip.php?article149339"
"Le Faso (BF)";"FR";"2026-09-24";"Perceptions et stratégies d’adaptation des agropasteurs du changement climatique au Burkina Faso";"https://lefaso.netspip.php?article149338"
"Le Faso (BF)";"FR";"2026-09-24";"Infrastructures sportives : Un hôtel sportif R+5 de plus de 25 milliards FCFA pour les Étalons";"https://lefaso.netspip.php?article149408#forum"
"Le Faso (BF)";"FR";"2026-09-24";"École, langue et intelligence artificielle : Si la serrure change, la clé ne suffit plus";"https://lefaso.netspip.php?article149431#forum"
"Le Faso (BF)";"FR";"2026-09-24";"𝐒𝐚𝐥𝐨𝐧 𝐢𝐧𝐭𝐞𝐫𝐧𝐚𝐭𝐢𝐨𝐧𝐚𝐥 𝐝𝐮 𝐭𝐨𝐮𝐫𝐢𝐬𝐦𝐞 𝐞𝐭 𝐝𝐞 𝐥’𝐡𝐨̂𝐭𝐞𝐥𝐥𝐞𝐫𝐢𝐞 𝐝𝐞 𝐎𝐮𝐚𝐠𝐚𝐝𝐨𝐮𝐠𝐨𝐮 : 𝐥𝐚 𝟏𝟔𝐞 𝐞́𝐝𝐢𝐭𝐢𝐨𝐧 𝐨𝐮𝐯𝐫𝐞 𝐬𝐞𝐬 𝐩𝐨𝐫𝐭𝐞𝐬";"https://lefaso.netspip.php?article149432#forum"
"Le Faso (BF)";"FR";"2026-09-24";"81e Assemblée générale de l’ONU : Le Burkina Faso, le Mali et le Niger se concertent en vue de porter la voix de la Confédération AES";"https://lefaso.netspip.php?article149404#forum"
"Le Faso (BF)";"FR";"2026-09-24";"Volontariat national : Le Burkina Faso ambitionne de constituer un vivier d’un million de réservistes en cinq ans";"https://lefaso.netspip.php?article149349#forum"
"Le Faso (BF)";"FR";"2026-09-24";"FIFA : Gianni Infantino entraîne Samuel Eto’o dans sa chute inexorable";"https://lefaso.netspip.php?article149333#forum"
"Le Faso (BF)";"FR";"2026-09-24";"De plongeur en restauration à expert-comptable aux États-Unis : L’itinéraire hors norme du Burkinabè Ben Youssouf Koussoubé";"https://lefaso.netspip.php?article149400#forum"
"Le Faso (BF)";"FR";"2026-09-24";"Burkina : Le Pr Jean-François Silas Kobiané nommé Conseiller régional principal pour l’Afrique à l’Institut de statistique de l’UNESCO";"https://lefaso.netspip.php?article149389#forum"
"Le Faso (BF)";"FR";"2026-09-24";"Gouvernance mondiale : L’Afrique lance sa propre agence de notation pour une « souveraineté financière »";"https://lefaso.netspip.php?article149377#forum"
"Le Faso (BF)";"FR";"2026-09-24";"Samendéni Beach : Quand le personnel de Lefaso.net troque les flashs et les articles pour une parenthèse de détente";"https://lefaso.netspip.php?article149252#forum"
"Le Faso (BF)";"FR";"2026-09-24";"AUDIENCE DU PRÉSIDENT DU FASO : ""Jour de rentrée"" à Koulouba pour les lauréates du concours « HAKILI Mousso »";"https://lefaso.netspip.php?article149407#forum"
"Le Faso (BF)";"FR";"2026-09-24";"Secteur de l’énergie au Burkina Faso : L’ARSE engage les acteurs pour la détermination d’une méthodologie de régulation tarifaire";"https://lefaso.netspip.php?article149391#forum"
"Le Faso (BF)";"FR";"2026-09-24";"Éliminatoires CAN 2027 : Quelles sont les chances des Étalons dans les matchs de qualification ?";"https://lefaso.netspip.php?article149409#forum"
"Le Faso (BF)";"FR";"2026-09-24";"Bobo-Dioulasso : Recherché pour enlèvement et assassinat, Tighre Jean Pingwendé a été interpellé";"https://lefaso.netspip.php?article149415#forum"
"Le Faso (BF)";"FR";"2026-09-24";"Lutte contre le paludisme : Le Burkina intensifie la chasse aux gîtes larvaires ‎";"https://lefaso.netspip.php?article148479#forum"
"Le Faso (BF)";"FR";"2026-09-24";"Faune sauvage : Un crocodile capturé dans un cabaret au secteur 3 de Fada N’Gourma";"https://lefaso.netspip.php?article149406#forum"
"Le Faso (BF)";"FR";"2026-09-24";"Bobo-Dioulasso : La Semaine de l’hôtelier s’achève sur une note d’excellence";"https://lefaso.netspip.php?article149358#forum"
"Le Faso (BF)";"FR";"2026-09-24";"Affaire Lionel Bilgo : Le pôle ECOFI rejette la demande de liberté provisoire et renvoie le dossier au 5 octobre 2026";"https://lefaso.netspip.php?article149376#forum"
"Le Faso (BF)";"FR";"2026-09-24";"Cameroun : Quatre journalistes placés en garde-à-vue après la disparition présumée des lunettes du ministre en charge de l’Economie";"https://lefaso.netspip.php?article149396#forum"
"Le Faso (BF)";"FR";"2026-09-24";"Burkina : Ibrahim Traoré à Bobo-Dioulasso pour inaugurer deux infrastructures stratégiques";"https://lefaso.netspip.php?article149097#forum"
"Le Faso (BF)";"FR";"2026-09-24";"Burkina/Santé : Décès du Pr Michel Akotionga, spécialiste en gynécologie obstétrique";"https://lefaso.netspip.php?article149380#forum"
"Le Faso (BF)";"FR";"2026-09-24";"A propos...";"https://lefaso.net/spip.php?article29&rubrique17"
"Le Faso (BF)";"FR";"2026-09-24";"Publicité";"https://lefaso.net/spip.php?article5736&rubrique17t"
"Le Faso (BF)";"FR";"2026-09-24";"Partenariat";"https://lefaso.net/spip.php?article30&rubrique17"
"Le Faso (BF)";"FR";"2026-09-24";"Nous contacter";"https://lefaso.net/spip.php?article32&rubrique17"
"La Nation (BJ)";"FR";"2026-09-24";"Secteur agricole à l'horizon 2033: Cap sur l'industrialisation et le bien-être des producteurs";"https://lanation.bj/economie/secteur-agricole-a-lhorizon-2033-cap-sur-lindustrialisation-et-le-bien-etre-des-producteurs"
"La Nation (BJ)";"FR";"2026-09-24";"24 sept. 2026";"https://lanation.bj/economie/secteur-agricole-a-lhorizon-2033-cap-sur-lindustrialisation-et-le-bien-etre-des-producteurs"
"La Nation (BJ)";"FR";"2026-09-24";"Khady Evelyne D. Ndiaye, directrice du Secteur privé à la Commission de l'Uemoa : « Notre objectif est d'avoir un tissu entrepreneurial parmi les plus compétitifs »
                            
                                                            Lecture de 3 min";"https://lanation.bj/economie/khady-evelyne-d-ndiaye-directrice-du-secteur-prive-a-la-commission-de-luemoa-notre-objectif-est-davoir-un-tissu-entrepreneurial-parmi-les-plus-competitifs"
"La Nation (BJ)";"FR";"2026-09-24";"Dette publique: L'Uemoa devrait rester autour de 63,6 % du Pib en 2026
                            
                                                            Lecture de 3 min";"https://lanation.bj/economie/dette-publique-luemoa-devrait-rester-autour-de-636-du-pib-en-2026"
"La Nation (BJ)";"FR";"2026-09-24";"Nigeria : l’excédent courant atteint 7,54 milliards $ au deuxième trimestre
                            
                                                            Lecture de 4 min";"https://lanation.bj/economie/nigeria-lexcedent-courant-atteint-754-milliards-au-deuxieme-trimestre"
"La Nation (BJ)";"FR";"2026-09-24";"Salon régional de l'Actionnariat: Fabien Cohovi HOUNYOVI évoque les grands enjeux";"https://lanation.bj/economie/salon-regional-de-lactionnariat-fabien-cohovi-hounyovi-evoque-les-grands-enjeux"
"La Nation (BJ)";"FR";"2026-09-24";"Obtention de crédit bancaire au Bénin : Quelle peine encourt l’emprunteur qui affecte son prêt à un autre projet ?";"https://lanation.bj/economie/obtention-de-credit-bancaire-au-benin-quelle-peine-encourt-lemprunteur-qui-affecte-son-pret-a-un-autre-projet"
"Malijet (ML)";"FR";"2026-09-24";"Politique";"https://malijet.com/actualite-politique-au-mali"
"Malijet (ML)";"FR";"2026-09-24";"Economie";"https://malijet.com/actualite_economique_du_mali"
"Malijet (ML)";"FR";"2026-09-24";"Sports";"https://malijet.com/actualite_sportive_au_mali"
"Malijet (ML)";"FR";"2026-09-24";"Culture";"https://malijet.com/actualite_culturelle_au_mali"
"Malijet (ML)";"FR";"2026-09-24";"International";"https://malijet.com/actualite_internationale"
"Malijet (ML)";"FR";"2026-09-24";"AES";"https://malijet.com/actualite-sur-aes"
"Malijet (ML)";"FR";"2026-09-24";"Afrique";"https://malijet.com/actualite-sur-afrique"
"Malijet (ML)";"FR";"2026-09-24";"Mali : la croissance projetée à 6,3 % en 2026, selon le Président Assimi Goïta";"https://malijet.com/actualite_economique_du_mali/311982-mali-la-croissance-projetee-a-63-en-2026-selon-le-pres.html"
"Malijet (ML)";"FR";"2026-09-24";"22 Septembre : Assimi Goïta rend hommage aux Héros de l’Indépendance";"https://malijet.com/actualite_de_la_nation_malienne/311968-22-septembre-assimi-goita-rend-hommage-aux-heros-de-linde.html"
"Malijet (ML)";"FR";"2026-09-24";"ONU : Abdoulaye Diop représente le président Assimi Goïta à New York";"https://malijet.com/actualite-politique-au-mali/311966-onu-abdoulaye-diop-represente-le-president-assimi-goita-a.html"
"Malijet (ML)";"FR";"2026-09-24";"Solidarité de l’AES : Le Président Tiani reçoit une délégation du Mali et du Burkina Faso après la tentative de déstabilisation";"https://malijet.com/actualite-sur-aes/311954-solidarite-de-laes-le-president-tiani-recoit-une-delegati.html"
"Malijet (ML)";"FR";"2026-09-24";"Visite d'État du président Xi Jinping aux États-Unis : « Collaboration structurée, gestion maîtrisée des divergences, responsabilité mondiale partagée »";"https://malijet.com/actualite_internationale/311996-visite-detat-du-president-xi-jinping-aux-etats-unis-col.html"
"Malijet (ML)";"FR";"2026-09-24";"AES : les ministres des Affaires étrangères échangent avec le président burundais";"https://malijet.com/actualite-sur-aes/311994-aes-les-ministres-des-affaires-etrangeres-echangent-avec-l.html"
"Malijet (ML)";"FR";"2026-09-24";"Uranium : Le Niger signe un nouvel accord avec l’Australien Atomic Eagle pour le projet Madaouela 1";"https://malijet.com/actualite_economique_du_mali/311991-uranium-le-niger-signe-un-nouvel-accord-avec-laustralien.html"
"Malijet (ML)";"FR";"2026-09-24";"Coopération régionale : Le Mali, le Nigeria et le Ghana consolident leurs liens à New York";"https://malijet.com/actualite-politique-au-mali/311989-cooperation-regionale-le-mali-le-nigeria-et-le-ghana-cons.html"
"Malijet (ML)";"FR";"2026-09-24";"Police nationale : EUCAP renforce les compétences des formateurs";"https://malijet.com/actualite-politique-au-mali/311987-police-nationale-eucap-renforce-les-competences-des-format.html"
"Malijet (ML)";"FR";"2026-09-24";"Niger : un cadre renforcé pour le transport physique de fonds afin de lutter contre le financement du terrorisme";"https://malijet.com/actualite-sur-afrique/311986-niger-un-cadre-renforce-pour-le-transport-physique-de-fond.html"
"Malijet (ML)";"FR";"2026-09-24";"Voir tout →";"https://malijet.com/actualite-politique-au-mali"
"Malijet (ML)";"FR";"2026-09-24";"Droits de l’Homme : La CNDH et le HCDH des Nations Unies réaffirment leur partenariat pour la protection des droits au Mali";"https://malijet.com/actualite-politique-au-mali/311967-droits-de-lhomme-la-cndh-et-le-hcdh-des-nations-unies-rea.html"
"Malijet (ML)";"FR";"2026-09-24";"Voir tout →";"https://malijet.com/actualite_economique_du_mali"
"Malijet (ML)";"FR";"2026-09-24";"Forum Unstoppable Africa 2026 : « Investissons chez nous », le plaidoyer vibrant pour l’avenir du continent";"https://malijet.com/actualite_economique_du_mali/311984-forum-unstoppable-africa-2026-investissons-chez-nous.html"
"Malijet (ML)";"FR";"2026-09-24";"BAD et GCERF : Un partenariat renforcé pour la résilience des communautés en Afrique";"https://malijet.com/actualite_economique_du_mali/311983-bad-et-gcerf-un-partenariat-renforce-pour-la-resilience-de.html"
"Malijet (ML)";"FR";"2026-09-24";"Voir tout →";"https://malijet.com/actualite_sportive_au_mali"
"Malijet (ML)";"FR";"2026-09-24";"Football : Koulikoroba I sacré champion de la 1ère édition de Pétro Bama Vacances Foot";"https://malijet.com/actualite_sportive_au_mali/311939-football-koulikoroba-i-sacre-champion-de-la-1ere-edition-d.html"
"Malijet (ML)";"FR";"2026-09-24";"Football : Deux forfaits dans la liste d’Anthony Da Silva";"https://malijet.com/actualite_sportive_au_mali/311934-football-deux-forfaits-dans-la-liste-danthony-da-silva.html"
"Malijet (ML)";"FR";"2026-09-24";"Lions du Sénégal : Patrick Vieira expose son projet de quatre ans à la ministre des sports";"https://malijet.com/actualite_sportive_au_mali/311925-lions-du-senegal-patrick-vieira-expose-son-projet-de-quatr.html"
"Malijet (ML)";"FR";"2026-09-24";"Stade Malien : Sghir Hammadi limogé après l’élimination en Ligue des Champions";"https://malijet.com/actualite_sportive_au_mali/311904-stade-malien-sghir-hammadi-limoge-apres-lelimination-en-l.html"
"Malijet (ML)";"FR";"2026-09-24";"Voir tout →";"https://malijet.com/actualite_internationale"
"Malijet (ML)";"FR";"2026-09-24";"ONU : António Guterres appelle à l'unité face à un monde « fracturé »";"https://malijet.com/actualite_internationale/311978-onu-antonio-guterres-appelle-a-lunite-face-a-un-monde-f.html"
"Malijet (ML)";"FR";"2026-09-24";"Réunion de la direction du PCC pour étudier des questions importantes relatives à l'autogouvernance du Parti et fixer les dates du prochain plénum du Parti";"https://malijet.com/actualite_internationale/311970-reunion-de-la-direction-du-pcc-pour-etudier-des-questions-im.html"
"Malijet (ML)";"FR";"2026-09-24";"Gambie : Les États-Unis restituent 2,5 millions de dollars saisis à l’ancien président Yahya Jammeh";"https://malijet.com/actualite_internationale/311964-gambie-les-etats-unis-restituent-25-millions-de-dollars-s.html"
"Malijet (ML)";"FR";"2026-09-24";"Voir tout →";"https://malijet.com/actualite-sur-aes"
"Malijet (ML)";"FR";"2026-09-24";"ONU : La Confédération des États du Sahel (AES) s'offre une voix unifiée à New York";"https://malijet.com/actualite-sur-aes/311969-onu-la-confederation-des-etats-du-sahel-aes-soffre-une.html"
"Malijet (ML)";"FR";"2026-09-24";"Diplomatie : Le Mali et le Niger renforcent leur coordination au sein de l’AES à Riyad";"https://malijet.com/actualite-sur-aes/311901-diplomatie-le-mali-et-le-niger-renforcent-leur-coordinatio.html"
"Malijet (ML)";"FR";"2026-09-24";"Niger : un cadre renforcé pour le transport physique de fonds afin de lutter contre le financement du terrorisme
                                        il y a 21 heures";"https://malijet.com/actualite-sur-afrique/311986-niger-un-cadre-renforce-pour-le-transport-physique-de-fond.html"
"Malijet (ML)";"FR";"2026-09-24";"Kenya : deux morts après le crash d’un avion lors d’un vol d’entraînement
                                        il y a 2 jours";"https://malijet.com/actualite-sur-afrique/311956-kenya-deux-morts-apres-le-crash-dun-avion-lors-dun-vol-d.html"
"Malijet (ML)";"FR";"2026-09-24";"Pluies intenses à Dakar : des inondations signalées dans plusieurs quartiers
                                        il y a 2 jours";"https://malijet.com/actualite-sur-afrique/311953-pluies-intenses-a-dakar-des-inondations-signalees-dans-plu.html"
"Malijet (ML)";"FR";"2026-09-24";"CEDEAO : Le président de la Commission, le général Birame Diop, expose ses priorités devant les représentants permanents
                                        il y a 2 jours";"https://malijet.com/actualite-sur-afrique/311948-cedeao-le-president-de-la-commission-le-general-birame-di.html"
"Malijet (ML)";"FR";"2026-09-24";"Halima Dangote explique pourquoi elle et ses frères et sœurs ne se vantent pas de leur richesse
                                        il y a 3 jours";"https://malijet.com/actualite-sur-afrique/311936-halima-dangote-explique-pourquoi-elle-et-ses-freres-et-soeurs.html"
"Malijet (ML)";"FR";"2026-09-24";"Le Président de la République du Bénin, Romuald Wadagni, poursuit sa visite de travail en République du Congo.
                                        il y a 5 jours";"https://malijet.com/actualite-sur-afrique/311911-le-president-de-la-republique-du-benin-romuald-wadagni-pou.html"
"Malijet (ML)";"FR";"2026-09-24";"Soudan : au moins 82 morts dans l’effondrement d’une mine d’or
                                        il y a 5 jours";"https://malijet.com/actualite-sur-afrique/311909-soudan-au-moins-82-morts-dans-leffondrement-dune-mine-d.html"
"Malijet (ML)";"FR";"2026-09-24";"Dangote révèle l’erreur commerciale qui lui a coûté des milliards il y a 30 ans
                                        il y a 5 jours";"https://malijet.com/actualite-sur-afrique/311908-dangote-revele-lerreur-commerciale-qui-lui-a-coute-des-mill.html"
"Malijet (ML)";"FR";"2026-09-24";"Médias : La HAC de Guinée interdit la diffusion de France 24 sur tout le territoire national
                                        il y a 6 jours";"https://malijet.com/actualite-sur-afrique/311885-medias-la-hac-de-guinee-interdit-la-diffusion-de-france-24.html"
"Malijet (ML)";"FR";"2026-09-24";"Soudan-Niger : Le général al-Burhan et le président Tiani conviennent de renforcer leur coopération sécuritaire et politique
                                        il y a 1 semaine";"https://malijet.com/actualite-sur-afrique/311876-soudan-niger-le-general-al-burhan-et-le-president-tiani-co.html"
"Malijet (ML)";"FR";"2026-09-24";"ONU : António Guterres appelle à l'unité face à un monde « fracturé »
                                        il y a 1 jour";"https://malijet.com/actualite_internationale/311978-onu-antonio-guterres-appelle-a-lunite-face-a-un-monde-f.html"
"Malijet (ML)";"FR";"2026-09-24";"Réunion de la direction du PCC pour étudier des questions importantes relatives à l'autogouvernance du Parti et fixer les dates du prochain plénum du Parti
                                        il y a 1 jour";"https://malijet.com/actualite_internationale/311970-reunion-de-la-direction-du-pcc-pour-etudier-des-questions-im.html"
"Malijet (ML)";"FR";"2026-09-24";"Gambie : Les États-Unis restituent 2,5 millions de dollars saisis à l’ancien président Yahya Jammeh
                                        il y a 2 jours";"https://malijet.com/actualite_internationale/311964-gambie-les-etats-unis-restituent-25-millions-de-dollars-s.html"
"Malijet (ML)";"FR";"2026-09-24";"L'Initiative pour la gouvernance mondiale : une nouvelle voie pour un multilatéralisme fécond
                                        il y a 2 jours";"https://malijet.com/actualite_internationale/311944-linitiative-pour-la-gouvernance-mondiale-une-nouvelle-voi.html"
"Malijet (ML)";"FR";"2026-09-24";"Sénégal-Émirats arabes unis : le président Faye et le cheikh Mohammed ben Zayed renforcent leur partenariat stratégique
                                        il y a 1 semaine";"https://malijet.com/actualite_internationale/311881-senegal-emirats-arabes-unis-le-president-faye-et-le-cheikh.html"
"Malijet (ML)";"FR";"2026-09-24";"Deux militaires russes de retour au pays après 755 jours de détention
                                        il y a 1 semaine";"https://malijet.com/actualite_internationale/311847-deux-militaires-russes-de-retour-au-pays-apres-755-jours-de.html"
"Malijet (ML)";"FR";"2026-09-24";"Guerre en Iran: le Pentagone contredit Trump et reconnaît une pénurie de munitions
                                        il y a 1 semaine";"https://malijet.com/actualite_internationale/311838-guerre-en-iran-le-pentagone-contredit-trump-et-reconnait-un.html"
"Malijet (ML)";"FR";"2026-09-24";"Xi Jinping affirme que les pays des BRICS devraient jouer un rôle de pionniers en matière d'amélioration de la gouvernance mondiale
                                        il y a 1 semaine";"https://malijet.com/actualite_internationale/311799-xi-jinping-affirme-que-les-pays-des-brics-devraient-jouer-un.html"
"Malijet (ML)";"FR";"2026-09-24";"L’Algérie va fermer son espace aérien aux aéronefs immatriculés aux Émirats après la rupture des relations diplomatiques
                                        il y a 1 semaine";"https://malijet.com/actualite_internationale/311784-lalgerie-va-fermer-son-espace-aerien-aux-aeronefs-immatricu.html"
"Malijet (ML)";"FR";"2026-09-24";"CGTN Sondage | Pourquoi la « solution de l'OCS » pour la gouvernance mondiale suscite-t-elle une large attention ?
                                        il y a 2 semaines";"https://malijet.com/actualite_internationale/311750-cgtn-sondage-pourquoi-la-solution-de-locs-pour-la-gou.html"
"Malijet (ML)";"FR";"2026-09-24";"Économie";"https://malijet.com/actualite_economique_du_mali"
