"Source";"Language";"Date";"Title";"URL"
"VRT NWS (EN)";"EN";"2026-09-13";"Zo download je een podcast via VRT MAX";"https://www.vrt.be/vrtmax/artikels/2025/10/22/hoe-download-ik-een-podcast/"
"VRT NWS (EN)";"EN";"2026-09-13";"Chris Lomme trekt met voorstelling naar woonzorgcentra: ""Iedereen wil oud worden, maar niemand wil oud zijn""";"https://www.vrt.be/vrtnws/nl/2026/09/09/touche-chris-lomme-geen-oude-vrouwtjes-woonzorgcentra/?utm_source=corporate&utm_medium=referral&utm_campaign=rssfeed&utm_content=vrt-nws"
"VRT NWS (EN)";"EN";"2026-09-13";"Appartement van Oekraïense tennisster Dajana Jastremska volledig verwoest door Russische raketaanval";"https://www.vrt.be/vrtnws/nl/2026/09/13/okeraine-appartement-tennisster-vernield/?utm_source=corporate&utm_medium=referral&utm_campaign=rssfeed&utm_content=vrt-nws"
"VRT NWS (EN)";"EN";"2026-09-13";"Tachtiger verdacht van vandalisme in Bokrijk: man zou ontevreden zijn met moderne koers van museum";"https://www.vrt.be/vrtnws/nl/2026/09/13/bokrijk-genk-verdachte-vandalisme/?utm_source=corporate&utm_medium=referral&utm_campaign=rssfeed&utm_content=vrt-nws"
"VRT NWS (EN)";"EN";"2026-09-13";"Topman cosmeticabedrijf Nivea waarschuwt: ""We willen niet de volgende auto-industrie worden""";"https://www.vrt.be/vrtnws/nl/2026/09/13/topman-nivea-waarschuwt-willen-niet-volgende-auto-industrie-wo/?utm_source=corporate&utm_medium=referral&utm_campaign=rssfeed&utm_content=vrt-nws"
"VRT NWS (EN)";"EN";"2026-09-13";"Bosbrand op Kroatisch eiland Brač bedreigt woningen";"https://www.vrt.be/vrtnws/nl/2026/09/13/bosbrand-op-kroatisch-eiland-brac/?utm_source=corporate&utm_medium=referral&utm_campaign=rssfeed&utm_content=vrt-nws"
"VRT NWS (EN)";"EN";"2026-09-13";"Grote brand verwoest voormalige Westorama-loods in Oostrozebeke";"https://www.vrt.be/vrtnws/nl/2026/09/13/oostrozebeke-brand-westorama/?utm_source=corporate&utm_medium=referral&utm_campaign=rssfeed&utm_content=vrt-nws"
"VRT NWS (EN)";"EN";"2026-09-13";"Heidebrand door vuurwerk tijdens vliegshow in Hechtel-Eksel, burgemeester: ""We vonden dit verantwoord""";"https://www.vrt.be/vrtnws/nl/2026/09/12/leopoldburg-branden-airshow/?utm_source=corporate&utm_medium=referral&utm_campaign=rssfeed&utm_content=vrt-nws"
"VRT NWS (EN)";"EN";"2026-09-13";"Rika Ponnet beantwoordt vraag van Louise: ""Kan ik bevriend zijn met een antivaxer, ondanks onze verschillende standpunten?""";"https://www.vrt.be/vrtnws/nl/2026/09/10/rika-ponnet-relatietips-vriendschap-waarden-antivaxer/?utm_source=corporate&utm_medium=referral&utm_campaign=rssfeed&utm_content=vrt-nws"
"VRT NWS (EN)";"EN";"2026-09-13";"Mag radicaal-rechts na 4 jaar gedoogsteun nu ook ministers leveren of krijgt Zweden opnieuw een linkse regering?";"https://www.vrt.be/vrtnws/nl/2026/09/11/zweden-parlementsverkiezingen-voorbeschouwing/?utm_source=corporate&utm_medium=referral&utm_campaign=rssfeed&utm_content=vrt-nws"
"VRT NWS (EN)";"EN";"2026-09-13";"Het rode spook: de opmerkelijke opmars van socialisme in de VS";"https://www.vrt.be/vrtnws/nl/2026/09/04/het-rode-spook-de-opmerkelijke-opmars-van-socialisme-in-de-vs/?utm_source=corporate&utm_medium=referral&utm_campaign=rssfeed&utm_content=vrt-nws"
"VRT NWS (EN)";"EN";"2026-09-13";"Van brandtoren tot schuilkelder op Open Monumentendag";"https://www.vrt.be/vrtnws/nl/2026/09/10/kortrijk-deelfabriek-brandweerkazerne-open-monumentendag/?utm_source=corporate&utm_medium=referral&utm_campaign=rssfeed&utm_content=vrt-nws"
"VRT NWS (EN)";"EN";"2026-09-13";"30e herdenking van dood van prinses Diana is pas voor volgende zomer, maar geldmachine draait nu al";"https://www.vrt.be/vrtnws/nl/2026/09/11/diana-in-2027-30-jaar-dood-hoe-de-herdenkingen-of-het-commerci/?utm_source=corporate&utm_medium=referral&utm_campaign=rssfeed&utm_content=vrt-nws"
"VRT NWS (EN)";"EN";"2026-09-13";"Tweede dag op rij drone waargenomen nabij Brussels Airport";"https://www.vrt.be/vrtnws/nl/2026/09/12/tweede-dag-op-rij-drone-waargenomen-boven-brussels-airport/?utm_source=corporate&utm_medium=referral&utm_campaign=rssfeed&utm_content=vrt-nws"
"VRT NWS (EN)";"EN";"2026-09-13";"Zichtbaar ontroerde Céline Dion maakt comeback in Parijs: ""Weg was hobbeliger dan verwacht""";"https://www.vrt.be/vrtnws/nl/2026/09/12/celine-dion-maakt-comeback/?utm_source=corporate&utm_medium=referral&utm_campaign=rssfeed&utm_content=vrt-nws"
"VRT NWS (EN)";"EN";"2026-09-13";"Gouden Leeuw voor 'Woman Unknown' van regisseur May el-Toukhy, pas 8e vrouwelijke winnares";"https://www.vrt.be/vrtnws/nl/2026/09/12/gouden-leeuw-naar-deense-regisseur-may-el-toukhy-voor-women-unk/?utm_source=corporate&utm_medium=referral&utm_campaign=rssfeed&utm_content=vrt-nws"
"VRT NWS (EN)";"EN";"2026-09-13";"3 mensen naar ziekenhuis bij uitslaande brand in Wuustwezel";"https://www.vrt.be/vrtnws/nl/2026/09/12/brand-wuustwezel/?utm_source=corporate&utm_medium=referral&utm_campaign=rssfeed&utm_content=vrt-nws"
"VRT NWS (EN)";"EN";"2026-09-13";"Dieven bespuiten festivalgangers Voodoo Village met irriterende spray en slaan dan toe";"https://www.vrt.be/vrtnws/nl/2026/09/12/grimbergen-voodoo-village-diefstal-spray-irritatie-gewond/?utm_source=corporate&utm_medium=referral&utm_campaign=rssfeed&utm_content=vrt-nws"
"VRT NWS (EN)";"EN";"2026-09-13";"Na valse bommelding op Gentse school: 15-jarige moet naar gesloten instelling";"https://www.vrt.be/vrtnws/nl/2026/09/12/tweede-minderjarige-verhoord-bommelding-gentse-school/?utm_source=corporate&utm_medium=referral&utm_campaign=rssfeed&utm_content=vrt-nws"
"VRT NWS (EN)";"EN";"2026-09-13";"Ze gingen uit elkaar na aankoop bouwgrond, nu zijn ze beste vrienden: Niels Destadsbader schrijft nummer voor ex";"https://www.vrt.be/vrtnws/nl/2026/09/12/niels-destadsbader-schrijft-nummer-voor-ex-nele/?utm_source=corporate&utm_medium=referral&utm_campaign=rssfeed&utm_content=vrt-nws"
"VRT NWS (EN)";"EN";"2026-09-13";"""Bin Laden is vastberaden om toe te slaan in de VS"": CIA geeft geheime briefings aan president in jaren voor 9/11 vrij";"https://www.vrt.be/vrtnws/nl/2026/09/12/vs-cia-geheime-documenten-over-al-qaeda/?utm_source=corporate&utm_medium=referral&utm_campaign=rssfeed&utm_content=vrt-nws"
"VRT NWS (EN)";"EN";"2026-09-13";"Na 5 mogelijke besmettingen in Vlaanderen: wat is het westnijlvirus en hoe gevaarlijk is het voor de mens?";"https://www.vrt.be/vrtnws/nl/2026/08/22/wat-is-het-westnijlvirus/?utm_source=corporate&utm_medium=referral&utm_campaign=rssfeed&utm_content=vrt-nws"
"VRT NWS (EN)";"EN";"2026-09-13";"ETF's winnen aan populariteit bij Belgische beleggers: zo werkt 'hangmatbeleggen'";"https://www.vrt.be/vrtnws/nl/2026/09/09/wat-zijn-etf-s-en-hoe-ga-je-ermee-aan-de-slag/?utm_source=corporate&utm_medium=referral&utm_campaign=rssfeed&utm_content=vrt-nws"
"VRT NWS (EN)";"EN";"2026-09-13";"Van superspaarder naar superbelegger? Belgen beleggen nu meer dan dat ze sparen";"https://www.vrt.be/vrtnws/nl/2026/09/09/van-superspaarder-naar-superbelegger-belgen-beleggen-nu-meer-da/?utm_source=corporate&utm_medium=referral&utm_campaign=rssfeed&utm_content=vrt-nws"
"VRT NWS (EN)";"EN";"2026-09-13";"""Vorm van discriminatie"": jullie reageren massaal op de discussie over salariswagens";"https://www.vrt.be/vrtnws/nl/2026/09/08/massaal-reacties-salariswagen/?utm_source=corporate&utm_medium=referral&utm_campaign=rssfeed&utm_content=vrt-nws"
"VRT NWS (EN)";"EN";"2026-09-13";"Zou jij slagen voor PISA? Test je kennis met deze 10 vragen";"https://www.vrt.be/vrtnws/nl/2026/09/08/zou-jij-slagen-voor-pisa-test-je-kennis-met-deze-10-vragen/?utm_source=corporate&utm_medium=referral&utm_campaign=rssfeed&utm_content=vrt-nws"
"VRT NWS (EN)";"EN";"2026-09-13";"Bijna 1 op de 3 jongeren haalt basisniveau lezen niet: ontdek hier de PISA-resultaten voor Vlaanderen";"https://www.vrt.be/vrtnws/nl/2026/09/07/nieuw-pisa-onderzoek-bevestigt-dalende-trend-voor-wiskunde-en-le/?utm_source=corporate&utm_medium=referral&utm_campaign=rssfeed&utm_content=vrt-nws"
"VRT NWS (EN)";"EN";"2026-09-13";"Nieuwe verpakking Coca-Cola Zero lijkt sterk op klassieke Coca-Cola en dat is geen toeval";"https://www.vrt.be/vrtnws/nl/2026/09/07/nieuwe-verpakking-coca-cola-zero-frustratie-diabetes/?utm_source=corporate&utm_medium=referral&utm_campaign=rssfeed&utm_content=vrt-nws"
"VRT NWS (EN)";"EN";"2026-09-13";"Wat is postpartumpsychose? De zeldzame aandoening die centraal staat in de zaak-Lindsay Clancy";"https://www.vrt.be/vrtnws/nl/2026/09/05/lindsay-clancy-postpartumpsychose/?utm_source=corporate&utm_medium=referral&utm_campaign=rssfeed&utm_content=vrt-nws"
"VRT NWS (EN)";"EN";"2026-09-13";"50 jaar geleden werd 'Dancing Queen' van ABBA nummer 1 in België: ""Weinig nummers grijpen je zo vanaf de eerste seconde""";"https://www.vrt.be/vrtnws/nl/2026/09/03/50-jaar-geleden-dancing-queen-van-abba-hitlijsten/?utm_source=corporate&utm_medium=referral&utm_campaign=rssfeed&utm_content=vrt-nws"
"VRT NWS (EN)";"EN";"2026-09-13";"Oekraïense momentum lijkt voorbij: ""Rusland probeert leven van Oekraïners echt miserabel te maken""";"https://www.vrt.be/vrtnws/nl/2026/09/02/oorlog-rusland-oekraine-vladymyr-poetin-volodymyr-zelensky-balli/?utm_source=corporate&utm_medium=referral&utm_campaign=rssfeed&utm_content=vrt-nws"
"VRT NWS (EN)";"EN";"2026-09-13";"Help, de gasprijzen blijven stijgen: heeft het zin om nog van contract te veranderen?";"https://www.vrt.be/vrtnws/nl/2026/09/02/gasprijzen-blijven-stijgen-heeft-het-zin-om-nog-van-contract-te/?utm_source=corporate&utm_medium=referral&utm_campaign=rssfeed&utm_content=vrt-nws"
"VRT NWS (EN)";"EN";"2026-09-13";"Zware tol na val in Frankrijk: Urska Zigart ziet WK en seizoen zo goed als zeker in rook opgaan door nieuwe kaakbreuk";"https://sporza.be/nl/2026/09/13/zware-tol-na-val-in-frankrijk-urska-zigart-ziet-wk-en-seizoen-zo-goed-als-zeker-in-rook-opgaan-door-nieuwe-kaakbreuk~1789289290680/"
"VRT NWS (EN)";"EN";"2026-09-13";"Met verschroeiende halve marathon knalt Jelle Geens naar brons op WK halve Ironman, wereldtitel voor Hayden Wilde";"https://sporza.be/nl/2026/09/13/met-verschroeiende-halve-marathon-knalt-jelle-geens-naar-brons-op-wk-halve-ironman-wereldtitel-voor-hayden-wilde~1789286798556/"
"VRT NWS (EN)";"EN";"2026-09-13";"Liam Everts wordt 3e in MX2 in China, Sacha Coenen van zijn motor geslingerd";"https://sporza.be/nl/2026/09/13/liam-everts-wordt-3e-in-mx2-in-china-sacha-coenen-van-zijn-motor-geslingerd~1789287206347/"
"VRT NWS (EN)";"EN";"2026-09-13";"Aryna Sabalenka slaat racket aan diggelen na 5e verloren grandslamfinale: ""Even stoom afblazen""";"https://sporza.be/nl/2026/09/13/aryna-sabalenka-slaat-racket-aan-diggelen-na-5e-verloren-grandsl~1789283028037/"
"VRT NWS (EN)";"EN";"2026-09-13";"Nog extra kopzorgen voor Union? Kevin Mac Allister moet naar de kant met knieblessure ""die er niet goed uitziet""";"https://sporza.be/nl/2026/09/13/nog-extra-kopzorgen-voor-union-kevin-mac-allister-moet-naar-de-kant-met-knieblessure-die-er-niet-goed-uitziet~1789253720892/"
"VRT NWS (EN)";"EN";"2026-09-13";"LIVE (16.20u): In de Tour lukte het al eens ... slaat Wout van Aert ook toe in slotrit van Vuelta?";"https://sporza.be/nl/matches/wielrennen/vuelta-a-espana/2026/vuelta-a-espana-2026-rit-21-live-1620u-in-de-tour-lukte-het-al-eens-slaat-wout-van-aert-ook-toe-in-slotrit-van-vuelta~1759432501462/"
"VRT NWS (EN)";"EN";"2026-09-13";"""Milaan is nog ver"": Red Dragons wijzen Belgische pijnpunten aan in match die alle records brak in Finland";"https://sporza.be/nl/2026/09/12/-milaan-is-nog-ver-red-dragons-wijzen-belgische-pijnpunten-aan-in-match-die-alle-records-brak-in-finland~1789245585947/"
"VRT NWS (EN)";"EN";"2026-09-13";"""Ze willen geen goedkope strafschoppen, maar..."": OH Leuven baalt na late domper ""die ons goed bij onze kl*ten heeft""";"https://sporza.be/nl/2026/09/12/-ze-willen-geen-goedkope-strafschoppen-maar-oh-leuven-baalt-na-late-domper-die-ons-goed-bij-onze-kl-ten-heeft~1789246759110/"
"VRT NWS (EN)";"EN";"2026-09-13";"Karl en José maken balans op van de Ronde van Spanje: ""Ondanks het uitvallen van Pogacar mooie Vuelta geweest""";"https://sporza.be/nl/2026/09/12/karl-en-jose-maken-balans-op-van-de-ronde-van-spanje-ondanks-het-uitvallen-van-pogacar-mooie-vuelta-geweest~1789233359758/"
"VRT NWS (EN)";"EN";"2026-09-13";"""Het is ook geen circus"": renners pleiten voor neutralisatie van ""gevaarlijke"" slotrit, organisatie plooit (nog?) niet";"https://sporza.be/nl/2026/09/12/-het-is-ook-geen-circus-renners-pleiten-voor-neutralisatie-van-gevaarlijke-slotrit-organisatie-plooit-nog-niet~1789235538316/"
"VRT NWS (EN)";"EN";"2026-09-13";"Hem meenemen was ""een risico"", nu zorgt Landa voor gedroomd adieu bij Soudal-Quick Step: ""We kunnen gelukkig naar huis""";"https://sporza.be/nl/2026/09/12/hem-meenemen-was-een-risico-nu-zorgt-landa-voor-gedroomd-adieu-bij-soudal-quick-step-we-kunnen-gelukkig-naar-huis~1789236639420/"
"VRT NWS (EN)";"EN";"2026-09-13";"Mikel Landa herleeft helemaal met krachttoer in de Vuelta, Mas toont toch nog moeilijk momentje op weg naar eindzege";"https://sporza.be/nl/matches/wielrennen/vuelta-a-espana/2026/vuelta-a-espana-2026-rit-20-mikel-landa-herleeft-helemaal-met-krachttoer-in-de-vuelta-mas-toont-toch-nog-moeilijk-momentje-op-weg-naar-eindzege~1759432502311/"
"VRT NWS (EN)";"EN";"2026-09-13";"""Ik heb het allemaal zelf moeten doen"": Ramses Debruyne verbluft na lange inhaaljacht opnieuw met derde plek in Vuelta";"https://sporza.be/nl/2026/09/12/-ik-heb-het-allemaal-zelf-moeten-doen-ramses-debruyne-verbluft-na-lange-inhaaljacht-opnieuw-met-derde-plek-in-vuelta~1789235308536/"
"VRT NWS (EN)";"EN";"2026-09-13";"Nu al dé misser van het jaar? Ex-Anderlecht-spits Luis Vázquez gaat viraal met onbegrijpelijke flater vanaf één meter";"https://sporza.be/nl/2026/09/12/nu-al-de-misser-van-het-jaar-ex-anderlecht-spits-luis-vazquez-gaat-viraal-met-onbegrijpelijke-flater-vanaf-een-meter~1789233544061/"
"VRT NWS (EN)";"EN";"2026-09-13";"Opgaves in de Vuelta: Eddie Dunbar haalt daags na zijn ritzege de finish niet";"https://sporza.be/nl/2026/08/23/opgaves-in-de-vuelta-eddie-dunbar-haalt-daags-na-zijn-ritzege-de-finish-niet~1787495760331/"
"VRT NWS (EN)";"EN";"2026-09-13";"""Eerste keer in mijn leven dat ik me zó voel"": Enric Mas moet tranen bedwingen wanneer besef van Vuelta-eindzege binnensijpelt";"https://sporza.be/nl/2026/09/12/-eerste-keer-in-mijn-leven-dat-ik-me-zo-voel-enric-mas-moet-tranen-bedwingen-wanneer-besef-van-vuelta-eindzege-binnensijpelt~1789229389015/"
"VRT NWS (EN)";"EN";"2026-09-13";"Wout van Aert zeker van het groen, Gall doet Roglic nog bibberen op het podium: dit zijn alle klassementen in de Vuelta";"https://sporza.be/nl/2026/09/10/wout-van-aert-zeker-van-het-groen-gall-doet-roglic-nog-bibberen-op-het-podium-dit-zijn-alle-klassementen-in-de-vuelta~1789053809936/"
"RTBF Actus (FR)";"FR";"2026-09-13";"99% des départs de feux en forêt sont provoqués par l’humain";"/article/us-open-elena-rybakina-nouvelle-reine-de-new-york-et-du-circuit-11784380"
"RTBF Actus (FR)";"FR";"2026-09-13";"La filière locale est-elle l'avenir de l'agriculture familiale";"/article/je-suis-tellement-ravie-de-vous-voir-retour-sur-le-premier-concert-parisien-de-celine-dion-apres-six-ans-d-absence-11784398"
"RTBF Actus (FR)";"FR";"2026-09-13";"""A la française"", le dernier album d'Ibrahim Maalouf et Hiba Tawaji";"/article/brussels-airport-zaventem-un-drone-detecte-pour-le-deuxieme-soir-consecutif-au-dessus-de-l-aeroport-aucune-perturbation-du-trafic-11784356"
"RTBF Actus (FR)";"FR";"2026-09-13";"Les joueurs sont paranos avec l'IA ?";"/article/motogp-saint-marin-suivez-les-courses-sur-le-trace-de-misano-direct-video-10h50-11783115"
"RTBF Actus (FR)";"FR";"2026-09-13";"Comment on fait pour remplir sa déclaration d'impôt ?";"/article/le-top-des-bonnes-nouvelles-de-la-semaine-5-infos-stimulantes-pour-positiver-11784116"
"RTBF Actus (FR)";"FR";"2026-09-13";"Hep Taxi ! avec Jamel Debbouze";"/article/le-top-des-bonnes-nouvelles-de-la-semaine-5-infos-stimulantes-pour-positiver-11784116"
"RTBF Actus (FR)";"FR";"2026-09-13";"Découvrez les secrets d’Agatha Christie : une vie d’aventures, bien au-delà de ses romans";"/article/guerre-en-ukraine-l-appartement-de-la-tenniswoman-yastremska-detruit-par-un-missile-russe-a-odessa-11784412"
"RTBF Actus (FR)";"FR";"2026-09-13";"Pourquoi les Belges ont fui en 1940 ?";"/article/feux-de-foret-en-croatie-sur-une-ile-de-brac-alerte-activee-par-rapport-a-un-incendie-qui-a-deja-ravage-3-000-hectares-11784378"
"RTBF Actus (FR)";"FR";"2026-09-13";"Micro-Sillon avec Walter De Paduwa";"/article/la-soiree-de-l-union-gachee-par-la-blessure-au-genou-de-kevin-mac-allister-je-pense-que-c-est-assez-grave-soupire-david-hubert-11784342"
"RTBF Actus (FR)";"FR";"2026-09-13";"Ukraine: au coeur d'une attaque de drones russes";"/article/apiculture-en-milieu-carceral-les-lecons-de-vie-d-hafid-et-ses-abeilles-11783676"
"RTBF Actus (FR)";"FR";"2026-09-13";"Ibrahim Maalouf raconte l'invention de son père qui a révolutionné la trompette";"/article/interdiction-des-produits-issus-de-colonies-israeliennes-pourquoi-l-union-europeenne-peine-a-parler-d-une-seule-voix-11784081"
"RTBF Actus (FR)";"FR";"2026-09-13";"24h en immersion à l’aéroport de Charleroi";"/article/interdiction-des-produits-issus-de-colonies-israeliennes-pourquoi-l-union-europeenne-peine-a-parler-d-une-seule-voix-11784081"
"RTBF Actus (FR)";"FR";"2026-09-13";"US Open : Elena Rybakina nouvelle reine de New York et du circuit";"/article/suede-scrutin-a-suspense-ce-dimanche-pour-les-legislatives-qui-pourraient-voir-le-retour-de-la-gauche-ou-une-arrivee-fracassante-de-l-extreme-droite-au-pouvoir-11784392"
"RTBF Actus (FR)";"FR";"2026-09-13";"""Je suis tellement ravie de vous voir"" : retour sur le premier concert parisien de Céline Dion après six ans d’absence";"/article/france-deux-jours-de-greve-a-radio-france-contre-l-arrivee-sur-antenne-de-charles-sapin-un-responsable-de-valeurs-actuelles-11784395"
"RTBF Actus (FR)";"FR";"2026-09-13";"Brussels airport (Zaventem) : un drone détecté pour le deuxième soir consécutif au-dessus de l’aéroport, aucune perturbation du trafic";"/article/f1-madrid-ferrari-et-un-coup-a-jouer-pour-la-premiere-au-madring-le-depart-sera-primordial-11784184"
"RTBF Actus (FR)";"FR";"2026-09-13";"Direct vidéo - MotoGP Saint-Marin : suivez les courses sur le tracé de Misano";"/article/lancement-du-tiff-damso-suspend-sa-carriere-solo-bollore-dans-le-viseur-l-actu-culturelle-de-la-semaine-a-ne-pas-manquer-11783616"
"RTBF Actus (FR)";"FR";"2026-09-13";"Le top des bonnes nouvelles de la semaine : 5 infos stimulantes pour positiver";"/article/l-etre-humain-ne-pourra-probablement-jamais-vivre-plus-longtemps-que-194-ans-11783105"
"RTBF Actus (FR)";"FR";"2026-09-13";"Le top des bonnes nouvelles de la semaine : 5 infos stimulantes pour positiver";"/article/pourquoi-les-series-coreennes-preferent-suggerer-plutot-que-demontrer-11782922"
"RTBF Actus (FR)";"FR";"2026-09-13";"Guerre en Ukraine : l’appartement de la tenniswoman Yastremska détruit par un missile russe à Odessa";"/article/cartes-pokemon-la-nouvelle-monnaie-refuge-en-cas-de-fin-du-monde-11783723"
"RTBF Actus (FR)";"FR";"2026-09-13";"Feux de forêt en Croatie : sur l’île de Brac, alerte activée par rapport à un incendie qui a déjà ravagé 3500 hectares";"/article/ete-brulant-et-maintenant-la-rtbf-se-mobilise-le-14-septembre-pour-une-journee-speciale-consacree-a-notre-nouvelle-realite-climatique-11783125"
"RTBF Actus (FR)";"FR";"2026-09-13";"La soirée de l'Union gâchée par la blessure au genou de Kevin Mac Allister : ""Je pense que c'est assez grave"", soupire David Hubert";"/article/ici-le-monde-pologne-le-ghetto-de-varsovie-et-ses-fouilles-exceptionnelles-desormais-accessibles-au-public-11780140"
"RTBF Actus (FR)";"FR";"2026-09-13";"Apiculture en milieu carcéral : les leçons de vie d’Hafid et ses abeilles";"/article/ici-le-monde-pologne-le-ghetto-de-varsovie-et-ses-fouilles-exceptionnelles-desormais-accessibles-au-public-11780140"
"RTBF Actus (FR)";"FR";"2026-09-13";"Interdiction des produits issus de colonies israéliennes : pourquoi l’Union européenne peine à parler d’une seule voix ?";"/article/vincent-euvrard-decu-mais-serein-on-doit-se-remettre-en-question-mais-tout-n-est-pas-a-jeter-11784283"
"RTBF Actus (FR)";"FR";"2026-09-13";"Interdiction des produits issus de colonies israéliennes : pourquoi l’Union européenne peine à parler d’une seule voix ?";"/article/guerre-au-moyen-orient-l-iran-fait-etat-d-une-frappe-contre-un-de-ses-navires-commerciaux-dans-le-detroit-d-ormuz-11784397"
"RTBF Actus (FR)";"FR";"2026-09-13";"Suède : scrutin à suspense ce dimanche pour les législatives, qui pourraient voir le retour de la gauche ou une arrivée fracassante de l’extrême-droite au pouvoir";"/article/us-open-zverev-contre-shelton-une-finale-pour-changer-de-dimension-11784166"
"RTBF Actus (FR)";"FR";"2026-09-13";"France : deux jours de grève à Radio France contre l’arrivée sur antenne de Charles Sapin, un responsable de Valeurs actuelles";"/article/meteo-en-belgique-la-grisaille-et-les-pluies-s-etendront-sur-tout-le-pays-11784388"
"RTBF Actus (FR)";"FR";"2026-09-13";"F1 Madrid : Ferrari a-t-elle un coup à jouer pour la première au Madring ? ""Le départ sera primordial""";"/article/elena-rybakina-s-offre-l-us-open-et-detrone-une-aryna-sabalenka-a-bout-de-nerfs-11784360"
"RTBF Actus (FR)";"FR";"2026-09-13";"Lancement du TIFF, Damso suspend sa carrière solo et Bolloré dans le viseur : les 5 infos culturelles de la semaine";"/article/mostra-de-venise-le-palmares-complet-woman-unknown-de-may-el-toukhy-remporte-le-lion-d-or-du-meilleur-film-11784288"
"RTBF Actus (FR)";"FR";"2026-09-13";"L’être humain ne pourra probablement jamais vivre au-delà de 194 ans";"/article/celine-dion-fait-son-grand-retour-sur-scene-ce-samedi-la-fin-de-six-d-attente-pour-les-fans-11784145"
"RTBF Actus (FR)";"FR";"2026-09-13";"Pourquoi les séries coréennes préfèrent suggérer plutôt que démontrer";"/article/vuelta-2026-van-aert-et-buitrago-assurent-leurs-maillots-mas-n-a-plus-qu-a-conclure-les-classements-apres-la-20e-etape-11784198"
"RTBF Actus (FR)";"FR";"2026-09-13";"Cartes Pokémon : la nouvelle monnaie refuge en cas de fin du monde ?";"/article/france-deraillement-d-un-train-regional-en-seine-maritime-44-blesses-dont-un-grave-11783969"
"RTBF Actus (FR)";"FR";"2026-09-13";"""Été brûlant, et maintenant ?"" : la RTBF se mobilise le 14 septembre pour une journée spéciale consacrée à notre nouvelle réalité climatique";"/article/remco-evenepoel-seul-au-monde-la-statistique-etonnante-du-coureur-et-globe-trotteur-belge-11784069"
"RTBF Actus (FR)";"FR";"2026-09-13";"""Ici le monde"" - Pologne : le chantier des fouilles du ghetto de Varsovie désormais ouvert au public";"/article/la-soiree-de-l-union-gachee-par-la-blessure-au-genou-de-kevin-mac-allister-je-pense-que-c-est-assez-grave-soupire-david-hubert-11784342"
"RTBF Actus (FR)";"FR";"2026-09-13";"""Ici le monde"" - Pologne : le chantier des fouilles du ghetto de Varsovie désormais ouvert au public";"/article/vincent-euvrard-decu-mais-serein-on-doit-se-remettre-en-question-mais-tout-n-est-pas-a-jeter-11784283"
"RTBF Actus (FR)";"FR";"2026-09-13";"Vincent Euvrard déçu mais serein : ""On doit se remettre en question mais tout n’est pas à jeter""";"/article/l-union-saint-gilloise-plie-lommel-en-7-minutes-puis-lui-inflige-une-manita-11784312"
"RTBF Actus (FR)";"FR";"2026-09-13";"Guerre au Moyen-Orient : l'Iran fait état d'une frappe contre un de ses navires commerciaux dans le détroit d'Ormuz";"/article/pro-league-le-standard-perd-son-brevet-d-invincibilite-au-terme-d-une-defaite-dingue-a-westerlo-11784218"
"RTBF Actus (FR)";"FR";"2026-09-13";"US Open – Zverev contre Shelton, une finale pour changer de dimension";"/article/les-semaines-se-suivent-et-se-ressemblent-a-londres-arsenal-enchaine-tottenham-toujours-muet-11784317"
"RTBF Actus (FR)";"FR";"2026-09-13";"Météo en Belgique : la grisaille et les pluies s’étendront sur tout le pays";"/article/diego-moreira-signe-un-double-supersonique-et-reussit-une-entree-au-jeu-fracassante-avec-l-ac-milan-face-a-la-lazio-11784248"
"RTBF Actus (FR)";"FR";"2026-09-13";"Elena Rybakina s'offre l'US Open et détrône une Aryna Sabalenka à bout de nerfs";"/article/premier-league-chelsea-accroche-par-l-inarretable-hull-city-liverpool-pietine-11784207"
"RTBF Actus (FR)";"FR";"2026-09-13";"Mostra de Venise : le palmarès complet, ""Woman Unknown"" de May el-Toukhy remporte le Lion d’or du meilleur film";"/article/beveren-s-impose-2-0-face-a-saint-trond-et-reste-invaincu-a-domicile-11784201"
"RTBF Actus (FR)";"FR";"2026-09-13";"Céline Dion fait son grand retour sur scène, la fin de six ans d'attente pour les fans";"/article/un-sabotage-volontaire-la-decision-surprenante-de-mikel-arteta-a-arsenal-11784106"
"RTBF Actus (FR)";"FR";"2026-09-13";"Vuelta 2026 – van Aert et Buitrago assurent leurs maillots, Mas n’a plus qu’à conclure : les classements après la 20e étape";"/article/vuelta-2026-21e-etape-un-sacre-obstacle-pour-les-sprinteurs-lors-de-la-derniere-etape-direct-video-16h30-11771999"
"RTBF Actus (FR)";"FR";"2026-09-13";"Déraillement d’un train régional en Normandie : un morceau de rail présent sur la voie pourrait être à l’origine de l’accident";"/article/vuelta-2026-l-emotion-contagieuse-de-mikel-landa-touche-le-wolfpack-on-etait-tous-en-larmes-c-est-un-des-coureurs-les-plus-aimes-11784212"
"RTBF Actus (FR)";"FR";"2026-09-13";"Remco Evenepoel seul au monde : la statistique étonnante du coureur (et globe-trotteur) belge";"/article/vuelta-2026-le-labeur-de-van-aert-le-surplace-des-favoris-la-renaissance-de-landa-les-faits-marquants-de-la-20e-etape-11784114"
"RTBF Actus (FR)";"FR";"2026-09-13";"La soirée de l'Union gâchée par la blessure au genou de Kevin Mac Allister : ""Je pense que c'est assez grave"", soupire David Hubert";"/article/ambition-resultat-et-pointe-d-humour-remco-evenepoel-a-mis-le-switch-a-on-a-quebec-11784180"
"RTBF Actus (FR)";"FR";"2026-09-13";"Vincent Euvrard déçu mais serein : ""On doit se remettre en question mais tout n’est pas à jeter""";"/article/vuelta-2026-van-aert-et-buitrago-assurent-leurs-maillots-mas-n-a-plus-qu-a-conclure-les-classements-apres-la-20e-etape-11784198"
"RTBF Actus (FR)";"FR";"2026-09-13";"L’Union Saint-Gilloise plie Lommel en 7 minutes puis lui inflige une manita";"/article/vuelta-2026-20e-etape-le-ph-nix-mikel-landa-triomphe-au-sommet-de-collado-del-alguacil-enric-mas-pas-inquiete-11784173"
"RTBF Actus (FR)";"FR";"2026-09-13";"Pro League – Le Standard perd son brevet d’invincibilité au terme d’une défaite dingue à Westerlo";"/article/vuelta-2026-parcours-etapes-directs-video-et-resultats-notre-tableau-pour-ne-rien-manquer-du-tour-d-espagne-11771926"
"RTBF Actus (FR)";"FR";"2026-09-13";"Les semaines se suivent et se ressemblent à Londres : Arsenal enchaîne, Tottenham toujours muet";"/article/considere-comme-le-grand-favori-remco-evenepoel-a-marque-les-esprits-au-gp-de-quebec-en-vue-des-mondiaux-11784115"
"RTBF Actus (FR)";"FR";"2026-09-13";"Diego Moreira signe un doublé supersonique et réussit une entrée au jeu fracassante avec l’AC Milan face à la Lazio";"/article/mauvaise-nouvelle-pour-justine-ghekiere-fracture-de-la-rotule-et-fin-de-saison-pour-la-belge-11784095"
"RTBF Actus (FR)";"FR";"2026-09-13";"Premier League – Chelsea accroché par l’inarrêtable Hull City, Liverpool piétine";"/article/suivez-l-ultimate-championship-l-athletisme-qui-se-reinvente-en-direct-video-19h-11782483"
"RTBF Actus (FR)";"FR";"2026-09-13";"Beveren s'impose 2-0 face à Saint-Trond et reste invaincu à domicile";"/article/uitimate-championship-la-belgique-au-rendez-vous-avec-crestan-et-couckuyt-sur-la-2e-journee-un-chrono-canon-sur-400m-11784230"
"RTBF Actus (FR)";"FR";"2026-09-13";"Un sabotage volontaire : la décision surprenante de Mikel Arteta à Arsenal";"/article/ultimate-championship-jakob-ingebrigtsen-brille-sur-5-000-m-mondo-duplantis-a-la-perche-masai-russell-sur-les-haies-11783995"
"RTBF Actus (FR)";"FR";"2026-09-13";"Vuelta 2026, 21e étape : un sacré obstacle pour les sprinteurs lors de la dernière étape (Direct vidéo 16h10)";"/article/ultimate-championship-les-stars-attendues-et-les-duels-a-suivre-a-budapest-11782982"
"RTBF Actus (FR)";"FR";"2026-09-13";"Vuelta 2026 : l'émotion contagieuse de Mikel Landa touche le Wolfpack : ""On était tous en larmes, c'est un des coureurs les plus aimés""";"/article/28-epreuves-une-enveloppe-enorme-l-athletisme-s-offre-un-nouveau-championnat-les-ultimate-championships-11778864"
"RTBF Actus (FR)";"FR";"2026-09-13";"Vuelta 2026 – Le labeur de van Aert, le surplace des favoris, la renaissance de Landa : les faits marquants de la 20e étape";"/article/la-federation-flamande-d-athletisme-et-rutger-smith-se-separent-11783131"
"RTBF Actus (FR)";"FR";"2026-09-13";"Ambition, résultat et pointe d’humour : Remco Evenepoel a ""mis le switch à ON"" à Québec";"/article/eliott-crestan-pret-pour-les-ultimate-championships-pour-moi-c-est-l-equivalent-d-un-championnat-du-monde-11782573"
"RTBF Actus (FR)";"FR";"2026-09-13";"Vuelta 2026 – van Aert et Buitrago assurent leurs maillots, Mas n’a plus qu’à conclure : les classements après la 20e étape";"/article/il-y-a-tellement-de-concurrence-cachets-delirants-course-au-spectacle-wilfried-meert-met-en-garde-le-monde-de-l-athletisme-11777083"
"RTBF Actus (FR)";"FR";"2026-09-13";"Vuelta 2026, 20e étape : le phœnix Mikel Landa triomphe au sommet de Collado del Alguacil, Enric Mas pas inquiété";"/article/ultimate-championship-l-athletisme-a-beaucoup-a-apprendre-de-ce-nouveau-championnat-pour-son-avenir-11782419"
"RTBF Actus (FR)";"FR";"2026-09-13";"Vuelta 2026 : parcours, étapes, directs vidéo et résultats… Notre tableau pour ne rien manquer du Tour d'Espagne";"/article/brigade-anonyme-une-serie-inspiree-de-faits-reels-avec-eric-cantona-11384407"
"RTBF Actus (FR)";"FR";"2026-09-13";"""Considéré comme le grand favori"" : Remco Evenepoel a marqué les esprits au GP de Québec en vue des Mondiaux";"/article/la-rentree-du-jardin-extraordinaire-au-fil-de-la-loire-11783533"
"RTBF Actus (FR)";"FR";"2026-09-13";"Mauvaise nouvelle pour Justine Ghekiere : fracture, fin de saison et pas de Mondiaux pour la Belge, Sandrine Tas rappelée";"/article/gruyere-ou-emmental-des-trains-pas-comme-les-autres-en-suisse-11071718"
"RTBF Actus (FR)";"FR";"2026-09-13";"Suivez la 3e journée de l'Ultimate Championship avec les finales de Crestan, Couckuyt et des Belgian Waffels (direct vidéo 18h)";"/article/celine-dion-vous-ratez-sa-tournee-mondiale-on-a-de-quoi-vous-consoler-un-peu-11777842"
"RTBF Actus (FR)";"FR";"2026-09-13";"UItimate Championship : la Belgique au rendez-vous avec Crestan et Couckuyt sur la 2e journée, un chrono canon sur 400m";"/article/que-fait-la-rtbf-de-vos-donnees-collecte-algorithmes-et-protection-de-la-vie-privee-decryptes-11776913"
"RTBF Actus (FR)";"FR";"2026-09-13";"Ultimate Championship : Jakob Ingebrigtsen brille sur 5.000 m, Mondo Duplantis à la perche, Masai Russell sur les haies";"/article/enfant-illegitime-un-terme-a-eviter-sur-nos-antennes-11776723"
"RTBF Actus (FR)";"FR";"2026-09-13";"Ultimate Championship : les stars attendues et les duels à suivre à Budapest";"/article/les-jeunes-et-l-actu-plus-informes-qu-on-ne-le-pense-mais-pas-a-l-abri-de-pieges-11763284"
"RTBF Actus (FR)";"FR";"2026-09-13";"28 épreuves, une enveloppe énorme : l’athlétisme s’offre un nouveau championnat, les Ultimate Championships";"/article/moderation-sur-les-reseaux-sociaux-le-defi-quotidien-de-la-rtbf-11758876"
"RTBF Actus (FR)";"FR";"2026-09-13";"La fédération flamande d'athlétisme et Rutger Smith se séparent";"/article/age-conseille-contenus-sensibles-une-nouvelle-signaletique-tele-des-le-1er-juillet-11745979"
"RTBF Actus (FR)";"FR";"2026-09-13";"Eliott Crestan prêt pour les Ultimate Championships : ""Pour moi, c’est l’équivalent d’un championnat du monde""";"/article/bivouacs-du-journalisme-les-contacts-avec-le-public-sont-extremement-enrichissants-on-retire-le-micro-la-camera-jean-pierre-jacqmin-ancien-directeur-de-l-info-de-la-rtbf-11746010"
"RTBF Actus (FR)";"FR";"2026-09-13";"""Il y a tellement de concurrence"" : cachets délirants, course au spectacle, Wilfried Meert met en garde le monde de l’athlétisme";"/article/coupe-du-monde-les-matchs-des-diables-rouges-aussi-pour-les-malvoyants-11743270"
"RTBF Actus (FR)";"FR";"2026-09-13";"Ultimate Championship : l'athlétisme a ""beaucoup à apprendre de ce nouveau championnat"" pour son avenir";"/article/les-eleves-relevent-les-pieges-du-quiz-concentration-reflexion-et-collaboration-en-equipe-c-est-le-secret-de-la-reussite-dans-les-faky-d-or-11719914"
"RTBF Actus (FR)";"FR";"2026-09-13";"""Brigade Anonyme"" : la saison 2 de la série inspirée de faits réels avec Eric Cantona est enfin là";"/article/table-media-donnez-votre-avis-sur-la-rtbf-11735043"
"RTBF Actus (FR)";"FR";"2026-09-13";"La rentrée du Jardin Extraordinaire au fil de la Loire";"/article/gaetan-et-audrey-vous-offrent-une-escapade-d-automne-a-center-parcs-11784193"
"RTBF Actus (FR)";"FR";"2026-09-13";"Philippe Gougler vous emmène découvrir la ville de Gruyère en Suisse";"/article/vivez-les-sensations-du-sport-automobile-avec-gaetan-et-audrey-11784187"
"RTBF Actus (FR)";"FR";"2026-09-13";"Céline Dion : vous ratez sa tournée mondiale ? On a de quoi vous consoler (un peu)";"/article/triggerfinger-en-showcase-dans-un-lieu-insolite-avec-classic-21-tentez-de-faire-partie-des-invites-11781838"
"RTBF Actus (FR)";"FR";"2026-09-13";"Que fait la RTBF de vos données ? Collecte, algorithmes et protection de la vie privée décryptés";"/article/nothing-but-thieves-a-l-ab-club-gagnez-les-toutes-dernieres-places-pour-un-showcase-hors-norme-11783092"
"RTBF Actus (FR)";"FR";"2026-09-13";"""Enfant illégitime"" : un terme à éviter sur nos antennes";"/article/des-places-pour-l-avant-premiere-de-heart-of-the-beast-a-remporter-11782560"
"RTBF Actus (FR)";"FR";"2026-09-13";"Les jeunes et l’actu : plus informés qu’on ne le pense mais pas à l’abri de pièges";"/article/des-entrees-pour-walibi-ou-aqualibi-a-remporter-avec-classic-21-11782547"
"RTBF Actus (FR)";"FR";"2026-09-13";"Modération sur les réseaux sociaux : le défi quotidien de la RTBF";"/article/concours-devenez-l-envoye-special-de-vivacite-dans-les-coulisses-des-fetes-de-wallonie-11783600"
"RTBF Actus (FR)";"FR";"2026-09-13";"Nouvelle signalétique TV : ce qui change ce 1er juillet";"/article/envie-de-passer-une-soiree-pleine-de-rires-on-vous-donne-rendez-vous-a-chastre-11783522"
"RTBF Actus (FR)";"FR";"2026-09-13";"Bivouacs du journalisme : ""Les contacts avec le public sont extrêmement enrichissants"", Jean-Pierre Jacqmin, ancien directeur de l’info de la RTBF";"/article/gagnez-vos-places-pour-mahault-ska-et-les-young-belgian-strings-11783427"
"RTBF Actus (FR)";"FR";"2026-09-13";"Coupe du monde : les matchs des Diables Rouges aussi pour les malvoyants";"/article/vuelta-2026-le-labeur-de-van-aert-le-surplace-des-favoris-la-renaissance-de-landa-les-faits-marquants-de-la-20e-etape-11784114"
"RTBF Actus (FR)";"FR";"2026-09-13";"Les élèves relèvent les pièges du quiz : concentration, réflexion et collaboration en équipe, c'est le secret de la réussite dans les Faky d'Or";"/article/diego-moreira-signe-un-double-supersonique-et-reussit-une-entree-au-jeu-fracassante-avec-l-ac-milan-face-a-la-lazio-11784248"
"RTBF Actus (FR)";"FR";"2026-09-13";"Table Média : Donnez votre avis sur la RTBF";"/article/la-soiree-de-l-union-gachee-par-la-blessure-au-genou-de-kevin-mac-allister-je-pense-que-c-est-assez-grave-soupire-david-hubert-11784342"
"RTBF Actus (FR)";"FR";"2026-09-13";"Gaëtan et Audrey vous offrent une escapade d’automne à Center Parcs";"/article/pro-league-le-standard-perd-son-brevet-d-invincibilite-au-terme-d-une-defaite-dingue-a-westerlo-11784218"
"RTBF Actus (FR)";"FR";"2026-09-13";"Vivez les sensations du sport automobile avec Gaëtan et Audrey !";"/article/pourquoi-la-france-a-banni-l-absinthe-liqueur-maudite-ou-fake-news-du-xixe-siecle-11783546"
"RTBF Actus (FR)";"FR";"2026-09-13";"Triggerfinger en showcase dans un lieu insolite avec Classic 21 : tentez de faire partie des invités";"/article/je-suis-tellement-ravie-de-vous-voir-retour-sur-le-premier-concert-parisien-de-celine-dion-apres-six-ans-d-absence-11784398"
"RTBF Actus (FR)";"FR";"2026-09-13";"Nothing But Thieves à l’AB Club : gagnez les toutes dernières places pour un showcase hors norme";"https://auvio.rtbf.be/media/quadras-quadras-s01-3515185"
"RTBF Actus (FR)";"FR";"2026-09-13";"Des places pour l’avant-première de ""Heart of the Beast"" à remporter";"https://auvio.rtbf.be/media/viva-week-end-viva-week-end-3515787"
"RTBF Actus (FR)";"FR";"2026-09-13";"Des entrées pour Walibi ou Aqualibi à remporter avec Classic 21";"https://auvio.rtbf.be/media/les-huit-salopards-un-western-grincant-signe-tarantino-3514988"
"RTBF Actus (FR)";"FR";"2026-09-13";"Concours : devenez l'envoyé spécial de VivaCité dans les coulisses des Fêtes de Wallonie";"https://auvio.rtbf.be/media/alex-hugo-alex-hugo-33-a-35-3514982"
"RTBF Actus (FR)";"FR";"2026-09-13";"Envie de passer une soirée pleine de rires ? On vous donne rendez-vous à Chastre !";"https://auvio.rtbf.be/media/retour-aux-sources-1940-les-francais-sur-les-routes-de-l-exode-3514979"
"RTBF Actus (FR)";"FR";"2026-09-13";"Gagnez vos places pour Mahault Ska et les Young Belgian Strings !";"https://auvio.rtbf.be/media/athletisme-athletisme-ultimate-championship-3515721"
"RTBF Actus (FR)";"FR";"2026-09-13";"Vuelta 2026 – Le labeur de van Aert, le surplace des favoris, la renaissance de Landa : les faits marquants de la 20e étape";"https://auvio.rtbf.be/media/meteo-meteo-climat-20h20-3515706"
"RTBF Actus (FR)";"FR";"2026-09-13";"Diego Moreira signe un doublé supersonique et réussit une entrée au jeu fracassante avec l’AC Milan face à la Lazio";"https://auvio.rtbf.be/media/journal-televise-19h30-le-19h30-3515698"
"RTBF Actus (FR)";"FR";"2026-09-13";"La soirée de l'Union gâchée par la blessure au genou de Kevin Mac Allister : ""Je pense que c'est assez grave"", soupire David Hubert";"https://auvio.rtbf.be/media/les-remarquables-les-remarquables-3514914"
"RTBF Actus (FR)";"FR";"2026-09-13";"Pro League – Le Standard perd son brevet d’invincibilité au terme d’une défaite dingue à Westerlo";"https://auvio.rtbf.be/media/chiens-et-chats-sans-collier-chiens-et-chats-sans-collier-france-3514891"
"RTBF Actus (FR)";"FR";"2026-09-13";"Pourquoi la France a banni l'absinthe : liqueur maudite ou fake news du XIXe siècle ?";"https://auvio.rtbf.be/media/la-vuelta-cyclisme-la-vuelta-3515665"
"RTBF Actus (FR)";"FR";"2026-09-13";"""Je suis tellement ravie de vous voir"" : retour sur le premier concert parisien de Céline Dion après six ans d’absence";"https://auvio.rtbf.be/media/formule-1-formule-1-grand-prix-espagne-3515656"
"France 24 (EN)";"EN";"2026-09-13";"Swedes vote in close general election that could usher far right into government";"https://france24.com/en/europe/20260913-swedes-vote-in-close-general-election-that-could-usher-far-right-into-government"
"France 24 (EN)";"EN";"2026-09-13";"Thousands rally for climate action in Sweden ahead of general election";"https://france24.com/en/europe/20260823-thousands-rally-in-sweden-to-protest-climate-policies-ahead-of-general-election"
"France 24 (EN)";"EN";"2026-09-13";"Sweden 'very happy to be members of NATO', Swedish ambassador to France says";"https://france24.com/en/tv-shows/perspective/20260223-sweden-very-happy-to-be-members-of-nato-swedish-ambassador-to-france-says"
"France 24 (EN)";"EN";"2026-09-13";"Middle East live: Houthis say hit Saudi base after renewed fighting with Yemeni forces";"https://france24.com/en/middle-east/20260913-middle-east-live-houthis-say-hit-saudi-base-after-renewed-fighting-with-yemeni-forces"
"France 24 (EN)";"EN";"2026-09-13";"France apologises for diplomatic spat with US to lift block on new ambassador to Washington";"https://france24.com/en/france/20260913-france-apologises-for-diplomatic-spat-with-us-to-lift-block-on-new-ambassador-to-washington"
"France 24 (EN)";"EN";"2026-09-13";"Céline Dion makes historic Paris comeback, six years after last tour";"https://france24.com/en/culture/20260912-c%C3%A9line-dion-makes-historic-comeback-in-paris-six-years-after-last-tour"
"France 24 (EN)";"EN";"2026-09-13";"Danish WWII drama wins Golden Lion at Venice Film Festival";"https://france24.com/en/culture/20260912-danish-wwii-drama-wins-golden-lion-at-venice-film-festival"
"France 24 (EN)";"EN";"2026-09-13";"Olympic rematch: US and France to meet for women's FIBA World Cup title";"https://france24.com/en/sport/20260913-olympic-rematch-us-and-france-to-meet-for-women-s-fiba-world-cup-title"
"France 24 (EN)";"EN";"2026-09-13";"Tens of thousands protest against far-right AfD party in Germany";"https://france24.com/en/europe/20260912-tens-of-thousands-of-people-protest-in-germany-against-far-right-afd"
"France 24 (EN)";"EN";"2026-09-13";"Jewish ‘supercop’ runs on Arab ticket in Israeli polls – and sparks a storm";"https://france24.com/en/middle-east/20260912-jewish-supercop-runs-on-arab-ticket-in-israeli-polls-%E2%80%93-and-sparks-a-storm"
"France 24 (EN)";"EN";"2026-09-13";"Trump turns to golf, family business on Irish visit's second day";"https://france24.com/en/live-news/20260913-trump-turns-to-golf-family-business-on-irish-visit-s-second-day"
"France 24 (EN)";"EN";"2026-09-13";"Altman tells Fortune OpenAI will not go public in 2026";"https://france24.com/en/live-news/20260913-altman-tells-fortune-openai-will-not-go-public-in-2026"
"France 24 (EN)";"EN";"2026-09-13";"Celine Dion fever hits Paris!";"https://france24.com/en/tv-shows/arts24/20260911-celine-dion-fever-hits-paris"
"France 24 (EN)";"EN";"2026-09-13";"'The excitement is just too much!': Céline Dion poised for emotional comeback in Paris";"https://france24.com/en/video/20260912-the-excitement-is-just-too-much-celine-dion-poised-for-emotional-comeback-in-paris"
"France 24 (EN)";"EN";"2026-09-13";"Céline Dion's comeback: Why did she choose Paris?";"https://france24.com/en/video/20260912-c%C3%A9line-dion-s-come-back-why-did-she-choose-paris"
"France 24 (EN)";"EN";"2026-09-13";"How France fell in love with Céline Dion";"https://france24.com/en/tv-shows/france-in-focus/20260909-how-france-fell-in-love-with-c%C3%A9line-dion"
"France 24 (EN)";"EN";"2026-09-13";"Iran-backed Houthis seize near control of vital Bab el-Mandeb shipping lane";"https://france24.com/en/middle-east/20260911-iran-backed-houthis-seize-near-control-of-vital-bab-el-mandeb-shipping-lane"
"France 24 (EN)";"EN";"2026-09-13";"Houthis close in on Bab el-Mandeb as Brent barrel price soars to over $106";"https://france24.com/en/middle-east/20260910-middle-east-live-trump-warns-iran-not-to-get-cute-over-activity-at-pickaxe-mountain"
"France 24 (EN)";"EN";"2026-09-13";"Iran and US strike tankers in biggest shipping attack since war began";"https://france24.com/en/middle-east/20260909-iran-and-us-strike-tankers-in-biggest-shipping-attack-since-war-began"
"France 24 (EN)";"EN";"2026-09-13";"Israel gives UK 30 days to close consulate in Jerusalem";"https://france24.com/en/middle-east/20260908-middle-east-live-us-destroys-five-iranian-oil-tankers-as-iran-threatens-kuwait-and-bahrain"
"France 24 (EN)";"EN";"2026-09-13";"Anthropic boss calls for AI slowdown, Altman and Musk agree";"https://france24.com/en/technology/20260912-anthropic-boss-calls-for-ai-slowdown-altman-and-musk-agree"
"France 24 (EN)";"EN";"2026-09-13";"Kremlin says meeting between Putin and Zelensky at Miami G20 'impossible'";"https://france24.com/en/europe/20260912-zelensky-willing-to-meet-putin-at-g20-kremlin-still-to-confirm-attendance"
"France 24 (EN)";"EN";"2026-09-13";"Saudi Arabia closes East-West pipeline as Houthis tighten grip on Red Sea";"https://france24.com/en/middle-east/20260912-saudi-arabia-shut-down-east-west-pipeline-as-houthis-tighten-grip-on-red-sea"
"France 24 (EN)";"EN";"2026-09-13";"BRICS leaders call for 'maximum restraint' as Middle East war threatens unity";"https://france24.com/en/asia-pacific/20260912-brics-summit-set-to-be-dominated-by-wars-in-ukraine-and-iran"
"France 24 (EN)";"EN";"2026-09-13";"Battle over 'pervert' AI glasses in Europe's line of sight after scandal";"https://france24.com/en/europe/20260912-battle-over-pervert-ai-glasses-in-europe-s-line-of-sight-after-scandal"
"France 24 (EN)";"EN";"2026-09-13";"French investigators suspect train derailment was sabotage";"https://france24.com/en/live-news/20260912-french-police-suspect-train-derailment-was-sabotage"
"France 24 (EN)";"EN";"2026-09-13";"Nepal: Rescue efforts continue in the aftermath of a flash flooding disaster";"https://france24.com/en/tv-shows/reporters/20260911-nepal-rescue-efforts-continue-in-the-aftermath-of-a-flash-flooding-disaster"
"France 24 (EN)";"EN";"2026-09-13";"Elections in Russia: the 1001 tricks to remove inconvenient candidates";"https://france24.com/en/europe/20260911-elections-in-russia-the-1001-tricks-to-remove-inconvenient-candidates"
"France 24 (EN)";"EN";"2026-09-13";"Iran got Chinese satellite images before deadly strike on US troops, report reveals";"https://france24.com/en/middle-east/20260912-live-saudi-arabia-oil-pipeline-shut-down-after-drone-attack-launched-from-iraq"
"France 24 (EN)";"EN";"2026-09-13";"Trump says unified Ireland ‘would be fantastic' during Dublin trip";"https://france24.com/en/europe/20260912-trump-arrives-in-dublin-for-talks-with-ireland-s-leaders-before-attending-golf-tournament"
"France 24 (EN)";"EN";"2026-09-13";"Revisited: Consequences of the 2022 Nord Stream pipeline sabotage are still being felt";"https://france24.com/en/tv-shows/revisited/20260910-revisited-consequences-of-the-2022-nord-stream-pipeline-sabotage-are-still-being-felt"
"France 24 (EN)";"EN";"2026-09-13";"I'm extremely worried by extremists that win elections in Europe: Luxembourg's PM Luc Frieden";"https://france24.com/en/tv-shows/talking-europe/20260911-i-m-extremely-worried-by-extremists-that-win-elections-in-europe-luxembourg-s-pm-luc-frieden"
"France 24 (EN)";"EN";"2026-09-13";"Lindsay Clancy case shines spotlight on postpartum psychosis";"https://france24.com/en/tv-shows/the-51/20260911-lindsay-clancy-case-shines-spotlight-on-postpartum-psychosis"
"France 24 (EN)";"EN";"2026-09-13";"'My Feed My Way': Australia takes on the algorithm";"https://france24.com/en/tv-shows/access-asia/20260911-my-feed-my-way-australia-takes-on-the-algorithm"
"France 24 (EN)";"EN";"2026-09-13";"A cultural stroll through Paris with actor Alex Vizorek and singer Hélène Ségara";"https://france24.com/en/tv-shows/paris-des-arts/20260911-a-cultural-stroll-through-paris-with-actor-alex-vizorek-and-singer-h%C3%A9l%C3%A8ne-s%C3%A9gara"
"France 24 (EN)";"EN";"2026-09-13";"Has Iran modified its rocket systems to fire mines into the Strait of Hormuz?";"https://france24.com/en/middle-east/20260903-has-iran-modified-its-rocket-systems-to-fire-mines-into-the-strait-of-hormuz"
"France 24 (EN)";"EN";"2026-09-13";"French-Saudi ‘Dragon Ball’ theme park puzzles Japanese manga fans";"https://france24.com/en/france/20260902-french-saudi-dragon-ball-theme-park-puzzles-japan-manga-fans"
"France 24 (EN)";"EN";"2026-09-13";"Alejandro Betancourt, the controversial Venezuelan oil tycoon Trump is banking on";"https://france24.com/en/americas/20260901-alejandro-betancourt-the-controversial-venezuelan-oil-tycoon-trump-is-banking-on"
"France 24 (EN)";"EN";"2026-09-13";"Raising the Altalena: Netanyahu digs up sunken 1948 arms ship in ‘pre-election stunt’";"https://france24.com/en/middle-east/20260831-raising-altalena-netanyahu-digs-up-sunken-1948-arms-ship-irgun-pre-election-stunt"
"France 24 (EN)";"EN";"2026-09-13";"Israel destroys Hezbollah tunnel network in south Lebanon, triggering 4.1-magnitude tremor";"https://france24.com/en/middle-east/20260910-israel-hezbollah-tunnels-lebanon-earthquake"
"France 24 (EN)";"EN";"2026-09-13";"Houthis seize entire Red Sea coast of Yemen";"https://france24.com/en/middle-east/20260911-middle-east-live-trump-says-he-has-no-regrets-about-launching-war-on-iran"
"France 24 (EN)";"EN";"2026-09-13";"'That's why we fight': The US marks 25 years since 9/11 attacks";"https://france24.com/en/americas/20260911-trump-new-york-25-years-9-11-muslim-mayor"
"France 24 (EN)";"EN";"2026-09-13";"France’s record heatwave pushes champagne alcohol levels to historic high";"https://france24.com/en/france/20260909-france-s-record-heatwave-pushes-champagne-alcohol-levels-to-historic-high"
"France 24 (EN)";"EN";"2026-09-13";"French police suspect Normandy train derailment was result of sabotage";"https://france24.com/en/europe/20260912-french-police-investigate-suspected-sabotage-in-train-derailment"
"France 24 (EN)";"EN";"2026-09-13";"Israeli-made film about use of AI for mass killing in Gaza gets record ovation at Venice premiere";"https://france24.com/en/middle-east/20260910-israeli-made-film-about-mass-killings-in-gaza-gets-25-minute-ovation-at-venice-premiere"
"France 24 (EN)";"EN";"2026-09-13";"How a former BAPS temple worker in the US got his freedom, but still seeks justice";"https://france24.com/en/americas/20260910-how-a-former-baps-temple-worker-in-the-us-got-his-freedom-but-still-seeks-justice"
"France 24 (EN)";"EN";"2026-09-13";"No, UN chief Guterres did not call Francesca Albanese 'out of control'";"https://france24.com/en/tv-shows/truth-or-fake/20260903-no-un-chief-guterres-did-not-call-francesca-albanese-out-of-control"
"France 24 (EN)";"EN";"2026-09-13";"Hate speech against Rohingya refugees on the rise in Malaysia";"https://france24.com/en/tv-shows/the-observers/20260911-hate-speech-rohingya-refugees-rise-malaysia"
"France 24 (EN)";"EN";"2026-09-13";"‘I’m spending my savings just to survive’: Iran’s economic crisis fuels new protests";"https://france24.com/en/middle-east/20260910-iran-economic-crisis-protests-war-repression"
"France 24 (EN)";"EN";"2026-09-13";"JNIM jihadists step up incursions into northern Benin";"https://france24.com/en/tv-shows/the-observers/20260909-jnim-jihadists-step-up-incursions-northern-benin"
"France 24 (EN)";"EN";"2026-09-13";"Tunisians tell the story of their summer of shortages";"https://france24.com/en/africa/20260907-tunisians-tell-story-their-summer-shortages"
"France 24 (EN)";"EN";"2026-09-13";"The church by the airport: Inside Russia’s suspected spy activities in Sweden";"https://france24.com/en/europe/20250704-the-church-by-the-airport-inside-russia-s-suspected-spy-activities-in-sweden"
"France 24 (EN)";"EN";"2026-09-13";"Searching for radioactive waste in the depths of the Atlantic";"https://france24.com/en/environment/20250607-searching-radioactive-waste-depths-atlantic-france-nuclear"
"France 24 (EN)";"EN";"2026-09-13";"‘Unwavering friendship’: The true story of nine women who escaped a Nazi death march";"https://france24.com/en/europe/20250429-true-story-nine-women-who-escaped-nazi-death-march-ravensbruck"
"France 24 (EN)";"EN";"2026-09-13";"Pope Francis, first Latin American pontiff and champion of the forgotten";"https://france24.com/en/europe/20250421-pope-francis-first-latin-american-pontiff-dies-after-double-pneumonia-battle"
"France 24 (EN)";"EN";"2026-09-13";"Haiti’s independence ransom: Macron offers ‘truth’, Haitians want reparations";"https://france24.com/en/americas/20250417-haiti-independence-ransom-macron-offers-truth-haitians-want-reparations-slavery"
"France 24 (EN)";"EN";"2026-09-13";"Saved from destruction: Paris show offers glimpse of Gaza’s archaeological treasures";"https://france24.com/en/culture/20250403-saved-from-destruction-paris-exhibition-offers-glimpse-of-gaza-archaeological-treasures"
"France 24 (EN)";"EN";"2026-09-13";"'The Bibi Files': Documentary reveals the police interrogations behind Netanyahu’s graft trial";"https://france24.com/en/middle-east/20240910-the-bibi-files-documentary-reveals-the-police-interrogations-behind-netanyahu-s-graft-trial"
"France 24 (EN)";"EN";"2026-09-13";"Wildfires, heatwaves threaten global air quality and health, UN warns";"https://france24.com/en/environment/20260907-wildfires-heatwaves-global-air-quality-health-un"
"France 24 (EN)";"EN";"2026-09-13";"Expert warns of 'hotter summers, more wildfires, more drought and more floods'";"https://france24.com/en/tv-shows/perspective/20260901-expert-warns-of-hotter-summers-more-wildfires-more-drought-and-more-floods"
"France 24 (EN)";"EN";"2026-09-13";"'Glaciers in Himalayas retreating': Nepal floods triggered by 'glacier collapse & massive landslide'";"https://france24.com/en/video/20260901-glaciers-in-himalayas-retreating-nepal-floods-triggered-by-glacier-collapse-massive-landslide"
"France 24 (EN)";"EN";"2026-09-13";"'They were legends': Humpback whales make spectacular comeback off Brazil's coast";"https://france24.com/en/environment/20260828-they-were-legends-humpback-whales-make-spectacular-comeback-off-brazil-s-coast"
"France 24 (EN)";"EN";"2026-09-13";"France beats Germany to reach first women's World Cup basketball final";"https://france24.com/en/sport/20260912-france-beats-germany-to-reach-first-women-s-world-cup-basketball-final"
"France 24 (EN)";"EN";"2026-09-13";"Rennes beat Olympique de Marseille to seize top spot in Ligue 1";"https://france24.com/en/tv-shows/sports/20260912-rennes-beat-olympique-de-marseille-to-seize-top-spot-in-ligue-1"
"France 24 (EN)";"EN";"2026-09-13";"China, Iran among countries using AI to spy on dissidents and minorities, Anthropic says";"https://france24.com/en/technology/20260911-anthropic-ai-surveillance-targeting-dissidents-china-iran-west-africa"
"France 24 (EN)";"EN";"2026-09-13";"Space: Europe urged to find its path, from crewed spaceflight to communications";"https://france24.com/en/tv-shows/a-propos/20260910-space-europe-urged-to-find-its-path-from-crewed-spaceflight-to-communications"
"France 24 (EN)";"EN";"2026-09-13";"French govt warns right-wing TV channel about rebroadcasting expelled pro-Putin pundit";"https://france24.com/en/france/20260910-french-govt-warns-right-wing-tv-channel-about-using-expelled-pro-putin-pundit"
"France 24 (EN)";"EN";"2026-09-13";"Céline Dion: Fan recounts experience singing with the superstar";"https://france24.com/en/video/20260910-c%C3%A9line-dion-fan-recounts-experience-singing-with-the-superstar"
"France 24 (EN)";"EN";"2026-09-13";"Children die in a school fire in Bukavu";"https://france24.com/en/tv-shows/eye-on-africa/20260911-children-die-in-a-school-fire-in-bukavu"
"France 24 (EN)";"EN";"2026-09-13";"'Infantino is the one who has brought the most to Africa' says Samuel Eto'o";"https://france24.com/en/tv-shows/t%C3%AAte-%C3%A0-t%C3%AAte/20260910-infantino-is-the-one-who-has-brought-the-most-to-africa-says-samuel-eto-o"
"France 24 (EN)";"EN";"2026-09-13";"Algeria cuts diplomatic ties with United Arab Emirates over 'provocative and hostile actions'";"https://france24.com/en/africa/20260910-algeria-cuts-diplomatic-ties-with-united-arab-emirates-over-provocative-and-hostile-actions"
"France 24 (EN)";"EN";"2026-09-13";"Has Trump Left MBS hanging over Yemen?";"https://france24.com/en/tv-shows/spotlight/20260912-has-trump-left-mbs-hanging-over-yemen"
"France 24 (EN)";"EN";"2026-09-13";"On Sept 12th, 'everyone was compassionate': The world needs 'to be together again' - Richard Roeill";"https://france24.com/en/tv-shows/spotlight/20260913-on-sept-12th-everyone-was-compassionate-the-world-needs-to-be-together-again-richard-roeill"
"France 24 (EN)";"EN";"2026-09-13";"Can we slowdown AI, and 9/11, who has the right to remember?";"https://france24.com/en/tv-shows/the-world-this-week/20260911-can-we-slowdown-ai-and-9-11-who-has-the-right-to-remember"
"France 24 (EN)";"EN";"2026-09-13";"Spotlight";"https://france24.com/en/tv-shows/spotlight/20260911-spotlight"
"France 24 (EN)";"EN";"2026-09-13";"Flavio Bolsonaro probed for corruption as Brazil election tightens";"https://france24.com/en/americas/20260911-flavio-bolsonaro-probed-for-corruption-as-brazil-election-tightens"
"France 24 (EN)";"EN";"2026-09-13";"'Second life': Nepal hydropower tunnel survivor recalls ordeal";"https://france24.com/en/asia-pacific/20260913-second-life-nepal-hydropower-tunnel-survivor-recalls-ordeal"
"France 24 (EN)";"EN";"2026-09-13";"Transforming Payments in the DRC: A Leap Towards a Digital Future";"https://france24.com/en/sponsored-content/20250923-transforming-payments-in-the-drc-a-leap-towards-a-digital-future"
"France 24 (EN)";"EN";"2026-09-13";"Africa's $88 billion solutions: How ATAF fights illicit financial flows";"https://france24.com/en/sponsored-content/20250108-africa-s-88-billion-solutions-how-ataf-fights-illicit-financial-flows"
"France 24 (EN)";"EN";"2026-09-13";"Burundi: innovative solutions to fight stunting in children";"https://france24.com/en/sponsored-content/20240122-burundi-innovative-solutions-to-fight-stunting-in-children"
"France 24 (EN)";"EN";"2026-09-13";"Child malnutrition in Burundi: concrete actions to help children";"https://france24.com/en/sponsored-content/20231215-child-malnutrition-in-burundi-concrete-actions-to-help-children"
"France 24 (EN)";"EN";"2026-09-13";"Interview of Anthony Ginter, President & CEO - WEO";"https://france24.com/en/sponsored-content/20230911-interview-of-anthony-ginter-president-ceo-weo"
"France 24 (EN)";"EN";"2026-09-13";"2026";"https://france24.com/en/archives/2026/01/"
"France 24 (EN)";"EN";"2026-09-13";"2025";"https://france24.com/en/archives/2025/01/"
"France 24 (EN)";"EN";"2026-09-13";"2024";"https://france24.com/en/archives/2024/01/"
"France 24 (EN)";"EN";"2026-09-13";"2023";"https://france24.com/en/archives/2023/01/"
"France 24 (EN)";"EN";"2026-09-13";"2022";"https://france24.com/en/archives/2022/01/"
"France 24 (EN)";"EN";"2026-09-13";"2021";"https://france24.com/en/archives/2021/01/"
"France 24 (EN)";"EN";"2026-09-13";"2020";"https://france24.com/en/archives/2020/01/"
"Le Monde (FR)";"FR";"2026-09-13";"Le Monde’s app";"https://www.lemonde.fr/en/about-us/article/2023/09/06/le-monde-in-english-now-available-on-our-mobile-app_6125308_115.html"
"Le Monde (FR)";"FR";"2026-09-13";"Céline Dion returns to stage for first Paris show: 'I want to sing for you, to sing about life'";"https://www.lemonde.fr/en/culture/article/2026/09/13/celine-dion-returns-to-stage-for-first-paris-show-i-want-to-sing-for-you-to-sing-about-life_6757465_30.html"
"Le Monde (FR)";"FR";"2026-09-13";"'Céline Dion's arrival in Paris rekindles a sense of national unity in France'";"https://www.lemonde.fr/en/opinion/article/2026/09/12/celine-dion-s-arrival-in-paris-rekindles-a-sense-of-national-unity-in-france_6757455_23.html"
"Le Monde (FR)";"FR";"2026-09-13";"Céline Dion's 'giant karaoke' brings together Paris fans in song";"https://www.lemonde.fr/en/culture/article/2026/09/12/celine-dion-s-giant-karaoke-brings-together-paris-fans-in-song_6757437_30.html"
"Le Monde (FR)";"FR";"2026-09-13";"'Ordinary citizens do not want to be sent to a war with no end in sight': Russian men consider exile";"https://www.lemonde.fr/en/international/article/2026/09/13/ordinary-citizens-do-not-want-to-be-sent-to-a-war-with-no-end-in-sight-russian-men-consider-exile_6757464_4.html"
"Le Monde (FR)";"FR";"2026-09-13";"Isolated by Iran and Yemeni Houthi rebels, Saudi Arabia seeks US backing";"https://www.lemonde.fr/en/international/article/2026/09/12/isolated-by-iran-and-yemeni-houthi-rebels-saudi-arabia-seeks-us-backing_6757448_4.html"
"Le Monde (FR)";"FR";"2026-09-13";"US Open 2026: Elena Rybakina claims her third Grand Slam title in New York";"https://www.lemonde.fr/en/sports/article/2026/09/13/us-open-2026-elena-rybakina-claims-her-third-grand-slam-title-in-new-york_6757462_9.html"
"Le Monde (FR)";"FR";"2026-09-13";"'Flying taxis' enter critical phase of industrial reality after decade of extravagant promises";"https://www.lemonde.fr/en/economy/article/2026/09/13/flying-taxis-enter-a-critical-phase-of-industrial-reality-after-a-decade-of-extravagant-promises_6757461_19.html"
"Le Monde (FR)";"FR";"2026-09-13";"Ukraine experiences surge in private security firms specializing in anti-drone protection for businesses";"https://www.lemonde.fr/en/international/article/2026/09/13/ukraine-experiences-surge-in-private-security-firms-specializing-in-anti-drone-protection-for-businesses_6757460_4.html"
"Le Monde (FR)";"FR";"2026-09-13";"Profile   Fanny Arlandis Subscribers onlyNour Elassy, Gaza-born poet and refugee in France: 'I live with the guilt of having left my loved ones behind'  In 2025, the 23-year-old student left her family in the enclave after Israel approved her evacuation, allowing her to attend classes in Paris. She recently published a poetry collection evoking a world engulfed by the destruction of the Palestinian territory.    5 min read";"https://www.lemonde.fr/en/middle-east-crisis/article/2026/09/13/nour-elassy-gaza-born-poet-and-refugee-in-france-i-live-with-the-guilt-of-having-left-my-loved-ones-behind_6757463_368.html"
"Le Monde (FR)";"FR";"2026-09-13";"Trumps says Irish reunification would be 'fantastic'";"https://www.lemonde.fr/en/international/article/2026/09/12/trumps-says-irish-reunification-would-be-fantastic_6757458_4.html"
"Le Monde (FR)";"FR";"2026-09-13";"Former Greek prison island of Gyaros becomes biodiversity haven";"https://www.lemonde.fr/en/environment/article/2026/09/13/former-greek-prison-island-of-gyaros-becomes-biodiversity-haven_6757459_114.html"
"Le Monde (FR)";"FR";"2026-09-13";"Hedge funds increasingly speculate on French debt, raising specter of crisis";"https://www.lemonde.fr/en/economy/article/2026/09/12/hedge-funds-increasingly-speculate-on-french-debt-raising-specter-of-crisis_6757450_19.html"
"Le Monde (FR)";"FR";"2026-09-13";"French police suspect train derailment was sabotage";"https://www.lemonde.fr/en/france/article/2026/09/12/french-police-suspect-train-derailment-was-sabotage_6757446_7.html"
"Le Monde (FR)";"FR";"2026-09-13";"2027 presidential election: Bruno Retailleau takes free-market approach to climate change";"https://www.lemonde.fr/en/les-decodeurs/article/2026/09/12/2027-presidential-election-bruno-retailleau-takes-a-free-market-approach-to-climate-change_6757451_8.html"
"Le Monde (FR)";"FR";"2026-09-13";"25 French jihadists held in Iraq appeal to EU human rights court for repatriation";"https://www.lemonde.fr/en/france/article/2026/09/12/25-french-jihadists-held-in-iraq-appeal-to-eu-human-rights-court-for-repatriation_6757452_7.html"
"Le Monde (FR)";"FR";"2026-09-13";"Sweden's right wing struggles to make most of late rebound on eve of elections";"https://www.lemonde.fr/en/international/article/2026/09/12/sweden-s-right-wing-struggles-to-make-most-of-late-rebound-on-eve-of-elections_6757453_4.html"
"Le Monde (FR)";"FR";"2026-09-13";"BRICS nations call for 'maximum restraint' in Middle East war";"https://www.lemonde.fr/en/international/article/2026/09/12/brics-nations-call-for-maximum-restraint-in-middle-east-war_6757456_4.html"
"Le Monde (FR)";"FR";"2026-09-13";"French government pushes for mandatory helmets for electric scooters, struggles with bicycles";"https://www.lemonde.fr/en/economy/article/2026/09/12/french-government-pushes-for-mandatory-helmets-for-electric-scooters-struggles-with-bicycles_6757454_19.html"
"Le Monde (FR)";"FR";"2026-09-13";"France sink Germany to reach first women's basketball World Cup final";"https://www.lemonde.fr/en/sports/article/2026/09/12/france-sink-germany-to-reach-first-women-s-basketball-world-cup-final_6757457_9.html"
"Le Monde (FR)";"FR";"2026-09-13";"Are influencers out of touch? Their followers are starting to think so";"https://www.lemonde.fr/en/pixels/article/2026/09/12/are-influencers-out-of-touch-their-followers-are-starting-to-think-so_6757447_13.html"
"Le Monde (FR)";"FR";"2026-09-13";"At space summit, France and EU rescue European satellite constellation Iris²";"https://www.lemonde.fr/en/economy/article/2026/09/11/at-space-summit-france-and-eu-rescue-european-satellite-constellation-iris_6757421_19.html"
"Le Monde (FR)";"FR";"2026-09-13";"In Depth   Morgane Tual Subscribers onlyAI: Incidents and Anthropic researcher's resignation push 'AIpocalypse' debate to new heights  As a series of cyberattacks heighten fears over artificial intelligence, the resignation on Wednesday of Jacob Coxon, who spoke of a technology that 'could kill us all by the end of the decade,' has reignited the debate over the existential threat it poses.    4 min read";"https://www.lemonde.fr/en/pixels/article/2026/09/11/ai-incidents-and-anthropic-researcher-s-resignation-push-aipocalypse-debate-to-new-heights_6757415_13.html"
"Le Monde (FR)";"FR";"2026-09-13";"In Depth   Christophe Ayad Subscribers onlyThe forgotten French prisoner of 9/11  Zacarias Moussaoui, who was sent to the US by Al-Qaeda to prepare attacks and was convicted of complicity in the September 11 attacks, has spent the past 20 years serving a life sentence without the possibility of parole in a high-security penitentiary in Colorado. His lawyer is requesting his transfer to France.    3 min read";"https://www.lemonde.fr/en/international/article/2026/09/11/the-forgotten-french-prisoner-of-9-11_6757404_4.html"
"Le Monde (FR)";"FR";"2026-09-13";"News   Audrey Garric Subscribers onlyCéline Dion's Paris residency brings economic boost: 'When you're a fan, money is no object'  After six years away from the stage, the Québécois superstar begins a run of 26 concerts in Paris on Saturday. Hoteliers, restaurateurs and retailers hope to benefit from the influx of nearly 800,000 fans, both French and international. The windfall is estimated at between €500 million and €1 billion, but it comes at a climate cost.    4 min read";"https://www.lemonde.fr/en/economy/article/2026/09/11/celine-dion-s-paris-residency-brings-economic-boost-when-you-re-a-fan-money-is-no-object_6757420_19.html"
"Le Monde (FR)";"FR";"2026-09-13";"Column SubscribeThomas Piketty: 'To solve today's contradictions, we must rethink prosperity while respecting planetary boundaries'      Thomas Piketty Economist";"https://www.lemonde.fr/en/opinion/article/2026/09/12/thomas-piketty-to-solve-today-s-contradictions-we-must-rethink-prosperity-while-respecting-planetary-boundaries_6757444_23.html"
"Le Monde (FR)";"FR";"2026-09-13";"Op-Ed SubscribeAfD victory: 'The German shockwave will likely amplify already existing anti-EU sentiment' in France      Frédéric Bozo historian";"https://www.lemonde.fr/en/opinion/article/2026/09/10/afd-victory-it-is-highly-likely-that-the-german-shockwave-will-amplify-the-europhobic-tendencies-already-at-work-in-france_6757368_23.html"
"Le Monde (FR)";"FR";"2026-09-13";"Editorial Trap closes on French economy   Le Monde";"https://www.lemonde.fr/en/politics/article/2026/09/12/trap-closes-on-french-economy_6757449_5.html"
"Le Monde (FR)";"FR";"2026-09-13";"Charte du Groupe";"https://www.lemonde.fr/actualite-medias/article/2010/11/03/la-charte-d-ethique-et-de-deontologie-du-groupe-le-monde_1434737_3236.html"
"Le Monde (FR)";"FR";"2026-09-13";"Group Policy";"https://www.lemonde.fr/en/about-us/article/2022/04/06/groupe-le-monde-s-code-of-ethics-and-professional-conduct_5979823_115.html"
"Le Monde (FR)";"FR";"2026-09-13";"RSS feed";"https://www.lemonde.fr/en/about-us/article/2026/03/27/le-monde-rss-feeds_6751860_115.html"
"RFI Afrique (FR)";"FR";"2026-09-13";"2026";"https://www.rfi.fr/fr/archives/2026/01/"
"RFI Afrique (FR)";"FR";"2026-09-13";"2025";"https://www.rfi.fr/fr/archives/2025/01/"
"RFI Afrique (FR)";"FR";"2026-09-13";"2024";"https://www.rfi.fr/fr/archives/2024/01/"
"RFI Afrique (FR)";"FR";"2026-09-13";"2023";"https://www.rfi.fr/fr/archives/2023/01/"
"RFI Afrique (FR)";"FR";"2026-09-13";"2022";"https://www.rfi.fr/fr/archives/2022/01/"
"RFI Afrique (FR)";"FR";"2026-09-13";"2021";"https://www.rfi.fr/fr/archives/2021/01/"
"RFI Afrique (FR)";"FR";"2026-09-13";"2020";"https://www.rfi.fr/fr/archives/2020/01/"
"RTL (FR)";"FR";"2026-09-13";"Politique";"https://rtl.fr/actu/politique"
"RTL (FR)";"FR";"2026-09-13";"International";"https://rtl.fr/actu/international"
"RTL (FR)";"FR";"2026-09-13";"Justice et faits divers";"https://rtl.fr/actu/justice-faits-divers"
"RTL (FR)";"FR";"2026-09-13";"Conso";"https://rtl.fr/actu/economie-consommation"
"RTL (FR)";"FR";"2026-09-13";"Food";"https://rtl.fr/actu/food"
"RTL (FR)";"FR";"2026-09-13";"Santé";"https://rtl.fr/actu/bien-etre"
"RTL (FR)";"FR";"2026-09-13";"Société";"https://rtl.fr/actu/debats-societe"
"RTL (FR)";"FR";"2026-09-13";"Tech";"https://rtl.fr/actu/sciences-tech"
"RTL (FR)";"FR";"2026-09-13";"Arts Spectacles";"https://rtl.fr/culture/arts-spectacles"
"RTL (FR)";"FR";"2026-09-13";"Ciné Séries";"https://rtl.fr/culture/cine-series"
"RTL (FR)";"FR";"2026-09-13";"Médias et people";"https://rtl.fr/culture/medias-people"
"RTL (FR)";"FR";"2026-09-13";"Musique";"https://rtl.fr/culture/musique"
"RTL (FR)";"FR";"2026-09-13";"Culture Générale";"https://rtl.fr/culture/culture-generale"
"RTL (FR)";"FR";"2026-09-13";"Humour";"https://rtl.fr/culture/humour"
"RTL (FR)";"FR";"2026-09-13";"Histoire";"https://rtl.fr/culture/histoire"
"RTL (FR)";"FR";"2026-09-13";"Football";"https://rtl.fr/sport/football"
"RTL (FR)";"FR";"2026-09-13";"Autres sports";"https://rtl.fr/sport/autres-sports"
"France Inter (FR)";"FR";"2026-09-13";"L’opération Argo ou l’exfiltration de six diplomates états-uniens à Téhéran";"https://radiofrance.fr/franceinter/podcasts/affaires-sensibles/l-operation-argo-ou-l-exfiltration-de-six-diplomates-etats-uniens-a-teheran-l-integrale-1319449"
"France Inter (FR)";"FR";"2026-09-13";"Après une attaque éclair, les Houthis revendiquent le contrôle du stratégique détroit de Bab el-Mandeb";"https://radiofrance.fr/franceinter/podcasts/l-info-de-france-inter/l-info-de-france-inter-bab-el-mandeb-houthis-3335974"
"France Inter (FR)";"FR";"2026-09-13";"L'info de France Inter";"https://radiofrance.fr/franceinter/podcasts/les-documents-france-inter"
"France Inter (FR)";"FR";"2026-09-13";"La nouvelle dimension du basket féminin français";"https://radiofrance.fr/franceinter/podcasts/serie-la-nouvelle-dimension-du-basket-feminin-francais"
"France Inter (FR)";"FR";"2026-09-13";"11 septembre l'enquête";"https://radiofrance.fr/franceinter/podcasts/11-septembre-l-enquete"
"France Inter (FR)";"FR";"2026-09-13";"Victoire de l'AfD en Allemagne : ""Le lien avec le Troisième Reich est avéré"", affirme l'historien Johann Chapoutot";"https://radiofrance.fr/franceinter/podcasts/l-invite-de-8h20/le-grand-entretien-du-vendredi-11-septembre-2026-4225539"
"France Inter (FR)";"FR";"2026-09-13";"IA : ""Si on est tous morts, plus personne ne regardera de films"", assène Susan Sarandon, inquiète pour l'environnement";"https://radiofrance.fr/franceinter/podcasts/l-invite-de-7h50/l-invite-de-7h50-du-we-du-vendredi-11-septembre-2026-1962311"
"France Inter (FR)";"FR";"2026-09-13";"Collégiennes à vendre";"https://radiofrance.fr/franceinter/podcasts/interception/interception-du-dimanche-12-octobre-2025-2574397"
"France Inter (FR)";"FR";"2026-09-13";"Le parquet de Paris ouvre une enquête sur Sexemodel, site qui relaie des profils d'adolescentes vouées à la prostitution";"https://radiofrance.fr/franceinter/podcasts/le-grand-reportage-de-france-inter/le-grand-reportage-du-jeudi-10-septembre-2026-1438039"
"France Inter (FR)";"FR";"2026-09-13";"Policier raciste à Carcassonne : entre embarras politique et choc des habitants, on vous raconte la polémique";"https://radiofrance.fr/franceinter/podcasts/l-info-de-france-inter/l-info-de-france-inter-policier-raciste-9957292"
"France Inter (FR)";"FR";"2026-09-13";"L'embarrassant Donald Trump dans la campagne des élections de mi-mandat américaines";"https://radiofrance.fr/franceinter/podcasts/france-inter-sur-le-terrain/reportage-france-inter-sur-le-terrain-du-jeudi-10-septembre-2026-2166725"
"France Inter (FR)";"FR";"2026-09-13";"Oasis : les débuts fulgurants";"https://radiofrance.fr/franceinter/podcasts/serie-masterclass-autour-d-oasis-les-debuts-fulgurants"
"France Inter (FR)";"FR";"2026-09-13";"Oasis en concert au Bataclan en 2008";"https://radiofrance.fr/franceinter/podcasts/c-est-lenoir/c-est-lenoir-8375976"
"France Inter (FR)";"FR";"2026-09-13";"Affaire Epstein : ""26 victimes"" et ""d'autres potentiels rabatteurs"" identifiés, annonce la procureure Laure Beccuau";"https://radiofrance.fr/franceinter/podcasts/l-invite-de-8h20-le-grand-entretien/l-invite-de-8h20-le-grand-entretien-du-jeudi-10-septembre-2026-1712860"
"France Inter (FR)";"FR";"2026-09-13";"Le niveau des élèves français en chute libre, selon l'enquête Pisa 2025";"https://radiofrance.fr/franceinter/podcasts/l-info-de-france-inter/l-info-de-france-inter-pisa-6136869"
"France Inter (FR)";"FR";"2026-09-13";"Les retraités devront participer à l'effort collectif pour le budget 2027, prévient le ministre des comptes publics";"https://radiofrance.fr/franceinter/podcasts/l-info-de-france-inter/l-info-de-france-inter-9802650"
"France Inter (FR)";"FR";"2026-09-13";"L'actrice Adèle Haenel évoque le ""génocide en Palestine"" dans la Grande Librairie, France.tv supprime l'émission";"https://radiofrance.fr/franceinter/podcasts/l-info-de-france-inter/l-info-de-france-inter-haenel-7475186"
"France Inter (FR)";"FR";"2026-09-13";"Sébastien Valignat : ""On a parfois l'impression d'être pris pour des idiots par ceux qui nous gouvernent""";"https://radiofrance.fr/franceinter/podcasts/l-invite-du-13-14/l-invite-du-13-14-du-vendredi-11-septembre-2026-7735383"
"France Inter (FR)";"FR";"2026-09-13";"L'invité du 13/14";"https://radiofrance.fr/franceinter/podcasts/l-invite-du-13h00"
"France Inter (FR)";"FR";"2026-09-13";"Le journal de 23h";"https://radiofrance.fr/franceinter/podcasts/le-journal-de-23h"
"France Inter (FR)";"FR";"2026-09-13";"Lilia Hassaine";"https://radiofrance.fr/franceinter/podcasts/rien-ne-s-oppose-a-la-nuit/rien-ne-s-oppose-a-la-nuit-du-lundi-31-aout-2026-3444181"
"France Inter (FR)";"FR";"2026-09-13";"Yannick Haenel : ""La rupture, c'est le début de la vocation""";"https://radiofrance.fr/franceinter/podcasts/le-grand-portrait/le-grand-portrait-du-lundi-07-septembre-2026-9287050"
"France Inter (FR)";"FR";"2026-09-13";"""C'était ça ou mourir"" de Thelyson Orélien, exil et résilience";"https://radiofrance.fr/franceinter/podcasts/le-grand-portrait/le-grand-portrait-du-jeudi-03-septembre-2026-5280607"
"France Inter (FR)";"FR";"2026-09-13";"""Une éclaircie"" de Jean-Baptiste Del Amo : comment son corps a changé son regard sur le monde";"https://radiofrance.fr/franceinter/podcasts/l-invite-de-7h50-du-week-end/l-invite-de-7h50-du-we-du-dimanche-30-aout-2026-2767136"
"France Inter (FR)";"FR";"2026-09-13";"Jean-Philippe Toussaint publie ""La Hantise""";"https://radiofrance.fr/franceinter/podcasts/le-grand-atelier/le-grand-atelier-du-dimanche-30-aout-2026-1560875"
"France Inter (FR)";"FR";"2026-09-13";"Adèle Haenel pour son livre ""Viser juste"" : des mots pour penser le réel";"https://radiofrance.fr/franceinter/podcasts/totemic/totemic-du-vendredi-28-aout-2026-9167302"
"France Inter (FR)";"FR";"2026-09-13";"""À voix haute"" : l'enquête familiale de Polina Panassenko à l'époque de la Russie stalinienne a séduit Le Masque";"https://radiofrance.fr/franceinter/podcasts/le-masque-et-la-plume/a-voix-haute-de-polina-panassenko-2511870"
"France Inter (FR)";"FR";"2026-09-13";"""Ce qui nous frôle sous la surface"" de Colum McCann : le Masque a eu du mal à retenir sa respiration";"https://radiofrance.fr/franceinter/podcasts/le-masque-et-la-plume/ce-qui-nous-frole-sous-la-surface-de-colum-mccann-8357623"
"France Inter (FR)";"FR";"2026-09-13";"""Un sombre été"" de Vera Buck : un thriller au cœur d'un village fantôme de la Sardaigne";"https://radiofrance.fr/franceinter/podcasts/le-polar-sonne-toujours-2-fois/le-polar-sonne-toujours-2-fois-du-jeudi-27-aout-2026-8102938"
"France Inter (FR)";"FR";"2026-09-13";"Véronique Ovaldé présente ""Vivre sans bonheur et n'en point dépérir""";"https://radiofrance.fr/franceinter/podcasts/rien-ne-s-oppose-a-la-nuit/rien-ne-s-oppose-a-la-nuit-du-lundi-24-aout-2026-2583836"
"France Inter (FR)";"FR";"2026-09-13";"François-Henri Désérable sort ""Le Palais""";"https://radiofrance.fr/franceinter/podcasts/l-invite-de-7h50/l-invite-de-7h50-du-mardi-25-aout-2026-6236337"
"France Inter (FR)";"FR";"2026-09-13";"Philippe Jaenada et le cold case de ""L'Inconnue du quai de Javel""";"https://radiofrance.fr/franceinter/podcasts/le-grand-portrait/le-grand-portrait-du-lundi-24-aout-2026-3182910"
"France Inter (FR)";"FR";"2026-09-13";"""On a discuté un peu"" : Céline Dion régale ses fans devant son hôtel avant sa série de concerts à Paris";"https://radiofrance.fr/franceinter/podcasts/france-inter-sur-le-terrain/sur-le-terrain-du-vendredi-11-septembre-2026-4553535"
"France Inter (FR)";"FR";"2026-09-13";"France Inter sur le terrain";"https://radiofrance.fr/franceinter/podcasts/grand-angle"
"France Inter (FR)";"FR";"2026-09-13";"Recto-Verso";"https://radiofrance.fr/franceinter/podcasts/recto-verso"
"France Inter (FR)";"FR";"2026-09-13";"Le 6/9";"https://radiofrance.fr/franceinter/podcasts/le-6-9"
"France Inter (FR)";"FR";"2026-09-13";"Franc-jeu";"https://radiofrance.fr/franceinter/podcasts/franc-jeu"
"France Inter (FR)";"FR";"2026-09-13";"Franche culture";"https://radiofrance.fr/franceinter/podcasts/franche-culture"
"France Inter (FR)";"FR";"2026-09-13";"Les ailes de géant";"https://radiofrance.fr/franceinter/podcasts/les-ailes-de-geant"
"France Inter (FR)";"FR";"2026-09-13";"Le 18/20";"https://radiofrance.fr/franceinter/podcasts/le-18-20"
"France Inter (FR)";"FR";"2026-09-13";"C'est loin mais c'est beau";"https://radiofrance.fr/franceinter/podcasts/c-est-loin-mais-c-est-beau"
"France Inter (FR)";"FR";"2026-09-13";"Le Billet de Thomas Poitevin";"https://radiofrance.fr/franceinter/podcasts/vero-la-gestionnaire-de-communautes"
"France Inter (FR)";"FR";"2026-09-13";"Rien ne s'oppose à la nuit";"https://radiofrance.fr/franceinter/podcasts/rien-ne-s-oppose-a-la-nuit"
"France Inter (FR)";"FR";"2026-09-13";"La chronique de Samuel Jensky";"https://radiofrance.fr/franceinter/podcasts/la-chronique-de-samuel-jensky"
"France Inter (FR)";"FR";"2026-09-13";"La chronique de Camille Tissot";"https://radiofrance.fr/franceinter/podcasts/la-chronique-de-camille-tissot"
"France Inter (FR)";"FR";"2026-09-13";"Nos vies numériques";"https://radiofrance.fr/franceinter/podcasts/nos-vies-numeriques"
"France Inter (FR)";"FR";"2026-09-13";"La Revue de presse";"https://radiofrance.fr/franceinter/podcasts/la-revue-de-presse"
"France Inter (FR)";"FR";"2026-09-13";"Tout va trop vite";"https://radiofrance.fr/franceinter/podcasts/les-histoires-du-monde"
"France Inter (FR)";"FR";"2026-09-13";"Le Billet de Jessé";"https://radiofrance.fr/franceinter/podcasts/la-chronique-de-jesse"
"France Inter (FR)";"FR";"2026-09-13";"L'édito de Dov Alfon";"https://radiofrance.fr/franceinter/podcasts/dov-alfon-en-toute-subjectivite"
"France Inter (FR)";"FR";"2026-09-13";"Soft planète";"https://radiofrance.fr/franceinter/podcasts/soft-planete"
"France Inter (FR)";"FR";"2026-09-13";"Un jeudi soir sur la terre";"https://radiofrance.fr/franceinter/podcasts/un-jeudi-soir-sur-la-terre"
"France Inter (FR)";"FR";"2026-09-13";"Le petit carnet de campagne";"https://radiofrance.fr/franceinter/podcasts/petits-carnets-de-campagne"
"France Inter (FR)";"FR";"2026-09-13";"Chez la belle-famille";"https://radiofrance.fr/franceinter/podcasts/chez-la-belle-famille"
"France Inter (FR)";"FR";"2026-09-13";"Que s’est-il passé en Europe entre les XIVe et XVIe siècles pour qu’on ose parler de ""Renaissance""  ?";"https://radiofrance.fr/franceinter/podcasts/serie-que-s-est-il-passe-en-europe-entre-les-xive-et-xvie-siecles-pour-qu-on-ose-parler-de-renaissance"
"France Inter (FR)";"FR";"2026-09-13";"Masterclass autour de Jay-Z et de l’album ""The Blueprint""";"https://radiofrance.fr/franceinter/podcasts/masterclass-d-inter/les-masterclass-d-inter-du-vendredi-11-septembre-2026-5317913"
"France Inter (FR)";"FR";"2026-09-13";"Un chantier de fouille archéologique aux portes de Paris";"https://radiofrance.fr/franceinter/podcasts/serie-un-chantier-de-fouille-archeologique-aux-portes-de-paris"
"France Inter (FR)";"FR";"2026-09-13";"Comment Versailles, de simple pavillon de chasse, est-il devenu le symbole de la monarchie française ?";"https://radiofrance.fr/franceinter/podcasts/serie-comment-versailles-de-simple-pavillon-de-chasse-est-il-devenu-le-symbole-de-la-monarchie-francaise"
"France Inter (FR)";"FR";"2026-09-13";"The Cure en concert exceptionnel au festival Rock en Seine";"https://radiofrance.fr/franceinter/podcasts/les-concerts-d-inter/concert-inter-the-cure-3228788"
"France Inter (FR)";"FR";"2026-09-13";"La réunionite, ça se soigne !";"https://radiofrance.fr/franceinter/podcasts/interception/la-reunionite-ca-se-soigne-5898790"
"France Inter (FR)";"FR";"2026-09-13";"""La Vie d'une femme"", ""Les Survivants du Che"" et ""Pressure"" : les sorties ciné de la semaine";"https://radiofrance.fr/franceinter/podcasts/cine-mercredi/mercredi-cinema-du-mercredi-09-septembre-2026-2879160"
"France Inter (FR)";"FR";"2026-09-13";"Ciné mercredi";"https://radiofrance.fr/franceinter/podcasts/mercredi-cinema"
"France Inter (FR)";"FR";"2026-09-13";"Guerre civile en Birmanie : le récit de l'après-Aung San Suu Kyi";"https://radiofrance.fr/franceinter/podcasts/l-info-de-france-inter/guerre-civile-en-birmanie-le-recit-de-l-apres-aung-san-suu-kyi-4840303"
"France Inter (FR)";"FR";"2026-09-13";"Iyad Ag Ghali, le djihadiste qui défie le Mali";"https://radiofrance.fr/franceinter/podcasts/l-info-de-france-inter/iyad-ag-ghali-le-djihadiste-qui-defile-le-mali-4200074"
"France Inter (FR)";"FR";"2026-09-13";"C'est la rentrée des P'tits Bateaux";"https://radiofrance.fr/franceinter/podcasts/serie-c-est-la-rentree-des-p-tits-bateaux"
"France Inter (FR)";"FR";"2026-09-13";"Cache-cache";"https://radiofrance.fr/franceinter/podcasts/serie-cache-cache"
"France Inter (FR)";"FR";"2026-09-13";"Tina et les boucliers de Mars";"https://radiofrance.fr/franceinter/podcasts/serie-tina-et-les-boucliers-de-mars"
"France Inter (FR)";"FR";"2026-09-13";"Les aventures du professeur Caillou";"https://radiofrance.fr/franceinter/podcasts/les-aventures-du-professeur-caillou"
"France Inter (FR)";"FR";"2026-09-13";"Bestioles, nouveaux épisodes !";"https://radiofrance.fr/franceinter/podcasts/bestioles"
"France Inter (FR)";"FR";"2026-09-13";"Une histoire et... Oli, nouveaux épisodes !";"https://radiofrance.fr/franceinter/podcasts/une-histoire-et-oli"
"France Inter (FR)";"FR";"2026-09-13";"Les Odyssées, nouveaux épisodes !";"https://radiofrance.fr/franceinter/podcasts/les-odyssees"
"France Inter (FR)";"FR";"2026-09-13";"Mini vulgaire : les véhicules";"https://radiofrance.fr/franceinter/podcasts/serie-mini-vulgaire-les-vehicules"
"France Inter (FR)";"FR";"2026-09-13";"Chuchote-moi une histoire";"https://radiofrance.fr/franceinter/podcasts/chuchote-moi-une-histoire"
"France Inter (FR)";"FR";"2026-09-13";"L'invitée : Anne Simonin, historienne et directrice de recherche au CNRS";"https://radiofrance.fr/franceinter/podcasts/affaires-sensibles/affaires-sensibles-l-invite-du-vendredi-11-septembre-2026-2697327"
"France Inter (FR)";"FR";"2026-09-13";"Affaires sensibles";"https://radiofrance.fr/franceinter/podcasts/affaires-sensibles"
"France Inter (FR)";"FR";"2026-09-13";"""La Question"" d'Henri Alleg, le livre qui dénonce la torture durant la guerre d'Algérie - Le récit";"https://radiofrance.fr/franceinter/podcasts/affaires-sensibles/affaires-sensibles-le-recit-du-vendredi-11-septembre-2026-3448833"
"France Inter (FR)";"FR";"2026-09-13";"La Question de Henri Alleg, en direct et en public du Livre sur la place à Nancy  - L'intégrale";"https://radiofrance.fr/franceinter/podcasts/affaires-sensibles/la-question-de-henri-alleg-en-direct-et-en-public-du-livre-sur-la-place-a-nancy-l-integrale-2422155"
"France Inter (FR)";"FR";"2026-09-13";"L'invité : Gérard Mordillat, écrivain et réalisateur";"https://radiofrance.fr/franceinter/podcasts/affaires-sensibles/affaires-sensibles-l-invite-du-jeudi-10-septembre-2026-7820028"
"France Inter (FR)";"FR";"2026-09-13";"Les concerts d'Inter";"https://radiofrance.fr/franceinter/podcasts/les-concerts-d-inter"
"France Inter (FR)";"FR";"2026-09-13";"Le Masque et Patrick Modiano";"https://radiofrance.fr/franceinter/podcasts/serie-le-masque-et-patrick-modiano"
"France Inter (FR)";"FR";"2026-09-13";"Révélations";"https://radiofrance.fr/franceinter/podcasts/revelations"
"France Inter (FR)";"FR";"2026-09-13";"Afghanistan, le tourisme sans les femmes";"https://radiofrance.fr/franceinter/podcasts/interception/interception-du-dimanche-08-mars-2026-4136320"
"France Inter (FR)";"FR";"2026-09-13";"Taylor Swift, le monde, ma fille et moi";"https://radiofrance.fr/franceinter/podcasts/taylor-swift-le-monde-ma-fille-et-moi"
"France Inter (FR)";"FR";"2026-09-13";"Les déportés";"https://radiofrance.fr/franceinter/podcasts/serie-les-deportes"
"France Inter (FR)";"FR";"2026-09-13";"Etats-Unis : ce pays qui marie ses enfants";"https://radiofrance.fr/franceinter/podcasts/interception/interception-du-dimanche-05-mars-2023-8505277"
"France Inter (FR)";"FR";"2026-09-13";"Sur les traces d'Ousmane Dembélé";"https://radiofrance.fr/franceinter/podcasts/serie-sur-les-traces-d-ousmane-dembele"
"France Inter (FR)";"FR";"2026-09-13";"Pourquoi il n'y a pas d'œuvres d'enfants dans les musées alors qu'il y a des artistes qui peignent comme des enfants ?";"https://radiofrance.fr/franceinter/podcasts/les-p-tits-bateaux/les-p-tits-bateaux-du-samedi-12-septembre-2026-6084253"
"France Inter (FR)";"FR";"2026-09-13";"Les P'tits Bateaux";"https://radiofrance.fr/franceinter/podcasts/les-p-tits-bateaux"
"France Inter (FR)";"FR";"2026-09-13";"Je suis professeure et j’ai perdu les clés de mon collège. L’établissement me demande de payer. En a-t-il le droit ?";"https://radiofrance.fr/franceinter/podcasts/ma-vie-au-boulot/ma-vie-au-boulot-du-samedi-12-septembre-2026-8012209"
"France Inter (FR)";"FR";"2026-09-13";"Ma vie au boulot";"https://radiofrance.fr/franceinter/podcasts/ma-vie-au-boulot"
"France Inter (FR)";"FR";"2026-09-13";"Prix du token : un nouveau coût pour les entreprises ?";"https://radiofrance.fr/franceinter/podcasts/le-reportage-d-on-n-arrete-pas-l-eco/le-reportage-d-on-n-arrete-pas-l-eco-du-samedi-12-septembre-2026-1877316"
"France Inter (FR)";"FR";"2026-09-13";"Le Reportage d'On n'arrête pas l'éco";"https://radiofrance.fr/franceinter/podcasts/le-reportage-d-on-n-arrete-pas-l-eco"
"France Inter (FR)";"FR";"2026-09-13";"A 50 jours des midterms, l'économie américaine est-elle en train  de vaciller ?";"https://radiofrance.fr/franceinter/podcasts/le-debat-d-on-n-arrete-pas-l-eco/le-debat-d-on-n-arrete-pas-l-eco-du-samedi-12-septembre-2026-3380000"
"France Inter (FR)";"FR";"2026-09-13";"Le Débat d'On n'arrête pas l'éco";"https://radiofrance.fr/franceinter/podcasts/on-n-arrete-pas-le-debat"
"France Inter (FR)";"FR";"2026-09-13";"Pourquoi l'eau de mer est-elle salée ?";"https://radiofrance.fr/franceinter/podcasts/juste-avant-le-big-bang/juste-avant-le-big-bang-du-samedi-12-septembre-2026-6991342"
"France Inter (FR)";"FR";"2026-09-13";"Juste avant le Big Bang";"https://radiofrance.fr/franceinter/podcasts/juste-avant-le-big-bang"
"France Inter (FR)";"FR";"2026-09-13";"Le courage et la joie : comment résister à la tempête fasciste";"https://radiofrance.fr/franceinter/podcasts/tout-va-bien-dans-ce-monde/tout-va-bien-dans-ce-monde-du-vendredi-11-septembre-2026-9272396"
"France Inter (FR)";"FR";"2026-09-13";"Tout va bien dans ce monde";"https://radiofrance.fr/franceinter/podcasts/tout-va-bien-dans-ce-monde"
"France Inter (FR)";"FR";"2026-09-13";"Priscillia Ludosky réconcilie le social et l'écologie";"https://radiofrance.fr/franceinter/podcasts/la-terre-au-carre/la-terre-au-carre-du-vendredi-11-septembre-2026-3691700"
"France Inter (FR)";"FR";"2026-09-13";"La Terre au carré";"https://radiofrance.fr/franceinter/podcasts/la-terre-au-carre"
"France Inter (FR)";"FR";"2026-09-13";"Les Semeurs de santé : réseau d'entraide pour une approche plus solidaire de la santé";"https://radiofrance.fr/franceinter/podcasts/carnets-de-campagne/carnets-de-campagne-du-vendredi-11-septembre-2026-8111077"
"France Inter (FR)";"FR";"2026-09-13";"Carnets de campagne";"https://radiofrance.fr/franceinter/podcasts/carnets-de-campagne"
"France Inter (FR)";"FR";"2026-09-13";"La transparence salariale";"https://radiofrance.fr/franceinter/podcasts/conversation/la-conversation-du-samedi-12-septembre-2026-1472500"
"France Inter (FR)";"FR";"2026-09-13";"Conversation";"https://radiofrance.fr/franceinter/podcasts/conversation"
"France Inter (FR)";"FR";"2026-09-13";"Le 18/20 du samedi du samedi 12 septembre 2026";"https://radiofrance.fr/franceinter/podcasts/le-18-20/le-18-20-du-samedi-du-samedi-12-septembre-2026-3311368"
"France Inter (FR)";"FR";"2026-09-13";"A Saint-Pol-de Léon avec Anne Berest !";"https://radiofrance.fr/franceinter/podcasts/c-est-loin-mais-c-est-beau/c-est-loin-mais-c-est-beau-du-samedi-12-septembre-2026-2501869"
"France Inter (FR)";"FR";"2026-09-13";"""La tragédie de Bernard Natan, l'homme le plus détesté de France""";"https://radiofrance.fr/franceinter/podcasts/delmas-fait-son-cinema/delmas-fait-son-cinema-du-samedi-12-septembre-2026-9111341"
"France Inter (FR)";"FR";"2026-09-13";"Delmas fait son cinéma";"https://radiofrance.fr/franceinter/podcasts/delmas-fait-son-cinema"
"France Inter (FR)";"FR";"2026-09-13";"Existe-t-il des super-héros sans super-pouvoir ?";"https://radiofrance.fr/franceinter/podcasts/les-p-tits-bateaux/les-p-tits-bateaux-du-vendredi-11-septembre-2026-8652789"
"France Inter (FR)";"FR";"2026-09-13";"Pourquoi est-ce que le toucher nous est vital ?";"https://radiofrance.fr/franceinter/podcasts/grand-bien-vous-fasse/grand-bien-vous-fasse-du-vendredi-11-septembre-2026-4793306"
"France Inter (FR)";"FR";"2026-09-13";"Grand bien vous fasse !";"https://radiofrance.fr/franceinter/podcasts/grand-bien-vous-fasse"
"France Inter (FR)";"FR";"2026-09-13";"Sommes-nous (encore) capables de valoriser nos inachèvements ?";"https://radiofrance.fr/franceinter/podcasts/recto-verso/recto-invite-3-du-samedi-12-septembre-2026-3279003"
"France Inter (FR)";"FR";"2026-09-13";"Pauvre petite chose qui respire…";"https://radiofrance.fr/franceinter/podcasts/le-pas-de-cote-de-christophe-andre/le-pas-de-cote-de-christophe-andre-du-mardi-08-septembre-2026-9388498"
"France Inter (FR)";"FR";"2026-09-13";"Le pas de côté de Christophe André";"https://radiofrance.fr/franceinter/podcasts/le-pas-de-cote-de-christophe-andre"
"France Inter (FR)";"FR";"2026-09-13";"Comment la respiration régule-t-elle nos émotions ?";"https://radiofrance.fr/franceinter/podcasts/grand-bien-vous-fasse/grand-bien-vous-fasse-du-mardi-08-septembre-2026-5122377"
"France Inter (FR)";"FR";"2026-09-13";"Le rêve olympique de 2030 fait du hors-piste";"https://radiofrance.fr/franceinter/podcasts/l-edito-sport/la-chronique-de-nathalie-iannetta-du-vendredi-11-septembre-2026-3712773"
"France Inter (FR)";"FR";"2026-09-13";"L'Édito sport";"https://radiofrance.fr/franceinter/podcasts/la-chronique-de-nathalie-iannetta"
"France Inter (FR)";"FR";"2026-09-13";"Edgar Grospiron démissionne des JO-2030 : ""Peut-être que le costume était un peu trop grand"", estime Sandrine Lefèvre";"https://radiofrance.fr/franceinter/podcasts/l-invite-de-6h20/la-question-de-6h20-du-vendredi-11-septembre-2026-2044621"
"France Inter (FR)";"FR";"2026-09-13";"L'invité de 6h20";"https://radiofrance.fr/franceinter/podcasts/l-invite-de-6h20"
"France Inter (FR)";"FR";"2026-09-13";"Playlist Sound System du dimanche 13 septembre 2026";"https://radiofrance.fr/franceinter/podcasts/la-playlist-sound-system/playlist-sound-system-du-dimanche-13-septembre-2026-7981309"
"France Inter (FR)";"FR";"2026-09-13";"La Playlist Sound System";"https://radiofrance.fr/franceinter/podcasts/la-playlist-de-nuit"
"France Inter (FR)";"FR";"2026-09-13";"« L’homme à tête de chou » l’album moitié légume, moitié mec de Serge Gainsbourg";"https://radiofrance.fr/franceinter/podcasts/et-je-remets-l-album/et-je-remets-l-album-du-samedi-12-septembre-2026-5996819"
"France Inter (FR)";"FR";"2026-09-13";"Et je remets l'album";"https://radiofrance.fr/franceinter/podcasts/et-je-remets-l-album"
"France Culture (FR)";"FR";"2026-09-13";"Abeilles solitaires : la majorité silencieuse";"https://radiofrance.fr/franceculture/podcasts/la-science-cqfd/abeilles-solitaires-la-majorite-silencieuse-2210765"
"France Culture (FR)";"FR";"2026-09-13";"Chaleur, sécheresse : quel avenir pour les tomates ?";"https://radiofrance.fr/franceculture/podcasts/les-bonnes-choses/l-ete-des-tomates-9615538"
"France Culture (FR)";"FR";"2026-09-13";"L'Arabie saoudite prise en étau après la mainmise des Houthis pro-iraniens sur le détroit de Bab el-Mandeb";"https://radiofrance.fr/franceculture/podcasts/journal-de-8-h/l-arabie-saoudite-prise-en-etau-apres-la-main-mise-des-houthis-pro-iraniens-sur-le-detroit-de-bab-el-mandeb-1360155"
"France Culture (FR)";"FR";"2026-09-13";"Journal de 8 h";"https://radiofrance.fr/franceculture/podcasts/journal-de-8-h"
"France Culture (FR)";"FR";"2026-09-13";"Détroit de Bab Al-Mandeb : des tensions délétères pour l'économie égyptienne";"https://radiofrance.fr/franceculture/podcasts/le-journal-de-l-eco/detroit-de-bab-al-mandeb-des-tensions-deleteres-pour-l-economie-egyptienne-4125670"
"France Culture (FR)";"FR";"2026-09-13";"Le Journal de l'éco";"https://radiofrance.fr/franceculture/podcasts/le-journal-de-l-eco"
"France Culture (FR)";"FR";"2026-09-13";"Yémen : que sait-on des capacités militaires des Houthis ?";"https://radiofrance.fr/franceculture/podcasts/les-enjeux-internationaux/yemen-que-sait-on-des-capacites-militaires-des-houthis-2319128"
"France Culture (FR)";"FR";"2026-09-13";"Les Enjeux internationaux";"https://radiofrance.fr/franceculture/podcasts/les-enjeux-internationaux"
"France Culture (FR)";"FR";"2026-09-13";"Prévenir le suicide";"https://radiofrance.fr/franceculture/podcasts/serie-prevenir-le-suicide"
"France Culture (FR)";"FR";"2026-09-13";"En Europe, les partis centristes paralysés face à l’extrême droite ?";"https://radiofrance.fr/franceculture/podcasts/l-invite-e-des-matins/en-europe-les-partis-centristes-paralyses-face-a-l-extreme-droite-4663661"
"France Culture (FR)";"FR";"2026-09-13";"50 ans après la mort de Mao, quels héritages dans la Chine de Xi Jinping ?";"https://radiofrance.fr/franceculture/podcasts/les-enjeux-internationaux/50-ans-apres-la-mort-de-mao-quels-heritages-dans-la-chine-de-xi-jinping-6937801"
"France Culture (FR)";"FR";"2026-09-13";"L'ombre de Mao";"https://radiofrance.fr/franceculture/podcasts/serie-l-ombre-de-mao"
"France Culture (FR)";"FR";"2026-09-13";"Moi aussi je vais partir";"https://radiofrance.fr/franceculture/podcasts/la-serie-fiction/moi-aussi-je-vais-partir-5776230"
"France Culture (FR)";"FR";"2026-09-13";"Funérailles de Ratko Mladić : le jeu politique du président serbe Aleksandar Vučić";"https://radiofrance.fr/franceculture/podcasts/la-revue-de-presse-internationale/funerailles-de-ratko-mladic-le-jeu-politique-du-president-serbe-aleksandar-vucic-4322677"
"France Culture (FR)";"FR";"2026-09-13";"La Revue de presse internationale";"https://radiofrance.fr/franceculture/podcasts/revue-de-presse-internationale"
"France Culture (FR)";"FR";"2026-09-13";"Ceuta : d’une crise migratoire à une crise diplomatique ?";"https://radiofrance.fr/franceculture/podcasts/les-enjeux-internationaux/ceuta-d-une-crise-migratoire-a-une-crise-diplomatique-8508602"
"France Culture (FR)";"FR";"2026-09-13";"Russie et Inde renforcent leurs liens sur l’énergie et la défense";"https://radiofrance.fr/franceculture/podcasts/le-journal-de-l-eco/russie-et-inde-renforcent-leurs-liens-sur-l-energie-et-la-defense-8269390"
"France Culture (FR)";"FR";"2026-09-13";"Photographie : dans les coulisses du fort de Saint-Cyr, incroyable temple de conservation de millions de clichés";"https://radiofrance.fr/franceculture/podcasts/l-info-culturelle-reportages-enquetes-analyses/photographie-dans-les-coulisses-du-fort-de-saint-cyr-incroyable-temple-de-conservation-de-millions-de-cliches-8668697"
"France Culture (FR)";"FR";"2026-09-13";"L'Info culturelle : reportages, enquêtes, analyses";"https://radiofrance.fr/franceculture/podcasts/l-actualite-culturelle-reportages-enquetes-analyses"
"France Culture (FR)";"FR";"2026-09-13";"Journal de 10h";"https://radiofrance.fr/franceculture/podcasts/journal-de-10h"
"France Culture (FR)";"FR";"2026-09-13";"Kae Tempest : retour au roman";"https://radiofrance.fr/franceculture/podcasts/le-book-club/kae-tempest-retour-au-roman-2794282"
"France Culture (FR)";"FR";"2026-09-13";"""Nous aussi"" d'Anne Godard : la force du ""on""";"https://radiofrance.fr/franceculture/podcasts/le-regard-culturel/le-regard-culturel-chronique-du-mercredi-09-septembre-2026-5280197"
"France Culture (FR)";"FR";"2026-09-13";"Antoine Volodine et les 11 romans d'Infernus Johannes : le post-exotisme, bouquet final";"https://radiofrance.fr/franceculture/podcasts/mauvais-genres/operation-volodine-le-post-exotisme-bouquet-final-1076220"
"France Culture (FR)";"FR";"2026-09-13";"""Debout dans tes rêves"" d'Abdellah Taïa, une histoire d'amitié";"https://radiofrance.fr/franceculture/podcasts/le-book-club/promesses-avec-abdellah-taia-4947356"
"France Culture (FR)";"FR";"2026-09-13";"""Mais que fait ce sang sur le pull de Jennifer ?"" de Lucie Rico, ou l’obsession d’une phrase inachevée";"https://radiofrance.fr/franceculture/podcasts/le-book-club/lucie-rico-ou-l-obsession-d-une-phrase-inachevee-4284547"
"France Culture (FR)";"FR";"2026-09-13";"Écrire l’inceste selon Daria Marx dans ""Tuer le vieux""";"https://radiofrance.fr/franceculture/podcasts/les-midis-de-culture/tuer-le-vieux-ecrire-l-inceste-selon-daria-marx-8396852"
"France Culture (FR)";"FR";"2026-09-13";"Premier roman : ""Abdallah Superstar"", un conte électro entre la France et Djibouti";"https://radiofrance.fr/franceculture/podcasts/l-invite-e-des-matins-d-ete/abdallah-superstar-un-conte-electro-entre-la-france-et-djibouti-3189093"
"France Culture (FR)";"FR";"2026-09-13";"""Septentrionale"" de Karim Kattan, sur les routes de Palestine";"https://radiofrance.fr/franceculture/podcasts/l-invite-e-des-matins-d-ete/l-invite-e-des-matins-emission-du-lundi-24-aout-2026-8878108"
"France Culture (FR)";"FR";"2026-09-13";"Les Mystères des lieux";"https://radiofrance.fr/franceculture/podcasts/les-mysteres-des-lieux"
"France Culture (FR)";"FR";"2026-09-13";"Le Point culture XXL : l'agenda";"https://radiofrance.fr/franceculture/podcasts/le-point-culture-xxl-l-agenda"
"France Culture (FR)";"FR";"2026-09-13";"Au nom du droit";"https://radiofrance.fr/franceculture/podcasts/au-nom-du-droit"
"France Culture (FR)";"FR";"2026-09-13";"Questions du soir : le débat";"https://radiofrance.fr/franceculture/podcasts/le-temps-du-debat"
"France Culture (FR)";"FR";"2026-09-13";"Les Midis de Culture";"https://radiofrance.fr/franceculture/podcasts/les-midis-de-culture"
"France Culture (FR)";"FR";"2026-09-13";"Avec philosophie";"https://radiofrance.fr/franceculture/podcasts/avec-philosophie"
"France Culture (FR)";"FR";"2026-09-13";"Le Point idées : le journal des sciences sociales";"https://radiofrance.fr/franceculture/podcasts/le-point-idees"
"France Culture (FR)";"FR";"2026-09-13";"Les Matins";"https://radiofrance.fr/franceculture/podcasts/les-matins"
"France Culture (FR)";"FR";"2026-09-13";"Questions du soir : l'idée";"https://radiofrance.fr/franceculture/podcasts/l-idee-questions-du-soir"
"France Culture (FR)";"FR";"2026-09-13";"La Science, CQFD";"https://radiofrance.fr/franceculture/podcasts/la-science-cqfd"
"France Culture (FR)";"FR";"2026-09-13";"""L'Enfer"" de Dante, voyage au centre de soi-même";"https://radiofrance.fr/franceculture/podcasts/serie-l-enfer-de-dante"
"France Culture (FR)";"FR";"2026-09-13";"En campagne";"https://radiofrance.fr/franceculture/podcasts/serie-en-campagne"
"France Culture (FR)";"FR";"2026-09-13";"""Le Grand Monde"" de Pierre Lemaitre";"https://radiofrance.fr/franceculture/podcasts/serie-le-grand-monde-de-pierre-lemaitre"
"France Culture (FR)";"FR";"2026-09-13";"Parfumerie : la fabrique des nez";"https://radiofrance.fr/franceculture/podcasts/serie-parfumerie-la-fabrique-des-nez"
"France Culture (FR)";"FR";"2026-09-13";"La fin, et après ?";"https://radiofrance.fr/franceculture/podcasts/serie-philosophie-de-la-fin"
"France Culture (FR)";"FR";"2026-09-13";"Le climat et les humains";"https://radiofrance.fr/franceculture/podcasts/serie-le-climat-et-les-humains"
"France Culture (FR)";"FR";"2026-09-13";"Religieuses, des histoires de sœurs";"https://radiofrance.fr/franceculture/podcasts/serie-religieuses-des-histoires-de-soeurs"
"France Culture (FR)";"FR";"2026-09-13";"L'Instant poésie de Séphora Pondi";"https://radiofrance.fr/franceculture/podcasts/serie-l-instant-poesie-de-sephora-pondi"
"France Culture (FR)";"FR";"2026-09-13";"Lecture de ""Amok"" de Stefan Zweig";"https://radiofrance.fr/franceculture/podcasts/serie-amok-de-stefan-zweig"
"France Culture (FR)";"FR";"2026-09-13";"""La Vie d'une femme"" : pas vraiment au bord de la crise de nerfs";"https://radiofrance.fr/franceculture/podcasts/le-regard-culturel/le-regard-culturel-chronique-du-jeudi-10-septembre-2026-9950081"
"France Culture (FR)";"FR";"2026-09-13";"Le Regard culturel";"https://radiofrance.fr/franceculture/podcasts/la-critique"
"France Culture (FR)";"FR";"2026-09-13";"Le monde après le spécisme - En finir avec l'oppression des animaux";"https://radiofrance.fr/franceculture/podcasts/serie-le-monde-apres-le-specisme-en-finir-avec-l-oppression-des-animaux"
"France Culture (FR)";"FR";"2026-09-13";"Transition énergétique : éteindre un feu hors de contrôle";"https://radiofrance.fr/franceculture/podcasts/serie-transition-energetique-eteindre-un-feu-hors-de-controle"
"France Culture (FR)";"FR";"2026-09-13";"La vie rêvée des oiseaux";"https://radiofrance.fr/franceculture/podcasts/serie-lsd-la-vie-revee-des-oiseaux"
"France Culture (FR)";"FR";"2026-09-13";"Vivre avec les grands feux";"https://radiofrance.fr/franceculture/podcasts/serie-vivre-avec-les-grands-feux"
"France Culture (FR)";"FR";"2026-09-13";"La guerre de l’eau";"https://radiofrance.fr/franceculture/podcasts/serie-la-guerre-de-l-eau"
"France Culture (FR)";"FR";"2026-09-13";"Écologie et résistances";"https://radiofrance.fr/franceculture/podcasts/serie-ecologie-et-resistances"
"France Culture (FR)";"FR";"2026-09-13";"Ciel, mes déchets !";"https://radiofrance.fr/franceculture/podcasts/serie-ciel-mes-dechets"
"France Culture (FR)";"FR";"2026-09-13";"Neige, échos d’une disparition";"https://radiofrance.fr/franceculture/podcasts/serie-neige-echos-d-une-disparition"
"France Culture (FR)";"FR";"2026-09-13";"Le GIEC, un autre machin onusien ?";"https://radiofrance.fr/franceculture/podcasts/serie-le-giec-un-autre-machin-onusien"
"France Culture (FR)";"FR";"2026-09-13";"Une terre qui parle";"https://radiofrance.fr/franceculture/podcasts/serie-une-terre-qui-parle"
"France Culture (FR)";"FR";"2026-09-13";"Un monde en plastique";"https://radiofrance.fr/franceculture/podcasts/serie-un-monde-en-plastique"
"France Culture (FR)";"FR";"2026-09-13";"Des arbres et des hommes";"https://radiofrance.fr/franceculture/podcasts/serie-des-arbres-et-des-hommes"
"France Culture (FR)";"FR";"2026-09-13";"La trilogie des ""J'ai trop..."" de David Lescot";"https://radiofrance.fr/franceculture/podcasts/serie-la-trilogie-des-j-ai-trop-de-david-lescot"
"France Culture (FR)";"FR";"2026-09-13";"""Les Malheurs de Sophie, une comédie musicale"" de Sabine Zovighian et Michael Liot - Saison 2";"https://radiofrance.fr/franceculture/podcasts/serie-les-malheurs-de-sophie-une-comedie-musicale-de-sabine-zovighian-et-michael-liot-saison-2"
"France Culture (FR)";"FR";"2026-09-13";"""Le Petit Chaperon rouge"" de Pierre Senges, d’après le conte de Charles Perrault";"https://radiofrance.fr/franceculture/podcasts/fictions-theatre-et-cie/le-petit-chaperon-rouge-concert-fiction-de-pierre-senges-d-apres-le-conte-de-charles-perrault-1991892"
"France Culture (FR)";"FR";"2026-09-13";"Le Trésor de Rackham le Rouge : les Aventures de Tintin";"https://radiofrance.fr/franceculture/podcasts/serie-le-tresor-de-rackham-le-rouge-les-aventures-de-tintin"
"France Culture (FR)";"FR";"2026-09-13";"LSD, la série documentaire";"https://radiofrance.fr/franceculture/podcasts/lsd-la-serie-documentaire"
"France Culture (FR)";"FR";"2026-09-13";"Les nouveaux réservistes";"https://radiofrance.fr/franceculture/podcasts/les-pieds-sur-terre/les-nouveaux-reservistes-7883240"
"France Culture (FR)";"FR";"2026-09-13";"Les Pieds sur terre";"https://radiofrance.fr/franceculture/podcasts/les-pieds-sur-terre"
"France Culture (FR)";"FR";"2026-09-13";"Le bal du collège de Plestin-les-Grèves 2";"https://radiofrance.fr/franceculture/podcasts/les-pieds-sur-terre/le-bal-du-college-de-plestin-les-greves-2-1684626"
"France Culture (FR)";"FR";"2026-09-13";"Porno : l’ère des plateformes";"https://radiofrance.fr/franceculture/podcasts/les-pieds-sur-terre/porno-l-ere-des-plateformes-6753165"
"France Culture (FR)";"FR";"2026-09-13";"Pauline et les abeilles";"https://radiofrance.fr/franceculture/podcasts/les-pieds-sur-terre/pauline-et-les-abeilles-3153910"
"France Culture (FR)";"FR";"2026-09-13";"Héroïne, le temps des seringues";"https://radiofrance.fr/franceculture/podcasts/serie-heroine-le-temps-des-seringues"
"France Culture (FR)";"FR";"2026-09-13";"Même pas mort";"https://radiofrance.fr/franceculture/podcasts/serie-meme-pas-mort"
"France Culture (FR)";"FR";"2026-09-13";"""Les Eloignés"" de Sophie Maurer";"https://radiofrance.fr/franceculture/podcasts/serie-les-eloignes-de-sophie-maurer"
"France Culture (FR)";"FR";"2026-09-13";"Vie de chien";"https://radiofrance.fr/franceculture/podcasts/serie-vie-de-chien"
"France Culture (FR)";"FR";"2026-09-13";"Mes années Boum, une enquête algérienne";"https://radiofrance.fr/franceculture/podcasts/serie-mes-annees-boum-une-enquete-algerienne"
"France Culture (FR)";"FR";"2026-09-13";"Concert-fiction : Blanche-Neige & sortilèges";"https://radiofrance.fr/franceculture/podcasts/fictions-theatre-et-cie/concert-fiction-blanche-neige-sortileges-3143340"
"France Culture (FR)";"FR";"2026-09-13";"Le journal de ma vie";"https://radiofrance.fr/franceculture/podcasts/serie-le-journal-de-ma-vie"
"France Culture (FR)";"FR";"2026-09-13";"""L'Homme invisible"" de H. G. Wells";"https://radiofrance.fr/franceculture/podcasts/serie-l-homme-invisible-de-h-g-wells"
"France Culture (FR)";"FR";"2026-09-13";"""AfficheTonEx"" de Romain Weber et Constance Vilanova";"https://radiofrance.fr/franceculture/podcasts/serie-affichetonex-ecrit-par-romain-weber"
"France Culture (FR)";"FR";"2026-09-13";"Fureurs";"https://radiofrance.fr/franceculture/podcasts/serie-fureurs"
"France Culture (FR)";"FR";"2026-09-13";"Affaire Grasset : un collectif d'auteurs en résistance";"https://radiofrance.fr/franceculture/podcasts/le-point-culture-xxl-l-entretien/edition-comment-une-revolte-pourrait-elle-faire-evoluer-le-droit-des-auteurs-6716422"
"France Culture (FR)";"FR";"2026-09-13";"Le Point culture";"https://radiofrance.fr/franceculture/podcasts/affaire-en-cours"
"France Culture (FR)";"FR";"2026-09-13";"L'agenda culturel de la semaine avec la comédienne Estelle Meyer";"https://radiofrance.fr/franceculture/podcasts/le-point-culture-xxl-l-agenda/l-agenda-culturel-de-la-semaine-avec-la-comedienne-estelle-meyer-7345444"
"France Culture (FR)";"FR";"2026-09-13";"Qui a peur du grand méchant fan ?";"https://radiofrance.fr/franceculture/podcasts/le-regard-culturel/le-regard-culturel-chronique-du-vendredi-11-septembre-2026-8165505"
"France Culture (FR)";"FR";"2026-09-13";"Gestion de l'espace public : à San Francisco, des agents désarmés réduisent les incivilités";"https://radiofrance.fr/franceculture/podcasts/avec-sciences/gestion-de-l-espace-public-a-san-francisco-des-agents-desarmes-reduisent-les-incivilites-5939311"
"France Culture (FR)";"FR";"2026-09-13";"Avec sciences";"https://radiofrance.fr/franceculture/podcasts/le-journal-des-sciences"
"France Culture (FR)";"FR";"2026-09-13";"La Libre Pensée - Le droit de mourir dans la dignité";"https://radiofrance.fr/franceculture/podcasts/divers-aspects-de-la-pensee-contemporaine/la-libre-pensee-le-droit-de-mourir-dans-la-dignite-9510870"
"France Culture (FR)";"FR";"2026-09-13";"Divers aspects de la pensée contemporaine";"https://radiofrance.fr/franceculture/podcasts/divers-aspects-de-la-pensee-contemporaine"
"France Culture (FR)";"FR";"2026-09-13";"Les synagoques de France depuis le XVIIIe siècle 2/2 Exils et migrations.";"https://radiofrance.fr/franceculture/podcasts/talmudiques/les-synagoques-de-france-depuis-le-xviiie-siecle-2-2-exils-et-migrations-9167578"
"France Culture (FR)";"FR";"2026-09-13";"Talmudiques";"https://radiofrance.fr/franceculture/podcasts/talmudiques"
"France Culture (FR)";"FR";"2026-09-13";"Le patron d'Anthropic, l'américain Dario Amodei, appelle à ralentir la vitesse de développement de l'IA";"https://radiofrance.fr/franceculture/podcasts/journal-de-9h/le-patron-d-anthropic-dario-amodei-appelle-a-ralentir-la-vitesse-de-developpement-de-l-ia-9079560"
"France Culture (FR)";"FR";"2026-09-13";"Journal de 9h";"https://radiofrance.fr/franceculture/podcasts/journal-de-9h"
"France Culture (FR)";"FR";"2026-09-13";"L'or du démon : rencontre avec Ian McGuire";"https://radiofrance.fr/franceculture/podcasts/mauvais-genres/l-or-du-demon-rencontre-avec-ian-mcguire-9391974"
"France Culture (FR)";"FR";"2026-09-13";"Mauvais genres";"https://radiofrance.fr/franceculture/podcasts/mauvais-genres"
"France Culture (FR)";"FR";"2026-09-13";"Zabou Breitman : ""Raymond Depardon m'a dit que le théâtre était le bon endroit pour le documentaire""";"https://radiofrance.fr/franceculture/podcasts/l-avant-scene/l-avant-scene-emission-du-samedi-12-septembre-2026-1363106"
"France Culture (FR)";"FR";"2026-09-13";"L'Avant-scène";"https://radiofrance.fr/franceculture/podcasts/tous-en-scene"
"France Culture (FR)";"FR";"2026-09-13";"Quand Daniel Defoe racontait la peste de Londres de 1665";"https://radiofrance.fr/franceculture/podcasts/les-nuits-de-france-culture/quand-daniel-defoe-racontait-la-peste-de-londres-de-1665-7216016"
"France Culture (FR)";"FR";"2026-09-13";"Les Nuits de France Culture";"https://radiofrance.fr/franceculture/podcasts/les-nuits-de-france-culture"
"France Culture (FR)";"FR";"2026-09-13";"L'islam à l'épreuve de l'intelligence artificielle";"https://radiofrance.fr/franceculture/podcasts/questions-d-islam/l-islam-a-l-epreuve-de-l-intelligence-artificielle-8303841"
"France Culture (FR)";"FR";"2026-09-13";"Questions d'islam";"https://radiofrance.fr/franceculture/podcasts/questions-d-islam"
"France Culture (FR)";"FR";"2026-09-13";"La peste, une histoire de puces";"https://radiofrance.fr/franceculture/podcasts/les-nuits-de-france-culture/la-peste-une-histoire-de-puces-3172798"
"France Culture (FR)";"FR";"2026-09-13";"La peste de l’animal aux humains : un inquiétant précédent ?";"https://radiofrance.fr/franceculture/podcasts/les-nuits-de-france-culture/la-peste-de-l-animal-aux-humains-un-inquietant-precedent-8809539"
"France Culture (FR)";"FR";"2026-09-13";"Vivre en temps de peste";"https://radiofrance.fr/franceculture/podcasts/les-nuits-de-france-culture/vivre-en-temps-de-peste-3393054"
"France Culture (FR)";"FR";"2026-09-13";"Fréquence ZX, un moteur en commun";"https://radiofrance.fr/franceculture/podcasts/l-experience/frequence-zx-un-moteur-en-commun-4645866"
"France Culture (FR)";"FR";"2026-09-13";"L'Expérience";"https://radiofrance.fr/franceculture/podcasts/l-experience"
"France Culture (FR)";"FR";"2026-09-13";"À la Réunion, la pratique vertueuse de l'écopastoralisme";"https://radiofrance.fr/franceculture/podcasts/le-reportage-de-la-redaction/a-la-reunion-la-pratique-vertueuse-de-l-ecopastoralisme-7671520"
"France Culture (FR)";"FR";"2026-09-13";"Le Reportage de la rédaction";"https://radiofrance.fr/franceculture/podcasts/le-reportage-de-la-redaction"
"France Culture (FR)";"FR";"2026-09-13";"Météo-sensibilités";"https://radiofrance.fr/franceculture/podcasts/les-nuits-de-france-culture/meteo-sensibilites-8146880"
"France Culture (FR)";"FR";"2026-09-13";"Retour d'Irak, en proie à la sécheresse";"https://radiofrance.fr/franceculture/podcasts/cultures-monde/retour-d-irak-en-proie-a-la-secheresse-1194206"
"France Culture (FR)";"FR";"2026-09-13";"Cultures Monde";"https://radiofrance.fr/franceculture/podcasts/cultures-monde"
"France Culture (FR)";"FR";"2026-09-13";"Le Rassemblement national est-il prêt à gouverner ? / Le climat a-t-il déjà disparu de la campagne ?";"https://radiofrance.fr/franceculture/podcasts/l-esprit-public/l-esprit-public-emission-du-dimanche-13-septembre-2026-4009711"
"France Culture (FR)";"FR";"2026-09-13";"L'Esprit public";"https://radiofrance.fr/franceculture/podcasts/l-esprit-public"
"France Culture (FR)";"FR";"2026-09-13";"Demain, du lait sans vache ?";"https://radiofrance.fr/franceculture/podcasts/l-invention/demain-du-lait-sans-vache-3503341"
"France Culture (FR)";"FR";"2026-09-13";"L'Invention";"https://radiofrance.fr/franceculture/podcasts/l-invention"
"France Culture (FR)";"FR";"2026-09-13";"Votre cerveau réapprend à être flexible";"https://radiofrance.fr/franceculture/podcasts/votre-cerveau/5-votre-cerveau-reapprend-a-etre-flexible-4919385"
"France Culture (FR)";"FR";"2026-09-13";"Votre cerveau";"https://radiofrance.fr/franceculture/podcasts/votre-cerveau"
"France Culture (FR)";"FR";"2026-09-13";"Nutri-Score : quand la recherche fait face aux lobbies";"https://radiofrance.fr/franceculture/podcasts/les-chantiers-de-la-recherche/nutri-score-quand-la-recherche-fait-face-aux-lobbies-6466282"
"France Culture (FR)";"FR";"2026-09-13";"Les Chantiers de la recherche";"https://radiofrance.fr/franceculture/podcasts/les-chantiers-de-la-recherche"
"France Culture (FR)";"FR";"2026-09-13";"L'été des tomates";"https://radiofrance.fr/franceculture/podcasts/les-bonnes-choses/l-ete-des-tomates-9615538"
"France Culture (FR)";"FR";"2026-09-13";"Les Bonnes Choses";"https://radiofrance.fr/franceculture/podcasts/les-bonnes-choses"
"France Culture (FR)";"FR";"2026-09-13";"La peste, fléau de Dieu ?";"https://radiofrance.fr/franceculture/podcasts/les-nuits-de-france-culture/la-peste-fleau-de-dieu-2146124"
"France Culture (FR)";"FR";"2026-09-13";"Les épidémies dans l’histoire";"https://radiofrance.fr/franceculture/podcasts/les-nuits-de-france-culture/les-epidemies-dans-l-histoire-5918834"
"France Culture (FR)";"FR";"2026-09-13";"La Grande peste de Marseille";"https://radiofrance.fr/franceculture/podcasts/les-nuits-de-france-culture/la-grande-peste-de-marseille-2822171"
"ARTE (FR)";"FR";"2026-09-13";"Guide TV";"https://www.arte.tv/fr/guide/"
"ARTE (FR)";"FR";"2026-09-13";"[Vidéo/Article] Silicon Fucking Valley";"https://www.arte.tv/fr/videos/RC-025898/silicon-fucking-valley/"
"ARTE (FR)";"FR";"2026-09-13";"Silicon Fucking ValleyUne série documentaire sur la vallée de la techUne plongée sans filtre dans la Silicon Valley, guidée par Luc Julia, co-créateur de l’assistant vocal Siri.Documentaire";"https://www.arte.tv/fr/videos/RC-025898/silicon-fucking-valley/"
"ARTE (FR)";"FR";"2026-09-13";"Regarder";"https://www.arte.tv/fr/videos/RC-025898/silicon-fucking-valley/"
"ARTE (FR)";"FR";"2026-09-13";"Info";"https://www.arte.tv/fr/videos/info-et-societe/"
"ARTE (FR)";"FR";"2026-09-13";"Documentaires";"https://www.arte.tv/fr/videos/documentaires-et-reportages/"
"ARTE (FR)";"FR";"2026-09-13";"Séries";"https://www.arte.tv/fr/videos/series-et-fictions/"
"ARTE (FR)";"FR";"2026-09-13";"Émissions";"https://www.arte.tv/fr/videos/emissions/"
"ARTE (FR)";"FR";"2026-09-13";"Concert";"https://www.arte.tv/fr/videos/083668-004-A/tape-queen/"
"ARTE (FR)";"FR";"2026-09-13";"TAPE : QueenRetour sur le parcours d'une icône de la popComment Freddie Mercury a fait entrer la culture queer dans les foyers du monde entier.4 minConcert";"https://www.arte.tv/fr/videos/083668-004-A/tape-queen/"
"ARTE (FR)";"FR";"2026-09-13";"Regarder";"https://www.arte.tv/fr/videos/083668-004-A/tape-queen/"
"ARTE (FR)";"FR";"2026-09-13";"Série";"https://www.arte.tv/fr/videos/RC-024574/de-grace/"
"ARTE (FR)";"FR";"2026-09-13";"De grâceAvec Olivier Gourmet et Panayotis PascotUne tragédie familiale dans l’univers des dockers du Havre. Avec Olivier Gourmet.Série";"https://www.arte.tv/fr/videos/RC-024574/de-grace/"
"ARTE (FR)";"FR";"2026-09-13";"Regarder";"https://www.arte.tv/fr/videos/RC-024574/de-grace/"
"ARTE (FR)";"FR";"2026-09-13";"Bande-annonce";"https://www.arte.tv/fr/videos/RC-024574/?trailer=true"
"ARTE (FR)";"FR";"2026-09-13";"Concert";"https://www.arte.tv/fr/videos/133232-004-A/marguerite/"
"ARTE (FR)";"FR";"2026-09-13";"MargueriteLa révélation pop au Cabaret VertRévélée par la Star Academy, Marguerite livre une performance mêlant sensibilité, franchise et espièglerie.52 minConcert";"https://www.arte.tv/fr/videos/133232-004-A/marguerite/"
"ARTE (FR)";"FR";"2026-09-13";"Regarder";"https://www.arte.tv/fr/videos/133232-004-A/marguerite/"
"ARTE (FR)";"FR";"2026-09-13";"Concert";"https://www.arte.tv/fr/videos/132676-000-A/raye-guests/"
"ARTE (FR)";"FR";"2026-09-13";"Raye & guestsAu Montreux Jazz Festival 2026À l'occasion de la 60e édition du Montreux Jazz Festival, Raye invite sur scène plusieurs stars internationales de la pop.115 minConcertSous-titres. Sous-titresVersion originale. Version originale";"https://www.arte.tv/fr/videos/132676-000-A/raye-guests/"
"ARTE (FR)";"FR";"2026-09-13";"Regarder";"https://www.arte.tv/fr/videos/132676-000-A/raye-guests/"
"ARTE (FR)";"FR";"2026-09-13";"Bande-annonce";"https://www.arte.tv/fr/videos/132676-000-A/?trailer=true"
"ARTE (FR)";"FR";"2026-09-13";"Nouvelles vidéosConcert";"https://www.arte.tv/fr/videos/RC-014483/hellfest/"
"ARTE (FR)";"FR";"2026-09-13";"HellfestRetrouvez les concerts qui ont marqué le festivalRevivez l'édition 2026 du festival incontournable pour les fans de metal !Concert";"https://www.arte.tv/fr/videos/RC-014483/hellfest/"
"ARTE (FR)";"FR";"2026-09-13";"Regarder";"https://www.arte.tv/fr/videos/RC-014483/hellfest/"
"ARTE (FR)";"FR";"2026-09-13";"Concert";"https://www.arte.tv/fr/videos/133654-000-A/selah-sue-and-the-gallands/"
"ARTE (FR)";"FR";"2026-09-13";"Selah Sue and the GallandsSession en plein air au lac LémanPour sa 60e édition, le Montreux Jazz Festival dévoile une session live d’exception avec Selah Sue & The Gallands. 34 minConcert";"https://www.arte.tv/fr/videos/133654-000-A/selah-sue-and-the-gallands/"
"ARTE (FR)";"FR";"2026-09-13";"Regarder";"https://www.arte.tv/fr/videos/133654-000-A/selah-sue-and-the-gallands/"
"ARTE (FR)";"FR";"2026-09-13";"Votre prochaine série vous attend";"https://www.arte.tv/fr/videos/series-et-fictions/"
"ARTE (FR)";"FR";"2026-09-13";"Voir tout";"https://www.arte.tv/fr/videos/series-et-fictions/"
"ARTE (FR)";"FR";"2026-09-13";"Nos films à l'affiche";"https://www.arte.tv/fr/videos/cinema/"
"ARTE (FR)";"FR";"2026-09-13";"Voir tout";"https://www.arte.tv/fr/videos/cinema/"
"ARTE (FR)";"FR";"2026-09-13";"Les documentaires à ne pas manquer";"https://www.arte.tv/fr/videos/documentaires-et-reportages/"
"ARTE (FR)";"FR";"2026-09-13";"Voir tout";"https://www.arte.tv/fr/videos/documentaires-et-reportages/"
"ARTE (FR)";"FR";"2026-09-13";"Culture";"https://www.arte.tv/fr/videos/culture-et-pop/"
"ARTE (FR)";"FR";"2026-09-13";"Voir tout";"https://www.arte.tv/fr/videos/culture-et-pop/"
"ARTE (FR)";"FR";"2026-09-13";"Nos émissions en un coup d'œil";"https://www.arte.tv/fr/videos/emissions/"
"ARTE (FR)";"FR";"2026-09-13";"Voir tout";"https://www.arte.tv/fr/videos/emissions/"
"ARTE (FR)";"FR";"2026-09-13";"Histoire";"https://www.arte.tv/fr/videos/histoire/"
"ARTE (FR)";"FR";"2026-09-13";"Voir tout";"https://www.arte.tv/fr/videos/histoire/"
"ARTE (FR)";"FR";"2026-09-13";"Sciences et technologies";"https://www.arte.tv/fr/videos/sciences/"
"ARTE (FR)";"FR";"2026-09-13";"Voir tout";"https://www.arte.tv/fr/videos/sciences/"
"ARTE (FR)";"FR";"2026-09-13";"Les vidéos les plus vues";"https://www.arte.tv/fr/videos/plus-vues/"
"ARTE (FR)";"FR";"2026-09-13";"Voir tout";"https://www.arte.tv/fr/videos/plus-vues/"
"ARTE (FR)";"FR";"2026-09-13";"Catastrophe - Une série british sur les affres du couple";"https://www.arte.tv/fr/videos/RC-027959/catastrophe/"
"ARTE (FR)";"FR";"2026-09-13";"Taxe-moi, si tu peux ! - Les astuces fiscales des super-riches";"https://www.arte.tv/fr/videos/RC-027810/taxe-moi-si-tu-peux/"
"Time Magazine World (EN)";"EN";"2026-09-13";"The U.S. Is Having One of Its Most Active Wildfire Seasons. Here’s How the Costs Are Adding Up";"https://time.com/article/2026/09/12/the-u-s-is-on-track-for-a-record-wildfire-season-here-s-what-it-could-cost-americans/"
"Time Magazine World (EN)";"EN";"2026-09-13";"At the U.S. Open, Ben Shelton Has America Believing Again";"https://time.com/article/2026/09/12/at-the-u-s-open-ben-shelton-has-america-believing-again/"
"Time Magazine World (EN)";"EN";"2026-09-13";"The Cyclospora Outbreak, By the Numbers";"https://time.com/article/2026/09/11/cyclospora-outbreak-deaths-sickened-states/"
"Time Magazine World (EN)";"EN";"2026-09-13";"How Record U.S. Diesel Prices Could Affect You";"https://time.com/article/2026/09/11/us-diesel-prices-record-high-impact-groceries-american-consumers/"
"Time Magazine World (EN)";"EN";"2026-09-13";"The True Story Behind 'The Uprising'";"https://time.com/article/2026/09/08/the-true-story-behind-the-uprising/"
"Time Magazine World (EN)";"EN";"2026-09-13";"How Trump’s Proposed Census Changes Could Impact States’ Funding—and Political Power";"https://time.com/article/2026/09/11/trump-us-census-changes-proposal-state-federal-funding-congressional-seats/"
"Time Magazine World (EN)";"EN";"2026-09-13";"Yemen’s Houthis Reach Strategic Island in Key Shipping Route";"https://time.com/article/2026/09/11/yemen-houthi-red-sea-bab-el-mandeb-shipping-iran-war/"
"Time Magazine World (EN)";"EN";"2026-09-13";"World's Best Companies of 2026";"https://time.com/article/2026/09/09/worlds-best-companies-of-2026/"
"Time Magazine World (EN)";"EN";"2026-09-13";"Alix Earle's Underwhelming Reality Show";"https://time.com/article/2026/08/28/earle-meets-world-review/"
"Time Magazine World (EN)";"EN";"2026-09-13";"Breaking Down 'Silo' Season 3";"https://time.com/article/2026/09/01/silo-season-3-finale-ending-apple/"
"Time Magazine World (EN)";"EN";"2026-09-13";"The Best TV Shows of 2026 So Far";"https://time.com/article/2026/06/23/best-tv-shows-2026-so-far/"
"Time Magazine World (EN)";"EN";"2026-09-13";"Dating Apps Are Dying";"https://time.com/article/2026/09/09/dating-apps-are-dying/"
"Time Magazine World (EN)";"EN";"2026-09-13";"Inside OpenAI’s RebootInside OpenAI’s Reboot";"https://time.com/article/2026/08/26/openai-sam-altman-interview/"
"Time Magazine World (EN)";"EN";"2026-09-13";"Joseph Gordon-Levitt";"https://time.com/collection/time100-ai/2026/joseph-gordon-levitt/"
"Time Magazine World (EN)";"EN";"2026-09-13";"We Must Defend the Refugee Convention";"https://time.com/article/2026/09/08/we-must-defend-the-refugee-convention/"
"Time Magazine World (EN)";"EN";"2026-09-13";"AI Is at a Turning Point";"https://time.com/article/2026/09/09/ai-is-at-a-turning-point/"
"Time Magazine World (EN)";"EN";"2026-09-13";"The Promise of the Kurdish Peace";"https://time.com/article/2026/09/08/the-promise-of-the-kurdish-peace/"
"Time Magazine World (EN)";"EN";"2026-09-13";"TIME Trailblazers: Designing and Making the Future";"https://time.com/collection/time-trailblazers/2026/"
"Time Magazine World (EN)";"EN";"2026-09-13";"Nighttime Light Exposure Is Linked to Heart Changes";"https://time.com/article/2026/09/11/light-exposure-at-night-is-linked-to-heart-changes/"
"Time Magazine World (EN)";"EN";"2026-09-13";"Health Leaders Talk Expanding Access to Specialty Care";"https://time.com/collection/time100-leadership-forums/2026/the-access-gap-expanding-pathways-to-life-saving-care/"
"Time Magazine World (EN)";"EN";"2026-09-13";"Could Today’s Children Live to 150 Years Old?";"https://time.com/collection/time100-leadership-forums/2026/from-living-longer-to-living-better-the-new-lens-of-longevity/"
"Time Magazine World (EN)";"EN";"2026-09-13";"What Maria Shriver Wants Women to Know About Their Brain Health";"https://time.com/collection/time100-leadership-forums/2026/keynote-the-fight-for-women-s-brain-health/"
"Time Magazine World (EN)";"EN";"2026-09-13";"Experts Discuss Breakthroughs In Beating Cancer";"https://time.com/collection/time100-leadership-forums/2026/from-treatment-to-cure-the-breakthrough-science-to-beat-cancer/"
"Time Magazine World (EN)";"EN";"2026-09-13";"How to Make Chronic Care Fit Into Patients’ Lives";"https://time.com/collection/time100-leadership-forums/2026/designed-for-life-rethinking-chronic-care-around-patients/"
"Time Magazine World (EN)";"EN";"2026-09-13";"The Truth Behind 'A Killer Story'";"https://time.com/article/2026/09/08/a-killer-story-hbo-dana-chandler/"
"Time Magazine World (EN)";"EN";"2026-09-13";"White House Removes ‘Build the Wall’ Game After Tetris Rebuke";"https://time.com/article/2026/09/09/tetris-company-build-the-wall-video-game-trump-white-house/"
"Time Magazine World (EN)";"EN";"2026-09-13";"Review: Robert Pattinson in 'Primetime'";"https://time.com/article/2026/09/06/primetime-review-robert-pattinson/"
"Time Magazine World (EN)";"EN";"2026-09-13";"Review: Lee Chang Dong's 'Possible Love'";"https://time.com/article/2026/09/02/possible-love-review-lee-chang-dong/"
"Time Magazine World (EN)";"EN";"2026-09-13";"Review: Werner Herzog's 'Bucking Fastard'";"https://time.com/article/2026/09/04/bucking-fastard-review-werner-herzog/"
"Time Magazine World (EN)";"EN";"2026-09-13";"AI Should Be a Wake-Up Call For Universities";"https://time.com/article/2026/09/10/ai-should-be-a-wake-up-call-for-universities/"
"Time Magazine World (EN)";"EN";"2026-09-13";"Voters Are Turning to AI for Election Help. The Answers Aren't Always Right";"https://time.com/article/2026/09/10/election-voting-gemini-chatgpt-claude/"
"Time Magazine World (EN)";"EN";"2026-09-13";"AI Is Developing a Culture of Its Own. That Could Be Dangerous";"https://time.com/article/2026/09/10/ai-openai-hugging-face-hack-culture-swarm/"
"Time Magazine World (EN)";"EN";"2026-09-13";"An Anthropic Researcher Quit Over Fears AI Could Kill Us. Here’s Why";"https://time.com/article/2026/09/09/ai-anthropic-openai-jacob-coxon/"
"Time Magazine World (EN)";"EN";"2026-09-13";"The Growing Push to Ban Superintelligent AI";"https://time.com/article/2026/09/08/ban-superintelligence-ai-uk-us-lawmakers/"
"Time Magazine World (EN)";"EN";"2026-09-13";"The Leaders AI Innovation Needs";"https://time.com/article/2026/09/08/the-leaders-ai-innovation-needs/"
"Time Magazine World (EN)";"EN";"2026-09-13";"Will Africa's Next Growth Story Start on the Farm?";"https://time.com/article/2026/09/11/future-africa-farming-sustainability/"
"Time Magazine World (EN)";"EN";"2026-09-13";"What El Niño Means for Fall and Winter Weather";"https://time.com/article/2026/09/11/el-nino-fall-winter-weather-us/"
"Time Magazine World (EN)";"EN";"2026-09-13";"Stop Making These Recycling Mistakes";"https://time.com/article/2026/09/09/easy-recycling-mistakes-to-avoid/"
"Time Magazine World (EN)";"EN";"2026-09-13";"Boosting Africa's Farmers Is a Boost to the Economy";"https://time.com/article/2026/09/02/africa-farmers-economy-future/"
"Time Magazine World (EN)";"EN";"2026-09-13";"Why Is Nepal So Vulnerable to Flooding?";"https://time.com/article/2026/09/01/nepal-flooding-risk-climate-change/"
"Time Magazine World (EN)";"EN";"2026-09-13";"How Should You Prepare For A Super El Niño?";"https://time.com/article/2026/08/31/how-to-prepare-super-el-nino/"
"Icilome (FR)";"FR";"2026-09-13";"Résolution de l’ONU sur les cartes du monde : au Togo, l’ANC dénonce une « manœuvre de diversion »";"https://icilome.com/2026/09/resolution-de-lonu-sur-les-cartes-du-monde-au-togo-lanc-denonce-une-manoeuvre-de-diversion/"
"Icilome (FR)";"FR";"2026-09-13";"Hausse du carburant au Togo : l’opposition dénonce une « asphyxie financière » des ménages";"https://icilome.com/2026/09/hausse-du-carburant-au-togo-lopposition-denonce-une-asphyxie-financiere-des-menages/"
"Icilome (FR)";"FR";"2026-09-13";"Méchanceté gratuite à la Plage";"https://icilome.com/2026/09/mechancete-gratuite-a-la-plage/"
"Icilome (FR)";"FR";"2026-09-13";"Prof Wolou : « Si ce régime a un petit amour pour le Togo, il ne doit pas faire de Ferdinand Ayité un ennemi »";"https://icilome.com/2026/09/prof-wolou-si-ce-regime-a-un-petit-amour-pour-le-togo-il-ne-doit-pas-faire-de-ferdinand-ayite-un-ennemi/"
"Icilome (FR)";"FR";"2026-09-13";"KPESOSO et EPE YE KPE, 363e célébration : Rituel politique et religieux de communion du peuple GUIN";"https://icilome.com/2026/09/kpesoso-et-epe-ye-kpe-363e-celebration-rituel-politique-et-religieux-de-communion-du-peuple-guin/"
"Icilome (FR)";"FR";"2026-09-13";"Même Messi abandonne l’Argentine : Et FAURE ?";"https://icilome.com/2026/09/meme-messi-abandonne-largentine-et-faure/"
"Icilome (FR)";"FR";"2026-09-13";"TRIBUNE | Éducation au Togo : le plaidoyer de Helly GBENE pour une école pilotée par la donnée";"https://icilome.com/2026/09/tribune-education-au-togo-le-plaidoyer-de-helly-gbene-pour-une-ecole-pilotee-par-la-donnee/"
"Icilome (FR)";"FR";"2026-09-13";"Togo- Pollution plastique : ZDP-Togo entre en action sur le littoral de Lomé";"https://icilome.com/2026/09/togo-pollution-plastique-zdp-togo-entre-en-action-sur-le-littoral-de-lome/"
"Icilome (FR)";"FR";"2026-09-13";"Nucléaire : le Togo se positionne, Lomé accueillera le sommet africain NEISA en 2027";"https://icilome.com/2026/09/nucleaire-le-togo-se-positionne-lome-accueillera-le-sommet-africain-neisa-en-2027/"
"Icilome (FR)";"FR";"2026-09-13";"Énergie : pourquoi le nucléaire pourrait changer l’avenir énergétique de l’Afrique et du Togo";"https://icilome.com/2026/09/energie-pourquoi-le-nucleaire-pourrait-changer-lavenir-energetique-de-lafrique-et-du-togo/"
"Icilome (FR)";"FR";"2026-09-13";"Togo – Cyberescroquerie : trois suspects interpellés à Afagnan";"https://icilome.com/2026/09/togo-cyberescroquerie-trois-suspects-interpelles-a-afagnan/"
"Icilome (FR)";"FR";"2026-09-13";"Togo : les prix des produits pétroliers repartent à la hausse";"https://icilome.com/2026/09/togo-les-prix-des-produits-petroliers-repartent-a-la-hausse/"
"Icilome (FR)";"FR";"2026-09-13";"Togo- Jean-Pierre Fabre veut « rendre au peuple la Constitution qu’on lui a volée »";"https://icilome.com/2026/09/togo-jean-pierre-fabre-veut-rendre-au-peuple-la-constitution-quon-lui-a-volee/"
"Icilome (FR)";"FR";"2026-09-13";"Les artistes togolais annoncent des sit-in en octobre";"https://icilome.com/2026/09/les-artistes-togolais-annoncent-des-sit-in-en-octobre/"
"Icilome (FR)";"FR";"2026-09-13";"Togo – Noces de cristal du SYNJIT : hommage aux pionniers et cap sur l’avenir";"https://icilome.com/2026/09/togo-noces-de-cristal-du-synjit-hommage-aux-pionniers-et-cap-sur-lavenir/"
"Icilome (FR)";"FR";"2026-09-13";"Togo – SYNJIT : 15 ans d’engagement syndical, un webinaire pour remobiliser les journalistes togolais";"https://icilome.com/2026/08/togo-synjit-15-ans-dengagement-syndical-un-webinaire-pour-remobiliser-les-journalistes-togolais/"
"Icilome (FR)";"FR";"2026-09-13";"Édito- Au Togo, on n’arrête plus les voleurs, on arrête les vendeurs de journaux";"https://icilome.com/2026/08/edito-au-togo-on-narrete-plus-les-voleurs-on-arrete-les-vendeurs-de-journaux/"
"Icilome (FR)";"FR";"2026-09-13";"Togo- Le PPT dénonce une « caporalisation » de la presse après l’interpellation musclée d’un vendeur de journaux";"https://icilome.com/2026/08/togo-le-ppt-denonce-une-caporalisation-de-la-presse-apres-linterpellation-musclee-dun-vendeur-de-journaux/"
"Icilome (FR)";"FR";"2026-09-13";"Oration On Liberty! Addressed to the People and Governors of Togo";"https://icilome.com/2026/07/oration-on-liberty-addressed-to-the-people-and-governors-of-togo/"
"Icilome (FR)";"FR";"2026-09-13";"Togo- Le SYNJIT prépare ses 15 ans avec de nouvelles cartes de membres";"https://icilome.com/2026/07/togo-le-synjit-prepare-ses-15-ans-avec-de-nouvelles-cartes-de-membres/"
"Icilome (FR)";"FR";"2026-09-13";"Video: Abdoul Aziz Goma Addresses the UN on Repression in Togo";"https://icilome.com/2026/03/video-abdoul-aziz-goma-addresses-the-un-on-repression-in-togo/"
"Icilome (FR)";"FR";"2026-09-13";"Togo – Enquête, pressions et refus de l’exil : le message fort de Roger Amemavoh (Vidéo)";"https://icilome.com/2026/02/togo-enquete-pressions-et-refus-de-lexil-le-message-fort-de-roger-amemavor-video/"
"Icilome (FR)";"FR";"2026-09-13";"Bénin : Le président Talon s’adresse à la nation après la tentative de coup d’État (vidéo)";"https://icilome.com/2025/12/benin-le-president-talon-sadresse-a-la-nation-apres-la-tentative-de-coup-detat-video/"
"Icilome (FR)";"FR";"2026-09-13";"Yves Edoh Agbodjan, alias Togbevi Kpéssé précise les objectifs de la délégation du M66 à New York (Interview)";"https://icilome.com/2025/09/yves-edoh-agbodjan-alias-togbevi-kpesse-precise-les-objectifs-de-la-delegation-du-m66-a-new-york-interview/"
"Icilome (FR)";"FR";"2026-09-13";"Vidéo – Le MO5 rejoint l’appel à la mobilisation du 30 août au Togo";"https://icilome.com/2025/08/video-le-mo5-rejoint-lappel-a-la-mobilisation-du-30-aout-au-togo/"
"Icilome (FR)";"FR";"2026-09-13";"Rentrée scolaire 2026-2027 : le gouvernement reconduit et renforce le dispositif « Rentrée scolaire sûre »";"https://icilome.com/2026/09/rentree-scolaire-2026-2027-le-gouvernement-reconduit-et-renforce-le-dispositif-rentree-scolaire-sure/"
"Icilome (FR)";"FR";"2026-09-13";"QNET ouvre les portes de son siège à des journalistes africains, en Malaisie";"https://icilome.com/2026/09/face-aux-accusations-qnet-ouvre-les-portes-de-son-siege-a-des-journalistes-africains-en-malaisie/"
"Icilome (FR)";"FR";"2026-09-13";"Togo – Journaliste enlevé et violenté à Guérin-Kouka : le PPT interpelle les autorités";"https://icilome.com/2026/09/togo-journaliste-enleve-et-violente-a-guerin-kouka-le-ppt-interpelle-les-autorites/"
"Icilome (FR)";"FR";"2026-09-13";"Togo- Biologie médicale : Du laboratoire aux politiques de santé, les professionnels veulent franchir un cap";"https://icilome.com/2026/09/togo-biologie-medicale-du-laboratoire-aux-politiques-de-sante-les-professionnels-veulent-franchir-un-cap/"
"Icilome (FR)";"FR";"2026-09-13";"Yas Hackathon 2026 : 48 heures pour faire émerger les talents numériques de demain";"https://icilome.com/2026/09/yas-hackathon-2026-48-heures-pour-faire-emerger-les-talents-numeriques-de-demain/"
"Icilome (FR)";"FR";"2026-09-13";"Togo : un journaliste de Tampa Express enlevé et séquestré à Guérin-Kouka, le SYNJIT dénonce un « acte de gangstérisme »";"https://icilome.com/2026/09/togo-un-journaliste-de-tampa-express-enleve-et-sequestre-a-guerin-kouka-le-synjit-denonce-un-acte-de-gangsterisme/"
"Icilome (FR)";"FR";"2026-09-13";"Togo- La liberté de la presse en question, la souveraineté numérique en construction Spécial";"https://icilome.com/2026/09/togo-la-liberte-de-la-presse-en-question-la-souverainete-numerique-en-construction-special/"
"Icilome (FR)";"FR";"2026-09-13";"Togo / « Les routes de l’impossible »: Et si le vrai problème n’était pas le visa, mais ce que les caméras allaient montrer?";"https://icilome.com/2026/09/togo-les-routes-de-limpossible-et-si-le-vrai-probleme-netait-pas-le-visa-mais-ce-que-les-cameras-allaient-montrer/"
"Icilome (FR)";"FR";"2026-09-13";"Togo- Port, OTR et SOTOPLA faciliteraient-ils le vol des voitures à Lomé ?";"https://icilome.com/2026/09/togo-port-otr-et-sotopla-faciliteraient-elles-le-vol-des-voitures-a-lome/"
"Icilome (FR)";"FR";"2026-09-13";"Togo- Enquêtes sur la pauvreté : les Togolais végètent dans la misère, le gouvernement s’intéresse aux chiffres";"https://icilome.com/2026/09/togo-enquetes-sur-la-pauvrete-les-togolais-vegetent-dans-la-misere-le-gouvernement-sinteresse-aux-chiffres/"
"Icilome (FR)";"FR";"2026-09-13";"Togo- Compte rendu du Conseil des ministres Lomé, 7 septembre 2026";"https://icilome.com/2026/09/togo-compte-rendu-du-conseil-des-ministres-lome-7-septembre-2026/"
"Icilome (FR)";"FR";"2026-09-13";"Le Togo intensifie la lutte contre les faux médicaments";"https://icilome.com/2026/09/le-togo-intensifie-la-lutte-contre-les-faux-medicaments/"
"Icilome (FR)";"FR";"2026-09-13";"Faure Gnassingbé à Londres pour accélérer le développement du nucléaire civil";"https://icilome.com/2026/09/faure-gnassingbe-a-londres-pour-accelerer-le-developpement-du-nucleaire-civil/"
"Icilome (FR)";"FR";"2026-09-13";"Nuisances sonores : le défi de faire respecter le calme";"https://icilome.com/2026/09/nuisances-sonores-le-defi-de-faire-respecter-le-calme/"
"Icilome (FR)";"FR";"2026-09-13";"Rapport 2026 Institut V-Dem sur l’état de la démocratie : Togo parmi les pays très actifs dans le recul";"https://icilome.com/2026/09/rapport-2026-institut-v-dem-sur-letat-de-la-democratie-togo-parmi-les-pays-tres-actifs-dans-le-recul/"
"Icilome (FR)";"FR";"2026-09-13";"CIIE 2026 : le CETEF lance un appel à candidature pour sélectionner les exposants togolais";"https://icilome.com/2026/09/ciie-2026-le-cetef-lance-un-appel-a-candidature-pour-selectionner-les-exposants-togolais/"
"Icilome (FR)";"FR";"2026-09-13";"Togo – L’arrêt de la CEDEAO vu par l’ancien ministre malien de la Justice Ismaïla Konaté";"https://icilome.com/2026/09/togo-larret-de-la-cedeao-vu-par-lancien-ministre-malien-de-la-justice-ismaila-konate/"
"Icilome (FR)";"FR";"2026-09-13";"Niger – Les institutions fonctionnent et le pays reste concentré sur sa stabilité malgré tout";"https://icilome.com/2026/09/niger-les-institutions-fonctionnent-et-le-pays-reste-concentre-sur-sa-stabilite-malgre-tout/"
"Icilome (FR)";"FR";"2026-09-13";"« Correct The Map » : l’Union africaine salue le leadership togolais à l’ONU";"https://icilome.com/2026/09/correct-the-map-lunion-africaine-salue-le-leadership-togolais-a-lonu/"
"Icilome (FR)";"FR";"2026-09-13";"Togo : Le tango juridique de maître Gil-Benoit Afangbédji et la déchéance de l’engagement citoyen";"https://icilome.com/2026/09/togo-le-tango-juridique-de-maitre-gil-benoit-afangbedji-et-la-decheance-de-lengagement-citoyen/"
"Icilome (FR)";"FR";"2026-09-13";"Togo- Golfe 1 installe son Cadre de Concertation sur les systèmes alimentaires territorialisés";"https://icilome.com/2026/09/togo-golfe-1-installe-son-cadre-de-concertation-sur-les-systemes-alimentaires-territorialises/"
"Icilome (FR)";"FR";"2026-09-13";"Togo – Madi Djabakate face aux critiques sur l’interprétation de l’arrêt de la CEDEAO";"https://icilome.com/2026/09/togo-madi-djabakate-face-aux-critiques-sur-linterpretation-de-larret-de-la-cedeao/"
"Icilome (FR)";"FR";"2026-09-13";"Diplomatie : À l’ONU, le Togo fait adopter une résolution pour « corriger la carte » du monde";"https://icilome.com/2026/09/diplomatie-a-lonu-le-togo-fait-adopter-une-resolution-pour-corriger-la-carte-du-monde/"
"Icilome (FR)";"FR";"2026-09-13";"Togo : « À nous de dire non », l’appel du Pr Wolou Komi après la décision de la CEDEAO";"https://icilome.com/2026/09/togo-a-nous-de-dire-non-lappel-du-pr-wolou-komi-apres-la-decision-de-la-cedeao/"
"Icilome (FR)";"FR";"2026-09-13";"CEDEAO et réforme constitutionnelle de 2024 au Togo : le CNCC réunit juristes et acteurs politiques autour de l’arrêt";"https://icilome.com/2026/09/cedeao-et-reforme-constitutionnelle-de-2024-au-togo-le-cncc-reunit-juristes-et-acteurs-politiques-autour-de-larret/"
"Icilome (FR)";"FR";"2026-09-13";"Jusqu’où peut-on s’accrocher à un poste politique ?";"https://icilome.com/2026/09/jusquou-peut-on-saccrocher-a-un-poste-politique/"
"Icilome (FR)";"FR";"2026-09-13";"Le Togo lance une nouvelle enquête sur les conditions de vie des ménages";"https://icilome.com/2026/09/le-togo-lance-une-nouvelle-enquete-sur-les-conditions-de-vie-des-menages/"
"Icilome (FR)";"FR";"2026-09-13";"Paris : le parcours du Dr Serge Michel Kodom mis en avant aux Africa Next Awards";"https://icilome.com/2026/09/paris-le-parcours-du-dr-serge-michel-kodom-mis-en-avant-aux-africa-next-awards/"
"Icilome (FR)";"FR";"2026-09-13";"Togo – L’opposition et la société civile dénoncent les menaces contre le journaliste Ferdinand Ayité et lui apportent leur soutien";"https://icilome.com/2026/09/togo-lopposition-et-la-societe-civile-denoncent-les-menaces-contre-le-journaliste-ferdinand-ayite-et-lui-apportent-leur-soutien/"
"Icilome (FR)";"FR";"2026-09-13";"Togo – Arrêt de la CEDEAO : le Réseau panafricain des droits de l’homme charge l’opposition et dénonce une « manœuvre de récupération politicienne »";"https://icilome.com/2026/09/togo-arret-de-la-cedeao-le-reseau-panafricain-des-droits-de-lhomme-charge-lopposition-et-denonce-une-manoeuvre-de-recuperation-politicienne/"
"Icilome (FR)";"FR";"2026-09-13";"Togo – Agression à Lankouvi : la police met la main sur un présumé malfrat";"https://icilome.com/2026/09/togo-agression-a-lankouvi-la-police-met-la-main-sur-un-presume-malfrat/"
"Icilome (FR)";"FR";"2026-09-13";"Togo – Les deux réalisateurs français détenus autorisés à rentrer en France ce jeudi";"https://icilome.com/2026/09/togo-les-deux-realisateurs-francais-detenus-autorises-a-rentrer-en-france-ce-jeudi/"
"Icilome (FR)";"FR";"2026-09-13";"Arrêt de la CEDEAO : Kanka-Malik Natchaba appelle à s’en tenir à la décision et non aux interprétations";"https://icilome.com/2026/09/arret-de-la-cedeao-kanka-malik-natchaba-appelle-a-sen-tenir-a-la-decision-et-non-aux-interpretations/"
"Icilome (FR)";"FR";"2026-09-13";"Sécurité alimentaire, agro-industrie, mines : Lomé et Minsk élargissent leur coopération";"https://icilome.com/2026/09/securite-alimentaire-agro-industrie-mines-lome-et-minsk-elargissent-leur-cooperation/"
"Icilome (FR)";"FR";"2026-09-13";"Togo – Analyses de charge virale : l’INH suspend temporairement certains examens";"https://icilome.com/2026/09/togo-analyses-de-charge-virale-linh-suspend-temporairement-certains-examens/"
"Icilome (FR)";"FR";"2026-09-13";"Togo : De la cartographie considérée comme un art de gouverner";"https://icilome.com/2026/09/togo-de-la-cartographie-consideree-comme-un-art-de-gouverner/"
"Icilome (FR)";"FR";"2026-09-13";"Togo- Le CNCC organise une conférence publique le 4 septembre à Lomé";"https://icilome.com/2026/09/togo-le-cncc-organise-une-conference-publique-le-4-septembre-a-lome/"
"Icilome (FR)";"FR";"2026-09-13";"Togo – « Leur maintien en détention n’est plus nécessaire »";"https://icilome.com/2026/09/togo-leur-maintien-en-detention-nest-plus-necessaire/"
"Icilome (FR)";"FR";"2026-09-13";"Togo – Dans quelles conditions est détenue l’ex-ministre des Armées, Marguerite Gnakadé ?";"https://icilome.com/2026/09/togo-dans-quelles-conditions-est-detenue-lex-ministre-des-armees-marguerite-gnakade/"
"Icilome (FR)";"FR";"2026-09-13";"Médiateur ou preneur d’otage";"https://icilome.com/2026/09/mediateur-ou-preneur-dotage/"
"Icilome (FR)";"FR";"2026-09-13";"Togo – Xénophobie: Une vingtaine de ressortissants rapatriés d’Afrique du Sud";"https://icilome.com/2026/09/togo-xenophobie-une-vingtaine-de-ressortissants-rapatries-dafrique-du-sud/"
"Icilome (FR)";"FR";"2026-09-13";"Togo – Alexander Zingman, l’homme de l’ombre qui gagne du terrain auprès de Faure Gnassingbé";"https://icilome.com/2026/09/togo-alexander-zingman-lhomme-de-lombre-qui-gagne-du-terrain-aupres-de-faure-gnassingbe/"
"Icilome (FR)";"FR";"2026-09-13";"Togo | Culture – À Adangbé, la fête Adjifozan renaît après plus de quarante ans de silence";"https://icilome.com/2026/08/togo-culture-a-adangbe-la-fete-adjifozan-renait-apres-plus-de-quarante-ans-de-silence/"
"Icilome (FR)";"FR";"2026-09-13";"Bible en langues locales : Wycliffe-Togo sonne la mobilisation pour relever le défi";"https://icilome.com/2026/08/bible-en-langues-locales-wycliffe-togo-sonne-la-mobilisation-pour-relever-le-defi/"
"Icilome (FR)";"FR";"2026-09-13";"Togo – Diplomatie: Faure Gnassingbé encore… au Kirghizistan";"https://icilome.com/2026/08/togo-diplomatie-faure-gnassingbe-encore-au-kirghizistan/"
"Togo First (FR)";"FR";"2026-09-13";"« Le temps de l’improvisation administrative est définitivement révolu », Yawo Agbessi Tsogbe, président du GNEBTP";"https://www.togofirst.com/fr/btp/1209-20039-le-temps-de-l-improvisation-administrative-est-definitivement-revolu-yawo-agbessi-tsogbe-president-du-gnebtp"
"Togo First (FR)";"FR";"2026-09-13";"Medede BIDASSA ; Co-fondatrice et CEO, Laitify";"https://www.togofirst.com/fr/trombinoscope/1209-20038-medede-bidassa-co-fondatrice-et-ceo-laitify"
"Togo First (FR)";"FR";"2026-09-13";"Harouna SAWADOGO, Directeur général de CIMCO Industrie SA Togo";"https://www.togofirst.com/fr/trombinoscope/1209-20037-harouna-sawadogo-directeur-general-de-cimco-industrie-sa-togo"
"Togo First (FR)";"FR";"2026-09-13";"À l’Université de Lomé, l’apprentissage des langues étrangères s’élargit dès la rentrée 2026-2027";"https://www.togofirst.com/fr/education/1109-20035-a-l-universite-de-lome-l-apprentissage-des-langues-etrangeres-s-elargit-des-la-rentree-2026-2027"
"Togo First (FR)";"FR";"2026-09-13";"Togo : les recettes fiscales atteignent 507 milliards FCFA à fin juin 2026 en hausse de 14,3%";"https://www.togofirst.com/fr/finances-publiques/1109-20032-togo-les-recettes-fiscales-atteignent-507-milliards-fcfa-a-fin-juin-2026-en-hausse-de-14-3"
"Togo First (FR)";"FR";"2026-09-13";"Le Togo renforce la surveillance de sa sécurité aéroportuaire avec l’appui de l’OACI";"https://www.togofirst.com/fr/transport/1109-20029-le-togo-renforce-la-surveillance-de-sa-securite-aeroportuaire-avec-l-appui-de-l-oaci"
"Togo First (FR)";"FR";"2026-09-13";"Propriété industrielle : l’INPIT appelle les entreprises à protéger leurs actifs immatériels";"https://www.togofirst.com/fr/gouvernance-economique/1109-20028-propriete-industrielle-l-inpit-appelle-les-entreprises-a-proteger-leurs-actifs-immateriels"
"Togo First (FR)";"FR";"2026-09-13";"UEMOA : la BCEAO maintient son taux directeur à 3% malgré la remontée des prix";"https://www.togofirst.com/fr/gouvernance-economique/1109-20027-uemoa-la-bceao-maintient-son-taux-directeur-a-3-malgre-la-remontee-des-prix"
"Togo First (FR)";"FR";"2026-09-13";"Togo : nouvelle hausse des prix à la pompe, le super-sans plomb passe à 817 FCFA";"https://www.togofirst.com/fr/energies/1109-20025-togo-nouvelle-hausse-des-prix-a-la-pompe-le-super-sans-plomb-passe-a-817-fcfa"
"Togo First (FR)";"FR";"2026-09-13";"Badanam Patoki : « Les PPP sont un gage de bonne gouvernance et une garantie pour les investisseurs »";"https://www.togofirst.com/fr/gouvernance-economique/1009-20023-badanam-patoki-les-ppp-sont-un-gage-de-bonne-gouvernance-et-une-garantie-pour-les-investisseurs"
"Togo First (FR)";"FR";"2026-09-13";"Incendie du marché de Kpalimé : d’importants dégâts matériels enregistrés, selon un premier bilan";"https://www.togofirst.com/fr/economie/1009-20021-incendie-du-marche-de-kpalime-d-importants-degats-materiels-enregistres-selon-un-premier-bilan"
"Togo First (FR)";"FR";"2026-09-13";"Au Togo, les importateurs de pagnes plaident pour une meilleure régulation du secteur";"https://www.togofirst.com/fr/gouvernance-economique/1009-20015-au-togo-les-importateurs-de-pagnes-plaident-pour-une-meilleure-regulation-du-secteur"
"Togo First (FR)";"FR";"2026-09-13";"Sécurité alimentaire : la Banque mondiale appuie le Laboratoire national phytosanitaire des aliments";"https://www.togofirst.com/fr/sante/1009-20014-securite-alimentaire-la-banque-mondiale-appuie-le-laboratoire-national-phytosanitaire-des-aliments"
"Togo First (FR)";"FR";"2026-09-13";"Togo : Lomé réunit cinq pays autour de la gestion des déplacements forcés depuis le Sahel";"https://www.togofirst.com/fr/social/1009-20013-togo-lome-reunit-cinq-pays-autour-de-la-gestion-des-deplacements-forces-depuis-le-sahel"
"Togo First (FR)";"FR";"2026-09-13";"Togo AI Lab recrute un responsable technique pour accélérer ses projets d’intelligence artificielle";"https://www.togofirst.com/fr/tic/1009-20012-togo-ai-lab-recrute-un-responsable-technique-pour-accelerer-ses-projets-d-intelligence-artificielle"
"Togo First (FR)";"FR";"2026-09-13";"Nucléaire : le Togo veut transformer l’ambition africaine en projets à Lomé en 2027";"https://www.togofirst.com/fr/energies/1009-20011-nucleaire-le-togo-veut-transformer-l-ambition-africaine-en-projets-a-lome-en-2027"
"Togo First (FR)";"FR";"2026-09-13";"Agbe Florent ATTIOGBE, Directeur général de Sunu Santé";"https://www.togofirst.com/fr/trombinoscope/1009-20006-agbe-florent-attiogbe-directeur-general-de-sunu-sante"
"Togo First (FR)";"FR";"2026-09-13";"Gaëlle Matina EGBIDI, Présidente, TogoTech ; co-fondatrice et CEO, SOLIMI";"https://www.togofirst.com/fr/trombinoscope/1009-20005-gaelle-matina-egbidi-presidente-togotech-co-fondatrice-et-ceo-solimi"
"Togo First (FR)";"FR";"2026-09-13";"Salim Tebonou (HORI) : « J'ai dû démissionner moi-même de la structure que j'avais créée pour repartir de zéro »";"https://www.togofirst.com/fr/gouvernance-economique/0208-19767-salim-tebonou-hori-jai-du-demissionner-moi-meme-de-la-structure-que-javais-creee-pour-repartir-de-zero"
"Togo First (FR)";"FR";"2026-09-13";"FIL 2026 : 70 % de réduction sur les stands pour les femmes et jeunes entrepreneurs";"https://www.togofirst.com/fr/gouvernance-economique/2707-19692-fil-2026-70-de-reduction-sur-les-stands-pour-les-femmes-et-jeunes-entrepreneurs"
"Togo First (FR)";"FR";"2026-09-13";"Togo : plus de 8000 entreprises créées en six mois, un rebond après deux années de recul";"https://www.togofirst.com/fr/gouvernance-economique/0707-19479-togo-plus-de-8000-entreprises-creees-en-six-mois-un-rebond-apres-deux-annees-de-recul"
"Togo First (FR)";"FR";"2026-09-13";"Togo : à Di-Kéti, la certification s'impose comme un levier de croissance pour les TPME";"https://www.togofirst.com/fr/gouvernance-economique/0407-19449-togo-a-di-keti-la-certification-simpose-comme-un-levier-de-croissance-pour-les-tpme"
"Togo First (FR)";"FR";"2026-09-13";"Togo : un fonds de 655 millions FCFA pour financer l’installation des diplômés de l’IFAD-Aquaculture";"https://www.togofirst.com/en/gouvernance-economique/0406-19143-togo-un-fonds-de-655-millions-fcfa-pour-financer-l-installation-des-diplomes-de-l-ifad-aquaculture"
"Togo First (FR)";"FR";"2026-09-13";"Togo : l'ATD accompagne neuf startups EdTech vers l'international";"https://www.togofirst.com/fr/education/0306-19125-togo-latd-accompagne-neuf-startups-edtech-vers-linternational"
"Togo First (FR)";"FR";"2026-09-13";"Togo : après la hausse du prix du carburant, le gouvernement baisse les tarifs de péage";"https://www.togofirst.com/fr/transport/0207-19428-togo-apres-la-hausse-du-prix-du-carburant-le-gouvernement-baisse-les-tarifs-de-peage"
"Togo First (FR)";"FR";"2026-09-13";"Togo : les résultats des examens désormais accessibles gratuitement via le Web, WhatsApp et Telegram";"https://www.togofirst.com/fr/education/0806-19171-togo-les-resultats-des-examens-desormais-accessibles-gratuitement-via-le-web-whatsapp-et-telegram"
"Togo First (FR)";"FR";"2026-09-13";"Le Togolais Kodjo Akpatigbe prend la tête de Deloitte au Togo et au Bénin";"https://www.togofirst.com/fr/finance/0207-19423-le-togolais-kodjo-akpatigbe-prend-la-tete-de-deloitte-au-togo-et-au-benin"
"Togo First (FR)";"FR";"2026-09-13";"Gouvernance et financement du secteur routier : le Togo crée l’AGEROUTE et la SONAFIR";"https://www.togofirst.com/fr/transport/2906-19371-gouvernance-et-financement-du-secteur-routier-le-togo-cree-l-ageroute-et-la-sonafir"
"Togo First (FR)";"FR";"2026-09-13";"Lancement d’une mission d’élaboration des normes de certification pour les entreprises de BTP";"https://www.togofirst.com/"
"Togo First (FR)";"FR";"2026-09-13";"Logement : à Kpomé-Dalavé, Adedze annonce le passage du programme des 20 000 unités à sa phase opérationnelle";"https://www.togofirst.com/fr/gouvernance-economique/1206-19219-logement-a-kpome-dalave-adedze-annonce-le-passage-du-programme-des-20-000-unites-a-sa-phase-operationnelle"
"Togo First (FR)";"FR";"2026-09-13";"Togo : pour une fonction publique plus performante, le gouvernement entend mettre en place un plan national";"https://www.togofirst.com/"
"Togo First (FR)";"FR";"2026-09-13";"Restauration des terres : la FAO lance un appel à projets pour des subventions pouvant atteindre 50 000 $";"https://www.togofirst.com/fr/agro/1506-19233-restauration-des-terres-la-fao-lance-un-appel-a-projets-pour-des-subventions-pouvant-atteindre-50-000"
"Togo First (FR)";"FR";"2026-09-13";"Kennedy Round 2026 : le Japon débloque 800 millions FCFA pour du riz subventionné au Togo";"https://www.togofirst.com/fr/social/0909-19997-kennedy-round-2026-le-japon-debloque-800-millions-fcfa-pour-du-riz-subventionne-au-togo"
"Togo First (FR)";"FR";"2026-09-13";"Faure Gnassingbé : « Le nouveau nucléaire mondial ne se fera pas sans l’Afrique »";"https://www.togofirst.com/fr/energies/0909-19995-faure-gnassingbe-le-nouveau-nucleaire-mondial-ne-se-fera-pas-sans-l-afrique"
"Togo First (FR)";"FR";"2026-09-13";"Inclusion : le Togo prépare un nouveau cadre pour renforcer les droits des personnes handicapées";"https://www.togofirst.com/fr/social/0809-19986-inclusion-le-togo-prepare-un-nouveau-cadre-pour-renforcer-les-droits-des-personnes-handicapees"
"Togo First (FR)";"FR";"2026-09-13";"Justice : le Togo prépare la fusion des professions d’huissier et de commissaire-priseur";"https://www.togofirst.com/fr/justice/0809-19985-justice-le-togo-prepare-la-fusion-des-professions-d-huissier-et-de-commissaire-priseur"
"Togo First (FR)";"FR";"2026-09-13";"Togo : les Classes métiers introduites dès la rentrée 2026-2027";"https://www.togofirst.com/fr/education/0809-19984-togo-les-classes-metiers-introduites-des-la-rentree-2026-2027"
"Togo First (FR)";"FR";"2026-09-13";"Fiscalité : à Lomé, la 3è édition de l'Académie francophone de l’OCDE sur la criminalité fiscale et financière";"https://www.togofirst.com/fr/gouvernance-economique/0809-19983-fiscalite-a-lome-la-3e-edition-de-lacademie-francophone-de-l-ocde-sur-la-criminalite-fiscale-et-financiere"
"Togo First (FR)";"FR";"2026-09-13";"Rentrée scolaire 2026-2027 : le Togo va distribuer plus de 150 000 kits scolaires aux filles";"https://www.togofirst.com/fr/education/0809-19982-rentree-scolaire-2026-2027-le-togo-va-distribuer-plus-de-150-000-kits-scolaires-aux-filles"
"Togo First (FR)";"FR";"2026-09-13";"Togo : création d'une Agence nationale de régulation du médicament et autres produits de santé";"https://www.togofirst.com/fr/sante/0809-19981-togo-creation-dune-agence-nationale-de-regulation-du-medicament-et-autres-produits-de-sante"
"Togo First (FR)";"FR";"2026-09-13";"PPP : « la prévisibilité des flux, la clé du financement bancaire », Estelle Komlan";"https://www.togofirst.com/fr/gouvernance-economique/0709-19978-ppp-la-previsibilite-des-flux-la-cle-du-financement-bancaire-estelle-komlan"
"Togo First (FR)";"FR";"2026-09-13";"Santé visuelle au Togo : près d’un patient sur trois présente un besoin de correction, selon Lapaire";"https://www.togofirst.com/fr/sante/0709-19976-sante-visuelle-au-togo-pres-d-un-patient-sur-trois-presente-un-besoin-de-correction-selon-lapaire"
"Togo First (FR)";"FR";"2026-09-13";"Commerce international : l’OTR rappelle l’exclusion de la TPU pour les personnes physiques";"https://www.togofirst.com/fr/finances-publiques/0709-19975-commerce-international-l-otr-rappelle-l-exclusion-de-la-tpu-pour-les-personnes-physiques"
"Togo First (FR)";"FR";"2026-09-13";"Innovations agroécologiques : un programme régional de 20 millions d’euros lancé à Lomé";"https://www.togofirst.com/fr/agro/0709-19973-innovations-agroecologiques-un-programme-regional-de-20-millions-d-euros-lance-a-lome"
"Togo First (FR)";"FR";"2026-09-13";"CIIE 2026 : le CETEF ouvre la sélection des exposants pour le marché chinois";"https://www.togofirst.com/fr/gouvernance-economique/0709-19970-ciie-2026-le-cetef-ouvre-la-selection-des-exposants-pour-le-marche-chinois"
"Togo First (FR)";"FR";"2026-09-13";"Café-cacao : les exportations togolaises chutent sur la campagne 2025-2026";"https://www.togofirst.com/fr/agro/0709-19969-cafe-cacao-les-exportations-togolaises-chutent-sur-la-campagne-2025-2026"
"Togo First (FR)";"FR";"2026-09-13";"Cartographie : à l’ONU, le Togo gagne une bataille pour une Afrique à sa vraie taille";"https://www.togofirst.com/fr/gestion-publique/0609-19967-cartographie-a-l-onu-le-togo-gagne-une-bataille-pour-une-afrique-a-sa-vraie-taille"
"Togo First (FR)";"FR";"2026-09-13";"""Reboisez et gagnez de l'argent"" : entretien avec Dr Oyétoundé Djiwa, FAO - Togo";"https://www.togofirst.com/fr/agro/0509-19965-reboisez-et-gagnez-de-largent-entretien-avec-dr-oyetounde-djiwa-fao-togo"
"Togo First (FR)";"FR";"2026-09-13";"Le Togo lance un Club PPP pour accélérer la mobilisation des investissements privés";"https://www.togofirst.com/fr/gouvernance-economique/0409-19963-le-togo-lance-un-club-ppp-pour-accelerer-la-mobilisation-des-investissements-prives"
"Togo First (FR)";"FR";"2026-09-13";"Diplomatie économique : le Togo accélère ses rapprochements avec l’Asie et l’Eurasie";"https://www.togofirst.com/fr/gouvernance-economique/0409-19959-diplomatie-economique-le-togo-accelere-ses-rapprochements-avec-l-asie-et-l-eurasie"
"Togo First (FR)";"FR";"2026-09-13";"Togo AI summer School : 100 jeunes talents formés à l’intelligence artificielle et au Big Data";"https://www.togofirst.com/fr/tic/0409-19958-togo-ai-summer-school-100-jeunes-talents-formes-a-l-intelligence-artificielle-et-au-big-data"
"Togo First (FR)";"FR";"2026-09-13";"Initiative Q-Boost : une nouvelle cohorte d’entreprises fait le point sur son accompagnement";"https://www.togofirst.com/fr/gouvernance-economique/0409-19957-initiative-q-boost-une-nouvelle-cohorte-d-entreprises-fait-le-point-sur-son-accompagnement"
"Togo First (FR)";"FR";"2026-09-13";"Pauvreté, revenus, emploi… l’INSEED sonde les ménages togolais jusqu’en décembre";"https://www.togofirst.com/fr/gouvernance-economique/0409-19954-pauvrete-revenus-emploi-l-inseed-sonde-les-menages-togolais-jusqu-en-decembre"
"Togo First (FR)";"FR";"2026-09-13";"Carburants : le Togo passe au contrôle du marquage dès le 1er octobre";"https://www.togofirst.com/fr/gouvernance-economique/0409-19953-carburants-le-togo-passe-au-controle-du-marquage-des-le-1er-octobre"
"Togo First (FR)";"FR";"2026-09-13";"Décentralisation : Bassar 1 présente son Plan de développement communal";"https://www.togofirst.com/fr/gouvernance-economique/0309-19949-decentralisation-bassar-1-presente-son-plan-de-developpement-communal"
"Togo First (FR)";"FR";"2026-09-13";"Cybersécurité : au Togo, un appel pour rassembler des talents en matière de défense numérique";"https://www.togofirst.com/fr/tic/0309-19945-cybersecurite-au-togo-un-appel-pour-rassembler-des-talents-en-matiere-de-defense-numerique"
"Togo First (FR)";"FR";"2026-09-13";"Formation professionnelle : plus de 50 600 candidats en lice pour le CFA 2026 au Togo";"https://www.togofirst.com/fr/formation/0309-19944-formation-professionnelle-plus-de-50-600-candidats-en-lice-pour-le-cfa-2026-au-togo"
"Togo First (FR)";"FR";"2026-09-13";"Entrepreneuriat féminin : le Togo parmi cinq pays ciblés par un programme de la BAD et d’AXIAN";"https://www.togofirst.com/fr/finance/0309-19943-entrepreneuriat-feminin-le-togo-parmi-cinq-pays-cibles-par-un-programme-de-la-bad-et-d-axian"
"L'Alternative (TG)";"FR";"2026-09-13";"Accueil";"https://lalternative.info/"
"L'Alternative (TG)";"FR";"2026-09-13";"A propos";"https://lalternative.info/about-us/"
"L'Alternative (TG)";"FR";"2026-09-13";"Abonnement";"https://lalternative.info/abonnez-vous-a-votre-journal/"
"L'Alternative (TG)";"FR";"2026-09-13";"Togo- Primature, ministère des Enseignements, brigade pour mineurs, CNDH passifs sur...";"https://lalternative.info/2024/09/14/togo-primature-ministere-des-enseignements-brigade-pour-mineurs-cndh-passifs-sur-le-viol-sur-une-petite-fille-a-lecole-la-madone/"
"L'Alternative (TG)";"FR";"2026-09-13";"Togo- Kao Baobadi, l’architecte de l’immeuble défectueux de la LONATO, ses...";"https://lalternative.info/2024/05/15/togo-kao-baobadi-larchitecte-de-limmeuble-defectueux-de-la-lonato-ses-deux-appartements-a-dubai/"
"L'Alternative (TG)";"FR";"2026-09-13";"Un appartement d’Yvonne Bawizibadi Gnassingbé à Dubaï au cœur d’une lutte...";"https://lalternative.info/2024/05/17/un-appartement-dyvonne-bawizibadi-gnassingbe-a-dubai-au-coeur-dune-lutte-de-succession/"
"L'Alternative (TG)";"FR";"2026-09-13";"Togo- Vague d’arrestations en cours au sein des FAT";"https://lalternative.info/2024/07/16/togo-vague-darrestations-en-cours-au-sein-des-fat/"
"L'Alternative (TG)";"FR";"2026-09-13";"Togo- Vote de moins de 50 députés, procurations fabriquées au nom...";"https://lalternative.info/2024/03/31/togo-vote-de-moins-de-50-deputes-procurations-fabriquees-au-nom-des-absents-voici-comment-le-coup-detat-constitutionnel-sest-passe-lundi/"
"L'Alternative (TG)";"FR";"2026-09-13";"Togo-La CEET installe un groupe de 14 millions chez la ministre...";"https://lalternative.info/2024/03/15/togo-la-ceet-installe-un-groupe-de-14-millions-chez-la-ministre-de-lenergie-et-des-mines/"
"L'Alternative (TG)";"FR";"2026-09-13";"Togo- Football : Qui est Nibombé Daré, le nouveau sélectionneur des Eperviers ?";"https://lalternative.info/2024/07/15/togo-football-qui-est-nibombe-dare-le-nouveau-selectionneur-des-eperviers/"
"L'Alternative (TG)";"FR";"2026-09-13";"Togo- Justice : Mandat d’arrêt international contre le Cdt Olivier Amah...";"https://lalternative.info/2024/08/07/togo-justice-mandat-darret-international-contre-le-cdt-olivier-amah-et-le-journaliste-ferdinand-ayite/"
"L'Alternative (TG)";"FR";"2026-09-13";"Togo- CEET: Voici les 3 étapes pour mettre à jour son...";"https://lalternative.info/2024/06/27/togo-ceet-voici-les-3-etapes-pour-mettre-a-jour-son-compteur-cash-power/"
"L'Alternative (TG)";"FR";"2026-09-13";"Togo- Arrestations à Kara : incertitude sur le sort du capitaine...";"https://lalternative.info/2024/07/23/togo-arrestations-a-kara-incertitude-sur-le-sort-du-capitaine-dare-kondi-photo/"
"L'Alternative (TG)";"FR";"2026-09-13";"Togo- Kpendjal : Inhumation sans hommage des militaires tombés au front";"https://lalternative.info/2024/07/29/togo-kpendjal-inhumation-sans-hommage-des-militaires-tombes-au-front/"
"L'Alternative (TG)";"FR";"2026-09-13";"NOUS SOUTENIR";"/donate"
"L'Alternative (TG)";"FR";"2026-09-13";"À propos";"https://lalternative.info/about-us/"
"L'Alternative (TG)";"FR";"2026-09-13";"Faire un don";"https://lalternative.info/donate/"
"L'Alternative (TG)";"FR";"2026-09-13";"Abonnez-vous à votre journal";"https://lalternative.info/abonnez-vous-a-votre-journal/"
"L'Alternative (TG)";"FR";"2026-09-13";"Journal L'alternative";"https://lalternative.info/author/lalternative24/"
"L'Alternative (TG)";"FR";"2026-09-13";"Togo- Journaliste kidnappé, torturé puis jeté dans la brousse… à qui profite le crime ?";"https://lalternative.info/2026/09/09/togo-journaliste-kidnappe-torture-puis-jete-dans-la-brousse-a-qui-profite-le-crime/"
"L'Alternative (TG)";"FR";"2026-09-13";"Diplomatie : deux français arrêtés au Togo, Faure Gnassingbé veut l’extradition de Ferdinand AYITE contre leur libération";"https://lalternative.info/2026/08/18/diplomatie-deux-francais-arretes-au-togo-faure-gnassingbe-veut-lextradition-de-ferdinand-ayite-contre-leur-liberation/"
"L'Alternative (TG)";"FR";"2026-09-13";"Mahama décide de consulter le peuple pour la révision constitutionnelle";"https://lalternative.info/2026/08/16/mahama-decide-de-consulter-le-peuple-pour-la-revision-constitutionnelle/"
"L'Alternative (TG)";"FR";"2026-09-13";"Togo- Tribune : La Cour de justice de la CEDEAO face à un pouvoir qui s’entête à ne jamais avoir tort";"https://lalternative.info/2026/08/10/togo-tribune-la-cour-de-justice-de-la-cedeao-face-a-un-pouvoir-qui-sentete-a-ne-jamais-avoir-tort/"
"L'Alternative (TG)";"FR";"2026-09-13";"La révision constitutionnelle ravive les tensions politiques";"https://lalternative.info/2026/08/08/la-revision-constitutionnelle-ravive-les-tensions-politiques/"
"L'Alternative (TG)";"FR";"2026-09-13";"Togo-Tribune : Moscou tisse sa toile à Lomé";"https://lalternative.info/2026/07/30/togo-tribune-moscou-tisse-sa-toile-a-lome/"
"L'Alternative (TG)";"FR";"2026-09-13";"Togo- Tribune : « On ne soigne pas à la tête du client »";"https://lalternative.info/2026/09/12/togo-tribune-on-ne-soigne-pas-a-la-tete-du-client/"
"L'Alternative (TG)";"FR";"2026-09-13";"Togo- Tribune : Nous voulons savoir ce que vous reprochez à Fred Vedomey";"https://lalternative.info/2026/08/28/togo-tribune-nous-voulons-savoir-ce-que-vous-reprochez-a-fred-vedomey/"
"L'Alternative (TG)";"FR";"2026-09-13";"TRIBUNE- Coupe du monde 2026 : Pourquoi les sélections africaines s’effondrent en fin de match";"https://lalternative.info/2026/07/05/tribune-coupe-du-monde-2026-pourquoi-les-selections-africaines-seffondrent-en-fin-de-match/"
"L'Alternative (TG)";"FR";"2026-09-13";"« Le peuple ne mange pas les notations » : Oligui Nguema dans le concret, Faure Gnassingbé dans les chiffres fabriqués";"https://lalternative.info/2026/09/10/le-peuple-ne-mange-pas-les-notations-oligui-nguema-dans-le-concret-faure-gnassingbe-dans-les-chiffres-fabriques/"
"L'Alternative (TG)";"FR";"2026-09-13";"Togo- Enquêtes sur la pauvreté : les Togolais végètent dans la misère, le gouvernement s’intéresse aux chiffres";"https://lalternative.info/2026/09/08/togo-enquetes-sur-la-pauvrete-les-togolais-vegetent-dans-la-misere-le-gouvernement-sinteresse-aux-chiffres/"
"L'Alternative (TG)";"FR";"2026-09-13";"Togo- OTR : Éric Amouzou Folly le mari d’une des inspectrices, arrêté";"https://lalternative.info/2026/09/07/togo-otr-eric-amouzou-folly-le-mari-dune-des-inspectrices-arrete/"
"L'Alternative (TG)";"FR";"2026-09-13";"Togo- Encore un scandale à l’OTR : des cadres de la DGI en garde à vue à la DCPJ";"https://lalternative.info/2026/09/06/togo-encore-un-scandale-a-lotr-des-cadres-de-la-dgi-en-garde-a-vue-a-la-dcpj/"
"L'Alternative (TG)";"FR";"2026-09-13";"Togo- Une augmentation de 137 F CFA sur le litre du super sans plomb en 3 mois";"https://lalternative.info/2026/09/11/togo-une-augmentation-de-137-f-cfa-sur-le-litre-du-super-sans-plomb-en-3-mois/"
"L'Alternative (TG)";"FR";"2026-09-13";"Togo- Des partis politiques et OSC apportent leur soutien à Ferdinand Ayité et autres activistes en danger";"https://lalternative.info/2026/09/03/togo-des-partis-politiques-et-osc-apportent-leur-soutien-a-ferdinand-ayite-et-autres-activistes-en-danger/"
"L'Alternative (TG)";"FR";"2026-09-13";"Les conseils d’administration de 10 sociétés d’Etat dissous, Mahama met en garde ministres et directeurs de sociétés";"https://lalternative.info/2026/09/03/les-conseils-dadministration-de-10-societes-detat-dissous-mahama-met-en-garde-ministres-et-directeurs-de-societes/"
"L'Alternative (TG)";"FR";"2026-09-13";"Offre d’emploi/L’ALTERNATIVE";"https://lalternative.info/2024/03/07/offre-demploi-lalternative/"
"L'Alternative (TG)";"FR";"2026-09-13";"Togo- Entente entre SYAPAL et la direction générale : Des dockers renvoyés réintègrent le port";"https://lalternative.info/2026/08/24/togo-entente-entre-syapal-et-la-direction-generale-des-dockers-renvoyes-reintegrent-le-port/"
"L'Alternative (TG)";"FR";"2026-09-13";"Isidore kouwonou";"https://lalternative.info/author/ksisdore/"
"L'Alternative (TG)";"FR";"2026-09-13";"Kossi LAMBA";"https://lalternative.info/author/kossi-lamba/"
"L'Alternative (TG)";"FR";"2026-09-13";"L'Alternative";"https://lalternative.info/author/equipeedito/"
"L'Alternative (TG)";"FR";"2026-09-13";"La CCJA condamne définitivement l’UTB à verser plus de 2,5 milliards de FCFA à TMI";"https://lalternative.info/2026/07/22/la-ccja-condamne-definitivement-lutb-a-verser-plus-de-25-milliards-de-fcfa-a-tmi/"
"L'Alternative (TG)";"FR";"2026-09-13";"Togo- Scandale à l’OTR : Donko Bileyo et Klouvi Dedegan inculpées par le doyen des juges";"https://lalternative.info/2026/05/17/togo-scandale-a-lotr-donko-bileyo-et-klouvi-dedegan-inculpees-par-le-doyen-des-juges/"
"L'Alternative (TG)";"FR";"2026-09-13";"Togo- OTR : Donko Bileyo virée, plainte contre Ferdinand Ayité retirée";"https://lalternative.info/2026/04/19/togo-otr-donko-bileyo-viree-plainte-contre-ferdinand-ayite-retiree/"
"L'Alternative (TG)";"FR";"2026-09-13";"Togo- OTR : le CENTIF saisit le procureur, le doyen des juges d’instruction ouvre une enquête, un autre compte de 530 millions découverts à NSIA";"https://lalternative.info/2026/04/05/togo-otr-le-centif-saisit-le-procureur-le-doyen-des-juges-dinstruction-ouvre-une-enquete-un-autre-compte-de-530-millions-decouverts-a-nsia/"
"L'Alternative (TG)";"FR";"2026-09-13";"John Mahama offre des billets de la Coupe du monde à la diaspora ghanéenne";"https://lalternative.info/2026/06/01/john-mahama-offre-des-billets-de-la-coupe-du-monde-a-la-diaspora-ghaneenne/"
"L'Alternative (TG)";"FR";"2026-09-13";"View all posts";"https://lalternative.info/author/lalternative24/"
"L'Alternative (TG)";"FR";"2026-09-13";"Facebook";"https://www.facebook.com/sharer/sharer.php?u=https://lalternative.info/"
"L'Alternative (TG)";"FR";"2026-09-13";"Twitter";"https://twitter.com/intent/tweet?text=Check%20out%20this%20article:%20Accueil%20-%20https://lalternative.info/"
"L'Alternative (TG)";"FR";"2026-09-13";"Pinterest";"https://www.pinterest.com/pin/create/button/?url=https%3A%2F%2Flalternative.info%2F&description=Accueil"
"L'Alternative (TG)";"FR";"2026-09-13";"Whatsapp";"https://api.whatsapp.com/send?text=Accueil %0A%0A https%3A%2F%2Flalternative.info%2F"
"L'Alternative (TG)";"FR";"2026-09-13";"Telegram";"https://telegram.me/share/url?url=https%3A%2F%2Flalternative.info%2F&text=Accueil"
"L'Alternative (TG)";"FR";"2026-09-13";"Email";"mailto:?subject=Accueil&BODY=https://lalternative.info/"
"L'Alternative (TG)";"FR";"2026-09-13";"À propos";"/about-us"
"L'Alternative (TG)";"FR";"2026-09-13";"Politique de confidentialité";"/privacy-policy"
"L'Alternative (TG)";"FR";"2026-09-13";"Conditions d'utilisation";"/conditions-dutilisation"
"L'Alternative (TG)";"FR";"2026-09-13";"Règlementation européenne";"https://lalternative.info/reglementation-europeenneeu/"
"L'Alternative (TG)";"FR";"2026-09-13";"Facebook";"https://www.facebook.com/profile.php?id=61556605160366"
"L'Alternative (TG)";"FR";"2026-09-13";"Twitter";"https://twitter.com/lalternative_of"
"L'Alternative (TG)";"FR";"2026-09-13";"Instagram";"https://www.instagram.com/lalternative_of/"
"L'Alternative (TG)";"FR";"2026-09-13";"Youtube";"https://www.youtube.com/channel/UCk6JMYUcGDarZYNb-mPPLPA"
"L'Alternative (TG)";"FR";"2026-09-13";"Gérer les options";"#"
"L'Alternative (TG)";"FR";"2026-09-13";"Gérer les services";"#"
"L'Alternative (TG)";"FR";"2026-09-13";"Gérer {vendor_count} fournisseurs";"#"
"L'Alternative (TG)";"FR";"2026-09-13";"En savoir plus sur ces finalités";"https://cookiedatabase.org/tcf/purposes/"
"L'Alternative (TG)";"FR";"2026-09-13";"Voir les préférences";"#"
"L'Alternative (TG)";"FR";"2026-09-13";"{title}";"#"
"L'Alternative (TG)";"FR";"2026-09-13";"Queue";"#"
"L'Alternative (TG)";"FR";"2026-09-13";"Flash plugin";"http://get.adobe.com/flashplayer/"
"Laabali (TG)";"FR";"2026-09-13";"Africa-Newsroom";"https://laabali.com/africa-newsroom/"
"Laabali (TG)";"FR";"2026-09-13";"...";"#"
"Laabali (TG)";"FR";"2026-09-13";"Harmonisations terminologiques dans les langues Moba et Gulmancema : Pr Kantchoa Laré mobilise les personnes ressources";"https://laabali.com/post/15556/harmonisations-terminologiques-dans-les-langues-moba-et-gulmancema-pr-kantchoa-lare-mobilise-les-personnes-ressources/ "
"Laabali (TG)";"FR";"2026-09-13";"La Fédération nationale des maisons familiales de formation rurale du Togo lance un appel à projet de Construction de 50 poulaillers traditionnels améliorés au profit des bénéficiaires de l’IFAD Elevage Barkoissi et 30 poulaillers améliorés au profit des bénéficiaires de la FMFRT";"https://laabali.com/post/15553/la-federation-nationale-des-maisons-familiales-de-formation-rurale-du-togo-lance-un-appel-a-projet-de-construction-de-50-poulaillers-traditionnels-ameliores-au-profit-des-beneficiaires-de-lif/ "
"Laabali (TG)";"FR";"2026-09-13";"La Fédération nationale des maisons familiales de formation rurale du Togo lance un appel à projet de Construction de 50 poulaillers traditionnels améliorés au profit  des bénéficiaires de l’IFAD Elevage Barkoissi et 30 poulaillers améliorés  au profit des bénéficiaires de la FMFRT";"https://laabali.com/post/15535/ifad-elevage-de-barkoissi-appel-a-projet-de-construction-de-50-poulaillers-traditionnels-ameliores-et-30-poulaillers-ameliores-au-profit-des-beneficiaires-de-la-fmfrt/ "
"Laabali (TG)";"FR";"2026-09-13";"MFRT  lance un appel à projet  d'acquisition de matériaux de construction pour 30 Poulaillers Traditionnels Améliorés (PTA) au profit des bénéficiaires de la FMFRT";"https://laabali.com/post/15531/appel-a-projet-de-livraison-de-materiaux-de-construction-des-pta-au-profit-de-la-federation-nationale-des-maisons-familiales-de-formation-rurale-du-togo/ "
"Laabali (TG)";"FR";"2026-09-13";"La Fédération nationale des maisons familiales de formation rurale du Togo lance un appel à projet de Construction de 50 poulaillers traditionnels améliorés au profit des bénéficiaires de l’IFAD Elevage Barkoissi et 30 poulaillers améliorés au profit des bénéficiaires de la FMFRT";"https://laabali.com/?p=15553"
"Laabali (TG)";"FR";"2026-09-13";"Enfants en situation de handicap: Aphmoto soutient en kits scolaires à Dapaong";"https://laabali.com/?p=15515"
"Laabali (TG)";"FR";"2026-09-13";"Ponio : 30 femmes formées aux activités génératrices de revenus";"https://laabali.com/?p=15505"
"Laabali (TG)";"FR";"2026-09-13";"Accès à l’eau potable : Lancement d’un projet d’adduction d’eau et d’assainissement à Tidjoate-Lambounte";"https://laabali.com/?p=15461"
"Laabali (TG)";"FR";"2026-09-13";"Violences basées sur le genre : AFE sensibilise les communautés à Cinkassé";"https://laabali.com/?p=15384"
"Laabali (TG)";"FR";"2026-09-13";"INADES-Formation : 4 sites maraichers/champs écoles remis aux Scoops dans les savanes";"https://laabali.com/?p=15139"
"Laabali (TG)";"FR";"2026-09-13";"JII 2026 : Dans les Savanes, les infirmiers célébrés pour leur résilience";"https://laabali.com/?p=15103"
"Laabali (TG)";"FR";"2026-09-13";"Dapaong : A2FHV-S sensibilise des acteurs du bâtiment à l’accessibilité des infrastructures publiques";"https://laabali.com/?p=15076"
"Laabali (TG)";"FR";"2026-09-13";"Nadjoundi: ""Les droits de femmes ne donnent pas droit aux femmes de frapper leurs maris""";"https://laabali.com/?p=14881"
"Laabali (TG)";"FR";"2026-09-13";"Yark Damehamme: L’insubmersible général qui murmure aux oreilles de Faure Gnassimgbé";"https://laabali.com/?p=14271"
"Laabali (TG)";"FR";"2026-09-13";"Dapaong : les défis de l’assainissement toujours présents !";"https://laabali.com/?p=13413"
"Laabali (TG)";"FR";"2026-09-13";"Accès à l’eau potable : L’ONG MECAP cultive l’espoir pour la fin de la soif dans les Savanes";"https://laabali.com/?p=13297"
"Laabali (TG)";"FR";"2026-09-13";"Sanloaga (Togo): «Ils enlèvent nos jeunes garçons pour en faire des combattants» 15014 vues";"
                                        https://laabali.com/post/6306/sanloaga-togo-ils-enlevent-nous-jeunes-garcons-pour-en-faire-des-combattants/                                        
                                        "
"Laabali (TG)";"FR";"2026-09-13";"Dapaong: Ouverture du 1e Forum des producteurs agricoles (FOPAT) 13766 vues";"
                                        https://laabali.com/post/6477/dapaong-ouverture-du-1e-forum-des-producteurs-agricoles-fopat/                                        
                                        "
"Laabali (TG)";"FR";"2026-09-13";"TGI/Dapaong: Le départ du président et son équipe fait des mécontents 12817 vues";"
                                        https://laabali.com/post/192/tgi-dapaong-le-depart-du-president-et-son-equipe-fait-des-mecontents/                                        
                                        "
"Laabali (TG)";"FR";"2026-09-13";"Savanes: Les FAT repoussent une attaque, deux assaillants neutralisés 7355 vues";"
                                        https://laabali.com/post/5663/savanes-les-fat-repoussent-une-attaque-deux-assaillants-neutralises/                                        
                                        "
"Laabali (TG)";"FR";"2026-09-13";"Contre le terrorisme: Le Togo fait appel à ses anciens soldats 4269 vues";"
                                        https://laabali.com/post/6743/contre-le-terrorisme-le-togo-fait-appel-a-ses-anciens-soldats/                                        
                                        "
"Laabali (TG)";"FR";"2026-09-13";"Le Maire Monoka Laré et la commune de Tandjouaré 1";"https://laabali.com/post/12171/monoka-lare/"
"Laabali (TG)";"FR";"2026-09-13";"par Edouard Samboe";"#"
"Laabali (TG)";"FR";"2026-09-13";"Suka ou l'art divinatoire: Foi ou culture moba ?";"https://laabali.com/post/12078/suka-ou-lart-divinatoire-foi-ou-culture-moba/"
"Laabali (TG)";"FR";"2026-09-13";"Togo/Education: Diagnostic d'un secteur en panne de repères";"https://laabali.com/post/6749/togo-education-diagnostic-dun-secteur-en-pannes-de-reperes/"
"Laabali (TG)";"FR";"2026-09-13";"Contre le terrorisme: Le Togo fait appel à ses anciens soldats";"https://laabali.com/post/6743/contre-le-terrorisme-le-togo-fait-appel-a-ses-anciens-soldats/"
"Laabali (TG)";"FR";"2026-09-13";"«Le pouvoir doit faire en sorte qu'il y ait moins de frustrations sur les plans politiques et économiques», Pr David Dosseh, OSC";"https://laabali.com/post/6688/le-pouvoir-doit-faire-en-sorte-quil-y-ait-moins-de-frustrations-sur-les-plans-politiques-et-economiques-pr-david-dosseh-osc/"
"Laabali (TG)";"FR";"2026-09-13";"FOPAT: A Dapaong , les producteurs veulent des usines de transformations de tomates";"https://laabali.com/post/6533/fopat-a-dapaong-les-producteurs-veulent-des-usines-de-transformations-de-tomates/"
"Laabali (TG)";"FR";"2026-09-13";"Dapaong: Ouverture du 1e Forum des producteurs agricoles (FOPAT)";"https://laabali.com/post/6477/dapaong-ouverture-du-1e-forum-des-producteurs-agricoles-fopat/"
"Laabali (TG)";"FR";"2026-09-13";"Frontière Burkina-Togo: Le durcissement des mesures sécuritaires impacte Kompienga";"https://laabali.com/post/6464/frontiere-burkina-togo-le-durcissement-des-mesures-securitaires-impacte-kompienga/"
"Laabali (TG)";"FR";"2026-09-13";"Sanloaga (Togo): «Ils enlèvent nos jeunes garçons pour en faire des combattants» 15014 vues";" https://laabali.com/post/6306/sanloaga-togo-ils-enlevent-nous-jeunes-garcons-pour-en-faire-des-combattants/ "
"Laabali (TG)";"FR";"2026-09-13";"Dapaong: Ouverture du 1e Forum des producteurs agricoles (FOPAT) 13766 vues";" https://laabali.com/post/6477/dapaong-ouverture-du-1e-forum-des-producteurs-agricoles-fopat/ "
"Laabali (TG)";"FR";"2026-09-13";"TGI/Dapaong: Le départ du président et son équipe fait des mécontents 12817 vues";" https://laabali.com/post/192/tgi-dapaong-le-depart-du-president-et-son-equipe-fait-des-mecontents/ "
"Laabali (TG)";"FR";"2026-09-13";"CrEaT";""
"Fraternité Matin (CI)";"FR";"2026-09-13";"Fédération ivoirienne de football: Yacine Idriss Diallo reconduit pour un deuxième mandat";"https://www.fratmat.info/article/2644461/sports/federation-ivoirienne-de-football-yacine-idriss-diallo-reconduit-pour-un-deuxieme-mandat"
"Fraternité Matin (CI)";"FR";"2026-09-13";"Incendie mortel à Angré : 05 femmes d’une même famille périssent dans les flammes";"https://www.fratmat.info/article/2644471/societe/incendie-mortel-a-angre-05-femmes-dune-meme-famille-perissent-dans-les-flammes"
"Fraternité Matin (CI)";"FR";"2026-09-13";"Répartition des droits au Burida : 795,4 millions de FCFA à distribuer, en forte hausse sur un an";"https://www.fratmat.info/article/2644444/culture/repartition-des-droits-au-burida-7954-millions-de-fcfa-a-distribuer-en-forte-hausse-sur-un-an"
"Fraternité Matin (CI)";"FR";"2026-09-13";"Forêts classées : la SODEFOR durcit la lutte contre l’orpaillage et les occupations illégales";"https://www.fratmat.info/article/2644457/societe/forets-classees-la-sodefor-durcit-la-lutte-contre-lorpaillage-et-les-occupations-illegales"
"Fraternité Matin (CI)";"FR";"2026-09-13";"Valorisation énergétique des déchets agricoles et de cuisson propre: Le Fonsti présente l’appel à projets démonstratifs";"https://www.fratmat.info/article/2644442/economie/valorisation-energetique-des-dechets-agricoles-et-de-cuisson-propre-le-fonsti-presente-lappel-a-projets-demonstratifs"
"Fraternité Matin (CI)";"FR";"2026-09-13";"ENS d’Abidjan : 7 366 nouveaux professionnels de l’éducation prêts à servir l’État";"https://www.fratmat.info/article/2644423/societe/ens-dabidjan-7-366-nouveaux-professionnels-de-leducation-prets-a-servir-letat"
"La Nation (BJ)";"FR";"2026-09-13";"Wilfried Léandre Houngbédji à Parakou : scolarisation des filles, bourses et cantines scolaires au cœur des échanges";"https://lanation.bj/politique/wilfried-leandre-houngbedji-a-parakou-scolarisation-des-filles-bourses-et-cantines-scolaires-au-coeur-des-echanges"
"La Nation (BJ)";"FR";"2026-09-13";"12 sept. 2026";"https://lanation.bj/politique/wilfried-leandre-houngbedji-a-parakou-scolarisation-des-filles-bourses-et-cantines-scolaires-au-coeur-des-echanges"
"La Nation (BJ)";"FR";"2026-09-13";"Blanchiment de capitaux et financement du terrorisme: Une nouvelle cartographie des risques dévoilée";"https://lanation.bj/economie/blanchiment-de-capitaux-et-financement-du-terrorisme-une-nouvelle-cartographie-des-risques-devoilee"
"La Nation (BJ)";"FR";"2026-09-13";"Financement et accompagnement des Pme au Bénin: La Berd ouvre de nouvelles opportunités au secteur privé
                            
                                                            Lecture de 3 min";"https://lanation.bj/economie/financement-et-accompagnement-des-pme-au-benin-la-berd-ouvre-de-nouvelles-opportunites-au-secteur-prive"
"La Nation (BJ)";"FR";"2026-09-13";"Finances publiques au Bénin: Rigueur et réformes pour soutenir la croissance
                            
                                                            Lecture de 3 min";"https://lanation.bj/economie/finances-publiques-au-benin-rigueur-et-reformes-pour-soutenir-la-croissance"
"La Nation (BJ)";"FR";"2026-09-13";"Réponse de la Bad face aux chocs énergétiques: Un appui d'environ 5,1 milliards de dollars aux économies
                            
                                                            Lecture de 3 min";"https://lanation.bj/economie/reponse-de-la-bad-face-aux-chocs-energetiques-un-appui-denviron-51-milliards-de-dollars-aux-economies"
"La Nation (BJ)";"FR";"2026-09-13";"Entrepreneuriat féminin : Le Bénin mobilise 56,5 milliards F Cfa avec la Banque mondiale";"https://lanation.bj/economie/entrepreneuriat-feminin-le-benin-mobilise-565-milliards-f-cfa-avec-la-banque-mondiale"
"La Nation (BJ)";"FR";"2026-09-13";"Protection sociale des agriculteurs au Bénin: Le pari d'un secteur plus résilient";"https://lanation.bj/economie/protection-sociale-des-agriculteurs-au-benin-le-pari-dun-secteur-plus-resilient"
"La Nation (BJ)";"FR";"2026-09-13";"Lutte contre le blanchiment et le financement du terrorisme: Mam Cherno Jallow nommé directeur général du Giaba";"https://lanation.bj/economie/lutte-contre-le-blanchiment-et-le-financement-du-terrorisme-mam-cherno-jallow-nomme-directeur-general-du-giaba"
"La Nation (BJ)";"FR";"2026-09-13";"Billet de 5 000 FCFA : les trois gestes pour vérifier son authenticité";"https://lanation.bj/economie/billet-de-5-000-fcfa-les-trois-gestes-pour-verifier-son-authenticite"
"Malijet (ML)";"FR";"2026-09-13";"Politique";"https://malijet.com/actualite-politique-au-mali"
"Malijet (ML)";"FR";"2026-09-13";"Economie";"https://malijet.com/actualite_economique_du_mali"
"Malijet (ML)";"FR";"2026-09-13";"Sports";"https://malijet.com/actualite_sportive_au_mali"
"Malijet (ML)";"FR";"2026-09-13";"Culture";"https://malijet.com/actualite_culturelle_au_mali"
"Malijet (ML)";"FR";"2026-09-13";"International";"https://malijet.com/actualite_internationale"
"Malijet (ML)";"FR";"2026-09-13";"AES";"https://malijet.com/actualite-sur-aes"
"Malijet (ML)";"FR";"2026-09-13";"Afrique";"https://malijet.com/actualite-sur-afrique"
"Malijet (ML)";"FR";"2026-09-13";"CIP-UEMOA : le CNT ouvre la voie à de nouvelles collaborations parlementaires avec l’AES";"https://malijet.com/actualite-politique-au-mali/311762-cip-uemoa-le-cnt-ouvre-la-voie-a-de-nouvelles-collaboratio.html"
"Malijet (ML)";"FR";"2026-09-13";"Éducation : Le Président Traoré inaugure un nouveau complexe universitaire à Bobo-Dioulasso dans le cadre de l’IPEQ";"https://malijet.com/actualite-sur-afrique/311777-education-le-president-traore-inaugure-un-nouveau-complexe.html"
"Malijet (ML)";"FR";"2026-09-13";"Monnaie unique : La CEDEAO confirme la faisabilité du lancement de l’ECO en 2027";"https://malijet.com/actualite_economique_du_mali/311735-monnaie-unique-la-cedeao-confirme-la-faisabilite-du-lancem.html"
"Malijet (ML)";"FR";"2026-09-13";"Sénégal : Guy Marius Sagna critique la politique du gouvernement et dénonce l’influence du FMI";"https://malijet.com/actualite-sur-afrique/311723-senegal-guy-marius-sagna-critique-la-politique-du-gouverne.html"
"Malijet (ML)";"FR";"2026-09-13";"Coopération Mali-Banque Mondiale : Le Premier ministre Maïga plaide pour l’alignement sur la « Vision Mali Kura »";"https://malijet.com/actualite_economique_du_mali/311712-cooperation-mali-banque-mondiale-le-premier-ministre-maiga.html"
"Malijet (ML)";"FR";"2026-09-13";"Visite d’État : Le président Mamadi Doumbouya accueilli en grande pompe à Abidjan";"https://malijet.com/actualite-sur-afrique/311792-visite-detat-le-president-mamadi-doumbouya-accueilli-en-g.html"
"Malijet (ML)";"FR";"2026-09-13";"Intégration régionale : L’ALG se mue en agence d’exécution des projets de l’AES";"https://malijet.com/actualite_economique_du_mali/311789-integration-regionale-lalg-se-mue-en-agence-dexecution-d.html"
"Malijet (ML)";"FR";"2026-09-13";"Agriculture : Le Mali et la Banque mondiale renforcent leur partenariat pour la souveraineté alimentaire";"https://malijet.com/actualite_economique_du_mali/311788-agriculture-le-mali-et-la-banque-mondiale-renforcent-leur.html"
"Malijet (ML)";"FR";"2026-09-13";"Voir tout →";"https://malijet.com/actualite-politique-au-mali"
"Malijet (ML)";"FR";"2026-09-13";"Diplomatie : Le Chargé d’Affaires du Mali en France, Bakary Dembélé, achève sa mission après quatre ans";"https://malijet.com/actualite-politique-au-mali/311776-diplomatie-le-charge-daffaires-du-mali-en-france-bakary.html"
"Malijet (ML)";"FR";"2026-09-13";"CEDEAO : Le Général Birame Diop et l’Ambassadeur Kalilou Traoré réaffirment leur engagement pour l’intégration régionale";"https://malijet.com/actualite-politique-au-mali/311772-cedeao-le-general-birame-diop-et-lambassadeur-kalilou-tra.html"
"Malijet (ML)";"FR";"2026-09-13";"Ethiopie : la diplomatie malienne célèbre le Nouvel An aux côtés des autorités éthiopiennes";"https://malijet.com/actualite-politique-au-mali/311770-ethiopie-la-diplomatie-malienne-celebre-le-nouvel-an-aux-c.html"
"Malijet (ML)";"FR";"2026-09-13";"Voir tout →";"https://malijet.com/actualite_economique_du_mali"
"Malijet (ML)";"FR";"2026-09-13";"Financement du développement : La BAD présente son rapport pays 2026 sur le Mali";"https://malijet.com/actualite_economique_du_mali/311771-financement-du-developpement-la-bad-presente-son-rapport-p.html"
"Malijet (ML)";"FR";"2026-09-13";"Sénégal : Le Qatar confirme son intérêt pour les secteurs stratégiques après l’accord avec le FMI";"https://malijet.com/actualite_economique_du_mali/311756-senegal-le-qatar-confirme-son-interet-pour-les-secteurs-st.html"
"Malijet (ML)";"FR";"2026-09-13";"Voir tout →";"https://malijet.com/actualite_sportive_au_mali"
"Malijet (ML)";"FR";"2026-09-13";"Transfert : Yoro Diaby rejoint le Stade Malherbe de Caen";"https://malijet.com/actualite_sportive_au_mali/311786-transfert-yoro-diaby-rejoint-le-stade-malherbe-de-caen.html"
"Malijet (ML)";"FR";"2026-09-13";"Éliminatoires CAN 2027 : Anthony Da Silva dévoile sa première liste avec les Aigles";"https://malijet.com/actualite_sportive_au_mali/311757-eliminatoires-can-2027-anthony-da-silva-devoile-sa-premier.html"
"Malijet (ML)";"FR";"2026-09-13";"Côte d’Ivoire : Hervé Renard dévoilera sa première liste avec les Éléphants le 16 septembre";"https://malijet.com/actualite_sportive_au_mali/311751-cote-divoire-herve-renard-devoilera-sa-premiere-liste-ave.html"
"Malijet (ML)";"FR";"2026-09-13";"Tournoi UFOA-A U-17, Sénégal 2026 : le Mali tenu en échec";"https://malijet.com/actualite_sportive_au_mali/311727-tournoi-ufoa-a-u-17-senegal-2026-le-mali-tenu-en-echec.html"
"Malijet (ML)";"FR";"2026-09-13";"Voir tout →";"https://malijet.com/actualite_internationale"
"Malijet (ML)";"FR";"2026-09-13";"L’Algérie va fermer son espace aérien aux aéronefs immatriculés aux Émirats après la rupture des relations diplomatiques";"https://malijet.com/actualite_internationale/311784-lalgerie-va-fermer-son-espace-aerien-aux-aeronefs-immatricu.html"
"Malijet (ML)";"FR";"2026-09-13";"CGTN Sondage | Pourquoi la « solution de l'OCS » pour la gouvernance mondiale suscite-t-elle une large attention ?";"https://malijet.com/actualite_internationale/311750-cgtn-sondage-pourquoi-la-solution-de-locs-pour-la-gou.html"
"Malijet (ML)";"FR";"2026-09-13";"Lavrov : la Russie et la Chine ne se cachent aucun secret technologique";"https://malijet.com/actualite_internationale/311736-lavrov-la-russie-et-la-chine-ne-se-cachent-aucun-secret-te.html"
"Malijet (ML)";"FR";"2026-09-13";"Tour Eiffel : des salariées écartées, une enquête annoncée";"https://malijet.com/actualite_internationale/311731-tour-eiffel-des-salariees-ecartees-une-enquete-annoncee.html"
"Malijet (ML)";"FR";"2026-09-13";"Voir tout →";"https://malijet.com/actualite-sur-aes"
"Malijet (ML)";"FR";"2026-09-13";"Egypte : le Burkina Faso renforce la coordination de l’AES au Caire";"https://malijet.com/actualite-sur-aes/311642-egypte-le-burkina-faso-renforce-la-coordination-de-laes-a.html"
"Malijet (ML)";"FR";"2026-09-13";"AES : Le Burkina Faso, le Mali et le Niger s'attellent à la création d'un ordre du mérite 100 % africain";"https://malijet.com/actualite-sur-aes/311595-aes-le-burkina-faso-le-mali-et-le-niger-sattellent-a-la.html"
"Malijet (ML)";"FR";"2026-09-13";"AES : La délégation malienne du CNT quitte Niamey, forte d’un succès parlementaire confédéral";"https://malijet.com/actualite-sur-aes/311567-aes-la-delegation-malienne-du-cnt-quitte-niamey-forte-du.html"
"Malijet (ML)";"FR";"2026-09-13";"Bamako : la souveraineté au cœur d’une conférence sur l’avenir de l’espace AES";"https://malijet.com/actualite-sur-aes/311493-bamako-la-souverainete-au-coeur-dune-conference-sur-laven.html"
"Malijet (ML)";"FR";"2026-09-13";"La revue de Presse du quotidien en ligne Malijet du 10 septembre 2026
                il y a 2 jours";"https://malijet.com/actualite_en_video/311764-la-revue-de-presse-du-quotidien-en-ligne-malijet-du-10-septe.html"
"Malijet (ML)";"FR";"2026-09-13";"Visite d’État : Le président Mamadi Doumbouya accueilli en grande pompe à Abidjan
                                        il y a 23 heures";"https://malijet.com/actualite-sur-afrique/311792-visite-detat-le-president-mamadi-doumbouya-accueilli-en-g.html"
"Malijet (ML)";"FR";"2026-09-13";"Togo : une nouvelle agence pour renforcer la régulation des médicaments
                                        il y a 1 jour";"https://malijet.com/actualite-sur-afrique/311780-togo-une-nouvelle-agence-pour-renforcer-la-regulation-des.html"
"Malijet (ML)";"FR";"2026-09-13";"Éducation : Le Président Traoré inaugure un nouveau complexe universitaire à Bobo-Dioulasso dans le cadre de l’IPEQ
                                        il y a 1 jour";"https://malijet.com/actualite-sur-afrique/311777-education-le-president-traore-inaugure-un-nouveau-complexe.html"
"Malijet (ML)";"FR";"2026-09-13";"Burkina : 104 milliards FCFA pour renforcer l’électrification
                                        il y a 1 jour";"https://malijet.com/actualite-sur-afrique/311773-burkina-104-milliards-fcfa-pour-renforcer-lelectrificatio.html"
"Malijet (ML)";"FR";"2026-09-13";"Burkina Faso : les chaînes de la RTB désormais accessibles en clair sur Canal+
                                        il y a 3 jours";"https://malijet.com/actualite-sur-afrique/311743-burkina-faso-les-chaines-de-la-rtb-desormais-accessibles-e.html"
"Malijet (ML)";"FR";"2026-09-13";"Mauritanie : un ancien cadre d’Ansar Dine parmi 17 personnes interpellées à Bassiknou
                                        il y a 3 jours";"https://malijet.com/actualite-sur-afrique/311738-mauritanie-un-ancien-cadre-dansar-dine-parmi-17-personnes.html"
"Malijet (ML)";"FR";"2026-09-13";"MSF : 1 046 migrants secourus en une semaine sur la route des Canaries
                                        il y a 3 jours";"https://malijet.com/actualite-sur-afrique/311733-msf-1-046-migrants-secourus-en-une-semaine-sur-la-route-de.html"
"Malijet (ML)";"FR";"2026-09-13";"Gambie : la colère gronde face aux coupures d’électricité à répétition
                                        il y a 3 jours";"https://malijet.com/actualite-sur-afrique/311732-gambie-la-colere-gronde-face-aux-coupures-delectricite-a.html"
"Malijet (ML)";"FR";"2026-09-13";"Sénégal : Guy Marius Sagna critique la politique du gouvernement et dénonce l’influence du FMI
                                        il y a 4 jours";"https://malijet.com/actualite-sur-afrique/311723-senegal-guy-marius-sagna-critique-la-politique-du-gouverne.html"
"Malijet (ML)";"FR";"2026-09-13";"Sénégal : Al Aminou Lô attendu sur la vie chère
                                        il y a 4 jours";"https://malijet.com/actualite-sur-afrique/311711-senegal-al-aminou-lo-attendu-sur-la-vie-chere.html"
"Malijet (ML)";"FR";"2026-09-13";"L’Algérie va fermer son espace aérien aux aéronefs immatriculés aux Émirats après la rupture des relations diplomatiques
                                        il y a 1 jour";"https://malijet.com/actualite_internationale/311784-lalgerie-va-fermer-son-espace-aerien-aux-aeronefs-immatricu.html"
"Malijet (ML)";"FR";"2026-09-13";"CGTN Sondage | Pourquoi la « solution de l'OCS » pour la gouvernance mondiale suscite-t-elle une large attention ?
                                        il y a 3 jours";"https://malijet.com/actualite_internationale/311750-cgtn-sondage-pourquoi-la-solution-de-locs-pour-la-gou.html"
"Malijet (ML)";"FR";"2026-09-13";"Lavrov : la Russie et la Chine ne se cachent aucun secret technologique
                                        1 commentaire
                                        il y a 3 jours";"https://malijet.com/actualite_internationale/311736-lavrov-la-russie-et-la-chine-ne-se-cachent-aucun-secret-te.html"
"Malijet (ML)";"FR";"2026-09-13";"Tour Eiffel : des salariées écartées, une enquête annoncée
                                        il y a 3 jours";"https://malijet.com/actualite_internationale/311731-tour-eiffel-des-salariees-ecartees-une-enquete-annoncee.html"
"Malijet (ML)";"FR";"2026-09-13";"Japon : 41 blessés après de pluies torrentielles dans la ville de Nagoya
                                        il y a 3 jours";"https://malijet.com/actualite_internationale/311729-japon-41-blesses-apres-de-pluies-torrentielles-dans-la-vil.html"
"Malijet (ML)";"FR";"2026-09-13";"France : les prix des carburants atteignent de nouveaux records sur fond de tensions au Moyen-Orient
                                        il y a 3 jours";"https://malijet.com/actualite_internationale/311728-france-les-prix-des-carburants-atteignent-de-nouveaux-reco.html"
"Malijet (ML)";"FR";"2026-09-13";"La Mecque : ouverture du Forum international sur les miracles scientifiques dans le Coran et la Sunna
                                        il y a 5 jours";"https://malijet.com/actualite_internationale/311699-la-mecque-ouverture-du-forum-international-sur-les-miracle.html"
"Malijet (ML)";"FR";"2026-09-13";"Zhejiang : à Hangzhou, des poissons robotiques biomimétiques patrouillent dans les eaux du lac de l'Ouest
                                        il y a 5 jours";"https://malijet.com/actualite_internationale/311691-zhejiang-a-hangzhou-des-poissons-robotiques-biomimetiques.html"
"Malijet (ML)";"FR";"2026-09-13";"Un « vote de confiance » qui témoigne de la détermination et du sens des responsabilités de la Chine
                                        il y a 5 jours";"https://malijet.com/actualite_internationale/311690-un-vote-de-confiance-qui-temoigne-de-la-determination-et.html"
"Malijet (ML)";"FR";"2026-09-13";"L’Iran condamne les frappes américaines contre des pétroliers comme étant « illégales et agressives »
                                        il y a 5 jours";"https://malijet.com/actualite_internationale/311684-liran-condamne-les-frappes-americaines-contre-des-petrolier.html"
"Malijet (ML)";"FR";"2026-09-13";"Côte d’Ivoire : Le FMI salue les performances économiques et le succès du programme financier
                    2 commentaires
                    il y a 4 jours";"https://malijet.com/actualite_economique_du_mali/311717-cote-divoire-le-fmi-salue-les-performances-economiques-et.html"
"Malijet (ML)";"FR";"2026-09-13";"Lavrov : la Russie et la Chine ne se cachent aucun secret technologique
                    1 commentaire
                    il y a 3 jours";"https://malijet.com/actualite_internationale/311736-lavrov-la-russie-et-la-chine-ne-se-cachent-aucun-secret-te.html"
"Malijet (ML)";"FR";"2026-09-13";"Économie";"https://malijet.com/actualite_economique_du_mali"
