"Source";"Language";"Date";"Title";"URL"
"VRT NWS (EN)";"EN";"2026-09-22";"Wereldleiders bijeen voor Algemene Vergadering van VN in New York: waarom is deze top zo belangrijk?";"https://www.vrt.be/vrtnws/nl/2026/09/22/waarom-deze-vn-top-zo-belangrijk-is/?utm_source=corporate&utm_medium=referral&utm_campaign=rssfeed&utm_content=vrt-nws"
"VRT NWS (EN)";"EN";"2026-09-22";"Witte Huis lanceert 'Trump TV', kort na ban op CNN en andere media wegens 'fake news'";"https://www.vrt.be/vrtnws/nl/2026/09/22/witte-huis-lanceert-trump-tv/?utm_source=corporate&utm_medium=referral&utm_campaign=rssfeed&utm_content=vrt-nws"
"VRT NWS (EN)";"EN";"2026-09-22";"ALDI gaat kunst van prinses Delphine verkopen";"https://www.vrt.be/vrtnws/nl/2026/09/22/aldi-gaat-kunst-van-prinses-delphine-verkopen/?utm_source=corporate&utm_medium=referral&utm_campaign=rssfeed&utm_content=vrt-nws"
"VRT NWS (EN)";"EN";"2026-09-22";"Persoonlijke bezittingen van Franse actrice Brigitte Bardot brengen bijna 1 miljoen euro op tijdens veiling in Parijs";"https://www.vrt.be/vrtnws/nl/2026/09/22/veiling-spullen-brigitte-bardot-brengt-1-miljoen-euro-op/?utm_source=corporate&utm_medium=referral&utm_campaign=rssfeed&utm_content=vrt-nws"
"VRT NWS (EN)";"EN";"2026-09-22";"Nazomertje op komst: kwik klimt zondag richting 25 graden";"https://www.vrt.be/vrtnws/nl/2026/09/22/nazomertje-op-komst-kwik-klimt-zondag-richting-25-graden/?utm_source=corporate&utm_medium=referral&utm_campaign=rssfeed&utm_content=vrt-nws"
"VRT NWS (EN)";"EN";"2026-09-22";"Belgische marine mikt op nieuwe Italiaanse gevechtsschepen, is Nederlandse piste gekelderd?";"https://www.vrt.be/vrtnws/nl/2026/09/20/belgische-marine-mikt-op-nieuwe-italiaanse-gevechtsschepen-nede/?utm_source=corporate&utm_medium=referral&utm_campaign=rssfeed&utm_content=vrt-nws"
"VRT NWS (EN)";"EN";"2026-09-22";"Huisbazen proberen kotbelasting in Gent al door te rekenen, ook al geldt die pas in 2027: ""Dit misbruik kan echt niet""";"https://www.vrt.be/vrtnws/nl/2026/09/18/gent-kotbelasting-doorrekenen-kotbaas-huisbaas-nieuw/?utm_source=corporate&utm_medium=referral&utm_campaign=rssfeed&utm_content=vrt-nws"
"VRT NWS (EN)";"EN";"2026-09-22";"Alcoholverbod in Brusselse binnenstad met 4 jaar verlengd: ""Geen aangename maatregel""";"https://www.vrt.be/vrtnws/nl/2026/09/22/alcoholverbod-in-brusselse-binnenstad-met-vier-jaar-verlengd-g/?utm_source=corporate&utm_medium=referral&utm_campaign=rssfeed&utm_content=vrt-nws"
"VRT NWS (EN)";"EN";"2026-09-22";"Twee explosies in Antwerpen-Noord, 1 huis al eerder geviseerd";"https://www.vrt.be/vrtnws/nl/2026/09/22/twee-explosies-op-korte-tijd-in-antwerpen-noord-huizen-beschad/?utm_source=corporate&utm_medium=referral&utm_campaign=rssfeed&utm_content=vrt-nws"
"VRT NWS (EN)";"EN";"2026-09-22";"Medewerker Oktoberfest overleden na ongeval met attractie";"https://www.vrt.be/vrtnws/nl/2026/09/22/medewerker-oktoberfest-overleden-na-ongeval-met-attractie/?utm_source=corporate&utm_medium=referral&utm_campaign=rssfeed&utm_content=vrt-nws"
"VRT NWS (EN)";"EN";"2026-09-22";"Marokko trekt naar stembus, maar Gen Z haakt af: ""Als de grens open stond, zou een hele generatie jongeren vertrekken""";"https://www.vrt.be/vrtnws/nl/2026/09/17/marokko-kiest-maar-radeloze-jeugd-haakt-af-niemand-gelooft-in/?utm_source=corporate&utm_medium=referral&utm_campaign=rssfeed&utm_content=vrt-nws"
"VRT NWS (EN)";"EN";"2026-09-22";"""We moeten al hun kinderen afmaken"": VRT NWS vindt tientallen extreme uitspraken in populaire Israëlische talkshow";"https://www.vrt.be/vrtnws/nl/2026/09/14/vrt-nws-keer-meer-dan-30-uur-israelische-televisie/?utm_source=corporate&utm_medium=referral&utm_campaign=rssfeed&utm_content=vrt-nws"
"VRT NWS (EN)";"EN";"2026-09-22";"60 muzikanten ontkomen aan busbrand op snelweg, fanfare is wel instrumenten kwijt";"https://www.vrt.be/vrtnws/nl/2026/09/21/fanfare-vermaak-na-arbeid-rijkevorsel-bus-brand-instrumenten-ver/?utm_source=corporate&utm_medium=referral&utm_campaign=rssfeed&utm_content=vrt-nws"
"VRT NWS (EN)";"EN";"2026-09-22";"75 katten aangetroffen in flat van 50 vierkante meter in Parijs: bewoonster lijdt vermoedelijk aan syndroom van Noah";"https://www.vrt.be/vrtnws/nl/2026/09/21/meer-dan-75-katten-ontdekt-in-parijs-appartement/?utm_source=corporate&utm_medium=referral&utm_campaign=rssfeed&utm_content=vrt-nws"
"VRT NWS (EN)";"EN";"2026-09-22";"Waarom de dieselprijs op recordhoogte staat en er waarschijnlijk geen maatregelen komen";"https://www.vrt.be/vrtnws/nl/2026/09/21/records-brandstofprijzen-buurlanden-maatregelen/?utm_source=corporate&utm_medium=referral&utm_campaign=rssfeed&utm_content=vrt-nws"
"VRT NWS (EN)";"EN";"2026-09-22";"Uit solidariteit met CNN: 4 grote zenders weigeren president Trump te filmen";"https://www.vrt.be/vrtnws/nl/2026/09/21/cnn-ms-now-en-politico-stappen-naar-rechter-over-weigering-witt/?utm_source=corporate&utm_medium=referral&utm_campaign=rssfeed&utm_content=vrt-nws"
"VRT NWS (EN)";"EN";"2026-09-22";"""Onbegrijpelijk voor oud-voorzitter"": vertrek van Egbert Lachaert bij Anders kan op weinig genade rekenen bij partijleden";"https://www.vrt.be/vrtnws/nl/2026/09/21/lachaert-vertrek-anders-reacties/?utm_source=corporate&utm_medium=referral&utm_campaign=rssfeed&utm_content=vrt-nws"
"VRT NWS (EN)";"EN";"2026-09-22";"Kot vol muizen en schimmel, maar wel kwaliteitslabel: ""Ik betaal 870 euro, wat is zo'n attest eigenlijk waard?""";"https://www.vrt.be/vrtnws/nl/2026/09/18/studentenkoten-tekort-kwaliteislabel-undercover-winwin-getuigeni/?utm_source=corporate&utm_medium=referral&utm_campaign=rssfeed&utm_content=vrt-nws"
"VRT NWS (EN)";"EN";"2026-09-22";"""We moeten hierover praten"": Streamz-docureeks over seksueel kindermisbruik laat ook Sven Pichal aan het woord";"https://www.vrt.be/vrtnws/nl/2026/09/18/docureeks-het-bestaat-streamz-seksueel-kindermisbruik-sven-picha/?utm_source=corporate&utm_medium=referral&utm_campaign=rssfeed&utm_content=vrt-nws"
"VRT NWS (EN)";"EN";"2026-09-22";"Dit zijn de opvallendste passages uit Diana-boek 'Zwanenzang': van handtastelijke Al-Fayed tot ""beetje mollig daar""";"https://www.vrt.be/vrtnws/nl/2026/09/20/dit-is-zwanenzang-mijn-zus-diana/?utm_source=corporate&utm_medium=referral&utm_campaign=rssfeed&utm_content=vrt-nws"
"VRT NWS (EN)";"EN";"2026-09-22";"Waarom de geruchten over de gezondheid van Xi Jinping zoveel onrust veroorzaken";"https://www.vrt.be/vrtnws/nl/2026/09/19/wat-is-er-aan-de-hand-met-de-gezondheid-van-de-chinese-president/?utm_source=corporate&utm_medium=referral&utm_campaign=rssfeed&utm_content=vrt-nws"
"VRT NWS (EN)";"EN";"2026-09-22";"""Ik was nooit verder dan fietsen met zijwieltjes geraakt"": 4 volwassenen getuigen over leren fietsen op latere leeftijd";"https://www.vrt.be/vrtnws/nl/2026/09/15/mobiliteit-volwassen-die-leren-fietsen/?utm_source=corporate&utm_medium=referral&utm_campaign=rssfeed&utm_content=vrt-nws"
"VRT NWS (EN)";"EN";"2026-09-22";"Wanneer wordt mijn gasaansluiting afgesloten en hoe haalbaar is dat? Jouw vragen over afbouw van aardgas beantwoord";"https://www.vrt.be/vrtnws/nl/2026/09/16/vragen-afbouw-aardgasnet-vlaanderen/?utm_source=corporate&utm_medium=referral&utm_campaign=rssfeed&utm_content=vrt-nws"
"VRT NWS (EN)";"EN";"2026-09-22";"De Wevers 'witte kaftje' met begrotingsideeën blijft een mysterie, maar dit weten we wel al";"https://www.vrt.be/vrtnws/nl/2026/09/14/begrotingsvoorstellen-wit-kaftje-de-wever/?utm_source=corporate&utm_medium=referral&utm_campaign=rssfeed&utm_content=vrt-nws"
"VRT NWS (EN)";"EN";"2026-09-22";"Waarom heeft Europa een eigen satellietnetwerk nodig? En komen we niet hopeloos te laat?";"https://www.vrt.be/vrtnws/nl/2026/09/11/iris2-waarom-europa-eigen-satellietnetwerk-nodig-heeft/?utm_source=corporate&utm_medium=referral&utm_campaign=rssfeed&utm_content=vrt-nws"
"VRT NWS (EN)";"EN";"2026-09-22";"LIVEBLOG (14u): Kevin De Bruyne blikt straks vooruit naar zware vierluik in Nations League";"https://sporza.be/nl/2026/09/22/liveblog-14u-kevin-de-bruyne-blikt-straks-vooruit-naar-zware~1790066982829/"
"VRT NWS (EN)";"EN";"2026-09-22";"Na drie gemiste races door blessure keert Isack Hadjar terug bij Red Bull voor GP van Bakoe";"https://sporza.be/nl/2026/09/22/na-drie-gemiste-races-door-blessure-keert-isack-hadjar-terug-bij-red-bull-voor-gp-van-bakoe~1790066125606/"
"VRT NWS (EN)";"EN";"2026-09-22";"""We zijn nog lang niet halfweg"": Bert en Jelle Van Damme zien af bij de ontdekking van de MTB Marathonroute Hoge Kempen";"https://sporza.be/nl/2026/09/18/-we-zijn-nog-lang-niet-halfweg-bert-en-jelle-van-damme-zien-af-bij-de-ontdekking-van-de-mtb-marathonroute-hoge-kempen~1789740040312/"
"VRT NWS (EN)";"EN";"2026-09-22";"Ligt de grootste kans op WK-goud bij de vrouwen bij de beloften? ""Fleur Moors is er echt klaar voor""";"https://sporza.be/nl/2026/09/17/ligt-de-grootste-kans-op-wk-goud-bij-de-vrouwen-bij-de-beloften-fleur-moors-is-er-echt-klaar-voor~1789654029508/"
"VRT NWS (EN)";"EN";"2026-09-22";"Beloning na gouden zomer: wereldkampioen Spanje en succescoach Luis de la Fuente gaan door tot 2032";"https://sporza.be/nl/2026/09/21/beloning-na-gouden-zomer-wereldkampioen-spanje-en-succescoach-luis-de-la-fuente-gaan-door-tot-2032~1790026192176/"
"VRT NWS (EN)";"EN";"2026-09-22";"Wielertransfers vrouwen - Dag na haar wereldtitel heeft Wilson-Haffenden ook profcontract beet bij Fenix-Premier Tech";"https://sporza.be/nl/2026/08/12/wielertransfers-vrouwen-dag-na-haar-wereldtitel-heeft-wilson-haffenden-ook-profcontract-beet-bij-fenix-premier-tech~1786539461364/"
"VRT NWS (EN)";"EN";"2026-09-22";"Van Aert checkt (net op tijd) in, Nys heeft nog ""probleempje"" voor afreis naar Canada: ""Ken mijn wachtwoord niet meer""";"https://sporza.be/nl/2026/09/22/van-aert-checkt-net-op-tijd-in-nys-heeft-nog-probleempje-voor-afreis-naar-canada-ken-mijn-wachtwoord-niet-meer~1790056917768/"
"VRT NWS (EN)";"EN";"2026-09-22";"""Ik wil geen schoolmeester zijn"": de 1e woorden van bondscoach Van Bommel, die zoontjes van Lukaku show ziet stelen op training";"https://sporza.be/nl/2026/09/21/-ik-wil-geen-schoolmeester-zijn-de-1e-woorden-van-bondscoach-van-bommel-die-zoontjes-van-lukaku-show-ziet-stelen-op-training~1790013161563/"
"VRT NWS (EN)";"EN";"2026-09-22";"""Peptides zijn toegekomen in België, maar bijwerkingen kunnen gevaarlijk zijn""";"https://sporza.be/nl/2026/09/10/-peptides-zijn-toegekomen-in-belgie-maar-bijwerkingen-kunnen-gevaarlijk-zijn~1789042275275/"
"VRT NWS (EN)";"EN";"2026-09-22";"""Alles is mogelijk, ook een klein mirakel"": OH Leuven Women vat met veel goesting nieuw Champions League-avontuur aan";"https://sporza.be/nl/2026/09/21/-alles-is-mogelijk-ook-een-klein-mirakel-oh-leuven-women-vat-met-veel-goesting-nieuw-champions-league-avontuur-aan~1790012772014/"
"VRT NWS (EN)";"EN";"2026-09-22";"""Hij was volledig fout"": Filip Joos scherp voor ""belachelijke"" Mourinho, ook Atletico print statement (van 4 woorden)";"https://sporza.be/nl/2026/09/21/-hij-was-volledig-fout-filip-joos-scherp-voor-belachelijke-mourinho-ook-atletico-print-statement-van-4-woorden~1790018633517/"
"VRT NWS (EN)";"EN";"2026-09-22";"Eerst de klik, dan het visitekaartje: het beste van Ferre Reggers, die ""alles losliet"" met heerlijke aanvallen en killblocks";"https://sporza.be/nl/2026/09/21/eerst-de-klik-dan-het-visitekaartje-het-beste-van-ferre-reggers-die-alles-losliet-met-heerlijke-aanvallen-en-killblocks~1790026736725/"
"VRT NWS (EN)";"EN";"2026-09-22";"Servië met grond gelijkgemaakt: ook Slovenië pakt uit met duidelijk statement voor kwartfinale tegen Red Dragons";"https://sporza.be/nl/2026/09/21/servie-met-grond-gelijkgemaakt-ook-slovenie-pakt-uit-met-duidelijk-statement-voor-kwartfinale-tegen-red-dragons~1790019714266/"
"VRT NWS (EN)";"EN";"2026-09-22";"Na mislukte miljardendeal én zware kritiek: Gianni Infantino wil praten over hervormingen binnen de FIFA";"https://sporza.be/nl/2026/07/29/na-mislukte-miljardendeal-en-zware-kritiek-gianni-infantino-wil-praten-over-hervormingen-binnen-de-fifa~1785325277875/"
"VRT NWS (EN)";"EN";"2026-09-22";"""Ik heb aan hem gedacht vannacht"": dag na ongeval van broer Seff grijpt Matisse Van Kerckhove naast WK-medaille";"https://sporza.be/nl/2026/09/21/-ik-heb-aan-hem-gedacht-vannacht-dag-na-ongeval-van-broer-seff-grijpt-matisse-van-kerckhove-naast-wk-medaille~1790016017295/"
"VRT NWS (EN)";"EN";"2026-09-22";"Ook dit seizoen gaat 90 minutes op tournee: scoor hier je tickets voor de shows in Mechelen, Genk, Gent, Kortrijk en Leuven";"https://sporza.be/nl/2026/08/31/ook-dit-seizoen-gaat-90-minutes-op-tournee-scoor-hier-je-tickets-voor-de-shows-in-mechelen-genk-gent-kortrijk-en-leuven~1788168196486/"
"VRT NWS (EN)";"EN";"2026-09-22";"Rode Duivels verzamelen in Tubeke, en werken training af voor de ogen van de fans";"https://sporza.be/nl/2026/09/21/rode-duivels-verzamelen-in-tubeke-en-werken-training-af-voor-de~1790013536697/"
"VRT NWS (EN)";"EN";"2026-09-22";"De Red Dragons gaan vlot voorbij Tsjechië en plaatst zich voor kwartfinales op het EK";"https://sporza.be/nl/2026/09/21/de-red-dragons-gaan-vlot-voorbij-tsjechie-en-plaatst-zich-voor-k~1790013374041/"
"VRT NWS (EN)";"EN";"2026-09-22";"Luca Vierstraete schrikt van eigen bronzen prestatie in nagelbijter op WK: ""Het mooiste wat ik al heb meegemaakt""";"https://sporza.be/nl/2026/09/21/luca-vierstraete-schrikt-van-eigen-bronzen-prestatie-in-nagelbijter-op-wk-het-mooiste-wat-ik-al-heb-meegemaakt~1790002719363/"
"VRT NWS (EN)";"EN";"2026-09-22";"""Radja is in de fout gegaan"": Nainggolan geschorst bij geplaagd Patro, Stijnen geeft uitleg in podcast (mét middenvelder)";"https://sporza.be/nl/2026/09/21/-radja-is-in-de-fout-gegaan-nainggolan-geschorst-bij-geplaagd-patro-stijnen-geeft-uitleg-in-podcast-met-middenvelder~1790003134157/"
"RTBF Actus (FR)";"FR";"2026-09-22";"Le nouveau Raison et Sentiments";"/article/le-tenor-du-barreau-et-ancien-avocat-de-marc-dutroux-xavier-magnee-est-decede-11788746"
"RTBF Actus (FR)";"FR";"2026-09-22";"Cet anime a battu Hollywood ?";"/article/diables-rouges-27-joueurs-participent-a-l-entrainement-un-absent-11788559"
"RTBF Actus (FR)";"FR";"2026-09-22";"La survie de DéFI est-elle en jeu ?";"/article/budget-c-est-l-heure-d-avaler-des-ampoules-11788651"
"RTBF Actus (FR)";"FR";"2026-09-22";"Quel vélo pour enfant choisir : prix, poids et ergonomie";"/article/la-revue-de-presse-panique-a-la-pompe-11788665"
"RTBF Actus (FR)";"FR";"2026-09-22";"Il détestait la bêtise et maniait la plume comme un scalpel : qui est Gustave Flaubert ?";"/article/inondations-au-nepal-un-mois-apres-la-crue-la-catastrophe-humanitaire-se-poursuit-11788705"
"RTBF Actus (FR)";"FR";"2026-09-22";"Le ventilateur de plafond fait son grand retour";"/article/inondations-au-nepal-un-mois-apres-la-crue-la-catastrophe-humanitaire-se-poursuit-11788705"
"RTBF Actus (FR)";"FR";"2026-09-22";"The Molotovs : la nouvelle génération mod qui secoue le rock britannique";"/article/billie-jean-king-cup-belgique-ukraine-une-nation-tres-forte-mais-on-va-tout-donner-pour-gagner-cette-rencontre-11788720"
"RTBF Actus (FR)";"FR";"2026-09-22";"La forêt de Soignes veut éviter un scénario similaire à celui des Fagnes";"/article/en-finir-avec-les-choix-du-gouvernement-d-etre-faible-avec-les-forts-et-fort-avec-les-faibles-la-vision-de-sophie-rohonyi-defi-11788660"
"RTBF Actus (FR)";"FR";"2026-09-22";"Mario Kohnen, l'invité de La Tribune";"/article/sur-les-traces-de-la-civilisation-mexica-un-manuscrit-mexicain-du-16e-siecle-expose-a-paris-11788718"
"RTBF Actus (FR)";"FR";"2026-09-22";"À Fléron, la future ligne de Busway inquiète les commerçants";"/article/sourd-de-naissance-entendant-par-choix-le-dilemme-de-l-implant-cochleaire-chez-l-enfant-11788338"
"RTBF Actus (FR)";"FR";"2026-09-22";"Cameron Rodgers enchaine les problèmes techniques sur le contre-la-montre";"/article/en-allemagne-les-eglises-font-face-a-l-extreme-droite-la-coexistence-humaine-est-empoisonnee-par-la-haine-nous-devons-nous-exprimer-11788432"
"RTBF Actus (FR)";"FR";"2026-09-22";"Le Grand Cactus : Les prédictions pour la 12e saison !";"/article/en-allemagne-les-eglises-font-face-a-l-extreme-droite-la-coexistence-humaine-est-empoisonnee-par-la-haine-nous-devons-nous-exprimer-11788432"
"RTBF Actus (FR)";"FR";"2026-09-22";"Le ténor du barreau et ancien avocat de Marc Dutroux, Xavier Magnée, est décédé";"/article/pourquoi-les-blessures-sont-elles-de-plus-en-plus-nombreuses-dans-le-tennis-de-haut-niveau-11788611"
"RTBF Actus (FR)";"FR";"2026-09-22";"Diables Rouges : 27 joueurs à l'entrainement, un absent, deux invités inattendus";"/article/attentats-a-paris-probable-liberation-anticipee-de-mohammed-bakkali-un-affront-a-la-douleur-des-victimes-pour-gerald-darmanin-11788562"
"RTBF Actus (FR)";"FR";"2026-09-22";"Budget : c’est l’heure d’avaler des ampoules";"/article/nike-bat-de-l-aile-pourquoi-le-geant-du-sport-quitte-le-club-des-100-plus-grandes-entreprises-de-wall-street-11788653"
"RTBF Actus (FR)";"FR";"2026-09-22";"La revue de presse : panique à la pompe";"/article/les-cellules-du-palais-de-justice-de-bruxelles-pas-adaptees-a-la-detention-meme-pour-quelques-heures-selon-deux-rapports-11788664"
"RTBF Actus (FR)";"FR";"2026-09-22";"Inondations au Népal : un mois après la crue, la catastrophe humanitaire se poursuit";"/article/faut-il-encore-proteger-les-ecrans-de-nos-smartphones-la-reponse-d-apple-a-de-quoi-etonner-11788723"
"RTBF Actus (FR)";"FR";"2026-09-22";"Inondations au Népal : un mois après la crue, la catastrophe humanitaire se poursuit";"/article/le-cactus-jerome-de-warzee-propose-une-solution-inattendue-pour-se-debarrasser-des-rats-a-bruxelles-11788677"
"RTBF Actus (FR)";"FR";"2026-09-22";"Billie Jean King Cup, Belgique – Ukraine : ""Une nation très forte… Mais on va tout donner pour gagner""";"/article/difficultes-sexuelles-des-nouveaux-parents-l-impact-des-traumas-d-enfance-11787051"
"RTBF Actus (FR)";"FR";"2026-09-22";"En finir avec les choix du gouvernement d'""être faible avec les forts et fort avec les faibles"", la vision de Sophie Rohonyi, DéFI";"/article/courtois-joue-a-la-carte-et-c-est-ok-pour-stephan-streker-on-reproche-de-faire-une-exception-mais-thibaut-courtois-est-une-exception-11788595"
"RTBF Actus (FR)";"FR";"2026-09-22";"Sur les traces de la civilisation mexica : un manuscrit mexicain du 16e siècle exposé à Paris";"/article/voyages-organises-l-eldorado-des-aines-11788334"
"RTBF Actus (FR)";"FR";"2026-09-22";"Sourd de naissance, entendant par choix : le dilemme de l’implant cochléaire chez l’enfant";"/article/voyages-organises-l-eldorado-des-aines-11788334"
"RTBF Actus (FR)";"FR";"2026-09-22";"En Allemagne, les Églises font face à l’extrême droite : ""La coexistence humaine est empoisonnée par la haine, nous devons nous exprimer""";"/article/gta-6-a-t-il-reellement-besoin-de-publicite-alors-que-tout-le-mondeval-acheter-11787169"
"RTBF Actus (FR)";"FR";"2026-09-22";"En Allemagne, les Églises font face à l’extrême droite : ""La coexistence humaine est empoisonnée par la haine, nous devons nous exprimer""";"/article/georges-lucas-ouvre-son-musee-a-los-angeles-un-vaisseau-spatial-monumental-dedie-a-l-art-narratif-11788015"
"RTBF Actus (FR)";"FR";"2026-09-22";"Pourquoi les blessures sont-elles de plus en plus nombreuses, dans le tennis de haut niveau ?";"/article/on-m-a-dit-que-c-etait-dans-ma-tete-l-endometriose-touche-une-femme-sur-dix-un-nouveau-centre-pluridisciplinaire-la-prend-en-charge-a-namur-11788483"
"RTBF Actus (FR)";"FR";"2026-09-22";"Attentats à Paris : probable libération anticipée de Mohammed Bakkali, ""un affront à la douleur des victimes"" pour Gérald Darmanin";"/article/pourquoi-les-super-vilains-sont-ils-souvent-representes-en-vert-ou-en-mauve-11787331"
"RTBF Actus (FR)";"FR";"2026-09-22";"Nike bat de l’aile : pourquoi le géant du sport quitte le club des 100 plus grandes entreprises de Wall Street";"/article/vagues-de-chaleur-quand-il-fait-trop-chaud-la-productivite-baisse-les-pertes-pour-2026-pourraient-s-elever-a-6-milliards-d-euros-11788427"
"RTBF Actus (FR)";"FR";"2026-09-22";"Les cellules du Palais de justice de Bruxelles ""pas adaptées à la détention, même pour quelques heures"", selon deux rapports";"/article/la-californie-declare-l-etat-d-urgence-face-a-l-arrivee-d-el-nino-sur-la-cote-ouest-americaine-11788570"
"RTBF Actus (FR)";"FR";"2026-09-22";"Faut-il encore protéger les écrans de nos smartphones ? La réponse d'Apple a de quoi étonner";"/article/gianni-infantino-propose-de-consulter-les-federations-pour-reformer-la-gouvernance-de-la-fifa-11788579"
"RTBF Actus (FR)";"FR";"2026-09-22";"Le Cactus : Jérôme de Warzée propose une solution inattendue pour se débarrasser des rats à Bruxelles";"/article/l-erg-et-saint-luc-deposent-plainte-contre-un-enseignant-pour-des-violences-sexuelles-11788200"
"RTBF Actus (FR)";"FR";"2026-09-22";"Difficultés sexuelles chez les jeunes parents : le poids méconnu des blessures de l'enfance";"/article/salah-abdeslam-restera-place-a-l-isolement-tranche-la-justice-administrative-francaise-11788525"
"RTBF Actus (FR)";"FR";"2026-09-22";"Thibaut Courtois joue à la carte et c’est okay pour Stephan Streker : ""On reproche de faire une exception mais Courtois est une exception""";"/article/petrole-gaz-l-approvisionnement-de-la-belgique-est-il-suffisant-11788418"
"RTBF Actus (FR)";"FR";"2026-09-22";"Voyages organisés : l’eldorado des aînés";"/article/quels-artistes-se-produiront-aux-fetes-de-wallonie-a-namur-decouvrez-le-programme-complet-pour-2026-11774664"
"RTBF Actus (FR)";"FR";"2026-09-22";"Voyages organisés : l’eldorado des aînés";"/article/fetes-de-wallonie-revivez-les-meilleurs-moments-d-une-soiree-placee-sous-le-signe-de-la-transmission-11787729"
"RTBF Actus (FR)";"FR";"2026-09-22";"GTA 6 a-t-il réellement besoin de publicité alors que tout le monde va l’acheter ?";"/article/emotion-pour-le-concert-de-salvatore-adamo-a-mons-11787781"
"RTBF Actus (FR)";"FR";"2026-09-22";"George Lucas ouvre son musée à Los Angeles, un vaisseau spatial monumental dédié à l’art narratif";"/article/fetes-de-wallonie-freddy-tougaux-est-parti-a-la-louviere-pour-verifier-si-le-wallon-a-encore-de-l-avenir-11787650"
"RTBF Actus (FR)";"FR";"2026-09-22";"""On m’a dit que c’était dans ma tête"": un nouveau centre pluridisciplinaire prend en charge l'endométriose à Namur";"/article/fetes-de-wallonie-je-suis-un-grand-pere-heureux-quand-la-fierte-wallonne-se-transmet-de-generation-en-generation-11787685"
"RTBF Actus (FR)";"FR";"2026-09-22";"Pourquoi les super-vilains sont-ils souvent représentés en vert ou en mauve ?";"/article/fetes-de-wallonie-essyla-nous-fait-decouvrir-les-lieux-namurois-qui-ont-marque-son-enfance-mais-aussi-sa-carriere-11787647"
"RTBF Actus (FR)";"FR";"2026-09-22";"Vagues de chaleur : quand il fait trop chaud, la productivité baisse, les pertes pour 2026 pourraient s’élever à 6 milliards d’euros";"/article/fanny-jandrain-celebre-les-fetes-de-wallonie-dans-une-emission-speciale-de-stoemp-peket-et-des-rawettes-11785542"
"RTBF Actus (FR)";"FR";"2026-09-22";"La Californie déclare l’état d’urgence face à l’arrivée d’El Nino sur la côte ouest américaine";"/article/fetes-de-wallonie-une-chorale-de-700-eleves-reunis-pour-les-175-ans-du-bia-bouquet-chant-folklorique-namurois-11786196"
"RTBF Actus (FR)";"FR";"2026-09-22";"Gianni Infantino propose de consulter les fédérations pour réformer la gouvernance de la FIFA";"/article/la-securite-routiere-au-c-ur-des-fetes-de-wallonie-11784883"
"RTBF Actus (FR)";"FR";"2026-09-22";"L’ERG et Saint-Luc déposent plainte contre un enseignant pour des violences sexuelles";"/article/diables-rouges-27-joueurs-participent-a-l-entrainement-un-absent-11788559"
"RTBF Actus (FR)";"FR";"2026-09-22";"Salah Abdeslam restera placé à l’isolement, tranche la justice administrative française";"/article/la-methode-kohnen-porte-ses-fruits-a-charleroi-je-suis-super-direct-avec-mes-joueurs-parfois-trop-peut-etre-11788549"
"RTBF Actus (FR)";"FR";"2026-09-22";"Pétrole, gaz : l’approvisionnement de la Belgique est-il suffisant?";"/article/radja-nainggolan-suspendu-par-son-propre-club-il-peut-fumer-et-sortir-mais-on-a-fixe-certaines-limites-11788691"
"RTBF Actus (FR)";"FR";"2026-09-22";"Quels artistes se produiront aux Fêtes de Wallonie à Namur ? Découvrez le programme complet pour 2026";"/article/lucas-stassin-de-retour-chez-les-diables-je-sais-qu-il-y-avait-peut-etre-une-possibilite-pour-ce-rassemblement-11788379"
"RTBF Actus (FR)";"FR";"2026-09-22";"Fêtes de Wallonie : revivez les meilleurs moments d’une soirée placée sous le signe de la transmission";"/article/courtois-joue-a-la-carte-et-c-est-ok-pour-stephan-streker-on-reproche-de-faire-une-exception-mais-thibaut-courtois-est-une-exception-11788595"
"RTBF Actus (FR)";"FR";"2026-09-22";"Emotion pour le concert de Salvatore Adamo à Mons";"/article/l-icone-zidane-a-dirige-son-premier-entrainement-avec-les-bleus-devant-une-meute-de-journalistes-11788577"
"RTBF Actus (FR)";"FR";"2026-09-22";"Fêtes de Wallonie : Freddy Tougaux est parti à La Louvière pour vérifier si le wallon a encore de l’avenir";"/article/diables-rouges-leandro-trossard-seul-absent-du-1er-entrainement-de-l-ere-mark-van-bommel-11788509"
"RTBF Actus (FR)";"FR";"2026-09-22";"Fêtes de Wallonie : ""Je suis un grand-père heureux"", quand la fierté wallonne se transmet de génération en génération.";"/article/envie-de-prendre-place-dans-le-public-de-la-tribune-voici-comment-faire-pour-assister-a-l-emission-11771995"
"RTBF Actus (FR)";"FR";"2026-09-22";"Fêtes de Wallonie : Essyla nous fait découvrir les lieux namurois qui ont marqué son enfance mais aussi sa carrière";"/article/gianni-infantino-propose-de-consulter-les-federations-pour-reformer-la-gouvernance-de-la-fifa-11788579"
"RTBF Actus (FR)";"FR";"2026-09-22";"Fanny Jandrain célèbre les Fêtes de Wallonie dans une émission spéciale de Stoemp, Pékèt et des rawettes";"/article/serge-pauwels-sur-l-unite-de-l-equipe-belge-maximiser-les-chances-de-la-belgique-pas-celles-de-van-aert-ou-evenepoel-11788002"
"RTBF Actus (FR)";"FR";"2026-09-22";"Fêtes de Wallonie : une chorale de 600 élèves réunis pour les 175 ans du ""Bia Bouquet"", chant folklorique namurois";"/article/le-neerlandais-ryan-gal-se-pare-d-or-sur-le-chrono-u23-pas-de-medailles-pour-les-belges-11788548"
"RTBF Actus (FR)";"FR";"2026-09-22";"La sécurité routière au cœur des Fêtes de Wallonie";"/article/luca-vierstraete-apres-sa-medaille-de-bronze-sur-le-chrono-des-mondiaux-c-est-tres-emouvant-je-ne-m-y-attendais-vraiment-pas-11788487"
"RTBF Actus (FR)";"FR";"2026-09-22";"Diables Rouges : 27 joueurs à l'entrainement, un absent, deux invités inattendus";"/article/rodrigo-beenkens-epate-par-la-discipline-derriere-les-resultats-d-evenepoel-il-y-a-le-boulot-et-ca-les-gens-n-en-parlent-pas-11788281"
"RTBF Actus (FR)";"FR";"2026-09-22";"La méthode Kohnen porte ses fruits à Charleroi : ""Je suis super direct avec mes joueurs, parfois trop peut-être""";"/article/mondiaux-de-cyclisme-seff-van-kerckhove-forfait-chez-les-juniors-apres-un-accident-11788239"
"RTBF Actus (FR)";"FR";"2026-09-22";"Radja Nainggolan suspendu par son propre club : ""Il peut fumer et sortir mais on a fixé certaines limites""";"/article/un-ovni-une-suprematie-totale-remco-evenepoel-vole-sur-le-chrono-depuis-les-jeux-de-paris-11788117"
"RTBF Actus (FR)";"FR";"2026-09-22";"Lucas Stassin de retour chez les Diables ? ""Il y avait peut-être une possibilité pour ce rassemblement...""";"/article/evenepoel-proche-de-la-perfection-seixas-impressionnant-gerard-bulens-analyse-le-chrono-des-mondiaux-11788050"
"RTBF Actus (FR)";"FR";"2026-09-22";"Thibaut Courtois joue à la carte et c’est okay pour Stephan Streker : ""On reproche de faire une exception mais Courtois est une exception""";"/article/remco-evenepoel-en-veut-encore-apres-le-chrono-des-mondiaux-l-an-prochain-j-irai-a-annecy-pour-un-cinquieme-titre-11788047"
"RTBF Actus (FR)";"FR";"2026-09-22";"L’icône Zidane a dirigé son premier entraînement avec les Bleus, devant une meute de journalistes";"/article/remco-evenepoel-entre-dans-l-histoire-avec-un-4e-sacre-mondial-consecutif-du-contre-la-montre-11787923"
"RTBF Actus (FR)";"FR";"2026-09-22";"Diables Rouges : Leandro Trossard seul absent du 1er entraînement de l’ère Mark van Bommel";"/article/la-revue-de-presse-panique-a-la-pompe-11788665"
"RTBF Actus (FR)";"FR";"2026-09-22";"Envie de prendre place dans le public de La Tribune ? Voici comment faire pour assister à l’émission";"/article/nike-bat-de-l-aile-pourquoi-le-geant-du-sport-quitte-le-club-des-100-plus-grandes-entreprises-de-wall-street-11788653"
"RTBF Actus (FR)";"FR";"2026-09-22";"Gianni Infantino propose de consulter les fédérations pour réformer la gouvernance de la FIFA";"/article/le-cactus-jerome-de-warzee-propose-une-solution-inattendue-pour-se-debarrasser-des-rats-a-bruxelles-11788677"
"RTBF Actus (FR)";"FR";"2026-09-22";"Serge Pauwels sur l’unité de l’équipe belge : ""Maximiser les chances de la Belgique, pas celles de van Aert ou Evenepoel""";"/article/budget-c-est-l-heure-d-avaler-des-ampoules-11788651"
"RTBF Actus (FR)";"FR";"2026-09-22";"Le Néerlandais Ryan Gal se pare d’or sur le chrono U23, pas de médailles pour les Belges";"/article/bts-derriere-le-show-la-mecanique-d-une-tournee-mondiale-11785015"
"RTBF Actus (FR)";"FR";"2026-09-22";"Luca Vierstraete après sa médaille de bronze sur le chrono des Mondiaux : ""C’est très émouvant, je ne m’y attendais vraiment pas""";"/article/dr-seylan-cindy-une-comedie-medicale-qui-a-du-c-ur-11788467"
"RTBF Actus (FR)";"FR";"2026-09-22";"Rodrigo Beenkens épaté par la discipline derrière les résultats d’Evenepoel : ""Il y a le boulot, et ça, les gens n’en parlent pas""";"/article/victoria-la-serie-historique-britannique-qui-n-a-rien-a-envier-a-the-crown-11003506"
"RTBF Actus (FR)";"FR";"2026-09-22";"Mondiaux de cyclisme : Seff Van Kerckhove forfait chez les juniors après un accident";"/article/dix-pour-cent-quel-agent-d-ask-etes-vous-faites-le-test-11342843"
"RTBF Actus (FR)";"FR";"2026-09-22";"Un ovni, une suprématie totale : Remco Evenepoel vole sur le chrono depuis les Jeux de Paris";"/article/vous-considerez-que-notre-reportage-est-incomplet-un-droit-de-reponse-est-il-possible-11786650"
"RTBF Actus (FR)";"FR";"2026-09-22";"Evenepoel ""proche de la perfection"", Seixas ""impressionnant"" : Gérard Bulens analyse le chrono des Mondiaux";"/article/proximite-interaction-et-collaboration-comment-la-rtbf-ancre-ses-contenus-au-c-ur-des-regions-11786513"
"RTBF Actus (FR)";"FR";"2026-09-22";"Remco Evenepoel en veut encore après le chrono des Mondiaux : ""L’an prochain, j’irai à Annecy pour un 5e titre !""";"/article/que-fait-la-rtbf-de-vos-donnees-collecte-algorithmes-et-protection-de-la-vie-privee-decryptes-11776913"
"RTBF Actus (FR)";"FR";"2026-09-22";"Remco Evenepoel entre dans l’histoire avec un 4e sacre mondial consécutif du contre-la-montre";"/article/enfant-illegitime-un-terme-a-eviter-sur-nos-antennes-11776723"
"RTBF Actus (FR)";"FR";"2026-09-22";"La revue de presse : panique à la pompe";"/article/les-jeunes-et-l-actu-plus-informes-qu-on-ne-le-pense-mais-pas-a-l-abri-de-pieges-11763284"
"RTBF Actus (FR)";"FR";"2026-09-22";"Nike bat de l’aile : pourquoi le géant du sport quitte le club des 100 plus grandes entreprises de Wall Street";"/article/moderation-sur-les-reseaux-sociaux-le-defi-quotidien-de-la-rtbf-11758876"
"RTBF Actus (FR)";"FR";"2026-09-22";"Le Cactus : Jérôme de Warzée propose une solution inattendue pour se débarrasser des rats à Bruxelles";"/article/age-conseille-contenus-sensibles-une-nouvelle-signaletique-tele-des-le-1er-juillet-11745979"
"RTBF Actus (FR)";"FR";"2026-09-22";"Budget : c’est l’heure d’avaler des ampoules";"/article/bivouacs-du-journalisme-les-contacts-avec-le-public-sont-extremement-enrichissants-on-retire-le-micro-la-camera-jean-pierre-jacqmin-ancien-directeur-de-l-info-de-la-rtbf-11746010"
"RTBF Actus (FR)";"FR";"2026-09-22";"BTS : derrière le show, la mécanique d’une tournée mondiale";"/article/coupe-du-monde-les-matchs-des-diables-rouges-aussi-pour-les-malvoyants-11743270"
"RTBF Actus (FR)";"FR";"2026-09-22";"""Dr Seylan & Cindy"" : une comédie médicale qui a du cœur";"/article/concours-agenda-cine-gagnez-vos-places-pour-aller-voir-le-film-raison-et-sentiments-11787093"
"RTBF Actus (FR)";"FR";"2026-09-22";"""Victoria"", la série historique britannique qui n'a rien à envier à ""The Crown""";"/article/gagnez-vos-places-pour-tableaux-d-une-exposition-au-festival-musiq3-brabant-wallon-11788327"
"RTBF Actus (FR)";"FR";"2026-09-22";"""Dix pour cent"" : quel agent d'ASK êtes-vous ? Faites le test !";"/article/remporte-tes-acces-pour-le-festival-international-du-film-francophone-de-namur-11788445"
"RTBF Actus (FR)";"FR";"2026-09-22";"Vous considérez que notre reportage est incomplet ? Un droit de réponse est-il possible ?";"/article/remporte-tes-places-pour-le-concert-de-luiza-a-la-medeleine-a-bruxelles-11788419"
"RTBF Actus (FR)";"FR";"2026-09-22";"Comment la RTBF ancre ses contenus au cœur des régions : proximité, interactions et collaborations";"/article/remportez-vos-places-pour-jean-rondeau-au-festival-musiq3-brabant-wallon-11788296"
"RTBF Actus (FR)";"FR";"2026-09-22";"Que fait la RTBF de vos données ? Collecte, algorithmes et protection de la vie privée décryptés";"/article/remportez-des-places-pour-l-avant-premiere-du-film-digger-a-bruxelles-11788293"
"RTBF Actus (FR)";"FR";"2026-09-22";"""Enfant illégitime"" : un terme à éviter sur nos antennes";"/article/la-trois-vous-invite-au-spectacle-d-alvin-ailey-american-dance-theater-11781820"
"RTBF Actus (FR)";"FR";"2026-09-22";"Les jeunes et l’actu : plus informés qu’on ne le pense mais pas à l’abri de pièges";"/article/tentez-de-remporter-vos-entrees-au-festival-international-du-film-francophone-de-namur-11788235"
"RTBF Actus (FR)";"FR";"2026-09-22";"Modération sur les réseaux sociaux : le défi quotidien de la RTBF";"/article/deux-boites-un-choix-et-peut-etre-un-tres-tres-beau-cadeau-a-la-cle-11788184"
"RTBF Actus (FR)";"FR";"2026-09-22";"Nouvelle signalétique TV : ce qui change ce 1er juillet";"/article/la-californie-declare-l-etat-d-urgence-face-a-l-arrivee-d-el-nino-sur-la-cote-ouest-americaine-11788570"
"RTBF Actus (FR)";"FR";"2026-09-22";"Bivouacs du journalisme : ""Les contacts avec le public sont extrêmement enrichissants"", Jean-Pierre Jacqmin, ancien directeur de l’info de la RTBF";"/article/voyages-organises-l-eldorado-des-aines-11788334"
"RTBF Actus (FR)";"FR";"2026-09-22";"Coupe du monde : les matchs des Diables Rouges aussi pour les malvoyants";"/article/skeyes-la-greve-se-poursuit-a-l-aeroport-de-charleroi-11788373"
"RTBF Actus (FR)";"FR";"2026-09-22";"Concours Agenda Ciné : gagnez vos places pour aller voir le film ""Raison et Sentiments""";"/article/flambee-du-prix-des-carburants-le-ps-reclame-des-mesures-d-urgence-les-syndicats-menacent-de-passer-a-l-action-11788410"
"RTBF Actus (FR)";"FR";"2026-09-22";"Gagnez vos places pour ""Tableaux d’une exposition"" au Festival Musiq3 Brabant wallon !";"/article/liberte-de-la-presse-aux-etats-unis-exclus-de-la-maison-blanche-par-trump-trois-medias-americains-saisissent-la-justice-11788375"
"RTBF Actus (FR)";"FR";"2026-09-22";"Remporte tes accès pour le Festival International du Film Francophone de Namur";"/article/en-allemagne-les-eglises-font-face-a-l-extreme-droite-la-coexistence-humaine-est-empoisonnee-par-la-haine-nous-devons-nous-exprimer-11788432"
"RTBF Actus (FR)";"FR";"2026-09-22";"Remporte tes places pour le concert de Luiza à La Medeleine à Bruxelles";"https://auvio.rtbf.be/media/le-8-9-le-8-9-3519361"
"RTBF Actus (FR)";"FR";"2026-09-22";"Remportez vos places pour Jean Rondeau au Festival Musiq3 Brabant wallon !";"https://auvio.rtbf.be/media/un-si-grand-soleil-un-si-grand-soleil-3518876"
"RTBF Actus (FR)";"FR";"2026-09-22";"Remportez des places pour l’avant-première du film Digger à Bruxelles";"https://auvio.rtbf.be/media/le-6-8-le-6-8-3519316"
"RTBF Actus (FR)";"FR";"2026-09-22";"La Trois vous invite au Spectacle d’Alvin Ailey American Dance Theater";"https://auvio.rtbf.be/media/les-feux-de-l-amour-feux-de-l-amour-s27-3518805"
"RTBF Actus (FR)";"FR";"2026-09-22";"Tentez de remporter vos entrées au Festival International du Film Francophone de Namur !";"https://auvio.rtbf.be/media/velvet-le-nouvel-empire-velvet-le-nouvel-empire-3518807"
"RTBF Actus (FR)";"FR";"2026-09-22";"Deux boîtes. Un choix. Et peut-être un très, très beau cadeau à la clé";"https://auvio.rtbf.be/media/dr-seylan-cindy-dr-seylan-cindy-3518794"
"RTBF Actus (FR)";"FR";"2026-09-22";"La Californie déclare l’état d’urgence face à l’arrivée d’El Nino sur la côte ouest américaine";"https://auvio.rtbf.be/media/on-connait-nos-classiques-on-connait-nos-classiques-3519228"
"RTBF Actus (FR)";"FR";"2026-09-22";"Voyages organisés : l’eldorado des aînés";"https://auvio.rtbf.be/media/la-belle-etincelle-la-belle-etincelle-3518777"
"RTBF Actus (FR)";"FR";"2026-09-22";"Skeyes : la grève se poursuit à l'aéroport de Charleroi qui prévoit la suppression de 46 vols ce mardi";"https://auvio.rtbf.be/media/la-tribune-la-tribune-3519234"
"RTBF Actus (FR)";"FR";"2026-09-22";"Flambée du prix des carburants : le PS réclame des mesures d’urgence, les syndicats menacent de passer à l’action";"https://auvio.rtbf.be/media/trafics-et-depots-sauvages-la-france-croule-sous-les-ordures-entre-abus-et-risques-sanitaires-et-environnementaux-3518935"
"RTBF Actus (FR)";"FR";"2026-09-22";"Etats-Unis : exclus de la Maison Blanche par Trump, trois médias américains saisissent la justice, les grandes chaînes solidaires";"https://auvio.rtbf.be/media/autisme-le-petit-chasseur-de-fantomes-autisme-le-petit-chasseur-de-fantomes-3518937"
"RTBF Actus (FR)";"FR";"2026-09-22";"En Allemagne, les Églises font face à l’extrême droite : ""La coexistence humaine est empoisonnée par la haine, nous devons nous exprimer""";"https://auvio.rtbf.be/media/un-p-tit-truc-en-plus-une-comedie-solaire-signee-artus-3518759"
"Le Soir (FR)";"FR";"2026-09-22";"17 September 2026";"https://eurotopics.net/fr/"
"France 24 (EN)";"EN";"2026-09-22";"Middle East live: Several killed in Saudi strikes on Yemen port city Mokha, Houthi media says";"https://france24.com/en/middle-east/20260922-middle-east-live-yemen-fighting-escalates-as-trump-heads-to-un"
"France 24 (EN)";"EN";"2026-09-22";"World leaders gather at UN amid wars, AI fears and global divisions";"https://france24.com/en/americas/20260922-world-leaders-gather-at-un-amid-wars-ai-fears-and-global-divisions"
"France 24 (EN)";"EN";"2026-09-22";"US, Denmark and Greenland to sign security deal on Tuesday";"https://france24.com/en/americas/20260921-us-denmark-and-greenland-to-sign-security-deal-on-tuesday"
"France 24 (EN)";"EN";"2026-09-22";"EU fails to agree on lifting sanctions on Russian oligarchs";"https://france24.com/en/europe/20260922-eu-fails-to-agree-on-lifting-sanctions-on-russian-oligarchs"
"France 24 (EN)";"EN";"2026-09-22";"UK and US make first-ever torpedo test from uncrewed vessel";"https://france24.com/en/europe/20260922-uk-and-us-make-first-ever-torpedo-test-from-uncrewed-vessel"
"France 24 (EN)";"EN";"2026-09-22";"Macron says talks with Trump on Ukraine, Red Sea were 'constructive'";"https://france24.com/en/americas/20260921-trump-to-meet-macron-in-new-york-before-un-general-assembly"
"France 24 (EN)";"EN";"2026-09-22";"Paramount settles with US states, clearing path for Warner Bros. merger";"https://france24.com/en/americas/20260921-paramount-settles-with-us-states-clearing-path-for-warner-bros-merger"
"France 24 (EN)";"EN";"2026-09-22";"Houthis say Saudi Arabia conducts deadly strike on key port city";"https://france24.com/en/live-news/20260922-g7-leaders-condemn-houthi-strikes-on-saudi-arabia"
"France 24 (EN)";"EN";"2026-09-22";"India narrowly survive huge scare against minnows Japan";"https://france24.com/en/live-news/20260922-india-narrowly-survive-huge-scare-against-minnows-japan"
"France 24 (EN)";"EN";"2026-09-22";"Stocks rise on AI buzz, oil prices cool";"https://france24.com/en/live-news/20260922-stocks-rise-on-ai-buzz-drop-in-oil-prices"
"France 24 (EN)";"EN";"2026-09-22";"Magnificent Mandhana's 79 helps India to Asian Games cricket gold";"https://france24.com/en/live-news/20260922-magnificent-mandhana-s-79-helps-india-to-asian-games-cricket-gold"
"France 24 (EN)";"EN";"2026-09-22";"Third-country removals: Trump’s deportation policy by the numbers";"https://france24.com/en/americas/20260921-third-country-removals-trump-deportation-policy-numbers"
"France 24 (EN)";"EN";"2026-09-22";"Deported to Africa: An international investigation into Trump’s migrant policy";"https://france24.com/en/africa/20260921-deported-to-africa-an-international-investigation-into-trump-s-migrant-policy"
"France 24 (EN)";"EN";"2026-09-22";"ICE, Trump and Africa: Secret deals, broken lives";"https://france24.com/en/tv-shows/reporters/20260921-ice-trump-and-africa-secret-deals-broken-lives"
"France 24 (EN)";"EN";"2026-09-22";"Investigation: In Cameroon, the victims of Trump’s deportations face uncertain fates";"https://france24.com/en/africa/20260921-waiting-for-us-to-crack-victims-of-trump-deportations-face-uncertain-fates-in-cameroon"
"France 24 (EN)";"EN";"2026-09-22";"US fears wider Middle East escalation after Houthis attack Riyadh";"https://france24.com/en/middle-east/20260919-us-fears-rapid-escalation-in-mideast-after-houthis-attack-riyadh"
"France 24 (EN)";"EN";"2026-09-22";"US approves $24.3 billion sale of 48 F-35 warplanes to Saudi Arabia";"https://france24.com/en/middle-east/20260918-us-approves-24-3-billion-sale-of-48-f-35-warplanes-to-saudi-arabia"
"France 24 (EN)";"EN";"2026-09-22";"War in Iran 'jeopardises the Trump presidency', ex-Obama National Security Council member says";"https://france24.com/en/tv-shows/t%C3%AAte-%C3%A0-t%C3%AAte/20260918-war-in-iran-jeopardises-the-trump-presidency-ex-obama-national-security-council-member-says"
"France 24 (EN)";"EN";"2026-09-22";"CNN, MS NOW, Politico to sue Trump administration after White House ban";"https://france24.com/en/americas/20260921-cnn-ms-now-politico-sue-trump-administration-after-white-house-ban"
"France 24 (EN)";"EN";"2026-09-22";"EU fines Google €403 million for improperly using location data";"https://france24.com/en/europe/20260921-eu-fines-google-%E2%82%AC403-million-for-improperly-using-location-data"
"France 24 (EN)";"EN";"2026-09-22";"Two tankers hit by 'unknown projectile' or debris in Strait of Hormuz";"https://france24.com/en/middle-east/20260921-projectile-hits-tanker-as-it-enters-the-strait-of-hormuz"
"France 24 (EN)";"EN";"2026-09-22";"France's new coach Zinedine Zidane leads first training session";"https://france24.com/en/sport/20260921-new-france-coach-zidane-leads-training-session-ahead-of-nations-league-campaign"
"France 24 (EN)";"EN";"2026-09-22";"Infantino says open to FIFA reform talks after World Cup controversy";"https://france24.com/en/sport/20260921-infantino-says-open-to-fifa-reform-talks-after-world-cup-controversy"
"France 24 (EN)";"EN";"2026-09-22";"Bayeux Tapestry craze prompts photo ban at British Museum";"https://france24.com/en/europe/20260921-bayeux-tapestry-craze-prompts-photo-ban-at-british-museum"
"France 24 (EN)";"EN";"2026-09-22";"'Banking on a national brand': Bolsonaro sons Carlos, Jair Renan run for power in Brazil's south";"https://france24.com/en/americas/20260921-bolsonaro-sons-carlos-and-race-for-power-brazil-south"
"France 24 (EN)";"EN";"2026-09-22";"First New York, now Berlin: Why the left turn for major metropolises?";"https://france24.com/en/tv-shows/the-debate/20260922-first-new-york-now-berlin-why-the-left-turn-for-major-metropolises"
"France 24 (EN)";"EN";"2026-09-22";"Football: France enter new era with Zinédine Zidane";"https://france24.com/en/tv-shows/sports/20260922-football-france-enter-new-era-with-zin%C3%A9dine-zidane"
"France 24 (EN)";"EN";"2026-09-22";"Paramount, US states settle antitrust lawsuit over Warner Bros. acquisition";"https://france24.com/en/tv-shows/business/20260921-paramount-us-states-settle-antitrust-lawsuit-over-warner-bros-acquisition"
"France 24 (EN)";"EN";"2026-09-22";"French farmers turn to tropical crops amid rising temperatures";"https://france24.com/en/tv-shows/down-to-earth/20260921-french-farmers-turn-to-tropical-crops-amid-rising-temperatures"
"France 24 (EN)";"EN";"2026-09-22";"Greenland Deal: Greenland: A Trump Win or Danish Masterclass?";"https://france24.com/en/tv-shows/spotlight/20260919-greenland-deal-greenland-a-trump-win-or-danish-masterclass"
"France 24 (EN)";"EN";"2026-09-22";"Fear and broken families: Inside a Texas ICE detention centre";"https://france24.com/en/tv-shows/reporters/20260918-reporters-fear-and-broken-families-inside-a-texas-ice-detention-centre"
"France 24 (EN)";"EN";"2026-09-22";"‘Gut-wrenching pain’: First conviction in French school sex abuse scandal fails to quell parents’ anger";"https://france24.com/en/france/20260916-gut-wrenching-pain-first-conviction-in-french-school-sex-abuse-scandal-fails-to-quell-parents-anger"
"France 24 (EN)";"EN";"2026-09-22";"French candidates race to claim the cost-of-living issue ahead of 2027 vote";"https://france24.com/en/france/20260914-french-candidates-race-to-claim-the-cost-of-living-issue-ahead-of-2027-vote"
"France 24 (EN)";"EN";"2026-09-22";"Jewish ‘supercop’ runs on Arab ticket in Israeli polls – and sparks a storm";"https://france24.com/en/middle-east/20260912-jewish-supercop-runs-on-arab-ticket-in-israeli-polls-%E2%80%93-and-sparks-a-storm"
"France 24 (EN)";"EN";"2026-09-22";"Elections in Russia: the 1001 tricks to remove inconvenient candidates";"https://france24.com/en/europe/20260911-elections-in-russia-the-1001-tricks-to-remove-inconvenient-candidates"
"France 24 (EN)";"EN";"2026-09-22";"French police arrest two Germans after 'for fun' Louvre stunt in Mona Lisa hall";"https://france24.com/en/france/20260919-two-arrested-for-louvre-stunt-for-fun-in-mona-lisa-hall"
"France 24 (EN)";"EN";"2026-09-22";"Germany’s Merz admits ‘disaster’ in state elections, vows to press ahead with reforms";"https://france24.com/en/europe/20260920-germany-s-far-right-afd-makes-strong-gains-in-two-state-elections"
"France 24 (EN)";"EN";"2026-09-22";"Russia vows to ‘intensify’ strikes on Kyiv after Ukraine’s election-day drone attacks";"https://france24.com/en/europe/20260920-live-russian-election-enters-final-day-in-shadow-of-war-in-ukraine"
"France 24 (EN)";"EN";"2026-09-22";"Macron welcomes Carney on French North Atlantic territory off Canadian coast";"https://france24.com/en/france/20260919-french-outpost-off-canada-in-the-spotlight-as-macron-hosts-carney-on-symbolic-visit"
"France 24 (EN)";"EN";"2026-09-22";"France's new head coach Zidane unveils team line-up for Nations League matches";"https://france24.com/en/sport/20260918-france-new-head-coach-zidane-unveils-his-first-team-line-up-for-nations-league-matches-live"
"France 24 (EN)";"EN";"2026-09-22";"Ukraine slams EU's 'unacceptable' move to lift sanctions on two Russian oligarchs";"https://france24.com/en/europe/20260921-live-united-russia-dominates-in-elections-moscow-vows-revenge-after-massive-drone-attack"
"France 24 (EN)";"EN";"2026-09-22";"US Midterms: Russian disinformation campaign targets Democrats";"https://france24.com/en/tv-shows/truth-or-fake/20260917-us-midterms-russian-disinformation-campaign-targets-democrats"
"France 24 (EN)";"EN";"2026-09-22";"Viral Putin, Modi and Xi selfie at BRICS summit is AI-generated";"https://france24.com/en/tv-shows/truth-or-fake/20260915-viral-putin-modi-and-xi-selfie-at-brics-summit-is-ai-generated"
"France 24 (EN)";"EN";"2026-09-22";"Ivorian footballer Malick Yalcouyé falsely accused of lying about his age";"https://france24.com/en/europe/20260916-ivorian-footballer-malick-yalcouy%C3%A9-falsely-accused-of-lying-about-his-age"
"France 24 (EN)";"EN";"2026-09-22";"Hate speech against Rohingya refugees on the rise in Malaysia";"https://france24.com/en/tv-shows/the-observers/20260911-hate-speech-rohingya-refugees-rise-malaysia"
"France 24 (EN)";"EN";"2026-09-22";"‘I’m spending my savings just to survive’: Iran’s economic crisis fuels new protests";"https://france24.com/en/middle-east/20260910-iran-economic-crisis-protests-war-repression"
"France 24 (EN)";"EN";"2026-09-22";"The church by the airport: Inside Russia’s suspected spy activities in Sweden";"https://france24.com/en/europe/20250704-the-church-by-the-airport-inside-russia-s-suspected-spy-activities-in-sweden"
"France 24 (EN)";"EN";"2026-09-22";"Searching for radioactive waste in the depths of the Atlantic";"https://france24.com/en/environment/20250607-searching-radioactive-waste-depths-atlantic-france-nuclear"
"France 24 (EN)";"EN";"2026-09-22";"‘Unwavering friendship’: The true story of nine women who escaped a Nazi death march";"https://france24.com/en/europe/20250429-true-story-nine-women-who-escaped-nazi-death-march-ravensbruck"
"France 24 (EN)";"EN";"2026-09-22";"Pope Francis, first Latin American pontiff and champion of the forgotten";"https://france24.com/en/europe/20250421-pope-francis-first-latin-american-pontiff-dies-after-double-pneumonia-battle"
"France 24 (EN)";"EN";"2026-09-22";"Haiti’s independence ransom: Macron offers ‘truth’, Haitians want reparations";"https://france24.com/en/americas/20250417-haiti-independence-ransom-macron-offers-truth-haitians-want-reparations-slavery"
"France 24 (EN)";"EN";"2026-09-22";"Saved from destruction: Paris show offers glimpse of Gaza’s archaeological treasures";"https://france24.com/en/culture/20250403-saved-from-destruction-paris-exhibition-offers-glimpse-of-gaza-archaeological-treasures"
"France 24 (EN)";"EN";"2026-09-22";"'The Bibi Files': Documentary reveals the police interrogations behind Netanyahu’s graft trial";"https://france24.com/en/middle-east/20240910-the-bibi-files-documentary-reveals-the-police-interrogations-behind-netanyahu-s-graft-trial"
"France 24 (EN)";"EN";"2026-09-22";"Wildfires, heatwaves threaten global air quality and health, UN warns";"https://france24.com/en/environment/20260907-wildfires-heatwaves-global-air-quality-health-un"
"France 24 (EN)";"EN";"2026-09-22";"Expert warns of 'hotter summers, more wildfires, more drought and more floods'";"https://france24.com/en/tv-shows/perspective/20260901-expert-warns-of-hotter-summers-more-wildfires-more-drought-and-more-floods"
"France 24 (EN)";"EN";"2026-09-22";"Music show: Meet Ed Banger Records' new girl Tatyana Jane and wild Jazz band Buck";"https://france24.com/en/tv-shows/arts24/20260921-music-show-meet-ed-banger-records-new-girl-tatyana-jane-and-wild-jazz-band-buck"
"France 24 (EN)";"EN";"2026-09-22";"Pop, protests and Palestine: Ed Sheeran’s moral maze";"https://france24.com/en/tv-shows/spotlight/20260919-pop-protests-palestine-ed-sheeran-s-moral-maze"
"France 24 (EN)";"EN";"2026-09-22";"Torres strikes again as PSG beat bitter rivals Marseille";"https://france24.com/en/sport/20260920-torres-strikes-again-as-psg-beat-bitter-rivals-marseille-2-1"
"France 24 (EN)";"EN";"2026-09-22";"It's not malicious, it's indifference: Thousands of books sent to AI woodchipper";"https://france24.com/en/tv-shows/spotlight/20260917-intent-not-malicious-it-s-indifference-thousands-if-not-millions-of-books-sent-to-ai-woodchipper"
"France 24 (EN)";"EN";"2026-09-22";"Deportation project: 72 journalists investigate US treatment of migrants";"https://france24.com/en/video/20260921-deportation-project-72-journalists-investigate-us-treatment-of-migrants-1"
"France 24 (EN)";"EN";"2026-09-22";"Pakistan arrests sisters of imprisoned former PM Imran Khan";"https://france24.com/en/asia-pacific/20260921-sisters-of-jailed-former-pakistani-pm-imran-khan-arrested"
"France 24 (EN)";"EN";"2026-09-22";"North Korea fires two ballistic missiles into the sea in latest weapons display";"https://france24.com/en/asia-pacific/20260920-north-korea-fires-two-ballistic-missiles-into-the-sea-in-latest-weapons-display"
"France 24 (EN)";"EN";"2026-09-22";"AI safety: No, China will not hit the brakes";"https://france24.com/en/tv-shows/access-asia/20260918-ai-safety-no-china-will-not-hit-the-brakes"
"France 24 (EN)";"EN";"2026-09-22";"Transforming Payments in the DRC: A Leap Towards a Digital Future";"https://france24.com/en/sponsored-content/20250923-transforming-payments-in-the-drc-a-leap-towards-a-digital-future"
"France 24 (EN)";"EN";"2026-09-22";"Africa's $88 billion solutions: How ATAF fights illicit financial flows";"https://france24.com/en/sponsored-content/20250108-africa-s-88-billion-solutions-how-ataf-fights-illicit-financial-flows"
"France 24 (EN)";"EN";"2026-09-22";"Burundi: innovative solutions to fight stunting in children";"https://france24.com/en/sponsored-content/20240122-burundi-innovative-solutions-to-fight-stunting-in-children"
"France 24 (EN)";"EN";"2026-09-22";"Child malnutrition in Burundi: concrete actions to help children";"https://france24.com/en/sponsored-content/20231215-child-malnutrition-in-burundi-concrete-actions-to-help-children"
"France 24 (EN)";"EN";"2026-09-22";"Interview of Anthony Ginter, President & CEO - WEO";"https://france24.com/en/sponsored-content/20230911-interview-of-anthony-ginter-president-ceo-weo"
"France 24 (EN)";"EN";"2026-09-22";"2026";"https://france24.com/en/archives/2026/01/"
"France 24 (EN)";"EN";"2026-09-22";"2025";"https://france24.com/en/archives/2025/01/"
"France 24 (EN)";"EN";"2026-09-22";"2024";"https://france24.com/en/archives/2024/01/"
"France 24 (EN)";"EN";"2026-09-22";"2023";"https://france24.com/en/archives/2023/01/"
"France 24 (EN)";"EN";"2026-09-22";"2022";"https://france24.com/en/archives/2022/01/"
"France 24 (EN)";"EN";"2026-09-22";"2021";"https://france24.com/en/archives/2021/01/"
"France 24 (EN)";"EN";"2026-09-22";"2020";"https://france24.com/en/archives/2020/01/"
"Le Monde (FR)";"FR";"2026-09-22";"Le Monde’s app";"https://www.lemonde.fr/en/about-us/article/2023/09/06/le-monde-in-english-now-available-on-our-mobile-app_6125308_115.html"
"Le Monde (FR)";"FR";"2026-09-22";"Macron and Trump discuss Ukraine and soaring oil prices at New York meeting";"https://www.lemonde.fr/en/international/article/2026/09/22/macron-and-trump-discuss-ukraine-and-soaring-oil-prices-at-new-york-meeting_6757806_4.html"
"Le Monde (FR)";"FR";"2026-09-22";"US-UK 'special relationship' is tested by Trump as Burnham visits";"https://www.lemonde.fr/en/international/article/2026/09/22/between-the-us-and-the-united-kingdom-a-special-relationship-tested-by-donald-trump_6757802_4.html"
"Le Monde (FR)";"FR";"2026-09-22";"With Strait of Hormuz blocked, Iran turns to Caspian Sea";"https://www.lemonde.fr/en/economy/article/2026/09/22/with-strait-of-hormuz-blocked-iran-turns-to-caspian-sea_6757807_19.html"
"Le Monde (FR)";"FR";"2026-09-22";"Germany's Merz fights for political survival: 'Federal politics played a major role, and so did I'";"https://www.lemonde.fr/en/international/article/2026/09/22/friedrich-merz-fights-for-political-survival-after-cdu-debacle-federal-politics-played-a-major-role-and-so-did-i_6757795_4.html"
"Le Monde (FR)";"FR";"2026-09-22";"In the European Parliament, Germany's CDU often relies on far-right AfD lawmakers to pass measures";"https://www.lemonde.fr/en/international/article/2026/09/22/in-the-european-parliament-germany-s-cdu-often-relies-on-far-right-afd-lawmakers-to-pass-its-measures_6757799_4.html"
"Le Monde (FR)";"FR";"2026-09-22";"At Dati's Renault corruption trial, a damning testimony and awkward memos";"https://www.lemonde.fr/en/france/article/2026/09/22/at-dati-s-renault-corruption-trial-a-damning-testimony-and-awkward-memos_6757805_7.html"
"Le Monde (FR)";"FR";"2026-09-22";"'Maoism took root in very diverse places and moments due to its multi-faceted, contradictory and malleable nature'";"https://www.lemonde.fr/en/international/article/2026/09/22/maoism-took-root-in-very-diverse-places-and-moments-due-to-its-multi-faceted-contradictory-and-malleable-nature_6757798_4.html"
"Le Monde (FR)";"FR";"2026-09-22";"Guy Lacombe, ex-footballer: 'Zinédine Zidane seeks to win players over, without imposing his views'";"https://www.lemonde.fr/en/sports/article/2026/09/22/guy-lacombe-former-footballer-coach-and-trainer-above-all-zinedine-zidane-seeks-to-win-players-over-without-imposing-his-views_6757796_9.html"
"Le Monde (FR)";"FR";"2026-09-22";"Series   Myr Muratet and  Perrine Mouterde Subscribers only'I loved all the strange, beautiful behaviors': How a passion for insects is born  'Planet Insect' (1/6). Entomologists are often fascinated by insects from an early age and misunderstood by those around them.    9 min read";"https://www.lemonde.fr/en/environment/article/2026/09/20/i-loved-all-the-strange-beautiful-behaviors-how-a-passion-for-insects-is-born_6757744_114.html"
"Le Monde (FR)";"FR";"2026-09-22";"A year after recognizing Palestine, France's lost illusions";"https://www.lemonde.fr/en/international/article/2026/09/21/a-year-after-recognizing-palestine-france-s-lost-illusions_6757790_4.html"
"Le Monde (FR)";"FR";"2026-09-22";"US networks, including Fox News, halt Trump pool coverage over White House ban";"https://www.lemonde.fr/en/international/article/2026/09/21/us-networks-including-fox-news-halt-trump-coverage-over-white-house-ban_6757780_5.html"
"Le Monde (FR)";"FR";"2026-09-22";"British Columbia sues OpenAI in US court over Canada school shooting";"https://www.lemonde.fr/en/international/article/2026/09/22/british-columbia-sues-openai-in-us-court-over-canada-school-shooting_6757801_4.html"
"Le Monde (FR)";"FR";"2026-09-22";"French NBA star Batum retires after an 18-year career";"https://www.lemonde.fr/en/sports/article/2026/09/21/french-nba-star-batum-retires-after-an-18-year-career_6757792_9.html"
"Le Monde (FR)";"FR";"2026-09-22";"British Museum bans photos of Bayeux Tapestry to avoid lingering crowds";"https://www.lemonde.fr/en/culture/article/2026/09/21/british-museum-bans-photos-of-bayeux-tapestry-to-avoid-lingering-crowds_6757788_30.html"
"Le Monde (FR)";"FR";"2026-09-22";"Elif Eralp wins Berlin election and becomes new face of radical left";"https://www.lemonde.fr/en/international/article/2026/09/21/elif-eralp-wins-berlin-election-and-becomes-new-face-of-radical-left_6757757_4.html"
"Le Monde (FR)";"FR";"2026-09-22";"First person charged in UK for 1994 Rwanda genocide";"https://www.lemonde.fr/en/le-monde-africa/article/2026/09/21/first-person-charged-in-uk-for-1994-rwanda-genocide_6757791_124.html"
"Le Monde (FR)";"FR";"2026-09-22";"US states settle suit with Paramount, opening way to Warner Bros mega merger";"https://www.lemonde.fr/en/economy/article/2026/09/21/twelve-us-states-settle-suit-with-paramount-opening-way-to-warner-bros-mega-merger_6757794_19.html"
"Le Monde (FR)";"FR";"2026-09-22";"Hundreds of US flights disrupted due to technical issue in East Coast airports";"https://www.lemonde.fr/en/economy/article/2026/09/21/hundreds-of-us-flights-canceled-due-to-outage-in-east-coast-airports_6757793_19.html"
"Le Monde (FR)";"FR";"2026-09-22";"In Madagascar, 'between a desire for freedom and an attachment to tradition,' Gen Z through the lens of Charlotte Yonga";"https://www.lemonde.fr/en/summer-reads/article/2026/09/22/in-madagascar-between-a-desire-for-freedom-and-an-attachment-to-tradition-gen-z-through-the-lens-of-charlotte-yonga_6757797_183.html"
"Le Monde (FR)";"FR";"2026-09-22";"How feminists drafted a new French bill against gender-based and sexual violence";"https://www.lemonde.fr/en/france/article/2026/09/21/how-feminists-inspired-france-s-bill-against-gender-based-and-sexual-violence_6757768_7.html"
"Le Monde (FR)";"FR";"2026-09-22";"Could France ban OnlyFans? A bill against sexual violence could affect porn platforms";"https://www.lemonde.fr/en/pixels/article/2026/09/21/could-france-ban-onlyfans-lawmakers-debate-bill-against-sexual-violence_6757769_13.html"
"Le Monde (FR)";"FR";"2026-09-22";"Interview   Nabil Wakim Subscribers onlyEmma Heming Willis on her husband Bruce Willis's illness: 'Once I stopped being in denial, we've learned to just navigate the disease'  The actor learned he was suffering from a neurodegenerative disease at 67. Close to four years after the diagnosis, his wife describes how she coped with the illness and her new role as a caregiver.    7 min read";"https://www.lemonde.fr/en/intimacy/article/2026/09/19/emma-heming-willis-on-her-husband-bruce-willis-s-illness-once-i-stopped-being-in-denial-we-ve-learned-to-just-navigate-the-disease_6757720_310.html"
"Le Monde (FR)";"FR";"2026-09-22";"In Depth   Elise Vincent Subscribers onlyWhy Macron is warning against risk of Russian hybrid warfare in France  The French leader brought together presidential candidates and party leaders at the Elysée Palace on Friday for a confidential briefing on the evolving threat, as suspicious attacks and incidents continue to multiply across Europe.    4 min read";"https://www.lemonde.fr/en/international/article/2026/09/19/why-macron-is-warning-against-risk-of-russian-hybrid-warfare-in-france_6757694_4.html"
"Le Monde (FR)";"FR";"2026-09-22";"In Depth   Sarah Belouezzane and  Solenn de Royer Subscribers onlyMacron, the 'pope-loving' president, faces strained relations with Vatican ahead of Leo XIV's Paris visit  Ever since he first took office, Emmanuel Macron has placed great importance on his relationships with popes. His repeated invitations, breaches of protocol and displays of 'familiarity' have at times been seen as 'attempts to instrumentalize' the relationship.    6 min read";"https://www.lemonde.fr/en/france/article/2026/09/19/macron-the-pope-loving-president-faces-strained-relations-with-the-vatican-ahead-of-leo-xiv-s-visit-to-paris_6757702_7.html"
"Le Monde (FR)";"FR";"2026-09-22";"Editorial The dead end of Germany's nationalist retreat   Le Monde";"https://www.lemonde.fr/en/opinion/article/2026/09/21/the-dead-end-of-germany-s-nationalist-retreat_6757765_23.html"
"Le Monde (FR)";"FR";"2026-09-22";"Column Subscribe'A debt can be erased, but the decisions that created it always have to be paid for in one way or another'      Stéphane Lauer Columnist";"https://www.lemonde.fr/en/opinion/article/2026/09/21/a-debt-can-be-erased-but-the-decisions-that-created-it-always-have-to-be-paid-for-in-one-way-or-another_6757749_23.html"
"Le Monde (FR)";"FR";"2026-09-22";"Op-Ed SubscribeThierry Chopin, political scientist: 'Amid the current upheaval in international relations, Canada and the EU need to move closer together'      Thierry Chopin political scientist";"https://www.lemonde.fr/en/opinion/article/2026/09/18/thierry-chopin-political-scientist-amid-the-current-upheaval-in-international-relations-canada-and-the-eu-need-to-move-closer-together_6757646_23.html"
"Le Monde (FR)";"FR";"2026-09-22";"Far-right AfD's rise in German regional elections worries EU";"https://www.lemonde.fr/en/international/article/2026/09/21/far-right-afd-s-rise-in-germany-s-regional-elections-worries-eu_6757760_4.html"
"Le Monde (FR)";"FR";"2026-09-22";"Mayors from around the world join forces in New York to defend local action in the face of global challenges";"https://www.lemonde.fr/en/international/article/2026/09/21/mayors-from-around-the-world-join-forces-in-new-york-to-defend-local-action-in-the-face-of-global-challenges_6757764_4.html"
"Le Monde (FR)";"FR";"2026-09-22";"France and Canada strengthen ties in response to Trump's provocations";"https://www.lemonde.fr/en/international/article/2026/09/21/france-and-canada-strengthen-ties-in-response-to-trump-s-provocations_6757758_4.html"
"Le Monde (FR)";"FR";"2026-09-22";"Ireland fines Google €403 million on behalf of EU for location data breach";"https://www.lemonde.fr/en/international/article/2026/09/21/european-union-fines-google-403-million-for-data-location-breach_6757763_4.html"
"Le Monde (FR)";"FR";"2026-09-22";"German regional elections: Chancellor Merz and his party suffer historic defeat";"https://www.lemonde.fr/en/international/article/2026/09/21/german-regional-elections-chancellor-merz-and-his-party-suffer-historic-defeat_6757759_4.html"
"Le Monde (FR)";"FR";"2026-09-22";"Putin's United Russia party secures record score in tightly controlled election";"https://www.lemonde.fr/en/international/article/2026/09/21/putin-s-united-russia-party-secures-record-score-in-election_6757771_4.html"
"Le Monde (FR)";"FR";"2026-09-22";"Charte du Groupe";"https://www.lemonde.fr/actualite-medias/article/2010/11/03/la-charte-d-ethique-et-de-deontologie-du-groupe-le-monde_1434737_3236.html"
"Le Monde (FR)";"FR";"2026-09-22";"Group Policy";"https://www.lemonde.fr/en/about-us/article/2022/04/06/groupe-le-monde-s-code-of-ethics-and-professional-conduct_5979823_115.html"
"Le Monde (FR)";"FR";"2026-09-22";"RSS feed";"https://www.lemonde.fr/en/about-us/article/2026/03/27/le-monde-rss-feeds_6751860_115.html"
"RFI Afrique (FR)";"FR";"2026-09-22";"2026";"https://www.rfi.fr/fr/archives/2026/01/"
"RFI Afrique (FR)";"FR";"2026-09-22";"2025";"https://www.rfi.fr/fr/archives/2025/01/"
"RFI Afrique (FR)";"FR";"2026-09-22";"2024";"https://www.rfi.fr/fr/archives/2024/01/"
"RFI Afrique (FR)";"FR";"2026-09-22";"2023";"https://www.rfi.fr/fr/archives/2023/01/"
"RFI Afrique (FR)";"FR";"2026-09-22";"2022";"https://www.rfi.fr/fr/archives/2022/01/"
"RFI Afrique (FR)";"FR";"2026-09-22";"2021";"https://www.rfi.fr/fr/archives/2021/01/"
"RFI Afrique (FR)";"FR";"2026-09-22";"2020";"https://www.rfi.fr/fr/archives/2020/01/"
"RTL (FR)";"FR";"2026-09-22";"Politique";"https://rtl.fr/actu/politique"
"RTL (FR)";"FR";"2026-09-22";"International";"https://rtl.fr/actu/international"
"RTL (FR)";"FR";"2026-09-22";"Justice et faits divers";"https://rtl.fr/actu/justice-faits-divers"
"RTL (FR)";"FR";"2026-09-22";"Conso";"https://rtl.fr/actu/economie-consommation"
"RTL (FR)";"FR";"2026-09-22";"Food";"https://rtl.fr/actu/food"
"RTL (FR)";"FR";"2026-09-22";"Santé";"https://rtl.fr/actu/bien-etre"
"RTL (FR)";"FR";"2026-09-22";"Société";"https://rtl.fr/actu/debats-societe"
"RTL (FR)";"FR";"2026-09-22";"Tech";"https://rtl.fr/actu/sciences-tech"
"RTL (FR)";"FR";"2026-09-22";"Arts Spectacles";"https://rtl.fr/culture/arts-spectacles"
"RTL (FR)";"FR";"2026-09-22";"Ciné Séries";"https://rtl.fr/culture/cine-series"
"RTL (FR)";"FR";"2026-09-22";"Médias et people";"https://rtl.fr/culture/medias-people"
"RTL (FR)";"FR";"2026-09-22";"Musique";"https://rtl.fr/culture/musique"
"RTL (FR)";"FR";"2026-09-22";"Culture Générale";"https://rtl.fr/culture/culture-generale"
"RTL (FR)";"FR";"2026-09-22";"Humour";"https://rtl.fr/culture/humour"
"RTL (FR)";"FR";"2026-09-22";"Histoire";"https://rtl.fr/culture/histoire"
"RTL (FR)";"FR";"2026-09-22";"Football";"https://rtl.fr/sport/football"
"RTL (FR)";"FR";"2026-09-22";"Autres sports";"https://rtl.fr/sport/autres-sports"
"France Inter (FR)";"FR";"2026-09-22";"""Derrière leurs promesses nutritionnelles"", des aliments protéinés ""sont ultra-transformés"", prévient Foodwatch";"https://radiofrance.fr/franceinter/podcasts/l-info-de-france-inter/derriere-leurs-promesses-nutritionnelles-des-aliments-proteines-sont-ultra-transformes-previent-foodwatch-9599562"
"France Inter (FR)";"FR";"2026-09-22";"Carburants : le président du groupement Mousquetaires, Thierry Cotillard, craint un ""mur d'inflation""";"https://radiofrance.fr/franceinter/podcasts/l-invite-de-8h20-le-grand-entretien/l-invite-de-8h20-le-grand-entretien-du-mardi-22-septembre-2026-5592805"
"France Inter (FR)";"FR";"2026-09-22";"Présidentielle : Matthieu Pigasse ""ne ferme aucune porte"" mais ""pense qu'il est trop tôt pour se prononcer""";"https://radiofrance.fr/franceinter/podcasts/l-invite-de-7h50/l-invite-de-7h50-du-mardi-22-septembre-2026-8379619"
"France Inter (FR)";"FR";"2026-09-22";"Que peut-on faire pour diminuer notre facture de carburant ?";"https://radiofrance.fr/franceinter/podcasts/c-est-la-france/c-est-la-france-du-lundi-21-septembre-2026-2653148"
"France Inter (FR)";"FR";"2026-09-22";"C'est la France";"https://radiofrance.fr/franceinter/podcasts/des-nouvelles-de-la-france"
"France Inter (FR)";"FR";"2026-09-22";"Carburants : Roland Lescure envisage ""des aides supplémentaires à partir du 1er octobre"", mais pas de baisse des taxes";"https://radiofrance.fr/franceinter/podcasts/l-invite-de-8h20-le-grand-entretien/l-invite-de-8h20-le-grand-entretien-du-lundi-21-septembre-2026-2325753"
"France Inter (FR)";"FR";"2026-09-22";"L'Invité de 8h20 : le grand entretien";"https://radiofrance.fr/franceinter/podcasts/l-invite-de-8h20-le-grand-entretien"
"France Inter (FR)";"FR";"2026-09-22";"L'essence à 3 euros le litre : ""Pas impossible, mais ça supposerait toute une série de conditions"", dit Patrice Geoffron";"https://radiofrance.fr/franceinter/podcasts/l-invite-de-6h20/la-question-de-6h20-du-mardi-22-septembre-2026-1426420"
"France Inter (FR)";"FR";"2026-09-22";"""A Love Supreme"", l’hymne à la joie de John Coltrane";"https://radiofrance.fr/franceinter/podcasts/et-je-remets-l-album/et-je-remets-l-album-du-samedi-19-septembre-2026-4426981"
"France Inter (FR)";"FR";"2026-09-22";"Faut-il interdire les publicités pour les lunettes ? La proposition du gouvernement divise les professionnels du secteur";"https://radiofrance.fr/franceinter/podcasts/l-info-de-france-inter/l-info-de-france-inter-6203074"
"France Inter (FR)";"FR";"2026-09-22";"Aide à mourir : les catholiques entre foi et loi";"https://radiofrance.fr/franceinter/podcasts/interception/interception-le-reportage-du-dimanche-20-septembre-2026-7952747"
"France Inter (FR)";"FR";"2026-09-22";"""Une sorte de liquide de lumière"", Jacqueline Bloch a reçu la médaille d'or du CNRS pour ses travaux sur les polaritons";"https://radiofrance.fr/franceinter/podcasts/l-info-de-france-inter/l-info-de-france-inter-5022318"
"France Inter (FR)";"FR";"2026-09-22";"Israël-Palestine : ""Nous sommes complètement au point mort"", déplore Robert Malley, ancien haut fonctionnaire américain";"https://radiofrance.fr/franceinter/podcasts/l-invite-de-7h50/l-invite-de-7h50-du-we-du-vendredi-18-septembre-2026-4505143"
"France Inter (FR)";"FR";"2026-09-22";"Cyberattaque de l'Armurerie Lavaux : les données de 120 000 clients détenteurs d'armes en vente sur un forum spécialisé";"https://radiofrance.fr/franceinter/podcasts/l-info-de-france-inter/cyberattaque-de-l-armurerie-lavaux-les-donnees-de-120-000-clients-detenteurs-d-armes-en-vente-sur-un-forum-specialise-7761312"
"France Inter (FR)";"FR";"2026-09-22";"L'info de France Inter";"https://radiofrance.fr/franceinter/podcasts/les-documents-france-inter"
"France Inter (FR)";"FR";"2026-09-22";"L'Invité de 7h50";"https://radiofrance.fr/franceinter/podcasts/l-invite-de-7h50"
"France Inter (FR)";"FR";"2026-09-22";"Bertrand Martinot : ""Il n'y a pas de raison que 18 millions de nos concitoyens soient épargnés""";"https://radiofrance.fr/franceinter/podcasts/l-invite-du-13-14/l-invite-du-13-14-du-lundi-21-septembre-2026-5787238"
"France Inter (FR)";"FR";"2026-09-22";"L'invité du 13/14";"https://radiofrance.fr/franceinter/podcasts/l-invite-du-13h00"
"France Inter (FR)";"FR";"2026-09-22";"Le journal de 08h00 du mardi 22 septembre 2026";"https://radiofrance.fr/franceinter/podcasts/le-journal-de-8h/le-journal-de-08h00-du-mardi-22-septembre-2026-2980700"
"France Inter (FR)";"FR";"2026-09-22";"Le journal de 8h";"https://radiofrance.fr/franceinter/podcasts/le-journal-de-8h"
"France Inter (FR)";"FR";"2026-09-22";"""La Maison des os et de la pluie"" de Gabino Iglesias, une sombre histoire de vengeance à Porto Rico";"https://radiofrance.fr/franceinter/podcasts/le-polar-sonne-toujours-2-fois/le-polar-sonne-toujours-2-fois-du-jeudi-17-septembre-2026-2291630"
"France Inter (FR)";"FR";"2026-09-22";"Lilia Hassaine";"https://radiofrance.fr/franceinter/podcasts/rien-ne-s-oppose-a-la-nuit/rien-ne-s-oppose-a-la-nuit-du-lundi-31-aout-2026-3444181"
"France Inter (FR)";"FR";"2026-09-22";"Yannick Haenel : ""La rupture, c'est le début de la vocation""";"https://radiofrance.fr/franceinter/podcasts/le-grand-portrait/le-grand-portrait-du-lundi-07-septembre-2026-9287050"
"France Inter (FR)";"FR";"2026-09-22";"""C'était ça ou mourir"" de Thelyson Orélien, exil et résilience";"https://radiofrance.fr/franceinter/podcasts/le-grand-portrait/le-grand-portrait-du-jeudi-03-septembre-2026-5280607"
"France Inter (FR)";"FR";"2026-09-22";"""Une éclaircie"" de Jean-Baptiste Del Amo : comment son corps a changé son regard sur le monde";"https://radiofrance.fr/franceinter/podcasts/l-invite-de-7h50-du-week-end/l-invite-de-7h50-du-we-du-dimanche-30-aout-2026-2767136"
"France Inter (FR)";"FR";"2026-09-22";"Jean-Philippe Toussaint publie ""La Hantise""";"https://radiofrance.fr/franceinter/podcasts/le-grand-atelier/le-grand-atelier-du-dimanche-30-aout-2026-1560875"
"France Inter (FR)";"FR";"2026-09-22";"Adèle Haenel pour son livre ""Viser juste"" : des mots pour penser le réel";"https://radiofrance.fr/franceinter/podcasts/totemic/totemic-du-vendredi-28-aout-2026-9167302"
"France Inter (FR)";"FR";"2026-09-22";"""À voix haute"" : l'enquête familiale de Polina Panassenko à l'époque de la Russie stalinienne a séduit Le Masque";"https://radiofrance.fr/franceinter/podcasts/le-masque-et-la-plume/a-voix-haute-de-polina-panassenko-2511870"
"France Inter (FR)";"FR";"2026-09-22";"""Ce qui nous frôle sous la surface"" de Colum McCann : le Masque a eu du mal à retenir sa respiration";"https://radiofrance.fr/franceinter/podcasts/le-masque-et-la-plume/ce-qui-nous-frole-sous-la-surface-de-colum-mccann-8357623"
"France Inter (FR)";"FR";"2026-09-22";"""Un sombre été"" de Vera Buck : un thriller au cœur d'un village fantôme de la Sardaigne";"https://radiofrance.fr/franceinter/podcasts/le-polar-sonne-toujours-2-fois/le-polar-sonne-toujours-2-fois-du-jeudi-27-aout-2026-8102938"
"France Inter (FR)";"FR";"2026-09-22";"AfD : l'Allemagne est-elle en train de basculer vers l'extrême droite ?";"https://radiofrance.fr/franceinter/podcasts/zoom-zoom-zen/zoom-zoom-zen-du-jeudi-17-septembre-2026-7209144"
"France Inter (FR)";"FR";"2026-09-22";"Zoom Zoom Zen";"https://radiofrance.fr/franceinter/podcasts/zoom-zoom-zen"
"France Inter (FR)";"FR";"2026-09-22";"Recto-Verso";"https://radiofrance.fr/franceinter/podcasts/recto-verso"
"France Inter (FR)";"FR";"2026-09-22";"Le 6/9";"https://radiofrance.fr/franceinter/podcasts/le-6-9"
"France Inter (FR)";"FR";"2026-09-22";"Franc-jeu";"https://radiofrance.fr/franceinter/podcasts/franc-jeu"
"France Inter (FR)";"FR";"2026-09-22";"Franche culture";"https://radiofrance.fr/franceinter/podcasts/franche-culture"
"France Inter (FR)";"FR";"2026-09-22";"Les ailes de géant";"https://radiofrance.fr/franceinter/podcasts/les-ailes-de-geant"
"France Inter (FR)";"FR";"2026-09-22";"Le 18/20";"https://radiofrance.fr/franceinter/podcasts/le-18-20"
"France Inter (FR)";"FR";"2026-09-22";"C'est loin mais c'est beau";"https://radiofrance.fr/franceinter/podcasts/c-est-loin-mais-c-est-beau"
"France Inter (FR)";"FR";"2026-09-22";"Le Billet de Thomas Poitevin";"https://radiofrance.fr/franceinter/podcasts/vero-la-gestionnaire-de-communautes"
"France Inter (FR)";"FR";"2026-09-22";"Rien ne s'oppose à la nuit";"https://radiofrance.fr/franceinter/podcasts/rien-ne-s-oppose-a-la-nuit"
"France Inter (FR)";"FR";"2026-09-22";"La chronique de Samuel Jensky";"https://radiofrance.fr/franceinter/podcasts/la-chronique-de-samuel-jensky"
"France Inter (FR)";"FR";"2026-09-22";"La chronique de Camille Tissot";"https://radiofrance.fr/franceinter/podcasts/la-chronique-de-camille-tissot"
"France Inter (FR)";"FR";"2026-09-22";"Nos vies numériques";"https://radiofrance.fr/franceinter/podcasts/nos-vies-numeriques"
"France Inter (FR)";"FR";"2026-09-22";"La Revue de presse";"https://radiofrance.fr/franceinter/podcasts/la-revue-de-presse"
"France Inter (FR)";"FR";"2026-09-22";"Tout va trop vite";"https://radiofrance.fr/franceinter/podcasts/les-histoires-du-monde"
"France Inter (FR)";"FR";"2026-09-22";"Le Billet de Jessé";"https://radiofrance.fr/franceinter/podcasts/la-chronique-de-jesse"
"France Inter (FR)";"FR";"2026-09-22";"L'édito de Dov Alfon";"https://radiofrance.fr/franceinter/podcasts/dov-alfon-en-toute-subjectivite"
"France Inter (FR)";"FR";"2026-09-22";"Soft planète";"https://radiofrance.fr/franceinter/podcasts/soft-planete"
"France Inter (FR)";"FR";"2026-09-22";"Un jeudi soir sur la terre";"https://radiofrance.fr/franceinter/podcasts/un-jeudi-soir-sur-la-terre"
"France Inter (FR)";"FR";"2026-09-22";"Le petit carnet de campagne";"https://radiofrance.fr/franceinter/podcasts/petits-carnets-de-campagne"
"France Inter (FR)";"FR";"2026-09-22";"Chez la belle-famille";"https://radiofrance.fr/franceinter/podcasts/chez-la-belle-famille"
"France Inter (FR)";"FR";"2026-09-22";"Yotam Ottolenghi : ""La cuisine, c'est l'antidote à l'angoisse du monde""";"https://radiofrance.fr/franceinter/podcasts/le-grand-portrait/le-grand-portrait-du-lundi-21-septembre-2026-5994176"
"France Inter (FR)";"FR";"2026-09-22";"Charline à Die";"https://radiofrance.fr/franceinter/podcasts/serie-charline-a-die"
"France Inter (FR)";"FR";"2026-09-22";"En 1830, qu’allaient donc faire les Français en débarquant à Alger ?";"https://radiofrance.fr/franceinter/podcasts/serie-en-1830-qu-allaient-donc-faire-les-francais-en-debarquant-a-alger"
"France Inter (FR)";"FR";"2026-09-22";"Le Masque et la Nouvelle Vague";"https://radiofrance.fr/franceinter/podcasts/serie-le-masque-et-la-nouvelle-vague"
"France Inter (FR)";"FR";"2026-09-22";"Canicules";"https://radiofrance.fr/franceinter/podcasts/serie-canicules"
"France Inter (FR)";"FR";"2026-09-22";"Que s’est-il passé en Europe entre les XIVe et XVIe siècles pour qu’on ose parler de ""Renaissance""  ?";"https://radiofrance.fr/franceinter/podcasts/serie-que-s-est-il-passe-en-europe-entre-les-xive-et-xvie-siecles-pour-qu-on-ose-parler-de-renaissance"
"France Inter (FR)";"FR";"2026-09-22";"Masterclass autour de Jay-Z et de l’album ""The Blueprint""";"https://radiofrance.fr/franceinter/podcasts/masterclass-d-inter/les-masterclass-d-inter-du-vendredi-11-septembre-2026-5317913"
"France Inter (FR)";"FR";"2026-09-22";"Olivia Wilde signe ""L'invitation"" la plus cool de la rentrée";"https://radiofrance.fr/franceinter/podcasts/capture-d-ecrans/capture-d-ecrans-du-vendredi-18-septembre-2026-6086319"
"France Inter (FR)";"FR";"2026-09-22";"Capture d'écrans";"https://radiofrance.fr/franceinter/podcasts/capture-d-ecrans"
"France Inter (FR)";"FR";"2026-09-22";"Guerre civile en Birmanie : le récit de l'après-Aung San Suu Kyi";"https://radiofrance.fr/franceinter/podcasts/l-info-de-france-inter/guerre-civile-en-birmanie-le-recit-de-l-apres-aung-san-suu-kyi-4840303"
"France Inter (FR)";"FR";"2026-09-22";"Iyad Ag Ghali, le djihadiste qui défie le Mali";"https://radiofrance.fr/franceinter/podcasts/l-info-de-france-inter/iyad-ag-ghali-le-djihadiste-qui-defile-le-mali-4200074"
"France Inter (FR)";"FR";"2026-09-22";"Poutine, le tsar soviétique";"https://radiofrance.fr/franceinter/podcasts/serie-poutine-le-tsar-sovietique"
"France Inter (FR)";"FR";"2026-09-22";"Alfred Dreyfus, le combat de la République";"https://radiofrance.fr/franceinter/podcasts/serie-alfred-dreyfus-le-combat-de-la-republique"
"France Inter (FR)";"FR";"2026-09-22";"Simone de Beauvoir, itinéraire d'une jeune fille rangée";"https://radiofrance.fr/franceinter/podcasts/serie-simone-de-beauvoir-itineraire-d-une-jeune-fille-rangee"
"France Inter (FR)";"FR";"2026-09-22";"Sigmaringen, le crépuscule des bourreaux";"https://radiofrance.fr/franceinter/podcasts/serie-le-crepuscule-des-bourreaux"
"France Inter (FR)";"FR";"2026-09-22";"Mafia - Meurtres et trahisons : histoires de familles";"https://radiofrance.fr/franceinter/podcasts/serie-mafia-meurtres-et-trahisons-histoires-de-familles"
"France Inter (FR)";"FR";"2026-09-22";"Cache-cache";"https://radiofrance.fr/franceinter/podcasts/serie-cache-cache"
"France Inter (FR)";"FR";"2026-09-22";"C'est la rentrée des P'tits Bateaux";"https://radiofrance.fr/franceinter/podcasts/serie-c-est-la-rentree-des-p-tits-bateaux"
"France Inter (FR)";"FR";"2026-09-22";"Tina et les boucliers de Mars";"https://radiofrance.fr/franceinter/podcasts/serie-tina-et-les-boucliers-de-mars"
"France Inter (FR)";"FR";"2026-09-22";"Les aventures du professeur Caillou";"https://radiofrance.fr/franceinter/podcasts/les-aventures-du-professeur-caillou"
"France Inter (FR)";"FR";"2026-09-22";"Bestioles, nouveaux épisodes !";"https://radiofrance.fr/franceinter/podcasts/bestioles"
"France Inter (FR)";"FR";"2026-09-22";"Une histoire et... Oli, nouveaux épisodes !";"https://radiofrance.fr/franceinter/podcasts/une-histoire-et-oli"
"France Inter (FR)";"FR";"2026-09-22";"Les Odyssées, nouveaux épisodes !";"https://radiofrance.fr/franceinter/podcasts/les-odyssees"
"France Inter (FR)";"FR";"2026-09-22";"Mini vulgaire : les véhicules";"https://radiofrance.fr/franceinter/podcasts/serie-mini-vulgaire-les-vehicules"
"France Inter (FR)";"FR";"2026-09-22";"Chuchote-moi une histoire";"https://radiofrance.fr/franceinter/podcasts/chuchote-moi-une-histoire"
"France Inter (FR)";"FR";"2026-09-22";"Les invitées : Lorraine Rossignol et Dorothée Myriam Kellou, journalistes";"https://radiofrance.fr/franceinter/podcasts/affaires-sensibles/affaires-sensibles-l-invite-du-lundi-21-septembre-2026-6497071"
"France Inter (FR)";"FR";"2026-09-22";"Affaires sensibles";"https://radiofrance.fr/franceinter/podcasts/affaires-sensibles"
"France Inter (FR)";"FR";"2026-09-22";"Les camps de regroupement de population un drame de la guerre d'Algérie - Le récit";"https://radiofrance.fr/franceinter/podcasts/affaires-sensibles/affaires-sensibles-le-recit-du-lundi-21-septembre-2026-1613541"
"France Inter (FR)";"FR";"2026-09-22";"Les camps de regroupement, une autre tragédie de la guerre d’Algérie - L'intégrale";"https://radiofrance.fr/franceinter/podcasts/affaires-sensibles/affaires-sensibles-du-lundi-21-septembre-2026-6541029"
"France Inter (FR)";"FR";"2026-09-22";"La censure du roman “Ravages” de Violette Leduc";"https://radiofrance.fr/franceinter/podcasts/affaires-sensibles/affaires-sensibles-du-vendredi-18-septembre-2026-7074194"
"France Inter (FR)";"FR";"2026-09-22";"Reines et Rois";"https://radiofrance.fr/franceinter/podcasts/reines-et-rois"
"France Inter (FR)";"FR";"2026-09-22";"Le Masque et Patrick Modiano";"https://radiofrance.fr/franceinter/podcasts/serie-le-masque-et-patrick-modiano"
"France Inter (FR)";"FR";"2026-09-22";"Les concerts d'Inter";"https://radiofrance.fr/franceinter/podcasts/les-concerts-d-inter"
"France Inter (FR)";"FR";"2026-09-22";"Révélations";"https://radiofrance.fr/franceinter/podcasts/revelations"
"France Inter (FR)";"FR";"2026-09-22";"Afghanistan, le tourisme sans les femmes";"https://radiofrance.fr/franceinter/podcasts/interception/interception-du-dimanche-08-mars-2026-4136320"
"France Inter (FR)";"FR";"2026-09-22";"Taylor Swift, le monde, ma fille et moi";"https://radiofrance.fr/franceinter/podcasts/taylor-swift-le-monde-ma-fille-et-moi"
"France Inter (FR)";"FR";"2026-09-22";"Les déportés";"https://radiofrance.fr/franceinter/podcasts/serie-les-deportes"
"France Inter (FR)";"FR";"2026-09-22";"Etats-Unis : ce pays qui marie ses enfants";"https://radiofrance.fr/franceinter/podcasts/interception/interception-du-dimanche-05-mars-2023-8505277"
"France Inter (FR)";"FR";"2026-09-22";"Sur les traces d'Ousmane Dembélé";"https://radiofrance.fr/franceinter/podcasts/serie-sur-les-traces-d-ousmane-dembele"
"France Inter (FR)";"FR";"2026-09-22";"Collégiennes à vendre";"https://radiofrance.fr/franceinter/podcasts/interception/interception-du-dimanche-12-octobre-2025-2574397"
"France Inter (FR)";"FR";"2026-09-22";"Comment enfin alléger sa charge mentale ?";"https://radiofrance.fr/franceinter/podcasts/grand-bien-vous-fasse/grand-bien-vous-fasse-du-mardi-22-septembre-2026-3927584"
"France Inter (FR)";"FR";"2026-09-22";"Grand bien vous fasse !";"https://radiofrance.fr/franceinter/podcasts/grand-bien-vous-fasse"
"France Inter (FR)";"FR";"2026-09-22";"Marc Levy";"https://radiofrance.fr/franceinter/podcasts/le-grand-portrait/le-grand-portrait-du-mardi-22-septembre-2026-1558000"
"France Inter (FR)";"FR";"2026-09-22";"Le Grand portrait";"https://radiofrance.fr/franceinter/podcasts/l-invite-de-9h10"
"France Inter (FR)";"FR";"2026-09-22";"Une revue de presse réglée sur un GPS";"https://radiofrance.fr/franceinter/podcasts/la-revue-de-presse/la-revue-de-presse-du-mardi-22-septembre-2026-6861372"
"France Inter (FR)";"FR";"2026-09-22";"Bérengère Krief et la sexualité de demain";"https://radiofrance.fr/franceinter/podcasts/franche-culture/franche-culture-du-mardi-22-septembre-2026-6527252"
"France Inter (FR)";"FR";"2026-09-22";"Washington et Pékin veulent éviter les (mauvaises) surprises sur l’IA";"https://radiofrance.fr/franceinter/podcasts/geopolitique/geopolitique-du-mardi-22-septembre-2026-5061809"
"France Inter (FR)";"FR";"2026-09-22";"Géopolitique";"https://radiofrance.fr/franceinter/podcasts/geopolitique"
"France Inter (FR)";"FR";"2026-09-22";"Débâcle de la CDU allemande, la droite conservatrice en voie de disparition ?";"https://radiofrance.fr/franceinter/podcasts/l-edito-politique/l-edito-politique-du-mardi-22-septembre-2026-7260267"
"France Inter (FR)";"FR";"2026-09-22";"L'Édito politique";"https://radiofrance.fr/franceinter/podcasts/l-edito-politique"
"France Inter (FR)";"FR";"2026-09-22";"Bande-annonce : ""Reines et rois"", un nouveau podcast historique de France Inter";"https://radiofrance.fr/franceinter/podcasts/reines-et-rois/bande-annonce-reines-et-rois-un-nouveau-podcast-historique-de-france-inter-1556626"
"France Inter (FR)";"FR";"2026-09-22";"L'édito éco du mardi 22 septembre 2026";"https://radiofrance.fr/franceinter/podcasts/l-edito-eco/l-edito-eco-du-mardi-22-septembre-2026-5127151"
"France Inter (FR)";"FR";"2026-09-22";"L'Édito éco";"https://radiofrance.fr/franceinter/podcasts/l-edito-eco"
"France Inter (FR)";"FR";"2026-09-22";"Europe et GNL canadien : un partenariat hautement géostratégique";"https://radiofrance.fr/franceinter/podcasts/debout-la-terre/debout-la-terre-du-mardi-22-septembre-2026-6191782"
"France Inter (FR)";"FR";"2026-09-22";"Debout la Terre";"https://radiofrance.fr/franceinter/podcasts/la-lutte-enchantee"
"France Inter (FR)";"FR";"2026-09-22";"A l’échelle du globe, les sols s’enrichissent en carbone";"https://radiofrance.fr/franceinter/podcasts/tout-va-bien-dans-ce-monde/tout-va-bien-dans-ce-monde-du-lundi-21-septembre-2026-1605845"
"France Inter (FR)";"FR";"2026-09-22";"Tout va bien dans ce monde";"https://radiofrance.fr/franceinter/podcasts/tout-va-bien-dans-ce-monde"
"France Inter (FR)";"FR";"2026-09-22";"Avenir de la voiture : sortir des faux débats";"https://radiofrance.fr/franceinter/podcasts/la-terre-au-carre/la-terre-au-carre-du-lundi-21-septembre-2026-6464618"
"France Inter (FR)";"FR";"2026-09-22";"La Terre au carré";"https://radiofrance.fr/franceinter/podcasts/la-terre-au-carre"
"France Inter (FR)";"FR";"2026-09-22";"Faut-il rapporter d’Angleterre les cendres de Napoléon III ?";"https://radiofrance.fr/franceinter/podcasts/le-debat/le-debat-de-la-grand-matinale-du-mardi-22-septembre-2026-1116106"
"France Inter (FR)";"FR";"2026-09-22";"Le débat";"https://radiofrance.fr/franceinter/podcasts/le-debat-du-7-10"
"France Inter (FR)";"FR";"2026-09-22";"Au Havre, pour aller au cinéma le soir, ""tu te manges une randonnée"" !";"https://radiofrance.fr/franceinter/podcasts/c-est-loin-mais-c-est-beau/c-est-loin-mais-c-est-beau-du-mardi-22-septembre-2026-5190127"
"France Inter (FR)";"FR";"2026-09-22";"Pourquoi le métier de « détective privé » est-il reconnu par la loi ?";"https://radiofrance.fr/franceinter/podcasts/les-p-tits-bateaux/les-p-tits-bateaux-du-lundi-21-septembre-2026-3649304"
"France Inter (FR)";"FR";"2026-09-22";"Les P'tits Bateaux";"https://radiofrance.fr/franceinter/podcasts/les-p-tits-bateaux"
"France Inter (FR)";"FR";"2026-09-22";"Troubles du spectre autistique, comment vivre avec ? Comment les diagnostiquer ?";"https://radiofrance.fr/franceinter/podcasts/grand-bien-vous-fasse/grand-bien-vous-fasse-du-lundi-21-septembre-2026-6521347"
"France Inter (FR)";"FR";"2026-09-22";"La France sans oignons n'est pas la France";"https://radiofrance.fr/franceinter/podcasts/les-80/les-80-du-lundi-21-septembre-2026-1780061"
"France Inter (FR)";"FR";"2026-09-22";"Les 80''";"https://radiofrance.fr/franceinter/podcasts/les-80-de"
"France Inter (FR)";"FR";"2026-09-22";"Et si nous ralentissions ?";"https://radiofrance.fr/franceinter/podcasts/le-pas-de-cote-de-sylvie-chokron/le-pas-de-cote-de-sylvie-chokron-du-mardi-22-septembre-2026-7756182"
"France Inter (FR)";"FR";"2026-09-22";"Le pas de côté de Sylvie Chokron";"https://radiofrance.fr/franceinter/podcasts/le-pas-de-cote-de-sylvie-chokron"
"France Inter (FR)";"FR";"2026-09-22";"Equi.libre : médiation équine et handicap";"https://radiofrance.fr/franceinter/podcasts/carnets-de-campagne/carnets-de-campagne-du-lundi-21-septembre-2026-7264664"
"France Inter (FR)";"FR";"2026-09-22";"Carnets de campagne";"https://radiofrance.fr/franceinter/podcasts/carnets-de-campagne"
"France Inter (FR)";"FR";"2026-09-22";"Pourquoi les bonbons nous font-ils autant envie quand on les voit ?";"https://radiofrance.fr/franceinter/podcasts/les-p-tits-bateaux/les-p-tits-bateaux-du-dimanche-20-septembre-2026-6391989"
"France Inter (FR)";"FR";"2026-09-22";"Esprit sport du mardi 22 septembre 2026";"https://radiofrance.fr/franceinter/podcasts/esprit-sport/esprit-sport-du-mardi-22-septembre-2026-8508638"
"France Inter (FR)";"FR";"2026-09-22";"Esprit sport";"https://radiofrance.fr/franceinter/podcasts/esprit-sport"
"France Inter (FR)";"FR";"2026-09-22";"Route du Rhum : la course navale débutera le 1ᵉʳ novembre";"https://radiofrance.fr/franceinter/podcasts/zoom-zoom-zen/zoom-zoom-zen-du-lundi-21-septembre-2026-4330923"
"France Inter (FR)";"FR";"2026-09-22";"Vente aux enchère, cagnottes : la débrouille financière des coureurs pour s'aligner au départ des Mondiaux de Montréal";"https://radiofrance.fr/franceinter/podcasts/l-info-de-france-inter/vente-aux-enchere-cagnottes-la-debrouille-financiere-des-coureurs-pour-s-aligner-au-depart-des-mondiaux-de-montreal-3840027"
"France Inter (FR)";"FR";"2026-09-22";"Soft planète du lundi 21 septembre 2026";"https://radiofrance.fr/franceinter/podcasts/soft-planete/soft-planete-du-lundi-21-septembre-2026-5233707"
"France Culture (FR)";"FR";"2026-09-22";"Qu’attendre du rapprochement UE-Canada ?";"https://radiofrance.fr/franceculture/podcasts/les-enjeux-internationaux/qu-attendre-du-rapprochement-ue-canada-6992419"
"France Culture (FR)";"FR";"2026-09-22";"Entre poids de la dette et choc énergétique : l’impossible budget 2027";"https://radiofrance.fr/franceculture/podcasts/l-invite-e-des-matins/entre-poids-de-la-dette-et-choc-energetique-l-impossible-budget-2027-5911687"
"France Culture (FR)";"FR";"2026-09-22";"Menace russe : Emmanuel Macron a-t-il raison d’alerter ?";"https://radiofrance.fr/franceculture/podcasts/l-invite-e-des-matins/menace-russe-emmanuel-macron-a-t-il-raison-d-alerter-7861924"
"France Culture (FR)";"FR";"2026-09-22";"John Coltrane (1926-1967), à bout de souffle";"https://radiofrance.fr/franceculture/podcasts/toute-une-vie/john-coltrane-1926-1967-a-bout-de-souffle-5569895"
"France Culture (FR)";"FR";"2026-09-22";"En Allemagne, la culture menacée par la progression de l'AfD";"https://radiofrance.fr/franceculture/podcasts/les-enjeux-internationaux/en-allemagne-la-culture-menacee-par-la-progression-de-l-afd-2665858"
"France Culture (FR)";"FR";"2026-09-22";"Léon XIV : un pape mondialisé";"https://radiofrance.fr/franceculture/podcasts/serie-leon-xiv-un-pape-mondialise"
"France Culture (FR)";"FR";"2026-09-22";"Une histoire de la papauté";"https://radiofrance.fr/franceculture/podcasts/serie-une-histoire-de-la-papaute"
"France Culture (FR)";"FR";"2026-09-22";"“Vivre et écrire sont pour moi très synonymes” : Annie Ernaux est l'invitée des Matins";"https://radiofrance.fr/franceculture/podcasts/l-invite-e-des-matins/vivre-et-ecrire-est-pour-moi-tres-synonyme-annie-ernaux-est-l-invitee-des-matins-5480289"
"France Culture (FR)";"FR";"2026-09-22";"Moi aussi je vais partir";"https://radiofrance.fr/franceculture/podcasts/la-serie-fiction/moi-aussi-je-vais-partir-5776230"
"France Culture (FR)";"FR";"2026-09-22";"Israël : l'enjeu du retour des expatriés pour les élections législatives";"https://radiofrance.fr/franceculture/podcasts/la-revue-de-presse-internationale/la-revue-de-presse-internationale-emission-du-mardi-22-septembre-2026-3666395"
"France Culture (FR)";"FR";"2026-09-22";"La Revue de presse internationale";"https://radiofrance.fr/franceculture/podcasts/revue-de-presse-internationale"
"France Culture (FR)";"FR";"2026-09-22";"Les Enjeux internationaux";"https://radiofrance.fr/franceculture/podcasts/les-enjeux-internationaux"
"France Culture (FR)";"FR";"2026-09-22";"Spectacle vivant : des subventions ""vitales"" pour la pérennité du secteur";"https://radiofrance.fr/franceculture/podcasts/le-journal-de-l-eco/spectacle-vivant-des-subventions-vitales-pour-la-perennite-du-secteur-7494863"
"France Culture (FR)";"FR";"2026-09-22";"Le Journal de l'éco";"https://radiofrance.fr/franceculture/podcasts/le-journal-de-l-eco"
"France Culture (FR)";"FR";"2026-09-22";"Boîte à marmotte, fossiles de coquillages, chaussure : visite insolite du musée Carnavalet";"https://radiofrance.fr/franceculture/podcasts/l-info-culturelle-reportages-enquetes-analyses/boite-a-marmotte-fossiles-de-coquillages-chaussure-visite-insolite-du-musee-carnavalet-7981548"
"France Culture (FR)";"FR";"2026-09-22";"L'Info culturelle : reportages, enquêtes, analyses";"https://radiofrance.fr/franceculture/podcasts/l-actualite-culturelle-reportages-enquetes-analyses"
"France Culture (FR)";"FR";"2026-09-22";"Journal de 8h45";"https://radiofrance.fr/franceculture/podcasts/journal-de-8h45"
"France Culture (FR)";"FR";"2026-09-22";"Tuer la mère, sauver sa peau, avec Louise Chennevière";"https://radiofrance.fr/franceculture/podcasts/le-book-club/tuer-la-mere-sauver-sa-peau-avec-louise-chenneviere-3624540"
"France Culture (FR)";"FR";"2026-09-22";"Phœbe Hadjimarkos Clarke, écrivaine : “Il m’est impossible d’écrire un roman sans fantastique déguisé”";"https://radiofrance.fr/franceculture/podcasts/les-midis-de-culture-l-invite-e/phoebe-hadjimarkos-clarke-traverse-les-frontieres-avec-le-livre-des-souterrains-1020724"
"France Culture (FR)";"FR";"2026-09-22";"L'or du démon : rencontre avec Ian McGuire";"https://radiofrance.fr/franceculture/podcasts/mauvais-genres/l-or-du-demon-rencontre-avec-ian-mcguire-9391974"
"France Culture (FR)";"FR";"2026-09-22";"Kae Tempest : retour au roman";"https://radiofrance.fr/franceculture/podcasts/le-book-club/kae-tempest-retour-au-roman-2794282"
"France Culture (FR)";"FR";"2026-09-22";"""Nous aussi"" d'Anne Godard : la force du ""on""";"https://radiofrance.fr/franceculture/podcasts/le-regard-culturel/le-regard-culturel-chronique-du-mercredi-09-septembre-2026-5280197"
"France Culture (FR)";"FR";"2026-09-22";"Antoine Volodine et les 11 romans d'Infernus Johannes : le post-exotisme, bouquet final";"https://radiofrance.fr/franceculture/podcasts/mauvais-genres/operation-volodine-le-post-exotisme-bouquet-final-1076220"
"France Culture (FR)";"FR";"2026-09-22";"""Debout dans tes rêves"" d'Abdellah Taïa, une histoire d'amitié";"https://radiofrance.fr/franceculture/podcasts/le-book-club/promesses-avec-abdellah-taia-4947356"
"France Culture (FR)";"FR";"2026-09-22";"""Mais que fait ce sang sur le pull de Jennifer ?"" de Lucie Rico, ou l’obsession d’une phrase inachevée";"https://radiofrance.fr/franceculture/podcasts/le-book-club/lucie-rico-ou-l-obsession-d-une-phrase-inachevee-4284547"
"France Culture (FR)";"FR";"2026-09-22";"Écrire l’inceste selon Daria Marx dans ""Tuer le vieux""";"https://radiofrance.fr/franceculture/podcasts/les-midis-de-culture/tuer-le-vieux-ecrire-l-inceste-selon-daria-marx-8396852"
"France Culture (FR)";"FR";"2026-09-22";"Premier roman : ""Abdallah Superstar"", un conte électro entre la France et Djibouti";"https://radiofrance.fr/franceculture/podcasts/l-invite-e-des-matins-d-ete/abdallah-superstar-un-conte-electro-entre-la-france-et-djibouti-3189093"
"France Culture (FR)";"FR";"2026-09-22";"Allemagne : trois débâcles électorales successives pour Friedrich Merz";"https://radiofrance.fr/franceculture/podcasts/journal-de-12h30/journal-de-12h30-du-lundi-21-septembre-2026-9663491"
"France Culture (FR)";"FR";"2026-09-22";"Journal de 12h30";"https://radiofrance.fr/franceculture/podcasts/journal-de-12h30"
"France Culture (FR)";"FR";"2026-09-22";"Victoire de l'AfD en Allemagne, défaite de la mémoire ?";"https://radiofrance.fr/franceculture/podcasts/questions-du-soir-le-debat/quelle-memoire-faut-il-convoquer-pour-comprendre-le-score-de-l-afd-en-saxe-anhault-6858894"
"France Culture (FR)";"FR";"2026-09-22";"Questions du soir : le débat";"https://radiofrance.fr/franceculture/podcasts/le-temps-du-debat"
"France Culture (FR)";"FR";"2026-09-22";"Grand Angle";"https://radiofrance.fr/franceculture/podcasts/grand-angle-de-plan-large"
"France Culture (FR)";"FR";"2026-09-22";"Classe créative : le manager de la semaine";"https://radiofrance.fr/franceculture/podcasts/classe-creative-le-manager-de-la-semaine"
"France Culture (FR)";"FR";"2026-09-22";"Les Clés de l'enfance";"https://radiofrance.fr/franceculture/podcasts/les-cles-de-l-enfance"
"France Culture (FR)";"FR";"2026-09-22";"Les Mystères des lieux";"https://radiofrance.fr/franceculture/podcasts/les-mysteres-des-lieux"
"France Culture (FR)";"FR";"2026-09-22";"Le Film de la semaine";"https://radiofrance.fr/franceculture/podcasts/le-film-de-la-semaine-de-plan-large"
"France Culture (FR)";"FR";"2026-09-22";"Le Point culture XXL : l'agenda";"https://radiofrance.fr/franceculture/podcasts/le-point-culture-xxl-l-agenda"
"France Culture (FR)";"FR";"2026-09-22";"Au nom du droit";"https://radiofrance.fr/franceculture/podcasts/au-nom-du-droit"
"France Culture (FR)";"FR";"2026-09-22";"Les Midis de Culture";"https://radiofrance.fr/franceculture/podcasts/les-midis-de-culture"
"France Culture (FR)";"FR";"2026-09-22";"Avec philosophie";"https://radiofrance.fr/franceculture/podcasts/avec-philosophie"
"France Culture (FR)";"FR";"2026-09-22";"Le Point idées : le journal des sciences sociales";"https://radiofrance.fr/franceculture/podcasts/le-point-idees"
"France Culture (FR)";"FR";"2026-09-22";"Les Matins";"https://radiofrance.fr/franceculture/podcasts/les-matins"
"France Culture (FR)";"FR";"2026-09-22";"Questions du soir : l'idée";"https://radiofrance.fr/franceculture/podcasts/l-idee-questions-du-soir"
"France Culture (FR)";"FR";"2026-09-22";"La Science, CQFD";"https://radiofrance.fr/franceculture/podcasts/la-science-cqfd"
"France Culture (FR)";"FR";"2026-09-22";"Alzheimer : comment faire face ?";"https://radiofrance.fr/franceculture/podcasts/serie-alzheimer-comment-faire-face"
"France Culture (FR)";"FR";"2026-09-22";"Désobéissance, s'empotager et pouillot véloce avec Catherine Meurisse";"https://radiofrance.fr/franceculture/podcasts/comme-un-samedi/desobeissance-s-empotager-et-pouillot-veloce-avec-catherine-meurisse-5457563"
"France Culture (FR)";"FR";"2026-09-22";"Confucius, un savoir-être sans confusion";"https://radiofrance.fr/franceculture/podcasts/serie-confucius-un-savoir-etre-sans-confusion"
"France Culture (FR)";"FR";"2026-09-22";"Photographie, objectif patrimoine";"https://radiofrance.fr/franceculture/podcasts/serie-photographie-objectif-patrimoine"
"France Culture (FR)";"FR";"2026-09-22";"Banier, pour quelques millions de plus";"https://radiofrance.fr/franceculture/podcasts/serie-banier-pour-quelques-millions-de-plus"
"France Culture (FR)";"FR";"2026-09-22";"Prévenir le suicide";"https://radiofrance.fr/franceculture/podcasts/serie-prevenir-le-suicide"
"France Culture (FR)";"FR";"2026-09-22";"""L'Enfer"" de Dante, voyage au centre de soi-même";"https://radiofrance.fr/franceculture/podcasts/serie-l-enfer-de-dante"
"France Culture (FR)";"FR";"2026-09-22";"En campagne";"https://radiofrance.fr/franceculture/podcasts/serie-en-campagne"
"France Culture (FR)";"FR";"2026-09-22";"""Le Grand Monde"" de Pierre Lemaitre";"https://radiofrance.fr/franceculture/podcasts/serie-le-grand-monde-de-pierre-lemaitre"
"France Culture (FR)";"FR";"2026-09-22";"""Histoires de la nuit"" - le livre, l'écran et la peur";"https://radiofrance.fr/franceculture/podcasts/le-regard-culturel/le-regard-culturel-chronique-du-jeudi-17-septembre-2026-7403706"
"France Culture (FR)";"FR";"2026-09-22";"Le Regard culturel";"https://radiofrance.fr/franceculture/podcasts/la-critique"
"France Culture (FR)";"FR";"2026-09-22";"Religieuses, des histoires de sœurs";"https://radiofrance.fr/franceculture/podcasts/serie-religieuses-des-histoires-de-soeurs"
"France Culture (FR)";"FR";"2026-09-22";"L'Ardèche, le temps des communautés";"https://radiofrance.fr/franceculture/podcasts/serie-l-ardeche-le-temps-des-communautes"
"France Culture (FR)";"FR";"2026-09-22";"Au pays des songes, 2001-2026 (Israël-Palestine, archives oniriques)";"https://radiofrance.fr/franceculture/podcasts/serie-au-pays-des-songes-2001-2026-israel-palestine-archives-oniriques"
"France Culture (FR)";"FR";"2026-09-22";"François d'Assise, la sainteté est un sport de combat";"https://radiofrance.fr/franceculture/podcasts/serie-francois-d-assise-la-saintete-est-un-sport-de-combat"
"France Culture (FR)";"FR";"2026-09-22";"Les 2Be3 : étoiles filantes";"https://radiofrance.fr/franceculture/podcasts/serie-les-2be3-etoiles-filantes"
"France Culture (FR)";"FR";"2026-09-22";"Verdun 1916, au cœur d'une guerre totale";"https://radiofrance.fr/franceculture/podcasts/serie-verdun-1916-au-coeur-d-une-guerre-totale"
"France Culture (FR)";"FR";"2026-09-22";"La Joconde sort du silence";"https://radiofrance.fr/franceculture/podcasts/serie-la-joconde-sort-du-silence"
"France Culture (FR)";"FR";"2026-09-22";"Troubles dys : des vies à inventer";"https://radiofrance.fr/franceculture/podcasts/serie-troubles-dys-des-vies-a-inventer"
"France Culture (FR)";"FR";"2026-09-22";"Habiba Msika (1903-1930), une artiste libre aux multiples talents";"https://radiofrance.fr/franceculture/podcasts/toute-une-vie/habiba-msika-une-artiste-libre-aux-multiples-talents-6978561"
"France Culture (FR)";"FR";"2026-09-22";"Hans le Malin, le cheval qui savait lire et compter";"https://radiofrance.fr/franceculture/podcasts/serie-hans-le-malin-le-cheval-qui-savait-lire-et-compter"
"France Culture (FR)";"FR";"2026-09-22";"Les ultras de la collaboration";"https://radiofrance.fr/franceculture/podcasts/serie-les-ultras-de-la-collaboration"
"France Culture (FR)";"FR";"2026-09-22";"Catholiques de France, la tentation radicale";"https://radiofrance.fr/franceculture/podcasts/serie-catholiques-de-france-la-tentation-radicale"
"France Culture (FR)";"FR";"2026-09-22";"L'effet chat";"https://radiofrance.fr/franceculture/podcasts/serie-l-effet-chat"
"France Culture (FR)";"FR";"2026-09-22";"La trilogie des ""J'ai trop..."" de David Lescot";"https://radiofrance.fr/franceculture/podcasts/serie-la-trilogie-des-j-ai-trop-de-david-lescot"
"France Culture (FR)";"FR";"2026-09-22";"""Les Malheurs de Sophie, une comédie musicale"" de Sabine Zovighian et Michael Liot - Saison 2";"https://radiofrance.fr/franceculture/podcasts/serie-les-malheurs-de-sophie-une-comedie-musicale-de-sabine-zovighian-et-michael-liot-saison-2"
"France Culture (FR)";"FR";"2026-09-22";"""Le Petit Chaperon rouge"" de Pierre Senges, d’après le conte de Charles Perrault";"https://radiofrance.fr/franceculture/podcasts/fictions-theatre-et-cie/le-petit-chaperon-rouge-concert-fiction-de-pierre-senges-d-apres-le-conte-de-charles-perrault-1991892"
"France Culture (FR)";"FR";"2026-09-22";"Le Trésor de Rackham le Rouge : les Aventures de Tintin";"https://radiofrance.fr/franceculture/podcasts/serie-le-tresor-de-rackham-le-rouge-les-aventures-de-tintin"
"France Culture (FR)";"FR";"2026-09-22";"Fiction Lab";"https://radiofrance.fr/franceculture/podcasts/fictions-samedi-noir"
"France Culture (FR)";"FR";"2026-09-22";"LSD, la série documentaire";"https://radiofrance.fr/franceculture/podcasts/lsd-la-serie-documentaire"
"France Culture (FR)";"FR";"2026-09-22";"L'Instant poésie de François Jullien";"https://radiofrance.fr/franceculture/podcasts/serie-l-instant-poesie-de-francois-jullien"
"France Culture (FR)";"FR";"2026-09-22";"L'homme qui a vu l'ours";"https://radiofrance.fr/franceculture/podcasts/les-pieds-sur-terre/l-homme-qui-a-vu-l-ours-2478740"
"France Culture (FR)";"FR";"2026-09-22";"Les Pieds sur terre";"https://radiofrance.fr/franceculture/podcasts/les-pieds-sur-terre"
"France Culture (FR)";"FR";"2026-09-22";"Des tatouages particuliers";"https://radiofrance.fr/franceculture/podcasts/les-pieds-sur-terre/des-tatouages-particuliers-4256770"
"France Culture (FR)";"FR";"2026-09-22";"Tous égaux quand on a chaud ?";"https://radiofrance.fr/franceculture/podcasts/les-pieds-sur-terre/tous-egaux-quand-on-a-chaud-4385604"
"France Culture (FR)";"FR";"2026-09-22";"Les nouveaux réservistes";"https://radiofrance.fr/franceculture/podcasts/les-pieds-sur-terre/les-nouveaux-reservistes-7883240"
"France Culture (FR)";"FR";"2026-09-22";"Héroïne, le temps des seringues";"https://radiofrance.fr/franceculture/podcasts/serie-heroine-le-temps-des-seringues"
"France Culture (FR)";"FR";"2026-09-22";"Même pas mort";"https://radiofrance.fr/franceculture/podcasts/serie-meme-pas-mort"
"France Culture (FR)";"FR";"2026-09-22";"""Les Eloignés"" de Sophie Maurer";"https://radiofrance.fr/franceculture/podcasts/serie-les-eloignes-de-sophie-maurer"
"France Culture (FR)";"FR";"2026-09-22";"Vie de chien";"https://radiofrance.fr/franceculture/podcasts/serie-vie-de-chien"
"France Culture (FR)";"FR";"2026-09-22";"Mes années Boum, une enquête algérienne";"https://radiofrance.fr/franceculture/podcasts/serie-mes-annees-boum-une-enquete-algerienne"
"France Culture (FR)";"FR";"2026-09-22";"Concert-fiction : Blanche-Neige & sortilèges";"https://radiofrance.fr/franceculture/podcasts/fictions-theatre-et-cie/concert-fiction-blanche-neige-sortileges-3143340"
"France Culture (FR)";"FR";"2026-09-22";"Le journal de ma vie";"https://radiofrance.fr/franceculture/podcasts/serie-le-journal-de-ma-vie"
"France Culture (FR)";"FR";"2026-09-22";"""L'Homme invisible"" de H. G. Wells";"https://radiofrance.fr/franceculture/podcasts/serie-l-homme-invisible-de-h-g-wells"
"France Culture (FR)";"FR";"2026-09-22";"""AfficheTonEx"" de Romain Weber et Constance Vilanova";"https://radiofrance.fr/franceculture/podcasts/serie-affichetonex-ecrit-par-romain-weber"
"France Culture (FR)";"FR";"2026-09-22";"Fureurs";"https://radiofrance.fr/franceculture/podcasts/serie-fureurs"
"France Culture (FR)";"FR";"2026-09-22";"Brouiller les identités avec Katie Kitamura";"https://radiofrance.fr/franceculture/podcasts/le-regard-culturel/le-regard-culturel-chronique-du-mardi-22-septembre-2026-9218487"
"France Culture (FR)";"FR";"2026-09-22";"De Meta à Snapchat : les lunettes vous regardent d'un mauvais oeil";"https://radiofrance.fr/franceculture/podcasts/un-monde-connecte/de-meta-a-snapchat-les-lunettes-vous-regardent-d-un-mauvais-oeil-3214470"
"France Culture (FR)";"FR";"2026-09-22";"Un monde connecté";"https://radiofrance.fr/franceculture/podcasts/planete-connectee"
"France Culture (FR)";"FR";"2026-09-22";"Un nouvel outil pour modifier plusieurs sites du génome à la fois";"https://radiofrance.fr/franceculture/podcasts/avec-sciences/un-nouvel-outil-pour-modifier-plusieurs-sites-du-genome-a-la-fois-4633722"
"France Culture (FR)";"FR";"2026-09-22";"Avec sciences";"https://radiofrance.fr/franceculture/podcasts/le-journal-des-sciences"
"France Culture (FR)";"FR";"2026-09-22";"Comment l'erreur reste-t-elle humaine ?";"https://radiofrance.fr/franceculture/podcasts/le-pourquoi-du-comment-philo/comment-l-erreur-reste-t-elle-humaine-5558875"
"France Culture (FR)";"FR";"2026-09-22";"Le Pourquoi du comment : philo";"https://radiofrance.fr/franceculture/podcasts/le-pourquoi-du-comment-philo"
"France Culture (FR)";"FR";"2026-09-22";"Du Canada aux États-Unis, la guerre contre les mégafeux";"https://radiofrance.fr/franceculture/podcasts/cultures-monde/du-canada-aux-etats-unis-la-guerre-contre-les-megafeux-9800232"
"France Culture (FR)";"FR";"2026-09-22";"Cultures Monde";"https://radiofrance.fr/franceculture/podcasts/cultures-monde"
"France Culture (FR)";"FR";"2026-09-22";"En Afrique du Sud, une série de meurtres de femmes provoque l’émoi et la colère";"https://radiofrance.fr/franceculture/podcasts/l-info-de-france-culture/en-afrique-du-sud-une-serie-de-meurtres-de-femmes-provoque-l-emoi-et-la-colere-1293091"
"France Culture (FR)";"FR";"2026-09-22";"L'Info de France Culture";"https://radiofrance.fr/franceculture/podcasts/l-info-de-france-culture"
"France Culture (FR)";"FR";"2026-09-22";"De nouvelles aides ciblées attendues sur la hausse des prix des carburants";"https://radiofrance.fr/franceculture/podcasts/journal-de-8-h/journal-de-8h-du-mardi-22-septembre-2026-7930531"
"France Culture (FR)";"FR";"2026-09-22";"Journal de 8 h";"https://radiofrance.fr/franceculture/podcasts/journal-de-8-h"
"France Culture (FR)";"FR";"2026-09-22";"Quelle vérité sort de la bouche des enfants ?";"https://radiofrance.fr/franceculture/podcasts/avec-philosophie/qu-est-ce-que-l-infantisme-8668056"
"France Culture (FR)";"FR";"2026-09-22";"François Iᵉʳ et Léon X, concordat sauce bolognaise";"https://radiofrance.fr/franceculture/podcasts/le-cours-de-l-histoire/francois-i-et-leon-x-concordat-sauce-bolognaise-5744040"
"France Culture (FR)";"FR";"2026-09-22";"Le Cours de l'histoire";"https://radiofrance.fr/franceculture/podcasts/le-cours-de-l-histoire"
"France Culture (FR)";"FR";"2026-09-22";"Regard d’une anthropologue sur les parcours de PMA";"https://radiofrance.fr/franceculture/podcasts/les-chantiers-de-la-recherche/enquete-sur-les-parcours-de-pma-9159162"
"France Culture (FR)";"FR";"2026-09-22";"Les Chantiers de la recherche";"https://radiofrance.fr/franceculture/podcasts/les-chantiers-de-la-recherche"
"France Culture (FR)";"FR";"2026-09-22";"L’appel domestique du sauvage";"https://radiofrance.fr/franceculture/podcasts/a-voix-nue/l-appel-domestique-du-sauvage-7906642"
"France Culture (FR)";"FR";"2026-09-22";"À voix nue";"https://radiofrance.fr/franceculture/podcasts/a-voix-nue"
"France Culture (FR)";"FR";"2026-09-22";"Indonésie, un archipel en feu";"https://radiofrance.fr/franceculture/podcasts/cultures-monde/indonesie-un-archipel-en-feu-9889258"
"France Culture (FR)";"FR";"2026-09-22";"Pour encourager l'action en faveur du climat, l'appel aux émotions est essentiel";"https://radiofrance.fr/franceculture/podcasts/avec-sciences/pour-encourager-l-action-en-faveur-du-climat-l-appel-aux-emotions-est-essentiel-1812975"
"France Culture (FR)";"FR";"2026-09-22";"Le pape a-t-il un parti ?";"https://radiofrance.fr/franceculture/podcasts/le-billet-politique/le-pape-a-t-il-un-parti-1365608"
"France Culture (FR)";"FR";"2026-09-22";"Le Billet politique";"https://radiofrance.fr/franceculture/podcasts/le-billet-politique"
"France Culture (FR)";"FR";"2026-09-22";"Les peintres écrivains 1/10 : Albrecht Dürer, 1ère partie";"https://radiofrance.fr/franceculture/podcasts/les-nuits-de-france-culture/les-peintres-ecrivains-1-10-albrecht-duerer-1ere-partie-1ere-diffusion-20-09-1976-5525421"
"France Culture (FR)";"FR";"2026-09-22";"Les Nuits de France Culture";"https://radiofrance.fr/franceculture/podcasts/les-nuits-de-france-culture"
"France Culture (FR)";"FR";"2026-09-22";"Toute une vie";"https://radiofrance.fr/franceculture/podcasts/toute-une-vie"
"France Culture (FR)";"FR";"2026-09-22";"La France, pays le plus visité par les papes";"https://radiofrance.fr/franceculture/podcasts/l-info-de-france-culture/la-france-pays-le-plus-visite-par-les-papes-9961590"
"ARTE (FR)";"FR";"2026-09-22";"Guide TV";"https://www.arte.tv/fr/guide/"
"ARTE (FR)";"FR";"2026-09-22";"[Vidéo/Article] La Derniere Heure";"https://www.arte.tv/fr/videos/RC-028079/la-derniere-heure/"
"ARTE (FR)";"FR";"2026-09-22";"En intégralitéLa dernière heureLa dernière heureUn huit-clos familialA peine arrivée dans son pays d’origine, Billie doit fuir. Elle a une heure pour percer ses secrets familiaux.Série";"https://www.arte.tv/fr/videos/RC-028079/la-derniere-heure/"
"ARTE (FR)";"FR";"2026-09-22";"Regarder";"https://www.arte.tv/fr/videos/RC-028079/la-derniere-heure/"
"ARTE (FR)";"FR";"2026-09-22";"Info";"https://www.arte.tv/fr/videos/info-et-societe/"
"ARTE (FR)";"FR";"2026-09-22";"Documentaires";"https://www.arte.tv/fr/videos/documentaires-et-reportages/"
"ARTE (FR)";"FR";"2026-09-22";"Séries";"https://www.arte.tv/fr/videos/series-et-fictions/"
"ARTE (FR)";"FR";"2026-09-22";"Émissions";"https://www.arte.tv/fr/videos/emissions/"
"ARTE (FR)";"FR";"2026-09-22";"[Vidéo/Article] Catherine Ringer Chante Les Rita Mitsouko";"https://www.arte.tv/fr/videos/135044-000-A/catherine-ringer-chante-les-rita-mitsouko/"
"ARTE (FR)";"FR";"2026-09-22";"Hommage à Catherine RingerSon concert à la Philharmonie de ParisHommage à la légende de la pop hexagonale disparue ce 14 septembre. Replongez dans l'univers des Rita Mitsouko, capté en 2019.101 minConcert";"https://www.arte.tv/fr/videos/135044-000-A/catherine-ringer-chante-les-rita-mitsouko/"
"ARTE (FR)";"FR";"2026-09-22";"Regarder";"https://www.arte.tv/fr/videos/135044-000-A/catherine-ringer-chante-les-rita-mitsouko/"
"ARTE (FR)";"FR";"2026-09-22";"Bande-annonce";"https://www.arte.tv/fr/videos/135044-000-A/?trailer=true"
"ARTE (FR)";"FR";"2026-09-22";"[Vidéo/Article] Raye Guests";"https://www.arte.tv/fr/videos/132676-000-A/raye-guests/"
"ARTE (FR)";"FR";"2026-09-22";"Raye & guestsAu Montreux Jazz Festival 2026À l'occasion de la 60e édition du Montreux Jazz Festival, Raye invite sur scène plusieurs stars internationales de la pop.115 minConcertSous-titres. Sous-titresVersion originale. Version originale";"https://www.arte.tv/fr/videos/132676-000-A/raye-guests/"
"ARTE (FR)";"FR";"2026-09-22";"Regarder";"https://www.arte.tv/fr/videos/132676-000-A/raye-guests/"
"ARTE (FR)";"FR";"2026-09-22";"Bande-annonce";"https://www.arte.tv/fr/videos/132676-000-A/?trailer=true"
"ARTE (FR)";"FR";"2026-09-22";"[Vidéo/Article] Yael Naim Orange Blossom et Robinson Khoury";"https://www.arte.tv/fr/videos/134165-001-A/yael-naim-orange-blossom-et-robinson-khoury/"
"ARTE (FR)";"FR";"2026-09-22";"Les Concerts VolantsNouvelle soirée tout en couleursYael Naim, Orange Blossom et Robinson Khoury : trois univers musicaux métissés pour ce voyage avec les Concerts Volants.127 minConcert";"https://www.arte.tv/fr/videos/134165-001-A/yael-naim-orange-blossom-et-robinson-khoury/"
"ARTE (FR)";"FR";"2026-09-22";"Regarder";"https://www.arte.tv/fr/videos/134165-001-A/yael-naim-orange-blossom-et-robinson-khoury/"
"ARTE (FR)";"FR";"2026-09-22";"[Vidéo/Article] De Grace";"https://www.arte.tv/fr/videos/RC-024574/de-grace/"
"ARTE (FR)";"FR";"2026-09-22";"De grâceAvec Olivier Gourmet et Panayotis PascotUne tragédie familiale dans l’univers des dockers du Havre. Avec Olivier Gourmet.Série";"https://www.arte.tv/fr/videos/RC-024574/de-grace/"
"ARTE (FR)";"FR";"2026-09-22";"Regarder";"https://www.arte.tv/fr/videos/RC-024574/de-grace/"
"ARTE (FR)";"FR";"2026-09-22";"Bande-annonce";"https://www.arte.tv/fr/videos/RC-024574/?trailer=true"
"ARTE (FR)";"FR";"2026-09-22";"[Vidéo/Article] Marguerite";"https://www.arte.tv/fr/videos/133232-004-A/marguerite/"
"ARTE (FR)";"FR";"2026-09-22";"MargueriteLa révélation pop au Cabaret VertRévélée par la Star Academy, Marguerite livre une performance mêlant sensibilité, franchise et espièglerie.52 minConcert";"https://www.arte.tv/fr/videos/133232-004-A/marguerite/"
"ARTE (FR)";"FR";"2026-09-22";"Regarder";"https://www.arte.tv/fr/videos/133232-004-A/marguerite/"
"ARTE (FR)";"FR";"2026-09-22";"[Vidéo/Article] Selah Sue and the Gallands";"https://www.arte.tv/fr/videos/133654-000-A/selah-sue-and-the-gallands/"
"ARTE (FR)";"FR";"2026-09-22";"Selah Sue and the GallandsSession en plein air au lac LémanPour sa 60e édition, le Montreux Jazz Festival dévoile une session live d’exception avec Selah Sue & The Gallands. 34 minConcert";"https://www.arte.tv/fr/videos/133654-000-A/selah-sue-and-the-gallands/"
"ARTE (FR)";"FR";"2026-09-22";"Regarder";"https://www.arte.tv/fr/videos/133654-000-A/selah-sue-and-the-gallands/"
"ARTE (FR)";"FR";"2026-09-22";"Votre prochaine série vous attend";"https://www.arte.tv/fr/videos/series-et-fictions/"
"ARTE (FR)";"FR";"2026-09-22";"Voir tout";"https://www.arte.tv/fr/videos/series-et-fictions/"
"ARTE (FR)";"FR";"2026-09-22";"Nos films à l'affiche";"https://www.arte.tv/fr/videos/cinema/"
"ARTE (FR)";"FR";"2026-09-22";"Voir tout";"https://www.arte.tv/fr/videos/cinema/"
"ARTE (FR)";"FR";"2026-09-22";"Les documentaires à ne pas manquer";"https://www.arte.tv/fr/videos/documentaires-et-reportages/"
"ARTE (FR)";"FR";"2026-09-22";"Voir tout";"https://www.arte.tv/fr/videos/documentaires-et-reportages/"
"ARTE (FR)";"FR";"2026-09-22";"Les expos de la rentrée";"https://www.arte.tv/fr/videos/RC-028320/les-expos-de-la-rentree/"
"ARTE (FR)";"FR";"2026-09-22";"Voir tout";"https://www.arte.tv/fr/videos/RC-028320/les-expos-de-la-rentree/"
"ARTE (FR)";"FR";"2026-09-22";"Culture";"https://www.arte.tv/fr/videos/culture-et-pop/"
"ARTE (FR)";"FR";"2026-09-22";"Voir tout";"https://www.arte.tv/fr/videos/culture-et-pop/"
"ARTE (FR)";"FR";"2026-09-22";"Nos émissions en un coup d'œil";"https://www.arte.tv/fr/videos/emissions/"
"ARTE (FR)";"FR";"2026-09-22";"Voir tout";"https://www.arte.tv/fr/videos/emissions/"
"ARTE (FR)";"FR";"2026-09-22";"Histoire";"https://www.arte.tv/fr/videos/histoire/"
"ARTE (FR)";"FR";"2026-09-22";"Voir tout";"https://www.arte.tv/fr/videos/histoire/"
"ARTE (FR)";"FR";"2026-09-22";"Sciences et technologies";"https://www.arte.tv/fr/videos/sciences/"
"ARTE (FR)";"FR";"2026-09-22";"Voir tout";"https://www.arte.tv/fr/videos/sciences/"
"ARTE (FR)";"FR";"2026-09-22";"Catastrophe - Une série british sur les affres du couple";"https://www.arte.tv/fr/videos/RC-027959/catastrophe/"
"ARTE (FR)";"FR";"2026-09-22";"Taxe-moi, si tu peux ! - Les astuces fiscales des super-riches";"https://www.arte.tv/fr/videos/RC-027810/taxe-moi-si-tu-peux/"
"Time Magazine World (EN)";"EN";"2026-09-22";"What Russia’s Parliamentary Election Results Mean for Putin and the War";"https://time.com/article/2026/09/21/what-russia-s-parliamentary-election-results-mean-for-putin-and-the-war/"
"Time Magazine World (EN)";"EN";"2026-09-22";"Can This Week's U.N. Gathering Cool Rising Tensions Between the U.S. and Iran?";"https://time.com/article/2026/09/21/trump-iran-war-united-nations-general-assembly/"
"Time Magazine World (EN)";"EN";"2026-09-22";"ICE Shooting of Immigrant in Texas Under Investigation: What to Know";"https://time.com/article/2026/09/21/ice-austin-texas-shooting-venezuela-immigrant-investigation/"
"Time Magazine World (EN)";"EN";"2026-09-22";"CNN, MS NOW, and Politico Sue Trump Administration Over White House Ban";"https://time.com/article/2026/09/21/cnn-ms-now-politico-to-sue-trump-administration-over-white-house-ban/"
"Time Magazine World (EN)";"EN";"2026-09-22";"Why K-Pop Took Off When C-Pop Didn’t";"https://time.com/article/2026/09/21/why-k-pop-took-off-when-c-pop-did-not/"
"Time Magazine World (EN)";"EN";"2026-09-22";"German Far-Right Surges in ‘Disaster’ State Elections for Chancellor Merz";"https://time.com/article/2026/09/21/german-far-right-expands-gains-in-disaster-to-chancellor-merz/"
"Time Magazine World (EN)";"EN";"2026-09-22";"We Need to Stop Talking Like Climate Change Is Partisan";"https://time.com/article/2026/09/21/we-need-to-stop-talking-like-climate-change-is-partisan/"
"Time Magazine World (EN)";"EN";"2026-09-22";"The 100 Most Influential People in Art of 2026";"https://time.com/collection/time100-art/2026/"
"Time Magazine World (EN)";"EN";"2026-09-22";"More Americans Are Eating Fruit—But Fewer Are Eating Vegetables";"https://time.com/article/2026/09/15/americans-eating-fruit-vegetables/"
"Time Magazine World (EN)";"EN";"2026-09-22";"How 'The Early Spring' Ends";"https://time.com/article/2026/09/08/breaking-down-the-ending-of-netflix-s-chinese-drama-the-early-spring/"
"Time Magazine World (EN)";"EN";"2026-09-22";"The Best Ways to Stop Yourself From Crying";"https://time.com/article/2026/09/16/how-to-stop-yourself-from-crying/"
"Time Magazine World (EN)";"EN";"2026-09-22";"Get Stronger With These 5 Movements";"https://time.com/article/2026/09/15/5-get-stronger-with-these-5-movements/"
"Time Magazine World (EN)";"EN";"2026-09-22";"Amy Sherald Would Rather Walk Away Than Water Down Her ArtAmy Sherald Would Rather Walk Away Than Water Down Her Art";"https://time.com/collection/time100-art/2026/amy-sherald/"
"Time Magazine World (EN)";"EN";"2026-09-22";"Joseph Gordon-Levitt";"https://time.com/collection/time100-ai/2026/joseph-gordon-levitt/"
"Time Magazine World (EN)";"EN";"2026-09-22";"The Politicization of ‘DEI’ Bike Lanes";"https://time.com/article/2026/09/16/the-politicization-of-dei-bike-lanes/"
"Time Magazine World (EN)";"EN";"2026-09-22";"How to Govern the Existential Risk of AI";"https://time.com/article/2026/09/17/how-to-govern-the-existential-risk-of-ai/"
"Time Magazine World (EN)";"EN";"2026-09-22";"Attacks Against Judges Are an Attack Against America’s Constitution";"https://time.com/article/2026/09/17/attacks-against-judges-are-an-attack-against-america-s-constitution/"
"Time Magazine World (EN)";"EN";"2026-09-22";"Why the U.S. Urgently Needs More Platelet Donors";"https://time.com/article/2026/09/17/why-the-us-urgently-needs-more-platelet-donors/"
"Time Magazine World (EN)";"EN";"2026-09-22";"TIME100 Art 2026";"https://time.com/collection/time100-art/2026/"
"Time Magazine World (EN)";"EN";"2026-09-22";"Why Older Americans Are Drinking More Alcohol—Not Less";"https://time.com/article/2026/09/21/why-older-americans-are-drinking-more-alcohol-not-less/"
"Time Magazine World (EN)";"EN";"2026-09-22";"RSV Vaccines Are Highly Effective in Older Adults";"https://time.com/article/2026/09/21/rsv-vaccines-are-highly-effective-in-older-adults/"
"Time Magazine World (EN)";"EN";"2026-09-22";"Can ‘Pink Noise’ Help You Sleep Better?";"https://time.com/article/2026/09/21/can-pink-noise-improve-your-sleep/"
"Time Magazine World (EN)";"EN";"2026-09-22";"Your Shoe Size Can Change as You Age. Here's Why";"https://time.com/article/2026/09/18/your-shoe-size-can-change-as-you-age/"
"Time Magazine World (EN)";"EN";"2026-09-22";"South Korea Set to Approve Abortion Pills Next Year";"https://time.com/article/2026/09/18/south-korea-abortion-pill-mifepristone-misoprostol/"
"Time Magazine World (EN)";"EN";"2026-09-22";"A Genetic Mutation May Help Explain Lung Cancer in Nonsmokers";"https://time.com/article/2026/09/17/genetic-mutation-lung-cancer-nonsmokers/"
"Time Magazine World (EN)";"EN";"2026-09-22";"Having Health Insurance Doesn’t Prevent Medical Debt";"https://time.com/article/2026/09/17/having-health-insurance-doesnt-prevent-medical-debt/"
"Time Magazine World (EN)";"EN";"2026-09-22";"'Monster: The Lizzie Borden Story' Disappoints";"https://time.com/article/2026/09/18/monster-lizzie-borden-review/"
"Time Magazine World (EN)";"EN";"2026-09-22";"Resident Evil Is a Fleet, Entertaining Reboot";"https://time.com/article/2026/09/18/resident-evil-review/"
"Time Magazine World (EN)";"EN";"2026-09-22";"Review: The History of Concrete";"https://time.com/article/2026/09/15/the-history-of-concrete-review-john-wilson/"
"Time Magazine World (EN)";"EN";"2026-09-22";"Breaking Down the Ending of 'The Scandal'";"https://time.com/article/2026/09/18/breaking-down-the-ending-of-the-scandal/"
"Time Magazine World (EN)";"EN";"2026-09-22";"Breaking Down the Brutal Ending of 'Resident Evil'";"https://time.com/article/2026/09/16/resident-evil-zach-cregger-ending-explained/"
"Time Magazine World (EN)";"EN";"2026-09-22";"Inside 'Best of the Best'";"https://time.com/article/2026/09/16/best-of-the-best-netflix-hasan-minhaj-maitreyi-ramakrishnan/"
"Time Magazine World (EN)";"EN";"2026-09-22";"Sharon Horgan's 'Youth': TV Review";"https://time.com/article/2026/09/11/youth-review-sharon-horgan-hbo/"
"Time Magazine World (EN)";"EN";"2026-09-22";"Americans Are Increasingly Worried About AI's Environmental Impact";"https://time.com/article/2026/09/16/majority-americans-worried-ai-environment-impact/"
"Time Magazine World (EN)";"EN";"2026-09-22";"Why AI Makes Customer Service Worse, And What Companies Can Do To Fix It";"https://time.com/article/2026/09/16/why-ai-makes-customer-service-worse-and-what-companies-can-do-to-fix-it/"
"Time Magazine World (EN)";"EN";"2026-09-22";"TIME100 AI Honorees Speak to Perils and Promise of the Technology";"https://time.com/article/2026/09/14/ai-impact-dinner-toasts-joseph-gordon-levitt/"
"Time Magazine World (EN)";"EN";"2026-09-22";"Panelists Discuss AI’s Potential Impacts, for Better or Worse, on the Economy";"https://time.com/article/2026/09/14/ai-impact-dinner-panel-intelligent-economy/"
"Time Magazine World (EN)";"EN";"2026-09-22";"What Is Actually New About the AI Revolution?";"https://time.com/article/2026/09/14/what-is-actually-new-about-the-ai-revolution-/"
"Time Magazine World (EN)";"EN";"2026-09-22";"AI Should Be a Wake-Up Call For Universities";"https://time.com/article/2026/09/10/ai-should-be-a-wake-up-call-for-universities/"
"Time Magazine World (EN)";"EN";"2026-09-22";"In Europe, Today's Children Will Live Through More Fire Weather Than Their Grandparents";"https://time.com/article/2026/09/21/children-europe-extreme-fire-weather-climate-future/"
"Time Magazine World (EN)";"EN";"2026-09-22";"The Earthshot Prize Is Embracing the Idea of Positive Tipping Points";"https://time.com/article/2026/09/18/earthshot-prize-finalists-2026-tipping-points/"
"Time Magazine World (EN)";"EN";"2026-09-22";"What Science Says About the Health Impact of Carbon Pollution";"https://time.com/article/2026/09/15/trump-power-plant-emissions-climate-health-impact/"
"Time Magazine World (EN)";"EN";"2026-09-22";"The U.S. Is Having One of Its Most Active Wildfire Seasons. Here’s How the Costs Are Adding Up";"https://time.com/article/2026/09/12/the-u-s-is-on-track-for-a-record-wildfire-season-here-s-what-it-could-cost-americans/"
"Time Magazine World (EN)";"EN";"2026-09-22";"Will Africa's Next Growth Story Start on the Farm?";"https://time.com/article/2026/09/11/future-africa-farming-sustainability/"
"Time Magazine World (EN)";"EN";"2026-09-22";"What El Niño Means for Fall and Winter Weather";"https://time.com/article/2026/09/11/el-nino-fall-winter-weather-us/"
"Icilome (FR)";"FR";"2026-09-22";"Togo- Invité à Lomé pour un « accord de paix », le rebelle tchadien Luc Beyam finit en garde à vue pour dette d’hôtel";"https://icilome.com/2026/09/togo-invite-a-lome-pour-un-accord-de-paix-le-rebelle-tchadien-luc-beyam-finit-en-garde-a-vue-pour-dette-dhotel/"
"Icilome (FR)";"FR";"2026-09-22";"Togo Debout USA porte la situation politique et les préoccupations de la diaspora à Washington";"https://icilome.com/2026/09/togo-debout-usa-porte-la-situation-politique-et-les-preoccupations-de-la-diaspora-a-washington/"
"Icilome (FR)";"FR";"2026-09-22";"Togo / Scandale au Ministère du Tourisme: Les Secrets bien gardés d’un Hold-up en bande organisée";"https://icilome.com/2026/09/togo-scandale-au-ministere-du-tourisme-les-secrets-bien-gardes-dun-hold-up-en-bande-organisee/"
"Icilome (FR)";"FR";"2026-09-22";"Edito | Au Togo ou en Guinée, le journalisme : un parcours du combattant";"https://icilome.com/2026/09/au-togo-ou-en-guinee-le-journalisme-un-parcours-du-combattant/"
"Icilome (FR)";"FR";"2026-09-22";"Togo- Roger Folikoué : « La démocratie est le sursaut du pluriel contre l’irrésistible tentation de l’un »";"https://icilome.com/2026/09/togo-roger-folikoue-la-democratie-est-le-sursaut-du-pluriel-contre-lirresistible-tentation-de-lun/"
"Icilome (FR)";"FR";"2026-09-22";"Togo- Biologie médicale : La qualité des diagnostics passe aussi par les équipements et les normes";"https://icilome.com/2026/09/togo-biologie-medicale-la-qualite-des-diagnostics-passe-aussi-par-les-equipements-et-les-normes/"
"Icilome (FR)";"FR";"2026-09-22";"Quelle démocratie pour l’Afrique aujourd’hui ?";"https://icilome.com/2026/09/quelle-democratie-pour-lafrique-aujourdhui/"
"Icilome (FR)";"FR";"2026-09-22";"Togo- Hausse des prix du carburant : Deux Togolais s’affrontent, le virtuel et le réel";"https://icilome.com/2026/09/togo-hausse-des-prix-du-carburant-deux-togolais-saffrontent-le-virtuel-et-le-reel/"
"Icilome (FR)";"FR";"2026-09-22";"Abdoul Aziz Goma, le «good samaritan» mis à l´honneur par Freedom Now";"https://icilome.com/2026/09/abdoul-aziz-goma-le-good-samaritan-mis-a-lhonneur-par-freedom-now/"
"Icilome (FR)";"FR";"2026-09-22";"Rentrée scolaire sur fond de la hausse du prix du carburant : Un pouvoir INSENSIBLE";"https://icilome.com/2026/09/rentree-scolaire-sur-fond-de-la-hausse-du-prix-du-carburant-un-pouvoir-insensible/"
"Icilome (FR)";"FR";"2026-09-22";"Togo – Hausse du prix du carburant : La DMK appelle à une mobilisation pacifique";"https://icilome.com/2026/09/togo-hausse-du-prix-du-carburant-la-dmk-appelle-a-une-mobilisation-pacifique/"
"Icilome (FR)";"FR";"2026-09-22";"Pendant que des tonnes de riz Kovié pourrissent dans les magasins, le gouvernement commercialise du riz japonais";"https://icilome.com/2026/09/pendant-que-des-tonnes-de-riz-kovie-pourrissent-dans-les-magasins-le-gouvernement-commercialise-du-riz-japonais/"
"Icilome (FR)";"FR";"2026-09-22";"La campagne contemporaine « Correct the Map » n’est pas née au Togo";"https://icilome.com/2026/09/la-campagne-contemporaine-correct-the-map-nest-pas-nee-au-togo/"
"Icilome (FR)";"FR";"2026-09-22";"Togo – Noces de cristal du SYNJIT : hommage aux pionniers et cap sur l’avenir";"https://icilome.com/2026/09/togo-noces-de-cristal-du-synjit-hommage-aux-pionniers-et-cap-sur-lavenir/"
"Icilome (FR)";"FR";"2026-09-22";"Togo – SYNJIT : 15 ans d’engagement syndical, un webinaire pour remobiliser les journalistes togolais";"https://icilome.com/2026/08/togo-synjit-15-ans-dengagement-syndical-un-webinaire-pour-remobiliser-les-journalistes-togolais/"
"Icilome (FR)";"FR";"2026-09-22";"Édito- Au Togo, on n’arrête plus les voleurs, on arrête les vendeurs de journaux";"https://icilome.com/2026/08/edito-au-togo-on-narrete-plus-les-voleurs-on-arrete-les-vendeurs-de-journaux/"
"Icilome (FR)";"FR";"2026-09-22";"Togo- Le PPT dénonce une « caporalisation » de la presse après l’interpellation musclée d’un vendeur de journaux";"https://icilome.com/2026/08/togo-le-ppt-denonce-une-caporalisation-de-la-presse-apres-linterpellation-musclee-dun-vendeur-de-journaux/"
"Icilome (FR)";"FR";"2026-09-22";"Oration On Liberty! Addressed to the People and Governors of Togo";"https://icilome.com/2026/07/oration-on-liberty-addressed-to-the-people-and-governors-of-togo/"
"Icilome (FR)";"FR";"2026-09-22";"Togo- Le SYNJIT prépare ses 15 ans avec de nouvelles cartes de membres";"https://icilome.com/2026/07/togo-le-synjit-prepare-ses-15-ans-avec-de-nouvelles-cartes-de-membres/"
"Icilome (FR)";"FR";"2026-09-22";"Video: Abdoul Aziz Goma Addresses the UN on Repression in Togo";"https://icilome.com/2026/03/video-abdoul-aziz-goma-addresses-the-un-on-repression-in-togo/"
"Icilome (FR)";"FR";"2026-09-22";"Togo – Enquête, pressions et refus de l’exil : le message fort de Roger Amemavoh (Vidéo)";"https://icilome.com/2026/02/togo-enquete-pressions-et-refus-de-lexil-le-message-fort-de-roger-amemavor-video/"
"Icilome (FR)";"FR";"2026-09-22";"Bénin : Le président Talon s’adresse à la nation après la tentative de coup d’État (vidéo)";"https://icilome.com/2025/12/benin-le-president-talon-sadresse-a-la-nation-apres-la-tentative-de-coup-detat-video/"
"Icilome (FR)";"FR";"2026-09-22";"Yves Edoh Agbodjan, alias Togbevi Kpéssé précise les objectifs de la délégation du M66 à New York (Interview)";"https://icilome.com/2025/09/yves-edoh-agbodjan-alias-togbevi-kpesse-precise-les-objectifs-de-la-delegation-du-m66-a-new-york-interview/"
"Icilome (FR)";"FR";"2026-09-22";"Vidéo – Le MO5 rejoint l’appel à la mobilisation du 30 août au Togo";"https://icilome.com/2025/08/video-le-mo5-rejoint-lappel-a-la-mobilisation-du-30-aout-au-togo/"
"Icilome (FR)";"FR";"2026-09-22";"« QNET n’est pas une agence de voyage » : Cherif Saar veut distinguer la marque des arnaques qui l’usurpent";"https://icilome.com/2026/09/qnet-nest-pas-une-agence-de-voyage-cherif-saar-veut-distinguer-la-marque-des-arnaques-qui-lusurpent/"
"Icilome (FR)";"FR";"2026-09-22";"Togo- Classement Lloyd’s List 2026 : le Port de Lomé grimpe au 91ᵉ rang mondial";"https://icilome.com/2026/09/togo-classement-lloyds-list-2026-le-port-de-lome-grimpe-au-91%e1%b5%89-rang-mondial/"
"Icilome (FR)";"FR";"2026-09-22";"ABM-TOGO : Quatre ans d’actions, des acquis et des chantiers à poursuivre";"https://icilome.com/2026/09/abm-togo-quatre-ans-dactions-des-acquis-et-des-chantiers-a-poursuivre/"
"Icilome (FR)";"FR";"2026-09-22";"« Le peuple ne mange pas les notations » : Oligui Nguema dans le concret, Faure Gnassingbé dans les chiffres fabriqués";"https://icilome.com/2026/09/le-peuple-ne-mange-pas-les-notations-oligui-nguema-dans-le-concret-faure-gnassingbe-dans-les-chiffres-fabriques/"
"Icilome (FR)";"FR";"2026-09-22";"Au Togo, la télédermatologie s’impose comme une réponse au déficit de dermatologues";"https://icilome.com/2026/09/au-togo-la-teledermatologie-simpose-comme-une-reponse-au-deficit-de-dermatologues/"
"Icilome (FR)";"FR";"2026-09-22";"Togo – Nouvelle flambée des prix du carburant, la colère des consommateurs monte";"https://icilome.com/2026/09/togo-nouvelle-flambee-des-prix-du-carburant-la-colere-des-consommateurs-monte/"
"Icilome (FR)";"FR";"2026-09-22";"Tribune | Changement de Constitution au Togo – une énormité historique devenue une jurisprudence et un cas d’école";"https://icilome.com/2026/09/tribune-changement-de-constitution-au-togo-une-enormite-historique-devenue-une-jurisprudence-et-un-cas-decole/"
"Icilome (FR)";"FR";"2026-09-22";"« La seule voie pacifique » : l’appel de Nathaniel Olympio au Togo";"https://icilome.com/2026/09/la-seule-voie-pacifique-lappel-de-nathaniel-olympio-au-togo/"
"Icilome (FR)";"FR";"2026-09-22";"À Paris, la création togolaise s’invite à ArtTrip grâce à Kokou Ekouagou";"https://icilome.com/2026/09/a-paris-la-creation-togolaise-sinvite-a-arttrip-grace-a-kokou-ekouagou/"
"Icilome (FR)";"FR";"2026-09-22";"Togo – La HARC convoque les créateurs de contenu, quels enjeux derrière cette réunion ?";"https://icilome.com/2026/09/togo-la-harc-convoque-les-createurs-de-contenu-quels-enjeux-derriere-cette-reunion/"
"Icilome (FR)";"FR";"2026-09-22";"Togo- Jean-Pierre Fabre: « Le gouvernement doit cesser de faire payer aux togolais le prix de son incapacité »";"https://icilome.com/2026/09/togo-jean-pierre-fabre-le-gouvernement-doit-cesser-de-faire-payer-aux-togolais-le-prix-de-son-incapacite/"
"Icilome (FR)";"FR";"2026-09-22";"La politique de l´autruche d´un Faure Gnassingbé aux antipodes des réalités politiques de son pays.";"https://icilome.com/2026/09/la-politique-de-lautruche-dun-faure-gnassingbe-aux-antipodes-des-realites-politiques-de-son-pays/"
"Icilome (FR)";"FR";"2026-09-22";"Au Togo, Le Trompe-l’œil de la nouvelle Constitution";"https://icilome.com/2026/09/au-togo-le-trompe-loeil-de-la-nouvelle-constitution/"
"Icilome (FR)";"FR";"2026-09-22";"Togo- Tribune : « On ne soigne pas à la tête du client »";"https://icilome.com/2026/09/togo-tribune-on-ne-soigne-pas-a-la-tete-du-client/"
"Icilome (FR)";"FR";"2026-09-22";"Togo – Hausse du prix du carburant : le MMLK demande la baisse des frais de péage";"https://icilome.com/2026/09/togo-hausse-du-prix-du-carburant-le-mmlk-demande-la-baisse-des-frais-de-peage/"
"Icilome (FR)";"FR";"2026-09-22";"QNET lève le voile sur son catalogue produits, loin des clichés sur la vente pyramidale";"https://icilome.com/2026/09/qnet-leve-le-voile-sur-son-catalogue-produits-loin-des-cliches-sur-la-vente-pyramidale/"
"Icilome (FR)";"FR";"2026-09-22";"V-Convention : À Penang, QNET célèbre 28 ans de vente directe devant des milliers de distributeurs";"https://icilome.com/2026/09/v-convention-a-penang-qnet-celebre-28-ans-de-vente-directe-devant-des-milliers-de-distributeurs/"
"Icilome (FR)";"FR";"2026-09-22";"Même Messi abandonne l’Argentine : Et FAURE ?";"https://icilome.com/2026/09/meme-messi-abandonne-largentine-et-faure/"
"Icilome (FR)";"FR";"2026-09-22";"Résolution de l’ONU sur les cartes du monde : au Togo, l’ANC dénonce une « manœuvre de diversion »";"https://icilome.com/2026/09/resolution-de-lonu-sur-les-cartes-du-monde-au-togo-lanc-denonce-une-manoeuvre-de-diversion/"
"Icilome (FR)";"FR";"2026-09-22";"Rentrée scolaire 2026-2027 : le gouvernement reconduit et renforce le dispositif « Rentrée scolaire sûre »";"https://icilome.com/2026/09/rentree-scolaire-2026-2027-le-gouvernement-reconduit-et-renforce-le-dispositif-rentree-scolaire-sure/"
"Icilome (FR)";"FR";"2026-09-22";"TRIBUNE | Éducation au Togo : le plaidoyer de Helly GBENE pour une école pilotée par la donnée";"https://icilome.com/2026/09/tribune-education-au-togo-le-plaidoyer-de-helly-gbene-pour-une-ecole-pilotee-par-la-donnee/"
"Icilome (FR)";"FR";"2026-09-22";"Hausse du carburant au Togo : l’opposition dénonce une « asphyxie financière » des ménages";"https://icilome.com/2026/09/hausse-du-carburant-au-togo-lopposition-denonce-une-asphyxie-financiere-des-menages/"
"Icilome (FR)";"FR";"2026-09-22";"QNET ouvre les portes de son siège à des journalistes africains, en Malaisie";"https://icilome.com/2026/09/face-aux-accusations-qnet-ouvre-les-portes-de-son-siege-a-des-journalistes-africains-en-malaisie/"
"Icilome (FR)";"FR";"2026-09-22";"Togo- Pollution plastique : ZDP-Togo entre en action sur le littoral de Lomé";"https://icilome.com/2026/09/togo-pollution-plastique-zdp-togo-entre-en-action-sur-le-littoral-de-lome/"
"Icilome (FR)";"FR";"2026-09-22";"Nucléaire : le Togo se positionne, Lomé accueillera le sommet africain NEISA en 2027";"https://icilome.com/2026/09/nucleaire-le-togo-se-positionne-lome-accueillera-le-sommet-africain-neisa-en-2027/"
"Icilome (FR)";"FR";"2026-09-22";"Énergie : pourquoi le nucléaire pourrait changer l’avenir énergétique de l’Afrique et du Togo";"https://icilome.com/2026/09/energie-pourquoi-le-nucleaire-pourrait-changer-lavenir-energetique-de-lafrique-et-du-togo/"
"Icilome (FR)";"FR";"2026-09-22";"Méchanceté gratuite à la Plage";"https://icilome.com/2026/09/mechancete-gratuite-a-la-plage/"
"Icilome (FR)";"FR";"2026-09-22";"Togo – Cyberescroquerie : trois suspects interpellés à Afagnan";"https://icilome.com/2026/09/togo-cyberescroquerie-trois-suspects-interpelles-a-afagnan/"
"Icilome (FR)";"FR";"2026-09-22";"Togo : les prix des produits pétroliers repartent à la hausse";"https://icilome.com/2026/09/togo-les-prix-des-produits-petroliers-repartent-a-la-hausse/"
"Icilome (FR)";"FR";"2026-09-22";"Togo- Jean-Pierre Fabre veut « rendre au peuple la Constitution qu’on lui a volée »";"https://icilome.com/2026/09/togo-jean-pierre-fabre-veut-rendre-au-peuple-la-constitution-quon-lui-a-volee/"
"Icilome (FR)";"FR";"2026-09-22";"Les artistes togolais annoncent des sit-in en octobre";"https://icilome.com/2026/09/les-artistes-togolais-annoncent-des-sit-in-en-octobre/"
"Icilome (FR)";"FR";"2026-09-22";"Togo – Journaliste enlevé et violenté à Guérin-Kouka : le PPT interpelle les autorités";"https://icilome.com/2026/09/togo-journaliste-enleve-et-violente-a-guerin-kouka-le-ppt-interpelle-les-autorites/"
"Icilome (FR)";"FR";"2026-09-22";"Togo- Biologie médicale : Du laboratoire aux politiques de santé, les professionnels veulent franchir un cap";"https://icilome.com/2026/09/togo-biologie-medicale-du-laboratoire-aux-politiques-de-sante-les-professionnels-veulent-franchir-un-cap/"
"Icilome (FR)";"FR";"2026-09-22";"Yas Hackathon 2026 : 48 heures pour faire émerger les talents numériques de demain";"https://icilome.com/2026/09/yas-hackathon-2026-48-heures-pour-faire-emerger-les-talents-numeriques-de-demain/"
"Icilome (FR)";"FR";"2026-09-22";"Togo : un journaliste de Tampa Express enlevé et séquestré à Guérin-Kouka, le SYNJIT dénonce un « acte de gangstérisme »";"https://icilome.com/2026/09/togo-un-journaliste-de-tampa-express-enleve-et-sequestre-a-guerin-kouka-le-synjit-denonce-un-acte-de-gangsterisme/"
"Icilome (FR)";"FR";"2026-09-22";"Togo- La liberté de la presse en question, la souveraineté numérique en construction Spécial";"https://icilome.com/2026/09/togo-la-liberte-de-la-presse-en-question-la-souverainete-numerique-en-construction-special/"
"Icilome (FR)";"FR";"2026-09-22";"Togo / « Les routes de l’impossible »: Et si le vrai problème n’était pas le visa, mais ce que les caméras allaient montrer?";"https://icilome.com/2026/09/togo-les-routes-de-limpossible-et-si-le-vrai-probleme-netait-pas-le-visa-mais-ce-que-les-cameras-allaient-montrer/"
"Icilome (FR)";"FR";"2026-09-22";"Togo- Port, OTR et SOTOPLA faciliteraient-ils le vol des voitures à Lomé ?";"https://icilome.com/2026/09/togo-port-otr-et-sotopla-faciliteraient-elles-le-vol-des-voitures-a-lome/"
"Icilome (FR)";"FR";"2026-09-22";"Togo- Enquêtes sur la pauvreté : les Togolais végètent dans la misère, le gouvernement s’intéresse aux chiffres";"https://icilome.com/2026/09/togo-enquetes-sur-la-pauvrete-les-togolais-vegetent-dans-la-misere-le-gouvernement-sinteresse-aux-chiffres/"
"Icilome (FR)";"FR";"2026-09-22";"Togo- Compte rendu du Conseil des ministres Lomé, 7 septembre 2026";"https://icilome.com/2026/09/togo-compte-rendu-du-conseil-des-ministres-lome-7-septembre-2026/"
"Icilome (FR)";"FR";"2026-09-22";"Le Togo intensifie la lutte contre les faux médicaments";"https://icilome.com/2026/09/le-togo-intensifie-la-lutte-contre-les-faux-medicaments/"
"Icilome (FR)";"FR";"2026-09-22";"Faure Gnassingbé à Londres pour accélérer le développement du nucléaire civil";"https://icilome.com/2026/09/faure-gnassingbe-a-londres-pour-accelerer-le-developpement-du-nucleaire-civil/"
"Icilome (FR)";"FR";"2026-09-22";"Nuisances sonores : le défi de faire respecter le calme";"https://icilome.com/2026/09/nuisances-sonores-le-defi-de-faire-respecter-le-calme/"
"Icilome (FR)";"FR";"2026-09-22";"Rapport 2026 Institut V-Dem sur l’état de la démocratie : Togo parmi les pays très actifs dans le recul";"https://icilome.com/2026/09/rapport-2026-institut-v-dem-sur-letat-de-la-democratie-togo-parmi-les-pays-tres-actifs-dans-le-recul/"
"Icilome (FR)";"FR";"2026-09-22";"CIIE 2026 : le CETEF lance un appel à candidature pour sélectionner les exposants togolais";"https://icilome.com/2026/09/ciie-2026-le-cetef-lance-un-appel-a-candidature-pour-selectionner-les-exposants-togolais/"
"Icilome (FR)";"FR";"2026-09-22";"Togo – L’arrêt de la CEDEAO vu par l’ancien ministre malien de la Justice Ismaïla Konaté";"https://icilome.com/2026/09/togo-larret-de-la-cedeao-vu-par-lancien-ministre-malien-de-la-justice-ismaila-konate/"
"Icilome (FR)";"FR";"2026-09-22";"Niger – Les institutions fonctionnent et le pays reste concentré sur sa stabilité malgré tout";"https://icilome.com/2026/09/niger-les-institutions-fonctionnent-et-le-pays-reste-concentre-sur-sa-stabilite-malgre-tout/"
"Togo First (FR)";"FR";"2026-09-22";"Togo : la dette publique ""baisse"" à 60,2 % du PIB à fin juin 2026";"https://www.togofirst.com/fr/gouvernance-economique/2109-20125-togo-la-dette-publique-baisse-a-60-2-du-pib-a-fin-juin-2026"
"Togo First (FR)";"FR";"2026-09-22";"FirstBank DRC rejoint le projet de digitalisation des recettes de TRANSCO";"https://www.togofirst.com/fr/formation/2209-20131-firstbank-drc-rejoint-le-projet-de-digitalisation-des-recettes-de-transco"
"Togo First (FR)";"FR";"2026-09-22";"Formation professionnelle : le Togo mise sur le secteur privé et le numérique pour améliorer l’employabilité";"https://www.togofirst.com/fr/formation/2209-20129-formation-professionnelle-le-togo-mise-sur-le-secteur-prive-et-le-numerique-pour-ameliorer-l-employabilite"
"Togo First (FR)";"FR";"2026-09-22";"Togo : plus de 35 000 tonnes de mangues produites en 2025, pour seulement 15 % exportés";"https://www.togofirst.com/fr/agro/2109-20122-togo-plus-de-35-000-tonnes-de-mangues-produites-en-2025-pour-seulement-15-exportes"
"Togo First (FR)";"FR";"2026-09-22";"Togo : le gouvernement lance un appel d’offres pour 5200 équipements de comptage intelligent";"https://www.togofirst.com/fr/energies/2109-20121-togo-le-gouvernement-lance-un-appel-d-offres-pour-5200-equipements-de-comptage-intelligent"
"Togo First (FR)";"FR";"2026-09-22";"Eau potable : 305 forages livrés dans les Plateaux grâce à la coopération sino-togolaise";"https://www.togofirst.com/fr/social/2109-20120-eau-potable-305-forages-livres-dans-les-plateaux-grace-a-la-cooperation-sino-togolaise"
"Togo First (FR)";"FR";"2026-09-22";"Médias : le gouvernement rappelle l’obligation d’accès gratuit aux services audiovisuels publics";"https://www.togofirst.com/fr/culture/2109-20119-medias-le-gouvernement-rappelle-l-obligation-d-acces-gratuit-aux-services-audiovisuels-publics"
"Togo First (FR)";"FR";"2026-09-22";"Yedau OGOUNDELE, directrice générale d’AFINHAB, ex- CRRH-UEMOA";"https://www.togofirst.com/fr/trombinoscope/1909-20112-yedau-ogoundele-directrice-generale-d-afinhab-ex-crrh-uemoa"
"Togo First (FR)";"FR";"2026-09-22";"Ekpao ADJABO, Directeur Général du Trésor et de la Comptabilité Publique du Togo";"https://www.togofirst.com/fr/trombinoscope/1909-20111-ekpao-adjabo-directeur-general-du-tresor-et-de-la-comptabilite-publique-du-togo"
"Togo First (FR)";"FR";"2026-09-22";"Dr Isdine LAOUROU, Directeur général, UbiPharm Togo";"https://www.togofirst.com/fr/trombinoscope/1909-20110-dr-isdine-laourou-directeur-general-ubipharm-togo"
"Togo First (FR)";"FR";"2026-09-22";"Gregory COSTAMAGNA, Cofondateur, Gozem Super App";"https://www.togofirst.com/fr/trombinoscope/1909-20109-gregory-costamagna-cofondateur-gozem-super-app"
"Togo First (FR)";"FR";"2026-09-22";"« Nous voulons bâtir une marque laitière africaine à partir du wangash togolais », Assaba Akouétévi, promotrice de ROSHTA Wangash";"https://www.togofirst.com/fr/agro/1909-20108-nous-voulons-batir-une-marque-laitiere-africaine-a-partir-du-wangash-togolais-assaba-akouetevi-promotrice-de-roshta-wangash"
"Togo First (FR)";"FR";"2026-09-22";"Togo : la CCI-Togo lance la formation de femmes aux métiers du transport";"https://www.togofirst.com/fr/gouvernance-economique/1809-20107-togo-la-cci-togo-lance-la-formation-de-femmes-aux-metiers-du-transport"
"Togo First (FR)";"FR";"2026-09-22";"Togo : l’exécutif appelle les banques à renforcer leur soutien à l’agriculture et aux TPME";"https://www.togofirst.com/fr/gouvernance-economique/1809-20100-togo-l-executif-appelle-les-banques-a-renforcer-leur-soutien-a-l-agriculture-et-aux-tpme"
"Togo First (FR)";"FR";"2026-09-22";"21è Foire internationale de Lomé : l’Inde sera le pays invité d’honneur";"https://www.togofirst.com/fr/gouvernance-economique/1809-20097-21e-foire-internationale-de-lome-l-inde-sera-le-pays-invite-d-honneur"
"Togo First (FR)";"FR";"2026-09-22";"Togo : le budget vert passe de l’expérimentation à un cadre obligatoire";"https://www.togofirst.com/fr/finances-publiques/1809-20096-togo-le-budget-vert-passe-de-l-experimentation-a-un-cadre-obligatoire"
"Togo First (FR)";"FR";"2026-09-22";"ASKY et Ethiopian Airlines préparent un centre de maintenance d’avions de 100 millions $ à Lomé";"https://www.togofirst.com/fr/transport/1809-20095-asky-et-ethiopian-airlines-preparent-un-centre-de-maintenance-d-avions-de-100-millions-a-lome"
"Togo First (FR)";"FR";"2026-09-22";"Togo : plus de 3000 enseignants définitivement admis au concours de recrutement 2026";"https://www.togofirst.com/fr/education/1809-20094-togo-plus-de-3000-enseignants-definitivement-admis-au-concours-de-recrutement-2026"
"Togo First (FR)";"FR";"2026-09-22";"Salim Tebonou (HORI) : « J'ai dû démissionner moi-même de la structure que j'avais créée pour repartir de zéro »";"https://www.togofirst.com/fr/gouvernance-economique/0208-19767-salim-tebonou-hori-jai-du-demissionner-moi-meme-de-la-structure-que-javais-creee-pour-repartir-de-zero"
"Togo First (FR)";"FR";"2026-09-22";"FIL 2026 : 70 % de réduction sur les stands pour les femmes et jeunes entrepreneurs";"https://www.togofirst.com/fr/gouvernance-economique/2707-19692-fil-2026-70-de-reduction-sur-les-stands-pour-les-femmes-et-jeunes-entrepreneurs"
"Togo First (FR)";"FR";"2026-09-22";"Togo : plus de 8000 entreprises créées en six mois, un rebond après deux années de recul";"https://www.togofirst.com/fr/gouvernance-economique/0707-19479-togo-plus-de-8000-entreprises-creees-en-six-mois-un-rebond-apres-deux-annees-de-recul"
"Togo First (FR)";"FR";"2026-09-22";"Togo : à Di-Kéti, la certification s'impose comme un levier de croissance pour les TPME";"https://www.togofirst.com/fr/gouvernance-economique/0407-19449-togo-a-di-keti-la-certification-simpose-comme-un-levier-de-croissance-pour-les-tpme"
"Togo First (FR)";"FR";"2026-09-22";"Togo : un fonds de 655 millions FCFA pour financer l’installation des diplômés de l’IFAD-Aquaculture";"https://www.togofirst.com/en/gouvernance-economique/0406-19143-togo-un-fonds-de-655-millions-fcfa-pour-financer-l-installation-des-diplomes-de-l-ifad-aquaculture"
"Togo First (FR)";"FR";"2026-09-22";"Togo : après la hausse du prix du carburant, le gouvernement baisse les tarifs de péage";"https://www.togofirst.com/fr/transport/0207-19428-togo-apres-la-hausse-du-prix-du-carburant-le-gouvernement-baisse-les-tarifs-de-peage"
"Togo First (FR)";"FR";"2026-09-22";"Togo : les résultats des examens désormais accessibles gratuitement via le Web, WhatsApp et Telegram";"https://www.togofirst.com/fr/education/0806-19171-togo-les-resultats-des-examens-desormais-accessibles-gratuitement-via-le-web-whatsapp-et-telegram"
"Togo First (FR)";"FR";"2026-09-22";"Le Togolais Kodjo Akpatigbe prend la tête de Deloitte au Togo et au Bénin";"https://www.togofirst.com/fr/finance/0207-19423-le-togolais-kodjo-akpatigbe-prend-la-tete-de-deloitte-au-togo-et-au-benin"
"Togo First (FR)";"FR";"2026-09-22";"Gouvernance et financement du secteur routier : le Togo crée l’AGEROUTE et la SONAFIR";"https://www.togofirst.com/fr/transport/2906-19371-gouvernance-et-financement-du-secteur-routier-le-togo-cree-l-ageroute-et-la-sonafir"
"Togo First (FR)";"FR";"2026-09-22";"Lancement d’une mission d’élaboration des normes de certification pour les entreprises de BTP";"https://www.togofirst.com/"
"Togo First (FR)";"FR";"2026-09-22";"Logement : à Kpomé-Dalavé, Adedze annonce le passage du programme des 20 000 unités à sa phase opérationnelle";"https://www.togofirst.com/fr/gouvernance-economique/1206-19219-logement-a-kpome-dalave-adedze-annonce-le-passage-du-programme-des-20-000-unites-a-sa-phase-operationnelle"
"Togo First (FR)";"FR";"2026-09-22";"Togo : pour une fonction publique plus performante, le gouvernement entend mettre en place un plan national";"https://www.togofirst.com/"
"Togo First (FR)";"FR";"2026-09-22";"Restauration des terres : la FAO lance un appel à projets pour des subventions pouvant atteindre 50 000 $";"https://www.togofirst.com/fr/agro/1506-19233-restauration-des-terres-la-fao-lance-un-appel-a-projets-pour-des-subventions-pouvant-atteindre-50-000"
"Togo First (FR)";"FR";"2026-09-22";"Togo : l'OTR lance e-TPU pour déclarer et payer la TPU en ligne";"https://www.togofirst.com/fr/gouvernance-economique/1709-20085-togo-lotr-lance-e-tpu-pour-declarer-et-payer-la-tpu-en-ligne"
"Togo First (FR)";"FR";"2026-09-22";"Togo : le Patronat lance un programme d’immersion professionnelle pour 600 jeunes";"https://www.togofirst.com/fr/gouvernance-economique/1709-20084-togo-le-patronat-lance-un-programme-d-immersion-professionnelle-pour-600-jeunes"
"Togo First (FR)";"FR";"2026-09-22";"Leadership politique : 323 femmes formées au Togo depuis 2020";"https://www.togofirst.com/fr/politique/1609-20081-leadership-politique-323-femmes-formees-au-togo-depuis-2020"
"Togo First (FR)";"FR";"2026-09-22";"Classement mondial 2026 : le Port de Lomé gagne une place et s’adjuge le 91è rang";"https://www.togofirst.com/fr/logistique/1609-20080-classement-mondial-2026-le-port-de-lome-gagne-une-place-et-s-adjuge-le-91e-rang"
"Togo First (FR)";"FR";"2026-09-22";"Togo : la masse salariale atteint 181 milliards FCFA à fin juin 2026, soit 48,5% des prévisions annuelles";"https://www.togofirst.com/fr/finances-publiques/1609-20077-togo-la-masse-salariale-atteint-181-milliards-fcfa-a-fin-juin-2026-soit-48-5-des-previsions-annuelles"
"Togo First (FR)";"FR";"2026-09-22";"Togo : chercheurs et entreprises veulent mieux valoriser les résultats de la recherche";"https://www.togofirst.com/fr/gouvernance-economique/1609-20073-togo-chercheurs-et-entreprises-cherchent-a-mieux-valoriser-les-resultats-de-la-recherche"
"Togo First (FR)";"FR";"2026-09-22";"IPDCP : ""Derrière la protection des données à caractère personnel, il y a non seulement un enjeu de souveraineté numérique, mais aussi un enjeu de confiance""";"https://www.togofirst.com/fr/tic/1609-20072-ipdcp-derriere-la-protection-des-donnees-a-caractere-personnel-il-y-a-non-seulement-un-enjeu-de-souverainete-numerique-mais-aussi-un-enjeu-de-confiance"
"Togo First (FR)";"FR";"2026-09-22";"Agriculture : météo, prix, intrants, le SIHAM veut faciliter l’accès des producteurs à l’information";"https://www.togofirst.com/fr/agro/1609-20071-agriculture-meteo-prix-intrants-le-siham-veut-faciliter-l-acces-des-producteurs-a-l-information"
"Togo First (FR)";"FR";"2026-09-22";"Couverture sanitaire universelle : Lomé réunit 16 pays africains autour du diagnostic";"https://www.togofirst.com/fr/sante/1609-20070-couverture-sanitaire-universelle-lome-reunit-16-pays-africains-autour-du-diagnostic"
"Togo First (FR)";"FR";"2026-09-22";"Enseignement supérieur : Moscou veut renforcer sa coopération avec les universités togolaises";"https://www.togofirst.com/fr/formation/1509-20066-enseignement-superieur-moscou-veut-renforcer-sa-cooperation-avec-les-universites-togolaises"
"Togo First (FR)";"FR";"2026-09-22";"Togo : après les étudiants, la SOTRAL prépare l’extension du paiement digital des tickets";"https://www.togofirst.com/fr/transport/1509-20065-togo-apres-les-etudiants-la-sotral-prepare-l-extension-du-paiement-digital-des-tickets"
"Togo First (FR)";"FR";"2026-09-22";"Le Togo et ses voisins organisent le retour volontaire des réfugiés burkinabè";"https://www.togofirst.com/fr/social/1509-20062-le-togo-et-ses-voisins-organisent-le-retour-volontaire-des-refugies-burkinabe"
"Togo First (FR)";"FR";"2026-09-22";"Togo : à Togodo, les investissements du WACA ouvrent la voie à l’écotourisme";"https://www.togofirst.com/fr/agro/1509-20060-togo-a-togodo-les-investissements-du-waca-ouvrent-la-voie-a-l-ecotourisme"
"Togo First (FR)";"FR";"2026-09-22";"Au Togo, l’Université de Datcha ouvre ses premières formations et lance le recrutement des étudiants";"https://www.togofirst.com/fr/formation/1509-20059-au-togo-l-universite-de-datcha-ouvre-ses-premieres-formations-et-lance-le-recrutement-des-etudiantsau-togo-l-universite-de-datcha-situee-a-environ-130-km-au-nord-de-lome-franchit-une-nouvelle-etape-avant-l-ouverture-de-"
"Togo First (FR)";"FR";"2026-09-22";"Mobilité électrique : Spiro s’allie au chinois Yadea pour accélérer son expansion";"https://www.togofirst.com/fr/transport/1509-20058-mobilite-electrique-spiro-s-allie-au-chinois-yadea-pour-accelerer-son-expansion"
"Togo First (FR)";"FR";"2026-09-22";"Exportations agricoles : au Togo, le cacao dope les recettes avant le retournement de 2026";"https://www.togofirst.com/fr/agro/1409-20055-exportations-agricoles-au-togo-le-cacao-dope-les-recettes-avant-le-retournement-de-2026"
"Togo First (FR)";"FR";"2026-09-22";"Togo : 2,9 millions d’élèves retrouvent les classes, avec de nouvelles réformes";"https://www.togofirst.com/fr/education/1409-20053-togo-2-9-millions-d-eleves-retrouvent-les-classes-avec-de-nouvelles-reformes"
"Togo First (FR)";"FR";"2026-09-22";"Téléradiologie : la startup togolaise Clinicaa présente X-rayVision";"https://www.togofirst.com/fr/sante/1409-20051-teleradiologie-la-startup-togolaise-clinicaa-presente-x-rayvision"
"Togo First (FR)";"FR";"2026-09-22";"AMU : de nouveaux bureaux de proximité installés dans le Grand Lomé";"https://www.togofirst.com/fr/social/1409-20048-amu-de-nouveaux-bureaux-de-proximite-installes-dans-le-grand-lome"
"Togo First (FR)";"FR";"2026-09-22";"Le Togolais Palokinam Pitché prend la tête de l’Organisation ouest-africaine de la santé";"https://www.togofirst.com/fr/sante/1409-20046-le-togolais-palokinam-pitche-prend-la-tete-de-l-organisation-ouest-africaine-de-la-sante"
"Togo First (FR)";"FR";"2026-09-22";"Togo : les entreprises se préparent au passage à la facture électronique certifiée";"https://www.togofirst.com/fr/gouvernance-economique/1409-20045-togo-les-entreprises-se-preparent-au-passage-a-la-facture-electronique-certifiee"
"Togo First (FR)";"FR";"2026-09-22";"Togo-Égypte : une nouvelle ambassadrice pour accélérer les relations économiques entre Lomé et Le Caire";"https://www.togofirst.com/fr/politique/1409-20044-togo-egypte-une-nouvelle-ambassadrice-pour-accelerer-les-relations-economiques-entre-lome-et-le-caire"
"Togo First (FR)";"FR";"2026-09-22";"« Le temps de l’improvisation administrative est définitivement révolu », Yawo Agbessi Tsogbe, président du GNEBTP";"https://www.togofirst.com/fr/btp/1209-20039-le-temps-de-l-improvisation-administrative-est-definitivement-revolu-yawo-agbessi-tsogbe-president-du-gnebtp"
"Togo First (FR)";"FR";"2026-09-22";"À l’Université de Lomé, l’apprentissage des langues étrangères s’élargit dès la rentrée 2026-2027";"https://www.togofirst.com/fr/education/1109-20035-a-l-universite-de-lome-l-apprentissage-des-langues-etrangeres-s-elargit-des-la-rentree-2026-2027"
"Togo First (FR)";"FR";"2026-09-22";"Togo : les recettes fiscales atteignent 507 milliards FCFA à fin juin 2026 en hausse de 14,3%";"https://www.togofirst.com/fr/finances-publiques/1109-20032-togo-les-recettes-fiscales-atteignent-507-milliards-fcfa-a-fin-juin-2026-en-hausse-de-14-3"
"Togo First (FR)";"FR";"2026-09-22";"Le Togo renforce la surveillance de sa sécurité aéroportuaire avec l’appui de l’OACI";"https://www.togofirst.com/fr/transport/1109-20029-le-togo-renforce-la-surveillance-de-sa-securite-aeroportuaire-avec-l-appui-de-l-oaci"
"L'Alternative (TG)";"FR";"2026-09-22";"Accueil";"https://lalternative.info/"
"L'Alternative (TG)";"FR";"2026-09-22";"A propos";"https://lalternative.info/about-us/"
"L'Alternative (TG)";"FR";"2026-09-22";"Abonnement";"https://lalternative.info/abonnez-vous-a-votre-journal/"
"L'Alternative (TG)";"FR";"2026-09-22";"Togo- Primature, ministère des Enseignements, brigade pour mineurs, CNDH passifs sur...";"https://lalternative.info/2024/09/14/togo-primature-ministere-des-enseignements-brigade-pour-mineurs-cndh-passifs-sur-le-viol-sur-une-petite-fille-a-lecole-la-madone/"
"L'Alternative (TG)";"FR";"2026-09-22";"Togo- Kao Baobadi, l’architecte de l’immeuble défectueux de la LONATO, ses...";"https://lalternative.info/2024/05/15/togo-kao-baobadi-larchitecte-de-limmeuble-defectueux-de-la-lonato-ses-deux-appartements-a-dubai/"
"L'Alternative (TG)";"FR";"2026-09-22";"Un appartement d’Yvonne Bawizibadi Gnassingbé à Dubaï au cœur d’une lutte...";"https://lalternative.info/2024/05/17/un-appartement-dyvonne-bawizibadi-gnassingbe-a-dubai-au-coeur-dune-lutte-de-succession/"
"L'Alternative (TG)";"FR";"2026-09-22";"Togo- Vague d’arrestations en cours au sein des FAT";"https://lalternative.info/2024/07/16/togo-vague-darrestations-en-cours-au-sein-des-fat/"
"L'Alternative (TG)";"FR";"2026-09-22";"Togo- Vote de moins de 50 députés, procurations fabriquées au nom...";"https://lalternative.info/2024/03/31/togo-vote-de-moins-de-50-deputes-procurations-fabriquees-au-nom-des-absents-voici-comment-le-coup-detat-constitutionnel-sest-passe-lundi/"
"L'Alternative (TG)";"FR";"2026-09-22";"Togo-La CEET installe un groupe de 14 millions chez la ministre...";"https://lalternative.info/2024/03/15/togo-la-ceet-installe-un-groupe-de-14-millions-chez-la-ministre-de-lenergie-et-des-mines/"
"L'Alternative (TG)";"FR";"2026-09-22";"Togo- Football : Qui est Nibombé Daré, le nouveau sélectionneur des Eperviers ?";"https://lalternative.info/2024/07/15/togo-football-qui-est-nibombe-dare-le-nouveau-selectionneur-des-eperviers/"
"L'Alternative (TG)";"FR";"2026-09-22";"Togo- Justice : Mandat d’arrêt international contre le Cdt Olivier Amah...";"https://lalternative.info/2024/08/07/togo-justice-mandat-darret-international-contre-le-cdt-olivier-amah-et-le-journaliste-ferdinand-ayite/"
"L'Alternative (TG)";"FR";"2026-09-22";"Togo- CEET: Voici les 3 étapes pour mettre à jour son...";"https://lalternative.info/2024/06/27/togo-ceet-voici-les-3-etapes-pour-mettre-a-jour-son-compteur-cash-power/"
"L'Alternative (TG)";"FR";"2026-09-22";"Togo- Arrestations à Kara : incertitude sur le sort du capitaine...";"https://lalternative.info/2024/07/23/togo-arrestations-a-kara-incertitude-sur-le-sort-du-capitaine-dare-kondi-photo/"
"L'Alternative (TG)";"FR";"2026-09-22";"Togo- Kpendjal : Inhumation sans hommage des militaires tombés au front";"https://lalternative.info/2024/07/29/togo-kpendjal-inhumation-sans-hommage-des-militaires-tombes-au-front/"
"L'Alternative (TG)";"FR";"2026-09-22";"NOUS SOUTENIR";"/donate"
"L'Alternative (TG)";"FR";"2026-09-22";"À propos";"https://lalternative.info/about-us/"
"L'Alternative (TG)";"FR";"2026-09-22";"Faire un don";"https://lalternative.info/donate/"
"L'Alternative (TG)";"FR";"2026-09-22";"Abonnez-vous à votre journal";"https://lalternative.info/abonnez-vous-a-votre-journal/"
"L'Alternative (TG)";"FR";"2026-09-22";"Journal L'alternative";"https://lalternative.info/author/lalternative24/"
"L'Alternative (TG)";"FR";"2026-09-22";"Togo- Journaliste kidnappé, torturé puis jeté dans la brousse… à qui profite le crime ?";"https://lalternative.info/2026/09/09/togo-journaliste-kidnappe-torture-puis-jete-dans-la-brousse-a-qui-profite-le-crime/"
"L'Alternative (TG)";"FR";"2026-09-22";"Diplomatie : deux français arrêtés au Togo, Faure Gnassingbé veut l’extradition de Ferdinand AYITE contre leur libération";"https://lalternative.info/2026/08/18/diplomatie-deux-francais-arretes-au-togo-faure-gnassingbe-veut-lextradition-de-ferdinand-ayite-contre-leur-liberation/"
"L'Alternative (TG)";"FR";"2026-09-22";"Mahama décide de consulter le peuple pour la révision constitutionnelle";"https://lalternative.info/2026/08/16/mahama-decide-de-consulter-le-peuple-pour-la-revision-constitutionnelle/"
"L'Alternative (TG)";"FR";"2026-09-22";"Togo- Tribune : La Cour de justice de la CEDEAO face à un pouvoir qui s’entête à ne jamais avoir tort";"https://lalternative.info/2026/08/10/togo-tribune-la-cour-de-justice-de-la-cedeao-face-a-un-pouvoir-qui-sentete-a-ne-jamais-avoir-tort/"
"L'Alternative (TG)";"FR";"2026-09-22";"La révision constitutionnelle ravive les tensions politiques";"https://lalternative.info/2026/08/08/la-revision-constitutionnelle-ravive-les-tensions-politiques/"
"L'Alternative (TG)";"FR";"2026-09-22";"Togo-Tribune : Moscou tisse sa toile à Lomé";"https://lalternative.info/2026/07/30/togo-tribune-moscou-tisse-sa-toile-a-lome/"
"L'Alternative (TG)";"FR";"2026-09-22";"Des douaniers en détention pour trafic de drogue";"https://lalternative.info/2026/09/20/des-douaniers-en-detention-pour-trafic-de-drogue/"
"L'Alternative (TG)";"FR";"2026-09-22";"Togo- Tribune : « On ne soigne pas à la tête du client »";"https://lalternative.info/2026/09/12/togo-tribune-on-ne-soigne-pas-a-la-tete-du-client/"
"L'Alternative (TG)";"FR";"2026-09-22";"Togo- Tribune : Nous voulons savoir ce que vous reprochez à Fred Vedomey";"https://lalternative.info/2026/08/28/togo-tribune-nous-voulons-savoir-ce-que-vous-reprochez-a-fred-vedomey/"
"L'Alternative (TG)";"FR";"2026-09-22";"TRIBUNE- Coupe du monde 2026 : Pourquoi les sélections africaines s’effondrent en fin de match";"https://lalternative.info/2026/07/05/tribune-coupe-du-monde-2026-pourquoi-les-selections-africaines-seffondrent-en-fin-de-match/"
"L'Alternative (TG)";"FR";"2026-09-22";"Togo- Les dirigeants africains en chantiers, Faure Gnassingbé fête la correction du « Map »";"https://lalternative.info/2026/09/13/togo-quand-les-dirigeants-africains-sont-sur-les-chantiers-faure-gnassingbe-fete-la-correction-du-map/"
"L'Alternative (TG)";"FR";"2026-09-22";"Togo- Une augmentation de 137 F CFA sur le litre du super sans plomb en 3 mois";"https://lalternative.info/2026/09/11/togo-une-augmentation-de-137-f-cfa-sur-le-litre-du-super-sans-plomb-en-3-mois/"
"L'Alternative (TG)";"FR";"2026-09-22";"« Le peuple ne mange pas les notations » : Oligui Nguema dans le concret, Faure Gnassingbé dans les chiffres fabriqués";"https://lalternative.info/2026/09/10/le-peuple-ne-mange-pas-les-notations-oligui-nguema-dans-le-concret-faure-gnassingbe-dans-les-chiffres-fabriques/"
"L'Alternative (TG)";"FR";"2026-09-22";"Togo- Enquêtes sur la pauvreté : les Togolais végètent dans la misère, le gouvernement s’intéresse aux chiffres";"https://lalternative.info/2026/09/08/togo-enquetes-sur-la-pauvrete-les-togolais-vegetent-dans-la-misere-le-gouvernement-sinteresse-aux-chiffres/"
"L'Alternative (TG)";"FR";"2026-09-22";"Togo- Hausse des prix du carburant : Deux Togolais s’affrontent, le virtuel et le réel";"https://lalternative.info/2026/09/16/togo-hausse-des-prix-du-carburant-deux-togolais-saffrontent-le-virtuel-et-le-reel/"
"L'Alternative (TG)";"FR";"2026-09-22";"Togo- OTR : Éric Amouzou Folly le mari d’une des inspectrices, arrêté";"https://lalternative.info/2026/09/07/togo-otr-eric-amouzou-folly-le-mari-dune-des-inspectrices-arrete/"
"L'Alternative (TG)";"FR";"2026-09-22";"Togo- Encore un scandale à l’OTR : des cadres de la DGI en garde à vue à la DCPJ";"https://lalternative.info/2026/09/06/togo-encore-un-scandale-a-lotr-des-cadres-de-la-dgi-en-garde-a-vue-a-la-dcpj/"
"L'Alternative (TG)";"FR";"2026-09-22";"Offre d’emploi/L’ALTERNATIVE";"https://lalternative.info/2024/03/07/offre-demploi-lalternative/"
"L'Alternative (TG)";"FR";"2026-09-22";"Togo- Des partis politiques et OSC apportent leur soutien à Ferdinand Ayité et autres activistes en danger";"https://lalternative.info/2026/09/03/togo-des-partis-politiques-et-osc-apportent-leur-soutien-a-ferdinand-ayite-et-autres-activistes-en-danger/"
"L'Alternative (TG)";"FR";"2026-09-22";"Isidore kouwonou";"https://lalternative.info/author/ksisdore/"
"L'Alternative (TG)";"FR";"2026-09-22";"L'Alternative";"https://lalternative.info/author/equipeedito/"
"L'Alternative (TG)";"FR";"2026-09-22";"La CCJA condamne définitivement l’UTB à verser plus de 2,5 milliards de FCFA à TMI";"https://lalternative.info/2026/07/22/la-ccja-condamne-definitivement-lutb-a-verser-plus-de-25-milliards-de-fcfa-a-tmi/"
"L'Alternative (TG)";"FR";"2026-09-22";"Togo- Scandale à l’OTR : Donko Bileyo et Klouvi Dedegan inculpées par le doyen des juges";"https://lalternative.info/2026/05/17/togo-scandale-a-lotr-donko-bileyo-et-klouvi-dedegan-inculpees-par-le-doyen-des-juges/"
"L'Alternative (TG)";"FR";"2026-09-22";"Togo- OTR : Donko Bileyo virée, plainte contre Ferdinand Ayité retirée";"https://lalternative.info/2026/04/19/togo-otr-donko-bileyo-viree-plainte-contre-ferdinand-ayite-retiree/"
"L'Alternative (TG)";"FR";"2026-09-22";"Togo- OTR : le CENTIF saisit le procureur, le doyen des juges d’instruction ouvre une enquête, un autre compte de 530 millions découverts à NSIA";"https://lalternative.info/2026/04/05/togo-otr-le-centif-saisit-le-procureur-le-doyen-des-juges-dinstruction-ouvre-une-enquete-un-autre-compte-de-530-millions-decouverts-a-nsia/"
"L'Alternative (TG)";"FR";"2026-09-22";"John Mahama offre des billets de la Coupe du monde à la diaspora ghanéenne";"https://lalternative.info/2026/06/01/john-mahama-offre-des-billets-de-la-coupe-du-monde-a-la-diaspora-ghaneenne/"
"L'Alternative (TG)";"FR";"2026-09-22";"View all posts";"https://lalternative.info/author/lalternative24/"
"L'Alternative (TG)";"FR";"2026-09-22";"Facebook";"https://www.facebook.com/sharer/sharer.php?u=https://lalternative.info/"
"L'Alternative (TG)";"FR";"2026-09-22";"Twitter";"https://twitter.com/intent/tweet?text=Check%20out%20this%20article:%20Accueil%20-%20https://lalternative.info/"
"L'Alternative (TG)";"FR";"2026-09-22";"Pinterest";"https://www.pinterest.com/pin/create/button/?url=https%3A%2F%2Flalternative.info%2F&description=Accueil"
"L'Alternative (TG)";"FR";"2026-09-22";"Whatsapp";"https://api.whatsapp.com/send?text=Accueil %0A%0A https%3A%2F%2Flalternative.info%2F"
"L'Alternative (TG)";"FR";"2026-09-22";"Telegram";"https://telegram.me/share/url?url=https%3A%2F%2Flalternative.info%2F&text=Accueil"
"L'Alternative (TG)";"FR";"2026-09-22";"Email";"mailto:?subject=Accueil&BODY=https://lalternative.info/"
"L'Alternative (TG)";"FR";"2026-09-22";"À propos";"/about-us"
"L'Alternative (TG)";"FR";"2026-09-22";"Politique de confidentialité";"/privacy-policy"
"L'Alternative (TG)";"FR";"2026-09-22";"Conditions d'utilisation";"/conditions-dutilisation"
"L'Alternative (TG)";"FR";"2026-09-22";"Règlementation européenne";"https://lalternative.info/reglementation-europeenneeu/"
"L'Alternative (TG)";"FR";"2026-09-22";"Facebook";"https://www.facebook.com/profile.php?id=61556605160366"
"L'Alternative (TG)";"FR";"2026-09-22";"Twitter";"https://twitter.com/lalternative_of"
"L'Alternative (TG)";"FR";"2026-09-22";"Instagram";"https://www.instagram.com/lalternative_of/"
"L'Alternative (TG)";"FR";"2026-09-22";"Youtube";"https://www.youtube.com/channel/UCk6JMYUcGDarZYNb-mPPLPA"
"L'Alternative (TG)";"FR";"2026-09-22";"Gérer les options";"#"
"L'Alternative (TG)";"FR";"2026-09-22";"Gérer les services";"#"
"L'Alternative (TG)";"FR";"2026-09-22";"Gérer {vendor_count} fournisseurs";"#"
"L'Alternative (TG)";"FR";"2026-09-22";"En savoir plus sur ces finalités";"https://cookiedatabase.org/tcf/purposes/"
"L'Alternative (TG)";"FR";"2026-09-22";"Voir les préférences";"#"
"L'Alternative (TG)";"FR";"2026-09-22";"{title}";"#"
"L'Alternative (TG)";"FR";"2026-09-22";"Queue";"#"
"L'Alternative (TG)";"FR";"2026-09-22";"Flash plugin";"http://get.adobe.com/flashplayer/"
"Laabali (TG)";"FR";"2026-09-22";"Africa-Newsroom";"https://laabali.com/africa-newsroom/"
"Laabali (TG)";"FR";"2026-09-22";"...";"#"
"Laabali (TG)";"FR";"2026-09-22";"Inspection de Tone 2: Les populations apportent leurs contributions";"https://laabali.com/post/15567/inspection-de-tone-2-les-populations-apportent-leurs-contributions/ "
"Laabali (TG)";"FR";"2026-09-22";"« Mais aujourd'hui, est-ce que nous sommes à la fin du terrorisme ? Personne ne saurait dire oui, parce que c'est une guerre asymétrique », Lorimpo Tchabli, Président du Mouvement en Marche";"https://laabali.com/post/15563/mais-aujourdhui-est-ce-que-nous-sommes-a-la-fin-du-terrorisme-personne-ne-saurait-dire-oui-parce-que-cest-une-guerre-asymetrique-lorimpo-tchabli-president-du-mouvement-en/ "
"Laabali (TG)";"FR";"2026-09-22";"Harmonisations terminologiques dans les langues Moba et Gulmancema : Pr Kantchoa Laré mobilise les personnes ressources";"https://laabali.com/post/15556/harmonisations-terminologiques-dans-les-langues-moba-et-gulmancema-pr-kantchoa-lare-mobilise-les-personnes-ressources/ "
"Laabali (TG)";"FR";"2026-09-22";"La Fédération nationale des maisons familiales de formation rurale du Togo lance un appel à projet de Construction de 50 poulaillers traditionnels améliorés au profit des bénéficiaires de l’IFAD Elevage Barkoissi et 30 poulaillers améliorés au profit des bénéficiaires de la FMFRT";"https://laabali.com/post/15553/la-federation-nationale-des-maisons-familiales-de-formation-rurale-du-togo-lance-un-appel-a-projet-de-construction-de-50-poulaillers-traditionnels-ameliores-au-profit-des-beneficiaires-de-lif/ "
"Laabali (TG)";"FR";"2026-09-22";"La Fédération nationale des maisons familiales de formation rurale du Togo lance un appel à projet de Construction de 50 poulaillers traditionnels améliorés au profit des bénéficiaires de l’IFAD Elevage Barkoissi et 30 poulaillers améliorés au profit des bénéficiaires de la FMFRT";"https://laabali.com/?p=15553"
"Laabali (TG)";"FR";"2026-09-22";"Enfants en situation de handicap: Aphmoto soutient en kits scolaires à Dapaong";"https://laabali.com/?p=15515"
"Laabali (TG)";"FR";"2026-09-22";"Ponio : 30 femmes formées aux activités génératrices de revenus";"https://laabali.com/?p=15505"
"Laabali (TG)";"FR";"2026-09-22";"Accès à l’eau potable : Lancement d’un projet d’adduction d’eau et d’assainissement à Tidjoate-Lambounte";"https://laabali.com/?p=15461"
"Laabali (TG)";"FR";"2026-09-22";"Violences basées sur le genre : AFE sensibilise les communautés à Cinkassé";"https://laabali.com/?p=15384"
"Laabali (TG)";"FR";"2026-09-22";"INADES-Formation : 4 sites maraichers/champs écoles remis aux Scoops dans les savanes";"https://laabali.com/?p=15139"
"Laabali (TG)";"FR";"2026-09-22";"JII 2026 : Dans les Savanes, les infirmiers célébrés pour leur résilience";"https://laabali.com/?p=15103"
"Laabali (TG)";"FR";"2026-09-22";"Dapaong : A2FHV-S sensibilise des acteurs du bâtiment à l’accessibilité des infrastructures publiques";"https://laabali.com/?p=15076"
"Laabali (TG)";"FR";"2026-09-22";"Nadjoundi: ""Les droits de femmes ne donnent pas droit aux femmes de frapper leurs maris""";"https://laabali.com/?p=14881"
"Laabali (TG)";"FR";"2026-09-22";"Yark Damehamme: L’insubmersible général qui murmure aux oreilles de Faure Gnassimgbé";"https://laabali.com/?p=14271"
"Laabali (TG)";"FR";"2026-09-22";"Dapaong : les défis de l’assainissement toujours présents !";"https://laabali.com/?p=13413"
"Laabali (TG)";"FR";"2026-09-22";"Accès à l’eau potable : L’ONG MECAP cultive l’espoir pour la fin de la soif dans les Savanes";"https://laabali.com/?p=13297"
"Laabali (TG)";"FR";"2026-09-22";"Sanloaga (Togo): «Ils enlèvent nos jeunes garçons pour en faire des combattants» 15057 vues";"
                                        https://laabali.com/post/6306/sanloaga-togo-ils-enlevent-nous-jeunes-garcons-pour-en-faire-des-combattants/                                        
                                        "
"Laabali (TG)";"FR";"2026-09-22";"Dapaong: Ouverture du 1e Forum des producteurs agricoles (FOPAT) 13858 vues";"
                                        https://laabali.com/post/6477/dapaong-ouverture-du-1e-forum-des-producteurs-agricoles-fopat/                                        
                                        "
"Laabali (TG)";"FR";"2026-09-22";"TGI/Dapaong: Le départ du président et son équipe fait des mécontents 12876 vues";"
                                        https://laabali.com/post/192/tgi-dapaong-le-depart-du-president-et-son-equipe-fait-des-mecontents/                                        
                                        "
"Laabali (TG)";"FR";"2026-09-22";"Savanes: Les FAT repoussent une attaque, deux assaillants neutralisés 7383 vues";"
                                        https://laabali.com/post/5663/savanes-les-fat-repoussent-une-attaque-deux-assaillants-neutralises/                                        
                                        "
"Laabali (TG)";"FR";"2026-09-22";"Contre le terrorisme: Le Togo fait appel à ses anciens soldats 4303 vues";"
                                        https://laabali.com/post/6743/contre-le-terrorisme-le-togo-fait-appel-a-ses-anciens-soldats/                                        
                                        "
"Laabali (TG)";"FR";"2026-09-22";"Le Maire Monoka Laré et la commune de Tandjouaré 1";"https://laabali.com/post/12171/monoka-lare/"
"Laabali (TG)";"FR";"2026-09-22";"par Edouard Samboe";"#"
"Laabali (TG)";"FR";"2026-09-22";"Suka ou l'art divinatoire: Foi ou culture moba ?";"https://laabali.com/post/12078/suka-ou-lart-divinatoire-foi-ou-culture-moba/"
"Laabali (TG)";"FR";"2026-09-22";"Togo/Education: Diagnostic d'un secteur en panne de repères";"https://laabali.com/post/6749/togo-education-diagnostic-dun-secteur-en-pannes-de-reperes/"
"Laabali (TG)";"FR";"2026-09-22";"Contre le terrorisme: Le Togo fait appel à ses anciens soldats";"https://laabali.com/post/6743/contre-le-terrorisme-le-togo-fait-appel-a-ses-anciens-soldats/"
"Laabali (TG)";"FR";"2026-09-22";"«Le pouvoir doit faire en sorte qu'il y ait moins de frustrations sur les plans politiques et économiques», Pr David Dosseh, OSC";"https://laabali.com/post/6688/le-pouvoir-doit-faire-en-sorte-quil-y-ait-moins-de-frustrations-sur-les-plans-politiques-et-economiques-pr-david-dosseh-osc/"
"Laabali (TG)";"FR";"2026-09-22";"FOPAT: A Dapaong , les producteurs veulent des usines de transformations de tomates";"https://laabali.com/post/6533/fopat-a-dapaong-les-producteurs-veulent-des-usines-de-transformations-de-tomates/"
"Laabali (TG)";"FR";"2026-09-22";"Dapaong: Ouverture du 1e Forum des producteurs agricoles (FOPAT)";"https://laabali.com/post/6477/dapaong-ouverture-du-1e-forum-des-producteurs-agricoles-fopat/"
"Laabali (TG)";"FR";"2026-09-22";"Frontière Burkina-Togo: Le durcissement des mesures sécuritaires impacte Kompienga";"https://laabali.com/post/6464/frontiere-burkina-togo-le-durcissement-des-mesures-securitaires-impacte-kompienga/"
"Laabali (TG)";"FR";"2026-09-22";"Sanloaga (Togo): «Ils enlèvent nos jeunes garçons pour en faire des combattants» 15057 vues";" https://laabali.com/post/6306/sanloaga-togo-ils-enlevent-nous-jeunes-garcons-pour-en-faire-des-combattants/ "
"Laabali (TG)";"FR";"2026-09-22";"Dapaong: Ouverture du 1e Forum des producteurs agricoles (FOPAT) 13858 vues";" https://laabali.com/post/6477/dapaong-ouverture-du-1e-forum-des-producteurs-agricoles-fopat/ "
"Laabali (TG)";"FR";"2026-09-22";"TGI/Dapaong: Le départ du président et son équipe fait des mécontents 12876 vues";" https://laabali.com/post/192/tgi-dapaong-le-depart-du-president-et-son-equipe-fait-des-mecontents/ "
"Laabali (TG)";"FR";"2026-09-22";"CrEaT";""
"Fraternité Matin (CI)";"FR";"2026-09-22";"Contre-terrorisme : le CNDH plaide pour une sécurité respectueuse des droits humains";"https://www.fratmat.info/article/2644680/societe/contre-terrorisme-le-cndh-plaide-pour-une-securite-respectueuse-des-droits-humains"
"Fraternité Matin (CI)";"FR";"2026-09-22";"Commerce intra-africain : Afreximbank mobilise 285,5 milliards FCFA";"https://www.fratmat.info/article/2644676/economie/commerce-intra-africain-afreximbank-mobilise-2855-milliards-fcfa"
"Fraternité Matin (CI)";"FR";"2026-09-22";"Déclaration de patrimoine : La Habg démarre sa mission spéciale de proximité dans le Tchologo";"https://www.fratmat.info/article/2644674/economie/declaration-de-patrimoine-la-habg-demarre-sa-mission-speciale-de-proximite-dans-le-tchologo"
"Fraternité Matin (CI)";"FR";"2026-09-22";"Orpaillage illégal : Jacques Assahoré Konan donne six mois aux Eaux et Forêts";"https://www.fratmat.info/article/2644671/societe/orpaillage-illegal-jacques-assahore-konan-donne-six-mois-aux-eaux-et-forets"
"Fraternité Matin (CI)";"FR";"2026-09-22";"Incendie du marché de Bondoukou: L’État débloque 32,5 millions Fcfa pour soutenir 779 commerçants sinistrés";"https://www.fratmat.info/article/2644664/societe/incendie-du-marche-de-bondoukou-letat-debloque-325-millions-fcfa-pour-soutenir-779-commercants-sinistres"
"Fraternité Matin (CI)";"FR";"2026-09-22";"Sport universitaire : la Côte d’Ivoire célèbre une décennie d’engagement et vise plus haut";"https://www.fratmat.info/article/2644663/sports/sport-universitaire-la-cote-divoire-celebre-une-decennie-dengagement-et-vise-plus-haut"
"Le Faso (BF)";"FR";"2026-09-22";"Contact";"https://lefaso.net/spip.php?article64819"
"Le Faso (BF)";"FR";"2026-09-22";"Contactez-nous";"https://lefaso.net/spip.php?article64819"
"Le Faso (BF)";"FR";"2026-09-22";"Science et technologie : La transformation digitale du Burkina au cœur d’un symposium international";"https://lefaso.netspip.php?article149386"
"Le Faso (BF)";"FR";"2026-09-22";"Les 100 Visages du Burkina Digital : Amadou Sondé, transformer les systèmes, relier les écosystèmes";"https://lefaso.netspip.php?article149393"
"Le Faso (BF)";"FR";"2026-09-22";"Burkina : La Police nationale recherche activement TIGHRE Jean Pingwendé, présumé auteur de faits criminels et autres, commis à Bobo-Dioulasso";"https://lefaso.net/spip.php?article149384"
"Le Faso (BF)";"FR";"2026-09-22";"Burkina/Santé : Décès du Pr Michel Akotionga, spécialiste en gynécologie obstétrique";"https://lefaso.net/spip.php?article149380"
"Le Faso (BF)";"FR";"2026-09-22";"Fasofoot Ligue 1 : Rahimo FC prend les commandes après la première journée";"https://lefaso.net/spip.php?article149379"
"Le Faso (BF)";"FR";"2026-09-22";"Affaire Lionel Bilgo : Le pôle ECOFI rejette la demande de liberté provisoire et renvoie le dossier au 5 octobre 2026";"https://lefaso.net/spip.php?article149376"
"Le Faso (BF)";"FR";"2026-09-22";"Sénégal : Sadio Mané lance un projet agro-industriel de 11,7 milliards de francs CFA destiné à valoriser la filière mangue";"https://lefaso.net/spip.php?article149366"
"Le Faso (BF)";"FR";"2026-09-22";"Dette du Sénégal : John McIntire appelle à une restructuration profonde";"https://lefaso.net/spip.php?article149367"
"Le Faso (BF)";"FR";"2026-09-22";"Burkina Faso : La Gendarmerie nationale annonce l’interpellation de Pierre Zida après l’avis de recherche lancé";"https://lefaso.net/spip.php?article149362"
"Le Faso (BF)";"FR";"2026-09-22";"Burkina/Guerre contre le terrorisme : Le général Célestin Simporé détaille les mutations de l’armée et croit en une fin prochaine";"https://lefaso.net/spip.php?article149363"
"Le Faso (BF)";"FR";"2026-09-22";"Espace AES : Les régulateurs des médias créent une plateforme pour renforcer la souveraineté informationnelle";"https://lefaso.net/spip.php?article149342"
"Le Faso (BF)";"FR";"2026-09-22";"Affaire Lionel Bilgo : Le pôle ECOFI rejette la demande de liberté provisoire et renvoie le dossier au 5 octobre 2026";"https://lefaso.netspip.php?article149376"
"Le Faso (BF)";"FR";"2026-09-22";"Ressources minières : « La souveraineté et la maîtrise de notre potentiel minier sont des facteurs clés », Pr Herman Ilboudo, directeur (…)";"https://lefaso.netspip.php?article149378"
"Le Faso (BF)";"FR";"2026-09-22";"SAMAO2026/Artisanat minier : Un moteur de développement pour les communautés locales confronté aux défis de la formalisation et de la (…)";"https://lefaso.netspip.php?article149385"
"Le Faso (BF)";"FR";"2026-09-22";"Burkina/Tourisme : Un cross populaire pour lancer la 16ᵉ édition du SITHO";"https://lefaso.netspip.php?article149394"
"Le Faso (BF)";"FR";"2026-09-22";"Gouvernance mondiale : L’Afrique lance sa propre agence de notation pour une « souveraineté financière »";"https://lefaso.netspip.php?article149377"
"Le Faso (BF)";"FR";"2026-09-22";"Secteur de l’énergie au Burkina Faso : L’ARSE engage les acteurs pour la détermination d’une méthodologie de régulation tarifaire";"https://lefaso.netspip.php?article149391"
"Le Faso (BF)";"FR";"2026-09-22";"Cameroun : Quatre journalistes placés en garde-à-vue après la disparition présumée des lunettes du ministre en charge de l’Economie";"https://lefaso.netspip.php?article149396"
"Le Faso (BF)";"FR";"2026-09-22";"Éducation : La Caisse populaire de Dapoya offre 43 bourses scolaires à des orphelins";"https://lefaso.netspip.php?article149395"
"Le Faso (BF)";"FR";"2026-09-22";"Souveraineté numérique : Le Mali se dote d’un Centre d’Intelligence artificielle et de Robotique";"https://lefaso.netspip.php?article149392"
"Le Faso (BF)";"FR";"2026-09-22";"Burkina/Santé : Décès du Pr Michel Akotionga, spécialiste en gynécologie obstétrique";"https://lefaso.netspip.php?article149380"
"Le Faso (BF)";"FR";"2026-09-22";"Burkina/Football : King Vert remporte la 3ᵉ édition du Trophée des Champions";"https://lefaso.netspip.php?article149381"
"Le Faso (BF)";"FR";"2026-09-22";"Fasofoot Ligue 1 : Rahimo FC prend les commandes après la première journée";"https://lefaso.netspip.php?article149379"
"Le Faso (BF)";"FR";"2026-09-22";"Burkina : Ibrahim Traoré à Bobo-Dioulasso pour inaugurer deux infrastructures stratégiques";"https://lefaso.netspip.php?article149097"
"Le Faso (BF)";"FR";"2026-09-22";"‎Burkina : La Présidence du Faso lance le concours Hakili Mousso pour détecter les talents scientifiques féminins";"https://lefaso.netspip.php?article148857"
"Le Faso (BF)";"FR";"2026-09-22";"Immersion patriotique obligatoire 2026 : Le capitaine Ibrahim Traoré exhorte les jeunes à éviter le chemin de la facilité et à servir la patrie";"https://lefaso.netspip.php?article148839"
"Le Faso (BF)";"FR";"2026-09-22";"Assemblée législative du peuple : Mathieu Boro fait ses premiers pas à l’hémicycle et promet de porter la voix des Burkinabè";"https://lefaso.netspip.php?article148412"
"Le Faso (BF)";"FR";"2026-09-22";"Commémoration du 5 août : Le Chef de l’Etat appelle à un engagement collectif pour un Burkina Faso libre et souverain";"https://lefaso.netspip.php?article148401"
"Le Faso (BF)";"FR";"2026-09-22";"Commémoration du 4 août 2026 : Le capitaine Ibrahim Traoré invite les Burkinabè à poursuivre l’idéal révolutionnaire ‎";"https://lefaso.netspip.php?article148380"
"Le Faso (BF)";"FR";"2026-09-22";"Burkina/Contrat d’objectifs 2026 : Le ministre de l’Économie et des Finances affiche un taux d’exécution de 60,66 % à mi-parcours";"https://lefaso.netspip.php?article148277"
"Le Faso (BF)";"FR";"2026-09-22";"Burkina : La Police nationale recherche activement TIGHRE Jean Pingwendé, présumé auteur de faits criminels et autres, commis à Bobo-Dioulasso";"https://lefaso.netspip.php?article149384"
"Le Faso (BF)";"FR";"2026-09-22";"Burkina Faso/Vie syndicale : L’UAS planche sur l’organisation collective des travailleurs des plateformes numériques";"https://lefaso.netspip.php?article149373"
"Le Faso (BF)";"FR";"2026-09-22";"SITHO 2026 : « Il y a un potentiel énorme à présenter aux investisseurs », affirme le directeur général de Faso Tourisme";"https://lefaso.netspip.php?article149351"
"Le Faso (BF)";"FR";"2026-09-22";"Le Faso Digital 2026 : Déjà 95 candidatures et des institutions s’engagent à récompenser les meilleures innovations";"https://lefaso.netspip.php?article149365"
"Le Faso (BF)";"FR";"2026-09-22";"Bobo-Dioulasso : La Semaine de l’hôtelier s’achève sur une note d’excellence";"https://lefaso.netspip.php?article149358"
"Le Faso (BF)";"FR";"2026-09-22";"Comment le Burkina finance sa lutte contre le terrorisme";"https://lefaso.netspip.php?article149346"
"Le Faso (BF)";"FR";"2026-09-22";"Volontariat national : Le Burkina Faso ambitionne de constituer un vivier d’un million de réservistes en cinq ans";"https://lefaso.netspip.php?article149349"
"Le Faso (BF)";"FR";"2026-09-22";"Burkina : Le ministère de l’Économie alerte contre une arnaque sur la plateforme “PrimeAura”";"https://lefaso.netspip.php?article149337"
"Le Faso (BF)";"FR";"2026-09-22";"Microfinance : CODEC-Ouaga se conforme aux nouvelles règlementations";"https://lefaso.netspip.php?article149310"
"Le Faso (BF)";"FR";"2026-09-22";"FIPE-UEMOA : Un Prix Abdoulaye Diop et une journée dédiée à l’UEMOA annoncés pour la prochaine édition";"https://lefaso.netspip.php?article149276"
"Le Faso (BF)";"FR";"2026-09-22";"UEMOA : Le président de la commission, Abdoulaye Diop, invite les journalistes économiques à aller au-delà du simple compte rendu";"https://lefaso.netspip.php?article149277"
"Le Faso (BF)";"FR";"2026-09-22";"UEMOA : Les journalistes des huit États membres appelés à mieux faire connaître les chantiers de l’organisation";"https://lefaso.netspip.php?article149215"
"Le Faso (BF)";"FR";"2026-09-22";"Football : FC Avenir remporte la 7ᵉ édition de la Coupe Naaba Tangha face au FC Lion";"https://lefaso.netspip.php?article149372"
"Le Faso (BF)";"FR";"2026-09-22";"FIFA : Gianni Infantino entraîne Samuel Eto’o dans sa chute inexorable";"https://lefaso.netspip.php?article149333"
"Le Faso (BF)";"FR";"2026-09-22";"Burkina/Solidarité : Action contre la faim réaffirme son soutien aux populations vulnérables";"https://lefaso.netspip.php?article149348"
"Le Faso (BF)";"FR";"2026-09-22";"Irié, Traoré, Bansé, Zongo : Amir Abdou explique les forfaits et fixe ses critères de sélection";"https://lefaso.netspip.php?article149285"
"Le Faso (BF)";"FR";"2026-09-22";"Ouagadougou : La BMCRF scelle cinq commerces pour hausse illicite des prix";"https://lefaso.netspip.php?article149286"
"Le Faso (BF)";"FR";"2026-09-22";"Burkina/ Culture : L’institut burkinabè renaitra de ses cendres, foi de Georges Kaboré";"https://lefaso.netspip.php?article149354"
"Le Faso (BF)";"FR";"2026-09-22";"Musée national : L’exposition « Rupture » invite à repenser l’art et le rapport à la société";"https://lefaso.netspip.php?article149350"
"Le Faso (BF)";"FR";"2026-09-22";"Burkina / Femmes leaders : Africa Mousso célèbre une décennie d’engagement";"https://lefaso.netspip.php?article149291"
"Le Faso (BF)";"FR";"2026-09-22";"RIPO 2026 : Une 6ᵉ édition placée sous le signe de l’art face aux mutations de l’écosystème numérique";"https://lefaso.netspip.php?article149136"
"Le Faso (BF)";"FR";"2026-09-22";"Burkina/Cinéma : « Tilaï » d’Idrissa Ouédraogo ouvre la 8ᵉ édition de la SECRICO";"https://lefaso.netspip.php?article149131"
"Le Faso (BF)";"FR";"2026-09-22";"Crise sécuritaire : Le Burkina et le HCR saluent le retour de plus d’1,4 million de déplacés internes";"https://lefaso.netspip.php?article149289"
"Le Faso (BF)";"FR";"2026-09-22";"Coopération Burkina-Chine : Des Burkinabè s’approprient la technologie de juncao pour la production de fourrage et de champignons comestibles";"https://lefaso.netspip.php?article149278"
"Le Faso (BF)";"FR";"2026-09-22";"Burkina : Le passeport burkinabè offre l’accès à 37 destinations africaines et à 64 autres à travers le monde sans visa classique";"https://lefaso.netspip.php?article149242"
"Le Faso (BF)";"FR";"2026-09-22";"XVIIIe Sommet des BRICS : L’Union africaine plaide pour l’accès durable à l’eau et un partenariat renforcé entre l’Afrique et les pays émergents";"https://lefaso.netspip.php?article149212"
"Le Faso (BF)";"FR";"2026-09-22";"Coopération Burkina - Chine : Un colloque pour tirer les leçons de l’expérience chinoise";"https://lefaso.netspip.php?article149186"
"Le Faso (BF)";"FR";"2026-09-22";"Carrefour Innovations : Et si les innovations africaines trouvaient plus facilement les bonnes personnes et les bonnes opportunités ?";"https://lefaso.netspip.php?article149371"
"Le Faso (BF)";"FR";"2026-09-22";"Les Instants du Numérique : Le rendez-vous qui donne la parole à celles et ceux qui construisent le numérique de demain";"https://lefaso.netspip.php?article149370"
"Le Faso (BF)";"FR";"2026-09-22";"Les 100 Visages du Burkina Digital : Clémence Tuina, quand le journalisme apprend à travailler avec l’intelligence artificielle";"https://lefaso.netspip.php?article149361"
"Le Faso (BF)";"FR";"2026-09-22";"Burkina/Numérique : Taw Taw, vers une nouvelle expérience du e-commerce et des services du quotidien";"https://lefaso.netspip.php?article149340"
"Le Faso (BF)";"FR";"2026-09-22";"Max it : Orange Burkina présente une nouvelle version de son application, aux fonctionnalités élargies";"https://lefaso.netspip.php?article149357"
"Le Faso (BF)";"FR";"2026-09-22";"Offre de formation en cybersécurité du 15 mai au 20 juillet 2024";"https://lefaso.netspip.php?article130136"
"Le Faso (BF)";"FR";"2026-09-22";"Vœux de nouvel an de Dre Lydia ROUAMBA, Directrice Générale du Centre national de l’Information, de l’Orientation Scolaire et Professionnelle, et des Bourses (CIOSPB)";"https://lefaso.netspip.php?article118725"
"Le Faso (BF)";"FR";"2026-09-22";"CIOSPB : La République de la Tunisie met à la disposition du Burkina Faso des bourses études pour l’année académique 2022-2023";"https://lefaso.netspip.php?article115137"
"Le Faso (BF)";"FR";"2026-09-22";"7e édition de la Semaine nationale de l’Information et de l’Orientation (SIO) : Le Centre National des Œuvres Universitaires (CENOU) communique sur ses prestations aux nouveaux bacheliers";"https://lefaso.netspip.php?article114708"
"Le Faso (BF)";"FR";"2026-09-22";"Année académique 2022-2023 : Le Royaume du Maroc met à la disposition du Burkina Faso, cent-vingt (120) bourses d’études";"https://lefaso.netspip.php?article113781"
"Le Faso (BF)";"FR";"2026-09-22";"Décès de Mardia Alain Bruno SANGLI : Faire part et remerciements";"https://lefaso.netspip.php?article147027"
"Le Faso (BF)";"FR";"2026-09-22";"Les filières pour la rentrée académique 2026-2027 à l’école supérieure de commerce de Ouagadougou";"https://lefaso.netspip.php?article148486"
"Le Faso (BF)";"FR";"2026-09-22";"Décès de OUEDRAOGO Boureima : Remerciements";"https://lefaso.netspip.php?article149221"
"Le Faso (BF)";"FR";"2026-09-22";"Kibè n Moore : L’actualité en mooré du 15 septembre 2026";"https://lefaso.netspip.php?article149224"
"Le Faso (BF)";"FR";"2026-09-22";"Avis  d’appel d’Offres pour la réalisation de l’enquête de couverture de la campagne de Chimio Prévention du Paludisme Saisonnier (CPS) (…)";"https://lefaso.netspip.php?article149225"
"Le Faso (BF)";"FR";"2026-09-22";"Musique : L’artiste Tim Winsey dévoile deux nouveaux albums à Ouagadougou";"https://lefaso.netspip.php?article144306"
"Le Faso (BF)";"FR";"2026-09-22";"Burkina/Littérature : L’ancien maire de Falagountou, Saïdou Maïga, livre les coulisses de son expérience d’élu local dans un ouvrage";"https://lefaso.netspip.php?article149251"
"Le Faso (BF)";"FR";"2026-09-22";"IRC OUAGA : Vente aux enchères";"https://lefaso.netspip.php?article149397"
"Le Faso (BF)";"FR";"2026-09-22";"Centre américain de langue : Cours réguliers session I, 2026";"https://lefaso.netspip.php?article149383"
"Le Faso (BF)";"FR";"2026-09-22";"Résultats du tirage du Faso Loto NEKRE du lundi 21 septembre 2026";"https://lefaso.netspip.php?article149388"
"Le Faso (BF)";"FR";"2026-09-22";"Burkina Faso : Projet d’accès à l’énergie (Anciennement Projet d’accès à l’énergie solaire) (P166785)";"https://lefaso.netspip.php?article149382"
"Le Faso (BF)";"FR";"2026-09-22";"Résultats du tirage du Faso Loto BARKA du Dimanche 20 septembre 2026";"https://lefaso.netspip.php?article149360"
"Le Faso (BF)";"FR";"2026-09-22";"Avis d’appel à candidature pour le recrutement d’un commissaire aux comptes";"https://lefaso.netspip.php?article149316"
"Le Faso (BF)";"FR";"2026-09-22";"Avis d’appel à candidature pour le recrutement de trois (3) administrateurs indépendants";"https://lefaso.netspip.php?article149317"
"Le Faso (BF)";"FR";"2026-09-22";"Résultats du tirage du Faso Loto MAGIC du Samedi du 19 septembre 2026";"https://lefaso.netspip.php?article149347"
"Le Faso (BF)";"FR";"2026-09-22";"Décès de Madame ZOUNGRANA/KABORÉ Dakiswinigda Rose Aïda : Remerciements";"https://lefaso.netspip.php?article148376"
"Le Faso (BF)";"FR";"2026-09-22";"Messe de requiem de Dima Fidéle";"https://lefaso.netspip.php?article148292"
"Le Faso (BF)";"FR";"2026-09-22";"Décès de Sompagnimdi Philippe Honoré OUEDRAOGO : REMERCIEMENTS & FAIRE-PART";"https://lefaso.netspip.php?article148049"
"Le Faso (BF)";"FR";"2026-09-22";"Programme des obsèques de Tapsoba née Nikiema G. Rosalie";"https://lefaso.netspip.php?article148026"
"Le Faso (BF)";"FR";"2026-09-22";"Décès du Pr Jean-Didier Zongo : Faire-part";"https://lefaso.netspip.php?article149390"
"Le Faso (BF)";"FR";"2026-09-22";"Décès de OUINIGA Louis : Faire-part";"https://lefaso.netspip.php?article149355"
"Le Faso (BF)";"FR";"2026-09-22";"Cérémonie d’hommage à la mémoire de Jean Bernard BUGNAZET : Remerciements";"https://lefaso.netspip.php?article149368"
"Le Faso (BF)";"FR";"2026-09-22";"‎In memoria : Madame OUEDRAOGO Rose épouse FOROGO ‎";"https://lefaso.netspip.php?article149353"
"Le Faso (BF)";"FR";"2026-09-22";"Décès de Zongo Kouma Bernard : Remerciements";"https://lefaso.netspip.php?article149331"
"Le Faso (BF)";"FR";"2026-09-22";"Décès de Ouédraogo née Séré Kortimi Josiane : Faire part";"https://lefaso.netspip.php?article149325"
"Le Faso (BF)";"FR";"2026-09-22";"Décès de Ouédraogo née Banaba Tilado Hadissa Valérie : Faire-part";"https://lefaso.netspip.php?article149334"
"Le Faso (BF)";"FR";"2026-09-22";"Décès de Irène ZONGO née OUÉDRAOGO : Remerciements & faire-part";"https://lefaso.netspip.php?article149312"
"Le Faso (BF)";"FR";"2026-09-22";"Natation : Imann Firdaous Kouraogo, de l’amour pour l’eau aux podiums africains";"https://lefaso.netspip.php?article148974"
"Le Faso (BF)";"FR";"2026-09-22";"Coopération : Evelyne Dabiré nommée ambassadrice extraordinaire  et plénipotentiaire du Canada près le Bénin";"https://lefaso.netspip.php?article147766"
"Le Faso (BF)";"FR";"2026-09-22";"Fraude financière : La BCEAO alerte sur une fausse vidéo utilisant l’image de son gouverneur, Jean-Claude Kassi Brou";"https://lefaso.netspip.php?article149324"
"Le Faso (BF)";"FR";"2026-09-22";"Dette du Sénégal : John McIntire appelle à une restructuration profonde";"https://lefaso.netspip.php?article149367"
"Le Faso (BF)";"FR";"2026-09-22";"Diaspora burkinabè : L’ambassadeur Kassoum Coulibaly invite ses compatriotes du Nebraska à garder confiance dans la marche du pays et à (…)";"https://lefaso.netspip.php?article149133"
"Le Faso (BF)";"FR";"2026-09-22";"Résilience climatique et souveraineté financière : Les Tannounyan au cœur de la vulgarisation de l’assurance agropastorale";"https://lefaso.netspip.php?article148990"
"Le Faso (BF)";"FR";"2026-09-22";"Dynamiques organisationnelles et interactions des acteurs de la filière bétail-viande au Burkina Faso";"https://lefaso.netspip.php?article149344"
"Le Faso (BF)";"FR";"2026-09-22";"Comment s’adapter aux effets des changements climatiques dans la commune rurale de Koumbia au Burkina Faso";"https://lefaso.netspip.php?article149339"
"Le Faso (BF)";"FR";"2026-09-22";"Perceptions et stratégies d’adaptation des agropasteurs du changement climatique au Burkina Faso";"https://lefaso.netspip.php?article149338"
"Le Faso (BF)";"FR";"2026-09-22";"Le Faso Digital 2026 : Déjà 95 candidatures et des institutions s’engagent à récompenser les meilleures innovations";"https://lefaso.netspip.php?article149365#forum"
"Le Faso (BF)";"FR";"2026-09-22";"Sénégal : Sadio Mané lance un projet agro-industriel de 11,7 milliards de francs CFA destiné  à valoriser la filière mangue";"https://lefaso.netspip.php?article149366#forum"
"Le Faso (BF)";"FR";"2026-09-22";"Affaire Lionel Bilgo : Le pôle ECOFI rejette la demande de liberté provisoire et renvoie le dossier au 5 octobre 2026";"https://lefaso.netspip.php?article149376#forum"
"Le Faso (BF)";"FR";"2026-09-22";"Comment le Burkina finance sa lutte contre le terrorisme";"https://lefaso.netspip.php?article149346#forum"
"Le Faso (BF)";"FR";"2026-09-22";"Diaspora : IAM-Fair, une initiative originale du trio Julien Koala, John Ouédraogo et Dr Moussa Guira sur l’agro-business et la manufacture à Omaha, État du Nebraska";"https://lefaso.netspip.php?article149364#forum"
"Le Faso (BF)";"FR";"2026-09-22";"Burkina/Guerre contre le terrorisme : Le général Célestin Simporé détaille les mutations de l’armée et croit en une fin prochaine";"https://lefaso.netspip.php?article149363#forum"
"Le Faso (BF)";"FR";"2026-09-22";"Dette du Sénégal : John McIntire appelle à une restructuration profonde";"https://lefaso.netspip.php?article149367#forum"
"Le Faso (BF)";"FR";"2026-09-22";"Samendéni Beach : Quand le personnel de Lefaso.net troque les flashs et les articles pour une parenthèse de détente";"https://lefaso.netspip.php?article149252#forum"
"Le Faso (BF)";"FR";"2026-09-22";"Programme électronucléaire de l’AES : Dr Karim Kaboré plaide pour une synergie fondée sur la complémentarité des États";"https://lefaso.netspip.php?article149315#forum"
"Le Faso (BF)";"FR";"2026-09-22";"Volontariat national : Le Burkina Faso ambitionne de constituer un vivier d’un million de réservistes en cinq ans";"https://lefaso.netspip.php?article149349#forum"
"Le Faso (BF)";"FR";"2026-09-22";"Burkina Faso–Niger : Ouagadougou réaffirme sa solidarité avec Niamey";"https://lefaso.netspip.php?article149352#forum"
"Le Faso (BF)";"FR";"2026-09-22";"Burkina/ Hakili Mousso 2026 : L’excellence scientifique féminine à l’honneur";"https://lefaso.netspip.php?article149356#forum"
"Le Faso (BF)";"FR";"2026-09-22";"Burkina/ Culture : L’institut burkinabè renaitra de ses cendres, foi de Georges Kaboré";"https://lefaso.netspip.php?article149354#forum"
"Le Faso (BF)";"FR";"2026-09-22";"Crise sécuritaire : Le Burkina et le HCR saluent le retour de plus d’1,4 million de déplacés internes";"https://lefaso.netspip.php?article149289#forum"
"Le Faso (BF)";"FR";"2026-09-22";"Affaire Lionel Bilgo : Le blanchiment de capitaux conduit le TGI de Bobo-Dioulasso à se dessaisir au profit du pôle ECOFI";"https://lefaso.netspip.php?article149318#forum"
"Le Faso (BF)";"FR";"2026-09-22";"Burkina/Solidarité : Action contre la faim réaffirme son soutien aux populations vulnérables";"https://lefaso.netspip.php?article149348#forum"
"Le Faso (BF)";"FR";"2026-09-22";"A propos...";"https://lefaso.net/spip.php?article29&rubrique17"
"Le Faso (BF)";"FR";"2026-09-22";"Publicité";"https://lefaso.net/spip.php?article5736&rubrique17t"
"Le Faso (BF)";"FR";"2026-09-22";"Partenariat";"https://lefaso.net/spip.php?article30&rubrique17"
"Le Faso (BF)";"FR";"2026-09-22";"Nous contacter";"https://lefaso.net/spip.php?article32&rubrique17"
"La Nation (BJ)";"FR";"2026-09-22";"Khady Evelyne D. Ndiaye, directrice du Secteur privé à la Commission de l'Uemoa : « Notre objectif est d'avoir un tissu entrepreneurial parmi les plus compétitifs »";"https://lanation.bj/economie/khady-evelyne-d-ndiaye-directrice-du-secteur-prive-a-la-commission-de-luemoa-notre-objectif-est-davoir-un-tissu-entrepreneurial-parmi-les-plus-competitifs"
"La Nation (BJ)";"FR";"2026-09-22";"22 sept. 2026";"https://lanation.bj/economie/khady-evelyne-d-ndiaye-directrice-du-secteur-prive-a-la-commission-de-luemoa-notre-objectif-est-davoir-un-tissu-entrepreneurial-parmi-les-plus-competitifs"
"La Nation (BJ)";"FR";"2026-09-22";"Dette publique: L'Uemoa devrait rester autour de 63,6 % du Pib en 2026";"https://lanation.bj/economie/dette-publique-luemoa-devrait-rester-autour-de-636-du-pib-en-2026"
"La Nation (BJ)";"FR";"2026-09-22";"22 sept. 2026";"https://lanation.bj/economie/dette-publique-luemoa-devrait-rester-autour-de-636-du-pib-en-2026"
"La Nation (BJ)";"FR";"2026-09-22";"Dette publique: L'Uemoa devrait rester autour de 63,6 % du Pib en 2026
                            
                                                            Lecture de 3 min";"https://lanation.bj/economie/dette-publique-luemoa-devrait-rester-autour-de-636-du-pib-en-2026"
"La Nation (BJ)";"FR";"2026-09-22";"Nigeria : l’excédent courant atteint 7,54 milliards $ au deuxième trimestre
                            
                                                            Lecture de 4 min";"https://lanation.bj/economie/nigeria-lexcedent-courant-atteint-754-milliards-au-deuxieme-trimestre"
"La Nation (BJ)";"FR";"2026-09-22";"Capitaux privés et financement du développement: Un record de 112 milliards de dollars pour la Banque mondiale
                            
                                                            Lecture de 3 min";"https://lanation.bj/economie/capitaux-prives-et-financement-du-developpement-un-record-de-112-milliards-de-dollars-pour-la-banque-mondiale"
"La Nation (BJ)";"FR";"2026-09-22";"Salon régional de l'Actionnariat: Fabien Cohovi HOUNYOVI évoque les grands enjeux
                    
                                            Lecture de 3 min";"https://lanation.bj/economie/salon-regional-de-lactionnariat-fabien-cohovi-hounyovi-evoque-les-grands-enjeux"
"La Nation (BJ)";"FR";"2026-09-22";"Nigeria : l’excédent courant atteint 7,54 milliards $ au deuxième trimestre";"https://lanation.bj/economie/nigeria-lexcedent-courant-atteint-754-milliards-au-deuxieme-trimestre"
"La Nation (BJ)";"FR";"2026-09-22";"Financement et accompagnement des Pme au Bénin: La Berd ouvre de nouvelles opportunités au secteur privé";"https://lanation.bj/economie/financement-et-accompagnement-des-pme-au-benin-la-berd-ouvre-de-nouvelles-opportunites-au-secteur-prive"
"La Nation (BJ)";"FR";"2026-09-22";"Finances publiques au Bénin: Rigueur et réformes pour soutenir la croissance";"https://lanation.bj/economie/finances-publiques-au-benin-rigueur-et-reformes-pour-soutenir-la-croissance"
"La Nation (BJ)";"FR";"2026-09-22";"Salon régional de l'Actionnariat: Fabien Cohovi HOUNYOVI évoque les grands enjeux";"https://lanation.bj/economie/salon-regional-de-lactionnariat-fabien-cohovi-hounyovi-evoque-les-grands-enjeux"
"Malijet (ML)";"FR";"2026-09-22";"Politique";"https://malijet.com/actualite-politique-au-mali"
"Malijet (ML)";"FR";"2026-09-22";"Economie";"https://malijet.com/actualite_economique_du_mali"
"Malijet (ML)";"FR";"2026-09-22";"Sports";"https://malijet.com/actualite_sportive_au_mali"
"Malijet (ML)";"FR";"2026-09-22";"Culture";"https://malijet.com/actualite_culturelle_au_mali"
"Malijet (ML)";"FR";"2026-09-22";"International";"https://malijet.com/actualite_internationale"
"Malijet (ML)";"FR";"2026-09-22";"AES";"https://malijet.com/actualite-sur-aes"
"Malijet (ML)";"FR";"2026-09-22";"Afrique";"https://malijet.com/actualite-sur-afrique"
"Malijet (ML)";"FR";"2026-09-22";"Solidarité de l’AES : Le Président Tiani reçoit une délégation du Mali et du Burkina Faso après la tentative de déstabilisation";"https://malijet.com/actualite-sur-aes/311954-solidarite-de-laes-le-president-tiani-recoit-une-delegati.html"
"Malijet (ML)";"FR";"2026-09-22";"Mali : le projet de loi de finances 2027 prévoit 3 866 milliards de FCFA de recettes";"https://malijet.com/actualite_economique_du_mali/311920-mali-le-projet-de-loi-de-finances-2027-prevoit-3-866-milli.html"
"Malijet (ML)";"FR";"2026-09-22";"Urgence médicale : Le concert de Sidiki Diabaté à l’Accor Arena reporté";"https://malijet.com/actualite_musicale_malienne/311915-urgence-medicale-le-concert-de-sidiki-diabate-a-laccor-ar.html"
"Malijet (ML)";"FR";"2026-09-22";"Énergie et Mines : L’AES scelle sa souveraineté économique lors de la 1re Semaine de l’Énergie, des Mines et des Hydrocarbures";"https://malijet.com/actualite-sur-aes/311896-energie-et-mines-laes-scelle-sa-souverainete-economique-l.html"
"Malijet (ML)";"FR";"2026-09-22";"Gambie : Les États-Unis restituent 2,5 millions de dollars saisis à l’ancien président Yahya Jammeh";"https://malijet.com/actualite_internationale/311964-gambie-les-etats-unis-restituent-25-millions-de-dollars-s.html"
"Malijet (ML)";"FR";"2026-09-22";"Fraude alimentaire : La DGCC ferme un supermarché à Bamako pour falsification de dates de péremption";"https://malijet.com/actualite_economique_du_mali/311963-fraude-alimentaire-la-dgcc-ferme-un-supermarche-a-bamako-p.html"
"Malijet (ML)";"FR";"2026-09-22";"Kenya : deux morts après le crash d’un avion lors d’un vol d’entraînement";"https://malijet.com/actualite-sur-afrique/311956-kenya-deux-morts-apres-le-crash-dun-avion-lors-dun-vol-d.html"
"Malijet (ML)";"FR";"2026-09-22";"Sécurité : L’EEMFS renforce les capacités des forces de l’ordre sur les droits de l’homme et les violences basées sur le genre";"https://malijet.com/actualite-politique-au-mali/311955-securite-leemfs-renforce-les-capacites-des-forces-de-lor.html"
"Malijet (ML)";"FR";"2026-09-22";"Pluies intenses à Dakar : des inondations signalées dans plusieurs quartiers";"https://malijet.com/actualite-sur-afrique/311953-pluies-intenses-a-dakar-des-inondations-signalees-dans-plu.html"
"Malijet (ML)";"FR";"2026-09-22";"Voir tout →";"https://malijet.com/actualite-politique-au-mali"
"Malijet (ML)";"FR";"2026-09-22";"Mali : le Conseil des ministres approuve la Politique nationale pénitentiaire 2026-2030";"https://malijet.com/actualite-politique-au-mali/311924-mali-le-conseil-des-ministres-approuve-la-politique-nation.html"
"Malijet (ML)";"FR";"2026-09-22";"CEDEAO : Birame Diop échange avec les ambassadeurs du Qatar et du Soudan";"https://malijet.com/actualite-politique-au-mali/311919-cedeao-birame-diop-echange-avec-les-ambassadeurs-du-qatar.html"
"Malijet (ML)";"FR";"2026-09-22";"Coopération : Le Mali appelle l’UNFPA à aligner ses actions sur les priorités nationales et la dynamique de l’AES";"https://malijet.com/actualite-politique-au-mali/311903-cooperation-le-mali-appelle-lunfpa-a-aligner-ses-actions.html"
"Malijet (ML)";"FR";"2026-09-22";"Voir tout →";"https://malijet.com/actualite_economique_du_mali"
"Malijet (ML)";"FR";"2026-09-22";"Office du Niger : le PDG effectue une visite inopinée à M’Béwani";"https://malijet.com/actualite_economique_du_mali/311943-office-du-niger-le-pdg-effectue-une-visite-inopinee-a-mbe.html"
"Malijet (ML)";"FR";"2026-09-22";"Sénégal : Sadio Mané dévoile son projet agro-industriel SM10 Agro de 11,7 milliards de FCFA à Bambali";"https://malijet.com/actualite_economique_du_mali/311923-senegal-sadio-mane-devoile-son-projet-agro-industriel-sm10.html"
"Malijet (ML)";"FR";"2026-09-22";"Voir tout →";"https://malijet.com/actualite_sportive_au_mali"
"Malijet (ML)";"FR";"2026-09-22";"Football : Koulikoroba I sacré champion de la 1ère édition de Pétro Bama Vacances Foot";"https://malijet.com/actualite_sportive_au_mali/311939-football-koulikoroba-i-sacre-champion-de-la-1ere-edition-d.html"
"Malijet (ML)";"FR";"2026-09-22";"Football : Deux forfaits dans la liste d’Anthony Da Silva";"https://malijet.com/actualite_sportive_au_mali/311934-football-deux-forfaits-dans-la-liste-danthony-da-silva.html"
"Malijet (ML)";"FR";"2026-09-22";"Lions du Sénégal : Patrick Vieira expose son projet de quatre ans à la ministre des sports";"https://malijet.com/actualite_sportive_au_mali/311925-lions-du-senegal-patrick-vieira-expose-son-projet-de-quatr.html"
"Malijet (ML)";"FR";"2026-09-22";"Stade Malien : Sghir Hammadi limogé après l’élimination en Ligue des Champions";"https://malijet.com/actualite_sportive_au_mali/311904-stade-malien-sghir-hammadi-limoge-apres-lelimination-en-l.html"
"Malijet (ML)";"FR";"2026-09-22";"Voir tout →";"https://malijet.com/actualite_internationale"
"Malijet (ML)";"FR";"2026-09-22";"L'Initiative pour la gouvernance mondiale : une nouvelle voie pour un multilatéralisme fécond";"https://malijet.com/actualite_internationale/311944-linitiative-pour-la-gouvernance-mondiale-une-nouvelle-voi.html"
"Malijet (ML)";"FR";"2026-09-22";"Sénégal-Émirats arabes unis : le président Faye et le cheikh Mohammed ben Zayed renforcent leur partenariat stratégique";"https://malijet.com/actualite_internationale/311881-senegal-emirats-arabes-unis-le-president-faye-et-le-cheikh.html"
"Malijet (ML)";"FR";"2026-09-22";"Deux militaires russes de retour au pays après 755 jours de détention";"https://malijet.com/actualite_internationale/311847-deux-militaires-russes-de-retour-au-pays-apres-755-jours-de.html"
"Malijet (ML)";"FR";"2026-09-22";"Voir tout →";"https://malijet.com/actualite-sur-aes"
"Malijet (ML)";"FR";"2026-09-22";"Diplomatie : Le Mali et le Niger renforcent leur coordination au sein de l’AES à Riyad";"https://malijet.com/actualite-sur-aes/311901-diplomatie-le-mali-et-le-niger-renforcent-leur-coordinatio.html"
"Malijet (ML)";"FR";"2026-09-22";"Frontières de l’AES : Le Burkina, le Mali et le Niger transforment leurs limites en espaces de paix et de coopération";"https://malijet.com/actualite-sur-aes/311857-frontieres-de-laes-le-burkina-le-mali-et-le-niger-transf.html"
"Malijet (ML)";"FR";"2026-09-22";"Kenya : deux morts après le crash d’un avion lors d’un vol d’entraînement
                                        il y a 17 heures";"https://malijet.com/actualite-sur-afrique/311956-kenya-deux-morts-apres-le-crash-dun-avion-lors-dun-vol-d.html"
"Malijet (ML)";"FR";"2026-09-22";"Pluies intenses à Dakar : des inondations signalées dans plusieurs quartiers
                                        il y a 20 heures";"https://malijet.com/actualite-sur-afrique/311953-pluies-intenses-a-dakar-des-inondations-signalees-dans-plu.html"
"Malijet (ML)";"FR";"2026-09-22";"CEDEAO : Le président de la Commission, le général Birame Diop, expose ses priorités devant les représentants permanents
                                        il y a 21 heures";"https://malijet.com/actualite-sur-afrique/311948-cedeao-le-president-de-la-commission-le-general-birame-di.html"
"Malijet (ML)";"FR";"2026-09-22";"Halima Dangote explique pourquoi elle et ses frères et sœurs ne se vantent pas de leur richesse
                                        il y a 1 jour";"https://malijet.com/actualite-sur-afrique/311936-halima-dangote-explique-pourquoi-elle-et-ses-freres-et-soeurs.html"
"Malijet (ML)";"FR";"2026-09-22";"Le Président de la République du Bénin, Romuald Wadagni, poursuit sa visite de travail en République du Congo.
                                        il y a 3 jours";"https://malijet.com/actualite-sur-afrique/311911-le-president-de-la-republique-du-benin-romuald-wadagni-pou.html"
"Malijet (ML)";"FR";"2026-09-22";"Soudan : au moins 82 morts dans l’effondrement d’une mine d’or
                                        il y a 3 jours";"https://malijet.com/actualite-sur-afrique/311909-soudan-au-moins-82-morts-dans-leffondrement-dune-mine-d.html"
"Malijet (ML)";"FR";"2026-09-22";"Dangote révèle l’erreur commerciale qui lui a coûté des milliards il y a 30 ans
                                        il y a 3 jours";"https://malijet.com/actualite-sur-afrique/311908-dangote-revele-lerreur-commerciale-qui-lui-a-coute-des-mill.html"
"Malijet (ML)";"FR";"2026-09-22";"Médias : La HAC de Guinée interdit la diffusion de France 24 sur tout le territoire national
                                        il y a 4 jours";"https://malijet.com/actualite-sur-afrique/311885-medias-la-hac-de-guinee-interdit-la-diffusion-de-france-24.html"
"Malijet (ML)";"FR";"2026-09-22";"Soudan-Niger : Le général al-Burhan et le président Tiani conviennent de renforcer leur coopération sécuritaire et politique
                                        il y a 5 jours";"https://malijet.com/actualite-sur-afrique/311876-soudan-niger-le-general-al-burhan-et-le-president-tiani-co.html"
"Malijet (ML)";"FR";"2026-09-22";"Bénin-Rwanda : Le président Romuald Wadagni entame une visite officielle de deux jours à Kigali
                                        il y a 5 jours";"https://malijet.com/actualite-sur-afrique/311869-benin-rwanda-le-president-romuald-wadagni-entame-une-visit.html"
"Malijet (ML)";"FR";"2026-09-22";"Gambie : Les États-Unis restituent 2,5 millions de dollars saisis à l’ancien président Yahya Jammeh
                                        il y a 11 heures";"https://malijet.com/actualite_internationale/311964-gambie-les-etats-unis-restituent-25-millions-de-dollars-s.html"
"Malijet (ML)";"FR";"2026-09-22";"L'Initiative pour la gouvernance mondiale : une nouvelle voie pour un multilatéralisme fécond
                                        il y a 22 heures";"https://malijet.com/actualite_internationale/311944-linitiative-pour-la-gouvernance-mondiale-une-nouvelle-voi.html"
"Malijet (ML)";"FR";"2026-09-22";"Sénégal-Émirats arabes unis : le président Faye et le cheikh Mohammed ben Zayed renforcent leur partenariat stratégique
                                        il y a 5 jours";"https://malijet.com/actualite_internationale/311881-senegal-emirats-arabes-unis-le-president-faye-et-le-cheikh.html"
"Malijet (ML)";"FR";"2026-09-22";"Deux militaires russes de retour au pays après 755 jours de détention
                                        il y a 6 jours";"https://malijet.com/actualite_internationale/311847-deux-militaires-russes-de-retour-au-pays-apres-755-jours-de.html"
"Malijet (ML)";"FR";"2026-09-22";"Guerre en Iran: le Pentagone contredit Trump et reconnaît une pénurie de munitions
                                        il y a 1 semaine";"https://malijet.com/actualite_internationale/311838-guerre-en-iran-le-pentagone-contredit-trump-et-reconnait-un.html"
"Malijet (ML)";"FR";"2026-09-22";"Xi Jinping affirme que les pays des BRICS devraient jouer un rôle de pionniers en matière d'amélioration de la gouvernance mondiale
                                        il y a 1 semaine";"https://malijet.com/actualite_internationale/311799-xi-jinping-affirme-que-les-pays-des-brics-devraient-jouer-un.html"
"Malijet (ML)";"FR";"2026-09-22";"L’Algérie va fermer son espace aérien aux aéronefs immatriculés aux Émirats après la rupture des relations diplomatiques
                                        il y a 1 semaine";"https://malijet.com/actualite_internationale/311784-lalgerie-va-fermer-son-espace-aerien-aux-aeronefs-immatricu.html"
"Malijet (ML)";"FR";"2026-09-22";"CGTN Sondage | Pourquoi la « solution de l'OCS » pour la gouvernance mondiale suscite-t-elle une large attention ?
                                        il y a 1 semaine";"https://malijet.com/actualite_internationale/311750-cgtn-sondage-pourquoi-la-solution-de-locs-pour-la-gou.html"
"Malijet (ML)";"FR";"2026-09-22";"Lavrov : la Russie et la Chine ne se cachent aucun secret technologique
                                        1 commentaire
                                        il y a 1 semaine";"https://malijet.com/actualite_internationale/311736-lavrov-la-russie-et-la-chine-ne-se-cachent-aucun-secret-te.html"
"Malijet (ML)";"FR";"2026-09-22";"Tour Eiffel : des salariées écartées, une enquête annoncée
                                        il y a 1 semaine";"https://malijet.com/actualite_internationale/311731-tour-eiffel-des-salariees-ecartees-une-enquete-annoncee.html"
"Malijet (ML)";"FR";"2026-09-22";"BSIC et Programme Tounkaranké : un partenariat au service de l’économie locale à Yélimané
                    2 commentaires
                    il y a 5 jours";"https://malijet.com/actualite_economique_du_mali/311872-bsic-et-programme-tounkaranke-un-partenariat-au-service-de.html"
"Malijet (ML)";"FR";"2026-09-22";"Financement des entreprises : le CNPM et la BAD renforcent leur alliance pour booster le secteur privé malien
                    1 commentaire
                    il y a 5 jours";"https://malijet.com/actualite_economique_du_mali/311874-financement-des-entreprises-le-cnpm-et-la-bad-renforcent-l.html"
"Malijet (ML)";"FR";"2026-09-22";"Économie";"https://malijet.com/actualite_economique_du_mali"
