"Source";"Language";"Date";"Title";"URL"
"VRT NWS (EN)";"EN";"2026-10-07";"Vrouw dood aangetroffen in appartement in Sint-Gillis, slachtoffer met geweld om het leven gebracht";"https://www.vrt.be/vrtnws/nl/2026/10/07/vrouw-dood-aangetroffen-sint-gillis/?utm_source=corporate&utm_medium=referral&utm_campaign=rssfeed&utm_content=vrt-nws"
"VRT NWS (EN)";"EN";"2026-10-07";"Nicolas Ullens kent dan toch nog niet zijn straf voor moord op stiefmoeder: assisenproces uitgesteld";"https://www.vrt.be/vrtnws/nl/2026/10/07/proces-ullens-procedurefout-uitstel/?utm_source=corporate&utm_medium=referral&utm_campaign=rssfeed&utm_content=vrt-nws"
"VRT NWS (EN)";"EN";"2026-10-07";"""Gestoord"" en ""gevaarlijk"": gouverneur en burgemeesters woedend na uitspraken Trump om onder andere Los Angeles op te offeren";"https://www.vrt.be/vrtnws/nl/2026/10/07/kritiek-op-trump-na-uitspraak-over-los-angeles-en-san-diego/?utm_source=corporate&utm_medium=referral&utm_campaign=rssfeed&utm_content=vrt-nws"
"VRT NWS (EN)";"EN";"2026-10-07";"Meest aangevoerde soort in onze havens en eigenlijk geen vis: 'nootachtige' zeekat is Vis van het Jaar";"https://www.vrt.be/vrtnws/nl/2026/10/07/zeekat-is-vis-van-het-jaar-2026/?utm_source=corporate&utm_medium=referral&utm_campaign=rssfeed&utm_content=vrt-nws"
"VRT NWS (EN)";"EN";"2026-10-07";"Waar stap jij op? Dit zijn de drukste en kalmste treinstations van het land";"https://www.vrt.be/vrtnws/nl/2026/10/07/in-het-drukste-treinstation-zijn-vorig-jaar-ruim-61-000-reiziger/?utm_source=corporate&utm_medium=referral&utm_campaign=rssfeed&utm_content=vrt-nws"
"VRT NWS (EN)";"EN";"2026-10-07";"Ze won meteen een Oscar bij haar filmdebuut: Hitchcock-ster Eva Marie Saint (102) overleden";"https://www.vrt.be/vrtnws/nl/2026/10/07/actrice-eva-marie-saint-overleden/?utm_source=corporate&utm_medium=referral&utm_campaign=rssfeed&utm_content=vrt-nws"
"VRT NWS (EN)";"EN";"2026-10-07";"Antwerpse politie pakt bekende overlastplegers meteen voor 12 uur op zonder dat ze iets misdoen";"https://www.vrt.be/vrtnws/nl/2026/10/07/politie-overlastplegers-sneller-arresteren-stad-antwerpen/?utm_source=corporate&utm_medium=referral&utm_campaign=rssfeed&utm_content=vrt-nws"
"VRT NWS (EN)";"EN";"2026-10-07";"Uitstoot van broeikasgassen in Vlaanderen daalt niet meer: wat loopt er mis?";"https://www.vrt.be/vrtnws/nl/2026/10/07/uitstoot-van-broeikasgassen-in-vlaanderen-daalt-niet-meer-wat-l/?utm_source=corporate&utm_medium=referral&utm_campaign=rssfeed&utm_content=vrt-nws"
"VRT NWS (EN)";"EN";"2026-10-07";"Wind en regen op komst: ""Het ziet er donderdag en vrijdag een pak minder warm uit""";"https://www.vrt.be/vrtnws/nl/2026/10/07/nazomer-gedaan-het-wordt-gevoelig-frisser/?utm_source=corporate&utm_medium=referral&utm_campaign=rssfeed&utm_content=vrt-nws"
"VRT NWS (EN)";"EN";"2026-10-07";"""Ik stortte 4.500 euro, maar kreeg niets op mijn rekening"": wat loopt er mis met geldautomaten in CASH-punten?";"https://www.vrt.be/vrtnws/nl/2026/10/06/batopin-cash-automaten-geld-verdwijnt-getuigenissen-winwin-te-we/?utm_source=corporate&utm_medium=referral&utm_campaign=rssfeed&utm_content=vrt-nws"
"VRT NWS (EN)";"EN";"2026-10-07";"Vredesboodschap uit 1998 van oud-leraar uit Lanklaar al in 1.000 talen";"https://www.vrt.be/vrtnws/nl/2026/10/06/frans-medaer-uit-lanklaar-vertaalt-vredesboodschap-in-1000-talen/?utm_source=corporate&utm_medium=referral&utm_campaign=rssfeed&utm_content=vrt-nws"
"VRT NWS (EN)";"EN";"2026-10-07";"Geen festival zonder headliners: dit zijn onze tips voor Film Fest Gent";"https://www.vrt.be/vrtnws/nl/2026/10/05/kobe-debie-filmfest-gent-cultuurtip/?utm_source=corporate&utm_medium=referral&utm_campaign=rssfeed&utm_content=vrt-nws"
"VRT NWS (EN)";"EN";"2026-10-07";"'Nonkels' of 'Knokke Off' in Vlaamse Ardennen? Regio gebruikt toeristentaks om ook buiten koersperiode toeristen te lokken";"https://www.vrt.be/vrtnws/nl/2026/10/06/toerisme-vlaamse-ardennen-promotie/?utm_source=corporate&utm_medium=referral&utm_campaign=rssfeed&utm_content=vrt-nws"
"VRT NWS (EN)";"EN";"2026-10-07";"Virtuele modellen en gaten die nep zijn: AI-foto's zijn in opmars op Vinted";"https://www.vrt.be/vrtnws/nl/2026/10/06/misleidende-ai-foto-s-in-opmars-op-tweedehandsplatform-vinted/?utm_source=corporate&utm_medium=referral&utm_campaign=rssfeed&utm_content=vrt-nws"
"VRT NWS (EN)";"EN";"2026-10-07";"85.000 uitzinnige fans, 2 assists en een strafschop: zo zwaait Messi af bij 'zijn' Argentinië";"https://www.vrt.be/vrtnws/nl/2026/10/07/messi-laatste-keer-voor-argentinie/?utm_source=corporate&utm_medium=referral&utm_campaign=rssfeed&utm_content=vrt-nws"
"VRT NWS (EN)";"EN";"2026-10-07";"Emily was 8 en gijzelaar: 3 jaar geleden beleefde Israël zijn zwartste dag";"https://www.vrt.be/vrtnws/nl/2026/10/06/7-oktober-2023-de-dag-die-israel-hertekende/?utm_source=corporate&utm_medium=referral&utm_campaign=rssfeed&utm_content=vrt-nws"
"VRT NWS (EN)";"EN";"2026-10-07";"""Ze kan praten"": Amerikaanse Christa Pike na mislukte executie opnieuw bij bewustzijn";"https://www.vrt.be/vrtnws/nl/2026/10/06/christa-pike-bij-bewustzijn-zeggen-haar-advocaten/?utm_source=corporate&utm_medium=referral&utm_campaign=rssfeed&utm_content=vrt-nws"
"VRT NWS (EN)";"EN";"2026-10-07";"Avonturier Karl Bushby (57) is na 28 jaar wandelen rond de wereld aangekomen in thuisland Engeland";"https://www.vrt.be/vrtnws/nl/2026/10/06/avonturier-karl-bushby-57-is-na-28-jaar-wandelen-rond-de-werel/?utm_source=corporate&utm_medium=referral&utm_campaign=rssfeed&utm_content=vrt-nws"
"VRT NWS (EN)";"EN";"2026-10-07";"Meer dan 5.000 euro voor paneel Atomium, maar ook enkele onverkochte topstukken: VRT veilt deel van kunstcollectie";"https://www.vrt.be/vrtnws/nl/2026/10/06/vrt-veilt-deel-van-kunstcollectie-in-antwerpen/?utm_source=corporate&utm_medium=referral&utm_campaign=rssfeed&utm_content=vrt-nws"
"VRT NWS (EN)";"EN";"2026-10-07";"Spoedarts en ambulanciers vluchten voor agressieve patiënt in Kortrijk, MUG loopt schade op";"https://www.vrt.be/vrtnws/nl/2026/10/06/4-hulpverleners-aangevallen-in-kortrijk-door-patient-van-24/?utm_source=corporate&utm_medium=referral&utm_campaign=rssfeed&utm_content=vrt-nws"
"VRT NWS (EN)";"EN";"2026-10-07";"Honderden miljoenen doden in de middeleeuwen, vandaag nog zo'n 1.000 infecties per jaar: dit moet je weten over de pest";"https://www.vrt.be/vrtnws/nl/2026/10/06/de-pest-risico-wat-is-het/?utm_source=corporate&utm_medium=referral&utm_campaign=rssfeed&utm_content=vrt-nws"
"VRT NWS (EN)";"EN";"2026-10-07";"De fysicus uit Tienen die met 'kosmisch spookdeeltje' Nobelprijs Fysica wint: dit is Francis Halzen (82)";"https://www.vrt.be/vrtnws/nl/2026/10/06/belg-francis-halzen-wint-nobelprijs-voor-natuurkunde/?utm_source=corporate&utm_medium=referral&utm_campaign=rssfeed&utm_content=vrt-nws"
"VRT NWS (EN)";"EN";"2026-10-07";"Lily, Benjamin en Arthur protesteren in Luik tegen de onderwijsbesparingen: ""1 leerkracht voor 35 leerlingen is te weinig""";"https://www.vrt.be/vrtnws/nl/2026/10/06/scholenprotest-waarom-protesteren-de-leerlingen-portret/?utm_source=corporate&utm_medium=referral&utm_campaign=rssfeed&utm_content=vrt-nws"
"VRT NWS (EN)";"EN";"2026-10-07";"Loon van 1.200 euro, huur van 1.600 euro: waarom steeds meer Spanjaarden geen betaalbare woning vinden";"https://www.vrt.be/vrtnws/nl/2026/10/05/hoe-diep-is-de-wooncrisis-in-spanje/?utm_source=corporate&utm_medium=referral&utm_campaign=rssfeed&utm_content=vrt-nws"
"VRT NWS (EN)";"EN";"2026-10-07";"Ook stinkwantsen in huis? ""De soort is zo verspreid dat we er niet meer vanaf geraken""";"https://www.vrt.be/vrtnws/nl/2026/10/06/schildwants-in-huis/?utm_source=corporate&utm_medium=referral&utm_campaign=rssfeed&utm_content=vrt-nws"
"VRT NWS (EN)";"EN";"2026-10-07";"Ondernemer uit Nieuwpoort haalt miljoenen op voor luxeresort in Kaapverdië: project na 4 jaar nog niet gebouwd";"https://www.vrt.be/vrtnws/nl/2026/10/01/hotel-kaapverdie-resort-nieuwpoort-serena-bay/?utm_source=corporate&utm_medium=referral&utm_campaign=rssfeed&utm_content=vrt-nws"
"VRT NWS (EN)";"EN";"2026-10-07";"Zijn je (bank)gegevens gelekt na een cyberaanval of datalek? Zo bescherm je jezelf tegen oplichters";"https://www.vrt.be/vrtnws/nl/2026/10/04/wat-als-je-gegevens-gelekt-zijn-datalek-tim-verheyden/?utm_source=corporate&utm_medium=referral&utm_campaign=rssfeed&utm_content=vrt-nws"
"VRT NWS (EN)";"EN";"2026-10-07";"Van het Jenevermuseum en Bozar tot sociaal-cultureel volwassenenwerk: hier bespaart Vlaams minister Gennez 47 miljoen euro";"https://www.vrt.be/vrtnws/nl/2026/10/01/overzicht-van-besparingen-cultuur-47-miljoen-euro-caroline-genne/?utm_source=corporate&utm_medium=referral&utm_campaign=rssfeed&utm_content=vrt-nws"
"VRT NWS (EN)";"EN";"2026-10-07";"Een woning kopen of een kind krijgen? Bereken hier hoeveel de nieuwe Vlaamse begroting jou kost";"https://www.vrt.be/vrtnws/nl/2026/09/30/kinderbijslag-kindergeld-huis-kopen-bereken-begroting-vlaams/?utm_source=corporate&utm_medium=referral&utm_campaign=rssfeed&utm_content=vrt-nws"
"VRT NWS (EN)";"EN";"2026-10-07";"Warmtepompen als vervanging voor gasketels: wat kosten ze en zijn ze een oplossing voor elk huis?";"https://www.vrt.be/vrtnws/nl/2026/09/17/warmtepompen-warmtenetten-of-hout-en-pelletkachels-alternati/?utm_source=corporate&utm_medium=referral&utm_campaign=rssfeed&utm_content=vrt-nws"
"VRT NWS (EN)";"EN";"2026-10-07";"Hoe goed ken jij de verkeersregels? Test je kennis met deze 10 vragen";"https://www.vrt.be/vrtnws/nl/2026/09/25/verkeersquiz/?utm_source=corporate&utm_medium=referral&utm_campaign=rssfeed&utm_content=vrt-nws"
"VRT NWS (EN)";"EN";"2026-10-07";"""Zet die roze bril af, België"": commandant Oekraïense dronetroepen waarschuwt voor Russische dreiging";"https://www.vrt.be/vrtnws/nl/2026/09/24/oekraine-arnaud-magyar-drones-oorlog-rusland/?utm_source=corporate&utm_medium=referral&utm_campaign=rssfeed&utm_content=vrt-nws"
"VRT NWS (EN)";"EN";"2026-10-07";"Eerstejaarsjunior Vic De Smet verovert na WK-zilver nu ook brons op EK tijdrijden, toptalent Noval wint nagelbijter";"https://sporza.be/nl/matches/wielrennen/ek-junioren-mannen-tijdrit/2026/ek-tijdrit-junioren-mannen-eerstejaarsjunior-vic-de-smet-verovert-na-wk-zilver-nu-ook-brons-op-ek-tijdrijden-toptalent-noval-wint-nagelbijter~1789987488476/"
"VRT NWS (EN)";"EN";"2026-10-07";"LIVESTREAM: Aldo Taillieu is gestart, doen de Belgische beloften er nog een EK-medaille bij?";"https://sporza.be/nl/matches/wielrennen/ek-beloften-mannen-tijdrit/2026/ek-tijdrit-beloften-mannen-livestream-aldo-taillieu-is-gestart-doen-de-belgische-beloften-er-nog-een-ek-medaille-bij~1789988006797/"
"VRT NWS (EN)";"EN";"2026-10-07";"Nienke Vinke pakt goud in EK tijdrijden bij beloften, puike ereplaatsen voor Emma Siegers (5e) en Febe Jooris (7e)";"https://sporza.be/nl/matches/wielrennen/ek-beloften-vrouwen-tijdrit/2026/ek-tijdrit-beloften-vrouwen-nienke-vinke-pakt-goud-in-ek-tijdrijden-bij-beloften-puike-ereplaatsen-voor-emma-siegers-5e-en-febe-jooris-7e~1789987849001/"
"VRT NWS (EN)";"EN";"2026-10-07";"Eigenzinnige Jan-Willem van Schip hangt na Zesdaagse van Rotterdam koersschoenen aan de haak";"https://sporza.be/nl/2026/10/07/eigenzinnige-jan-willem-van-schip-hangt-na-zesdaagse-van-rotterdam-koersschoenen-aan-de-haak~1791365159584/"
"VRT NWS (EN)";"EN";"2026-10-07";"""Compleet misplaatste"" reclame tijdens afscheid Messi zorgt voor golf aan woede in Argentinië, bedrijf moet zelfs ingrijpen";"https://sporza.be/nl/2026/10/07/-compleet-misplaatste-reclame-tijdens-afscheid-messi-zorgt-voor-golf-aan-woede-in-argentinie-bedrijf-moet-zelfs-ingrijpen~1791363701592/"
"VRT NWS (EN)";"EN";"2026-10-07";"Matthias Casse plaatst zich met golden score voor kwartfinales op WK judo";"https://sporza.be/nl/2026/10/02/matthias-casse-plaatst-zich-met-golden-score-voor-kwartfinales-op-wk-judo~1790948861971/"
"VRT NWS (EN)";"EN";"2026-10-07";"Wielertransfers: Ethan Hayter zwaait Soudal-Quick Step uit en is volgende versterking van Pinarello Q36.5";"https://sporza.be/nl/2026/06/23/wielertransfers-ethan-hayter-zwaait-soudal-quick-step-uit-en-is-volgende-versterking-van-pinarello-q365~1782211297086/"
"VRT NWS (EN)";"EN";"2026-10-07";"Net niet! ""Megatevreden"" Laura Fivé ziet Europese titel tijdrijden door handen glippen, maar verovert wel zilver";"https://sporza.be/nl/matches/wielrennen/ek-junioren-vrouwen-tijdrit/2026/ek-tijdrit-junioren-vrouwen-net-niet-megatevreden-laura-five-ziet-europese-titel-tijdrijden-door-handen-glippen-maar-verovert-wel-zilver~1789987213045/"
"VRT NWS (EN)";"EN";"2026-10-07";"""Triest dat je je leven moet riskeren"": politiemotor rijdt in op peloton en veroorzaakt val in Tre Valli Varesine";"https://sporza.be/nl/2026/10/07/-triest-dat-je-je-leven-moet-riskeren-politiemotor-rijdt-in-op-peloton-en-veroorzaakt-val-in-tre-valli-varesine~1791356948687/"
"VRT NWS (EN)";"EN";"2026-10-07";"""Dat wordt een feestje op het vliegtuig"": Jonge Duivels stralen na kwalificatie voor EK, al was slotmatch ""echt niet leuk""";"https://sporza.be/nl/2026/10/06/-dat-wordt-een-feestje-op-het-vliegtuig-jonge-duivels-stralen-na-kwalificatie-voor-ek-al-was-slotmatch-echt-niet-leuk~1791322416604/"
"VRT NWS (EN)";"EN";"2026-10-07";"Met 2 assists en een rake penalty in de bovenhoek: zo zwaait Messi af bij zijn Argentinië";"https://sporza.be/nl/2026/10/07/met-2-assists-en-een-rake-penalty-in-de-bovenhoek-zo-zwaait-messi-af-bij-zijn-argentinie~1791345987132/"
"VRT NWS (EN)";"EN";"2026-10-07";"Messi houdt het niet droog tijdens emotionele afscheidsspeech: ""Ik hou van jullie""";"https://sporza.be/nl/2026/10/07/messi-houdt-het-niet-droog-tijdens-emotionele-afscheidsspeech-ik-hou-van-jullie~1791348330922/"
"VRT NWS (EN)";"EN";"2026-10-07";"""Dit is de échte waarheid"": Ronaldo doet in scherp statement verhaal van breuk met bondscoach, die ""2 keer zijn woord brak""";"https://sporza.be/nl/2026/10/06/-dit-is-de-echte-waarheid-ronaldo-doet-in-scherp-statement-verhaal-van-breuk-met-bondscoach-die-2-keer-zijn-woord-brak~1791313136213/"
"VRT NWS (EN)";"EN";"2026-10-07";"De chaoot, de ""Raskin"" en het 16-jarige jonkie: de 14 Flames voor het EK Futsal door de ogen van mede-international Imke Courtois";"https://sporza.be/nl/2026/10/06/de-chaoot-de-raskin-en-het-16-jarige-jonkie-de-14-flames-voor-het-ek-futsal-door-de-ogen-van-mede-international-imke-courtois~1791289724494/"
"VRT NWS (EN)";"EN";"2026-10-07";"VIDEO - Met overschot! Paul Magnier snelt eenvoudig naar winst in Binche-Chimay-Binche";"https://sporza.be/nl/2026/10/06/video-met-overschot-paul-magnier-snelt-eenvoudig-naar-winst-i~1791300037634/"
"VRT NWS (EN)";"EN";"2026-10-07";"Ziekte doet De Vylder twijfelen, maatje Van den Bossche gelooft in nieuwe wereldtitel op de ploegkoers: ""Ik maak mij geen zorgen""";"https://sporza.be/nl/2026/10/06/ziekte-doet-de-vylder-twijfelen-maatje-van-den-bossche-gelooft-in-nieuwe-wereldtitel-op-de-ploegkoers-ik-maak-mij-geen-zorgen~1791279197995/"
"RTBF Actus (FR)";"FR";"2026-10-07";"Les adieux de Lionel Messi à l'Argentine";"/article/manifestations-des-eleves-les-jeunes-sont-ils-reellement-plus-precarises-que-leurs-aines-au-meme-age-11796283"
"RTBF Actus (FR)";"FR";"2026-10-07";"Le studio ""Supercell"" nous arnaque ?";"/article/wta-pekin-elise-mertens-se-joue-de-coco-gauff-4e-joueuse-mondiale-11796296"
"RTBF Actus (FR)";"FR";"2026-10-07";"États-Unis : des internautes protègent l'anonymat de la victime de Cornell";"/article/mobilisation-des-eleves-a-liege-des-mineurs-ont-passe-pres-de-12-heures-au-poste-11796281"
"RTBF Actus (FR)";"FR";"2026-10-07";"Jusqu’où iriez-vous pour défendre votre meilleure amie ? Florent Losson a choisi la guerre";"/article/affaire-bardella-le-ravalement-de-facade-du-rn-cache-t-il-un-antisemitisme-intact-11795583"
"RTBF Actus (FR)";"FR";"2026-10-07";"Viens, je t'explique";"/article/prix-nobel-de-chimie-le-prix-nobel-de-chimie-attribue-a-henri-kagan-et-kenso-soai-11796361"
"RTBF Actus (FR)";"FR";"2026-10-07";"""Il n’y a pas de budget, mais c’est l’austérité quand même""";"/article/prix-nobel-de-chimie-le-prix-nobel-de-chimie-attribue-a-henri-kagan-et-kenso-soai-11796361"
"RTBF Actus (FR)";"FR";"2026-10-07";"Crash Test : ""Gears of Way E-Day""";"/article/richard-debeir-ancien-commentateur-f1-a-la-rtbf-est-decede-a-l-age-de-82-ans-11796346"
"RTBF Actus (FR)";"FR";"2026-10-07";"French Connection : 5 Oscars et une poursuite de légende";"/article/apres-les-emeutes-a-liege-les-commercants-face-aux-degats-11796305"
"RTBF Actus (FR)";"FR";"2026-10-07";"Crash Test : ""Star Wars Galactic Racer""";"/article/jusqu-ou-iriez-vous-pour-defendre-votre-meilleure-amie-florent-losson-a-choisi-la-guerre-11796162"
"RTBF Actus (FR)";"FR";"2026-10-07";"Adrien Devyver affronte le Dr Gillet de ""Vital"" au jeu Docteur Maboul";"/article/dans-si-tu-penses-bien-niels-schneider-tente-d-incarner-plus-qu-un-homme-toxique-11795745"
"RTBF Actus (FR)";"FR";"2026-10-07";"Écoles: d'où vient la colère ?";"/article/direct-manifestation-des-eleves-a-liege-des-etudiants-rassembles-devant-certains-etablissements-dans-le-calme-11796189"
"RTBF Actus (FR)";"FR";"2026-10-07";"Le service citoyen les a transformé·es";"/article/direct-manifestation-des-eleves-a-liege-des-etudiants-rassembles-devant-certains-etablissements-dans-le-calme-11796189"
"RTBF Actus (FR)";"FR";"2026-10-07";"Les jeunes d’aujourd’hui sont-ils plus pauvres que ceux d’hier ? Logement, transport, études : l’analyse de deux économistes";"/article/le-proces-ullens-reporte-pour-vice-de-procedure-au-lendemain-du-prononce-de-la-peine-11796252"
"RTBF Actus (FR)";"FR";"2026-10-07";"WTA Pékin : Elise Mertens se joue de Coco Gauff, 4e joueuse mondiale";"/article/j-ai-fait-une-erreur-avec-un-joueur-de-la-stature-de-pele-ou-de-maradona-le-texte-surrealiste-que-cristiano-ronaldo-voulait-faire-lire-a-jorge-jesus-11796248"
"RTBF Actus (FR)";"FR";"2026-10-07";"Mobilisation des élèves à Liège : des mineurs ont passé près de 12 heures au poste";"/article/des-gilets-jaunes-aux-gilets-jeunes-11796193"
"RTBF Actus (FR)";"FR";"2026-10-07";"Affaire Bardella : le ravalement de façade cache-t-il un antisémitisme intact au RN ?";"/article/la-minute-insolite-cet-espagnol-de-94-ans-vit-seul-dans-une-foret-depuis-trois-decennies-11796341"
"RTBF Actus (FR)";"FR";"2026-10-07";"Prix Nobel de chimie attribué au Français Henri Kagan et au Japonais Kenso Soai";"/article/les-critiques-d-hugues-dayez-avec-the-social-reckoning-requisitoire-glacant-contre-facebook-11795597"
"RTBF Actus (FR)";"FR";"2026-10-07";"Prix Nobel de chimie attribué au Français Henri Kagan et au Japonais Kenso Soai";"/article/le-paradoxe-espagnol-des-fondamentaux-economiques-solides-mais-un-pays-mine-par-la-crise-du-logement-11796171"
"RTBF Actus (FR)";"FR";"2026-10-07";"Richard Debeir, pionnier du commentaire F1 à la RTBF, est décédé";"/article/les-critiques-de-cathy-immelen-isabelle-huppert-en-figurante-la-brillante-idee-de-ni-vue-ni-connue-11795590"
"RTBF Actus (FR)";"FR";"2026-10-07";"Après les émeutes à Liège, les commerçants face aux dégâts";"/article/dj-snake-annonce-une-collaboration-avec-mylene-farmer-11796237"
"RTBF Actus (FR)";"FR";"2026-10-07";"Jusqu’où iriez-vous pour défendre votre meilleure amie ? Florent Losson a choisi la guerre";"/article/des-larmes-un-but-et-un-peu-de-genie-lionel-messi-a-reussi-ses-adieux-avec-l-argentine-11796175"
"RTBF Actus (FR)";"FR";"2026-10-07";"Dans ""Si tu penses bien"", Niels Schneider tente d'incarner plus qu'un homme toxique";"/article/des-larmes-un-but-et-un-peu-de-genie-lionel-messi-a-reussi-ses-adieux-avec-l-argentine-11796175"
"RTBF Actus (FR)";"FR";"2026-10-07";"Direct – Manifestation des élèves : à Liège ou Bruxelles de nouvelles écoles rejoignent le mouvement";"/article/passe-le-plombier-polonais-comment-la-pologne-s-est-hissee-parmi-les-economies-les-plus-dynamiques-d-europe-11795880"
"RTBF Actus (FR)";"FR";"2026-10-07";"Direct – Manifestation des élèves : à Liège ou Bruxelles de nouvelles écoles rejoignent le mouvement";"/article/indochine-l-arena-tour-devient-une-experience-immersive-a-paris-des-le-20-novembre-11796232"
"RTBF Actus (FR)";"FR";"2026-10-07";"Procès Ullens : voici pourquoi la suite du procès est suspendue, l’accusé reste libre";"/article/l-humoriste-simon-cortisone-explique-pourquoi-il-deteste-le-mois-d-octobre-le-plus-terrifiant-de-l-annee-11796204"
"RTBF Actus (FR)";"FR";"2026-10-07";"""J’ai fait une erreur avec un joueur de la stature de Pelé ou de Maradona"" : le texte surréaliste que Cristiano Ronaldo voulait faire lire à Jorge Jesus";"/article/l-ecolo-zakia-khattabi-denonce-un-budget-totem-bruxellois-il-n-y-a-pas-de-budget-mais-c-est-l-austerite-quand-meme-11796174"
"RTBF Actus (FR)";"FR";"2026-10-07";"Une mobilisation étudiante regardée avec mépris : des gilets jaunes aux gilets jeunes";"/article/le-bourgmestre-de-liege-et-la-police-appellent-les-eleves-a-reprendre-le-chemin-de-l-ecole-ce-mercredi-11796099"
"RTBF Actus (FR)";"FR";"2026-10-07";"La minute insolite : cet espagnol de 94 ans vit seul dans une forêt depuis trois décennies";"/article/les-diablotins-se-font-peur-au-danemark-mais-valident-leur-ticket-pour-l-euro-2027-11796030"
"RTBF Actus (FR)";"FR";"2026-10-07";"Les critiques d’Hugues Dayez avec ""The Social Reckoning"", réquisitoire glaçant contre Facebook";"/article/schaerbeek-rend-un-avis-defavorable-au-projet-d-urbanisation-de-la-friche-josaphat-11795993"
"RTBF Actus (FR)";"FR";"2026-10-07";"Espagne : comment la crise du logement paralyse une économie pourtant florissante ?";"/article/trois-vallees-varesines-jarno-widar-s-offre-un-1er-succes-professionnel-en-domptant-tom-pidcock-et-matteo-jorgenson-au-sprint-11795998"
"RTBF Actus (FR)";"FR";"2026-10-07";"Les Critiques de Cathy Immelen : Isabelle Huppert en figurante, la brillante idée de ""Ni vue, ni connue""";"/article/binche-chimay-binche-l-impressionnant-paul-magnier-met-en-echec-la-tactique-parfaite-de-lotto-intermarche-11795943"
"RTBF Actus (FR)";"FR";"2026-10-07";"DJ Snake annonce une collaboration avec Mylène Farmer";"/article/le-nobel-de-physique-revient-a-un-belge-francis-halzen-chasseur-de-neutrinos-sous-la-glace-11795578"
"RTBF Actus (FR)";"FR";"2026-10-07";"Des larmes, un but et un peu de génie : Lionel Messi a réussi ses adieux émouvants avec l’Argentine";"/article/on-va-pas-s-arreter-les-lyceens-n-ont-pas-dit-leur-dernier-mot-lecornu-tente-l-apaisement-la-police-des-polices-enquete-11796212"
"RTBF Actus (FR)";"FR";"2026-10-07";"Des larmes, un but et un peu de génie : Lionel Messi a réussi ses adieux émouvants avec l’Argentine";"/article/des-gilets-jaunes-aux-gilets-jeunes-11796193"
"RTBF Actus (FR)";"FR";"2026-10-07";"Passé le ""plombier polonais"" : comment la Pologne s’est hissée parmi les économies les plus dynamiques d’Europe";"/article/le-bourgmestre-de-liege-et-la-police-appellent-les-eleves-a-reprendre-le-chemin-de-l-ecole-ce-mercredi-11796099"
"RTBF Actus (FR)";"FR";"2026-10-07";"Indochine : l’Arena Tour devient une expérience immersive à Paris dès le 20 novembre";"/article/maladie-rare-gabriel-11-ans-fait-parler-son-imaginaire-grace-au-codage-11795108"
"RTBF Actus (FR)";"FR";"2026-10-07";"L’humoriste Simon Cortisone explique pourquoi il déteste le mois d’octobre, ""le plus terrifiant de l’année""";"/article/manifestations-des-eleves-les-mineurs-ont-ils-le-droit-de-faire-la-greve-11795832"
"RTBF Actus (FR)";"FR";"2026-10-07";"L'Ecolo Zakia Khattabi dénonce ""un budget totem"" bruxellois : ""Il n’y a pas de budget, mais c’est l’austérité quand même""";"/article/colere-etudiante-on-a-ce-sentiment-que-les-jeunes-sont-sacrifies-sur-l-autel-des-boomers-selon-le-politologue-francois-gemenne-11795070"
"RTBF Actus (FR)";"FR";"2026-10-07";"Le Bourgmestre de Liège et la police appellent ""les élèves à reprendre le chemin de l’école"" ce mercredi";"/article/rentree-des-classes-comment-des-enseignants-et-associations-se-servent-du-jeu-video-comme-outil-pedagogique-11590047"
"RTBF Actus (FR)";"FR";"2026-10-07";"Les Diablotins se font peur au Danemark mais compostent leur ticket pour l’Euro 2027";"/article/france-cours-suspendus-dans-des-centaines-de-lycee-lundi-un-etudiant-en-passe-d-etre-inculpe-pour-acte-de-barbarie-11794727"
"RTBF Actus (FR)";"FR";"2026-10-07";"Schaerbeek rend un avis défavorable au projet d'urbanisation de la friche Josaphat";"/article/tu-casses-tout-casse-toi-mars-attacks-reclame-la-demission-devalerie-glatigny-lors-d-une-consultation-a-etterbeek-11794433"
"RTBF Actus (FR)";"FR";"2026-10-07";"L’exploit de Jarno Widar aux Trois Vallées Varésines : le Belge dompte Tom Pidcock et Matteo Jorgenson au sprint pour un 1er succès pro";"/article/israel-en-alerte-face-a-tout-scenario-d-attaque-du-hamas-a-l-occasion-des-3-ans-du-7-octobre-11795917"
"RTBF Actus (FR)";"FR";"2026-10-07";"Binche-Chimay-Binche : l’intouchable Paul Magnier met en échec la tactique parfaite de Lotto-Intermarché";"/article/yemen-plus-de-90-frappes-saoudiennes-ces-dernieres-24-heures-11794271"
"RTBF Actus (FR)";"FR";"2026-10-07";"Le Nobel de physique revient à un Belge : Francis Halzen, chasseur de neutrinos sous la glace";"/article/les-etats-unis-placent-sur-liste-noire-des-francais-accuses-de-financer-le-hamas-11794195"
"RTBF Actus (FR)";"FR";"2026-10-07";"""On va pas s’arrêter"" : les lycéens n’ont pas dit leur dernier mot, Lecornu tente l’apaisement, la police des polices enquête";"/article/des-images-satellites-de-google-montrent-l-etat-de-destruction-du-sud-de-la-bande-de-gaza-11792651"
"RTBF Actus (FR)";"FR";"2026-10-07";"Une mobilisation étudiante regardée avec mépris : des gilets jaunes aux gilets jeunes";"/article/naza-le-film-qui-fait-scandale-en-israel-projete-en-belgique-les-dessous-des-frappes-israeliennes-sur-gaza-et-les-victimes-civiles-collaterales-11791763"
"RTBF Actus (FR)";"FR";"2026-10-07";"Le Bourgmestre de Liège et la police appellent ""les élèves à reprendre le chemin de l’école"" ce mercredi";"/article/harcelement-mariages-forces-et-viols-des-femmes-de-gaza-temoignent-de-leur-insecurite-permanente-11791332"
"RTBF Actus (FR)";"FR";"2026-10-07";"Maladie rare : Gabriel, 11 ans, fait parler son imaginaire grâce au codage";"/article/wilson-fache-au-realisateur-israelien-yuval-abraham-je-ne-peux-pas-m-empecher-de-penser-que-toi-aussi-tu-seras-un-jour-acclame-par-tes-concitoyens-11790533"
"RTBF Actus (FR)";"FR";"2026-10-07";"Manifestations des élèves : les mineurs ont-ils le droit de faire la grève ?";"/article/guerre-au-moyen-orient-l-iran-propose-de-rouvrir-sous-sept-jours-le-detroit-d-ormuz-11790428"
"RTBF Actus (FR)";"FR";"2026-10-07";"Colère étudiante : ""On a ce sentiment que les jeunes sont sacrifiés sur l’autel des boomers"", selon le politologue François Gemenne";"/article/guerre-au-moyen-orient-la-colombie-alliee-de-washington-rompt-ses-relations-diplomatiques-avec-l-iran-11790320"
"RTBF Actus (FR)";"FR";"2026-10-07";"Comment des enseignants et associations se servent du jeu vidéo comme outil pédagogique";"/article/les-critiques-d-hugues-dayez-avec-the-social-reckoning-requisitoire-glacant-contre-facebook-11795597"
"RTBF Actus (FR)";"FR";"2026-10-07";"France : cours suspendus dans des centaines de lycée lundi, un étudiant en passe d’être inculpé pour ""acte de barbarie""";"/article/les-critiques-de-cathy-immelen-isabelle-huppert-en-figurante-la-brillante-idee-de-ni-vue-ni-connue-11795590"
"RTBF Actus (FR)";"FR";"2026-10-07";"""Tu casses tout, casse-toi"" : Mars Attacks ! réclame la démission de Valérie Glatigny lors d’une consultation à Etterbeek";"/article/french-connection-fete-ses-55-ans-5-choses-que-vous-ignoriez-encore-sur-le-chef-d-uvre-de-william-friedkin-11793831"
"RTBF Actus (FR)";"FR";"2026-10-07";"Israël en alerte face à ""tout scénario"" d'attaque du Hamas à l'occasion des 3 ans du 7-Octobre";"/article/concours-remportez-vos-places-pour-le-corset-sublime-film-d-animation-prime-au-festival-de-cannes-11790105"
"RTBF Actus (FR)";"FR";"2026-10-07";"Yémen : plus de 90 frappes saoudiennes ces dernières 24 heures";"/article/documentaire-jour-blanc-une-histoire-d-amitie-resilience-et-inclusion-11795072"
"RTBF Actus (FR)";"FR";"2026-10-07";"Les États-Unis placent sur liste noire des Français accusés de financer le Hamas";"/article/geraldine-nakache-passe-au-drame-avec-si-tu-penses-bien-j-avais-besoin-de-raconter-cette-histoire-11795651"
"RTBF Actus (FR)";"FR";"2026-10-07";"Des images satellites de Google montrent l’état de destruction du sud de la bande de Gaza";"/article/dans-si-tu-penses-bien-niels-schneider-tente-d-incarner-plus-qu-un-homme-toxique-11795745"
"RTBF Actus (FR)";"FR";"2026-10-07";"Naza, le film qui fait scandale en Israël projeté en Belgique : les dessous des frappes israéliennes sur Gaza et les victimes civiles collatérales";"/article/muriel-la-comedie-dramatique-qui-a-relance-l-abbamania-et-toni-collette-11794080"
"RTBF Actus (FR)";"FR";"2026-10-07";"Harcèlement, mariages forcés et viols : des femmes de Gaza témoignent de leur insécurité permanente";"/article/documentaire-grandir-comment-se-faire-une-place-dans-le-monde-11791542"
"RTBF Actus (FR)";"FR";"2026-10-07";"Wilson Fache au réalisateur israélien Yuval Abraham : ""Je ne peux pas m’empêcher de penser que toi aussi tu seras un jour acclamé par tes concitoyens""";"/article/des-gilets-jaunes-aux-gilets-jeunes-11796193"
"RTBF Actus (FR)";"FR";"2026-10-07";"Guerre au Moyen-Orient : l'Iran propose de rouvrir sous sept jours le détroit d'Ormuz ""si certaines conditions sont remplies""";"/article/la-revue-de-presse-les-jeunes-manifestants-ou-casseurs-11796207"
"RTBF Actus (FR)";"FR";"2026-10-07";"Guerre au Moyen-Orient : la Colombie, alliée de Washington, rompt ses relations diplomatiques avec l'Iran";"/article/les-critiques-d-hugues-dayez-avec-the-social-reckoning-requisitoire-glacant-contre-facebook-11795597"
"RTBF Actus (FR)";"FR";"2026-10-07";"Les critiques d’Hugues Dayez avec ""The Social Reckoning"", réquisitoire glaçant contre Facebook";"/article/jusqu-ou-iriez-vous-pour-defendre-votre-meilleure-amie-florent-losson-a-choisi-la-guerre-11796162"
"RTBF Actus (FR)";"FR";"2026-10-07";"Les Critiques de Cathy Immelen : Isabelle Huppert en figurante, la brillante idée de ""Ni vue, ni connue""";"/article/midterms-aux-etats-unis-dans-les-camps-de-detention-de-l-ice-l-objectif-de-trump-est-de-faire-souffrir-les-immigres-11791577"
"RTBF Actus (FR)";"FR";"2026-10-07";"""French Connection"" : les coulisses folles de la course-poursuite la plus dangereuse de l'histoire du cinéma";"/article/french-connection-fete-ses-55-ans-5-choses-que-vous-ignoriez-encore-sur-le-chef-d-uvre-de-william-friedkin-11793831"
"RTBF Actus (FR)";"FR";"2026-10-07";"Concours : Remportez vos places pour “Le Corset”, sublime film d’animation primé au Festival de Cannes";"/article/avant-lumumba-simon-kimbangu-defiait-deja-l-ordre-colonial-belge-au-congo-11792342"
"RTBF Actus (FR)";"FR";"2026-10-07";"Documentaire ""Jour Blanc"" : une histoire d’amitié, résilience et inclusion";"/article/alice-pol-lumineuse-cindy-dans-la-serie-dr-seylan-et-cindy-des-la-lecture-j-etais-emballee-11792702"
"RTBF Actus (FR)";"FR";"2026-10-07";"Géraldine Nakache passe au drame avec ""Si tu penses bien"" : ""J’avais besoin de raconter cette histoire""";"/article/vous-considerez-que-notre-reportage-est-incomplet-un-droit-de-reponse-est-il-possible-11786650"
"RTBF Actus (FR)";"FR";"2026-10-07";"Dans ""Si tu penses bien"", Niels Schneider tente d'incarner plus qu'un homme toxique";"/article/proximite-interaction-et-collaboration-comment-la-rtbf-ancre-ses-contenus-au-c-ur-des-regions-11786513"
"RTBF Actus (FR)";"FR";"2026-10-07";"""Muriel"" : la comédie dramatique qui a révélé Toni Colette et relancé l'ABBAmania";"/article/que-fait-la-rtbf-de-vos-donnees-collecte-algorithmes-et-protection-de-la-vie-privee-decryptes-11776913"
"RTBF Actus (FR)";"FR";"2026-10-07";"Documentaire : ""Grandir"", comment se faire une place dans le monde ?";"/article/enfant-illegitime-un-terme-a-eviter-sur-nos-antennes-11776723"
"RTBF Actus (FR)";"FR";"2026-10-07";"Une mobilisation étudiante regardée avec mépris : des gilets jaunes aux gilets jeunes";"/article/les-jeunes-et-l-actu-plus-informes-qu-on-ne-le-pense-mais-pas-a-l-abri-de-pieges-11763284"
"RTBF Actus (FR)";"FR";"2026-10-07";"La revue de presse : les jeunes, manifestants ou casseurs ?";"/article/moderation-sur-les-reseaux-sociaux-le-defi-quotidien-de-la-rtbf-11758876"
"RTBF Actus (FR)";"FR";"2026-10-07";"Les critiques d’Hugues Dayez avec ""The Social Reckoning"", réquisitoire glaçant contre Facebook";"/article/age-conseille-contenus-sensibles-une-nouvelle-signaletique-tele-des-le-1er-juillet-11745979"
"RTBF Actus (FR)";"FR";"2026-10-07";"Jusqu’où iriez-vous pour défendre votre meilleure amie ? Florent Losson a choisi la guerre";"/article/bivouacs-du-journalisme-les-contacts-avec-le-public-sont-extremement-enrichissants-on-retire-le-micro-la-camera-jean-pierre-jacqmin-ancien-directeur-de-l-info-de-la-rtbf-11746010"
"RTBF Actus (FR)";"FR";"2026-10-07";"'Midterms' aux États-Unis : dans les camps de détention de l’ICE, ""l’objectif de Trump est de faire souffrir les immigrés""";"/article/coupe-du-monde-les-matchs-des-diables-rouges-aussi-pour-les-malvoyants-11743270"
"RTBF Actus (FR)";"FR";"2026-10-07";"""French Connection"" : les coulisses folles de la course-poursuite la plus dangereuse de l'histoire du cinéma";"/article/tentez-d-assister-a-l-avant-premiere-du-film-sanguine-11796032"
"RTBF Actus (FR)";"FR";"2026-10-07";"Qui était Simon Kimbangu, figure oubliée de la lutte contre le colonialisme belge au Congo ?";"/article/concours-remporte-des-places-pour-la-made-in-asia-grace-a-rtbf-ixpe-tipik-et-tarmac-11795881"
"RTBF Actus (FR)";"FR";"2026-10-07";"Alice Pol, lumineuse Cindy dans la série ""Dr Seylan & Cindy"" : ""Dès la lecture, j'étais emballée""";"/article/tipik-vous-emmene-au-concert-de-myles-smith-11796323"
"RTBF Actus (FR)";"FR";"2026-10-07";"Vous considérez que notre reportage est incomplet ? Un droit de réponse est-il possible ?";"/article/concours-remportez-vos-places-pour-le-corset-sublime-film-d-animation-prime-au-festival-de-cannes-11790105"
"RTBF Actus (FR)";"FR";"2026-10-07";"Comment la RTBF ancre ses contenus au cœur des régions : proximité, interactions et collaborations";"/article/tentez-de-remporter-vos-places-pour-le-concert-d-anastasia-kobekina-et-le-bno-au-grand-manege-de-namur-11795813"
"RTBF Actus (FR)";"FR";"2026-10-07";"Que fait la RTBF de vos données ? Collecte, algorithmes et protection de la vie privée décryptés";"/article/gagnez-vos-places-pour-decouvrir-street-fighter-au-cinema-11792784"
"RTBF Actus (FR)";"FR";"2026-10-07";"""Enfant illégitime"" : un terme à éviter sur nos antennes";"/article/concours-agenda-cine-gagnez-vos-places-pour-assister-a-l-avant-premiere-du-film-l-ordre-pourpre-11793647"
"RTBF Actus (FR)";"FR";"2026-10-07";"Les jeunes et l’actu : plus informés qu’on ne le pense mais pas à l’abri de pièges";"/article/concours-agenda-cine-gagnez-vos-places-pour-aller-voir-le-film-fausse-note-11793975"
"RTBF Actus (FR)";"FR";"2026-10-07";"Modération sur les réseaux sociaux : le défi quotidien de la RTBF";"/article/concours-la-trois-les-justes-au-theatre-des-martyrs-11788963"
"RTBF Actus (FR)";"FR";"2026-10-07";"Nouvelle signalétique TV : ce qui change ce 1er juillet";"/article/pourquoi-les-boites-de-sardines-se-font-plus-rares-alors-qu-elles-n-ont-jamais-ete-aussi-populaires-11795624"
"RTBF Actus (FR)";"FR";"2026-10-07";"Bivouacs du journalisme : ""Les contacts avec le public sont extrêmement enrichissants"", Jean-Pierre Jacqmin, ancien directeur de l’info de la RTBF";"/article/direct-manifestation-des-eleves-a-liege-des-etudiants-rassembles-devant-certains-etablissements-dans-le-calme-11796189"
"RTBF Actus (FR)";"FR";"2026-10-07";"Coupe du monde : les matchs des Diables Rouges aussi pour les malvoyants";"/article/meurtre-de-la-baronne-ullens-nicolas-ullens-coupable-d-assassinat-le-jury-a-retenu-la-premeditation-11795981"
"RTBF Actus (FR)";"FR";"2026-10-07";"Tentez d'assister à l'avant-première du film Sanguine";"/article/le-dealer-qui-a-vendu-de-la-drogue-a-bryan-brigou-est-un-marginal-en-sejour-illegal-11795844"
"RTBF Actus (FR)";"FR";"2026-10-07";"Concours : remporte des places pour la Made in Asia grâce à RTBF iXPé et Tipik";"/article/contestation-des-eleves-en-belgique-pour-la-ministre-de-la-jeunessevalerie-lescrenier-la-colere-doit-etre-transformee-en-dialogue-11796024"
"RTBF Actus (FR)";"FR";"2026-10-07";"Tipik vous emmène au concert de Myles Smith";"/article/le-proces-ullens-reporte-pour-vice-de-procedure-au-lendemain-du-prononce-de-la-peine-11796252"
"RTBF Actus (FR)";"FR";"2026-10-07";"Concours : Remportez vos places pour “Le Corset”, sublime film d’animation primé au Festival de Cannes";"https://auvio.rtbf.be/media/les-enquetes-de-murdoch-les-enquetes-de-murdoch-3525105"
"RTBF Actus (FR)";"FR";"2026-10-07";"Tentez de remporter vos places pour le concert d'Anastasia Kobekina et le BNO au Grand Manège de Namur !";"https://auvio.rtbf.be/media/le-8-9-le-8-9-3525451"
"RTBF Actus (FR)";"FR";"2026-10-07";"Street Fighter : découvrez le film en avant-première avec Tipik !";"https://auvio.rtbf.be/media/le-6-8-le-6-8-3525403"
"RTBF Actus (FR)";"FR";"2026-10-07";"Concours Agenda Ciné : Gagnez vos places pour assister à l’avant-première du film ""L'ordre Pourpre""";"https://auvio.rtbf.be/media/les-feux-de-l-amour-feux-de-l-amour-s27-3524942"
"RTBF Actus (FR)";"FR";"2026-10-07";"Concours Agenda Ciné : gagnez vos places pour aller voir le film ""Fausse Note""";"https://auvio.rtbf.be/media/une-place-pour-toi-une-place-pour-toi-3522874"
"RTBF Actus (FR)";"FR";"2026-10-07";"Concours La Trois : Les Justes au Théâtre des Martyrs";"https://auvio.rtbf.be/media/velvet-le-nouvel-empire-velvet-le-nouvel-empire-3524941"
"RTBF Actus (FR)";"FR";"2026-10-07";"Pourquoi les boites de sardines se font plus rares alors qu’elles n’ont jamais été aussi populaires";"https://auvio.rtbf.be/media/obituary-obituary-s01-3524647"
"RTBF Actus (FR)";"FR";"2026-10-07";"Direct – Manifestation des élèves : à Liège ou Bruxelles de nouvelles écoles rejoignent le mouvement";"https://auvio.rtbf.be/media/presque-une-viree-que-bernard-campan-n-est-pas-pret-d-oublier-3524916"
"RTBF Actus (FR)";"FR";"2026-10-07";"Meurtre de la baronne Ullens : Nicolas Ullens déclaré coupable d'assassinat, le jury a retenu la préméditation";"https://auvio.rtbf.be/media/les-armes-secretes-de-poutine-espions-societes-fictives-et-oligarques-assure-sa-capacite-de-guerre-3524899"
"RTBF Actus (FR)";"FR";"2026-10-07";"Le dealer qui a vendu de la drogue à Bryan Brigou est un marginal en séjour illégal";"https://auvio.rtbf.be/media/victoria-victoria-s01-3524895"
"RTBF Actus (FR)";"FR";"2026-10-07";"La ministre de la Jeunesse Valérie Lescrenier annonce une rencontre: ""Lorsqu’autant de jeunes ressentent le besoin de s’exprimer, il est essentiel de prendre le temps de les écouter""";"https://auvio.rtbf.be/media/doc-shot-ice-la-chasse-a-l-homme-quand-l-amerique-bascule-3524957"
"RTBF Actus (FR)";"FR";"2026-10-07";"Procès Ullens : voici pourquoi la suite du procès est suspendue, l’accusé reste libre";"https://auvio.rtbf.be/media/meteo-meteo-climat-20h20-3525311"
"France 24 (EN)";"EN";"2026-10-07";"Live: Israel marks three years since Hamas’s deadly October 7 attacks";"https://france24.com/en/middle-east/20261007-middle-east-live-houthis-target-airport-in-yemen-as-israel-marks-october-7-anniversary"
"France 24 (EN)";"EN";"2026-10-07";"Israel marks third anniversary of October 7 attack as election looms";"https://france24.com/en/middle-east/20261007-israel-marks-third-anniversary-of-october-7-attack-as-election-looms"
"France 24 (EN)";"EN";"2026-10-07";"How Netanyahu survived the political fallout from the October 7 attacks";"https://france24.com/en/middle-east/20261007-how-netanyahu-survived-the-political-fallout-from-the-october-7-attacks"
"France 24 (EN)";"EN";"2026-10-07";"Live: France suspends stun grenade use in school protests after 15-year-old loses hand";"https://france24.com/en/france/20261007-live-france-suspends-stun-grenade-use-school-protests-after-15-year-old-loses-hand"
"France 24 (EN)";"EN";"2026-10-07";"Politkovskaya 'predicted' Russia's turn under Putin, editor says on 20th anniversary of her death";"https://france24.com/en/europe/20261007-anna-politkovskaya-the-slain-reporter-who-predicted-russia-future"
"France 24 (EN)";"EN";"2026-10-07";"Russia launches one of its biggest strikes on Ukraine, killing at least 12 civilians";"https://france24.com/en/europe/20261007-at-least-two-killed-in-fire-caused-by-massive-strikes-on-kyiv"
"France 24 (EN)";"EN";"2026-10-07";"Nobel Prize in Chemistry awarded to France's Henri Kagan, Japan's Kenso Soai";"https://france24.com/en/europe/20261007-nobel-prize-in-chemistry-jointly-awarded-to-france-s-henri-kagan-japan-s-kenso-soai"
"France 24 (EN)";"EN";"2026-10-07";"Christa Pike regains consciousness after botched Tennessee execution attempt";"https://france24.com/en/americas/20261006-christa-pike-regains-consciousness-after-botched-tennessee-execution-attempt"
"France 24 (EN)";"EN";"2026-10-07";"'We're fed up': Paris students rise up in a movement that shows no sign of slowing";"https://france24.com/en/france/20261006-we-re-fed-up-paris-students-rise-up-in-a-movement-that-shows-no-sign-of-slowing"
"France 24 (EN)";"EN";"2026-10-07";"French-Japanese duo wins chemistry Nobel for solving molecular 'mystery'";"https://france24.com/en/live-news/20261007-sleep-appetite-gene-editing-experts-contend-for-nobel-chemistry-prize"
"France 24 (EN)";"EN";"2026-10-07";"France suspends stun grenade use at student protests ahead of PM speech";"https://france24.com/en/video/20261007-france-suspends-stun-grenade-use-at-student-protests-ahead-of-pm-speech"
"France 24 (EN)";"EN";"2026-10-07";"French government scrambles to calm nationwide student protests";"https://france24.com/en/video/20261007-french-government-scrambles-to-calm-nationwide-student-protests"
"France 24 (EN)";"EN";"2026-10-07";"Spotify expands audiobooks to more than 180 markets";"https://france24.com/en/live-news/20261007-spotify-expands-audiobooks-to-more-than-180-markets"
"France 24 (EN)";"EN";"2026-10-07";"'We were naive' about Hamas, Israeli ex-hostage Shoshan Haran says";"https://france24.com/en/tv-shows/t%C3%AAte-%C3%A0-t%C3%AAte/20261006-we-were-naive-about-hamas-israeli-ex-hostage-shoshan-haran-says"
"France 24 (EN)";"EN";"2026-10-07";"France erupts over schools: Why the violence surrounding surprise movement?";"https://france24.com/en/tv-shows/the-debate/20261006-france-erupts-overs-schools-why-the-violence-surrounding-surprise-movement"
"France 24 (EN)";"EN";"2026-10-07";"Russian lab worker's death sparks plague fears as unverified claims spread online";"https://france24.com/en/tv-shows/truth-or-fake/20261006-russian-lab-worker-s-death-sparks-plague-fears-as-unverified-claims-spread-online-1"
"France 24 (EN)";"EN";"2026-10-07";"Lionel Messi scores as Argentina beat Benin for his last international game";"https://france24.com/en/tv-shows/sports/20261007-lionel-messi-scores-as-argentina-beat-benin-for-his-last-international-game"
"France 24 (EN)";"EN";"2026-10-07";"Paris Fashion Week: Nicole Kidman, Dua Lipa and Rihanna light up the front row";"https://france24.com/en/tv-shows/arts24/20261006-paris-fashion-week-nicole-kidman-dua-lipa-and-rihanna-light-up-the-front-row"
"France 24 (EN)";"EN";"2026-10-07";"Paraguay, a tax and political haven for Brazil's far right";"https://france24.com/en/tv-shows/reporters/20261002-paraguay-a-tax-and-political-haven-for-brazil-s-far-right"
"France 24 (EN)";"EN";"2026-10-07";"The Cornell 7: Allegations spark fury over gang rape culture";"https://france24.com/en/tv-shows/the-51/20261002-the-cornell-7-allegations-spark-fury-over-gang-rape-culture"
"France 24 (EN)";"EN";"2026-10-07";"Teen loses hand picking up grenade as French student protests enter ‘black week’";"https://france24.com/en/france/20261005-teenager-loses-hand-picking-up-grenade-in-france-school-protests-1"
"France 24 (EN)";"EN";"2026-10-07";"More than 5,000 detained so far in French student protests";"https://france24.com/en/france/20261005-live-up-to-500-schools-to-shut-in-france-as-student-protests-continue"
"France 24 (EN)";"EN";"2026-10-07";"Hundreds of schools shut on Monday as France braces for more student protests";"https://france24.com/en/france/20261004-up-to-500-french-schools-to-be-totally-or-partly-closed-monday-due-to-protests"
"France 24 (EN)";"EN";"2026-10-07";"French student protests fuel political clash ahead of 2027 presidential vote";"https://france24.com/en/france/20260928-french-student-protests-political-clash-presidential-vote"
"France 24 (EN)";"EN";"2026-10-07";"Messi bids farewell to Argentina fans in emotional international finale";"https://france24.com/en/sport/20261007-messi-bids-farewell-to-argentina-fans-in-emotional-international-finale"
"France 24 (EN)";"EN";"2026-10-07";"Haiti postpones elections indefinitely amid gang violence";"https://france24.com/en/americas/20261007-haiti-postpones-elections-indefinitely-as-gang-violence-hampers-preparations"
"France 24 (EN)";"EN";"2026-10-07";"Trump says will speak with Putin over Russia's reported plague death";"https://france24.com/en/europe/20261006-trump-says-he-will-speak-to-putin-over-reported-plague-death-in-russia"
"France 24 (EN)";"EN";"2026-10-07";"Germany's former spy chief detained on suspicion of trading state secrets";"https://france24.com/en/europe/20261006-former-german-spy-chief-detained-over-suspected-treasonous-espionage"
"France 24 (EN)";"EN";"2026-10-07";"Hundreds arrested on biggest day of French student protests over education resources";"https://france24.com/en/europe/20261006-gen-z-has-risen-up-tens-of-thousands-demand-better-education-in-france"
"France 24 (EN)";"EN";"2026-10-07";"'Busification': Inside Ukraine’s controversial recruitment practices";"https://france24.com/en/europe/20261006-busification-inside-ukraine-s-controversial-recruitment-practices"
"France 24 (EN)";"EN";"2026-10-07";"Paramount completes takeover of Warner Bros, creating media behemoth Skydance";"https://france24.com/en/americas/20261006-paramount-completes-takeover-of-warner-bros-creating-media-behemoth-skydance"
"France 24 (EN)";"EN";"2026-10-07";"How Lula’s successes in Brazil may have paved the way for his presidential defeat";"https://france24.com/en/americas/20261005-how-lulas-successes-in-brazil-may-have-paved-the-way-for-his-presidential-defeat"
"France 24 (EN)";"EN";"2026-10-07";"Ossoff and El-Sayed: Two Senate races and what they say about the Democratic Party";"https://france24.com/en/americas/20261004-ossoff-and-el-sayed-two-senate-races-and-what-they-say-about-the-democratic-party"
"France 24 (EN)";"EN";"2026-10-07";"Italy’s Ustica enigma: Can French files solve mystery crash blamed on stray missile?";"https://france24.com/en/europe/20261003-italy-ustica-enigma-can-french-files-solve-mystery-crash-blamed-on-stray-missile-gaddafi"
"France 24 (EN)";"EN";"2026-10-07";"France’s purchasing power crisis: Navigating the pinch";"https://france24.com/en/economy/20261001-france-s-purchasing-power-crisis-navigating-the-pinch"
"France 24 (EN)";"EN";"2026-10-07";"French interior ministry estimates 250,000 join student protests; organisers claim 450,000";"https://france24.com/en/france/20261006-french-interior-ministry-estimates-250-000-join-student-protests-organisers-claim-450-000"
"France 24 (EN)";"EN";"2026-10-07";"Ukraine hits Moscow with one of its largest drone attacks in two years";"https://france24.com/en/europe/20261006-massive-ukrainian-drone-attack-targets-moscow-russian-officials-say"
"France 24 (EN)";"EN";"2026-10-07";"Who are the mystery pilots who successfully landed endangered Flydubai flight 1073?";"https://france24.com/en/middle-east/20261004-who-are-the-mystery-pilots-who-successfully-landed-endangered-flydubai-flight-1073"
"France 24 (EN)";"EN";"2026-10-07";"Brazil presidential election heads to run-off as Flavio Bolsonaro leads Lula";"https://france24.com/en/americas/20261005-brazil-presidential-election-runoff-bolsonaro-lula"
"France 24 (EN)";"EN";"2026-10-07";"West Bank: Palestinians ‘harassed’ by settlers’ increasing use of drones";"https://france24.com/en/middle-east/20261004-occupied-west-bank-palestinians-harassed-settlers-drones"
"France 24 (EN)";"EN";"2026-10-07";"Video shows Iranian police beating, sexually humiliating teenage detainee";"https://france24.com/en/middle-east/20260929-iran-police-video-teenage-detainee-abuse"
"France 24 (EN)";"EN";"2026-10-07";"Residents in West Bank's Masafer Yatta face Israeli demolitions";"https://france24.com/en/tv-shows/the-observers/20260924-residents-west-bank-masafer-yatta-israeli-demolitions"
"France 24 (EN)";"EN";"2026-10-07";"A look back at Tunisia's summer of shortages";"https://france24.com/en/tv-shows/the-observers/20260924-look-back-tunisiassummer-shortages"
"France 24 (EN)";"EN";"2026-10-07";"The church by the airport: Inside Russia’s suspected spy activities in Sweden";"https://france24.com/en/europe/20250704-the-church-by-the-airport-inside-russia-s-suspected-spy-activities-in-sweden"
"France 24 (EN)";"EN";"2026-10-07";"Searching for radioactive waste in the depths of the Atlantic";"https://france24.com/en/environment/20250607-searching-radioactive-waste-depths-atlantic-france-nuclear"
"France 24 (EN)";"EN";"2026-10-07";"‘Unwavering friendship’: The true story of nine women who escaped a Nazi death march";"https://france24.com/en/europe/20250429-true-story-nine-women-who-escaped-nazi-death-march-ravensbruck"
"France 24 (EN)";"EN";"2026-10-07";"Pope Francis, first Latin American pontiff and champion of the forgotten";"https://france24.com/en/europe/20250421-pope-francis-first-latin-american-pontiff-dies-after-double-pneumonia-battle"
"France 24 (EN)";"EN";"2026-10-07";"Haiti’s independence ransom: Macron offers ‘truth’, Haitians want reparations";"https://france24.com/en/americas/20250417-haiti-independence-ransom-macron-offers-truth-haitians-want-reparations-slavery"
"France 24 (EN)";"EN";"2026-10-07";"Saved from destruction: Paris show offers glimpse of Gaza’s archaeological treasures";"https://france24.com/en/culture/20250403-saved-from-destruction-paris-exhibition-offers-glimpse-of-gaza-archaeological-treasures"
"France 24 (EN)";"EN";"2026-10-07";"Frenchwoman buys elephants from abusive owners in Laos";"https://france24.com/en/tv-shows/down-to-earth/20261005-frenchwoman-buys-elephants-from-abusive-owners-in-laos"
"France 24 (EN)";"EN";"2026-10-07";"Pacific leaders urge climate action as UN pre-COP talks open in Fiji";"https://france24.com/en/environment/20261004-pacific-leaders-climate-action-un-pre-cop-talks-fiji"
"France 24 (EN)";"EN";"2026-10-07";"More than half of Europe faced intense summer heat stress, EU monitor says";"https://france24.com/en/environment/20261002-europe-summer-heat-stress-eu-monitor"
"France 24 (EN)";"EN";"2026-10-07";"Heatwaves, wildfires expose a third of world to extreme ozone pollution";"https://france24.com/en/environment/20260930-heatwaves-wildfires-expose-a-third-of-world-to-extreme-ozone-pollution"
"France 24 (EN)";"EN";"2026-10-07";"Sulaf and Late Again on uprooting and reconnecting with their heritage";"https://france24.com/en/tv-shows/arts24/20261005-sulaf-and-late-again-on-uprooting-and-reconnecting-with-their-heritage"
"France 24 (EN)";"EN";"2026-10-07";"U2 celebrate 50 years in music with surprise gigs";"https://france24.com/en/tv-shows/arts24/20261002-u2-celebrate-50-years-in-music-with-surprise-gigs"
"France 24 (EN)";"EN";"2026-10-07";"Will AI write our books? Row over bestseller fuels fear over future of literature";"https://france24.com/en/tv-shows/the-debate/20261002-will-ai-write-our-books-row-over-bestseller-fuels-fear-over-future-of-literature"
"France 24 (EN)";"EN";"2026-10-07";"Nations League: France defeat Belgium in second-half comeback";"https://france24.com/en/tv-shows/sports/20261006-nations-league-france-defeat-belgium-in-second-half-comeback"
"France 24 (EN)";"EN";"2026-10-07";"Nations League: France face Belgium as they battle for top spot in group A";"https://france24.com/en/tv-shows/sports/20261005-nations-league-france-face-belgium-as-they-battle-for-top-spot-in-group-a"
"France 24 (EN)";"EN";"2026-10-07";"AI companies sign voluntary accord on safety with Trump";"https://france24.com/en/technology/20260929-trump-says-ai-companies-sign-voluntary-accord-on-safety-controls"
"France 24 (EN)";"EN";"2026-10-07";"Rogue AI accessed federal websites, posted user images online, ChatGPT says";"https://france24.com/en/technology/20260926-chatgpt-says-its-rogue-ai-agents-posted-users-images-online-entered-federal-website"
"France 24 (EN)";"EN";"2026-10-07";"It's not malicious, it's indifference: Thousands of books sent to AI woodchipper";"https://france24.com/en/tv-shows/spotlight/20260917-intent-not-malicious-it-s-indifference-thousands-if-not-millions-of-books-sent-to-ai-woodchipper"
"France 24 (EN)";"EN";"2026-10-07";"Kenya reports first-ever Ebola death after patient returns from DR Congo";"https://france24.com/en/africa/20261006-kenya-reports-first-ever-ebola-death-after-patient-returns-from-dr-congo"
"France 24 (EN)";"EN";"2026-10-07";"Rwandan genocide suspect 'hunter' Dafroza Gauthier dies at 72";"https://france24.com/en/africa/20261004-rwandan-genocide-hunter-dafroza-gauthier-dies-at-72"
"France 24 (EN)";"EN";"2026-10-07";"Israeli papers commemorate October 7 attacks, three years on";"https://france24.com/en/tv-shows/press-review/20261007-israeli-papers-commemorate-october-7-attacks-three-years-on"
"France 24 (EN)";"EN";"2026-10-07";"Brazil 'has moved to the right progressively over the last two decades', expert says";"https://france24.com/en/tv-shows/a-propos/20261006-brazil-has-moved-to-the-right-progressively-over-the-last-two-decades-expert-says"
"France 24 (EN)";"EN";"2026-10-07";"ICC unseals arrest warrants for Taliban education ministers";"https://france24.com/en/asia-pacific/20261005-icc-unseals-arrest-warrants-for-taliban-education-ministers"
"France 24 (EN)";"EN";"2026-10-07";"Indian police detain demonstrators as protests over voter roll revision intensify";"https://france24.com/en/video/20261005-ndian-police-detain-demonstrators-as-protests-over-voter-roll-revision-intensify"
"France 24 (EN)";"EN";"2026-10-07";"North Korea launches ballistic missile as tensions with Seoul grow over border mine blasts";"https://france24.com/en/asia-pacific/20261003-north-korea-fires-ballistic-missile-after-seoul-s-apology-demand"
"France 24 (EN)";"EN";"2026-10-07";"'Make our streets safer!' Mass women's protests sweep India over sexual violence";"https://france24.com/en/tv-shows/access-asia/20261002-make-our-streets-safer-mass-women-s-protests-sweep-india-over-sexual-violence"
"France 24 (EN)";"EN";"2026-10-07";"Transforming Payments in the DRC: A Leap Towards a Digital Future";"https://france24.com/en/sponsored-content/20250923-transforming-payments-in-the-drc-a-leap-towards-a-digital-future"
"France 24 (EN)";"EN";"2026-10-07";"Africa's $88 billion solutions: How ATAF fights illicit financial flows";"https://france24.com/en/sponsored-content/20250108-africa-s-88-billion-solutions-how-ataf-fights-illicit-financial-flows"
"France 24 (EN)";"EN";"2026-10-07";"Burundi: innovative solutions to fight stunting in children";"https://france24.com/en/sponsored-content/20240122-burundi-innovative-solutions-to-fight-stunting-in-children"
"France 24 (EN)";"EN";"2026-10-07";"Child malnutrition in Burundi: concrete actions to help children";"https://france24.com/en/sponsored-content/20231215-child-malnutrition-in-burundi-concrete-actions-to-help-children"
"France 24 (EN)";"EN";"2026-10-07";"Interview of Anthony Ginter, President & CEO - WEO";"https://france24.com/en/sponsored-content/20230911-interview-of-anthony-ginter-president-ceo-weo"
"France 24 (EN)";"EN";"2026-10-07";"2026";"https://france24.com/en/archives/2026/01/"
"France 24 (EN)";"EN";"2026-10-07";"2025";"https://france24.com/en/archives/2025/01/"
"France 24 (EN)";"EN";"2026-10-07";"2024";"https://france24.com/en/archives/2024/01/"
"France 24 (EN)";"EN";"2026-10-07";"2023";"https://france24.com/en/archives/2023/01/"
"France 24 (EN)";"EN";"2026-10-07";"2022";"https://france24.com/en/archives/2022/01/"
"France 24 (EN)";"EN";"2026-10-07";"2021";"https://france24.com/en/archives/2021/01/"
"France 24 (EN)";"EN";"2026-10-07";"2020";"https://france24.com/en/archives/2020/01/"
"Le Monde (FR)";"FR";"2026-10-07";"Le Monde’s app";"https://www.lemonde.fr/en/about-us/article/2023/09/06/le-monde-in-english-now-available-on-our-mobile-app_6125308_115.html"
"Le Monde (FR)";"FR";"2026-10-07";"Israel, three years after October 7: A nation's traumas and blind spots";"https://www.lemonde.fr/en/international/article/2026/10/07/israel-three-years-after-october-7-a-nation-s-traumas-and-blind-spots_6758345_4.html"
"Le Monde (FR)";"FR";"2026-10-07";"Israel marks third anniversary of October 7 attacks with tributes, Gaza strikes and political debate";"https://www.lemonde.fr/en/international/article/2026/10/07/israel-marks-third-anniversary-of-october-7-attacks-with-tributes-gaza-strikes-and-political-debate_6758347_4.html"
"Le Monde (FR)";"FR";"2026-10-07";"Three years after October 7, the unending trauma of a former Israeli hostage held by Hamas for 505 days";"https://www.lemonde.fr/en/international/article/2026/10/07/october-7-three-years-on-the-unending-trauma-of-a-former-israeli-hostage-held-by-hamas-for-505-days_6758336_4.html"
"Le Monde (FR)";"FR";"2026-10-07";"French government defends handling of high school protests as controversies grow";"https://www.lemonde.fr/en/politics/article/2026/10/07/french-government-defends-handling-of-high-school-protests-as-controversies-grow_6758350_5.html"
"Le Monde (FR)";"FR";"2026-10-07";"What is the EF-SON stun grenade France has suspended after it mutilated a high schooler?";"https://www.lemonde.fr/en/france/article/2026/10/07/what-is-the-ef-son-stun-grenade-france-has-suspended-after-it-mutilated-a-high-schooler_6758348_7.html"
"Le Monde (FR)";"FR";"2026-10-07";"2026 Nobel Prize in Chemistry goes to France's Henri Kagan and Japan's Kenso Soai";"https://www.lemonde.fr/en/international/article/2026/10/07/2026-nobel-prize-in-chemistry-goes-to-france-s-henri-kagan-and-japan-s-kenso-soai_6758349_4.html"
"Le Monde (FR)";"FR";"2026-10-07";"CEO of finance giant Pimco: 'Markets are sending France a serious signal. The situation is grave'";"https://www.lemonde.fr/en/economy/article/2026/10/07/emmanuel-roman-head-of-finance-giant-pimco-markets-are-sending-france-a-serious-signal-the-situation-is-grave_6758344_19.html"
"Le Monde (FR)";"FR";"2026-10-07";"'Digger,' by Alejandro González Iñárritu: Tom Cruise as a misanthropic, obscene old man";"https://www.lemonde.fr/en/culture/article/2026/10/07/digger-by-alejandro-gonzalez-inarritu-tom-cruise-as-a-misanthropic-obscene-old-man_6758339_30.html"
"Le Monde (FR)";"FR";"2026-10-07";"News Subscribers onlyFrench high school protests grow and draw widespread support  Across France, high school students from all backgrounds, joined by many adults – parents, elected officials, union activists or ordinary citizens – marched on Tuesday to make their voices heard, mostly in a good-natured atmosphere.    8 min read";"https://www.lemonde.fr/en/france/article/2026/10/07/high-school-students-movement-protests-grow-and-draw-widespread-support_6758337_7.html"
"Le Monde (FR)";"FR";"2026-10-07";"With a financial crisis looming, what promises can French presidential candidates make?";"https://www.lemonde.fr/en/politics/article/2026/10/07/with-a-financial-crisis-looming-what-promises-can-french-presidential-candidates-make_6758341_5.html"
"Le Monde (FR)";"FR";"2026-10-07";"In Brazil, no scandal slowed the rise of Flavio Bolsonaro";"https://www.lemonde.fr/en/international/article/2026/10/07/in-brazil-scandals-fail-to-slow-flavio-bolsonaro-s-political-rise_6758335_4.html"
"Le Monde (FR)";"FR";"2026-10-07";"Pneumonic plague: What we know about treatment and transmission of a disease that has 'not disappeared'";"https://www.lemonde.fr/en/environment/article/2026/10/06/pneumonic-plague-what-we-know-about-treatment-and-transmission-of-this-disease-that-has-not-disappeared-from-the-planet_6758333_114.html"
"Le Monde (FR)";"FR";"2026-10-07";"In Belgium, a fourth day of high school student protests is marred by violence";"https://www.lemonde.fr/en/international/article/2026/10/07/in-french-speaking-belgium-a-fourth-day-of-high-school-student-protests-marred-by-violence_6758343_4.html"
"Le Monde (FR)";"FR";"2026-10-07";"Christa Pike is conscious and speaking after botched execution";"https://www.lemonde.fr/en/international/article/2026/10/07/christa-pike-is-conscious-and-speaking-after-botched-execution_6758334_4.html"
"Le Monde (FR)";"FR";"2026-10-07";"Eva Marie Saint, star of 'North by Northwest' and 'On the Waterfront,' dies at 102";"https://www.lemonde.fr/en/obituaries/article/2026/10/07/eva-marie-saint-star-of-north-by-northwest-and-on-the-waterfront-dies-at-102_6758338_15.html"
"Le Monde (FR)";"FR";"2026-10-07";"Who is Soumaya Sarré, a student inspiring France's high school protests?";"https://www.lemonde.fr/en/m-le-mag/article/2026/10/06/who-is-soumaya-sarre-a-student-inspiring-france-s-high-school-protests_6758328_117.html"
"Le Monde (FR)";"FR";"2026-10-07";"Messi scores in emotional Argentina farewell";"https://www.lemonde.fr/en/sports/article/2026/10/07/messi-retires-from-argentine-national-team_6758340_9.html"
"Le Monde (FR)";"FR";"2026-10-07";"Three ways Zidane's France is already different from Deschamps'";"https://www.lemonde.fr/en/sports/article/2026/10/06/three-ways-zidane-s-france-is-already-different-from-deschamps_6758311_9.html"
"Le Monde (FR)";"FR";"2026-10-07";"Israeli settlers beat AFP photographer in occupied West Bank";"https://www.lemonde.fr/en/international/article/2026/10/07/israeli-settlers-beat-afp-photographer-in-occupied-west-bank_6758342_4.html"
"Le Monde (FR)";"FR";"2026-10-07";"Macron makes unexpected appearance at missile test launch from nuclear submarine";"https://www.lemonde.fr/en/international/article/2026/10/06/macron-makes-unexpected-appearance-at-missile-test-launch-from-nuclear-submarine_6758331_4.html"
"Le Monde (FR)";"FR";"2026-10-07";"On Cornell's campus, 'everyone is outraged' by the handling of gang rape case";"https://www.lemonde.fr/en/international/article/2026/10/06/on-cornell-s-campus-everyone-is-outraged-by-the-handling-of-gang-rape-case_6758309_4.html"
"Le Monde (FR)";"FR";"2026-10-07";"Interview   Claire Legros Subscribers only'The French government's condescension toward high school students shows a refusal to take them seriously as citizens'  Before attempting to open dialogue, the French government handled the current high school student protests as if they were urban riots, sociologist Vincent Tiberj observes in an interview.    7 min read";"https://www.lemonde.fr/en/opinion/article/2026/10/06/the-french-government-s-condescension-toward-high-school-students-shows-a-refusal-to-take-them-seriously-as-citizens_6758330_23.html"
"Le Monde (FR)";"FR";"2026-10-07";"Round-up Subscribers onlyWhat students are saying during high school blockades: 'I am worried about my future and for all students in France'  From the Paris suburbs to Marseille, as well as Toulouse and Lyon, high schoolers interviewed by Le Monde during the blockades described their study conditions, their concerns and their need to be heard.    5 min read";"https://www.lemonde.fr/en/france/article/2026/10/06/what-students-are-voicing-during-high-school-blockades-i-am-worried-about-my-future-and-for-all-students-in-france_6758294_7.html"
"Le Monde (FR)";"FR";"2026-10-07";"Investigation   Isabelle Mandraud Subscribers onlyAnna Politkovskaya: The journalist killed 20 years ago for understanding Putin before anyone else  Murdered in 2006 in the stairwell of her apartment building in Moscow, the renowned Russian reporter relentlessly warned, with remarkable clarity, about the true nature of Vladimir Putin. Her reporting from Chechnya already foreshadowed the war in Ukraine.    8 min read";"https://www.lemonde.fr/en/international/article/2026/10/05/anna-politkovskaya-the-journalist-killed-20-years-ago-for-understanding-putin-before-anyone-else_6758274_4.html"
"Le Monde (FR)";"FR";"2026-10-07";"Editorial Israel and the trauma of October 7   Le Monde";"https://www.lemonde.fr/en/opinion/article/2026/10/06/israel-and-the-trauma-of-october-7_6758319_23.html"
"Le Monde (FR)";"FR";"2026-10-07";"Column Subscribe'First surrender, then negotiation. These are Moscow's words'      Alain Frachon Columnist";"https://www.lemonde.fr/en/opinion/article/2026/10/02/war-in-ukraine-first-surrender-then-negotiation-these-are-moscow-s-words_6758165_23.html"
"Le Monde (FR)";"FR";"2026-10-07";"Op-Ed SubscribeDenis Mukwege and Zeid Ra'ad Al-Hussein: 'The DRC must launch a genuine process of transitional justice'     Denis Mukwege  and  Zeid Ra’ad Al-Hussein";"https://www.lemonde.fr/en/opinion/article/2026/10/06/denis-mukwege-and-zeid-ra-ad-al-hussein-the-drc-must-launch-a-genuine-process-of-transitional-justice_6758307_23.html"
"Le Monde (FR)";"FR";"2026-10-07";"Trump blames France high school student movement on 'migration' and 'Islam'";"https://www.lemonde.fr/en/international/article/2026/10/06/trump-blames-france-high-school-student-movement-on-migration-and-islam_6758324_4.html"
"Le Monde (FR)";"FR";"2026-10-07";"Le Pen vows drastic budget cuts to prevent French 'default' on debt";"https://www.lemonde.fr/en/france/article/2026/10/06/le-pen-vows-drastic-budget-cuts-to-prevent-french-default-on-debt_6758304_7.html"
"Le Monde (FR)";"FR";"2026-10-07";"Russia's reassurances only fuel anxiety over suspected plague outbreak in Siberia";"https://www.lemonde.fr/en/environment/article/2026/10/06/russia-s-reassurances-only-fuel-anxiety-over-suspected-plague-outbreak-in-siberia_6758298_114.html"
"Le Monde (FR)";"FR";"2026-10-07";"Ronaldo apologizes to team and supporters for walkout";"https://www.lemonde.fr/en/sports/article/2026/10/06/ronaldo-apologizes-to-team-and-supporters-for-walkout_6758332_9.html"
"Le Monde (FR)";"FR";"2026-10-07";"French high school protests grow and draw widespread support";"https://www.lemonde.fr/en/france/article/2026/10/07/high-school-students-movement-protests-grow-and-draw-widespread-support_6758337_7.html"
"Le Monde (FR)";"FR";"2026-10-07";"Former German spy chief arrested for espionage, treason";"https://www.lemonde.fr/en/international/article/2026/10/06/former-german-spy-chief-arrested-for-espionage-treason_6758299_4.html"
"Le Monde (FR)";"FR";"2026-10-07";"'The French government's condescension toward high school students shows a refusal to take them seriously as citizens'";"https://www.lemonde.fr/en/opinion/article/2026/10/06/the-french-government-s-condescension-toward-high-school-students-shows-a-refusal-to-take-them-seriously-as-citizens_6758330_23.html"
"Le Monde (FR)";"FR";"2026-10-07";"Charte du Groupe";"https://www.lemonde.fr/actualite-medias/article/2010/11/03/la-charte-d-ethique-et-de-deontologie-du-groupe-le-monde_1434737_3236.html"
"Le Monde (FR)";"FR";"2026-10-07";"Group Policy";"https://www.lemonde.fr/en/about-us/article/2022/04/06/groupe-le-monde-s-code-of-ethics-and-professional-conduct_5979823_115.html"
"Le Monde (FR)";"FR";"2026-10-07";"RSS feed";"https://www.lemonde.fr/en/about-us/article/2026/03/27/le-monde-rss-feeds_6751860_115.html"
"RFI Afrique (FR)";"FR";"2026-10-07";"2026";"https://www.rfi.fr/fr/archives/2026/01/"
"RFI Afrique (FR)";"FR";"2026-10-07";"2025";"https://www.rfi.fr/fr/archives/2025/01/"
"RFI Afrique (FR)";"FR";"2026-10-07";"2024";"https://www.rfi.fr/fr/archives/2024/01/"
"RFI Afrique (FR)";"FR";"2026-10-07";"2023";"https://www.rfi.fr/fr/archives/2023/01/"
"RFI Afrique (FR)";"FR";"2026-10-07";"2022";"https://www.rfi.fr/fr/archives/2022/01/"
"RFI Afrique (FR)";"FR";"2026-10-07";"2021";"https://www.rfi.fr/fr/archives/2021/01/"
"RFI Afrique (FR)";"FR";"2026-10-07";"2020";"https://www.rfi.fr/fr/archives/2020/01/"
"France Inter (FR)";"FR";"2026-10-07";"Trois ans après le 7-Octobre, en Israël, il y a un ""effet post-traumatique individuel et collectif""";"https://radiofrance.fr/franceinter/podcasts/l-invite-de-8h20-le-grand-entretien/l-invite-de-8h20-le-grand-entretien-du-mercredi-07-octobre-2026-6597057"
"France Inter (FR)";"FR";"2026-10-07";"Mouvement lycéen : les Présidentielles sous tension sociale";"https://radiofrance.fr/franceinter/podcasts/le-petit-carnet-de-campagne/petits-carnets-de-campagne-du-mardi-06-octobre-2026-7686426"
"France Inter (FR)";"FR";"2026-10-07";"Le petit carnet de campagne";"https://radiofrance.fr/franceinter/podcasts/petits-carnets-de-campagne"
"France Inter (FR)";"FR";"2026-10-07";"Lycéens blessés : ""Dans la quasi-totalité des cas, l'intervention [policière] est proportionnée"", assure Laurent Nuñez";"https://radiofrance.fr/franceinter/podcasts/l-invite-de-8h20-le-grand-entretien/l-invite-de-8h20-le-grand-entretien-du-mardi-06-octobre-2026-5079012"
"France Inter (FR)";"FR";"2026-10-07";"L'Invité de 8h20 : le grand entretien";"https://radiofrance.fr/franceinter/podcasts/l-invite-de-8h20-le-grand-entretien"
"France Inter (FR)";"FR";"2026-10-07";"Israël-Palestine : Les Israéliens";"https://radiofrance.fr/franceinter/podcasts/serie-israel-palestine-les-israeliens"
"France Inter (FR)";"FR";"2026-10-07";"Israël-Palestine : Les Palestiniens";"https://radiofrance.fr/franceinter/podcasts/serie-israel-palestine-les-palestiniens"
"France Inter (FR)";"FR";"2026-10-07";"Soutien financier au Hamas et corruption présumée de proches de Netanyahou, enquête sur l’action secrète du Qatar";"https://radiofrance.fr/franceinter/podcasts/revelations/revelations-partie-2-du-dimanche-04-octobre-2026-3383552"
"France Inter (FR)";"FR";"2026-10-07";"Présidentielle 2027 : les métiers de l'ombre";"https://radiofrance.fr/franceinter/podcasts/serie-presidentielle-2027-les-metiers-de-l-ombre"
"France Inter (FR)";"FR";"2026-10-07";"20 ans après Anna Politkovskaïa : que reste-t-il de la liberté d'informer en Russie ?";"https://radiofrance.fr/franceinter/podcasts/le-debat/le-debat-de-la-grand-matinale-du-mardi-06-octobre-2026-3151767"
"France Inter (FR)";"FR";"2026-10-07";"Hommage à Prince Waly";"https://radiofrance.fr/franceinter/podcasts/a-la-reguliere/a-la-reguliere-du-lundi-05-octobre-2026-7631566"
"France Inter (FR)";"FR";"2026-10-07";"En Espagne, la crise du logement fait vaciller le gouvernement de Pedro Sánchez";"https://radiofrance.fr/franceinter/podcasts/l-info-de-france-inter/en-espagne-la-crise-du-logement-fait-vaciller-le-gouvernement-de-pedro-sanchez-2178015"
"France Inter (FR)";"FR";"2026-10-07";"""On attend la fête du village pour pouvoir retrouver tout le monde"" : des vies rétrécies par le prix du carburant";"https://radiofrance.fr/franceinter/podcasts/le-grand-reportage-de-france-inter/le-grand-reportage-du-lundi-05-octobre-2026-6658970"
"France Inter (FR)";"FR";"2026-10-07";"Vous pouvez tous les télécharger : quelles informations inattendues renferment nos jeux de données Facebook";"https://radiofrance.fr/franceinter/podcasts/nos-vies-numeriques/nos-vies-numeriques-du-lundi-05-octobre-2026-4421178"
"France Inter (FR)";"FR";"2026-10-07";"Dette : ""La situation est grave, mais nous pouvons agir"", affirme Emmanuel Moulin, gouverneur de la Banque de France";"https://radiofrance.fr/franceinter/podcasts/l-invite-de-7h50/l-invite-de-7h50-du-mercredi-07-octobre-2026-3823786"
"France Inter (FR)";"FR";"2026-10-07";"L'Invité de 7h50";"https://radiofrance.fr/franceinter/podcasts/l-invite-de-7h50"
"France Inter (FR)";"FR";"2026-10-07";"""C'est décomplexé"" : trois ans après le 7-Octobre, trois amis juifs déplorent la banalisation de l'antisémitisme";"https://radiofrance.fr/franceinter/podcasts/l-info-de-france-inter/c-est-decomplexe-trois-ans-apres-le-7-octobre-trois-amis-juifs-deplorent-la-banalisation-de-l-antisemitisme-9948680"
"France Inter (FR)";"FR";"2026-10-07";"L'info de France Inter";"https://radiofrance.fr/franceinter/podcasts/les-documents-france-inter"
"France Inter (FR)";"FR";"2026-10-07";"""Il y a aussi des lycéens des petites villes"" : les élèves de Molsheim portent leurs revendications jusqu'à Strasbourg";"https://radiofrance.fr/franceinter/podcasts/france-inter-sur-le-terrain/reportage-france-inter-sur-le-terrain-du-mercredi-07-octobre-2026-1148041"
"France Inter (FR)";"FR";"2026-10-07";"France Inter sur le terrain";"https://radiofrance.fr/franceinter/podcasts/grand-angle"
"France Inter (FR)";"FR";"2026-10-07";"Pascal Vivier : ""Les jeunes des lycées pro ont de plus en plus de difficultés à trouver des lieux de stage""";"https://radiofrance.fr/franceinter/podcasts/l-invite-du-13-14/l-invite-du-13-14-du-mardi-06-octobre-2026-9962587"
"France Inter (FR)";"FR";"2026-10-07";"L'invité du 13/14";"https://radiofrance.fr/franceinter/podcasts/l-invite-du-13h00"
"France Inter (FR)";"FR";"2026-10-07";"Le journal de 13h";"https://radiofrance.fr/franceinter/podcasts/le-journal-de-13h"
"France Inter (FR)";"FR";"2026-10-07";"""La Maison des os et de la pluie"", de Gabino Iglesias, une sombre histoire de vengeance à Porto Rico";"https://radiofrance.fr/franceinter/podcasts/le-polar-sonne-toujours-2-fois/le-polar-sonne-toujours-2-fois-du-jeudi-17-septembre-2026-2291630"
"France Inter (FR)";"FR";"2026-10-07";"Lilia Hassaine";"https://radiofrance.fr/franceinter/podcasts/rien-ne-s-oppose-a-la-nuit/rien-ne-s-oppose-a-la-nuit-du-lundi-31-aout-2026-3444181"
"France Inter (FR)";"FR";"2026-10-07";"Yannick Haenel : ""La rupture, c'est le début de la vocation""";"https://radiofrance.fr/franceinter/podcasts/le-grand-portrait/le-grand-portrait-du-lundi-07-septembre-2026-9287050"
"France Inter (FR)";"FR";"2026-10-07";"""C'était ça ou mourir"" de Thelyson Orélien, exil et résilience";"https://radiofrance.fr/franceinter/podcasts/le-grand-portrait/le-grand-portrait-du-jeudi-03-septembre-2026-5280607"
"France Inter (FR)";"FR";"2026-10-07";"""Une éclaircie"" de Jean-Baptiste Del Amo : comment son corps a changé son regard sur le monde";"https://radiofrance.fr/franceinter/podcasts/l-invite-de-7h50-du-week-end/l-invite-de-7h50-du-we-du-dimanche-30-aout-2026-2767136"
"France Inter (FR)";"FR";"2026-10-07";"Jean-Philippe Toussaint publie ""La Hantise""";"https://radiofrance.fr/franceinter/podcasts/le-grand-atelier/le-grand-atelier-du-dimanche-30-aout-2026-1560875"
"France Inter (FR)";"FR";"2026-10-07";"Adèle Haenel pour son livre ""Viser juste"" : des mots pour penser le réel";"https://radiofrance.fr/franceinter/podcasts/totemic/totemic-du-vendredi-28-aout-2026-9167302"
"France Inter (FR)";"FR";"2026-10-07";"""À voix haute"" : l'enquête familiale de Polina Panassenko à l'époque de la Russie stalinienne a séduit Le Masque";"https://radiofrance.fr/franceinter/podcasts/le-masque-et-la-plume/a-voix-haute-de-polina-panassenko-2511870"
"France Inter (FR)";"FR";"2026-10-07";"""Ce qui nous frôle sous la surface"" de Colum McCann : le Masque a eu du mal à retenir sa respiration";"https://radiofrance.fr/franceinter/podcasts/le-masque-et-la-plume/ce-qui-nous-frole-sous-la-surface-de-colum-mccann-8357623"
"France Inter (FR)";"FR";"2026-10-07";"""Nir Oz reprend doucement son souffle"" : la vie d'après dans un kibboutz attaqué par le Hamas lors du 7-Octobre";"https://radiofrance.fr/franceinter/podcasts/le-grand-reportage-de-france-inter/le-grand-reportage-du-mercredi-07-octobre-2026-3063440"
"France Inter (FR)";"FR";"2026-10-07";"Le Grand reportage de France Inter";"https://radiofrance.fr/franceinter/podcasts/le-zoom-de-la-redaction"
"France Inter (FR)";"FR";"2026-10-07";"Franc-jeu";"https://radiofrance.fr/franceinter/podcasts/franc-jeu"
"France Inter (FR)";"FR";"2026-10-07";"Le 6/9";"https://radiofrance.fr/franceinter/podcasts/le-6-9"
"France Inter (FR)";"FR";"2026-10-07";"Franche culture";"https://radiofrance.fr/franceinter/podcasts/franche-culture"
"France Inter (FR)";"FR";"2026-10-07";"Les ailes de géant";"https://radiofrance.fr/franceinter/podcasts/les-ailes-de-geant"
"France Inter (FR)";"FR";"2026-10-07";"Recto-Verso";"https://radiofrance.fr/franceinter/podcasts/recto-verso"
"France Inter (FR)";"FR";"2026-10-07";"Le 18/20";"https://radiofrance.fr/franceinter/podcasts/le-18-20"
"France Inter (FR)";"FR";"2026-10-07";"C'est loin mais c'est beau";"https://radiofrance.fr/franceinter/podcasts/c-est-loin-mais-c-est-beau"
"France Inter (FR)";"FR";"2026-10-07";"Le Billet de Thomas Poitevin";"https://radiofrance.fr/franceinter/podcasts/vero-la-gestionnaire-de-communautes"
"France Inter (FR)";"FR";"2026-10-07";"Rien ne s'oppose à la nuit";"https://radiofrance.fr/franceinter/podcasts/rien-ne-s-oppose-a-la-nuit"
"France Inter (FR)";"FR";"2026-10-07";"La chronique de Samuel Jensky";"https://radiofrance.fr/franceinter/podcasts/la-chronique-de-samuel-jensky"
"France Inter (FR)";"FR";"2026-10-07";"La chronique de Camille Tissot";"https://radiofrance.fr/franceinter/podcasts/la-chronique-de-camille-tissot"
"France Inter (FR)";"FR";"2026-10-07";"Nos vies numériques";"https://radiofrance.fr/franceinter/podcasts/nos-vies-numeriques"
"France Inter (FR)";"FR";"2026-10-07";"La Revue de presse";"https://radiofrance.fr/franceinter/podcasts/la-revue-de-presse"
"France Inter (FR)";"FR";"2026-10-07";"Tout va trop vite";"https://radiofrance.fr/franceinter/podcasts/les-histoires-du-monde"
"France Inter (FR)";"FR";"2026-10-07";"Le Billet de Jessé";"https://radiofrance.fr/franceinter/podcasts/la-chronique-de-jesse"
"France Inter (FR)";"FR";"2026-10-07";"L'édito de Dov Alfon";"https://radiofrance.fr/franceinter/podcasts/l-edito-de-dov-alfon"
"France Inter (FR)";"FR";"2026-10-07";"Soft planète";"https://radiofrance.fr/franceinter/podcasts/soft-planete"
"France Inter (FR)";"FR";"2026-10-07";"Un jeudi soir sur la terre";"https://radiofrance.fr/franceinter/podcasts/un-jeudi-soir-sur-la-terre"
"France Inter (FR)";"FR";"2026-10-07";"Chez la belle-famille";"https://radiofrance.fr/franceinter/podcasts/chez-la-belle-famille"
"France Inter (FR)";"FR";"2026-10-07";"Loin des clichés, qui sont les Templiers du Moyen Âge ?";"https://radiofrance.fr/franceinter/podcasts/serie-loin-des-cliches-qui-sont-les-templiers-du-moyen-age"
"France Inter (FR)";"FR";"2026-10-07";"Les Faussaires";"https://radiofrance.fr/franceinter/podcasts/selection-les-faussaires"
"France Inter (FR)";"FR";"2026-10-07";"Le jeune homme qui défiait le Kremlin";"https://radiofrance.fr/franceinter/podcasts/serie-le-jeune-homme-qui-defiait-le-kremlin"
"France Inter (FR)";"FR";"2026-10-07";"Le Masque et Annie Ernaux";"https://radiofrance.fr/franceinter/podcasts/serie-le-masque-et-annie-ernaux"
"France Inter (FR)";"FR";"2026-10-07";"Comment la mode raconte notre histoire ?";"https://radiofrance.fr/franceinter/podcasts/serie-comment-la-mode-raconte-notre-histoire"
"France Inter (FR)";"FR";"2026-10-07";"Charline au Havre";"https://radiofrance.fr/franceinter/podcasts/serie-charline-au-havre"
"France Inter (FR)";"FR";"2026-10-07";"Reines et Rois";"https://radiofrance.fr/franceinter/podcasts/reines-et-rois"
"France Inter (FR)";"FR";"2026-10-07";"""Verity"" : méfiez-vous des apparences";"https://radiofrance.fr/franceinter/podcasts/capture-d-ecrans/capture-d-ecrans-du-vendredi-02-octobre-2026-1840766"
"France Inter (FR)";"FR";"2026-10-07";"Capture d'écrans";"https://radiofrance.fr/franceinter/podcasts/capture-d-ecrans"
"France Inter (FR)";"FR";"2026-10-07";"""Mémoire de fille"", ""Le Chant des oliviers"", ""Melpomène"", ""Notre salut"", ""Un hiver russe"", quels films voir ou pas ?";"https://radiofrance.fr/franceinter/podcasts/les-sorties-cinema-de-la-semaine/les-sorties-cinema-de-la-semaine-du-samedi-03-octobre-2026-6276582"
"France Inter (FR)";"FR";"2026-10-07";"Les sorties cinéma de la semaine";"https://radiofrance.fr/franceinter/podcasts/les-sorties-cinema-de-la-semaine"
"France Inter (FR)";"FR";"2026-10-07";"Guerre civile en Birmanie : le récit de l'après-Aung San Suu Kyi";"https://radiofrance.fr/franceinter/podcasts/l-info-de-france-inter/guerre-civile-en-birmanie-le-recit-de-l-apres-aung-san-suu-kyi-4840303"
"France Inter (FR)";"FR";"2026-10-07";"Iyad Ag Ghali, le djihadiste qui défie le Mali";"https://radiofrance.fr/franceinter/podcasts/l-info-de-france-inter/iyad-ag-ghali-le-djihadiste-qui-defile-le-mali-4200074"
"France Inter (FR)";"FR";"2026-10-07";"Poutine, le tsar soviétique";"https://radiofrance.fr/franceinter/podcasts/serie-poutine-le-tsar-sovietique"
"France Inter (FR)";"FR";"2026-10-07";"Alfred Dreyfus, le combat de la République";"https://radiofrance.fr/franceinter/podcasts/serie-alfred-dreyfus-le-combat-de-la-republique"
"France Inter (FR)";"FR";"2026-10-07";"Simone de Beauvoir, itinéraire d'une jeune fille rangée";"https://radiofrance.fr/franceinter/podcasts/serie-simone-de-beauvoir-itineraire-d-une-jeune-fille-rangee"
"France Inter (FR)";"FR";"2026-10-07";"Sigmaringen, le crépuscule des bourreaux";"https://radiofrance.fr/franceinter/podcasts/serie-le-crepuscule-des-bourreaux"
"France Inter (FR)";"FR";"2026-10-07";"Mafia - Meurtres et trahisons : histoires de familles";"https://radiofrance.fr/franceinter/podcasts/serie-mafia-meurtres-et-trahisons-histoires-de-familles"
"France Inter (FR)";"FR";"2026-10-07";"Le Carnaval des Bestioles";"https://radiofrance.fr/franceinter/podcasts/serie-le-carnaval-des-bestioles"
"France Inter (FR)";"FR";"2026-10-07";"Musique !";"https://radiofrance.fr/franceinter/podcasts/serie-musique"
"France Inter (FR)";"FR";"2026-10-07";"Cache-cache";"https://radiofrance.fr/franceinter/podcasts/serie-cache-cache"
"France Inter (FR)";"FR";"2026-10-07";"C'est la rentrée des P'tits Bateaux";"https://radiofrance.fr/franceinter/podcasts/serie-c-est-la-rentree-des-p-tits-bateaux"
"France Inter (FR)";"FR";"2026-10-07";"Tina et les boucliers de Mars";"https://radiofrance.fr/franceinter/podcasts/serie-tina-et-les-boucliers-de-mars"
"France Inter (FR)";"FR";"2026-10-07";"Les aventures du professeur Caillou";"https://radiofrance.fr/franceinter/podcasts/les-aventures-du-professeur-caillou"
"France Inter (FR)";"FR";"2026-10-07";"Une histoire et... Oli, nouveaux épisodes !";"https://radiofrance.fr/franceinter/podcasts/une-histoire-et-oli"
"France Inter (FR)";"FR";"2026-10-07";"Les Odyssées, nouveaux épisodes !";"https://radiofrance.fr/franceinter/podcasts/les-odyssees"
"France Inter (FR)";"FR";"2026-10-07";"L'invitée : Annette Wieviorka, historienne";"https://radiofrance.fr/franceinter/podcasts/affaires-sensibles/affaires-sensibles-l-invite-du-mardi-06-octobre-2026-4096148"
"France Inter (FR)";"FR";"2026-10-07";"Affaires sensibles";"https://radiofrance.fr/franceinter/podcasts/affaires-sensibles"
"France Inter (FR)";"FR";"2026-10-07";"Pilecki, le général effacé - Le récit";"https://radiofrance.fr/franceinter/podcasts/affaires-sensibles/affaires-sensibles-le-recit-du-mardi-06-octobre-2026-4345284"
"France Inter (FR)";"FR";"2026-10-07";"Un héros polonais : Witold Pilecki, enfermé volontaire à Auschwitz - L'intégrale";"https://radiofrance.fr/franceinter/podcasts/affaires-sensibles/affaires-sensibles-du-mardi-06-octobre-2026-3280674"
"France Inter (FR)";"FR";"2026-10-07";"L'invité : Yvonnick Denoël, historien, spécialiste du renseignement";"https://radiofrance.fr/franceinter/podcasts/affaires-sensibles/affaires-sensibles-l-invite-du-lundi-05-octobre-2026-2728468"
"France Inter (FR)";"FR";"2026-10-07";"Les concerts d'Inter";"https://radiofrance.fr/franceinter/podcasts/les-concerts-d-inter"
"France Inter (FR)";"FR";"2026-10-07";"Frissons";"https://radiofrance.fr/franceinter/podcasts/frissons"
"France Inter (FR)";"FR";"2026-10-07";"Mini vulgaire : les véhicules";"https://radiofrance.fr/franceinter/podcasts/serie-mini-vulgaire-les-vehicules"
"France Inter (FR)";"FR";"2026-10-07";"Révélations";"https://radiofrance.fr/franceinter/podcasts/revelations"
"France Inter (FR)";"FR";"2026-10-07";"Afghanistan, le tourisme sans les femmes";"https://radiofrance.fr/franceinter/podcasts/interception/interception-du-dimanche-08-mars-2026-4136320"
"France Inter (FR)";"FR";"2026-10-07";"Taylor Swift, le monde, ma fille et moi";"https://radiofrance.fr/franceinter/podcasts/taylor-swift-le-monde-ma-fille-et-moi"
"France Inter (FR)";"FR";"2026-10-07";"Les déportés";"https://radiofrance.fr/franceinter/podcasts/serie-les-deportes"
"France Inter (FR)";"FR";"2026-10-07";"Etats-Unis : ce pays qui marie ses enfants";"https://radiofrance.fr/franceinter/podcasts/interception/interception-du-dimanche-05-mars-2023-8505277"
"France Inter (FR)";"FR";"2026-10-07";"Sur les traces d'Ousmane Dembélé";"https://radiofrance.fr/franceinter/podcasts/serie-sur-les-traces-d-ousmane-dembele"
"France Inter (FR)";"FR";"2026-10-07";"Collégiennes à vendre";"https://radiofrance.fr/franceinter/podcasts/interception/interception-du-dimanche-12-octobre-2025-2574397"
"France Inter (FR)";"FR";"2026-10-07";"« On est tous différents » : Mai Lan Chapiron signe un livre pour enfants sur les discriminations";"https://radiofrance.fr/franceinter/podcasts/carnets-de-campagne/carnets-de-campagne-du-mercredi-07-octobre-2026-6611470"
"France Inter (FR)";"FR";"2026-10-07";"Carnets de campagne";"https://radiofrance.fr/franceinter/podcasts/carnets-de-campagne"
"France Inter (FR)";"FR";"2026-10-07";"""Tu publies et bang, ça va exploser"" : sur TikTok, le business lucratif des faux contenus d'actualité générés avec l'IA";"https://radiofrance.fr/franceinter/podcasts/l-info-de-france-inter/sur-tiktok-le-business-lucratif-des-faux-contenus-d-actualite-1765720"
"France Inter (FR)";"FR";"2026-10-07";"Peut-on vivre sans projet de vie ?";"https://radiofrance.fr/franceinter/podcasts/grand-bien-vous-fasse/grand-bien-vous-fasse-du-mercredi-07-octobre-2026-2229378"
"France Inter (FR)";"FR";"2026-10-07";"Grand bien vous fasse !";"https://radiofrance.fr/franceinter/podcasts/grand-bien-vous-fasse"
"France Inter (FR)";"FR";"2026-10-07";"Catherine Frot : ""Il n'y a pas de plafond"" dans ""Oh les beaux jours"" de Beckett";"https://radiofrance.fr/franceinter/podcasts/le-grand-portrait/le-grand-portrait-du-mercredi-07-octobre-2026-2358287"
"France Inter (FR)";"FR";"2026-10-07";"Le Grand portrait";"https://radiofrance.fr/franceinter/podcasts/l-invite-de-9h10"
"France Inter (FR)";"FR";"2026-10-07";"à Moissac | spécial jeunes";"https://radiofrance.fr/franceinter/podcasts/le-jeu-des-1-000/le-jeu-des-1000-euros-du-mercredi-07-octobre-2026-9159012"
"France Inter (FR)";"FR";"2026-10-07";"Le jeu des 1 000 €";"https://radiofrance.fr/franceinter/podcasts/le-jeu-des-1000"
"France Inter (FR)";"FR";"2026-10-07";"Lycéens en première ligne";"https://radiofrance.fr/franceinter/podcasts/la-chronique-de-tom-baldetti/tom-baldetti-a-midi-10-en-franche-du-mercredi-07-octobre-2026-1644200"
"France Inter (FR)";"FR";"2026-10-07";"La chronique de Tom Baldetti";"https://radiofrance.fr/franceinter/podcasts/la-drole-d-humeur-de-tom-baldetti"
"France Inter (FR)";"FR";"2026-10-07";"Tom Cruise ne fait plus recette";"https://radiofrance.fr/franceinter/podcasts/marie-bonnisseau-l-amie-de-la-franche/marie-bonnisseau-l-amie-de-la-franche-du-mercredi-07-octobre-2026-4553925"
"France Inter (FR)";"FR";"2026-10-07";"Marie Bonnisseau : l’amie de la Franche";"https://radiofrance.fr/franceinter/podcasts/marie-bonnisseau-l-amie-de-la-franche"
"France Inter (FR)";"FR";"2026-10-07";"Daniel Morin en liberté : Valentine Guédiguian, fille de";"https://radiofrance.fr/franceinter/podcasts/daniel-morin-en-liberte/daniel-morin-en-liberte-du-mercredi-07-octobre-2026-1863558"
"France Inter (FR)";"FR";"2026-10-07";"Daniel Morin en liberté";"https://radiofrance.fr/franceinter/podcasts/daniel-morin"
"France Inter (FR)";"FR";"2026-10-07";"Trois ans après le 7-Octobre, en Israël, il y a un ""effet post-traumatique au niveau individuel et au niveau collectif""";"https://radiofrance.fr/franceinter/podcasts/l-invite-de-8h20-le-grand-entretien/l-invite-de-8h20-le-grand-entretien-du-mercredi-07-octobre-2026-6597057"
"France Inter (FR)";"FR";"2026-10-07";"Trois ans après le 7 octobre, une région entière plongée dans les guerres et la tragédie";"https://radiofrance.fr/franceinter/podcasts/geopolitique/geopolitique-du-mercredi-07-octobre-2026-1111680"
"France Inter (FR)";"FR";"2026-10-07";"Géopolitique";"https://radiofrance.fr/franceinter/podcasts/geopolitique"
"France Inter (FR)";"FR";"2026-10-07";"""Rien de plus précieux que la vie"" : l'héritage de la journaliste russe Anna Politkovskaïa, 20 ans après son assassinat";"https://radiofrance.fr/franceinter/podcasts/l-info-de-france-inter/russie-20-ans-apres-la-mort-de-la-journaliste-anna-politkovskaia-2846044"
"France Inter (FR)";"FR";"2026-10-07";"Marie Leroy, sage-femme libérale dans l'Eure";"https://radiofrance.fr/franceinter/podcasts/regarde-la-france/regarde-la-france-du-mercredi-07-octobre-2026-8653100"
"France Inter (FR)";"FR";"2026-10-07";"Regarde la France";"https://radiofrance.fr/franceinter/podcasts/regarde-la-france"
"France Inter (FR)";"FR";"2026-10-07";"Le projet de budget du RN pour 2027, l'impossible dessein";"https://radiofrance.fr/franceinter/podcasts/l-edito-eco/l-edito-eco-du-mercredi-07-octobre-2026-6752049"
"France Inter (FR)";"FR";"2026-10-07";"L'Édito éco";"https://radiofrance.fr/franceinter/podcasts/l-edito-eco"
"France Inter (FR)";"FR";"2026-10-07";"Forces de l'ordre et manifestations : pas de deux poids deux mesures, vraiment ?";"https://radiofrance.fr/franceinter/podcasts/debout-la-terre/debout-la-terre-du-mercredi-07-octobre-2026-7257720"
"France Inter (FR)";"FR";"2026-10-07";"Debout la Terre";"https://radiofrance.fr/franceinter/podcasts/la-lutte-enchantee"
"France Inter (FR)";"FR";"2026-10-07";"Un ménage passant d'un véhicule thermique à un modèle électrique ""dépensera trois fois moins d'argent"", selon l'Ademe";"https://radiofrance.fr/franceinter/podcasts/l-info-de-france-inter/voitures-electriques-ademe-9718020"
"France Inter (FR)";"FR";"2026-10-07";"Les voitures électriques pourraient bientôt remplacer votre compteur Linky";"https://radiofrance.fr/franceinter/podcasts/tout-va-bien-dans-ce-monde/tout-va-bien-dans-ce-monde-du-mardi-06-octobre-2026-5816051"
"France Inter (FR)";"FR";"2026-10-07";"Tout va bien dans ce monde";"https://radiofrance.fr/franceinter/podcasts/tout-va-bien-dans-ce-monde"
"France Inter (FR)";"FR";"2026-10-07";"Ce que les perroquets ont à nous dire";"https://radiofrance.fr/franceinter/podcasts/la-terre-au-carre/la-terre-au-carre-du-mardi-06-octobre-2026-3757660"
"France Inter (FR)";"FR";"2026-10-07";"La Terre au carré";"https://radiofrance.fr/franceinter/podcasts/la-terre-au-carre"
"France Inter (FR)";"FR";"2026-10-07";"Départ de Ronaldo, retraite de Messi : la fin d'une époque ?";"https://radiofrance.fr/franceinter/podcasts/le-debat/le-debat-de-la-grand-matinale-du-mercredi-07-octobre-2026-8220919"
"France Inter (FR)";"FR";"2026-10-07";"Le débat";"https://radiofrance.fr/franceinter/podcasts/le-debat-du-7-10"
"France Inter (FR)";"FR";"2026-10-07";"La brebis, cet animal panse à gauche";"https://radiofrance.fr/franceinter/podcasts/c-est-loin-mais-c-est-beau/c-est-loin-mais-c-est-beau-du-mercredi-07-octobre-2026-6630751"
"France Inter (FR)";"FR";"2026-10-07";"Pourquoi a-t-on envoyé des enfants à la guerre ?";"https://radiofrance.fr/franceinter/podcasts/les-p-tits-bateaux/les-p-tits-bateaux-du-mardi-06-octobre-2026-1124303"
"France Inter (FR)";"FR";"2026-10-07";"Les P'tits Bateaux";"https://radiofrance.fr/franceinter/podcasts/les-p-tits-bateaux"
"France Inter (FR)";"FR";"2026-10-07";"Cygne : la danse du cœur";"https://radiofrance.fr/franceinter/podcasts/bestioles/cygne-7907698"
"France Inter (FR)";"FR";"2026-10-07";"Bestioles";"https://radiofrance.fr/franceinter/podcasts/bestioles"
"France Inter (FR)";"FR";"2026-10-07";"Fossiles : à la conquête des os géants";"https://radiofrance.fr/franceinter/podcasts/bestioles/fossiles-9532600"
"France Inter (FR)";"FR";"2026-10-07";"Volière : la différence, c'est la vie !";"https://radiofrance.fr/franceinter/podcasts/bestioles/voliere-3164024"
"France Inter (FR)";"FR";"2026-10-07";"Coucou : prêt à tout pour caser son oeuf";"https://radiofrance.fr/franceinter/podcasts/bestioles/coucou-1986068"
"France Inter (FR)";"FR";"2026-10-07";"Seuls mais ensemble...";"https://radiofrance.fr/franceinter/podcasts/le-pas-de-cote-de-christophe-andre/le-pas-de-cote-de-christophe-andre-du-mardi-06-octobre-2026-9164770"
"France Inter (FR)";"FR";"2026-10-07";"Le pas de côté de Christophe André";"https://radiofrance.fr/franceinter/podcasts/le-pas-de-cote-de-christophe-andre"
"France Inter (FR)";"FR";"2026-10-07";"Assistants sexuels pour personnes handicapées : la fin du tabou ?";"https://radiofrance.fr/franceinter/podcasts/le-grand-reportage-de-france-inter/le-grand-reportage-du-jeudi-01-octobre-2026-1836469"
"France Inter (FR)";"FR";"2026-10-07";"À SQY Ping, le parasport au quotidien : Thomas Kossa, ""Les Jeux m’ont donné envie de me lancer""";"https://radiofrance.fr/franceinter/podcasts/esprit-sport/esprit-sport-du-mercredi-07-octobre-2026-1401889"
"France Inter (FR)";"FR";"2026-10-07";"Esprit sport";"https://radiofrance.fr/franceinter/podcasts/esprit-sport"
"France Inter (FR)";"FR";"2026-10-07";"Alexis Landot : ""Je regarde la mort en face, je sais qu'elle n'est pas dans mon dos""";"https://radiofrance.fr/franceinter/podcasts/nouvelles-tetes/nouvelles-tetes-du-mardi-06-octobre-2026-9013332"
"France Inter (FR)";"FR";"2026-10-07";"Nouvelles têtes";"https://radiofrance.fr/franceinter/podcasts/nouvelles-tetes"
"France Inter (FR)";"FR";"2026-10-07";"Origine du RN";"https://radiofrance.fr/franceinter/podcasts/la-chronique-de-manon-bril/manon-bril-l-amie-de-la-franche-du-mardi-06-octobre-2026-6301180"
"France Inter (FR)";"FR";"2026-10-07";"La chronique de Manon Bril";"https://radiofrance.fr/franceinter/podcasts/la-chronique-de-manon-bril"
"France Culture (FR)";"FR";"2026-10-07";"Isabelle Huppert : ""Incarner un personnage, ça commence par un détail de costume, un accessoire""";"https://radiofrance.fr/franceculture/podcasts/les-midis-de-culture-l-invite-e/isabelle-huppert-joue-une-figurante-dans-ni-vue-ni-connue-1354919"
"France Culture (FR)";"FR";"2026-10-07";"Face aux lycéens, la réponse sécuritaire a-t-elle pris le pas sur l’écoute des revendications ?";"https://radiofrance.fr/franceculture/podcasts/l-invite-e-des-matins/face-au-mouvement-lyceen-le-maintien-de-l-ordre-prend-il-le-pas-sur-l-ecoute-4464310"
"France Culture (FR)";"FR";"2026-10-07";"Suspicion de peste en Russie : doit-on vraiment s’inquiéter ?";"https://radiofrance.fr/franceculture/podcasts/les-enjeux-internationaux/suspicion-de-peste-en-russie-doit-on-vraiment-s-inquieter-3337279"
"France Culture (FR)";"FR";"2026-10-07";"Le prix Nobel de physique 2026 met à l'honneur le projet IceCube et la détection de neutrinos de haute énergie";"https://radiofrance.fr/franceculture/podcasts/avec-sciences/le-prix-nobel-de-physique-2026-met-a-l-honneur-le-projet-icecube-et-la-detection-de-neutrinos-de-haute-energie-7207664"
"France Culture (FR)";"FR";"2026-10-07";"Violences sexuelles : enquêter sur les mineurs auteurs d’inceste";"https://radiofrance.fr/franceculture/podcasts/les-chantiers-de-la-recherche/violences-sexuelles-enqueter-sur-les-mineurs-auteurs-d-inceste-2975726"
"France Culture (FR)";"FR";"2026-10-07";"Hélène Hazera, une femme de combat";"https://radiofrance.fr/franceculture/podcasts/serie-helene-hazera-une-femme-de-combat"
"France Culture (FR)";"FR";"2026-10-07";"Aaron Sorkin, réalisateur : ""Donald Trump autorise les Américains à se comporter de manière indécente”";"https://radiofrance.fr/franceculture/podcasts/les-enjeux-internationaux/aaron-sorkin-realisateur-de-the-social-reckoning-1690525"
"France Culture (FR)";"FR";"2026-10-07";"Le prix Nobel de médecine et physiologie 2026 récompense l'optogénétique";"https://radiofrance.fr/franceculture/podcasts/avec-sciences/le-prix-nobel-de-medecine-et-physiologie-2026-recompense-l-optogenetique-4170937"
"France Culture (FR)";"FR";"2026-10-07";"Brésil : les blessures d’une démocratie";"https://radiofrance.fr/franceculture/podcasts/serie-bresil-les-blessures-d-une-democratie"
"France Culture (FR)";"FR";"2026-10-07";"""Le Grand Monde"" de Pierre Lemaitre";"https://radiofrance.fr/franceculture/podcasts/serie-le-grand-monde-de-pierre-lemaitre"
"France Culture (FR)";"FR";"2026-10-07";"Un ex-chef du renseignement extérieur allemand arrêté pour espionnage et trahison";"https://radiofrance.fr/franceculture/podcasts/la-revue-de-presse-internationale/un-ex-chef-du-renseignement-exterieur-allemand-arrete-pour-espionnage-et-trahison-6492528"
"France Culture (FR)";"FR";"2026-10-07";"La Revue de presse internationale";"https://radiofrance.fr/franceculture/podcasts/revue-de-presse-internationale"
"France Culture (FR)";"FR";"2026-10-07";"Les Enjeux internationaux";"https://radiofrance.fr/franceculture/podcasts/les-enjeux-internationaux"
"France Culture (FR)";"FR";"2026-10-07";"Royaume-Uni : les syndicats veulent reconquérir les entreprises";"https://radiofrance.fr/franceculture/podcasts/le-journal-de-l-eco/le-journal-de-l-eco-du-mercredi-07-octobre-2026-9594607"
"France Culture (FR)";"FR";"2026-10-07";"Le Journal de l'éco";"https://radiofrance.fr/franceculture/podcasts/le-journal-de-l-eco"
"France Culture (FR)";"FR";"2026-10-07";"Petite histoire de la Maison de l'Amérique latine : diplomatique, politique et artistique";"https://radiofrance.fr/franceculture/podcasts/l-info-culturelle-reportages-enquetes-analyses/petite-histoire-de-la-maison-de-l-amerique-latine-diplomatique-politique-et-artistique-4023504"
"France Culture (FR)";"FR";"2026-10-07";"L'Info culturelle : reportages, enquêtes, analyses";"https://radiofrance.fr/franceculture/podcasts/l-actualite-culturelle-reportages-enquetes-analyses"
"France Culture (FR)";"FR";"2026-10-07";"Blocage des lycées : Vers un «acte 4» jeudi 8 octobre";"https://radiofrance.fr/franceculture/podcasts/journal-de-12h30/journal-de-12h30-du-mercredi-07-octobre-2026-2939300"
"France Culture (FR)";"FR";"2026-10-07";"Journal de 12h30";"https://radiofrance.fr/franceculture/podcasts/journal-de-12h30"
"France Culture (FR)";"FR";"2026-10-07";"Tuer la mère, sauver sa peau, avec Louise Chennevière";"https://radiofrance.fr/franceculture/podcasts/le-book-club/tuer-la-mere-sauver-sa-peau-avec-louise-chenneviere-3624540"
"France Culture (FR)";"FR";"2026-10-07";"Phœbe Hadjimarkos Clarke, écrivaine : “Il m’est impossible d’écrire un roman sans fantastique déguisé”";"https://radiofrance.fr/franceculture/podcasts/les-midis-de-culture-l-invite-e/phoebe-hadjimarkos-clarke-traverse-les-frontieres-avec-le-livre-des-souterrains-1020724"
"France Culture (FR)";"FR";"2026-10-07";"L'or du démon : rencontre avec Ian McGuire";"https://radiofrance.fr/franceculture/podcasts/mauvais-genres/l-or-du-demon-rencontre-avec-ian-mcguire-9391974"
"France Culture (FR)";"FR";"2026-10-07";"Kae Tempest : retour au roman";"https://radiofrance.fr/franceculture/podcasts/le-book-club/kae-tempest-retour-au-roman-2794282"
"France Culture (FR)";"FR";"2026-10-07";"""Nous aussi"" d'Anne Godard : la force du ""on""";"https://radiofrance.fr/franceculture/podcasts/le-regard-culturel/le-regard-culturel-chronique-du-mercredi-09-septembre-2026-5280197"
"France Culture (FR)";"FR";"2026-10-07";"Antoine Volodine et les 11 romans d'Infernus Johannes : le post-exotisme, bouquet final";"https://radiofrance.fr/franceculture/podcasts/mauvais-genres/operation-volodine-le-post-exotisme-bouquet-final-1076220"
"France Culture (FR)";"FR";"2026-10-07";"""Debout dans tes rêves"" d'Abdellah Taïa, une histoire d'amitié";"https://radiofrance.fr/franceculture/podcasts/le-book-club/promesses-avec-abdellah-taia-4947356"
"France Culture (FR)";"FR";"2026-10-07";"""Mais que fait ce sang sur le pull de Jennifer ?"" de Lucie Rico, ou l’obsession d’une phrase inachevée";"https://radiofrance.fr/franceculture/podcasts/le-book-club/lucie-rico-ou-l-obsession-d-une-phrase-inachevee-4284547"
"France Culture (FR)";"FR";"2026-10-07";"Écrire l’inceste selon Daria Marx dans ""Tuer le vieux""";"https://radiofrance.fr/franceculture/podcasts/les-midis-de-culture/tuer-le-vieux-ecrire-l-inceste-selon-daria-marx-8396852"
"France Culture (FR)";"FR";"2026-10-07";"Premier roman : ""Abdallah Superstar"", un conte électro entre la France et Djibouti";"https://radiofrance.fr/franceculture/podcasts/l-invite-e-des-matins-d-ete/abdallah-superstar-un-conte-electro-entre-la-france-et-djibouti-3189093"
"France Culture (FR)";"FR";"2026-10-07";"Israël : une campagne électorale à l'ombre du 7-Octobre";"https://radiofrance.fr/franceculture/podcasts/affaires-etrangeres/israel-une-campagne-electorale-a-l-ombre-du-7-octobre-1907704"
"France Culture (FR)";"FR";"2026-10-07";"Affaires étrangères";"https://radiofrance.fr/franceculture/podcasts/affaires-etrangeres"
"France Culture (FR)";"FR";"2026-10-07";"Les Philosophes au pouvoir";"https://radiofrance.fr/franceculture/podcasts/les-philosophes-au-pouvoir"
"France Culture (FR)";"FR";"2026-10-07";"Le Cas de conscience";"https://radiofrance.fr/franceculture/podcasts/le-cas-de-conscience"
"France Culture (FR)";"FR";"2026-10-07";"Grand Angle";"https://radiofrance.fr/franceculture/podcasts/grand-angle-de-plan-large"
"France Culture (FR)";"FR";"2026-10-07";"Classe créative : le manager de la semaine";"https://radiofrance.fr/franceculture/podcasts/classe-creative-le-manager-de-la-semaine"
"France Culture (FR)";"FR";"2026-10-07";"Le Droit d'ailleurs";"https://radiofrance.fr/franceculture/podcasts/le-droit-d-ailleurs"
"France Culture (FR)";"FR";"2026-10-07";"Les Clés de l'enfance";"https://radiofrance.fr/franceculture/podcasts/les-cles-de-l-enfance"
"France Culture (FR)";"FR";"2026-10-07";"Les Mystères des lieux";"https://radiofrance.fr/franceculture/podcasts/les-mysteres-des-lieux"
"France Culture (FR)";"FR";"2026-10-07";"Le Film de la semaine";"https://radiofrance.fr/franceculture/podcasts/le-film-de-la-semaine-de-plan-large"
"France Culture (FR)";"FR";"2026-10-07";"Le Point culture XXL : l'agenda";"https://radiofrance.fr/franceculture/podcasts/le-point-culture-xxl-l-agenda"
"France Culture (FR)";"FR";"2026-10-07";"Au nom du droit";"https://radiofrance.fr/franceculture/podcasts/au-nom-du-droit"
"France Culture (FR)";"FR";"2026-10-07";"Questions du soir : le débat";"https://radiofrance.fr/franceculture/podcasts/le-temps-du-debat"
"France Culture (FR)";"FR";"2026-10-07";"Les Midis de Culture";"https://radiofrance.fr/franceculture/podcasts/les-midis-de-culture"
"France Culture (FR)";"FR";"2026-10-07";"Avec philosophie";"https://radiofrance.fr/franceculture/podcasts/avec-philosophie"
"France Culture (FR)";"FR";"2026-10-07";"Le Point idées : le journal des sciences sociales";"https://radiofrance.fr/franceculture/podcasts/le-point-idees"
"France Culture (FR)";"FR";"2026-10-07";"Les Matins";"https://radiofrance.fr/franceculture/podcasts/les-matins"
"France Culture (FR)";"FR";"2026-10-07";"Questions du soir : l'idée";"https://radiofrance.fr/franceculture/podcasts/l-idee-questions-du-soir"
"France Culture (FR)";"FR";"2026-10-07";"La Science, CQFD";"https://radiofrance.fr/franceculture/podcasts/la-science-cqfd"
"France Culture (FR)";"FR";"2026-10-07";"La solidarité internationale : la fin d'un modèle ?";"https://radiofrance.fr/franceculture/podcasts/serie-la-solidarite-internationale-la-fin-d-un-modele"
"France Culture (FR)";"FR";"2026-10-07";"François d'Assise, la sainteté est un sport de combat";"https://radiofrance.fr/franceculture/podcasts/serie-francois-d-assise-la-saintete-est-un-sport-de-combat"
"France Culture (FR)";"FR";"2026-10-07";"Marx avant ""Le Capital""";"https://radiofrance.fr/franceculture/podcasts/serie-marx-avant-le-capital"
"France Culture (FR)";"FR";"2026-10-07";"Cuicui, meuh, tagada, histoires d'animaux";"https://radiofrance.fr/franceculture/podcasts/serie-cuicui-meuh-tagada-histoires-d-animaux"
"France Culture (FR)";"FR";"2026-10-07";"Parasite(s)";"https://radiofrance.fr/franceculture/podcasts/serie-parasite-s"
"France Culture (FR)";"FR";"2026-10-07";"Chantal Goya, la Mylène Farmer des enfants";"https://radiofrance.fr/franceculture/podcasts/serie-chantal-goya-la-mylene-farmer-des-enfants"
"France Culture (FR)";"FR";"2026-10-07";"Belgique : l’extrême droite privée de direct";"https://radiofrance.fr/franceculture/podcasts/serie-belgique-l-extreme-droite-privee-de-direct"
"France Culture (FR)";"FR";"2026-10-07";"""Notre salut"" et l'obéissance anticipative";"https://radiofrance.fr/franceculture/podcasts/le-regard-culturel/le-regard-culturel-chronique-du-mercredi-30-septembre-2026-9787753"
"France Culture (FR)";"FR";"2026-10-07";"Le Regard culturel";"https://radiofrance.fr/franceculture/podcasts/la-critique"
"France Culture (FR)";"FR";"2026-10-07";"Religieuses, des histoires de sœurs";"https://radiofrance.fr/franceculture/podcasts/serie-religieuses-des-histoires-de-soeurs"
"France Culture (FR)";"FR";"2026-10-07";"L'Ardèche, le temps des communautés";"https://radiofrance.fr/franceculture/podcasts/serie-l-ardeche-le-temps-des-communautes"
"France Culture (FR)";"FR";"2026-10-07";"Au pays des songes, 2001-2026 (Israël-Palestine, archives oniriques)";"https://radiofrance.fr/franceculture/podcasts/serie-au-pays-des-songes-2001-2026-israel-palestine-archives-oniriques"
"France Culture (FR)";"FR";"2026-10-07";"Les 2Be3 : étoiles filantes";"https://radiofrance.fr/franceculture/podcasts/serie-les-2be3-etoiles-filantes"
"France Culture (FR)";"FR";"2026-10-07";"Verdun 1916, au cœur d'une guerre totale";"https://radiofrance.fr/franceculture/podcasts/serie-verdun-1916-au-coeur-d-une-guerre-totale"
"France Culture (FR)";"FR";"2026-10-07";"La Joconde sort du silence";"https://radiofrance.fr/franceculture/podcasts/serie-la-joconde-sort-du-silence"
"France Culture (FR)";"FR";"2026-10-07";"Troubles dys : des vies à inventer";"https://radiofrance.fr/franceculture/podcasts/serie-troubles-dys-des-vies-a-inventer"
"France Culture (FR)";"FR";"2026-10-07";"Habiba Msika (1903-1930), une artiste libre aux multiples talents";"https://radiofrance.fr/franceculture/podcasts/toute-une-vie/habiba-msika-une-artiste-libre-aux-multiples-talents-6978561"
"France Culture (FR)";"FR";"2026-10-07";"Hans le Malin, le cheval qui savait lire et compter";"https://radiofrance.fr/franceculture/podcasts/serie-hans-le-malin-le-cheval-qui-savait-lire-et-compter"
"France Culture (FR)";"FR";"2026-10-07";"Les ultras de la collaboration";"https://radiofrance.fr/franceculture/podcasts/serie-les-ultras-de-la-collaboration"
"France Culture (FR)";"FR";"2026-10-07";"Catholiques de France, la tentation radicale";"https://radiofrance.fr/franceculture/podcasts/serie-catholiques-de-france-la-tentation-radicale"
"France Culture (FR)";"FR";"2026-10-07";"L'effet chat";"https://radiofrance.fr/franceculture/podcasts/serie-l-effet-chat"
"France Culture (FR)";"FR";"2026-10-07";"La trilogie des ""J'ai trop..."" de David Lescot";"https://radiofrance.fr/franceculture/podcasts/serie-la-trilogie-des-j-ai-trop-de-david-lescot"
"France Culture (FR)";"FR";"2026-10-07";"""Les Malheurs de Sophie, une comédie musicale"" de Sabine Zovighian et Michael Liot - Saison 2";"https://radiofrance.fr/franceculture/podcasts/serie-les-malheurs-de-sophie-une-comedie-musicale-de-sabine-zovighian-et-michael-liot-saison-2"
"France Culture (FR)";"FR";"2026-10-07";"LSD, la série documentaire";"https://radiofrance.fr/franceculture/podcasts/lsd-la-serie-documentaire"
"France Culture (FR)";"FR";"2026-10-07";"Avenue Jean Moulin : Annecy et Cran-Gevrier";"https://radiofrance.fr/franceculture/podcasts/les-pieds-sur-terre/avenue-jean-moulin-annecy-et-cran-gevrier-7935271"
"France Culture (FR)";"FR";"2026-10-07";"Les Pieds sur terre";"https://radiofrance.fr/franceculture/podcasts/les-pieds-sur-terre"
"France Culture (FR)";"FR";"2026-10-07";"Conte d'été : amours de jeunesse";"https://radiofrance.fr/franceculture/podcasts/les-pieds-sur-terre/conte-d-ete-amours-de-jeunessse-5949660"
"France Culture (FR)";"FR";"2026-10-07";"Sur le tournage d'un porno ""éthique""";"https://radiofrance.fr/franceculture/podcasts/les-pieds-sur-terre/sur-le-tournage-d-un-porno-ethique-4896878"
"France Culture (FR)";"FR";"2026-10-07";"La cavale de l'urne électorale";"https://radiofrance.fr/franceculture/podcasts/les-pieds-sur-terre/la-cavale-de-l-urne-electorale-5859915"
"France Culture (FR)";"FR";"2026-10-07";"Héroïne, le temps des seringues";"https://radiofrance.fr/franceculture/podcasts/serie-heroine-le-temps-des-seringues"
"France Culture (FR)";"FR";"2026-10-07";"Même pas mort";"https://radiofrance.fr/franceculture/podcasts/serie-meme-pas-mort"
"France Culture (FR)";"FR";"2026-10-07";"""Les Eloignés"" de Sophie Maurer";"https://radiofrance.fr/franceculture/podcasts/serie-les-eloignes-de-sophie-maurer"
"France Culture (FR)";"FR";"2026-10-07";"Vie de chien";"https://radiofrance.fr/franceculture/podcasts/serie-vie-de-chien"
"France Culture (FR)";"FR";"2026-10-07";"Mes années Boum, une enquête algérienne";"https://radiofrance.fr/franceculture/podcasts/serie-mes-annees-boum-une-enquete-algerienne"
"France Culture (FR)";"FR";"2026-10-07";"Concert-fiction : Blanche-Neige & sortilèges";"https://radiofrance.fr/franceculture/podcasts/fictions-theatre-et-cie/concert-fiction-blanche-neige-sortileges-3143340"
"France Culture (FR)";"FR";"2026-10-07";"Le journal de ma vie";"https://radiofrance.fr/franceculture/podcasts/serie-le-journal-de-ma-vie"
"France Culture (FR)";"FR";"2026-10-07";"""L'Homme invisible"" de H. G. Wells";"https://radiofrance.fr/franceculture/podcasts/serie-l-homme-invisible-de-h-g-wells"
"France Culture (FR)";"FR";"2026-10-07";"""AfficheTonEx"" de Romain Weber et Constance Vilanova";"https://radiofrance.fr/franceculture/podcasts/serie-affichetonex-ecrit-par-romain-weber"
"France Culture (FR)";"FR";"2026-10-07";"Fureurs";"https://radiofrance.fr/franceculture/podcasts/serie-fureurs"
"France Culture (FR)";"FR";"2026-10-07";"Pourquoi le loup des fables de La Fontaine est-il plus humain qu'on ne le croit ?";"https://radiofrance.fr/franceculture/podcasts/le-point-culture/le-loup-animal-mal-aime-des-fables-de-la-fontaine-3171063"
"France Culture (FR)";"FR";"2026-10-07";"Le Point culture";"https://radiofrance.fr/franceculture/podcasts/affaire-en-cours"
"France Culture (FR)";"FR";"2026-10-07";"""Ton Animal maternel"" et ""L'Espèce explosive"" : deux films de la déroute";"https://radiofrance.fr/franceculture/podcasts/le-regard-culturel/le-regard-culturel-chronique-du-mercredi-07-octobre-2026-3450876"
"France Culture (FR)";"FR";"2026-10-07";"""The Social Reckoning"" ou le faux semblant de la contestation";"https://radiofrance.fr/franceculture/podcasts/un-monde-connecte/the-social-reckoning-ou-le-faux-semblant-de-la-contestation-2910870"
"France Culture (FR)";"FR";"2026-10-07";"Un monde connecté";"https://radiofrance.fr/franceculture/podcasts/planete-connectee"
"France Culture (FR)";"FR";"2026-10-07";"Pourquoi Cézanne fascine-t-il autant les artistes ?";"https://radiofrance.fr/franceculture/podcasts/les-midis-de-culture/les-midis-de-culture-l-objet-emission-du-mercredi-07-octobre-2026-5532146"
"France Culture (FR)";"FR";"2026-10-07";"Burger, trop gras, trop sucré, trop sacré";"https://radiofrance.fr/franceculture/podcasts/cultures-monde/burger-trop-gras-trop-sucre-trop-sacre-7282662"
"France Culture (FR)";"FR";"2026-10-07";"Cultures Monde";"https://radiofrance.fr/franceculture/podcasts/cultures-monde"
"France Culture (FR)";"FR";"2026-10-07";"Trois ans après le 7-Octobre, se reconstruire sans oublier l'histoire";"https://radiofrance.fr/franceculture/podcasts/journal-de-8-h/journal-de-8h-du-mercredi-07-octobre-2026-1099282"
"France Culture (FR)";"FR";"2026-10-07";"Journal de 8 h";"https://radiofrance.fr/franceculture/podcasts/journal-de-8-h"
"France Culture (FR)";"FR";"2026-10-07";"Commment l'insulte dégrade-t-elle le monde ?";"https://radiofrance.fr/franceculture/podcasts/le-pourquoi-du-comment-philo/commment-l-insulte-degrade-t-elle-le-monde-5393604"
"France Culture (FR)";"FR";"2026-10-07";"Le Pourquoi du comment : philo";"https://radiofrance.fr/franceculture/podcasts/le-pourquoi-du-comment-philo"
"France Culture (FR)";"FR";"2026-10-07";"Comment élever son âme ?";"https://radiofrance.fr/franceculture/podcasts/avec-philosophie/comment-elever-son-ame-3847221"
"France Culture (FR)";"FR";"2026-10-07";"Des colporteurs aux VRP, sur la route toute la sainte journée";"https://radiofrance.fr/franceculture/podcasts/le-cours-de-l-histoire/des-colporteurs-aux-vrp-sur-la-route-toute-la-sainte-journee-1593688"
"France Culture (FR)";"FR";"2026-10-07";"Le Cours de l'histoire";"https://radiofrance.fr/franceculture/podcasts/le-cours-de-l-histoire"
"France Culture (FR)";"FR";"2026-10-07";"Les Chantiers de la recherche";"https://radiofrance.fr/franceculture/podcasts/les-chantiers-de-la-recherche"
"France Culture (FR)";"FR";"2026-10-07";"“Soirée d'automne dans la montagne"" de Wang Wei, parfaite plénitude";"https://radiofrance.fr/franceculture/podcasts/l-instant-poesie/soiree-d-automne-dans-la-montagne-de-wang-wei-parfaite-plenitude-7202932"
"France Culture (FR)";"FR";"2026-10-07";"L'Instant poésie";"https://radiofrance.fr/franceculture/podcasts/l-instant-poesie"
"France Culture (FR)";"FR";"2026-10-07";"Incendies : aménager les territoires avant qu’ils ne brûlent";"https://radiofrance.fr/franceculture/podcasts/l-info-de-france-culture/incendies-amenager-les-territoires-avant-qu-ils-ne-brulent-1260323"
"France Culture (FR)";"FR";"2026-10-07";"L'Info de France Culture";"https://radiofrance.fr/franceculture/podcasts/l-info-de-france-culture"
"France Culture (FR)";"FR";"2026-10-07";"Cancer pédiatrique, le cri d'alarme d'une toxicologue : grand entretien avec Laurence Huc";"https://radiofrance.fr/franceculture/podcasts/de-cause-a-effets-le-magazine-de-l-environnement/cancer-pediatrique-le-cri-d-alarme-d-une-toxicologue-grand-entretien-avec-laurence-huc-8133268"
"France Culture (FR)";"FR";"2026-10-07";"De cause à effets, le magazine de l'environnement";"https://radiofrance.fr/franceculture/podcasts/de-cause-a-effets-le-magazine-de-l-environnement"
"France Culture (FR)";"FR";"2026-10-07";"Mouvement lycéen : le gouvernement est-il coincé ?";"https://radiofrance.fr/franceculture/podcasts/le-billet-politique/mouvement-lyceen-le-gouvernement-est-il-coince-6702209"
"France Culture (FR)";"FR";"2026-10-07";"Le Billet politique";"https://radiofrance.fr/franceculture/podcasts/le-billet-politique"
"France Culture (FR)";"FR";"2026-10-07";"Vive la pistache française !";"https://radiofrance.fr/franceculture/podcasts/les-bonnes-choses/les-bonnes-choses-emission-du-dimanche-04-octobre-2026-7272030"
"France Culture (FR)";"FR";"2026-10-07";"Les Bonnes Choses";"https://radiofrance.fr/franceculture/podcasts/les-bonnes-choses"
"France Culture (FR)";"FR";"2026-10-07";"""Football Leaks"" : le lanceur d'alerte Rui Pinto lâché par la justice portugaise";"https://radiofrance.fr/franceculture/podcasts/un-monde-connecte/football-leaks-le-lanceur-d-alerte-rui-pinto-lache-par-la-justice-portugaise-3177547"
"France Culture (FR)";"FR";"2026-10-07";"L'auteur-compositeur-interprète Robert Charlebois, une vie extraordinaire";"https://radiofrance.fr/franceculture/podcasts/les-midis-de-culture-l-invite-e/l-auteur-compositeur-interprete-robert-charlebois-une-vie-extraordinaire-1858467"
"France Culture (FR)";"FR";"2026-10-07";"Les Midis de Culture : l'invité(e)";"https://radiofrance.fr/franceculture/podcasts/les-midis-de-culture-l-invite"
"ARTE (FR)";"FR";"2026-10-07";"Guide TV";"https://www.arte.tv/fr/guide/"
"ARTE (FR)";"FR";"2026-10-07";"[Vidéo/Article] Amours Solitaires";"https://www.arte.tv/fr/videos/RC-019324/amours-solitaires/"
"ARTE (FR)";"FR";"2026-10-07";"Amours solitairesUne série inspirée du compte Instagram de Morgane OrtinReconquérir son ex, c’est… compliqué, surtout quand on est parti à l’étranger sans lui donner de nouvelles.Série";"https://www.arte.tv/fr/videos/RC-019324/amours-solitaires/"
"ARTE (FR)";"FR";"2026-10-07";"Regarder";"https://www.arte.tv/fr/videos/RC-019324/amours-solitaires/"
"ARTE (FR)";"FR";"2026-10-07";"Info";"https://www.arte.tv/fr/videos/info-et-societe/"
"ARTE (FR)";"FR";"2026-10-07";"Documentaires";"https://www.arte.tv/fr/videos/documentaires-et-reportages/"
"ARTE (FR)";"FR";"2026-10-07";"Séries";"https://www.arte.tv/fr/videos/series-et-fictions/"
"ARTE (FR)";"FR";"2026-10-07";"Émissions";"https://www.arte.tv/fr/videos/emissions/"
"ARTE (FR)";"FR";"2026-10-07";"Concert";"https://www.arte.tv/fr/videos/135044-000-A/catherine-ringer-chante-les-rita-mitsouko/"
"ARTE (FR)";"FR";"2026-10-07";"Hommage à Catherine RingerSon concert à la Philharmonie de ParisHommage à la légende de la pop hexagonale disparue ce 14 septembre. Replongez dans l'univers des Rita Mitsouko, capté en 2019.101 minConcert";"https://www.arte.tv/fr/videos/135044-000-A/catherine-ringer-chante-les-rita-mitsouko/"
"ARTE (FR)";"FR";"2026-10-07";"Regarder";"https://www.arte.tv/fr/videos/135044-000-A/catherine-ringer-chante-les-rita-mitsouko/"
"ARTE (FR)";"FR";"2026-10-07";"Bande-annonce";"https://www.arte.tv/fr/videos/135044-000-A/?trailer=true"
"ARTE (FR)";"FR";"2026-10-07";"Concert";"https://www.arte.tv/fr/videos/132676-000-A/raye-guests/"
"ARTE (FR)";"FR";"2026-10-07";"Raye & guestsAu Montreux Jazz Festival 2026À l'occasion de la 60e édition du Montreux Jazz Festival, Raye invite sur scène plusieurs stars internationales de la pop.115 minConcertSous-titres. Sous-titresVersion originale. Version originale";"https://www.arte.tv/fr/videos/132676-000-A/raye-guests/"
"ARTE (FR)";"FR";"2026-10-07";"Regarder";"https://www.arte.tv/fr/videos/132676-000-A/raye-guests/"
"ARTE (FR)";"FR";"2026-10-07";"Bande-annonce";"https://www.arte.tv/fr/videos/132676-000-A/?trailer=true"
"ARTE (FR)";"FR";"2026-10-07";"Concert";"https://www.arte.tv/fr/videos/134165-001-A/yael-naim-orange-blossom-et-robinson-khoury/"
"ARTE (FR)";"FR";"2026-10-07";"Les Concerts VolantsNouvelle soirée tout en couleursYael Naim, Orange Blossom et Robinson Khoury : trois univers musicaux métissés pour ce voyage avec les Concerts Volants.94 minConcert";"https://www.arte.tv/fr/videos/134165-001-A/yael-naim-orange-blossom-et-robinson-khoury/"
"ARTE (FR)";"FR";"2026-10-07";"Regarder";"https://www.arte.tv/fr/videos/134165-001-A/yael-naim-orange-blossom-et-robinson-khoury/"
"ARTE (FR)";"FR";"2026-10-07";"Série";"https://www.arte.tv/fr/videos/RC-024574/de-grace/"
"ARTE (FR)";"FR";"2026-10-07";"De grâceAvec Olivier Gourmet et Panayotis PascotUne tragédie familiale dans l’univers des dockers du Havre. Avec Olivier Gourmet.Série";"https://www.arte.tv/fr/videos/RC-024574/de-grace/"
"ARTE (FR)";"FR";"2026-10-07";"Regarder";"https://www.arte.tv/fr/videos/RC-024574/de-grace/"
"ARTE (FR)";"FR";"2026-10-07";"Bande-annonce";"https://www.arte.tv/fr/videos/RC-024574/?trailer=true"
"ARTE (FR)";"FR";"2026-10-07";"Concert";"https://www.arte.tv/fr/videos/133232-004-A/marguerite/"
"ARTE (FR)";"FR";"2026-10-07";"MargueriteLa révélation pop au Cabaret VertRévélée par la Star Academy, Marguerite livre une performance mêlant sensibilité, franchise et espièglerie.52 minConcert";"https://www.arte.tv/fr/videos/133232-004-A/marguerite/"
"ARTE (FR)";"FR";"2026-10-07";"Regarder";"https://www.arte.tv/fr/videos/133232-004-A/marguerite/"
"ARTE (FR)";"FR";"2026-10-07";"Concert";"https://www.arte.tv/fr/videos/133654-000-A/selah-sue-and-the-gallands/"
"ARTE (FR)";"FR";"2026-10-07";"Selah Sue and the GallandsSession en plein air au lac LémanPour sa 60e édition, le Montreux Jazz Festival dévoile une session live d’exception avec Selah Sue & The Gallands. 34 minConcert";"https://www.arte.tv/fr/videos/133654-000-A/selah-sue-and-the-gallands/"
"ARTE (FR)";"FR";"2026-10-07";"Regarder";"https://www.arte.tv/fr/videos/133654-000-A/selah-sue-and-the-gallands/"
"ARTE (FR)";"FR";"2026-10-07";"Votre prochaine série vous attend";"https://www.arte.tv/fr/videos/series-et-fictions/"
"ARTE (FR)";"FR";"2026-10-07";"Voir tout";"https://www.arte.tv/fr/videos/series-et-fictions/"
"ARTE (FR)";"FR";"2026-10-07";"Nos films à l'affiche";"https://www.arte.tv/fr/videos/cinema/"
"ARTE (FR)";"FR";"2026-10-07";"Voir tout";"https://www.arte.tv/fr/videos/cinema/"
"ARTE (FR)";"FR";"2026-10-07";"Les documentaires à ne pas manquer";"https://www.arte.tv/fr/videos/documentaires-et-reportages/"
"ARTE (FR)";"FR";"2026-10-07";"Voir tout";"https://www.arte.tv/fr/videos/documentaires-et-reportages/"
"ARTE (FR)";"FR";"2026-10-07";"Israël : pleins feux sur un pays fracturé";"https://www.arte.tv/fr/videos/RC-028278/"
"ARTE (FR)";"FR";"2026-10-07";"Voir tout";"https://www.arte.tv/fr/videos/RC-028278/"
"ARTE (FR)";"FR";"2026-10-07";"Prolongez l'été !";"https://www.arte.tv/fr/videos/RC-028332/prolonger-l-ete/"
"ARTE (FR)";"FR";"2026-10-07";"Voir tout";"https://www.arte.tv/fr/videos/RC-028332/prolonger-l-ete/"
"ARTE (FR)";"FR";"2026-10-07";"Culture";"https://www.arte.tv/fr/videos/culture-et-pop/"
"ARTE (FR)";"FR";"2026-10-07";"Voir tout";"https://www.arte.tv/fr/videos/culture-et-pop/"
"ARTE (FR)";"FR";"2026-10-07";"Nos émissions en un coup d'œil";"https://www.arte.tv/fr/videos/emissions/"
"ARTE (FR)";"FR";"2026-10-07";"Voir tout";"https://www.arte.tv/fr/videos/emissions/"
"ARTE (FR)";"FR";"2026-10-07";"Histoire";"https://www.arte.tv/fr/videos/histoire/"
"ARTE (FR)";"FR";"2026-10-07";"Voir tout";"https://www.arte.tv/fr/videos/histoire/"
"ARTE (FR)";"FR";"2026-10-07";"Sciences et technologies";"https://www.arte.tv/fr/videos/sciences/"
"ARTE (FR)";"FR";"2026-10-07";"Voir tout";"https://www.arte.tv/fr/videos/sciences/"
"ARTE (FR)";"FR";"2026-10-07";"Les vidéos les plus vues";"https://www.arte.tv/fr/videos/plus-vues/"
"ARTE (FR)";"FR";"2026-10-07";"Voir tout";"https://www.arte.tv/fr/videos/plus-vues/"
"ARTE (FR)";"FR";"2026-10-07";"Catastrophe - Une série british sur les affres du couple";"https://www.arte.tv/fr/videos/RC-027959/catastrophe/"
"ARTE (FR)";"FR";"2026-10-07";"Taxe-moi, si tu peux ! - Les astuces fiscales des super-riches";"https://www.arte.tv/fr/videos/RC-027810/taxe-moi-si-tu-peux/"
"Time Magazine World (EN)";"EN";"2026-10-07";"After the Cornell Case, Should Colleges Ban Fraternities?";"https://time.com/article/2026/10/07/in-the-wake-of-cornell-should-fraternities-be-banned-/"
"Time Magazine World (EN)";"EN";"2026-10-07";"Pressure Mounts on Cornell to Explain Its Handling of Sexual Assault Allegations";"https://time.com/article/2026/10/06/pressure-mounts-on-cornell-to-explain-its-handling-of-sexual-assault-allegations/"
"Time Magazine World (EN)";"EN";"2026-10-07";"Meta’s Muse AI Agent Is Building a Dossier On You";"https://time.com/article/2026/10/06/meta-muse-ai-agent-privacy/"
"Time Magazine World (EN)";"EN";"2026-10-07";"Hoping for Better, 3 Years Since Oct. 7";"https://time.com/article/2026/10/06/hoping-for-better-3-years-since-oct-7/"
"Time Magazine World (EN)";"EN";"2026-10-07";"Russia Tells WHO No Plague Found After Lab Worker’s Death";"https://time.com/article/2026/10/05/russia-plague-fears-siberia-quarantine-lab-worker-died/"
"Time Magazine World (EN)";"EN";"2026-10-07";"Could Texas Elect a Democratic Governor? Polls Show a Tight Race";"https://time.com/article/2026/10/06/texas-governor-race-polls-abbott-hinojosa/"
"Time Magazine World (EN)";"EN";"2026-10-07";"The Ghosts That Haunt Egypt";"https://time.com/article/2026/10/06/egypt-political-prisoners-tahrir-square-arab-spring/"
"Time Magazine World (EN)";"EN";"2026-10-07";"Photos Show Scenes of Unrest as French Student Protests Go Nationwide";"https://time.com/article/2026/10/06/france-student-protest-in-photos/"
"Time Magazine World (EN)";"EN";"2026-10-07";"When Is the Best Time to See Peak Fall Foliage?";"https://time.com/article/2026/10/05/when-is-the-best-time-to-see-peak-fall-foliage-/"
"Time Magazine World (EN)";"EN";"2026-10-07";"Making Sense of Verity's Ambiguous Ending";"https://time.com/article/2026/10/01/verity-ending-explained/"
"Time Magazine World (EN)";"EN";"2026-10-07";"The Case Against Wearing Headphones in Public";"https://time.com/article/2026/10/05/the-case-against-wearing-headphones-in-public/"
"Time Magazine World (EN)";"EN";"2026-10-07";"We Won't Know the Answers to AI's Most Important Questions Until It's Too Late";"https://time.com/article/2026/10/03/we-won-t-know-the-answers-to-ai-s-most-important-questions-until-its-too-late/"
"Time Magazine World (EN)";"EN";"2026-10-07";"TIME100 Next 2026TIME100 Next 2026";"https://time.com/collection/time100-next/2026/"
"Time Magazine World (EN)";"EN";"2026-10-07";"Swizz Beatz and Alicia Keys";"https://time.com/collection/time100-art/2026/alicia-keys-and-swizz-beatz/"
"Time Magazine World (EN)";"EN";"2026-10-07";"The Fossil Fuel Turning Point";"https://time.com/article/2026/10/05/the-fossil-fuel-turning-point/"
"Time Magazine World (EN)";"EN";"2026-10-07";"We Must Fight Health Misinformation With Empathy";"https://time.com/article/2026/10/04/we-must-fight-health-misinformation-with-empathy/"
"Time Magazine World (EN)";"EN";"2026-10-07";"Why I Bring My Kids to Vote with Me";"https://time.com/article/2026/10/03/why-i-bring-my-kids-to-vote-with-me/"
"Time Magazine World (EN)";"EN";"2026-10-07";"TIME100 Next 2026: The World's Most Influential Rising Stars";"https://time.com/collection/time100-next/2026/"
"Time Magazine World (EN)";"EN";"2026-10-07";"Don't Cancel Your Plans. Shrink Them";"https://time.com/article/2026/10/06/dont-cancel-plans-shrink-them/"
"Time Magazine World (EN)";"EN";"2026-10-07";"Now Is the Best Time to Get Your Flu Shot";"https://time.com/article/2026/10/05/now-is-the-best-time-to-get-your-flu-shot/"
"Time Magazine World (EN)";"EN";"2026-10-07";"Gambling Is Sending More People to the ER";"https://time.com/article/2026/10/05/gambling-emergency-room-visits/"
"Time Magazine World (EN)";"EN";"2026-10-07";"America’s Health Care Workforce Is in Crisis";"https://time.com/article/2026/10/04/us-health-care-workforce-in-crisis/"
"Time Magazine World (EN)";"EN";"2026-10-07";"What to Know About the Dengue Outbreak in the U.S.";"https://time.com/article/2026/10/02/what-to-know-about-dengue-outbreak-florida-mosquito/"
"Time Magazine World (EN)";"EN";"2026-10-07";"The Next Generation of Weight-Loss Drugs Is Almost Here";"https://time.com/article/2026/10/01/next-generation-of-weight-loss-drugs-is-almost-here/"
"Time Magazine World (EN)";"EN";"2026-10-07";"Breaking Down the Ending of 'Four Hands, Two Sonatas'";"https://time.com/article/2026/10/01/four-hands-two-sonatas-ending/"
"Time Magazine World (EN)";"EN";"2026-10-07";"The Elon Musk Documentary That Has Him Fighting Back";"https://time.com/article/2026/10/05/elon-musk-gibney-documentary/"
"Time Magazine World (EN)";"EN";"2026-10-07";"How 'East of Eden' Rescues Cathy From Evil";"https://time.com/article/2026/10/02/east-of-eden-netflix-cathy/"
"Time Magazine World (EN)";"EN";"2026-10-07";"'Tip Toe' Captures a World Gone Mad: Review";"https://time.com/article/2026/10/01/tip-toe-review-starz/"
"Time Magazine World (EN)";"EN";"2026-10-07";"The True Story Behind 'Atonement'";"https://time.com/article/2026/09/28/atonement-true-story-iraq-war/"
"Time Magazine World (EN)";"EN";"2026-10-07";"The True Story Behind 'The Widower'";"https://time.com/article/2026/09/28/the-widower-thomas-randolph-netflix/"
"Time Magazine World (EN)";"EN";"2026-10-07";"Awe in the Age of AI";"https://time.com/article/2026/10/02/awe-in-the-age-of-ai/"
"Time Magazine World (EN)";"EN";"2026-10-07";"Why the U.S. Must Simultaneously Compete—and Cooperate—With China on AI";"https://time.com/article/2026/10/01/the-u-s-must-compete-and-cooperate-with-china-on-ai/"
"Time Magazine World (EN)";"EN";"2026-10-07";"How Google Is Quietly Turning Millions of People Into AI Users";"https://time.com/article/2026/09/29/google-search-ai-mode-chat/"
"Time Magazine World (EN)";"EN";"2026-10-07";"The Case Against Pacing the AI Frontier";"https://time.com/article/2026/09/28/the-case-against-pacing-the-ai-frontier/"
"Time Magazine World (EN)";"EN";"2026-10-07";"The Fight to Rein In AI Is Dividing Washington";"https://time.com/article/2026/09/25/ai-congress-regulation-safety-democrats-republicans/"
"Time Magazine World (EN)";"EN";"2026-10-07";"Europe’s Approach to Climate Change Is Entering a New Era";"https://time.com/article/2026/10/02/europe-s-approach-to-climate-is-entering-a-new-era/"
"Time Magazine World (EN)";"EN";"2026-10-07";"How Does Climate Change Impact Nor'easters?";"https://time.com/article/2026/09/25/climate-change-nor-easters/"
"Time Magazine World (EN)";"EN";"2026-10-07";"Everyone's Still Talking About Climate Change, Actually";"https://time.com/article/2026/09/25/new-york-climate-week/"
"Time Magazine World (EN)";"EN";"2026-10-07";"How To Help Pollinators Survive Winter";"https://time.com/article/2026/09/24/fall-yard-cleanup-pollinators-winter/"
"Time Magazine World (EN)";"EN";"2026-10-07";"Why California Declared a State of Emergency Due to El Niño";"https://time.com/article/2026/09/23/california-state-of-emergency-el-nino/"
"Time Magazine World (EN)";"EN";"2026-10-07";"Hurricane Polo Intensifies Off Mexico’s Coast";"https://time.com/article/2026/09/23/hurricane-polo-natural-disaster-el-nino-weather-mexico/"
"Icilome (FR)";"FR";"2026-10-07";"Application de l’Arrêt de la Cour de la CEDEAO : mettons le cap sur le Conseil de Paix et de Sécurité de l’Union Africaine";"https://icilome.com/2026/10/application-de-larret-de-la-cour-de-la-cedeao-mettons-le-cap-sur-le-conseil-de-paix-et-de-securite-de-lunion-africaine/"
"Icilome (FR)";"FR";"2026-10-07";"Togo – Après New York, Lomé réunit bientôt les ministres africains de l’Éducation pour mettre la nouvelle carte au programme";"https://icilome.com/2026/10/togo-apres-new-york-lome-reunit-bientot-les-ministres-africains-de-leducation-pour-mettre-la-nouvelle-carte-au-programme/"
"Icilome (FR)";"FR";"2026-10-07";"Togo- Voici les grandes décisions du Conseil des ministres de ce mardi 06 octobre 2026";"https://icilome.com/2026/10/togo-voici-les-grandes-decisions-du-conseil-des-ministres-de-ce-mardi-06-octobre-2026/"
"Icilome (FR)";"FR";"2026-10-07";"Togo: L’IA au service du Trésor ou de la poule aux œufs d’or et du panier percé Ohh « boubou-gnats » de ladite 5e République";"https://icilome.com/2026/10/togo-lia-au-service-du-tresor-ou-de-la-poule-aux-oeufs-dor-et-du-panier-perce-ohh-boubou-gnats-de-ladite-5e-republique/"
"Icilome (FR)";"FR";"2026-10-07";"Togo : la diaspora désormais connectée à son ministère";"https://icilome.com/2026/10/togo-la-diaspora-desormais-connectee-a-son-ministere/"
"Icilome (FR)";"FR";"2026-10-07";"Visas et cartes de séjour : le Togo réécrit ses règles d’entrée";"https://icilome.com/2026/10/visas-et-cartes-de-sejour-le-togo-reecrit-ses-regles-dentree/"
"Icilome (FR)";"FR";"2026-10-07";"Togo- Justice: Bientôt un recueil numérique de la jurisprudence togolaise, accessible en ligne";"https://icilome.com/2026/10/togo-justice-bientot-un-recueil-numerique-de-la-jurisprudence-togolaise-accessible-en-ligne/"
"Icilome (FR)";"FR";"2026-10-07";"Togo- Consommer local : le gouvernement togolais déroule son programme d’octobre";"https://icilome.com/2026/10/togo-consommer-local-le-gouvernement-togolais-deroule-son-programme-doctobre/"
"Icilome (FR)";"FR";"2026-10-07";"Togo- 21ème Foire Internationale de Lomé : rendez-vous au CETEF TOGO 2000 du 27 novembre au 13 décembre 2026";"https://icilome.com/2026/10/togo-21eme-foire-internationale-de-lome-rendez-vous-au-cetef-togo-2000-du-27-novembre-au-13-decembre-2026/"
"Icilome (FR)";"FR";"2026-10-07";"Journées Portes Ouvertes de la Police Nationale : le racket occulté ?";"https://icilome.com/2026/10/journees-portes-ouvertes-de-la-police-nationale-le-racket-occulte/"
"Icilome (FR)";"FR";"2026-10-07";"Togo – L’opposition promet un « dernier avertissement » au régime le 20 novembre";"https://icilome.com/2026/10/togo-lopposition-promet-un-dernier-avertissement-au-regime-le-20-novembre/"
"Icilome (FR)";"FR";"2026-10-07";"Togo – L’ADDI fête ses 35 ans en s’interrogeant sur la place de la jeunesse";"https://icilome.com/2026/10/togo-laddi-fete-ses-35-ans-en-sinterrogeant-sur-la-place-de-la-jeunesse/"
"Icilome (FR)";"FR";"2026-10-07";"Togo – Au siège de la CDPA, la mémoire du 5 octobre comme arme politique";"https://icilome.com/2026/10/togo-au-siege-de-la-cdpa-la-memoire-du-5-octobre-comme-arme-politique/"
"Icilome (FR)";"FR";"2026-10-07";"Togo – Noces de cristal du SYNJIT : hommage aux pionniers et cap sur l’avenir";"https://icilome.com/2026/09/togo-noces-de-cristal-du-synjit-hommage-aux-pionniers-et-cap-sur-lavenir/"
"Icilome (FR)";"FR";"2026-10-07";"Togo – SYNJIT : 15 ans d’engagement syndical, un webinaire pour remobiliser les journalistes togolais";"https://icilome.com/2026/08/togo-synjit-15-ans-dengagement-syndical-un-webinaire-pour-remobiliser-les-journalistes-togolais/"
"Icilome (FR)";"FR";"2026-10-07";"Édito- Au Togo, on n’arrête plus les voleurs, on arrête les vendeurs de journaux";"https://icilome.com/2026/08/edito-au-togo-on-narrete-plus-les-voleurs-on-arrete-les-vendeurs-de-journaux/"
"Icilome (FR)";"FR";"2026-10-07";"Togo- Le PPT dénonce une « caporalisation » de la presse après l’interpellation musclée d’un vendeur de journaux";"https://icilome.com/2026/08/togo-le-ppt-denonce-une-caporalisation-de-la-presse-apres-linterpellation-musclee-dun-vendeur-de-journaux/"
"Icilome (FR)";"FR";"2026-10-07";"Oration On Liberty! Addressed to the People and Governors of Togo";"https://icilome.com/2026/07/oration-on-liberty-addressed-to-the-people-and-governors-of-togo/"
"Icilome (FR)";"FR";"2026-10-07";"Togo- Le SYNJIT prépare ses 15 ans avec de nouvelles cartes de membres";"https://icilome.com/2026/07/togo-le-synjit-prepare-ses-15-ans-avec-de-nouvelles-cartes-de-membres/"
"Icilome (FR)";"FR";"2026-10-07";"Video: Abdoul Aziz Goma Addresses the UN on Repression in Togo";"https://icilome.com/2026/03/video-abdoul-aziz-goma-addresses-the-un-on-repression-in-togo/"
"Icilome (FR)";"FR";"2026-10-07";"Togo – Enquête, pressions et refus de l’exil : le message fort de Roger Amemavoh (Vidéo)";"https://icilome.com/2026/02/togo-enquete-pressions-et-refus-de-lexil-le-message-fort-de-roger-amemavor-video/"
"Icilome (FR)";"FR";"2026-10-07";"Bénin : Le président Talon s’adresse à la nation après la tentative de coup d’État (vidéo)";"https://icilome.com/2025/12/benin-le-president-talon-sadresse-a-la-nation-apres-la-tentative-de-coup-detat-video/"
"Icilome (FR)";"FR";"2026-10-07";"Yves Edoh Agbodjan, alias Togbevi Kpéssé précise les objectifs de la délégation du M66 à New York (Interview)";"https://icilome.com/2025/09/yves-edoh-agbodjan-alias-togbevi-kpesse-precise-les-objectifs-de-la-delegation-du-m66-a-new-york-interview/"
"Icilome (FR)";"FR";"2026-10-07";"Vidéo – Le MO5 rejoint l’appel à la mobilisation du 30 août au Togo";"https://icilome.com/2025/08/video-le-mo5-rejoint-lappel-a-la-mobilisation-du-30-aout-au-togo/"
"Icilome (FR)";"FR";"2026-10-07";"Togo – Le  gouvernement se soucie-t-il de sa jeunesse ?";"https://icilome.com/2026/10/togo-le-gouvernement-se-soucie-t-il-de-sa-jeunesse/"
"Icilome (FR)";"FR";"2026-10-07";"Interview du président reconduit à la tête du PPT :  Honoré ADONTUI parle du nouveau défi et lance un appel au gouvernement";"https://icilome.com/2026/10/interview-du-president-reconduit-a-la-tete-du-ppt-honore-adontui-parle-du-nouveau-defi-et-lance-un-appel-au-gouvernement/"
"Icilome (FR)";"FR";"2026-10-07";"Togo – L’opposition appelle à se « ressourcer » à la CDPA ce dimanche";"https://icilome.com/2026/10/togo-lopposition-appelle-a-se-ressourcer-a-la-cdpa-ce-dimanche/"
"Icilome (FR)";"FR";"2026-10-07";"Togo-Russie : Lomé et Moscou élargissent leur partenariat aux mines et à l’énergie";"https://icilome.com/2026/10/togo-russie-lome-et-moscou-elargissent-leur-partenariat-aux-mines-et-a-lenergie/"
"Icilome (FR)";"FR";"2026-10-07";"Togo- Kara : 27 milliards s’ajoutent aux autres milliards déjà investis dans la recherche d’eau potable";"https://icilome.com/2026/10/togo-kara-27-milliards-sajoutent-aux-autres-milliards-deja-investis-dans-la-recherche-deau-potable/"
"Icilome (FR)";"FR";"2026-10-07";"Dr Charles BIRREGAH élu Vice-Président de la Conférence Régionale des Recteurs de l’AUF pour l’Afrique de l’Ouest";"https://icilome.com/2026/10/dr-charles-birregah-elu-vice-president-de-la-conference-regionale-des-recteurs-de-lauf-pour-lafrique-de-louest/"
"Icilome (FR)";"FR";"2026-10-07";"Résumé analytique d’un extrait de l’interview de Yaouza Ouro-Sama";"https://icilome.com/2026/10/resume-analytique-dun-extrait-de-linterview-de-yaouza-ouro-sama/"
"Icilome (FR)";"FR";"2026-10-07";"Togo : Paix sans démocratie, se mentir";"https://icilome.com/2026/10/togo-paix-sans-democratie-se-mentir/"
"Icilome (FR)";"FR";"2026-10-07";"Togo – Eau potable : à Kara, la bataille se joue d’abord sur le terrain";"https://icilome.com/2026/10/togo-eau-potable-a-kara-la-bataille-se-joue-dabord-sur-le-terrain/"
"Icilome (FR)";"FR";"2026-10-07";"Togo- Racket : le ministère de la Sécurité ouvre une ligne directe, le 1014";"https://icilome.com/2026/10/togo-racket-le-ministere-de-la-securite-ouvre-une-ligne-directe-le-1014/"
"Icilome (FR)";"FR";"2026-10-07";"Togo- CHU Sylvanus Olympio : à la morgue, les oubliés attendent toujours";"https://icilome.com/2026/10/togo-chu-sylvanus-olympio-a-la-morgue-les-oublies-attendent-toujours/"
"Icilome (FR)";"FR";"2026-10-07";"Nord du Togo : le colonel N’Guwaki prend Koundjoaré sous la pression des incursions";"https://icilome.com/2026/10/nord-du-togo-le-colonel-nguwaki-prend-koundjoare-sous-la-pression-des-incursions/"
"Icilome (FR)";"FR";"2026-10-07";"Togo- Anié : le plus grand magasin du marché réduit en cendre";"https://icilome.com/2026/09/togo-anie-le-plus-grand-magasin-du-marche-reduit-en-cendre/"
"Icilome (FR)";"FR";"2026-10-07";"Togo – BAC annulé pour trois candidats, comment le pouvoir encourage l’immoralité";"https://icilome.com/2026/09/togo-bac-annule-pour-trois-candidats-comment-le-pouvoir-encourage-limmoralite/"
"Icilome (FR)";"FR";"2026-10-07";"Tribune | Togo- Emploi, entrepreneuriat, formation : des programmes existent, mais les résultats sont-ils à la hauteur des attentes ?";"https://icilome.com/2026/09/tribune-togo-emploi-entrepreneuriat-formation-des-programmes-existent-mais-les-resultats-sont-ils-a-la-hauteur-des-attentes/"
"Icilome (FR)";"FR";"2026-10-07";"Togo- Agression au siège de la CDPA : pour Adjamagbo-Johnson, l’enquête s’est bloquée après la promotion de l’officier chargé du dossier";"https://icilome.com/2026/09/togo-agression-au-siege-de-la-cdpa-pour-adjamagbo-johnson-lenquete-sest-bloquee-apres-la-promotion-de-lofficier-charge-du-dossier/"
"Icilome (FR)";"FR";"2026-10-07";"Agoè-Fidokpui : Poteaux et câbles électriques abandonnés au milieu d’un marché inauguré aujourd’hui";"https://icilome.com/2026/09/agoe-fidokpui-poteaux-et-cables-electriques-abandonnes-au-milieu-dun-marche-inaugure-aujourdhui/"
"Icilome (FR)";"FR";"2026-10-07";"Agression de journalistes en septembre 2024 : le PPT s’interroge sur l’indifférence du gouvernement";"https://icilome.com/2026/09/agression-de-journalistes-en-septembre-2024-le-ppt-sinterroge-sur-lindifference-du-gouvernement/"
"Icilome (FR)";"FR";"2026-10-07";"Mali : Amnesty International accuse l’armée et Wagner de crimes de guerre contre des civils";"https://icilome.com/2026/09/141120/"
"Icilome (FR)";"FR";"2026-10-07";"Togo : Mme Kafui Adjamagbo-Johnson, pourquoi elle ne démissionne pas de l’Assemblée… pour l’instant";"https://icilome.com/2026/09/togo-mme-kafui-adjamagbo-johnson-pourquoi-elle-ne-demissionne-pas-de-lassemblee/"
"Icilome (FR)";"FR";"2026-10-07";"Togo- 29 septembre 2024 : deux ans après, les journalistes agressés au siège de la CDPA attendent toujours des réponses";"https://icilome.com/2026/09/togo-29-septembre-2024-deux-ans-apres-les-journalistes-agresses-au-siege-de-la-cdpa-attendent-toujours-des-reponses/"
"Icilome (FR)";"FR";"2026-10-07";"Togo- Eau potable : Kara lance un chantier pour près de 200 000 personnes";"https://icilome.com/2026/09/togo-eau-potable-kara-lance-un-chantier-pour-pres-de-200-000-personnes/"
"Icilome (FR)";"FR";"2026-10-07";"« Correct the Map » : Dussey, Bishop Donald et Blessing OR fêtent la victoire";"https://icilome.com/2026/09/correct-the-map-dussey-bishop-donald-et-blessing-or-fetent-la-victoire/"
"Icilome (FR)";"FR";"2026-10-07";"Après la mobilisation de New York, la DMK ORIGINALE appelle à l’unité des forces démocratiques togolaises";"https://icilome.com/2026/09/apres-la-mobilisation-de-new-york-la-dmk-originale-appelle-a-lunite-des-forces-democratiques-togolaises/"
"Icilome (FR)";"FR";"2026-10-07";"Africa Next Bénévolat : les lauréats des Africa Next Awards s’engagent à accompagner 100 PME africaines";"https://icilome.com/2026/09/africa-next-benevolat-les-laureats-des-africa-next-awards-sengagent-a-accompagner-100-pme-africaines/"
"Icilome (FR)";"FR";"2026-10-07";"CreaConnex 2026 : les créateurs de contenu appelés à mieux structurer leur activité";"https://icilome.com/2026/09/creaconnex-2026-les-createurs-de-contenu-appeles-a-mieux-structurer-leur-activite/"
"Icilome (FR)";"FR";"2026-10-07";"Togo : à Tchamba, 473 patients attendent l’aboutissement d’une mission chirurgicale gratuite";"https://icilome.com/2026/09/togo-a-tchamba-473-patients-attendent-laboutissement-dune-mission-chirurgicale-gratuite/"
"Icilome (FR)";"FR";"2026-10-07";"Togo – Hongrie : vers une accélération des projets communs dans l’eau et l’assainissement";"https://icilome.com/2026/09/togo-hongrie-vers-une-acceleration-des-projets-communs-dans-leau-et-lassainissement/"
"Icilome (FR)";"FR";"2026-10-07";"Comment le Togo s’écroule tout seul";"https://icilome.com/2026/09/comment-le-togo-secroule-tout-seul/"
"Icilome (FR)";"FR";"2026-10-07";"Le carburant a monté, la santé est descendue";"https://icilome.com/2026/09/le-carburant-a-monte-la-sante-est-descendue/"
"Icilome (FR)";"FR";"2026-10-07";"Togo- Kégué a retrouvé ses Éperviers, et les Éperviers ont retrouvé leur public";"https://icilome.com/2026/09/togo-kegue-a-retrouve-ses-eperviers-et-les-eperviers-ont-retrouve-leur-public/"
"Icilome (FR)";"FR";"2026-10-07";"Togo- Précarité des journalistes du privé: Le cri d’alarme du SYNJIT auprès des Nations Unies";"https://icilome.com/2026/09/togo-precarite-des-journalistes-du-prive-le-cri-dalarme-du-synjit-aupres-des-nations-unies/"
"Icilome (FR)";"FR";"2026-10-07";"Personnes sourdes au Togo : L’AST réclame des droits accessibles dans les faits";"https://icilome.com/2026/09/personnes-sourdes-au-togo-last-reclame-des-droits-accessibles-dans-les-faits/"
"Icilome (FR)";"FR";"2026-10-07";"Togo- Savanes, une bombe sociale : autochtones et réfugiés burkinabé se disputent les ressources limitées";"https://icilome.com/2026/09/togo-savanes-une-bombe-sociale-autochtones-et-refugies-burkinabe-se-disputent-les-ressources-limitees/"
"Icilome (FR)";"FR";"2026-10-07";"Nationale N°1/Après l’ultimatum : A quand le démarrage des travaux ?";"https://icilome.com/2026/09/nationale-n1-apres-lultimatum-a-quand-le-demarrage-des-travaux/"
"Icilome (FR)";"FR";"2026-10-07";"Togo- Vers quelle destination nous conduit-on ?";"https://icilome.com/2026/09/togo-vers-quelle-destination-nous-conduit-on/"
"Icilome (FR)";"FR";"2026-10-07";"Togo – Burundi : Les Éperviers appelés à étouffer les Hirondelles d’entrée";"https://icilome.com/2026/09/togo-burundi-les-eperviers-appeles-a-etouffer-les-hirondelles-dentree/"
"Icilome (FR)";"FR";"2026-10-07";"Chine-Togo : 54 ans de relations diplomatiques célébrés à Lomé";"https://icilome.com/2026/09/chine-togo-54-ans-de-relations-diplomatiques-celebres-a-lome/"
"Icilome (FR)";"FR";"2026-10-07";"Cherté des soins dans les hôpitaux publics face au droit  à la santé au Togo";"https://icilome.com/2026/09/cherte-des-soins-dans-les-hopitaux-publics-face-au-droit-a-la-sante-au-togo/"
"Icilome (FR)";"FR";"2026-10-07";"Togo- Prof. Kadanga Beketi :  « Les opinions politiques, religieuses ou sociales d’un patient ne peuvent pas constituer un motif de refus de soins »";"https://icilome.com/2026/09/togo-prof-kadanga-beketi-les-opinions-politiques-religieuses-ou-sociales-dun-patient-ne-peuvent-pas-constituer-un-motif-de-refus-de-soins/"
"Icilome (FR)";"FR";"2026-10-07";"Togo – 40 ans après, le devoir de mémoire";"https://icilome.com/2026/09/togo-40-ans-apres-le-devoir-de-memoire/"
"Icilome (FR)";"FR";"2026-10-07";"Togo – OTR : 155 véhicules seront mis aux enchères au PAL";"https://icilome.com/2026/09/togo-otr-155-vehicules-seront-mis-aux-encheres-au-pal/"
"Icilome (FR)";"FR";"2026-10-07";"Tribune – Épilogue | L’Ordre a parlé : Quand la déontologie a le dernier mot sur la menace";"https://icilome.com/2026/09/tribune-epilogue-lordre-a-parle-quand-la-deontologie-a-le-dernier-mot-sur-la-menace/"
"Icilome (FR)";"FR";"2026-10-07";"Robert Dussey sur la présence des “mercenaires russes” au Togo";"https://icilome.com/2026/09/robert-dussey-sur-la-presence-des-mercenaires-russes-au-togo/"
"Icilome (FR)";"FR";"2026-10-07";"Laissons le livre d’Orélien faire le même chemin";"https://icilome.com/2026/09/laissons-le-livre-dorelien-faire-le-meme-chemin/"
"Icilome (FR)";"FR";"2026-10-07";"Togo- Aéroport de Lomé : l’espace duty free cédé à un privé";"https://icilome.com/2026/09/togo-aeroport-de-lome-lespace-duty-free-cede-a-un-prive/"
"Icilome (FR)";"FR";"2026-10-07";"Togo – L’Ordre des médecins interpellé après des propos controversés de Mme Myriam Dossou-d’Almeida";"https://icilome.com/2026/09/togo-lordre-des-medecins-interpelle-apres-des-propos-controverses-de-mme-myriam-dossou-dalmeida/"
"Togo First (FR)";"FR";"2026-10-07";"Togo : l’État vise 2109 milliards FCFA de recettes fiscales en 2031";"https://www.togofirst.com/fr/gouvernance-economique/0710-20267-togo-l-etat-vise-2109-milliards-fcfa-de-recettes-fiscales-en-2031"
"Togo First (FR)";"FR";"2026-10-07";"À Lomé, les acteurs africains cherchent de nouveaux financements pour l’inclusion des personnes handicapées";"https://www.togofirst.com/fr/social/0710-20271-a-lome-les-acteurs-africains-cherchent-de-nouveaux-financements-pour-l-inclusion-des-personnes-handicapees"
"Togo First (FR)";"FR";"2026-10-07";"Togo : le Parlement prépare une nouvelle réponse législative contre la pollution plastique";"https://www.togofirst.com/fr/gestion-publique/0710-20270-togo-le-parlement-prepare-une-nouvelle-reponse-legislative-contre-la-pollution-plastique"
"Togo First (FR)";"FR";"2026-10-07";"Développement urbain : le Togo rationalise ses interventions avec la création de la SONADU";"https://www.togofirst.com/fr/gestion-publique/0710-20268-developpement-urbain-le-togo-rationalise-ses-interventions-avec-la-creation-de-la-sonadu"
"Togo First (FR)";"FR";"2026-10-07";"Foncier, permis de construire, urbanisme : le Togo revendique 20 ans de réformes";"https://www.togofirst.com/fr/gouvernance-economique/0610-20264-foncier-permis-de-construire-urbanisme-le-togo-revendique-20-ans-de-reformes"
"Togo First (FR)";"FR";"2026-10-07";"Fourniture d’électricité : des perturbations possibles, sur fond de travaux de WAPCo";"https://www.togofirst.com/fr/energies/0610-20259-fourniture-d-electricite-des-perturbations-possibles-sur-fond-de-travaux-de-wapco"
"Togo First (FR)";"FR";"2026-10-07";"HCR et ASKY s’allient pour favoriser l’emploi et l’entrepreneuriat des réfugiés";"https://www.togofirst.com/fr/social/0610-20258-hcr-et-asky-s-allient-pour-favoriser-l-emploi-et-l-entrepreneuriat-des-refugies"
"Togo First (FR)";"FR";"2026-10-07";"Togo - Maroc : Lacs 3 et Dakhla préparent un partenariat autour de l’économie bleue";"https://www.togofirst.com/fr/gouvernance-economique/0610-20257-togo-maroc-lacs-3-et-dakhla-preparent-un-partenariat-autour-de-l-economie-bleue"
"Togo First (FR)";"FR";"2026-10-07";"Energie : depuis Lomé, la Cedeao harmonise ses données afin de mieux orienter ses investissements";"https://www.togofirst.com/fr/energies/0610-20256-energie-depuis-lome-la-cedeao-harmonise-ses-donnees-afin-de-mieux-orienter-ses-investissements"
"Togo First (FR)";"FR";"2026-10-07";"Togo : un projet soutenu par la BAD cible la maîtrise de la masse salariale";"https://www.togofirst.com/fr/gouvernance-economique/0610-20255-togo-un-projet-soutenu-par-la-bad-cible-la-maitrise-de-la-masse-salariale"
"Togo First (FR)";"FR";"2026-10-07";"Togo - Chine : Lomé veut fluidifier les relations entre fisc et investisseurs";"https://www.togofirst.com/fr/gouvernance-economique/0510-20252-togo-chine-lome-veut-fluidifier-les-relations-entre-fisc-et-investisseurs"
"Togo First (FR)";"FR";"2026-10-07";"Diplomatie : Robert Dussey distingué à New York en marge de l’AG des Nations unies";"https://www.togofirst.com/fr/politique/0510-20247-diplomatie-robert-dussey-distingue-a-new-york-en-marge-de-l-ag-des-nations-unies"
"Togo First (FR)";"FR";"2026-10-07";"Monnaie électronique : la BCEAO rend PI-SPI obligatoire à partir de novembre";"https://www.togofirst.com/fr/gouvernance-economique/0510-20246-transferts-monetaires-interoperables-la-bceao-rend-pi-spi-obligatoire-pour-les-particuliers-des-novembre-2026"
"Togo First (FR)";"FR";"2026-10-07";"Campagne de commercialisation de karité : priorité aux besoins des transformateurs locaux";"https://www.togofirst.com/fr/agro/0510-20245-campagne-de-commercialisation-de-karite-priorite-aux-besoins-des-transformateurs-locaux"
"Togo First (FR)";"FR";"2026-10-07";"Port de Lomé : une nouvelle tournée dans l’AES pour consolider les corridors vers le Sahel";"https://www.togofirst.com/fr/gouvernance-economique/0510-20244-port-de-lome-une-nouvelle-tournee-dans-l-aes-pour-consolider-les-corridors-vers-le-sahel"
"Togo First (FR)";"FR";"2026-10-07";"Ecobank Togo équipe 80 bacheliers d’ordinateurs pour renforcer leurs compétences numériques";"https://www.togofirst.com/fr/tic/0510-20242-ecobank-togo-equipe-80-bacheliers-d-ordinateurs-pour-renforcer-leurs-competences-numeriques"
"Togo First (FR)";"FR";"2026-10-07";"Au Togo, le Sénat ouvre le chantier du budget 2027";"https://www.togofirst.com/fr/gestion-publique/0210-20236-au-togo-le-senat-ouvre-le-chantier-du-budget-2027"
"Togo First (FR)";"FR";"2026-10-07";"Togo : des brigades mobiles pour renforcer la surveillance environnementale et forestière";"https://www.togofirst.com/fr/agro/0210-20235-togo-des-brigades-mobiles-pour-renforcer-la-surveillance-environnementale-et-forestiere"
"Togo First (FR)";"FR";"2026-10-07";"Épargne digitale : Ohana Africa et Ecobank lancent le « Compte Familial » au Togo";"https://www.togofirst.com/fr/finance/2809-20187-epargne-digitale-ohana-africa-et-ecobank-lancent-le-compte-familial-au-togo"
"Togo First (FR)";"FR";"2026-10-07";"Togo : une nouvelle solution numérique de gestion des TPME lancée";"https://www.togofirst.com/fr/gouvernance-economique/2709-20178-vendre-facturer-suivre-b-pilot-l-appli-pour-simplifier-la-gestion-des-tpme"
"Togo First (FR)";"FR";"2026-10-07";"Gaëlle de Souza (Gazelle d'Afrik) : « On a tout chez nous, c'est nous-mêmes qui ne l'exploitons pas »";"https://www.togofirst.com/fr/agro/2609-20175-gael-de-souza-gazelle-dafrik-on-a-tout-chez-nous-cest-nous-memes-qui-ne-lexploitons-pas"
"Togo First (FR)";"FR";"2026-10-07";"« Nous voulons bâtir une marque laitière africaine à partir du wangash togolais », Assaba Akouétévi, promotrice de ROSHTA Wangash";"https://www.togofirst.com/fr/agro/1909-20108-nous-voulons-batir-une-marque-laitiere-africaine-a-partir-du-wangash-togolais-assaba-akouetevi-promotrice-de-roshta-wangash"
"Togo First (FR)";"FR";"2026-10-07";"Salim Tebonou (HORI) : « J'ai dû démissionner moi-même de la structure que j'avais co-créée pour repartir de zéro »";"https://www.togofirst.com/fr/gouvernance-economique/0208-19767-salim-tebonou-hori-jai-du-demissionner-moi-meme-de-la-structure-que-javais-creee-pour-repartir-de-zero"
"Togo First (FR)";"FR";"2026-10-07";"FIL 2026 : 70 % de réduction sur les stands pour les femmes et jeunes entrepreneurs";"https://www.togofirst.com/fr/gouvernance-economique/2707-19692-fil-2026-70-de-reduction-sur-les-stands-pour-les-femmes-et-jeunes-entrepreneurs"
"Togo First (FR)";"FR";"2026-10-07";"Togo : après la hausse du prix du carburant, le gouvernement baisse les tarifs de péage";"https://www.togofirst.com/fr/transport/0207-19428-togo-apres-la-hausse-du-prix-du-carburant-le-gouvernement-baisse-les-tarifs-de-peage"
"Togo First (FR)";"FR";"2026-10-07";"Togo : les résultats des examens désormais accessibles gratuitement via le Web, WhatsApp et Telegram";"https://www.togofirst.com/fr/education/0806-19171-togo-les-resultats-des-examens-desormais-accessibles-gratuitement-via-le-web-whatsapp-et-telegram"
"Togo First (FR)";"FR";"2026-10-07";"Le Togolais Kodjo Akpatigbe prend la tête de Deloitte au Togo et au Bénin";"https://www.togofirst.com/fr/finance/0207-19423-le-togolais-kodjo-akpatigbe-prend-la-tete-de-deloitte-au-togo-et-au-benin"
"Togo First (FR)";"FR";"2026-10-07";"Gouvernance et financement du secteur routier : le Togo crée l’AGEROUTE et la SONAFIR";"https://www.togofirst.com/fr/transport/2906-19371-gouvernance-et-financement-du-secteur-routier-le-togo-cree-l-ageroute-et-la-sonafir"
"Togo First (FR)";"FR";"2026-10-07";"Lancement d’une mission d’élaboration des normes de certification pour les entreprises de BTP";"https://www.togofirst.com/"
"Togo First (FR)";"FR";"2026-10-07";"Logement : à Kpomé-Dalavé, Adedze annonce le passage du programme des 20 000 unités à sa phase opérationnelle";"https://www.togofirst.com/fr/gouvernance-economique/1206-19219-logement-a-kpome-dalave-adedze-annonce-le-passage-du-programme-des-20-000-unites-a-sa-phase-operationnelle"
"Togo First (FR)";"FR";"2026-10-07";"Togo : pour une fonction publique plus performante, le gouvernement entend mettre en place un plan national";"https://www.togofirst.com/"
"Togo First (FR)";"FR";"2026-10-07";"Restauration des terres : la FAO lance un appel à projets pour des subventions pouvant atteindre 50 000 $";"https://www.togofirst.com/fr/agro/1506-19233-restauration-des-terres-la-fao-lance-un-appel-a-projets-pour-des-subventions-pouvant-atteindre-50-000"
"Togo First (FR)";"FR";"2026-10-07";"Agriculture : Lomé s’appuiera sur le satellite du Kirghizistan pour mieux surveiller ses terres";"https://www.togofirst.com/fr/agro/0210-20234-agriculture-lome-s-appuiera-sur-le-satellite-du-kirghizistan-pour-mieux-surveiller-ses-terres"
"Togo First (FR)";"FR";"2026-10-07";"FAO : le mécanisme Forêts et Paysans a mobilisé environ 2,7 milliards FCFA en 7 ans au Togo";"https://www.togofirst.com/fr/agro/0210-20232-fao-le-mecanisme-forets-et-paysans-a-mobilise-environ-2-7-milliards-fcfa-en-7-ans-au-togo"
"Togo First (FR)";"FR";"2026-10-07";"À Lomé, la jeunesse francophone prépare sa contribution au Sommet de Phnom Penh";"https://www.togofirst.com/fr/social/0210-20231-a-lome-la-jeunesse-francophone-prepare-sa-contribution-au-sommet-de-phnom-penh"
"Togo First (FR)";"FR";"2026-10-07";"L’AED et WIETC s’associent pour rapprocher les formations des IFAD des besoins des chantiers au Togo";"https://www.togofirst.com/fr/btp/0210-20230-l-aed-et-wietc-s-associent-pour-rapprocher-les-formations-des-ifad-des-besoins-des-chantiers-au-togo"
"Togo First (FR)";"FR";"2026-10-07";"Togo : 16 démarches du ministère des Affaires étrangères désormais accessibles en ligne";"https://www.togofirst.com/fr/services-publics/0110-20224-togo-16-demarches-du-ministere-des-affaires-etrangeres-desormais-accessibles-en-ligne"
"Togo First (FR)";"FR";"2026-10-07";"Togo : le PAJEC prépare un dispositif pilote d’assurance agricole";"https://www.togofirst.com/fr/agro/0110-20223-togo-le-pajec-prepare-un-dispositif-pilote-d-assurance-agricole"
"Togo First (FR)";"FR";"2026-10-07";"Togo-Russie : la PIA présente ses opportunités d’investissement à une délégation russe";"https://www.togofirst.com/fr/investissement/0110-20222-togo-russie-la-pia-presente-ses-opportunites-d-investissement-a-une-delegation-russe"
"Togo First (FR)";"FR";"2026-10-07";"Pensions de retraite : au Togo, la CRT tourne la page du paiement en espèces";"https://www.togofirst.com/fr/social/0110-20221-pensions-de-retraite-au-togo-la-crt-tourne-la-page-du-paiement-en-especes"
"Togo First (FR)";"FR";"2026-10-07";"Energie : le Togo soutient l’implantation de la raffinerie de Dangote au Kenya";"https://www.togofirst.com/fr/energies/0110-20220-energie-le-togo-soutient-l-implantation-de-la-raffinerie-de-dangote-au-kenya"
"Togo First (FR)";"FR";"2026-10-07";"Projet D-CLIC: environ 300 millions FCFA investis par l’OIF dans la formation numérique des jeunes Togolais";"https://www.togofirst.com/fr/tic/0110-20218-projet-d-clic-environ-300-millions-fcfa-investis-par-l-oif-dans-la-formation-numerique-des-jeunes-togolais"
"Togo First (FR)";"FR";"2026-10-07";"Partenariat : l’UL ouvre la voie à un master en énergie en double diplôme avec l'Université de Rostock";"https://www.togofirst.com/fr/education/3009-20215-partenariat-l-ul-ouvre-la-voie-a-un-master-en-energie-en-double-diplome-avec-luniversite-de-rostock"
"Togo First (FR)";"FR";"2026-10-07";"Coopération décentralisée : Lacs 1 et Nuremberg veulent prolonger leur partenariat";"https://www.togofirst.com/fr/gouvernance-economique/3009-20213-cooperation-decentralisee-lacs-1-et-nuremberg-veulent-prolonger-leur-partenariat"
"Togo First (FR)";"FR";"2026-10-07";"Togo-Russie : la CCI-Togo veut structurer les partenariats entre entreprises";"https://www.togofirst.com/fr/gouvernance-economique/3009-20212-togo-russie-la-cci-togo-veut-structurer-les-partenariats-entre-entreprises"
"Togo First (FR)";"FR";"2026-10-07";"Port de Lomé : les contrôles se renforcent aux entrées et sorties des môles 1 et 2";"https://www.togofirst.com/fr/gouvernance-economique/3009-20208-port-de-lome-les-controles-se-renforcent-aux-entrees-et-sorties-des-moles-1-et-2"
"Togo First (FR)";"FR";"2026-10-07";"Togo : la BIDC lance l’EIF 2027, plus de 500 participants et 40 projets annoncés à Lomé";"https://www.togofirst.com/fr/gouvernance-economique/3009-20207-togo-la-bidc-lance-l-eif-2027-plus-de-500-participants-et-40-projets-annonces-a-lome"
"Togo First (FR)";"FR";"2026-10-07";"BIDC : 10 millions USD mobilisés pour l’agriculture climatique au Togo et dans deux autres pays";"https://www.togofirst.com/fr/agro/2909-20204-bidc-10-millions-usd-mobilises-pour-l-agriculture-climatique-au-togo-et-dans-deux-autres-pays"
"Togo First (FR)";"FR";"2026-10-07";"Togo : de nouvelles démarches administratives désormais accessibles en ligne";"https://www.togofirst.com/fr/services-publics/2909-20203-togo-de-nouvelles-demarches-administratives-desormais-accessibles-en-ligne"
"Togo First (FR)";"FR";"2026-10-07";"Libre circulation en Afrique : Lomé prépare le futur Conseil consultatif des migrations";"https://www.togofirst.com/fr/gouvernance-economique/2909-20197-libre-circulation-en-afrique-lome-prepare-le-futur-conseil-consultatif-des-migrations"
"Togo First (FR)";"FR";"2026-10-07";"Togo : « Voix du Togo » entre en phase de test pour intégrer les langues locales à l’IA";"https://www.togofirst.com/fr/tic/2909-20196-togo-voix-du-togo-entre-en-phase-de-test-pour-integrer-les-langues-locales-a-l-ia"
"Togo First (FR)";"FR";"2026-10-07";"Togo : la campagne café-cacao 2026-2027 démarre avec de nouveaux prix aux producteurs";"https://www.togofirst.com/fr/agro/2909-20195-togo-la-campagne-cafe-cacao-2026-2027-demarre-avec-de-nouveaux-prix-aux-producteurs"
"Togo First (FR)";"FR";"2026-10-07";"Togo : les chiffres clés du secteur touristique";"https://www.togofirst.com/fr/culture/2909-20194-togo-les-chiffres-cles-du-secteur-touristique"
"Togo First (FR)";"FR";"2026-10-07";"Eau potable : 27 milliards FCFA pour desservir plus de 200 000 personnes à Kara";"https://www.togofirst.com/fr/social/2909-20193-eau-potable-27-milliards-fcfa-pour-desservir-plus-de-200-000-personnes-a-kara"
"Togo First (FR)";"FR";"2026-10-07";"Le Togo accélère la mise en place d’un compte satellite pour mieux mesurer le poids du tourisme";"https://www.togofirst.com/fr/gouvernance-economique/2809-20188-le-togo-accelere-la-mise-en-place-d-un-compte-satellite-pour-mieux-mesurer-le-poids-du-tourisme"
"Togo First (FR)";"FR";"2026-10-07";"L’Université de Kara conclut un partenariat avec la PIA pour rapprocher la recherche de l’industrie";"https://www.togofirst.com/fr/formation/2809-20186-l-universite-de-kara-conclut-un-partenariat-avec-la-pia-pour-rapprocher-la-recherche-de-l-industrie"
"Togo First (FR)";"FR";"2026-10-07";"Depuis Paris, la CCI-Togo veut connecter les PME aux marchés internationaux";"https://www.togofirst.com/fr/gouvernance-economique/2809-20185-depuis-paris-la-cci-togo-veut-connecter-les-pme-aux-marches-internationaux"
"L'Alternative (TG)";"FR";"2026-10-07";"Accueil";"https://lalternative.info/"
"L'Alternative (TG)";"FR";"2026-10-07";"A propos";"https://lalternative.info/about-us/"
"L'Alternative (TG)";"FR";"2026-10-07";"Abonnement";"https://lalternative.info/abonnez-vous-a-votre-journal/"
"L'Alternative (TG)";"FR";"2026-10-07";"Togo- Primature, ministère des Enseignements, brigade pour mineurs, CNDH passifs sur...";"https://lalternative.info/2024/09/14/togo-primature-ministere-des-enseignements-brigade-pour-mineurs-cndh-passifs-sur-le-viol-sur-une-petite-fille-a-lecole-la-madone/"
"L'Alternative (TG)";"FR";"2026-10-07";"Togo- Kao Baobadi, l’architecte de l’immeuble défectueux de la LONATO, ses...";"https://lalternative.info/2024/05/15/togo-kao-baobadi-larchitecte-de-limmeuble-defectueux-de-la-lonato-ses-deux-appartements-a-dubai/"
"L'Alternative (TG)";"FR";"2026-10-07";"Un appartement d’Yvonne Bawizibadi Gnassingbé à Dubaï au cœur d’une lutte...";"https://lalternative.info/2024/05/17/un-appartement-dyvonne-bawizibadi-gnassingbe-a-dubai-au-coeur-dune-lutte-de-succession/"
"L'Alternative (TG)";"FR";"2026-10-07";"Togo- Vague d’arrestations en cours au sein des FAT";"https://lalternative.info/2024/07/16/togo-vague-darrestations-en-cours-au-sein-des-fat/"
"L'Alternative (TG)";"FR";"2026-10-07";"Togo- Vote de moins de 50 députés, procurations fabriquées au nom...";"https://lalternative.info/2024/03/31/togo-vote-de-moins-de-50-deputes-procurations-fabriquees-au-nom-des-absents-voici-comment-le-coup-detat-constitutionnel-sest-passe-lundi/"
"L'Alternative (TG)";"FR";"2026-10-07";"Togo-La CEET installe un groupe de 14 millions chez la ministre...";"https://lalternative.info/2024/03/15/togo-la-ceet-installe-un-groupe-de-14-millions-chez-la-ministre-de-lenergie-et-des-mines/"
"L'Alternative (TG)";"FR";"2026-10-07";"Togo- Football : Qui est Nibombé Daré, le nouveau sélectionneur des Eperviers ?";"https://lalternative.info/2024/07/15/togo-football-qui-est-nibombe-dare-le-nouveau-selectionneur-des-eperviers/"
"L'Alternative (TG)";"FR";"2026-10-07";"Togo- Justice : Mandat d’arrêt international contre le Cdt Olivier Amah...";"https://lalternative.info/2024/08/07/togo-justice-mandat-darret-international-contre-le-cdt-olivier-amah-et-le-journaliste-ferdinand-ayite/"
"L'Alternative (TG)";"FR";"2026-10-07";"Togo- CEET: Voici les 3 étapes pour mettre à jour son...";"https://lalternative.info/2024/06/27/togo-ceet-voici-les-3-etapes-pour-mettre-a-jour-son-compteur-cash-power/"
"L'Alternative (TG)";"FR";"2026-10-07";"Togo- Arrestations à Kara : incertitude sur le sort du capitaine...";"https://lalternative.info/2024/07/23/togo-arrestations-a-kara-incertitude-sur-le-sort-du-capitaine-dare-kondi-photo/"
"L'Alternative (TG)";"FR";"2026-10-07";"Togo- Kpendjal : Inhumation sans hommage des militaires tombés au front";"https://lalternative.info/2024/07/29/togo-kpendjal-inhumation-sans-hommage-des-militaires-tombes-au-front/"
"L'Alternative (TG)";"FR";"2026-10-07";"NOUS SOUTENIR";"/donate"
"L'Alternative (TG)";"FR";"2026-10-07";"À propos";"https://lalternative.info/about-us/"
"L'Alternative (TG)";"FR";"2026-10-07";"Faire un don";"https://lalternative.info/donate/"
"L'Alternative (TG)";"FR";"2026-10-07";"Abonnez-vous à votre journal";"https://lalternative.info/abonnez-vous-a-votre-journal/"
"L'Alternative (TG)";"FR";"2026-10-07";"Journal L'alternative";"https://lalternative.info/author/lalternative24/"
"L'Alternative (TG)";"FR";"2026-10-07";"Togo- Un jeune officier retrouvé mort dans son bureau au camp BIR";"https://lalternative.info/2026/09/24/togo-un-jeune-officier-retrouve-mort-dans-son-bureau-au-camp-bir/"
"L'Alternative (TG)";"FR";"2026-10-07";"Togo- Journaliste kidnappé, torturé puis jeté dans la brousse… à qui profite le crime ?";"https://lalternative.info/2026/09/09/togo-journaliste-kidnappe-torture-puis-jete-dans-la-brousse-a-qui-profite-le-crime/"
"L'Alternative (TG)";"FR";"2026-10-07";"Diplomatie : deux français arrêtés au Togo, Faure Gnassingbé veut l’extradition de Ferdinand AYITE contre leur libération";"https://lalternative.info/2026/08/18/diplomatie-deux-francais-arretes-au-togo-faure-gnassingbe-veut-lextradition-de-ferdinand-ayite-contre-leur-liberation/"
"L'Alternative (TG)";"FR";"2026-10-07";"Mahama décide de consulter le peuple pour la révision constitutionnelle";"https://lalternative.info/2026/08/16/mahama-decide-de-consulter-le-peuple-pour-la-revision-constitutionnelle/"
"L'Alternative (TG)";"FR";"2026-10-07";"Togo- Tribune : La Cour de justice de la CEDEAO face à un pouvoir qui s’entête à ne jamais avoir tort";"https://lalternative.info/2026/08/10/togo-tribune-la-cour-de-justice-de-la-cedeao-face-a-un-pouvoir-qui-sentete-a-ne-jamais-avoir-tort/"
"L'Alternative (TG)";"FR";"2026-10-07";"La révision constitutionnelle ravive les tensions politiques";"https://lalternative.info/2026/08/08/la-revision-constitutionnelle-ravive-les-tensions-politiques/"
"L'Alternative (TG)";"FR";"2026-10-07";"Togo- Kara : 27 milliards s’ajoutent aux autres milliards déjà investis dans la recherche d’eau potable";"https://lalternative.info/2026/10/01/togo-kara-27-milliards-sajoutent-aux-autres-milliards-deja-investis-dans-la-recherche-deau-potable/"
"L'Alternative (TG)";"FR";"2026-10-07";"Togo- Tribune : « On ne soigne pas à la tête du client »";"https://lalternative.info/2026/09/12/togo-tribune-on-ne-soigne-pas-a-la-tete-du-client/"
"L'Alternative (TG)";"FR";"2026-10-07";"Togo- Tribune : Nous voulons savoir ce que vous reprochez à Fred Vedomey";"https://lalternative.info/2026/08/28/togo-tribune-nous-voulons-savoir-ce-que-vous-reprochez-a-fred-vedomey/"
"L'Alternative (TG)";"FR";"2026-10-07";"Togo-Tribune : Moscou tisse sa toile à Lomé";"https://lalternative.info/2026/07/30/togo-tribune-moscou-tisse-sa-toile-a-lome/"
"L'Alternative (TG)";"FR";"2026-10-07";"TRIBUNE- Coupe du monde 2026 : Pourquoi les sélections africaines s’effondrent en fin de match";"https://lalternative.info/2026/07/05/tribune-coupe-du-monde-2026-pourquoi-les-selections-africaines-seffondrent-en-fin-de-match/"
"L'Alternative (TG)";"FR";"2026-10-07";"Togo- Savanes, une bombe sociale : autochtones et réfugiés burkinabé se disputent les ressources limitées";"https://lalternative.info/2026/09/23/togo-savanes-une-bombe-sociale-autochtones-et-refugies-burkinabe-se-disputent-les-ressources-limitees/"
"L'Alternative (TG)";"FR";"2026-10-07";"Togo- Aéroport de Lomé : l’espace duty free cédé à un privé";"https://lalternative.info/2026/09/23/togo-aeroport-de-lome-lespace-duty-free-cede-a-un-prive/"
"L'Alternative (TG)";"FR";"2026-10-07";"Des douaniers en détention pour trafic de drogue";"https://lalternative.info/2026/09/20/des-douaniers-en-detention-pour-trafic-de-drogue/"
"L'Alternative (TG)";"FR";"2026-10-07";"Togo- Hausse des prix du carburant : Deux Togolais s’affrontent, le virtuel et le réel";"https://lalternative.info/2026/09/16/togo-hausse-des-prix-du-carburant-deux-togolais-saffrontent-le-virtuel-et-le-reel/"
"L'Alternative (TG)";"FR";"2026-10-07";"Togo- Anié : le plus grand magasin du marché réduit en cendre";"https://lalternative.info/2026/09/28/togo-anie-le-plus-grand-magasin-du-marche-reduit-en-cendre/"
"L'Alternative (TG)";"FR";"2026-10-07";"Togo- Les dirigeants africains en chantiers, Faure Gnassingbé fête la correction du « Map »";"https://lalternative.info/2026/09/13/togo-quand-les-dirigeants-africains-sont-sur-les-chantiers-faure-gnassingbe-fete-la-correction-du-map/"
"L'Alternative (TG)";"FR";"2026-10-07";"Togo- Une augmentation de 137 F CFA sur le litre du super sans plomb en 3 mois";"https://lalternative.info/2026/09/11/togo-une-augmentation-de-137-f-cfa-sur-le-litre-du-super-sans-plomb-en-3-mois/"
"L'Alternative (TG)";"FR";"2026-10-07";"Offre d’emploi/L’ALTERNATIVE";"https://lalternative.info/2024/03/07/offre-demploi-lalternative/"
"L'Alternative (TG)";"FR";"2026-10-07";"« Le peuple ne mange pas les notations » : Oligui Nguema dans le concret, Faure Gnassingbé dans les chiffres fabriqués";"https://lalternative.info/2026/09/10/le-peuple-ne-mange-pas-les-notations-oligui-nguema-dans-le-concret-faure-gnassingbe-dans-les-chiffres-fabriques/"
"L'Alternative (TG)";"FR";"2026-10-07";"Isidore kouwonou";"https://lalternative.info/author/ksisdore/"
"L'Alternative (TG)";"FR";"2026-10-07";"Togo- OTR : Éric Amouzou Folly le mari d’une des inspectrices, arrêté";"https://lalternative.info/2026/09/07/togo-otr-eric-amouzou-folly-le-mari-dune-des-inspectrices-arrete/"
"L'Alternative (TG)";"FR";"2026-10-07";"L'Alternative";"https://lalternative.info/author/equipeedito/"
"L'Alternative (TG)";"FR";"2026-10-07";"Togo- Encore un scandale à l’OTR : des cadres de la DGI en garde à vue à la DCPJ";"https://lalternative.info/2026/09/06/togo-encore-un-scandale-a-lotr-des-cadres-de-la-dgi-en-garde-a-vue-a-la-dcpj/"
"L'Alternative (TG)";"FR";"2026-10-07";"La CCJA condamne définitivement l’UTB à verser plus de 2,5 milliards de FCFA à TMI";"https://lalternative.info/2026/07/22/la-ccja-condamne-definitivement-lutb-a-verser-plus-de-25-milliards-de-fcfa-a-tmi/"
"L'Alternative (TG)";"FR";"2026-10-07";"Togo- Scandale à l’OTR : Donko Bileyo et Klouvi Dedegan inculpées par le doyen des juges";"https://lalternative.info/2026/05/17/togo-scandale-a-lotr-donko-bileyo-et-klouvi-dedegan-inculpees-par-le-doyen-des-juges/"
"L'Alternative (TG)";"FR";"2026-10-07";"Togo- OTR : Donko Bileyo virée, plainte contre Ferdinand Ayité retirée";"https://lalternative.info/2026/04/19/togo-otr-donko-bileyo-viree-plainte-contre-ferdinand-ayite-retiree/"
"L'Alternative (TG)";"FR";"2026-10-07";"Togo- OTR : le CENTIF saisit le procureur, le doyen des juges d’instruction ouvre une enquête, un autre compte de 530 millions découverts à NSIA";"https://lalternative.info/2026/04/05/togo-otr-le-centif-saisit-le-procureur-le-doyen-des-juges-dinstruction-ouvre-une-enquete-un-autre-compte-de-530-millions-decouverts-a-nsia/"
"L'Alternative (TG)";"FR";"2026-10-07";"John Mahama offre des billets de la Coupe du monde à la diaspora ghanéenne";"https://lalternative.info/2026/06/01/john-mahama-offre-des-billets-de-la-coupe-du-monde-a-la-diaspora-ghaneenne/"
"L'Alternative (TG)";"FR";"2026-10-07";"View all posts";"https://lalternative.info/author/lalternative24/"
"L'Alternative (TG)";"FR";"2026-10-07";"Facebook";"https://www.facebook.com/sharer/sharer.php?u=https://lalternative.info/"
"L'Alternative (TG)";"FR";"2026-10-07";"Twitter";"https://twitter.com/intent/tweet?text=Check%20out%20this%20article:%20Accueil%20-%20https://lalternative.info/"
"L'Alternative (TG)";"FR";"2026-10-07";"Pinterest";"https://www.pinterest.com/pin/create/button/?url=https%3A%2F%2Flalternative.info%2F&description=Accueil"
"L'Alternative (TG)";"FR";"2026-10-07";"Whatsapp";"https://api.whatsapp.com/send?text=Accueil %0A%0A https%3A%2F%2Flalternative.info%2F"
"L'Alternative (TG)";"FR";"2026-10-07";"Telegram";"https://telegram.me/share/url?url=https%3A%2F%2Flalternative.info%2F&text=Accueil"
"L'Alternative (TG)";"FR";"2026-10-07";"Email";"mailto:?subject=Accueil&BODY=https://lalternative.info/"
"L'Alternative (TG)";"FR";"2026-10-07";"À propos";"/about-us"
"L'Alternative (TG)";"FR";"2026-10-07";"Politique de confidentialité";"/privacy-policy"
"L'Alternative (TG)";"FR";"2026-10-07";"Conditions d'utilisation";"/conditions-dutilisation"
"L'Alternative (TG)";"FR";"2026-10-07";"Règlementation européenne";"https://lalternative.info/reglementation-europeenneeu/"
"L'Alternative (TG)";"FR";"2026-10-07";"Facebook";"https://www.facebook.com/profile.php?id=61556605160366"
"L'Alternative (TG)";"FR";"2026-10-07";"Twitter";"https://twitter.com/lalternative_of"
"L'Alternative (TG)";"FR";"2026-10-07";"Instagram";"https://www.instagram.com/lalternative_of/"
"L'Alternative (TG)";"FR";"2026-10-07";"Youtube";"https://www.youtube.com/channel/UCk6JMYUcGDarZYNb-mPPLPA"
"L'Alternative (TG)";"FR";"2026-10-07";"Gérer les options";"#"
"L'Alternative (TG)";"FR";"2026-10-07";"Gérer les services";"#"
"L'Alternative (TG)";"FR";"2026-10-07";"Gérer {vendor_count} fournisseurs";"#"
"L'Alternative (TG)";"FR";"2026-10-07";"En savoir plus sur ces finalités";"https://cookiedatabase.org/tcf/purposes/"
"L'Alternative (TG)";"FR";"2026-10-07";"Voir les préférences";"#"
"L'Alternative (TG)";"FR";"2026-10-07";"{title}";"#"
"L'Alternative (TG)";"FR";"2026-10-07";"Queue";"#"
"L'Alternative (TG)";"FR";"2026-10-07";"Flash plugin";"http://get.adobe.com/flashplayer/"
"Laabali (TG)";"FR";"2026-10-07";"Africa-Newsroom";"https://laabali.com/africa-newsroom/"
"Laabali (TG)";"FR";"2026-10-07";"...";"#"
"Laabali (TG)";"FR";"2026-10-07";"Hippolyte DAMETARE Sougliman : Acteur de la société civile et des médias";"https://laabali.com/post/15620/hippolyte-dametare-sougliman-acteur-de-la-societe-civile-et-des-medias/ "
"Laabali (TG)";"FR";"2026-10-07";"Diplomatie et droits humains : Le juriste togolais Miname Aimé Lalle hisse haut les couleurs du Togo sur la scène sous-régionale";"https://laabali.com/post/15611/diplomatie-et-droits-humains-le-juriste-togolais-miname-aime-lalle-hisse-haut-les-couleurs-du-togo-sur-la-scene-sous-regionale/ "
"Laabali (TG)";"FR";"2026-10-07";"De cuisinier à chef de canton : portrait de Batidja Tindandja, le nouveau chef d’Ogaro";"https://laabali.com/post/15600/de-cuisinier-a-chef-de-canton-portrait-de-batidja-tindandja-le-nouveau-chef-dogaro/ "
"Laabali (TG)";"FR";"2026-10-07";"Journalistes du privé au Togo : le SYNJIT alerte l’ONU sur une précarité persistante";"https://laabali.com/post/15588/journalistes-du-prive-au-togo-le-synjit-alerte-lonu-sur-une-precarite-persistante/ "
"Laabali (TG)";"FR";"2026-10-07";"Journalistes du privé au Togo : le SYNJIT alerte l’ONU sur une précarité persistante";"https://laabali.com/?p=15588"
"Laabali (TG)";"FR";"2026-10-07";"La Fédération nationale des maisons familiales de formation rurale du Togo lance un appel à projet de Construction de 50 poulaillers traditionnels améliorés au profit des bénéficiaires de l’IFAD Elevage Barkoissi et 30 poulaillers améliorés au profit des bénéficiaires de la FMFRT";"https://laabali.com/?p=15553"
"Laabali (TG)";"FR";"2026-10-07";"Enfants en situation de handicap: Aphmoto soutient en kits scolaires à Dapaong";"https://laabali.com/?p=15515"
"Laabali (TG)";"FR";"2026-10-07";"Ponio : 30 femmes formées aux activités génératrices de revenus";"https://laabali.com/?p=15505"
"Laabali (TG)";"FR";"2026-10-07";"Violences basées sur le genre : AFE sensibilise les communautés à Cinkassé";"https://laabali.com/?p=15384"
"Laabali (TG)";"FR";"2026-10-07";"INADES-Formation : 4 sites maraichers/champs écoles remis aux Scoops dans les savanes";"https://laabali.com/?p=15139"
"Laabali (TG)";"FR";"2026-10-07";"JII 2026 : Dans les Savanes, les infirmiers célébrés pour leur résilience";"https://laabali.com/?p=15103"
"Laabali (TG)";"FR";"2026-10-07";"Dapaong : A2FHV-S sensibilise des acteurs du bâtiment à l’accessibilité des infrastructures publiques";"https://laabali.com/?p=15076"
"Laabali (TG)";"FR";"2026-10-07";"Nadjoundi: ""Les droits de femmes ne donnent pas droit aux femmes de frapper leurs maris""";"https://laabali.com/?p=14881"
"Laabali (TG)";"FR";"2026-10-07";"Yark Damehamme: L’insubmersible général qui murmure aux oreilles de Faure Gnassimgbé";"https://laabali.com/?p=14271"
"Laabali (TG)";"FR";"2026-10-07";"Dapaong : les défis de l’assainissement toujours présents !";"https://laabali.com/?p=13413"
"Laabali (TG)";"FR";"2026-10-07";"Accès à l’eau potable : L’ONG MECAP cultive l’espoir pour la fin de la soif dans les Savanes";"https://laabali.com/?p=13297"
"Laabali (TG)";"FR";"2026-10-07";"Sanloaga (Togo): «Ils enlèvent nos jeunes garçons pour en faire des combattants» 15138 vues";"
                                        https://laabali.com/post/6306/sanloaga-togo-ils-enlevent-nous-jeunes-garcons-pour-en-faire-des-combattants/                                        
                                        "
"Laabali (TG)";"FR";"2026-10-07";"Dapaong: Ouverture du 1e Forum des producteurs agricoles (FOPAT) 14008 vues";"
                                        https://laabali.com/post/6477/dapaong-ouverture-du-1e-forum-des-producteurs-agricoles-fopat/                                        
                                        "
"Laabali (TG)";"FR";"2026-10-07";"TGI/Dapaong: Le départ du président et son équipe fait des mécontents 12981 vues";"
                                        https://laabali.com/post/192/tgi-dapaong-le-depart-du-president-et-son-equipe-fait-des-mecontents/                                        
                                        "
"Laabali (TG)";"FR";"2026-10-07";"Savanes: Les FAT repoussent une attaque, deux assaillants neutralisés 7453 vues";"
                                        https://laabali.com/post/5663/savanes-les-fat-repoussent-une-attaque-deux-assaillants-neutralises/                                        
                                        "
"Laabali (TG)";"FR";"2026-10-07";"Contre le terrorisme: Le Togo fait appel à ses anciens soldats 4361 vues";"
                                        https://laabali.com/post/6743/contre-le-terrorisme-le-togo-fait-appel-a-ses-anciens-soldats/                                        
                                        "
"Laabali (TG)";"FR";"2026-10-07";"Le Maire Monoka Laré et la commune de Tandjouaré 1";"https://laabali.com/post/12171/monoka-lare/"
"Laabali (TG)";"FR";"2026-10-07";"par Edouard Samboe";"#"
"Laabali (TG)";"FR";"2026-10-07";"Suka ou l'art divinatoire: Foi ou culture moba ?";"https://laabali.com/post/12078/suka-ou-lart-divinatoire-foi-ou-culture-moba/"
"Laabali (TG)";"FR";"2026-10-07";"Togo/Education: Diagnostic d'un secteur en panne de repères";"https://laabali.com/post/6749/togo-education-diagnostic-dun-secteur-en-pannes-de-reperes/"
"Laabali (TG)";"FR";"2026-10-07";"Contre le terrorisme: Le Togo fait appel à ses anciens soldats";"https://laabali.com/post/6743/contre-le-terrorisme-le-togo-fait-appel-a-ses-anciens-soldats/"
"Laabali (TG)";"FR";"2026-10-07";"«Le pouvoir doit faire en sorte qu'il y ait moins de frustrations sur les plans politiques et économiques», Pr David Dosseh, OSC";"https://laabali.com/post/6688/le-pouvoir-doit-faire-en-sorte-quil-y-ait-moins-de-frustrations-sur-les-plans-politiques-et-economiques-pr-david-dosseh-osc/"
"Laabali (TG)";"FR";"2026-10-07";"FOPAT: A Dapaong , les producteurs veulent des usines de transformations de tomates";"https://laabali.com/post/6533/fopat-a-dapaong-les-producteurs-veulent-des-usines-de-transformations-de-tomates/"
"Laabali (TG)";"FR";"2026-10-07";"Dapaong: Ouverture du 1e Forum des producteurs agricoles (FOPAT)";"https://laabali.com/post/6477/dapaong-ouverture-du-1e-forum-des-producteurs-agricoles-fopat/"
"Laabali (TG)";"FR";"2026-10-07";"Frontière Burkina-Togo: Le durcissement des mesures sécuritaires impacte Kompienga";"https://laabali.com/post/6464/frontiere-burkina-togo-le-durcissement-des-mesures-securitaires-impacte-kompienga/"
"Laabali (TG)";"FR";"2026-10-07";"Sanloaga (Togo): «Ils enlèvent nos jeunes garçons pour en faire des combattants» 15138 vues";" https://laabali.com/post/6306/sanloaga-togo-ils-enlevent-nous-jeunes-garcons-pour-en-faire-des-combattants/ "
"Laabali (TG)";"FR";"2026-10-07";"Dapaong: Ouverture du 1e Forum des producteurs agricoles (FOPAT) 14008 vues";" https://laabali.com/post/6477/dapaong-ouverture-du-1e-forum-des-producteurs-agricoles-fopat/ "
"Laabali (TG)";"FR";"2026-10-07";"TGI/Dapaong: Le départ du président et son équipe fait des mécontents 12981 vues";" https://laabali.com/post/192/tgi-dapaong-le-depart-du-president-et-son-equipe-fait-des-mecontents/ "
"Laabali (TG)";"FR";"2026-10-07";"CrEaT";""
"Fraternité Matin (CI)";"FR";"2026-10-07";"Orpaillage illégal : Le ministre Assahoré Konan Jacques appelle les populations à la vigilance";"https://www.fratmat.info/article/2645015/societe/orpaillage-illegal-le-ministre-assahore-konan-jacques-appelle-les-populations-a-la-vigilance"
"Fraternité Matin (CI)";"FR";"2026-10-07";"Protection sociale : 55 ménages du Poro bénéficient de la « Popote familiale »";"https://www.fratmat.info/article/2645008/regions/protection-sociale-55-menages-du-poro-beneficient-de-la-popote-familiale-"
"Fraternité Matin (CI)";"FR";"2026-10-07";"Transition écologique et économique : La jeunesse au cœur d'une alliance entre l'Unicef et le Gggi";"https://www.fratmat.info/article/2645002/economie/transition-ecologique-et-economique-la-jeunesse-au-cur-dune-alliance-entre-lunicef-et-le-gggi"
"Fraternité Matin (CI)";"FR";"2026-10-07";"Journée mondiale des enseignants : 37 acteurs, dont le Représentant résident de l’Unicef distingués";"https://www.fratmat.info/article/2645000/societe/journee-mondiale-des-enseignants-37-acteurs-dont-le-representant-resident-de-lunicef-distingues"
"Fraternité Matin (CI)";"FR";"2026-10-07";"Côte d’Ivoire - Bidc: 13 ans de coopération renforcée et 1,5 milliard de dollars annoncés pour le Pnd 2026-2030";"https://www.fratmat.info/article/2644981/economie/cooperation-multilaterale/cote-divoire---bidc-13-ans-de-cooperation-renforcee-et-15-milliard-de-dollars-annonces-pour-le-pnd-2026-2030"
"Fraternité Matin (CI)";"FR";"2026-10-07";"Journées foncières d'Abidjan 2026 : Les participants font de la sécurisation un pilier pour rassurer les investisseurs";"https://www.fratmat.info/article/2644969/economie/journees-foncieres-dabidjan-2026-les-participants-font-de-la-securisation-un-pilier-pour-rassurer-les-investisseurs"
"La Nation (BJ)";"FR";"2026-10-07";"Numérique et commerce mondial: Une opportunité à saisir pour la jeunesse africaine";"https://lanation.bj/economie/numerique-et-commerce-mondial-une-opportunite-a-saisir-pour-la-jeunesse-africaine"
"La Nation (BJ)";"FR";"2026-10-07";"07 oct. 2026";"https://lanation.bj/economie/numerique-et-commerce-mondial-une-opportunite-a-saisir-pour-la-jeunesse-africaine"
"La Nation (BJ)";"FR";"2026-10-07";"Commerce maritime : le Burkina Faso s’affirme comme un partenaire stratégique du Port autonome de Cotonou
                            
                                                            Lecture de 2 min";"https://lanation.bj/economie/commerce-maritime-le-burkina-faso-saffirme-comme-un-partenaire-strategique-du-port-autonome-de-cotonou"
"La Nation (BJ)";"FR";"2026-10-07";"Destination Bénin: 600 milliards de francs Cfa pour booster le tourisme en 2027
                            
                                                            Lecture de 3 min";"https://lanation.bj/economie/destination-benin-600-milliards-de-francs-cfa-pour-booster-le-tourisme-en-2027"
"La Nation (BJ)";"FR";"2026-10-07";"Transferts d’argent dans l’espace UEMOA : envoyer jusqu’à 8 000 FCFA gratuitement dès novembre
                            
                                                            Lecture de 2 min";"https://lanation.bj/economie/transferts-dargent-dans-lespace-uemoa-envoyer-jusqua-8-000-fcfa-gratuitement-des-novembre"
"La Nation (BJ)";"FR";"2026-10-07";"Commerce maritime : le Burkina Faso s’affirme comme un partenaire stratégique du Port autonome de Cotonou";"https://lanation.bj/economie/commerce-maritime-le-burkina-faso-saffirme-comme-un-partenaire-strategique-du-port-autonome-de-cotonou"
"Graphic Online (GH)";"EN";"2026-10-07";"Politics";"/news/politics.html"
"Graphic Online (GH)";"EN";"2026-10-07";"Business News";"/business/business-news.html"
"Graphic Online (GH)";"EN";"2026-10-07";"Companies";"/business/gb-companies.html"
"Graphic Online (GH)";"EN";"2026-10-07";"Markets";"/business/markets.html"
"Graphic Online (GH)";"EN";"2026-10-07";"Opinion";"/business/opinion.html"
"Graphic Online (GH)";"EN";"2026-10-07";"Auto News";"/business/ghana-auto-industry-news.html"
"Graphic Online (GH)";"EN";"2026-10-07";"New Economy: Govt to prioritise creation of decent jobs - Finance...";"/news/general-news/ghana-news-new-economy-govt-to-prioritise-creation-of-decent-jobs-finance-minister.html"
"Graphic Online (GH)";"EN";"2026-10-07";"VRA pushes for 100% cash waterfall payments";"/news/general-news/ghana-news-vra-pushes-for-100-cash-waterfall-payments.html"
"Graphic Online (GH)";"EN";"2026-10-07";"Ghana's inflation rises to 5.2% in September";"/business/business-news/ghanas-inflation-rises-to-5-2-in-september.html"
"Graphic Online (GH)";"EN";"2026-10-07";"EOCO returns Hanan’s £6,700, GH¢2,750, laptops and phones after...";"/news/general-news/eoco-returns-hanans-gbp6-700-ghc2-750-laptops-and-phones-after-lawyers-protest.html"
"Graphic Online (GH)";"EN";"2026-10-07";"Ablakwa says Cabinet has approved Ghana's bid to join BRICS";"/news/politics/ablakwa-says-cabinet-has-approved-ghanas-bid-to-join-brics.html"
"Graphic Online (GH)";"EN";"2026-10-07";"Court grants bail to banker accused of stealing GH¢1million";"/news/general-news/court-grants-bail-to-banker-accused-of-stealing-ghc1million.html"
"Graphic Online (GH)";"EN";"2026-10-07";"CSA opens Cyber Security Awareness Month with call for stronger collaboration";"/news/general-news/csa-opens-cyber-security-awareness-month-with-call-for-stronger-collaboration.html"
"Graphic Online (GH)";"EN";"2026-10-07";"Compensation coming for La Pleasure Beach demolition victims";"/news/general-news/compensation-coming-for-la-pleasure-beach-demolition-victims.html"
"Graphic Online (GH)";"EN";"2026-10-07";"BoG to issue new credit risk and liquidity directives";"/business/business-news/bog-to-issue-new-credit-risk-and-liquidity-directives.html"
"Graphic Online (GH)";"EN";"2026-10-07";"Parliament grills Central Regional Coordinating Council over GH¢14.9m payments processed outside GIFMIS";"/news/general-news/pac-grills-central-rcc-over-ghc14-9m-payments-processed-outside-gifmis.html"
"Graphic Online (GH)";"EN";"2026-10-07";"Bank of Ghana names 20 loan apps operating without licence";"/business/business-news/bank-of-ghana-names-20-loan-apps-operating-without-licence.html"
"Graphic Online (GH)";"EN";"2026-10-07";"IGP deploys special team to investigate deaths of 3 children in Tamale";"/news/general-news/igp-deploys-special-team-to-investigate-deaths-of-3-children-in-tamale.html"
"Graphic Online (GH)";"EN";"2026-10-07";"Foreign Ministry warns Ghanaians against fraudulent jobs in Zambia after cybercrime arrests";"/news/general-news/foreign-ministry-warns-ghanaians-against-fraudulent-jobs-in-zambia-after-cybercrime-arrests.html"
"Graphic Online (GH)";"EN";"2026-10-07";"ABSA Bank Ghana LTD appoints Stephen Ato Frimpong as Board Chair";"/business/business-news/absa-bank-ghana-ltd-appoints-stephen-ato-frimpong-as-board-chair.html"
"Graphic Online (GH)";"EN";"2026-10-07";"AMA urged to crack down on unauthorised billboards in Accra";"/news/politics/ama-urged-to-crack-down-on-unauthorised-billboards-in-accra.html"
"Graphic Online (GH)";"EN";"2026-10-07";"IGP Yohuno decorates 22 newly promoted Deputy Commissioners of Police including musician Kofi Sarpong";"/news/general-news/igp-yohuno-decorates-22-newly-promoted-deputy-commissioners-of-police-including-kofi-sarpong.html"
"Graphic Online (GH)";"EN";"2026-10-07";"NPP amends constitution on how three national vice chairpersons are elected; It will now be separate elective positions";"/news/politics/npp-amends-constitution-on-how-national-vice-chairpersons-are-elected.html"
"Graphic Online (GH)";"EN";"2026-10-07";"Nigeria mourns 32 killed as military plane crashes into swamp";"/news/general-news/nigeria-mourns-32-killed-as-military-plane-crashes-into-swamp.html"
"Graphic Online (GH)";"EN";"2026-10-07";"Govt to sustain teacher education funding - Vice-President assures at Ghana Teacher Prize";"/news/education/ghana-news-govt-to-sustain-teacher-education-funding-vice-president-assures-at-ghana-teacher-prize.html"
"Graphic Online (GH)";"EN";"2026-10-07";"Call off strike - GES Director-General appeals";"/news/education/ghana-news-call-off-strike-ges-director-general-appeals.html"
"Graphic Online (GH)";"EN";"2026-10-07";"NPP’s 2028 battle goes beyond new executive - Analysts assert";"/news/politics/ghana-news-npps-2028-battle-goes-beyond-new-executive-analysts-assert.html"
"Graphic Online (GH)";"EN";"2026-10-07";"NDC opens nominations for 2026 Regional Executive elections";"/news/politics/ghana-news-ndc-opens-nominations-for-2026-regional-executive-elections.html"
"Graphic Online (GH)";"EN";"2026-10-07";"NPP must close ranks after contest — Agyarko";"/news/politics/ghana-news-npp-must-close-ranks-after-contest-agyarko.html"
"Graphic Online (GH)";"EN";"2026-10-07";"Foreign Affairs Minister assesses visa services in surprise visits";"/news/general-news/ghana-news-foreign-affairs-minister-assesses-visa-services-in-surprise-visits.html"
"Graphic Online (GH)";"EN";"2026-10-07";"Police arrest suspected drug dealer in Paga, seizes 38 parcels of Indian hemp";"/news/general-news/police-arrest-suspected-drug-dealer-in-paga-seizes-38-parcels-of-indian-hemp.html"
"Graphic Online (GH)";"EN";"2026-10-07";"Yam Festival turns bloody at Nchiraa, 2 killed, 14 people including police officer injured";"/news/general-news/yam-festival-turns-bloody-at-nchiraa-2-killed-14-people-including-police-officer-injured.html"
"Graphic Online (GH)";"EN";"2026-10-07";"President Mahama grants pardon to 863 convicted persons";"/news/general-news/president-mahama-grants-pardon-to-863-convicted-persons.html"
"Graphic Online (GH)";"EN";"2026-10-07";"GTEC directs UDS to immediately cease unauthorised mode of delivering accredited LLB programme";"/news/education/gtec-directs-uds-to-immediately-cease-unauthorised-mode-of-delivering-accredited-llb-programme.html"
"Graphic Online (GH)";"EN";"2026-10-07";"AI must not replace human judgment in public spending — BoG Governor Asiama";"/business/business-news/ai-must-not-replace-human-judgment-in-public-spending-bog-governor-asiama.html"
"Graphic Online (GH)";"EN";"2026-10-07";"New date to be announced as GSA suspends Pre-Shipment Inspection for imported used vehicles";"/news/general-news/new-date-to-be-announced-as-gsa-suspends-pre-shipment-inspection-for-imported-used-vehicles.html"
"Graphic Online (GH)";"EN";"2026-10-07";"Three missing children found dead in parked vehicle in Tamale";"/news/general-news/three-missing-children-found-dead-in-parked-vehicle-in-tamale.html"
"Graphic Online (GH)";"EN";"2026-10-07";"'24-hour markets' in districts redesignated as 'District Economy Markets' - Mahama Ayariga announces";"/news/general-news/24-hour-markets-in-districts-redesignated-as-district-economy-markets-mahama-ayariga-announces.html"
"Graphic Online (GH)";"EN";"2026-10-07";"Seven people arrested over abuse of cedi notes";"/news/general-news/seven-people-arrested-over-abuse-of-cedi-notes.html"
"Graphic Online (GH)";"EN";"2026-10-07";"TUTAG President explains grounds for industrial action";"/news/education/tutag-president-explains-grounds-for-industrial-action.html"
"Graphic Online (GH)";"EN";"2026-10-07";"Ghana bans preaching on buses with jail terms for offenders";"/news/general-news/ghana-bans-preaching-on-buses-with-jail-terms-for-offenders.html"
"Graphic Online (GH)";"EN";"2026-10-07";"German and US scientists win Nobel medicine prize for work on optogenetics";"/news/general-news/german-and-us-scientists-win-nobel-medicine-prize-for-work-on-optogenetics.html"
"Graphic Online (GH)";"EN";"2026-10-07";"NPP national council, elders and executives will serve as checks on new party leader role under amended constitution - Professor Oquaye";"/news/politics/npp-flagbearer-will-not-have-free-hand-professor-oquaye.html"
"Graphic Online (GH)";"EN";"2026-10-07";"Ghana Jollof case: Nurse Salomey Awity Bafoh granted GH¢100,000 bail; Case adjourned to February 17, 2027";"/news/general-news/ghana-jollof-case-nurse-salomey-bafoh-granted-ghc100-000-bail.html"
"Graphic Online (GH)";"EN";"2026-10-07";"NCA awards spectrum to MTN Ghana for 5G services for 15 years";"/business/business-news/nca-awards-spectrum-to-mtn-ghana-for-5g-services.html"
"Graphic Online (GH)";"EN";"2026-10-07";"John Boadu pledges NPP renewal";"/news/general-news/john-boadu-pledges-npp-renewal.html"
"Graphic Online (GH)";"EN";"2026-10-07";"NPP won’t wait to plan government - Dr Bawumia declares";"/news/politics/ghana-news-npp-wont-wait-to-plan-government-dr-bawumia-declares.html"
"Graphic Online (GH)";"EN";"2026-10-07";"Chief Justice urges Judiciary to strengthen foundations of justice";"/news/general-news/ghana-news-chief-justice-urges-judiciary-to-strengthen-foundations-of-justice.html"
"Graphic Online (GH)";"EN";"2026-10-07";"NPP makes presidential candidate party leader";"/news/politics/ghana-news-npp-makes-presidential-candidate-party-leader.html"
"Graphic Online (GH)";"EN";"2026-10-07";"New Economy: Govt to prioritise creation of decent jobs - Finance Minister";"/news/general-news/ghana-news-new-economy-govt-to-prioritise-creation-of-decent-jobs-finance-minister.html"
"Graphic Online (GH)";"EN";"2026-10-07";"EOCO returns Hanan’s £6,700, GH¢2,750, laptops and phones after lawyers protest";"/news/general-news/eoco-returns-hanans-gbp6-700-ghc2-750-laptops-and-phones-after-lawyers-protest.html"
"Graphic Online (GH)";"EN";"2026-10-07";"Scammers target ECG customers with fake meter sales and MoMo payment calls";"/news/general-news/scammers-target-ecg-customers-with-fake-meter-sales-and-momo-payment-calls.html"
"Graphic Online (GH)";"EN";"2026-10-07";"Ghana and Egypt explore new avenues in defence, pharmaceuticals and infrastructure";"/news/general-news/ghana-and-egypt-explore-new-avenues-in-defence-pharmaceuticals-and-infrastructure.html"
"Graphic Online (GH)";"EN";"2026-10-07";"Kojo Bamba’s security message strategy helped him win NPP First Vice Chairman race - Nana Akomea";"/news/politics/kojo-bambas-security-message-strategy-helped-him-win-npp-first-vice-chairman-race-nana-akomea.html"
"Graphic Online (GH)";"EN";"2026-10-07";"I printed no banners, mounted no billboards or paraphernalia for NPP vice chair slot, but gave each delegate GH¢400 for transport - Nana Akomea";"/news/politics/i-printed-no-banners-mounted-no-billboards-or-paraphernalia-for-npp-vice-chair-slot-but-gave-each-delegates-ghc400-for-transport-nana-akomea.html"
"Graphic Online (GH)";"EN";"2026-10-07";"Ghana Politics";"/news/politics.html"
"Graphic Online (GH)";"EN";"2026-10-07";"General News";"/news/general-news.html"
"Graphic Online (GH)";"EN";"2026-10-07";"Education News";"/news/education.html"
"Graphic Online (GH)";"EN";"2026-10-07";"News in Ghana";"/news/general-news.html"
"Malijet (ML)";"FR";"2026-10-07";"Politique";"https://malijet.com/actualite-politique-au-mali"
"Malijet (ML)";"FR";"2026-10-07";"Economie";"https://malijet.com/actualite_economique_du_mali"
"Malijet (ML)";"FR";"2026-10-07";"Sports";"https://malijet.com/actualite_sportive_au_mali"
"Malijet (ML)";"FR";"2026-10-07";"Culture";"https://malijet.com/actualite_culturelle_au_mali"
"Malijet (ML)";"FR";"2026-10-07";"International";"https://malijet.com/actualite_internationale"
"Malijet (ML)";"FR";"2026-10-07";"AES";"https://malijet.com/actualite-sur-aes"
"Malijet (ML)";"FR";"2026-10-07";"Afrique";"https://malijet.com/actualite-sur-afrique"
"Malijet (ML)";"FR";"2026-10-07";"Transferts d’argent : la BCEAO instaure de nouvelles conditions tarifaires dans l’UEMOA";"https://malijet.com/actualite_economique_du_mali/312191-transferts-dargent-la-bceao-instaure-de-nouvelles-conditi.html"
"Malijet (ML)";"FR";"2026-10-07";"Célébration du 66ᵉ anniversaire de l’Armée de Terre malienne";"https://malijet.com/actualite_de_la_nation_malienne/312134-celebration-du-66-anniversaire-de-larmee-de-terre-malienne.html"
"Malijet (ML)";"FR";"2026-10-07";"Carnet d’audience: Chambre de commerce et d’industrie du Mali CCIM";"https://malijet.com/actualite_economique_du_mali/312104-carnet-daudience-chambre-de-commerce-et-dindustrie-du-mal.html"
"Malijet (ML)";"FR";"2026-10-07";"Mines : Le Burkina Faso inaugure sa première raffinerie d'or, un « acte de souveraineté assumée »";"https://malijet.com/actualite_economique_du_mali/312078-mines-le-burkina-faso-inaugure-sa-premiere-raffinerie-dor.html"
"Malijet (ML)";"FR";"2026-10-07";"Amical : l’Argentine s’impose largement contre le Bénin pour la dernière de Lionel Messi";"https://malijet.com/actualite_sportive_au_mali/312210-amical-largentine-simpose-largement-contre-le-benin-pour.html"
"Malijet (ML)";"FR";"2026-10-07";"CEDEAO : Bassirou Diomaye Faye en visite à la Cour de justice à Abuja";"https://malijet.com/actualite-sur-afrique/312209-cedeao-bassirou-diomaye-faye-en-visite-a-la-cour-de-justic.html"
"Malijet (ML)";"FR";"2026-10-07";"Le président du Ghana gracie 863 personnes à l’occasion de l’anniversaire de l’indépendance du pays";"https://malijet.com/actualite-sur-afrique/312206-le-president-du-ghana-gracie-863-personnes-a-loccasion-de-l.html"
"Malijet (ML)";"FR";"2026-10-07";"Mali-PNUD : le secteur privé au cœur des échanges";"https://malijet.com/actualite_economique_du_mali/312203-mali-pnud-le-secteur-prive-au-coeur-des-echanges.html"
"Malijet (ML)";"FR";"2026-10-07";"Nation";"https://malijet.com/actualite_de_la_nation_malienne"
"Malijet (ML)";"FR";"2026-10-07";"Éducation et Culture : le comité préparatoire remet son rapport";"https://malijet.com/actualite_de_la_nation_malienne/312202-education-et-culture-le-comite-preparatoire-remet-son-rapp.html"
"Malijet (ML)";"FR";"2026-10-07";"Voir tout →";"https://malijet.com/actualite-politique-au-mali"
"Malijet (ML)";"FR";"2026-10-07";"Coopération Mali-Ghana : Un attaché de défense ghanéen officiellement installé à Bamako";"https://malijet.com/actualite-politique-au-mali/312190-cooperation-mali-ghana-un-attache-de-defense-ghaneen-offic.html"
"Malijet (ML)";"FR";"2026-10-07";"UEMOA : une délégation du CIP participe à la 153ᵉ Assemblée générale de l’UIP";"https://malijet.com/actualite-politique-au-mali/312182-uemoa-une-delegation-du-cip-participe-a-la-153-assemblee.html"
"Malijet (ML)";"FR";"2026-10-07";"Justice : La Mission EUCAP Sahel Mali fait le point sur l'avancement de la Maison de Justice de Kayes";"https://malijet.com/actualite-politique-au-mali/312177-justice-la-mission-eucap-sahel-mali-fait-le-point-sur-lav.html"
"Malijet (ML)";"FR";"2026-10-07";"81e session ordinaire de l’Assemblée Générale des Nations-Unies: Le Mali dénonce les agressions ukrainiennes au Sahel";"https://malijet.com/actualite-politique-au-mali/312170-81e-session-ordinaire-de-lassemblee-generale-des-nations-un.html"
"Malijet (ML)";"FR";"2026-10-07";"Voir tout →";"https://malijet.com/actualite_economique_du_mali"
"Malijet (ML)";"FR";"2026-10-07";"UEMOA : Bamako accueille la 27ᵉ réunion statutaire annuelle des présidents des Cours des comptes";"https://malijet.com/actualite_economique_du_mali/312189-uemoa-bamako-accueille-la-27-reunion-statutaire-annuelle.html"
"Malijet (ML)";"FR";"2026-10-07";"Prix de la viande : le gouvernement renforce la concertation avec les acteurs de la filière";"https://malijet.com/actualite_economique_du_mali/312185-prix-de-la-viande-le-gouvernement-renforce-la-concertation.html"
"Malijet (ML)";"FR";"2026-10-07";"Voir tout →";"https://malijet.com/actualite_sportive_au_mali"
"Malijet (ML)";"FR";"2026-10-07";"Portugal : Cristiano Ronaldo raconte les coulisses de son départ et glisse un message sur son avenir";"https://malijet.com/actualite_sportive_au_mali/312196-portugal-cristiano-ronaldo-raconte-les-coulisses-de-son-de.html"
"Malijet (ML)";"FR";"2026-10-07";"8e Congrès de l’Association des journalistes sportifs du Mali (AJSM): Oumar Baba Traoré réélu pour un nouveau mandat de quatre ans";"https://malijet.com/actualite_sportive_au_mali/312167-8e-congres-de-lassociation-des-journalistes-sportifs-du-mal.html"
"Malijet (ML)";"FR";"2026-10-07";"Amical Maroc-Mali : pas de vainqueur à Tanger";"https://malijet.com/actualite_sportive_au_mali/312166-amical-maroc-mali-pas-de-vainqueur-a-tanger.html"
"Malijet (ML)";"FR";"2026-10-07";"Voir tout →";"https://malijet.com/actualite_internationale"
"Malijet (ML)";"FR";"2026-10-07";"Diplomatie : Le président béninois Romuald Wadagni reçu par Emmanuel Macron à l'Élysée";"https://malijet.com/actualite_internationale/312178-diplomatie-le-president-beninois-romuald-wadagni-recu-par.html"
"Malijet (ML)";"FR";"2026-10-07";"Sondage CGTN: La « Golden Week » témoigne de la vigueur de l'économie des vacances en Chine";"https://malijet.com/actualite_internationale/312132-sondage-cgtn-la-golden-week-temoigne-de-la-vigueur-de-l.html"
"Malijet (ML)";"FR";"2026-10-07";"Flydubai : bagarre, tentative de suicide, 11 septembre évité… ce que l’on sait de l’incident en plein vol";"https://malijet.com/actualite_internationale/312117-flydubai-bagarre-tentative-de-suicide-11-septembre-evite.html"
"Malijet (ML)";"FR";"2026-10-07";"Iran : une chanteuse condamnée à 74 coups de fouet";"https://malijet.com/actualite_internationale/312075-iran-une-chanteuse-condamnee-a-74-coups-de-fouet.html"
"Malijet (ML)";"FR";"2026-10-07";"Voir tout →";"https://malijet.com/actualite-sur-aes"
"Malijet (ML)";"FR";"2026-10-07";"Premier pari confédéral AES : 150 millions de FCFA en jeu et une œuvre communautaire pour célébrer la coopération entre le Burkina Faso, le Mali et le Niger";"https://malijet.com/actualite-sur-aes/312142-premier-pari-confederal-aes-150-millions-de-fcfa-en-jeu-et.html"
"Malijet (ML)";"FR";"2026-10-07";"Jeunesse : L'AES lance son Université d'été des volontaires à Niamey pour bâtir une citoyenneté sahélienne commune";"https://malijet.com/actualite-sur-aes/312084-jeunesse-laes-lance-son-universite-dete-des-volontaires.html"
"Malijet (ML)";"FR";"2026-10-07";"AES : les ministres de l’Industrie et du Commerce adoptent une feuille de route à Bamako";"https://malijet.com/actualite-sur-aes/312083-aes-les-ministres-de-lindustrie-et-du-commerce-adoptent-u.html"
"Malijet (ML)";"FR";"2026-10-07";"AES : Abdoulaye Maïga échange avec les ministres de l’Industrie et du Commerce";"https://malijet.com/actualite-sur-aes/312068-aes-abdoulaye-maiga-echange-avec-les-ministres-de-lindust.html"
"Malijet (ML)";"FR";"2026-10-07";"Coup d'état au Niger : L’Algérie dénonce une ""provocation"" et révèle son intervention militaire
                
                                    
                il y a 3 jours";"https://malijet.com/actualite-sur-afrique/312149-coup-detat-au-niger-lalgerie-denonce-une-provocation-e.html"
"Malijet (ML)";"FR";"2026-10-07";"CEDEAO : Bassirou Diomaye Faye en visite à la Cour de justice à Abuja
                                        il y a 1 heure";"https://malijet.com/actualite-sur-afrique/312209-cedeao-bassirou-diomaye-faye-en-visite-a-la-cour-de-justic.html"
"Malijet (ML)";"FR";"2026-10-07";"Le président du Ghana gracie 863 personnes à l’occasion de l’anniversaire de l’indépendance du pays
                                        il y a 12 heures";"https://malijet.com/actualite-sur-afrique/312206-le-president-du-ghana-gracie-863-personnes-a-loccasion-de-l.html"
"Malijet (ML)";"FR";"2026-10-07";"Nigeria : 32 morts dans le crash d’un avion militaire dans l’Ondo
                                        il y a 15 heures";"https://malijet.com/actualite-sur-afrique/312195-nigeria-32-morts-dans-le-crash-dun-avion-militaire-dans-l.html"
"Malijet (ML)";"FR";"2026-10-07";"Intempéries : Le Sénégal sous les eaux, Dakar et Matam durement touchés
                                        il y a 1 jour";"https://malijet.com/actualite-sur-afrique/312180-intemperies-le-senegal-sous-les-eaux-dakar-et-matam-durem.html"
"Malijet (ML)";"FR";"2026-10-07";"Nigeria : Anwar, le cerveau de l'ISWAP dans le sud du pays, neutralisé par les forces de sécurité
                                        il y a 1 jour";"https://malijet.com/actualite-sur-afrique/312179-nigeria-anwar-le-cerveau-de-liswap-dans-le-sud-du-pays.html"
"Malijet (ML)";"FR";"2026-10-07";"Diplomatie : Le Sénégal et l'Égypte renforcent leur partenariat bilatéral
                                        il y a 2 jours";"https://malijet.com/actualite-sur-afrique/312172-diplomatie-le-senegal-et-legypte-renforcent-leur-partenar.html"
"Malijet (ML)";"FR";"2026-10-07";"Coup d'état au Niger : L’Algérie dénonce une ""provocation"" et révèle son intervention militaire
                                        il y a 3 jours";"https://malijet.com/actualite-sur-afrique/312149-coup-detat-au-niger-lalgerie-denonce-une-provocation-e.html"
"Malijet (ML)";"FR";"2026-10-07";"Niger-Russie : Abdourahamane Tiani appelle à accélérer les projets de coopération
                                        il y a 4 jours";"https://malijet.com/actualite-sur-afrique/312145-niger-russie-abdourahamane-tiani-appelle-a-accelerer-les-p.html"
"Malijet (ML)";"FR";"2026-10-07";"Guinée-Bisseau : Le Haut commandement militaire interdit le retour de l'ancien président Umaro Sissoco Embaló
                                        2 commentaires
                                        il y a 4 jours";"https://malijet.com/actualite-sur-afrique/312141-guinee-bisseau-le-haut-commandement-militaire-interdit-le.html"
"Malijet (ML)";"FR";"2026-10-07";"Guinée : Mamadi Doumbouya place la jeunesse et la souveraineté au cœur du 68ᵉ anniversaire de l'indépendance
                                        il y a 5 jours";"https://malijet.com/actualite-sur-afrique/312131-guinee-mamadi-doumbouya-place-la-jeunesse-et-la-souveraine.html"
"Malijet (ML)";"FR";"2026-10-07";"Diplomatie : Le président béninois Romuald Wadagni reçu par Emmanuel Macron à l'Élysée
                                        il y a 1 jour";"https://malijet.com/actualite_internationale/312178-diplomatie-le-president-beninois-romuald-wadagni-recu-par.html"
"Malijet (ML)";"FR";"2026-10-07";"Sondage CGTN: La « Golden Week » témoigne de la vigueur de l'économie des vacances en Chine
                                        il y a 5 jours";"https://malijet.com/actualite_internationale/312132-sondage-cgtn-la-golden-week-temoigne-de-la-vigueur-de-l.html"
"Malijet (ML)";"FR";"2026-10-07";"Flydubai : bagarre, tentative de suicide, 11 septembre évité… ce que l’on sait de l’incident en plein vol
                                        il y a 5 jours";"https://malijet.com/actualite_internationale/312117-flydubai-bagarre-tentative-de-suicide-11-septembre-evite.html"
"Malijet (ML)";"FR";"2026-10-07";"Iran : une chanteuse condamnée à 74 coups de fouet
                                        il y a 1 semaine";"https://malijet.com/actualite_internationale/312075-iran-une-chanteuse-condamnee-a-74-coups-de-fouet.html"
"Malijet (ML)";"FR";"2026-10-07";"Crash d'Air Algérie : la compagnie Swiftair condamnée à une amende de 225.000 euros pour homicides involontaires
                                        il y a 1 semaine";"https://malijet.com/actualite_internationale/312064-crash-dair-algerie-la-compagnie-swiftair-condamnee-a-une.html"
"Malijet (ML)";"FR";"2026-10-07";"ONU : Mamadi Doumbouya présente le « modèle guinéen » à la tribune de l'Assemblée générale
                                        il y a 1 semaine";"https://malijet.com/actualite_internationale/312001-onu-mamadi-doumbouya-presente-le-modele-guineen-a-la-t.html"
"Malijet (ML)";"FR";"2026-10-07";"La Libye dépose sa candidature à un siège de membre non permanent du Conseil de sécurité de l’ONU
                                        il y a 1 semaine";"https://malijet.com/actualite_internationale/311998-la-libye-depose-sa-candidature-a-un-siege-de-membre-non-perm.html"
"Malijet (ML)";"FR";"2026-10-07";"Visite d'État du président Xi Jinping aux États-Unis : « Collaboration structurée, gestion maîtrisée des divergences, responsabilité mondiale partagée »
                                        il y a 1 semaine";"https://malijet.com/actualite_internationale/311996-visite-detat-du-president-xi-jinping-aux-etats-unis-col.html"
"Malijet (ML)";"FR";"2026-10-07";"ONU : António Guterres appelle à l'unité face à un monde « fracturé »
                                        il y a 2 semaines";"https://malijet.com/actualite_internationale/311978-onu-antonio-guterres-appelle-a-lunite-face-a-un-monde-f.html"
"Malijet (ML)";"FR";"2026-10-07";"Réunion de la direction du PCC pour étudier des questions importantes relatives à l'autogouvernance du Parti et fixer les dates du prochain plénum du Parti
                                        il y a 2 semaines";"https://malijet.com/actualite_internationale/311970-reunion-de-la-direction-du-pcc-pour-etudier-des-questions-im.html"
"Malijet (ML)";"FR";"2026-10-07";"Mali : création d’une Agence pour la recherche et le développement des ressources minérales
                    2 commentaires
                    il y a 6 jours";"https://malijet.com/actualite_economique_du_mali/312110-mali-creation-dune-agence-pour-la-recherche-et-le-develop.html"
"Malijet (ML)";"FR";"2026-10-07";"Guinée-Bisseau : Le Haut commandement militaire interdit le retour de l'ancien président Umaro Sissoco Embaló
                    2 commentaires
                    il y a 4 jours";"https://malijet.com/actualite-sur-afrique/312141-guinee-bisseau-le-haut-commandement-militaire-interdit-le.html"
"Malijet (ML)";"FR";"2026-10-07";"Économie";"https://malijet.com/actualite_economique_du_mali"
