"Source";"Language";"Date";"Title";"URL"
"VRT NWS (EN)";"EN";"2026-09-20";"Zo download je een podcast via VRT MAX";"https://www.vrt.be/vrtmax/artikels/2025/10/22/hoe-download-ik-een-podcast/"
"VRT NWS (EN)";"EN";"2026-09-20";"Jehovah's Getuigen versoepelen verbod op bloedtransfusies: ""Elke Getuige maakt keuze op basis van eigen geweten""";"https://www.vrt.be/vrtnws/nl/2026/09/20/jehova-s-getuigen-schrappen-verbod-op-bloedtransfusies/?utm_source=corporate&utm_medium=referral&utm_campaign=rssfeed&utm_content=vrt-nws"
"VRT NWS (EN)";"EN";"2026-09-20";"""Unieke vangst"" in haven van Antwerpen: vloeibaar gemaakte cocaïne gevonden in flessen zeep";"https://www.vrt.be/vrtnws/nl/2026/09/20/unieke-vangst-in-haven-van-antwerpen-vloeibaar-gemaakte-cocai/?utm_source=corporate&utm_medium=referral&utm_campaign=rssfeed&utm_content=vrt-nws"
"VRT NWS (EN)";"EN";"2026-09-20";"Jeugdhuis Club 9 in Koersel viert 60e verjaardag: rijke geschiedenis, maar moeilijker dan vroeger om jongeren te bereiken";"https://www.vrt.be/vrtnws/nl/2026/09/20/jeugdhuis-club-9-in-koersel-viert-60ste-verjaardag/?utm_source=corporate&utm_medium=referral&utm_campaign=rssfeed&utm_content=vrt-nws"
"VRT NWS (EN)";"EN";"2026-09-20";"Recordaantal gemeenten en steden neemt deel aan autovrije zondag: ""Fantastisch dat ook Wallonië meedoet""";"https://www.vrt.be/vrtnws/nl/2026/09/20/recordaantal-gemeenten-en-steden-neemt-deel-aan-autoloze-zondag/?utm_source=corporate&utm_medium=referral&utm_campaign=rssfeed&utm_content=vrt-nws"
"VRT NWS (EN)";"EN";"2026-09-20";"Brengen deelstaatverkiezingen in Duitsland de positie van kanselier Merz verder in het gedrang?";"https://www.vrt.be/vrtnws/nl/2026/09/20/brengen-deelstaatverkiezingen-in-berlijn-en-mecklenburg-voor-pom/?utm_source=corporate&utm_medium=referral&utm_campaign=rssfeed&utm_content=vrt-nws"
"VRT NWS (EN)";"EN";"2026-09-20";"1 op de 7 kilogram pmd wordt nog steeds verkeerd gesorteerd: wat mag wel en wat mag niet?";"https://www.vrt.be/vrtnws/nl/2026/09/20/1-op-de-7-kilogram-pmd-wordt-nog-steeds-verkeerd-gesorteerd/?utm_source=corporate&utm_medium=referral&utm_campaign=rssfeed&utm_content=vrt-nws"
"VRT NWS (EN)";"EN";"2026-09-20";"50 jaar metro in Brussel: ""Niet de beste in Europa, maar scoort zeker niet slecht""";"https://www.vrt.be/vrtnws/nl/2026/09/01/50-jaar-metro-in-brussel-niet-de-beste-in-europa-maar-scoort/?utm_source=corporate&utm_medium=referral&utm_campaign=rssfeed&utm_content=vrt-nws"
"VRT NWS (EN)";"EN";"2026-09-20";"""Waarom lukt het me niet meer om opgewonden te raken en klaar te komen zonder drugs?"": Rika Ponnet beantwoordt vraag van Kristel";"https://www.vrt.be/vrtnws/nl/2026/09/11/rika-ponnet-relatietips-kan-niet-klaarkomen-zonder-drugs/?utm_source=corporate&utm_medium=referral&utm_campaign=rssfeed&utm_content=vrt-nws"
"VRT NWS (EN)";"EN";"2026-09-20";"Emotionele Ed Sheeran biedt excuses aan na Macklemore-exit en spreekt zich uit over Gaza: ""Wat daar gebeurt, is catastrofaal""";"https://www.vrt.be/vrtnws/nl/2026/09/19/ed-sheeran-concert-philadelphia-zonder-macklemore-heisa-palestin/?utm_source=corporate&utm_medium=referral&utm_campaign=rssfeed&utm_content=vrt-nws"
"VRT NWS (EN)";"EN";"2026-09-20";"De eerste weken van Harry en Meghan in Engeland zijn 'F.C. De Kampioenen' in het echt: misverstanden troef";"https://www.vrt.be/vrtnws/nl/2026/09/17/harry-en-meghan-3-weken-in-het-vk/?utm_source=corporate&utm_medium=referral&utm_campaign=rssfeed&utm_content=vrt-nws"
"VRT NWS (EN)";"EN";"2026-09-20";"Niemand schrijft zoals Connie Palmen";"https://www.vrt.be/vrtnws/nl/2026/09/18/connie-palmen-ruth-joos-johnnie-walker-boeken/?utm_source=corporate&utm_medium=referral&utm_campaign=rssfeed&utm_content=vrt-nws"
"VRT NWS (EN)";"EN";"2026-09-20";"Na de zaak van de tandarts met keelfetisj: hoe ontstaan ongewone seksuele voorkeuren?";"https://www.vrt.be/vrtnws/nl/2026/09/18/hoe-onstaat-een-fetisj/?utm_source=corporate&utm_medium=referral&utm_campaign=rssfeed&utm_content=vrt-nws"
"VRT NWS (EN)";"EN";"2026-09-20";"Waarom de geruchten over de gezondheid van Xi Jinping zoveel onrust veroorzaken";"https://www.vrt.be/vrtnws/nl/2026/09/19/wat-is-er-aan-de-hand-met-de-gezondheid-van-de-chinese-president/?utm_source=corporate&utm_medium=referral&utm_campaign=rssfeed&utm_content=vrt-nws"
"VRT NWS (EN)";"EN";"2026-09-20";"Koning Filip woont voor het eerst Feest van Waalse Gewest bij, thema van dit jaar is Vlaanderen";"https://www.vrt.be/vrtnws/nl/2026/09/19/waalse-feestdag-koning-filip/?utm_source=corporate&utm_medium=referral&utm_campaign=rssfeed&utm_content=vrt-nws"
"VRT NWS (EN)";"EN";"2026-09-20";"Evert de Clercq, die huurmoordenaar voor Kasteelmoord regelde, vrijgelaten uit Nederlandse gevangenis";"https://www.vrt.be/vrtnws/nl/2026/09/19/kasteelmoord-evert-de-clercq-vrijgelaten/?utm_source=corporate&utm_medium=referral&utm_campaign=rssfeed&utm_content=vrt-nws"
"VRT NWS (EN)";"EN";"2026-09-20";"Van pruikenmaker tot kunstsmid: volwassenenonderwijs geeft Cindy en Dirk nieuwe kansen";"https://www.vrt.be/vrtnws/nl/2026/09/19/opleidingen-volwassenonderwijs/?utm_source=corporate&utm_medium=referral&utm_campaign=rssfeed&utm_content=vrt-nws"
"VRT NWS (EN)";"EN";"2026-09-20";"Trump voegt daad bij woord: toegang journalisten van CNN, MSNOW en Politico geweigerd tot Witte Huis";"https://www.vrt.be/vrtnws/nl/2026/09/18/vs-cnn-msnow-politico-verbannen-uit-witte-huis/?utm_source=corporate&utm_medium=referral&utm_campaign=rssfeed&utm_content=vrt-nws"
"VRT NWS (EN)";"EN";"2026-09-20";"Bijna 1.000 mensen, onder wie prinses Claire, nemen deel aan langste lunchtafel voor strijd tegen kinderarmoede";"https://www.vrt.be/vrtnws/nl/2026/09/19/brooddozen-meise/?utm_source=corporate&utm_medium=referral&utm_campaign=rssfeed&utm_content=vrt-nws"
"VRT NWS (EN)";"EN";"2026-09-20";"Genkse priester Gregorio weigert parkeerboete te betalen en verliest zijn auto: ""Liever beroofd van mijn auto dan van mijn vrijheid""";"https://www.vrt.be/vrtnws/nl/2026/09/19/parkeren-auto-in-beslag-don-gregorio-priester-genk/?utm_source=corporate&utm_medium=referral&utm_campaign=rssfeed&utm_content=vrt-nws"
"VRT NWS (EN)";"EN";"2026-09-20";"Gert en Viktor Verhulst investeren in chauffeursdienst Get Driven uit Harelbeke, Viktor wordt creatief directeur";"https://www.vrt.be/vrtnws/nl/2026/09/19/viktor-verhulst-gert-verhulst-investeren-in-chauffeursdienst-get/?utm_source=corporate&utm_medium=referral&utm_campaign=rssfeed&utm_content=vrt-nws"
"VRT NWS (EN)";"EN";"2026-09-20";"""Ik was nooit verder dan fietsen met zijwieltjes geraakt"": 4 volwassenen getuigen over leren fietsen op latere leeftijd";"https://www.vrt.be/vrtnws/nl/2026/09/15/mobiliteit-volwassen-die-leren-fietsen/?utm_source=corporate&utm_medium=referral&utm_campaign=rssfeed&utm_content=vrt-nws"
"VRT NWS (EN)";"EN";"2026-09-20";"Wanneer wordt mijn gasaansluiting afgesloten en hoe haalbaar is dat? Jouw vragen over afbouw van aardgas beantwoord";"https://www.vrt.be/vrtnws/nl/2026/09/16/vragen-afbouw-aardgasnet-vlaanderen/?utm_source=corporate&utm_medium=referral&utm_campaign=rssfeed&utm_content=vrt-nws"
"VRT NWS (EN)";"EN";"2026-09-20";"""Trouwste vriend van Israël"": wie is Robert Kraft (85), de Joods-Amerikaanse miljardair die Macklemore van het podium weert";"https://www.vrt.be/vrtnws/nl/2026/09/16/wie-is-robert-kraft-de-joods-amerikaanse-miljardair-in-de-saga/?utm_source=corporate&utm_medium=referral&utm_campaign=rssfeed&utm_content=vrt-nws"
"VRT NWS (EN)";"EN";"2026-09-20";"De Wevers 'witte kaftje' met begrotingsideeën blijft een mysterie, maar dit weten we wel al";"https://www.vrt.be/vrtnws/nl/2026/09/14/begrotingsvoorstellen-wit-kaftje-de-wever/?utm_source=corporate&utm_medium=referral&utm_campaign=rssfeed&utm_content=vrt-nws"
"VRT NWS (EN)";"EN";"2026-09-20";"30e herdenking van dood van prinses Diana is pas voor volgende zomer, maar geldmachine draait nu al";"https://www.vrt.be/vrtnws/nl/2026/09/11/diana-in-2027-30-jaar-dood-hoe-de-herdenkingen-of-het-commerci/?utm_source=corporate&utm_medium=referral&utm_campaign=rssfeed&utm_content=vrt-nws"
"VRT NWS (EN)";"EN";"2026-09-20";"Waarom heeft Europa een eigen satellietnetwerk nodig? En komen we niet hopeloos te laat?";"https://www.vrt.be/vrtnws/nl/2026/09/11/iris2-waarom-europa-eigen-satellietnetwerk-nodig-heeft/?utm_source=corporate&utm_medium=referral&utm_campaign=rssfeed&utm_content=vrt-nws"
"VRT NWS (EN)";"EN";"2026-09-20";"ETF's winnen aan populariteit bij Belgische beleggers: zo werkt 'hangmatbeleggen'";"https://www.vrt.be/vrtnws/nl/2026/09/09/wat-zijn-etf-s-en-hoe-ga-je-ermee-aan-de-slag/?utm_source=corporate&utm_medium=referral&utm_campaign=rssfeed&utm_content=vrt-nws"
"VRT NWS (EN)";"EN";"2026-09-20";"Na wonder-WK en opvallende statistiek zijn de Red Dragons gewaarschuwd voor onderschatting: Tsjechië onder de loep";"https://sporza.be/nl/2026/09/19/na-wonder-wk-en-opvallende-statistiek-zijn-de-red-dragons-gewaarschuwd-voor-onderschatting-tsjechie-onder-de-loep~1789838456462/"
"VRT NWS (EN)";"EN";"2026-09-20";"""Iedereen ademt nu"": OHL slaakt zucht van opluchting na eerste competitiezege";"https://sporza.be/nl/2026/09/19/-iedereen-ademt-nu-ohl-slaakt-zucht-van-opluchting-na-eerste-competitiezege~1789845829820/"
"VRT NWS (EN)";"EN";"2026-09-20";"Voormalig Engels international belandt bij opwarming onder pletwals, maar kan later alsnog invallen";"https://sporza.be/nl/2026/09/20/voormalig-engels-international-belandt-bij-opwarming-onder-pletw~1789892778473/"
"VRT NWS (EN)";"EN";"2026-09-20";"Verkenning legt ""erbarmelijke"" staat van wegdek bloot: ""Eigenlijk schande voor WK tijdrijden""";"https://sporza.be/nl/2026/09/19/verkenning-legt-erbarmelijke-staat-van-wegdek-bloot-eigenlijk-schande-voor-wk-tijdrijden~1789834476236/"
"VRT NWS (EN)";"EN";"2026-09-20";"Liam Everts sluit seizoen af met reekszege in Australië, Guillem Farres kroont zich tot MX2-kampioen";"https://sporza.be/nl/2026/09/20/liam-everts-sluit-seizoen-af-met-reekszege-in-australie-guillem-farres-kroont-zich-tot-mx2-kampioen~1789889378824/"
"VRT NWS (EN)";"EN";"2026-09-20";"Michiel Partoens verlengt Benelux-titel met knock-out na 80 seconden: ""Maandag sta ik weer voor de klas""";"https://sporza.be/nl/2026/09/20/michiel-partoens-verlengt-benelux-titel-met-knock-out-na-80-seconden-maandag-sta-ik-weer-voor-de-klas~1789886093533/"
"VRT NWS (EN)";"EN";"2026-09-20";"""Ik dacht echt: die tussentijd klopt niet"": de tijdrittrilogie van Evenepoel door de ogen van de man die ze vanaf de 1e rij meemaakte";"https://sporza.be/nl/2026/09/17/-ik-dacht-echt-die-tussentijd-klopt-niet-de-tijdrittrilogie-van-evenepoel-door-de-ogen-van-de-man-die-ze-vanaf-de-1e-rij-meemaakte~1789636998172/"
"VRT NWS (EN)";"EN";"2026-09-20";"Met Kopecky om 16.18 uur en Evenepoel als allerlaatste om 20.30 uur: alle starttijden van het WK tijdrijden";"https://sporza.be/nl/2026/09/19/met-kopecky-om-1618-uur-en-evenepoel-als-allerlaatste-om-2030-uur-alle-starttijden-van-het-wk-tijdrijden~1789854670386/"
"VRT NWS (EN)";"EN";"2026-09-20";"""Eindelijk voel ik me weer zevenkampster"": Nafi Thiam sluit zware periode af ""met positieve noot"" in Talence";"https://sporza.be/nl/2026/09/19/-eindelijk-voel-ik-me-weer-zevenkampster-nafi-thiam-sluit-zware-periode-af-met-positieve-noot-in-talence~1789851889478/"
"VRT NWS (EN)";"EN";"2026-09-20";"Een schrikmomentje bij de 2-0 van Anderlecht: Bentayeb is even helemaal groggy na stevige botsing met Lemoine";"https://sporza.be/nl/2026/09/19/een-schrikmomentje-bij-de-2-0-van-anderlecht-bentayeb-is-even-helemaal-groggy-na-stevige-botsing-met-lemoine~1789848302114/"
"VRT NWS (EN)";"EN";"2026-09-20";"Nafi Thiam tankt vertrouwen met winst in zevenkamp van Talence, Noor Vidts mag als nummer 3 mee op het podium";"https://sporza.be/nl/2026/09/14/nafi-thiam-tankt-vertrouwen-met-winst-in-zevenkamp-van-talence-noor-vidts-mag-als-nummer-3-mee-op-het-podium~1789394566702/"
"VRT NWS (EN)";"EN";"2026-09-20";"In zijn schop zat alle frustratie vervat: Rice ontsnapt aan rode kaart na match waarin Arsenal ""van de mat werd gespeeld""";"https://sporza.be/nl/2026/09/19/in-zijn-schop-zat-alle-frustratie-vervat-rice-ontsnapt-aan-rode-kaart-na-match-waarin-arsenal-van-de-mat-werd-gespeeld~1789835251575/"
"VRT NWS (EN)";"EN";"2026-09-20";"Doet oude bekende hem de das om? Nicky Hayen ziet bevrijdende zege in 93e minuut door vingers glippen";"https://sporza.be/nl/2026/09/19/doet-oude-bekende-hem-de-das-om-nicky-hayen-ziet-bevrijdende-ze~1789833860735/"
"RTBF Actus (FR)";"FR";"2026-09-20";"Le sous-sol de Herve pourrait aider à comprendre l'Univers";"/article/une-attaque-massive-de-drones-sur-moscou-au-troisieme-jour-des-elections-legislatives-11787793"
"RTBF Actus (FR)";"FR";"2026-09-20";"On a rencontré ""Balio Studio"", le studio belge qui régale les familles";"/article/50-ans-du-metro-l-eternel-defi-de-la-securite-souterraine-11786116"
"RTBF Actus (FR)";"FR";"2026-09-20";"Mentissa est dans Hep Taxi";"/article/un-il-sur-demain-les-trains-pourraient-ils-circuler-en-levitation-des-prototypes-sont-en-test-11738379"
"RTBF Actus (FR)";"FR";"2026-09-20";"Pourquoi est-ce si difficile d’adapter une BD au cinéma ?";"/article/motogp-autriche-martin-et-marquez-a-la-lutte-pour-la-tete-du-championnat-direct-video-10h50-11787618"
"RTBF Actus (FR)";"FR";"2026-09-20";"Que faire quand on sort des études ?";"/article/les-tornades-sont-elles-plus-frequentes-qu-avant-peut-on-les-prevoir-11786428"
"RTBF Actus (FR)";"FR";"2026-09-20";"Calumny nous explique comment tout a commencé pour eux pendant les Fêtes de Wallonie 2026 à Namur";"/article/les-tornades-sont-elles-plus-frequentes-qu-avant-peut-on-les-prevoir-11786428"
"RTBF Actus (FR)";"FR";"2026-09-20";"“L’abeille, c’est une courroie de transmission”";"/article/ouverture-des-bureaux-de-vote-en-allemagne-des-scrutins-a-haut-risque-pour-le-chancelier-friedrich-merz-11787797"
"RTBF Actus (FR)";"FR";"2026-09-20";"Micro-Sillon avec Walter De paduwa";"/article/ed-sheeran-reconnait-des-erreurs-et-juge-la-situation-a-gaza-injustifiable-lors-d-un-concert-en-amerique-11787787"
"RTBF Actus (FR)";"FR";"2026-09-20";"Revivez l’heptathlon de Nafi Thiam et Noor Vidts à Talence !";"/article/pour-le-philosophe-simon-brunfaut-un-monde-sans-voiture-est-un-monde-ou-l-on-retrouve-notre-sensibilite-11787042"
"RTBF Actus (FR)";"FR";"2026-09-20";"Des journalistes russes informent sur les élections depuis la Pologne";"/article/le-top-des-bonnes-nouvelles-de-la-semaine-5-infos-positives-pour-relacher-la-pression-11787554"
"RTBF Actus (FR)";"FR";"2026-09-20";"Remco Evenepoel en reco sur le circuit du CLM";"/article/plus-de-270-activites-au-programme-des-journees-du-patrimoine-a-bruxelles-11787505"
"RTBF Actus (FR)";"FR";"2026-09-20";"Les Fêtes de Wallonie 2026 sont toujours festives à Namur";"/article/plus-de-270-activites-au-programme-des-journees-du-patrimoine-a-bruxelles-11787505"
"RTBF Actus (FR)";"FR";"2026-09-20";"Une attaque massive de drones sur Moscou, au troisième jour des élections législatives";"/article/une-soixantaine-d-habitants-evacues-a-cause-d-un-incendie-dans-un-immeuble-d-anderlecht-11787814"
"RTBF Actus (FR)";"FR";"2026-09-20";"50 ans du métro : l’éternel défi de la sécurité souterraine";"/article/granit-xhaka-capitaine-de-la-suisse-soupconne-d-avoir-utilise-de-faux-certificats-covid-11787830"
"RTBF Actus (FR)";"FR";"2026-09-20";"Un œil sur demain : les trains pourraient-ils circuler en lévitation ? Des prototypes sont en test";"/article/mondiaux-de-cyclisme-remco-evenepoel-s-elancera-sur-le-coup-de-20h30-pour-le-contre-la-montre-11787771"
"RTBF Actus (FR)";"FR";"2026-09-20";"Direct vidéo - MotoGP Autriche : Martin et Marquez à la lutte pour la tête du championnat";"/article/apres-son-retour-victorieux-nafi-thiam-se-projette-vers-2028-ce-serait-incroyable-de-pouvoir-etre-aux-jeux-olympiques-11787749"
"RTBF Actus (FR)";"FR";"2026-09-20";"Les tornades sont‑elles plus fréquentes qu’avant ? Peut‑on les prévoir ?";"/article/le-telefilm-belge-au-sein-des-autres-remporte-trois-prix-au-festival-de-la-fiction-de-la-rochelle-11787812"
"RTBF Actus (FR)";"FR";"2026-09-20";"Les tornades sont‑elles plus fréquentes qu’avant ? Peut‑on les prévoir ?";"/article/emotion-pour-le-concert-de-salvatore-adamo-a-mons-11787781"
"RTBF Actus (FR)";"FR";"2026-09-20";"Ouverture des bureaux de vote en Allemagne : un scrutin régional à haut risque pour le chancelier Friedrich Merz";"/article/sur-les-pas-de-lenny-rocket-l-inattendu-representant-belge-aux-championnats-du-monde-d-air-guitar-11786737"
"RTBF Actus (FR)";"FR";"2026-09-20";"Après l'éviction du rappeur Macklemore de sa tournée, Ed Sheeran reconnaît ""des erreurs"" et juge la situation à Gaza ""injustifiable""";"/article/celine-dion-macklemore-et-la-serie-americaine-widow-s-bay-ont-ete-au-c-ur-de-l-actu-culturelle-de-cette-semaine-11787116"
"RTBF Actus (FR)";"FR";"2026-09-20";"Pour le philosophe Simon Brunfaut : ""Un monde sans voiture est un monde où l’on retrouve notre sensibilité""";"/article/des-vols-a-nouveau-supprimes-ce-dimanche-a-l-aeroport-de-charleroi-11787600"
"RTBF Actus (FR)";"FR";"2026-09-20";"Le top des bonnes nouvelles de la semaine : 5 infos positives pour relâcher la pression";"/article/des-vols-a-nouveau-supprimes-ce-dimanche-a-l-aeroport-de-charleroi-11787600"
"RTBF Actus (FR)";"FR";"2026-09-20";"Plus de 270 activités au programme des Journées du Patrimoine à Bruxelles";"/article/reouverture-de-notre-dame-de-paris-ubisoft-celebre-l-evenement-dans-son-jeu-video-assassin-s-creed-unity-11476077"
"RTBF Actus (FR)";"FR";"2026-09-20";"Plus de 270 activités au programme des Journées du Patrimoine à Bruxelles";"/article/vu-d-europe-comment-une-operation-humanitaire-suisse-a-permis-a-d-anciens-ss-de-rejoindre-le-bresil-11786111"
"RTBF Actus (FR)";"FR";"2026-09-20";"Une soixantaine d'habitants évacués à cause d'un incendie dans un immeuble d'Anderlecht";"/article/la-minute-historique-pourquoi-la-ville-de-grenoble-a-failli-changer-de-nom-apres-la-revolution-francaise-11786466"
"RTBF Actus (FR)";"FR";"2026-09-20";"Granit Xhaka, capitaine de la Suisse, soupçonné d'avoir utilisé de faux certificats Covid";"/article/de-bruxelles-au-mont-blanc-sans-voiture-la-montagne-en-mobilite-douce-11786665"
"RTBF Actus (FR)";"FR";"2026-09-20";"Mondiaux de cyclisme : Remco Evenepoel s'élancera sur le coup de 20h30 pour le contre-la-montre";"/article/assassinat-du-chatelain-de-wingene-evert-de-clercq-qui-a-aide-a-recruter-l-assassin-libere-aux-pays-bas-11787727"
"RTBF Actus (FR)";"FR";"2026-09-20";"Après son retour victorieux, Nafi Thiam se projette vers 2028 : ""Ce serait incroyable de pouvoir être aux Jeux Olympiques""";"/article/anderlecht-enchaine-et-s-impose-largement-face-a-zulte-waregem-11787709"
"RTBF Actus (FR)";"FR";"2026-09-20";"Le téléfilm belge ""Au sein des autres"" remporte trois prix au Festival de la Fiction de La Rochelle";"/article/suivez-le-decastar-2026-avec-nafissatou-thiam-11781648"
"RTBF Actus (FR)";"FR";"2026-09-20";"Emotion pour le concert de Salvatore Adamo à Mons";"/article/fetes-de-wallonie-la-flandre-venue-en-paix-invitee-a-depasser-les-cliches-11787648"
"RTBF Actus (FR)";"FR";"2026-09-20";"Sur les pas de Lenny Rocket, l’inattendu représentant belge aux championnats du monde d’Air Guitar";"/article/journee-sans-voiture-ce-dimanche-a-bruxelles-tout-ce-qu-il-faut-savoir-11785416"
"RTBF Actus (FR)";"FR";"2026-09-20";"Céline Dion, Macklemore et la série américaine ""Widow’s Bay"" ont été au cœur de l’actu culturelle de cette semaine";"/article/des-vols-a-nouveau-supprimes-ce-dimanche-a-l-aeroport-de-charleroi-11787600"
"RTBF Actus (FR)";"FR";"2026-09-20";"Des vols à nouveau supprimés ce dimanche à l’aéroport de Charleroi";"/article/parlons-solutions-comment-fonctionne-une-ecole-numerique-11786994"
"RTBF Actus (FR)";"FR";"2026-09-20";"Des vols à nouveau supprimés ce dimanche à l’aéroport de Charleroi";"/article/parlons-solutions-comment-sauver-l-ecole-fusionner-les-pouvoirs-organisateurs-c-est-souhaitable-11786545"
"RTBF Actus (FR)";"FR";"2026-09-20";"Notre-Dame de Paris : Ubisoft fait revivre le Paris historique dans son jeu vidéo ""Assassin’s Creed Unity""";"/article/parlons-enseignement-apprendre-en-alternance-creer-avec-passion-le-parcours-de-batiste-11786019"
"RTBF Actus (FR)";"FR";"2026-09-20";"Vu d'Europe : comment une opération humanitaire suisse a permis à d'anciens SS de rejoindre le Brésil";"/article/parlons-solutions-comment-sauver-l-ecole-quelles-pistes-de-solutions-pour-ameliorer-l-enseignement-11786240"
"RTBF Actus (FR)";"FR";"2026-09-20";"La minute historique : pourquoi la ville de Grenoble a failli changer de nom après la Révolution française ?";"/article/parlons-solutions-comment-sauver-l-ecole-toutes-les-infos-a-connaitre-pour-le-prime-de-ce-mercredi-soir-11785418"
"RTBF Actus (FR)";"FR";"2026-09-20";"De Bruxelles au Mont Blanc sans voiture : la montagne en mobilité douce";"/article/parlons-solutions-l-uclouvain-a-developpe-des-coachs-virtuels-une-ia-gratuite-et-encadree-pour-ses-etudiants-11785521"
"RTBF Actus (FR)";"FR";"2026-09-20";"Assassinat du châtelain de Wingene : Evert de Clercq, qui a aidé à recruter l'assassin, libéré aux Pays-Bas";"/article/l-estonie-le-pays-qui-autorise-l-ia-dans-toutes-ses-ecoles-secondaires-11784801"
"RTBF Actus (FR)";"FR";"2026-09-20";"Anderlecht enchaîne et s’impose largement face à Zulte Waregem";"/article/parlons-solutions-l-ecole-d-hier-et-d-aujourd-hui-vue-par-eliott-12-ans-et-sa-grand-mere-11784851"
"RTBF Actus (FR)";"FR";"2026-09-20";"Heptathlon du Decastar de Talence : victoire précieuse pour le moral pour Nafi Thiam pour son retour, Noor Vidts décroche une jolie troisième place";"/article/laurent-lefebvre-nouveau-recteur-de-l-umons-prepare-sa-premiere-rentree-11783584"
"RTBF Actus (FR)";"FR";"2026-09-20";"Fêtes de Wallonie : la Flandre venue ""en paix"", invitée à dépasser les clichés, en présence du roi Philippe";"/article/club-bruges-genk-le-choc-des-postformateurs-4-de-leurs-pepites-distinguees-par-le-cies-11786566"
"RTBF Actus (FR)";"FR";"2026-09-20";"Journée sans voiture ce dimanche à Bruxelles : tout ce qu’il faut savoir";"/article/completement-foot-yann-sommer-va-etre-soutenu-a-1000-a-bruges-11786597"
"RTBF Actus (FR)";"FR";"2026-09-20";"Des vols à nouveau supprimés ce dimanche à l’aéroport de Charleroi";"/article/anderlecht-enchaine-et-s-impose-largement-face-a-zulte-waregem-11787709"
"RTBF Actus (FR)";"FR";"2026-09-20";"Parlons solutions : comment fonctionne une école numérique?";"/article/la-surprise-le-grand-decu-le-futur-chouchou-du-coach-philippe-albert-debriefe-la-selection-de-mark-van-bommel-11787175"
"RTBF Actus (FR)";"FR";"2026-09-20";"""Parlons Solutions – Comment sauver l’école ?"" : fusionner les pouvoirs organisateurs, c’est souhaitable ?";"/article/granit-xhaka-capitaine-de-la-suisse-soupconne-d-avoir-utilise-de-faux-certificats-covid-11787830"
"RTBF Actus (FR)";"FR";"2026-09-20";"Parlons enseignement : apprendre en alternance, créer avec passion, le parcours de Batiste";"/article/le-sporting-charleroi-frappe-fort-d-entree-puis-resiste-au-retour-du-cercle-bruges-11787662"
"RTBF Actus (FR)";"FR";"2026-09-20";"""Parlons Solutions – Comment sauver l’école ?"" : quelles pistes de solutions pour améliorer l’enseignement ?";"/article/zeno-debast-voit-rouge-apres-un-tacle-dangereux-le-sporting-contraint-au-partage-11787772"
"RTBF Actus (FR)";"FR";"2026-09-20";"""Parlons solutions - Comment sauver l'école ?"" : revivez notre émission";"/article/envie-de-prendre-place-dans-le-public-de-la-tribune-voici-comment-faire-pour-assister-a-l-emission-11771995"
"RTBF Actus (FR)";"FR";"2026-09-20";"Parlons solutions : l’UCLouvain a développé ""des coachs virtuels"", une IA gratuite et encadrée pour ses étudiants";"/article/le-fc-barcelone-renverse-le-seville-fc-avec-un-nouveau-triple-de-l-inarretable-raphinha-11787766"
"RTBF Actus (FR)";"FR";"2026-09-20";"L’Estonie, le pays qui autorise l’IA dans toutes ses écoles secondaires";"/article/mondiaux-de-cyclisme-remco-evenepoel-s-elancera-sur-le-coup-de-20h30-pour-le-contre-la-montre-11787771"
"RTBF Actus (FR)";"FR";"2026-09-20";"Parlons enseignement : l’école d’hier et d’aujourd’hui vue par Eliott, 12 ans et sa grand-mère";"/article/mondiaux-de-cyclisme-evenepoel-ganna-seixas-et-les-autres-en-reconnaissance-sur-le-chrono-de-montreal-11787675"
"RTBF Actus (FR)";"FR";"2026-09-20";"Laurent Lefebvre, nouveau recteur de l’UMons, prépare sa première rentrée";"/article/mondiaux-de-cyclisme-richard-carapaz-declare-forfait-en-raison-de-problemes-de-sante-11787616"
"RTBF Actus (FR)";"FR";"2026-09-20";"Club Bruges – Genk, le choc des postformateurs : 4 de leurs pépites distinguées par le CIES";"/article/un-tres-long-calvaire-lotte-kopecky-va-donner-le-maximum-sur-le-chrono-des-mondiaux-11787519"
"RTBF Actus (FR)";"FR";"2026-09-20";"Complètement Foot : ""Yann Sommer va être soutenu à 1000% à Bruges""";"/article/ocnc-suspense-inexistant-sur-le-chrono-des-mondiaux-impossible-que-remco-evenepoel-soit-battu-11784917"
"RTBF Actus (FR)";"FR";"2026-09-20";"Anderlecht enchaîne et s’impose largement face à Zulte Waregem";"/article/mondiaux-de-montreal-tout-savoir-sur-le-parcours-du-contre-la-montre-11786020"
"RTBF Actus (FR)";"FR";"2026-09-20";"La surprise, le grand déçu, le futur chouchou du coach : Philippe Albert débriefe la sélection de Mark van Bommel";"/article/remco-evenepoel-avant-le-chrono-des-mondiaux-un-parcours-technique-et-puissant-tout-ce-que-j-aime-11787481"
"RTBF Actus (FR)";"FR";"2026-09-20";"Granit Xhaka, capitaine de la Suisse, soupçonné d'avoir utilisé de faux certificats Covid";"/article/mondiaux-de-cyclisme-geoffroy-le-porte-drapeau-belge-a-l-accent-quebecois-11786887"
"RTBF Actus (FR)";"FR";"2026-09-20";"Le Sporting Charleroi frappe fort d’entrée puis résiste au retour du Cercle Bruges";"/article/mondiaux-de-chrono-ganna-comme-rival-seixas-et-del-toro-avant-la-course-en-ligne-les-adversaires-de-remco-evenepoel-11785079"
"RTBF Actus (FR)";"FR";"2026-09-20";"Zeno Debast voit rouge après un tacle dangereux, le Sporting contraint au partage";"/article/fetes-de-wallonie-freddy-tougaux-est-parti-a-la-louviere-pour-verifier-si-le-wallon-a-encore-de-l-avenir-11787650"
"RTBF Actus (FR)";"FR";"2026-09-20";"Envie de prendre place dans le public de La Tribune ? Voici comment faire pour assister à l’émission";"/article/le-safari-du-minuscule-de-notre-jardin-extraordinaire-11787105"
"RTBF Actus (FR)";"FR";"2026-09-20";"Le FC Barcelone renverse le FC Séville avec un nouveau triplé de l’inarrêtable Raphinha";"/article/vous-considerez-que-notre-reportage-est-incomplet-un-droit-de-reponse-est-il-possible-11786650"
"RTBF Actus (FR)";"FR";"2026-09-20";"Mondiaux de cyclisme : Remco Evenepoel s'élancera sur le coup de 20h30 pour le contre-la-montre";"/article/proximite-interaction-et-collaboration-comment-la-rtbf-ancre-ses-contenus-au-c-ur-des-regions-11786513"
"RTBF Actus (FR)";"FR";"2026-09-20";"Mondiaux de cyclisme : Evenepoel, Ganna, Seixas et les autres en reconnaissance sur le chrono de Montréal";"/article/que-fait-la-rtbf-de-vos-donnees-collecte-algorithmes-et-protection-de-la-vie-privee-decryptes-11776913"
"RTBF Actus (FR)";"FR";"2026-09-20";"Mondiaux de cyclisme : Richard Carapaz déclare forfait en raison de ""problèmes de santé""";"/article/enfant-illegitime-un-terme-a-eviter-sur-nos-antennes-11776723"
"RTBF Actus (FR)";"FR";"2026-09-20";"""Un très long calvaire"" : Lotte Kopecky va ""donner le maximum"" sur le chrono des Mondiaux";"/article/les-jeunes-et-l-actu-plus-informes-qu-on-ne-le-pense-mais-pas-a-l-abri-de-pieges-11763284"
"RTBF Actus (FR)";"FR";"2026-09-20";"OCNC – Suspense inexistant sur le chrono des Mondiaux ? ""Impossible que Remco Evenepoel soit battu""";"/article/moderation-sur-les-reseaux-sociaux-le-defi-quotidien-de-la-rtbf-11758876"
"RTBF Actus (FR)";"FR";"2026-09-20";"Mondiaux de Montréal : tout savoir sur le parcours du contre-la-montre";"/article/age-conseille-contenus-sensibles-une-nouvelle-signaletique-tele-des-le-1er-juillet-11745979"
"RTBF Actus (FR)";"FR";"2026-09-20";"Remco Evenepoel avant le chrono des Mondiaux : ""Un parcours technique et puissant, tout ce que j’aime""";"/article/bivouacs-du-journalisme-les-contacts-avec-le-public-sont-extremement-enrichissants-on-retire-le-micro-la-camera-jean-pierre-jacqmin-ancien-directeur-de-l-info-de-la-rtbf-11746010"
"RTBF Actus (FR)";"FR";"2026-09-20";"Mondiaux de cyclisme : Geoffroy, le porte-drapeau belge à l’accent québécois !";"/article/coupe-du-monde-les-matchs-des-diables-rouges-aussi-pour-les-malvoyants-11743270"
"RTBF Actus (FR)";"FR";"2026-09-20";"Mondiaux de chrono – Ganna comme rival, Seixas et Del Toro avant la course en ligne : les adversaires de Remco Evenepoel";"/article/des-invitations-pour-le-fiff-a-remporter-11785509"
"RTBF Actus (FR)";"FR";"2026-09-20";"Fêtes de Wallonie : Freddy Tougaux est parti à La Louvière pour vérifier si le wallon a encore de l’avenir";"/article/concours-la-trois-c-est-pas-facile-d-etre-heureux-quand-on-va-mal-au-theatre-des-galeries-11787230"
"RTBF Actus (FR)";"FR";"2026-09-20";"Le safari du minuscule de Notre Jardin Extraordinaire";"/article/concours-des-places-de-cinema-lors-des-we-love-cinema-days-11601399"
"RTBF Actus (FR)";"FR";"2026-09-20";"Vous considérez que notre reportage est incomplet ? Un droit de réponse est-il possible ?";"/article/gagnez-vos-places-pour-le-concert-du-quatuor-fustier-au-festival-musiq3-brabant-wallon-11782881"
"RTBF Actus (FR)";"FR";"2026-09-20";"Comment la RTBF ancre ses contenus au cœur des régions : proximité, interactions et collaborations";"/article/gagnez-vos-places-pour-le-concert-de-doowy-a-l-ancienne-belgique-11778992"
"RTBF Actus (FR)";"FR";"2026-09-20";"Que fait la RTBF de vos données ? Collecte, algorithmes et protection de la vie privée décryptés";"/article/ecoutez-tipik-et-repartez-avec-le-nouvel-album-de-miley-en-version-vinyle-11786956"
"RTBF Actus (FR)";"FR";"2026-09-20";"""Enfant illégitime"" : un terme à éviter sur nos antennes";"/article/rencontrez-pierre-de-maere-au-sommet-de-bruxelles-pour-une-ecoute-exclusive-de-son-nouvel-album-11786499"
"RTBF Actus (FR)";"FR";"2026-09-20";"Les jeunes et l’actu : plus informés qu’on ne le pense mais pas à l’abri de pièges";"/article/un-loup-garou-geant-avec-samy-et-lou-11786675"
"RTBF Actus (FR)";"FR";"2026-09-20";"Modération sur les réseaux sociaux : le défi quotidien de la RTBF";"/article/concours-remportez-la-brochure-du-beau-velo-de-ravel-de-cet-ete-et-preparez-de-belles-sorties-velo-11785317"
"RTBF Actus (FR)";"FR";"2026-09-20";"Nouvelle signalétique TV : ce qui change ce 1er juillet";"/article/50-ans-des-cpas-d-ici-quelques-annees-il-y-aura-plus-de-gens-indemnises-par-les-cpas-que-par-l-assurance-chomage-11787017"
"RTBF Actus (FR)";"FR";"2026-09-20";"Bivouacs du journalisme : ""Les contacts avec le public sont extrêmement enrichissants"", Jean-Pierre Jacqmin, ancien directeur de l’info de la RTBF";"/article/accord-sur-le-groenland-victoire-ou-defaite-spectaculaire-pour-trump-11787594"
"RTBF Actus (FR)";"FR";"2026-09-20";"Coupe du monde : les matchs des Diables Rouges aussi pour les malvoyants";"/article/une-attaque-massive-de-drones-sur-moscou-au-troisieme-jour-des-elections-legislatives-11787793"
"RTBF Actus (FR)";"FR";"2026-09-20";"Des invitations pour le FIFF à remporter";"/article/trump-ecarte-cnn-et-politico-pour-fake-news-cela-fait-suite-aux-revelations-embarrassantes-de-ces-medias-sur-son-administration-11787533"
"RTBF Actus (FR)";"FR";"2026-09-20";"Concours La Trois : C'est pas facile d'être heureux quand on va mal au Théâtre des Galeries";"/article/la-surprise-le-grand-decu-le-futur-chouchou-du-coach-philippe-albert-debriefe-la-selection-de-mark-van-bommel-11787175"
"RTBF Actus (FR)";"FR";"2026-09-20";"We Love Cinema Days : gagnez 2 places de cinéma avec RTBF La Trois";"/article/fetes-de-wallonie-la-flandre-venue-en-paix-invitee-a-depasser-les-cliches-11787648"
"RTBF Actus (FR)";"FR";"2026-09-20";"Gagnez vos places pour le concert du Quatuor Fustier au Festival Musiq3 Brabant wallon !";"https://auvio.rtbf.be/media/il-a-deja-tes-yeux-il-a-deja-tes-yeux-3518020"
"RTBF Actus (FR)";"FR";"2026-09-20";"Gagnez vos places pour le concert de Doowy à l’Ancienne Belgique";"https://auvio.rtbf.be/media/messes-et-cultes-culte-israelite-3518029"
"RTBF Actus (FR)";"FR";"2026-09-20";"Le nouvel album de Miley vient de sortir et Tipik vous offre la version vinyle";"https://auvio.rtbf.be/media/viva-week-end-viva-week-end-3518595"
"RTBF Actus (FR)";"FR";"2026-09-20";"Rencontrez Pierre de Maere au sommet de Bruxelles pour une écoute exclusive de son nouvel album";"https://auvio.rtbf.be/media/riviera-riviera-3472474"
"RTBF Actus (FR)";"FR";"2026-09-20";"Rencontrez Samy et Lou lors d’une partie géante de Loup-Garou";"https://auvio.rtbf.be/media/citizen-tribunal-quand-les-citoyens-jugent-les-crimes-d-etat-3517846"
"RTBF Actus (FR)";"FR";"2026-09-20";"Concours : remportez la brochure du Beau Vélo de RAVeL de cet été et préparez de belles sorties vélo";"https://auvio.rtbf.be/media/la-momie-le-film-d-aventure-culte-des-annees-2000-avec-brandan-fraser-et-rachel-weisz-3517845"
"RTBF Actus (FR)";"FR";"2026-09-20";"50 ans des CPAS : ""D’ici quelques années, il y aura plus de gens indemnisés par les CPAS que par l’assurance chômage""";"https://auvio.rtbf.be/media/alex-hugo-alex-hugo-3517841"
"RTBF Actus (FR)";"FR";"2026-09-20";"Accord sur le Groenland : victoire ou ""défaite spectaculaire"" pour Trump?";"https://auvio.rtbf.be/media/les-fetes-de-wallonie-les-fetes-de-wallonie-3518500"
"RTBF Actus (FR)";"FR";"2026-09-20";"Une attaque massive de drones sur Moscou, au troisième jour des élections législatives";"https://auvio.rtbf.be/media/meteo-meteo-climat-20h20-3518492"
"RTBF Actus (FR)";"FR";"2026-09-20";"Trump écarte CNN et Politico pour fake news ? Cela fait suite aux révélations embarrassantes de ces médias sur son administration";"https://auvio.rtbf.be/media/journal-televise-19h30-le-19h30-3518477"
"RTBF Actus (FR)";"FR";"2026-09-20";"La surprise, le grand déçu, le futur chouchou du coach : Philippe Albert débriefe la sélection de Mark van Bommel";"https://auvio.rtbf.be/media/les-remarquables-les-remarquables-3517784"
"RTBF Actus (FR)";"FR";"2026-09-20";"Fêtes de Wallonie : la Flandre venue ""en paix"", invitée à dépasser les clichés, en présence du roi Philippe";"https://auvio.rtbf.be/media/chiens-et-chats-sans-collier-chiens-et-chats-sans-collier-france-3517744"
"France 24 (EN)";"EN";"2026-09-20";"Live: Russian election enters final day after Kyiv targets Moscow in massive drone attack";"https://france24.com/en/europe/20260920-live-russian-election-enters-final-day-in-shadow-of-war-in-ukraine"
"France 24 (EN)";"EN";"2026-09-20";"Russia reports cyberattacks as parliamentary vote enters second day";"https://france24.com/en/europe/20260919-ukraine-live-russian-strike-on-apartment-building-in-ukraine-s-sumy-kills-at-least-two"
"France 24 (EN)";"EN";"2026-09-20";"Russia targets Kyiv with new missile attack";"https://france24.com/en/europe/20260918-live-voting-begins-in-russia-s-parliamentary-elections"
"France 24 (EN)";"EN";"2026-09-20";"US fears wider Middle East escalation after Houthis attack Riyadh";"https://france24.com/en/middle-east/20260919-us-fears-rapid-escalation-in-mideast-after-houthis-attack-riyadh"
"France 24 (EN)";"EN";"2026-09-20";"Merz under pressure as two more German states hold elections";"https://france24.com/en/europe/20260920-germans-vote-in-elections-threatening-fresh-blow-to-merz"
"France 24 (EN)";"EN";"2026-09-20";"Pop star Ed Sheeran calls situation in Gaza 'unjustifiable' amid controversy";"https://france24.com/en/americas/20260919-ed-sheeran-calls-gaza-situation-unjustifiable-amid-controversy"
"France 24 (EN)";"EN";"2026-09-20";"Macron and Carney to hold talks on strengthening Canada-France ties";"https://france24.com/en/france/20260919-french-outpost-off-canada-in-the-spotlight-as-macron-hosts-carney-on-symbolic-visit"
"France 24 (EN)";"EN";"2026-09-20";"CNN, MS NOW, Politico reporters blocked from White House after Trump ban";"https://france24.com/en/americas/20260919-cnn-ms-now-politico-reporters-blocked-from-white-house-after-trump-ban"
"France 24 (EN)";"EN";"2026-09-20";"French police arrest two Germans after 'for fun' Louvre stunt in Mona Lisa hall";"https://france24.com/en/france/20260919-two-arrested-for-louvre-stunt-for-fun-in-mona-lisa-hall"
"France 24 (EN)";"EN";"2026-09-20";"Myanmar win first Asian Games teqball gold as Spain great Puyol watches";"https://france24.com/en/live-news/20260920-myanmar-win-first-asian-games-teqball-gold-as-spain-great-puyol-watches"
"France 24 (EN)";"EN";"2026-09-20";"New England boss Fleming says 'wrong' to ask Stokes to end retirement";"https://france24.com/en/live-news/20260920-new-england-boss-fleming-says-wrong-to-ask-stokes-to-end-retirement"
"France 24 (EN)";"EN";"2026-09-20";"Saudi Arabia says air defences intercepted Houthi ballistic missile targeting Riyadh";"https://france24.com/en/middle-east/20260919-smoke-flames-seen-near-riyadh-airport-major-flight-disruptions-reported"
"France 24 (EN)";"EN";"2026-09-20";"War in Iran 'jeopardises the Trump presidency', ex-Obama National Security Council member says";"https://france24.com/en/tv-shows/t%C3%AAte-%C3%A0-t%C3%AAte/20260918-war-in-iran-jeopardises-the-trump-presidency-ex-obama-national-security-council-member-says"
"France 24 (EN)";"EN";"2026-09-20";"US approves $24.3 billion sale of 48 F-35 warplanes to Saudi Arabia";"https://france24.com/en/middle-east/20260918-us-approves-24-3-billion-sale-of-48-f-35-warplanes-to-saudi-arabia"
"France 24 (EN)";"EN";"2026-09-20";"Trump claims son repaid Russian oligarch who funded wedding festivities";"https://france24.com/en/americas/20260919-trump-says-son-repaid-russian-oligarch-who-funded-wedding-festivities"
"France 24 (EN)";"EN";"2026-09-20";"Denmark hails Greenland deal with Trump respecting ‘red lines’";"https://france24.com/en/europe/20260918-denmark-hails-binding-greenland-deal-with-trump"
"France 24 (EN)";"EN";"2026-09-20";"Germany cuts energy tax to lower petrol prices as Merz faces state key elections";"https://france24.com/en/europe/20260919-germany-cuts-energy-tax-to-lower-soaring-petrol-prices"
"France 24 (EN)";"EN";"2026-09-20";"France: Zinédine Zidane brings a breath of fresh air to Les Bleus";"https://france24.com/en/tv-shows/sports/20260919-france-zin%C3%A9dine-zidane-brings-a-breath-of-fresh-air-to-les-bleus"
"France 24 (EN)";"EN";"2026-09-20";"Scientists discover first new wild cat in more than 100 years";"https://france24.com/en/americas/20260919-scientists-discover-first-new-wild-cat-in-more-than-100-years"
"France 24 (EN)";"EN";"2026-09-20";"Ivorian footballer Malick Yalcouyé falsely accused of lying about his age";"https://france24.com/en/europe/20260916-ivorian-footballer-malick-yalcouy%C3%A9-falsely-accused-of-lying-about-his-age"
"France 24 (EN)";"EN";"2026-09-20";"Cuba hit with another nationwide blackout amid US fuel blockade";"https://france24.com/en/americas/20260919-cuba-s-power-grid-collapses-again-leaving-island-in-darkness"
"France 24 (EN)";"EN";"2026-09-20";"Fear and broken families: Inside a Texas ICE detention centre";"https://france24.com/en/tv-shows/reporters/20260918-reporters-fear-and-broken-families-inside-a-texas-ice-detention-centre"
"France 24 (EN)";"EN";"2026-09-20";"The Canada-EU partnership 'a classic win-win situation', economist says";"https://france24.com/en/tv-shows/a-propos/20260917-the-canada-eu-partnership-a-classic-win-win-situation-economist-says"
"France 24 (EN)";"EN";"2026-09-20";"It's not malicious, it's indifference: Thousands of books sent to AI woodchipper";"https://france24.com/en/tv-shows/spotlight/20260917-intent-not-malicious-it-s-indifference-thousands-if-not-millions-of-books-sent-to-ai-woodchipper"
"France 24 (EN)";"EN";"2026-09-20";"The Ceuta effect: how far will Europe's anti-migrant backlash go?";"https://france24.com/en/tv-shows/the-debate/20260917-the-ceuta-effect-how-far-will-europe-s-anti-migrant-backlash-go"
"France 24 (EN)";"EN";"2026-09-20";"'Sanctions won’t prevent us from doing our job' says ICC Prosecutor Mame Mandiaye Niang";"https://france24.com/en/tv-shows/perspective/20260917-sanctions-won-t-prevent-us-from-doing-our-job-says-icc-prosecutor-mame-mandiaye-niang"
"France 24 (EN)";"EN";"2026-09-20";"Nicolas Winding Refn on nearly dying, reuniting with Ryan Gosling and why 'polarisation is success'";"https://france24.com/en/tv-shows/arts24/20260917-nicolas-winding-refn-on-nearly-dying-reuniting-with-ryan-gosling-and-why-polarisation-is-success"
"France 24 (EN)";"EN";"2026-09-20";"Paris, the ultimate film set";"https://france24.com/en/tv-shows/entre-nous/20260917-paris-the-ultimate-film-set"
"France 24 (EN)";"EN";"2026-09-20";"‘Gut-wrenching pain’: First conviction in French school sex abuse scandal fails to quell parents’ anger";"https://france24.com/en/france/20260916-gut-wrenching-pain-first-conviction-in-french-school-sex-abuse-scandal-fails-to-quell-parents-anger"
"France 24 (EN)";"EN";"2026-09-20";"French candidates race to claim the cost-of-living issue ahead of 2027 vote";"https://france24.com/en/france/20260914-french-candidates-race-to-claim-the-cost-of-living-issue-ahead-of-2027-vote"
"France 24 (EN)";"EN";"2026-09-20";"Jewish ‘supercop’ runs on Arab ticket in Israeli polls – and sparks a storm";"https://france24.com/en/middle-east/20260912-jewish-supercop-runs-on-arab-ticket-in-israeli-polls-%E2%80%93-and-sparks-a-storm"
"France 24 (EN)";"EN";"2026-09-20";"Elections in Russia: the 1001 tricks to remove inconvenient candidates";"https://france24.com/en/europe/20260911-elections-in-russia-the-1001-tricks-to-remove-inconvenient-candidates"
"France 24 (EN)";"EN";"2026-09-20";"Russia seizes assets of Swiss food giant Nestle and three French firms";"https://france24.com/en/europe/20260918-russia-seizes-assets-of-swiss-food-giant-nestle-and-three-french-firms"
"France 24 (EN)";"EN";"2026-09-20";"France's new head coach Zidane unveils team line-up for Nations League matches";"https://france24.com/en/sport/20260918-france-new-head-coach-zidane-unveils-his-first-team-line-up-for-nations-league-matches-live"
"France 24 (EN)";"EN";"2026-09-20";"Macron orders plan to protect France's critical infrastructure against 'Russian hybrid attacks'";"https://france24.com/en/france/20260918-macron-orders-plan-to-protect-france-critical-infrastructure-against-russian-hybrid-attacks"
"France 24 (EN)";"EN";"2026-09-20";"Trump says US, Denmark reach deal to expand military presence in Greenland";"https://france24.com/en/europe/20260918-greenland-denmark-us-deal-un-general-assembly"
"France 24 (EN)";"EN";"2026-09-20";"Russia votes in parliamentary election as war in Ukraine drags on";"https://france24.com/en/europe/20260918-russia-votes-in-wartime-parliamentary-election-set-to-secure-the-kremlin-power"
"France 24 (EN)";"EN";"2026-09-20";"Trump says 'major progress' made towards US military base in Poland";"https://france24.com/en/europe/20260918-trump-says-major-progress-made-toward-us-military-base-in-poland"
"France 24 (EN)";"EN";"2026-09-20";"US Midterms: Russian disinformation campaign targets Democrats";"https://france24.com/en/tv-shows/truth-or-fake/20260917-us-midterms-russian-disinformation-campaign-targets-democrats"
"France 24 (EN)";"EN";"2026-09-20";"Viral Putin, Modi and Xi selfie at BRICS summit is AI-generated";"https://france24.com/en/tv-shows/truth-or-fake/20260915-viral-putin-modi-and-xi-selfie-at-brics-summit-is-ai-generated"
"France 24 (EN)";"EN";"2026-09-20";"Hate speech against Rohingya refugees on the rise in Malaysia";"https://france24.com/en/tv-shows/the-observers/20260911-hate-speech-rohingya-refugees-rise-malaysia"
"France 24 (EN)";"EN";"2026-09-20";"‘I’m spending my savings just to survive’: Iran’s economic crisis fuels new protests";"https://france24.com/en/middle-east/20260910-iran-economic-crisis-protests-war-repression"
"France 24 (EN)";"EN";"2026-09-20";"JNIM jihadists step up incursions into northern Benin";"https://france24.com/en/tv-shows/the-observers/20260909-jnim-jihadists-step-up-incursions-northern-benin"
"France 24 (EN)";"EN";"2026-09-20";"The church by the airport: Inside Russia’s suspected spy activities in Sweden";"https://france24.com/en/europe/20250704-the-church-by-the-airport-inside-russia-s-suspected-spy-activities-in-sweden"
"France 24 (EN)";"EN";"2026-09-20";"Searching for radioactive waste in the depths of the Atlantic";"https://france24.com/en/environment/20250607-searching-radioactive-waste-depths-atlantic-france-nuclear"
"France 24 (EN)";"EN";"2026-09-20";"‘Unwavering friendship’: The true story of nine women who escaped a Nazi death march";"https://france24.com/en/europe/20250429-true-story-nine-women-who-escaped-nazi-death-march-ravensbruck"
"France 24 (EN)";"EN";"2026-09-20";"Pope Francis, first Latin American pontiff and champion of the forgotten";"https://france24.com/en/europe/20250421-pope-francis-first-latin-american-pontiff-dies-after-double-pneumonia-battle"
"France 24 (EN)";"EN";"2026-09-20";"Haiti’s independence ransom: Macron offers ‘truth’, Haitians want reparations";"https://france24.com/en/americas/20250417-haiti-independence-ransom-macron-offers-truth-haitians-want-reparations-slavery"
"France 24 (EN)";"EN";"2026-09-20";"Saved from destruction: Paris show offers glimpse of Gaza’s archaeological treasures";"https://france24.com/en/culture/20250403-saved-from-destruction-paris-exhibition-offers-glimpse-of-gaza-archaeological-treasures"
"France 24 (EN)";"EN";"2026-09-20";"'The Bibi Files': Documentary reveals the police interrogations behind Netanyahu’s graft trial";"https://france24.com/en/middle-east/20240910-the-bibi-files-documentary-reveals-the-police-interrogations-behind-netanyahu-s-graft-trial"
"France 24 (EN)";"EN";"2026-09-20";"Wildfires, heatwaves threaten global air quality and health, UN warns";"https://france24.com/en/environment/20260907-wildfires-heatwaves-global-air-quality-health-un"
"France 24 (EN)";"EN";"2026-09-20";"Expert warns of 'hotter summers, more wildfires, more drought and more floods'";"https://france24.com/en/tv-shows/perspective/20260901-expert-warns-of-hotter-summers-more-wildfires-more-drought-and-more-floods"
"France 24 (EN)";"EN";"2026-09-20";"'Glaciers in Himalayas retreating': Nepal floods triggered by 'glacier collapse & massive landslide'";"https://france24.com/en/video/20260901-glaciers-in-himalayas-retreating-nepal-floods-triggered-by-glacier-collapse-massive-landslide"
"France 24 (EN)";"EN";"2026-09-20";"Pop, Protests & Palestine: Ed Sheeran’s Moral Maze";"https://france24.com/en/tv-shows/spotlight/20260919-pop-protests-palestine-ed-sheeran-s-moral-maze"
"France 24 (EN)";"EN";"2026-09-20";"Agnes Obel captures the cosmic feelings of motherhood";"https://france24.com/en/tv-shows/arts24/20260918-agnes-obel-captures-the-cosmic-feelings-of-motherhood"
"France 24 (EN)";"EN";"2026-09-20";"'We don't just want to hear Ed Sheeran sing and play guitar, we want to know his politics'";"https://france24.com/en/tv-shows/spotlight/20260917-we-want-to-know-his-politics-we-don-t-just-want-to-hear-ed-sheeran-sing-songs-and-play-guitar"
"France 24 (EN)";"EN";"2026-09-20";"UEFA, CONCACAF demand FIFA make $2.1 billion payout to member groups amid funding row";"https://france24.com/en/sport/20260918-uefa-concacaf-demand-fifa-make-2-1-billion-payout-to-member-groups-amid-funding-row"
"France 24 (EN)";"EN";"2026-09-20";"As petrol prices rise, France turns to bioethanol – a cheaper fuel alternative";"https://france24.com/en/video/20260919-as-petrol-prices-rise-france-turns-to-bioethanol-%E2%80%93-a-cheaper-fuel-alternative"
"France 24 (EN)";"EN";"2026-09-20";"China is now Rwanda’s biggest export market – now comes the hard part";"https://france24.com/en/video/20260919-china-is-now-rwanda-s-biggest-export-market-%E2%80%93-now-comes-the-hard-part"
"France 24 (EN)";"EN";"2026-09-20";"Israel: 'NAZA' documentary sparks political storm";"https://france24.com/en/video/20260919-israel-naza-documentary-sparks-political-storm"
"France 24 (EN)";"EN";"2026-09-20";"Greenland Deal: Greenland: A Trump Win or Danish Masterclass?";"https://france24.com/en/tv-shows/spotlight/20260919-greenland-deal-greenland-a-trump-win-or-danish-masterclass"
"France 24 (EN)";"EN";"2026-09-20";"AI safety: No, China will not hit the brakes";"https://france24.com/en/tv-shows/access-asia/20260918-ai-safety-no-china-will-not-hit-the-brakes"
"France 24 (EN)";"EN";"2026-09-20";"Erdogan to sidestep Turkey’s constitutional term limits in early 2028 vote, adviser says";"https://france24.com/en/asia-pacific/20260917-turkey-s-erdogan-to-run-in-early-2028-vote-sidestepping-constitutional-term-limit"
"France 24 (EN)";"EN";"2026-09-20";"Transforming Payments in the DRC: A Leap Towards a Digital Future";"https://france24.com/en/sponsored-content/20250923-transforming-payments-in-the-drc-a-leap-towards-a-digital-future"
"France 24 (EN)";"EN";"2026-09-20";"Africa's $88 billion solutions: How ATAF fights illicit financial flows";"https://france24.com/en/sponsored-content/20250108-africa-s-88-billion-solutions-how-ataf-fights-illicit-financial-flows"
"France 24 (EN)";"EN";"2026-09-20";"Burundi: innovative solutions to fight stunting in children";"https://france24.com/en/sponsored-content/20240122-burundi-innovative-solutions-to-fight-stunting-in-children"
"France 24 (EN)";"EN";"2026-09-20";"Child malnutrition in Burundi: concrete actions to help children";"https://france24.com/en/sponsored-content/20231215-child-malnutrition-in-burundi-concrete-actions-to-help-children"
"France 24 (EN)";"EN";"2026-09-20";"Interview of Anthony Ginter, President & CEO - WEO";"https://france24.com/en/sponsored-content/20230911-interview-of-anthony-ginter-president-ceo-weo"
"France 24 (EN)";"EN";"2026-09-20";"2026";"https://france24.com/en/archives/2026/01/"
"France 24 (EN)";"EN";"2026-09-20";"2025";"https://france24.com/en/archives/2025/01/"
"France 24 (EN)";"EN";"2026-09-20";"2024";"https://france24.com/en/archives/2024/01/"
"France 24 (EN)";"EN";"2026-09-20";"2023";"https://france24.com/en/archives/2023/01/"
"France 24 (EN)";"EN";"2026-09-20";"2022";"https://france24.com/en/archives/2022/01/"
"France 24 (EN)";"EN";"2026-09-20";"2021";"https://france24.com/en/archives/2021/01/"
"France 24 (EN)";"EN";"2026-09-20";"2020";"https://france24.com/en/archives/2020/01/"
"Le Monde (FR)";"FR";"2026-09-20";"Le Monde’s app";"https://www.lemonde.fr/en/about-us/article/2023/09/06/le-monde-in-english-now-available-on-our-mobile-app_6125308_115.html"
"Le Monde (FR)";"FR";"2026-09-20";"Inside the Hamidovic clan's reign of terror over young female pickpockets in the Paris métro";"https://www.lemonde.fr/en/m-le-mag/article/2026/09/20/inside-the-hamidovic-clan-s-reign-of-terror-over-young-female-pickpockets-in-the-paris-metro_6757727_117.html"
"Le Monde (FR)";"FR";"2026-09-20";"The captive lives of the Paris metro's young thieves";"https://www.lemonde.fr/en/m-le-mag/article/2024/11/23/the-captive-lives-of-the-paris-metro-s-young-thieves_6733886_117.html"
"Le Monde (FR)";"FR";"2026-09-20";"Assault, attempted murder, assassination: The rogue Freemasons going on trial in Paris";"https://www.lemonde.fr/en/m-le-mag/article/2026/03/30/assault-attempted-murder-assassination-the-rogue-freemasons-going-on-trial-in-paris_6751946_117.html"
"Le Monde (FR)";"FR";"2026-09-20";"German chancellor Friedrich Merz faces mounting criticism ahead of September 20 regional elections";"https://www.lemonde.fr/en/international/article/2026/09/19/german-chancellor-friedrich-merz-faces-mounting-criticism-ahead-of-september-20-regional-elections_6757700_4.html"
"Le Monde (FR)";"FR";"2026-09-20";"Hundreds of drones target Moscow, killing at least two";"https://www.lemonde.fr/en/international/article/2026/09/20/hundreds-of-drones-target-moscow-killing-at-least-two_6757731_4.html"
"Le Monde (FR)";"FR";"2026-09-20";"Paris's Techno Parade turns up volume to protest law targeting free parties";"https://www.lemonde.fr/en/culture/article/2026/09/20/paris-s-techno-parade-turns-up-volume-to-protest-law-targeting-free-parties_6757730_30.html"
"Le Monde (FR)";"FR";"2026-09-20";"'For a long time, French feminism had a problem with economics'";"https://www.lemonde.fr/en/money-investments/article/2026/09/20/titiou-lecoq-for-a-long-time-french-feminism-had-a-problem-with-economics_6757726_102.html"
"Le Monde (FR)";"FR";"2026-09-20";"Emma Heming Willis on her husband Bruce Willis's illness: 'Once I stopped being in denial, we've learned to just navigate the disease'";"https://www.lemonde.fr/en/intimacy/article/2026/09/19/emma-heming-willis-on-her-husband-bruce-willis-s-illness-once-i-stopped-being-in-denial-we-ve-learned-to-just-navigate-the-disease_6757720_310.html"
"Le Monde (FR)";"FR";"2026-09-20";"Interview   Elsa Conesa Subscribers only'In Germany, what was designed to protect democracy now fuels extremism'  In an interview, Steffen Mau, a sociologist at the Max Planck Institute for the Study of Societies in Germany, discusses how issues of memory and East German identity resonate with the rise of the far right.    9 min read";"https://www.lemonde.fr/en/opinion/article/2026/09/20/in-germany-what-was-designed-to-protect-democracy-now-fuels-extremism_6757728_23.html"
"Le Monde (FR)";"FR";"2026-09-20";"Ed Sheeran says Gaza situation 'unjustifiable' at first show amid Palestinian controversy";"https://www.lemonde.fr/en/culture/article/2026/09/19/ed-sheeran-returns-to-stage-in-first-show-after-palestinian-controversy_6757718_30.html"
"Le Monde (FR)";"FR";"2026-09-20";"Social run clubs are getting more people into running";"https://www.lemonde.fr/en/sports/article/2026/09/20/social-run-clubs-are-getting-more-people-into-running_6757725_9.html"
"Le Monde (FR)";"FR";"2026-09-20";"The lucrative business of reactionary AI-generated posts on Facebook";"https://www.lemonde.fr/en/pixels/article/2026/09/19/the-lucrative-business-of-reactionary-ai-generated-posts-on-facebook_6757721_13.html"
"Le Monde (FR)";"FR";"2026-09-20";"The surprising deradicalization speech of jihadist Othman Garrido, on trial for beheadings in Syria";"https://www.lemonde.fr/en/france/article/2026/09/20/the-surprising-deradicalization-speech-of-jihadist-othman-garrido-on-trial-for-beheadings-in-syria_6757724_7.html"
"Le Monde (FR)";"FR";"2026-09-20";"Cuba works to restore power after another blackout";"https://www.lemonde.fr/en/international/article/2026/09/19/cuba-works-to-restore-power-after-another-blackout_6757722_4.html"
"Le Monde (FR)";"FR";"2026-09-20";"Russia holds parliamentary vote in areas illegally seized from Ukraine";"https://www.lemonde.fr/en/international/article/2026/09/20/russia-holds-parliamentary-vote-in-areas-illegally-seized-from-ukraine_6757723_4.html"
"Le Monde (FR)";"FR";"2026-09-20";"Macron, the 'pope-loving' president, faces strained relations with Vatican ahead of Leo XIV's Paris visit";"https://www.lemonde.fr/en/france/article/2026/09/19/macron-the-pope-loving-president-faces-strained-relations-with-the-vatican-ahead-of-leo-xiv-s-visit-to-paris_6757702_7.html"
"Le Monde (FR)";"FR";"2026-09-20";"Trump administration destabilized by AI surge ahead of Xi Jinping's visit";"https://www.lemonde.fr/en/economy/article/2026/09/19/trump-administration-destabilized-by-ai-surge-ahead-of-xi-jinping-s-visit_6757713_19.html"
"Le Monde (FR)";"FR";"2026-09-20";"Macron makes rare visit to French territory off Canada, where he will host Carney";"https://www.lemonde.fr/en/france/article/2026/09/19/macron-makes-rare-visit-to-french-territory-off-canada-where-he-will-host-carney_6757719_7.html"
"Le Monde (FR)";"FR";"2026-09-20";"Fire erupts near Riyadh airport as Houthis claim strikes";"https://www.lemonde.fr/en/international/article/2026/09/19/black-smoke-flames-rising-near-riyadh-airport-after-saudi-authorities-issue-air-raid-alert_6757716_4.html"
"Le Monde (FR)";"FR";"2026-09-20";"French public debt to reach new record level in 2027, exceeding 120% of GDP";"https://www.lemonde.fr/en/politics/article/2026/09/19/french-public-debt-to-reach-new-record-level-in-2027-exceeding-120-of-gdp_6757714_5.html"
"Le Monde (FR)";"FR";"2026-09-20";"CNN, MS NOW, Politico denied access to White House grounds";"https://www.lemonde.fr/en/international/article/2026/09/19/cnn-ms-now-politico-denied-access-to-white-house-grounds_6757717_4.html"
"Le Monde (FR)";"FR";"2026-09-20";"Profile   Clément Ghys Subscribers onlyA$AP Rocky, the rapper reinventing masculinity  Like many of his peers, the superstar grew up amid poverty and violence. Yet he stands apart in the rap world, rejecting homophobia and misogyny. A Chanel ambassador who embraces being 'Mr. Rihanna', he is both an heir to the tradition of Black dandyism and the embodiment of a masculinity less bound by traditional norms.    14 min read";"https://www.lemonde.fr/en/m-le-mag/article/2026/09/19/a-ap-rocky-the-rapper-reinventing-masculinity_6757695_117.html"
"Le Monde (FR)";"FR";"2026-09-20";"Feature   Philippe Dagen Subscribers onlyAt the Lyon Biennale's 18th edition, art and the economy converse with one another  This edition of the major contemporary art fair, titled 'Passer d'un rêve à l'autre' ('From One Dream to Another'), brings together 120 artists from 42 countries, running until December 13.    4 min read";"https://www.lemonde.fr/en/culture/article/2026/09/19/at-the-18th-lyon-biennale-art-and-the-economy-converse-with-one-another_6757699_30.html"
"Le Monde (FR)";"FR";"2026-09-20";"Review   Sylvie Kerviel Subscribers onlyAt the Guimet Museum in Paris, the Korean art of trompe-l'œil libraries  An exhibition invites visitors to discover a genre of painting that developed on the Korean Peninsula between the 18th and 20th centuries: representations of books and objects painted on folding screens.    3 min read";"https://www.lemonde.fr/en/culture/article/2026/09/19/at-the-guimet-museum-in-paris-the-korean-art-of-trompe-l-il-libraries_6757696_30.html"
"Le Monde (FR)";"FR";"2026-09-20";"Editorial French budget: PM Lecornu's precarious balancing act   Le Monde";"https://www.lemonde.fr/en/opinion/article/2026/09/19/french-budget-pm-lecornu-s-precarious-balancing-act_6757715_23.html"
"Le Monde (FR)";"FR";"2026-09-20";"Editorial The urgent need to regain control over global AI race   Le Monde";"https://www.lemonde.fr/en/opinion/article/2026/09/15/the-urgent-need-to-regain-control-over-global-ai-race_6757554_23.html"
"Le Monde (FR)";"FR";"2026-09-20";"Column Subscribe'Le Pen's return to the spotlight, under Bardella's tense gaze, signals her determination to be the only one in charge'      Françoise Fressoz Columnist";"https://www.lemonde.fr/en/opinion/article/2026/09/15/le-pen-s-return-to-the-spotlight-under-bardella-s-tense-gaze-signals-her-determination-to-be-the-only-one-in-charge_6757563_23.html"
"Le Monde (FR)";"FR";"2026-09-20";"Mary Austin, the quiet custodian of Freddie Mercury's legacy";"https://www.lemonde.fr/en/m-le-mag/article/2026/09/19/mary-austin-the-quiet-custodian-of-freddie-mercury-s-legacy_6757705_117.html"
"Le Monde (FR)";"FR";"2026-09-20";"Trump announces security deal with Greenland, ending dispute with Denmark, EU and NATO";"https://www.lemonde.fr/en/international/article/2026/09/19/trump-announces-security-deal-with-greenland-ending-dispute-with-denmark-eu-and-nato_6757701_4.html"
"Le Monde (FR)";"FR";"2026-09-20";"Charte du Groupe";"https://www.lemonde.fr/actualite-medias/article/2010/11/03/la-charte-d-ethique-et-de-deontologie-du-groupe-le-monde_1434737_3236.html"
"Le Monde (FR)";"FR";"2026-09-20";"Group Policy";"https://www.lemonde.fr/en/about-us/article/2022/04/06/groupe-le-monde-s-code-of-ethics-and-professional-conduct_5979823_115.html"
"Le Monde (FR)";"FR";"2026-09-20";"RSS feed";"https://www.lemonde.fr/en/about-us/article/2026/03/27/le-monde-rss-feeds_6751860_115.html"
"RFI Afrique (FR)";"FR";"2026-09-20";"2026";"https://www.rfi.fr/fr/archives/2026/01/"
"RFI Afrique (FR)";"FR";"2026-09-20";"2025";"https://www.rfi.fr/fr/archives/2025/01/"
"RFI Afrique (FR)";"FR";"2026-09-20";"2024";"https://www.rfi.fr/fr/archives/2024/01/"
"RFI Afrique (FR)";"FR";"2026-09-20";"2023";"https://www.rfi.fr/fr/archives/2023/01/"
"RFI Afrique (FR)";"FR";"2026-09-20";"2022";"https://www.rfi.fr/fr/archives/2022/01/"
"RFI Afrique (FR)";"FR";"2026-09-20";"2021";"https://www.rfi.fr/fr/archives/2021/01/"
"RFI Afrique (FR)";"FR";"2026-09-20";"2020";"https://www.rfi.fr/fr/archives/2020/01/"
"RTL (FR)";"FR";"2026-09-20";"Politique";"https://rtl.fr/actu/politique"
"RTL (FR)";"FR";"2026-09-20";"International";"https://rtl.fr/actu/international"
"RTL (FR)";"FR";"2026-09-20";"Justice et faits divers";"https://rtl.fr/actu/justice-faits-divers"
"RTL (FR)";"FR";"2026-09-20";"Conso";"https://rtl.fr/actu/economie-consommation"
"RTL (FR)";"FR";"2026-09-20";"Food";"https://rtl.fr/actu/food"
"RTL (FR)";"FR";"2026-09-20";"Santé";"https://rtl.fr/actu/bien-etre"
"RTL (FR)";"FR";"2026-09-20";"Société";"https://rtl.fr/actu/debats-societe"
"RTL (FR)";"FR";"2026-09-20";"Tech";"https://rtl.fr/actu/sciences-tech"
"RTL (FR)";"FR";"2026-09-20";"Arts Spectacles";"https://rtl.fr/culture/arts-spectacles"
"RTL (FR)";"FR";"2026-09-20";"Ciné Séries";"https://rtl.fr/culture/cine-series"
"RTL (FR)";"FR";"2026-09-20";"Médias et people";"https://rtl.fr/culture/medias-people"
"RTL (FR)";"FR";"2026-09-20";"Musique";"https://rtl.fr/culture/musique"
"RTL (FR)";"FR";"2026-09-20";"Culture Générale";"https://rtl.fr/culture/culture-generale"
"RTL (FR)";"FR";"2026-09-20";"Humour";"https://rtl.fr/culture/humour"
"RTL (FR)";"FR";"2026-09-20";"Histoire";"https://rtl.fr/culture/histoire"
"RTL (FR)";"FR";"2026-09-20";"Football";"https://rtl.fr/sport/football"
"RTL (FR)";"FR";"2026-09-20";"Autres sports";"https://rtl.fr/sport/autres-sports"
"France Inter (FR)";"FR";"2026-09-20";"Édouard Cortès : ""Ma vie de voyage et dans les arbres est une fuite salutaire""";"https://radiofrance.fr/franceinter/podcasts/le-grand-portrait/le-grand-portrait-du-jeudi-17-septembre-2026-8962445"
"France Inter (FR)";"FR";"2026-09-20";"Aide à mourir : les catholiques entre foi et loi";"https://radiofrance.fr/franceinter/podcasts/interception/interception-le-reportage-du-dimanche-20-septembre-2026-7952747"
"France Inter (FR)";"FR";"2026-09-20";"""Une sorte de liquide de lumière"", Jacqueline Bloch a reçu la médaille d'or du CNRS pour ses travaux sur les polaritons";"https://radiofrance.fr/franceinter/podcasts/l-info-de-france-inter/l-info-de-france-inter-5022318"
"France Inter (FR)";"FR";"2026-09-20";"Joueur, entraîneur puis sélectionneur : les métamorphoses de Zinédine Zidane";"https://radiofrance.fr/franceinter/podcasts/recto-verso/recto-invite-3-du-samedi-19-septembre-2026-2246755"
"France Inter (FR)";"FR";"2026-09-20";"Israël-Palestine : ""Nous sommes complètement au point mort"", déplore Robert Malley, ancien haut fonctionnaire américain";"https://radiofrance.fr/franceinter/podcasts/l-invite-de-7h50/l-invite-de-7h50-du-we-du-vendredi-18-septembre-2026-4505143"
"France Inter (FR)";"FR";"2026-09-20";"Samu Urgences de France appelle à ""agir"" pour ne pas revivre ""l'hiver 2025"" et ""l'été hors norme"" de cette année";"https://radiofrance.fr/franceinter/podcasts/l-invite-de-6h20/la-question-de-6h20-du-vendredi-18-septembre-2026-6715039"
"France Inter (FR)";"FR";"2026-09-20";"Le Canada va-t-il intégrer l'Union européenne ? ""Nous sommes plus forts ensemble"", selon le Premier ministre Mark Carney";"https://radiofrance.fr/franceinter/podcasts/l-info-de-france-inter/l-info-de-france-inter-8485756"
"France Inter (FR)";"FR";"2026-09-20";"La crue meurtrière au Népal a été causée par une instabilité géologique accentuée par le changement climatique";"https://radiofrance.fr/franceinter/podcasts/l-info-de-france-inter/la-crue-meurtriere-au-nepal-a-ete-causee-par-une-instabilite-geologique-accentuee-par-le-changement-climatique-8802756"
"France Inter (FR)";"FR";"2026-09-20";"Le RN a maintenu José Beaurain, un député soupçonné de détournement d'argent public, malgré des alertes internes";"https://radiofrance.fr/franceinter/podcasts/l-info-de-france-inter/derives-presumees-du-depute-jose-beaurain-des-alertes-internes-negligees-par-le-rn-4397309"
"France Inter (FR)";"FR";"2026-09-20";"""Un déchaînement d'atrocités"": Amnesty International accuse l'Iran de crimes contre l'humanité contre son peuple en 2022";"https://radiofrance.fr/franceinter/podcasts/l-info-de-france-inter/iran-9269895"
"France Inter (FR)";"FR";"2026-09-20";"Hommage à Catherine Ringer avec extraits d'interviews et de live sur Inter";"https://radiofrance.fr/franceinter/podcasts/hommage-a/hommage-a-catherine-ringer-du-mardi-15-septembre-2026-1005715"
"France Inter (FR)";"FR";"2026-09-20";"Loi intégrale : la députée Céline Thiébault-Martinez demande une ""clarification"" après les annonces de Sébastien Lecornu";"https://radiofrance.fr/franceinter/podcasts/l-info-de-france-inter/loi-integrale-la-deputee-celine-thiebault-martinez-demande-une-clarification-apres-les-annonces-de-sebastien-lecornu-7403791"
"France Inter (FR)";"FR";"2026-09-20";"Plus petite et à moins de 15.000 euros, la voiture électrique pourrait séduire des millions d'Européens";"https://radiofrance.fr/franceinter/podcasts/l-info-de-france-inter/plus-petite-et-a-moins-de-15-000-euros-la-voiture-electrique-pourrait-seduire-des-millions-d-europeens-8143255"
"France Inter (FR)";"FR";"2026-09-20";"L'info de France Inter";"https://radiofrance.fr/franceinter/podcasts/les-documents-france-inter"
"France Inter (FR)";"FR";"2026-09-20";"Le café reste la boisson la plus consommée au monde après l'eau";"https://radiofrance.fr/franceinter/podcasts/l-info-de-france-inter/le-cafe-reste-la-boisson-la-plus-consommee-au-monde-apres-l-eau-4398090"
"France Inter (FR)";"FR";"2026-09-20";"Réformer les droits de succession, ""une question de justice fiscale, qui renvoie à une justice sociale"" ?";"https://radiofrance.fr/franceinter/podcasts/le-8h20-du-week-end/le-grand-entretien-du-dimanche-20-septembre-2026-5465925"
"France Inter (FR)";"FR";"2026-09-20";"Le 8h20 du week-end";"https://radiofrance.fr/franceinter/podcasts/l-invite-du-week-end"
"France Inter (FR)";"FR";"2026-09-20";"Mélissa-Asli Petit et Alain Jardel";"https://radiofrance.fr/franceinter/podcasts/l-invite-du-13-14/l-invite-du-13-14-du-vendredi-18-septembre-2026-8062200"
"France Inter (FR)";"FR";"2026-09-20";"L'invité du 13/14";"https://radiofrance.fr/franceinter/podcasts/l-invite-du-13h00"
"France Inter (FR)";"FR";"2026-09-20";"Le journal de 8h du week-end";"https://radiofrance.fr/franceinter/podcasts/le-journal-de-8h-du-week-end"
"France Inter (FR)";"FR";"2026-09-20";"""La Maison des os et de la pluie"" de Gabino Iglesias, une sombre histoire de vengeance à Porto Rico";"https://radiofrance.fr/franceinter/podcasts/le-polar-sonne-toujours-2-fois/le-polar-sonne-toujours-2-fois-du-jeudi-17-septembre-2026-2291630"
"France Inter (FR)";"FR";"2026-09-20";"Lilia Hassaine";"https://radiofrance.fr/franceinter/podcasts/rien-ne-s-oppose-a-la-nuit/rien-ne-s-oppose-a-la-nuit-du-lundi-31-aout-2026-3444181"
"France Inter (FR)";"FR";"2026-09-20";"Yannick Haenel : ""La rupture, c'est le début de la vocation""";"https://radiofrance.fr/franceinter/podcasts/le-grand-portrait/le-grand-portrait-du-lundi-07-septembre-2026-9287050"
"France Inter (FR)";"FR";"2026-09-20";"""C'était ça ou mourir"" de Thelyson Orélien, exil et résilience";"https://radiofrance.fr/franceinter/podcasts/le-grand-portrait/le-grand-portrait-du-jeudi-03-septembre-2026-5280607"
"France Inter (FR)";"FR";"2026-09-20";"""Une éclaircie"" de Jean-Baptiste Del Amo : comment son corps a changé son regard sur le monde";"https://radiofrance.fr/franceinter/podcasts/l-invite-de-7h50-du-week-end/l-invite-de-7h50-du-we-du-dimanche-30-aout-2026-2767136"
"France Inter (FR)";"FR";"2026-09-20";"Jean-Philippe Toussaint publie ""La Hantise""";"https://radiofrance.fr/franceinter/podcasts/le-grand-atelier/le-grand-atelier-du-dimanche-30-aout-2026-1560875"
"France Inter (FR)";"FR";"2026-09-20";"Adèle Haenel pour son livre ""Viser juste"" : des mots pour penser le réel";"https://radiofrance.fr/franceinter/podcasts/totemic/totemic-du-vendredi-28-aout-2026-9167302"
"France Inter (FR)";"FR";"2026-09-20";"""À voix haute"" : l'enquête familiale de Polina Panassenko à l'époque de la Russie stalinienne a séduit Le Masque";"https://radiofrance.fr/franceinter/podcasts/le-masque-et-la-plume/a-voix-haute-de-polina-panassenko-2511870"
"France Inter (FR)";"FR";"2026-09-20";"""Ce qui nous frôle sous la surface"" de Colum McCann : le Masque a eu du mal à retenir sa respiration";"https://radiofrance.fr/franceinter/podcasts/le-masque-et-la-plume/ce-qui-nous-frole-sous-la-surface-de-colum-mccann-8357623"
"France Inter (FR)";"FR";"2026-09-20";"""Un sombre été"" de Vera Buck : un thriller au cœur d'un village fantôme de la Sardaigne";"https://radiofrance.fr/franceinter/podcasts/le-polar-sonne-toujours-2-fois/le-polar-sonne-toujours-2-fois-du-jeudi-27-aout-2026-8102938"
"France Inter (FR)";"FR";"2026-09-20";"Saint-Pierre-et-Miquelon : français depuis 1816, l'archipel est un ""caillou"" dans la chaussure de Trump";"https://radiofrance.fr/franceinter/podcasts/histoire-politique/histoires-politiques-du-mercredi-16-septembre-2026-2180330"
"France Inter (FR)";"FR";"2026-09-20";"Histoire politique";"https://radiofrance.fr/franceinter/podcasts/la-question-politique-du-jour"
"France Inter (FR)";"FR";"2026-09-20";"Donald Trump est-il fou ou est-il sénile ?";"https://radiofrance.fr/franceinter/podcasts/geopolitique/geopolitique-du-vendredi-11-septembre-2026-7986074"
"France Inter (FR)";"FR";"2026-09-20";"Géopolitique";"https://radiofrance.fr/franceinter/podcasts/geopolitique"
"France Inter (FR)";"FR";"2026-09-20";"Recto-Verso";"https://radiofrance.fr/franceinter/podcasts/recto-verso"
"France Inter (FR)";"FR";"2026-09-20";"Le 6/9";"https://radiofrance.fr/franceinter/podcasts/le-6-9"
"France Inter (FR)";"FR";"2026-09-20";"Franc-jeu";"https://radiofrance.fr/franceinter/podcasts/franc-jeu"
"France Inter (FR)";"FR";"2026-09-20";"Franche culture";"https://radiofrance.fr/franceinter/podcasts/franche-culture"
"France Inter (FR)";"FR";"2026-09-20";"Les ailes de géant";"https://radiofrance.fr/franceinter/podcasts/les-ailes-de-geant"
"France Inter (FR)";"FR";"2026-09-20";"Le 18/20";"https://radiofrance.fr/franceinter/podcasts/le-18-20"
"France Inter (FR)";"FR";"2026-09-20";"C'est loin mais c'est beau";"https://radiofrance.fr/franceinter/podcasts/c-est-loin-mais-c-est-beau"
"France Inter (FR)";"FR";"2026-09-20";"Le Billet de Thomas Poitevin";"https://radiofrance.fr/franceinter/podcasts/vero-la-gestionnaire-de-communautes"
"France Inter (FR)";"FR";"2026-09-20";"Rien ne s'oppose à la nuit";"https://radiofrance.fr/franceinter/podcasts/rien-ne-s-oppose-a-la-nuit"
"France Inter (FR)";"FR";"2026-09-20";"La chronique de Samuel Jensky";"https://radiofrance.fr/franceinter/podcasts/la-chronique-de-samuel-jensky"
"France Inter (FR)";"FR";"2026-09-20";"La chronique de Camille Tissot";"https://radiofrance.fr/franceinter/podcasts/la-chronique-de-camille-tissot"
"France Inter (FR)";"FR";"2026-09-20";"Nos vies numériques";"https://radiofrance.fr/franceinter/podcasts/nos-vies-numeriques"
"France Inter (FR)";"FR";"2026-09-20";"La Revue de presse";"https://radiofrance.fr/franceinter/podcasts/la-revue-de-presse"
"France Inter (FR)";"FR";"2026-09-20";"Tout va trop vite";"https://radiofrance.fr/franceinter/podcasts/les-histoires-du-monde"
"France Inter (FR)";"FR";"2026-09-20";"Le Billet de Jessé";"https://radiofrance.fr/franceinter/podcasts/la-chronique-de-jesse"
"France Inter (FR)";"FR";"2026-09-20";"L'édito de Dov Alfon";"https://radiofrance.fr/franceinter/podcasts/dov-alfon-en-toute-subjectivite"
"France Inter (FR)";"FR";"2026-09-20";"Soft planète";"https://radiofrance.fr/franceinter/podcasts/soft-planete"
"France Inter (FR)";"FR";"2026-09-20";"Un jeudi soir sur la terre";"https://radiofrance.fr/franceinter/podcasts/un-jeudi-soir-sur-la-terre"
"France Inter (FR)";"FR";"2026-09-20";"Le petit carnet de campagne";"https://radiofrance.fr/franceinter/podcasts/petits-carnets-de-campagne"
"France Inter (FR)";"FR";"2026-09-20";"Chez la belle-famille";"https://radiofrance.fr/franceinter/podcasts/chez-la-belle-famille"
"France Inter (FR)";"FR";"2026-09-20";"Charline à Die";"https://radiofrance.fr/franceinter/podcasts/serie-charline-a-die"
"France Inter (FR)";"FR";"2026-09-20";"En 1830, qu’allaient donc faire les Français en débarquant à Alger ?";"https://radiofrance.fr/franceinter/podcasts/serie-en-1830-qu-allaient-donc-faire-les-francais-en-debarquant-a-alger"
"France Inter (FR)";"FR";"2026-09-20";"Le Masque et la Nouvelle Vague";"https://radiofrance.fr/franceinter/podcasts/serie-le-masque-et-la-nouvelle-vague"
"France Inter (FR)";"FR";"2026-09-20";"Canicules";"https://radiofrance.fr/franceinter/podcasts/serie-canicules"
"France Inter (FR)";"FR";"2026-09-20";"Que s’est-il passé en Europe entre les XIVe et XVIe siècles pour qu’on ose parler de ""Renaissance""  ?";"https://radiofrance.fr/franceinter/podcasts/serie-que-s-est-il-passe-en-europe-entre-les-xive-et-xvie-siecles-pour-qu-on-ose-parler-de-renaissance"
"France Inter (FR)";"FR";"2026-09-20";"Masterclass autour de Jay-Z et de l’album ""The Blueprint""";"https://radiofrance.fr/franceinter/podcasts/masterclass-d-inter/les-masterclass-d-inter-du-vendredi-11-septembre-2026-5317913"
"France Inter (FR)";"FR";"2026-09-20";"""L'invitation"", ""Sham"" et ""La ligne bleue"" : les sorties ciné de la semaine";"https://radiofrance.fr/franceinter/podcasts/cine-mercredi/mercredi-cinema-du-mercredi-16-septembre-2026-4743308"
"France Inter (FR)";"FR";"2026-09-20";"Ciné mercredi";"https://radiofrance.fr/franceinter/podcasts/mercredi-cinema"
"France Inter (FR)";"FR";"2026-09-20";"""Les contrebandiers"", ""Histoires de la nuit"", ""L'invitation"", ""Sham"", quels films faut-il aller voir cette semaine ?";"https://radiofrance.fr/franceinter/podcasts/les-sorties-cinema-de-la-semaine/les-sorties-cinema-de-la-semaine-du-samedi-19-septembre-2026-3332448"
"France Inter (FR)";"FR";"2026-09-20";"Les sorties cinéma de la semaine";"https://radiofrance.fr/franceinter/podcasts/les-sorties-cinema-de-la-semaine"
"France Inter (FR)";"FR";"2026-09-20";"""La Vie d'une femme"", ""Les Survivants du Che"" et ""Pressure"" : les sorties ciné de la semaine";"https://radiofrance.fr/franceinter/podcasts/cine-mercredi/mercredi-cinema-du-mercredi-09-septembre-2026-2879160"
"France Inter (FR)";"FR";"2026-09-20";"Guerre civile en Birmanie : le récit de l'après-Aung San Suu Kyi";"https://radiofrance.fr/franceinter/podcasts/l-info-de-france-inter/guerre-civile-en-birmanie-le-recit-de-l-apres-aung-san-suu-kyi-4840303"
"France Inter (FR)";"FR";"2026-09-20";"Iyad Ag Ghali, le djihadiste qui défie le Mali";"https://radiofrance.fr/franceinter/podcasts/l-info-de-france-inter/iyad-ag-ghali-le-djihadiste-qui-defile-le-mali-4200074"
"France Inter (FR)";"FR";"2026-09-20";"Poutine, le tsar soviétique";"https://radiofrance.fr/franceinter/podcasts/serie-poutine-le-tsar-sovietique"
"France Inter (FR)";"FR";"2026-09-20";"Alfred Dreyfus, le combat de la République";"https://radiofrance.fr/franceinter/podcasts/serie-alfred-dreyfus-le-combat-de-la-republique"
"France Inter (FR)";"FR";"2026-09-20";"Simone de Beauvoir, itinéraire d'une jeune fille rangée";"https://radiofrance.fr/franceinter/podcasts/serie-simone-de-beauvoir-itineraire-d-une-jeune-fille-rangee"
"France Inter (FR)";"FR";"2026-09-20";"Sigmaringen, le crépuscule des bourreaux";"https://radiofrance.fr/franceinter/podcasts/serie-le-crepuscule-des-bourreaux"
"France Inter (FR)";"FR";"2026-09-20";"Mafia - Meurtres et trahisons : histoires de familles";"https://radiofrance.fr/franceinter/podcasts/serie-mafia-meurtres-et-trahisons-histoires-de-familles"
"France Inter (FR)";"FR";"2026-09-20";"Cache-cache";"https://radiofrance.fr/franceinter/podcasts/serie-cache-cache"
"France Inter (FR)";"FR";"2026-09-20";"C'est la rentrée des P'tits Bateaux";"https://radiofrance.fr/franceinter/podcasts/serie-c-est-la-rentree-des-p-tits-bateaux"
"France Inter (FR)";"FR";"2026-09-20";"Tina et les boucliers de Mars";"https://radiofrance.fr/franceinter/podcasts/serie-tina-et-les-boucliers-de-mars"
"France Inter (FR)";"FR";"2026-09-20";"Les aventures du professeur Caillou";"https://radiofrance.fr/franceinter/podcasts/les-aventures-du-professeur-caillou"
"France Inter (FR)";"FR";"2026-09-20";"Bestioles, nouveaux épisodes !";"https://radiofrance.fr/franceinter/podcasts/bestioles"
"France Inter (FR)";"FR";"2026-09-20";"Une histoire et... Oli, nouveaux épisodes !";"https://radiofrance.fr/franceinter/podcasts/une-histoire-et-oli"
"France Inter (FR)";"FR";"2026-09-20";"Les Odyssées, nouveaux épisodes !";"https://radiofrance.fr/franceinter/podcasts/les-odyssees"
"France Inter (FR)";"FR";"2026-09-20";"Mini vulgaire : les véhicules";"https://radiofrance.fr/franceinter/podcasts/serie-mini-vulgaire-les-vehicules"
"France Inter (FR)";"FR";"2026-09-20";"Chuchote-moi une histoire";"https://radiofrance.fr/franceinter/podcasts/chuchote-moi-une-histoire"
"France Inter (FR)";"FR";"2026-09-20";"La censure du roman “Ravages” de Violette Leduc";"https://radiofrance.fr/franceinter/podcasts/affaires-sensibles/affaires-sensibles-du-vendredi-18-septembre-2026-7074194"
"France Inter (FR)";"FR";"2026-09-20";"Affaires sensibles";"https://radiofrance.fr/franceinter/podcasts/affaires-sensibles"
"France Inter (FR)";"FR";"2026-09-20";"L'invité : l’historien Jérôme Bimbenet";"https://radiofrance.fr/franceinter/podcasts/affaires-sensibles/affaires-sensibles-l-invite-du-jeudi-17-septembre-2026-2287183"
"France Inter (FR)";"FR";"2026-09-20";"Leni Riefenstahl, la cinéaste surdouée du régime nazi - Le récit";"https://radiofrance.fr/franceinter/podcasts/affaires-sensibles/affaires-sensibles-le-recit-du-jeudi-17-septembre-2026-5868363"
"France Inter (FR)";"FR";"2026-09-20";"Leni Riefenstahl, une cinéaste problématique - L'intégrale";"https://radiofrance.fr/franceinter/podcasts/affaires-sensibles/affaires-sensibles-du-jeudi-17-septembre-2026-2143729"
"France Inter (FR)";"FR";"2026-09-20";"Le Masque et Patrick Modiano";"https://radiofrance.fr/franceinter/podcasts/serie-le-masque-et-patrick-modiano"
"France Inter (FR)";"FR";"2026-09-20";"Les concerts d'Inter";"https://radiofrance.fr/franceinter/podcasts/les-concerts-d-inter"
"France Inter (FR)";"FR";"2026-09-20";"Révélations";"https://radiofrance.fr/franceinter/podcasts/revelations"
"France Inter (FR)";"FR";"2026-09-20";"Afghanistan, le tourisme sans les femmes";"https://radiofrance.fr/franceinter/podcasts/interception/interception-du-dimanche-08-mars-2026-4136320"
"France Inter (FR)";"FR";"2026-09-20";"Taylor Swift, le monde, ma fille et moi";"https://radiofrance.fr/franceinter/podcasts/taylor-swift-le-monde-ma-fille-et-moi"
"France Inter (FR)";"FR";"2026-09-20";"Les déportés";"https://radiofrance.fr/franceinter/podcasts/serie-les-deportes"
"France Inter (FR)";"FR";"2026-09-20";"Etats-Unis : ce pays qui marie ses enfants";"https://radiofrance.fr/franceinter/podcasts/interception/interception-du-dimanche-05-mars-2023-8505277"
"France Inter (FR)";"FR";"2026-09-20";"Sur les traces d'Ousmane Dembélé";"https://radiofrance.fr/franceinter/podcasts/serie-sur-les-traces-d-ousmane-dembele"
"France Inter (FR)";"FR";"2026-09-20";"Collégiennes à vendre";"https://radiofrance.fr/franceinter/podcasts/interception/interception-du-dimanche-12-octobre-2025-2574397"
"France Inter (FR)";"FR";"2026-09-20";"Le soft-power papal: de la Cène à la scène.";"https://radiofrance.fr/franceinter/podcasts/recto-verso/verso-invite-1-du-dimanche-20-septembre-2026-5353010"
"France Inter (FR)";"FR";"2026-09-20";"La visite du pape à Paris, un documentaire sur Annie Ernaux et le centenaire de Coltrane au programme du Verso.";"https://radiofrance.fr/franceinter/podcasts/recto-verso/verso-du-dimanche-20-septembre-2026-5782618"
"France Inter (FR)";"FR";"2026-09-20";"Les herbes folles,  une entreprise artisanale, végétale et… anti-gaspi !";"https://radiofrance.fr/franceinter/podcasts/le-coup-de-coeur-de-francois-regis-gaudry/le-coup-de-coeur-de-francois-regis-gaudry-du-dimanche-20-septembre-2026-7504882"
"France Inter (FR)";"FR";"2026-09-20";"Le coup de coeur de François-Régis Gaudry";"https://radiofrance.fr/franceinter/podcasts/l-adresse-de-francois-regis-gaudry"
"France Inter (FR)";"FR";"2026-09-20";"""La vie d'une femme, ""L'invitation"", ""Histoires de la nuit""...Que faut-il aller voir au cinéma cette semaine ?";"https://radiofrance.fr/franceinter/podcasts/le-masque-et-la-plume/le-masque-et-la-plume-du-dimanche-20-septembre-2026-6429373"
"France Inter (FR)";"FR";"2026-09-20";"Le Masque et la Plume";"https://radiofrance.fr/franceinter/podcasts/le-masque-et-la-plume"
"France Inter (FR)";"FR";"2026-09-20";"Les jazzkissa japonais, ces lieux de ferveur pour John Coltrane.";"https://radiofrance.fr/franceinter/podcasts/recto-verso/verso-invite-3-du-dimanche-20-septembre-2026-2504160"
"France Inter (FR)";"FR";"2026-09-20";"Annie Ernaux soutient Adèle Haenel, ""d'autant plus que  l'année dernière, j'avais dit qu'Israël commettait un génocide""";"https://radiofrance.fr/franceinter/podcasts/recto-verso/verso-le-grand-entretien-du-dimanche-20-septembre-2026-3627524"
"France Inter (FR)";"FR";"2026-09-20";"En deux mots  par Nicolas Demorand du dimanche 20 septembre 2026";"https://radiofrance.fr/franceinter/podcasts/en-deux-mots/en-deux-mots-par-nicolas-demorand-du-dimanche-20-septembre-2026-5407881"
"France Inter (FR)";"FR";"2026-09-20";"En deux mots";"https://radiofrance.fr/franceinter/podcasts/en-deux-mots"
"France Inter (FR)";"FR";"2026-09-20";"Ouverture d'un procès de six Français accusés de terrorisme en Irak";"https://radiofrance.fr/franceinter/podcasts/geopolitique/geopolitique-du-dimanche-20-septembre-2026-8271748"
"France Inter (FR)";"FR";"2026-09-20";"Comment retrouver de l’enthousiasme ?";"https://radiofrance.fr/franceinter/podcasts/la-question-philo/la-question-philo-du-dimanche-20-septembre-2026-7892142"
"France Inter (FR)";"FR";"2026-09-20";"La Question philo";"https://radiofrance.fr/franceinter/podcasts/la-chronique-de-charles-pepin"
"France Inter (FR)";"FR";"2026-09-20";"Enquête sur un squelette médiéval présentant plus de 160 fractures évoquant celles d'une personne percutée par un train";"https://radiofrance.fr/franceinter/podcasts/la-planete-des-sciences/la-planete-des-sciences-du-dimanche-20-septembre-2026-5296300"
"France Inter (FR)";"FR";"2026-09-20";"La planète des sciences";"https://radiofrance.fr/franceinter/podcasts/la-planete-des-sciences"
"France Inter (FR)";"FR";"2026-09-20";"Pourquoi les requins sont-ils dangereux ?";"https://radiofrance.fr/franceinter/podcasts/les-p-tits-bateaux/les-p-tits-bateaux-du-samedi-19-septembre-2026-7971952"
"France Inter (FR)";"FR";"2026-09-20";"Les P'tits Bateaux";"https://radiofrance.fr/franceinter/podcasts/les-p-tits-bateaux"
"France Inter (FR)";"FR";"2026-09-20";"""À quoi ça sert de faire des jeux vidéo dans un monde qui brûle ?"" : comment les développeurs européens vivent la crise";"https://radiofrance.fr/franceinter/podcasts/l-info-de-france-inter/l-info-de-france-inter-5666360"
"France Inter (FR)";"FR";"2026-09-20";"L’Europe rêve de repartir à la conquête de l’espace";"https://radiofrance.fr/franceinter/podcasts/l-edito-eco-vsd/l-economie-vue-par-leila-abboud-du-dimanche-20-septembre-2026-7341427"
"France Inter (FR)";"FR";"2026-09-20";"L'édito éco VSD";"https://radiofrance.fr/franceinter/podcasts/l-economie-vue-par"
"France Inter (FR)";"FR";"2026-09-20";"L'histoire étonnante liant l’acteur Billy Crystal à la chanteuse Billie Holiday";"https://radiofrance.fr/franceinter/podcasts/la-chronique-de-jean-baptiste-toussaint/chronique-de-jean-baptiste-toussaint-du-samedi-19-septembre-2026-5657329"
"France Inter (FR)";"FR";"2026-09-20";"La chronique de Jean-Baptiste Toussaint";"https://radiofrance.fr/franceinter/podcasts/la-chronique-de-jean-baptiste-toussaint"
"France Inter (FR)";"FR";"2026-09-20";"La polémique de la semaine l’actrice et star internationale : Sydney Sweeney";"https://radiofrance.fr/franceinter/podcasts/conversation/la-conversation-du-samedi-19-septembre-2026-6499796"
"France Inter (FR)";"FR";"2026-09-20";"Conversation";"https://radiofrance.fr/franceinter/podcasts/conversation"
"France Inter (FR)";"FR";"2026-09-20";"Gaspillage alimentaire : les bonnes solutions";"https://radiofrance.fr/franceinter/podcasts/on-va-deguster/on-va-deguster-du-dimanche-20-septembre-2026-9286289"
"France Inter (FR)";"FR";"2026-09-20";"On va déguster";"https://radiofrance.fr/franceinter/podcasts/on-va-deguster"
"France Inter (FR)";"FR";"2026-09-20";"Le piment doux des Landes";"https://radiofrance.fr/franceinter/podcasts/le-marche-de-francois-regis-gaudry/le-marche-de-francois-regis-gaudry-du-dimanche-20-septembre-2026-4978115"
"France Inter (FR)";"FR";"2026-09-20";"Le marché de François-Régis Gaudry";"https://radiofrance.fr/franceinter/podcasts/le-marche-de-francois-regis-gaudry"
"France Inter (FR)";"FR";"2026-09-20";"Alice Guy, la grande oubliée de l'Histoire du cinéma";"https://radiofrance.fr/franceinter/podcasts/delmas-fait-son-cinema/delmas-fait-son-cinema-du-samedi-19-septembre-2026-1070144"
"France Inter (FR)";"FR";"2026-09-20";"Delmas fait son cinéma";"https://radiofrance.fr/franceinter/podcasts/delmas-fait-son-cinema"
"France Inter (FR)";"FR";"2026-09-20";"Est ce qu'il est possible de casser du verre juste avec sa voix comme la Castafiore dans Tintin ?";"https://radiofrance.fr/franceinter/podcasts/les-p-tits-bateaux/les-p-tits-bateaux-du-vendredi-18-septembre-2026-7671219"
"France Inter (FR)";"FR";"2026-09-20";"Une photographie de Marilyn Monroe au naturel, prise par Eve Arnold";"https://radiofrance.fr/franceinter/podcasts/dans-le-detail/alix-van-pee-dans-le-detail-du-samedi-19-septembre-2026-1252048"
"France Inter (FR)";"FR";"2026-09-20";"Dans le détail";"https://radiofrance.fr/franceinter/podcasts/est-ce-bien-raisonnable"
"France Inter (FR)";"FR";"2026-09-20";"Matthieu Lartot et la ""protéine mania""";"https://radiofrance.fr/franceinter/podcasts/franche-culture/franche-culture-du-jeudi-17-septembre-2026-2520328"
"France Inter (FR)";"FR";"2026-09-20";"Pourquoi n'arrivons-nous pas à finir ?";"https://radiofrance.fr/franceinter/podcasts/grand-bien-vous-fasse/grand-bien-vous-fasse-du-jeudi-17-septembre-2026-3343032"
"France Inter (FR)";"FR";"2026-09-20";"Grand bien vous fasse !";"https://radiofrance.fr/franceinter/podcasts/grand-bien-vous-fasse"
"France Inter (FR)";"FR";"2026-09-20";"Cybercriminalité, pluralisme et football français au programme ce samedi.";"https://radiofrance.fr/franceinter/podcasts/recto-verso/recto-du-samedi-19-septembre-2026-8929717"
"France Inter (FR)";"FR";"2026-09-20";"Le Boléro de Ravel dur l'emblématique Place du Parlement à Bordeaux";"https://radiofrance.fr/franceinter/podcasts/les-rendez-vous-d-anna/classic-n-co-du-dimanche-20-septembre-2026-5928944"
"France Inter (FR)";"FR";"2026-09-20";"classic & co";"https://radiofrance.fr/franceinter/podcasts/classic-co"
"France Culture (FR)";"FR";"2026-09-20";"Quand la gastronomie s'invite à la table de la diplomatie internationale";"https://radiofrance.fr/franceculture/podcasts/les-bonnes-choses/le-monde-a-table-2814462"
"France Culture (FR)";"FR";"2026-09-20";"1933 : comment les élites se sont converties au nazisme";"https://radiofrance.fr/franceculture/podcasts/questions-du-soir-l-idee/1933-comment-les-elites-se-sont-converties-au-nazisme-5016292"
"France Culture (FR)";"FR";"2026-09-20";"Les publics des musées, visiteurs ou acteurs ?";"https://radiofrance.fr/franceculture/podcasts/l-art-est-la-matiere/les-publics-des-musees-visiteurs-ou-acteurs-2130339"
"France Culture (FR)";"FR";"2026-09-20";"L'Art est la matière";"https://radiofrance.fr/franceculture/podcasts/l-art-est-la-matiere"
"France Culture (FR)";"FR";"2026-09-20";"Descartes : réinventons l’école !";"https://radiofrance.fr/franceculture/podcasts/les-philosophes-prennent-le-pouvoir/descartes-reinventons-l-ecole-5786203"
"France Culture (FR)";"FR";"2026-09-20";"“Vivre et écrire sont pour moi très synonymes” : Annie Ernaux est l'invitée des Matins";"https://radiofrance.fr/franceculture/podcasts/l-invite-e-des-matins/vivre-et-ecrire-est-pour-moi-tres-synonyme-annie-ernaux-est-l-invitee-des-matins-5480289"
"France Culture (FR)";"FR";"2026-09-20";"Russie : les élections et la guerre";"https://radiofrance.fr/franceculture/podcasts/affaires-etrangeres/russie-les-elections-et-la-guerre-6279532"
"France Culture (FR)";"FR";"2026-09-20";"L’État a-t-il encore les moyens d’affronter la crise qui vient ?";"https://radiofrance.fr/franceculture/podcasts/questions-du-soir-le-debat/l-etat-a-t-il-encore-les-moyens-d-affronter-la-crise-qui-vient-9854243"
"France Culture (FR)";"FR";"2026-09-20";"L'École normale supérieure est-elle sous influence ?";"https://radiofrance.fr/franceculture/podcasts/le-reportage-de-la-redaction/l-ecole-normale-superieure-est-elle-sous-influence-6689404"
"France Culture (FR)";"FR";"2026-09-20";"Violences sexistes et sexuelles : la France en retard sur le droit européen";"https://radiofrance.fr/franceculture/podcasts/les-chantiers-de-la-recherche/violences-sexistes-et-sexuelles-la-france-en-retard-sur-le-droit-europeen-8049847"
"France Culture (FR)";"FR";"2026-09-20";"Moi aussi je vais partir";"https://radiofrance.fr/franceculture/podcasts/la-serie-fiction/moi-aussi-je-vais-partir-5776230"
"France Culture (FR)";"FR";"2026-09-20";"Crise politique en RDC : ""L'Histoire se répète""";"https://radiofrance.fr/franceculture/podcasts/la-revue-de-presse-internationale/crise-politique-en-rdc-l-histoire-se-repete-7190448"
"France Culture (FR)";"FR";"2026-09-20";"La Revue de presse internationale";"https://radiofrance.fr/franceculture/podcasts/revue-de-presse-internationale"
"France Culture (FR)";"FR";"2026-09-20";"En Russie, des élections législatives sous contrôle du Kremlin";"https://radiofrance.fr/franceculture/podcasts/les-enjeux-internationaux/en-russie-la-guerre-au-coeur-d-elections-legislatives-sous-controle-du-kremlin-9520118"
"France Culture (FR)";"FR";"2026-09-20";"Les Enjeux internationaux";"https://radiofrance.fr/franceculture/podcasts/les-enjeux-internationaux"
"France Culture (FR)";"FR";"2026-09-20";"Ormuz, une onde de choc mondiale sur les marchés de l'énergie";"https://radiofrance.fr/franceculture/podcasts/le-journal-de-l-eco/ormuz-une-onde-de-choc-mondiale-sur-les-marches-de-l-energie-2532544"
"France Culture (FR)";"FR";"2026-09-20";"Le Journal de l'éco";"https://radiofrance.fr/franceculture/podcasts/le-journal-de-l-eco"
"France Culture (FR)";"FR";"2026-09-20";"Boîte à marmotte, fossiles de coquillages, chaussure : visite insolite du musée Carnavalet";"https://radiofrance.fr/franceculture/podcasts/l-info-culturelle-reportages-enquetes-analyses/boite-a-marmotte-fossiles-de-coquillages-chaussure-visite-insolite-du-musee-carnavalet-7981548"
"France Culture (FR)";"FR";"2026-09-20";"L'Info culturelle : reportages, enquêtes, analyses";"https://radiofrance.fr/franceculture/podcasts/l-actualite-culturelle-reportages-enquetes-analyses"
"France Culture (FR)";"FR";"2026-09-20";"Journal de 10h";"https://radiofrance.fr/franceculture/podcasts/journal-de-10h"
"France Culture (FR)";"FR";"2026-09-20";"Tuer la mère, sauver sa peau, avec Louise Chennevière";"https://radiofrance.fr/franceculture/podcasts/le-book-club/tuer-la-mere-sauver-sa-peau-avec-louise-chenneviere-3624540"
"France Culture (FR)";"FR";"2026-09-20";"Phœbe Hadjimarkos Clarke, écrivaine : “Il m’est impossible d’écrire un roman sans fantastique déguisé”";"https://radiofrance.fr/franceculture/podcasts/les-midis-de-culture-l-invite-e/phoebe-hadjimarkos-clarke-traverse-les-frontieres-avec-le-livre-des-souterrains-1020724"
"France Culture (FR)";"FR";"2026-09-20";"L'or du démon : rencontre avec Ian McGuire";"https://radiofrance.fr/franceculture/podcasts/mauvais-genres/l-or-du-demon-rencontre-avec-ian-mcguire-9391974"
"France Culture (FR)";"FR";"2026-09-20";"Kae Tempest : retour au roman";"https://radiofrance.fr/franceculture/podcasts/le-book-club/kae-tempest-retour-au-roman-2794282"
"France Culture (FR)";"FR";"2026-09-20";"""Nous aussi"" d'Anne Godard : la force du ""on""";"https://radiofrance.fr/franceculture/podcasts/le-regard-culturel/le-regard-culturel-chronique-du-mercredi-09-septembre-2026-5280197"
"France Culture (FR)";"FR";"2026-09-20";"Antoine Volodine et les 11 romans d'Infernus Johannes : le post-exotisme, bouquet final";"https://radiofrance.fr/franceculture/podcasts/mauvais-genres/operation-volodine-le-post-exotisme-bouquet-final-1076220"
"France Culture (FR)";"FR";"2026-09-20";"""Debout dans tes rêves"" d'Abdellah Taïa, une histoire d'amitié";"https://radiofrance.fr/franceculture/podcasts/le-book-club/promesses-avec-abdellah-taia-4947356"
"France Culture (FR)";"FR";"2026-09-20";"""Mais que fait ce sang sur le pull de Jennifer ?"" de Lucie Rico, ou l’obsession d’une phrase inachevée";"https://radiofrance.fr/franceculture/podcasts/le-book-club/lucie-rico-ou-l-obsession-d-une-phrase-inachevee-4284547"
"France Culture (FR)";"FR";"2026-09-20";"Écrire l’inceste selon Daria Marx dans ""Tuer le vieux""";"https://radiofrance.fr/franceculture/podcasts/les-midis-de-culture/tuer-le-vieux-ecrire-l-inceste-selon-daria-marx-8396852"
"France Culture (FR)";"FR";"2026-09-20";"Premier roman : ""Abdallah Superstar"", un conte électro entre la France et Djibouti";"https://radiofrance.fr/franceculture/podcasts/l-invite-e-des-matins-d-ete/abdallah-superstar-un-conte-electro-entre-la-france-et-djibouti-3189093"
"France Culture (FR)";"FR";"2026-09-20";"Emmanuel Macron à Saint-Pierre-et-Miquelon avec le 1er ministre canadien pour réaffirmer la souveraineté des Nations";"https://radiofrance.fr/franceculture/podcasts/journal-de-9h/emmanuel-macron-a-saint-pierre-et-miquelon-avec-le-1er-ministre-canadien-pour-reaffirmer-la-souverainete-des-nations-2323760"
"France Culture (FR)";"FR";"2026-09-20";"Journal de 9h";"https://radiofrance.fr/franceculture/podcasts/journal-de-9h"
"France Culture (FR)";"FR";"2026-09-20";"Grand Angle";"https://radiofrance.fr/franceculture/podcasts/grand-angle-de-plan-large"
"France Culture (FR)";"FR";"2026-09-20";"Classe créative : le manager de la semaine";"https://radiofrance.fr/franceculture/podcasts/classe-creative-le-manager-de-la-semaine"
"France Culture (FR)";"FR";"2026-09-20";"Les Clés de l'enfance";"https://radiofrance.fr/franceculture/podcasts/des-cles-de-l-education"
"France Culture (FR)";"FR";"2026-09-20";"Les Mystères des lieux";"https://radiofrance.fr/franceculture/podcasts/les-mysteres-des-lieux"
"France Culture (FR)";"FR";"2026-09-20";"Le Film de la semaine";"https://radiofrance.fr/franceculture/podcasts/le-film-de-la-semaine-de-plan-large"
"France Culture (FR)";"FR";"2026-09-20";"Le Point culture XXL : l'agenda";"https://radiofrance.fr/franceculture/podcasts/le-point-culture-xxl-l-agenda"
"France Culture (FR)";"FR";"2026-09-20";"Au nom du droit";"https://radiofrance.fr/franceculture/podcasts/au-nom-du-droit"
"France Culture (FR)";"FR";"2026-09-20";"Questions du soir : le débat";"https://radiofrance.fr/franceculture/podcasts/le-temps-du-debat"
"France Culture (FR)";"FR";"2026-09-20";"Les Midis de Culture";"https://radiofrance.fr/franceculture/podcasts/les-midis-de-culture"
"France Culture (FR)";"FR";"2026-09-20";"Avec philosophie";"https://radiofrance.fr/franceculture/podcasts/avec-philosophie"
"France Culture (FR)";"FR";"2026-09-20";"Le Point idées : le journal des sciences sociales";"https://radiofrance.fr/franceculture/podcasts/le-point-idees"
"France Culture (FR)";"FR";"2026-09-20";"Les Matins";"https://radiofrance.fr/franceculture/podcasts/les-matins"
"France Culture (FR)";"FR";"2026-09-20";"Questions du soir : l'idée";"https://radiofrance.fr/franceculture/podcasts/l-idee-questions-du-soir"
"France Culture (FR)";"FR";"2026-09-20";"La Science, CQFD";"https://radiofrance.fr/franceculture/podcasts/la-science-cqfd"
"France Culture (FR)";"FR";"2026-09-20";"Désobéissance, s'empotager et pouillot véloce avec Catherine Meurisse";"https://radiofrance.fr/franceculture/podcasts/comme-un-samedi/desobeissance-s-empotager-et-pouillot-veloce-avec-catherine-meurisse-5457563"
"France Culture (FR)";"FR";"2026-09-20";"Confucius, un savoir-être sans confusion";"https://radiofrance.fr/franceculture/podcasts/serie-confucius-un-savoir-etre-sans-confusion"
"France Culture (FR)";"FR";"2026-09-20";"Photographie, objectif patrimoine";"https://radiofrance.fr/franceculture/podcasts/serie-photographie-objectif-patrimoine"
"France Culture (FR)";"FR";"2026-09-20";"Banier, pour quelques millions de plus";"https://radiofrance.fr/franceculture/podcasts/serie-banier-pour-quelques-millions-de-plus"
"France Culture (FR)";"FR";"2026-09-20";"Prévenir le suicide";"https://radiofrance.fr/franceculture/podcasts/serie-prevenir-le-suicide"
"France Culture (FR)";"FR";"2026-09-20";"""L'Enfer"" de Dante, voyage au centre de soi-même";"https://radiofrance.fr/franceculture/podcasts/serie-l-enfer-de-dante"
"France Culture (FR)";"FR";"2026-09-20";"En campagne";"https://radiofrance.fr/franceculture/podcasts/serie-en-campagne"
"France Culture (FR)";"FR";"2026-09-20";"Genève, Venise, Nice, Paris — Le Bon Plaisir de Michel Butor";"https://radiofrance.fr/franceculture/podcasts/le-bon-plaisir/geneve-venise-nice-paris-le-bon-plaisir-de-michel-butor-8894475"
"France Culture (FR)";"FR";"2026-09-20";"""Le Grand Monde"" de Pierre Lemaitre";"https://radiofrance.fr/franceculture/podcasts/serie-le-grand-monde-de-pierre-lemaitre"
"France Culture (FR)";"FR";"2026-09-20";"Religieuses, des histoires de sœurs";"https://radiofrance.fr/franceculture/podcasts/serie-religieuses-des-histoires-de-soeurs"
"France Culture (FR)";"FR";"2026-09-20";"""La Vie d'une femme"" : pas vraiment au bord de la crise de nerfs";"https://radiofrance.fr/franceculture/podcasts/le-regard-culturel/le-regard-culturel-chronique-du-jeudi-10-septembre-2026-9950081"
"France Culture (FR)";"FR";"2026-09-20";"Le Regard culturel";"https://radiofrance.fr/franceculture/podcasts/la-critique"
"France Culture (FR)";"FR";"2026-09-20";"L'Ardèche, le temps des communautés";"https://radiofrance.fr/franceculture/podcasts/serie-l-ardeche-le-temps-des-communautes"
"France Culture (FR)";"FR";"2026-09-20";"Au pays des songes, 2001-2026 (Israël-Palestine, archives oniriques)";"https://radiofrance.fr/franceculture/podcasts/serie-au-pays-des-songes-2001-2026-israel-palestine-archives-oniriques"
"France Culture (FR)";"FR";"2026-09-20";"François d'Assise, la sainteté est un sport de combat";"https://radiofrance.fr/franceculture/podcasts/serie-francois-d-assise-la-saintete-est-un-sport-de-combat"
"France Culture (FR)";"FR";"2026-09-20";"Les 2Be3 : étoiles filantes";"https://radiofrance.fr/franceculture/podcasts/serie-les-2be3-etoiles-filantes"
"France Culture (FR)";"FR";"2026-09-20";"Verdun 1916, au cœur d'une guerre totale";"https://radiofrance.fr/franceculture/podcasts/serie-verdun-1916-au-coeur-d-une-guerre-totale"
"France Culture (FR)";"FR";"2026-09-20";"La Joconde sort du silence";"https://radiofrance.fr/franceculture/podcasts/serie-la-joconde-sort-du-silence"
"France Culture (FR)";"FR";"2026-09-20";"Troubles dys : des vies à inventer";"https://radiofrance.fr/franceculture/podcasts/serie-troubles-dys-des-vies-a-inventer"
"France Culture (FR)";"FR";"2026-09-20";"Habiba Msika (1903-1930), une artiste libre aux multiples talents";"https://radiofrance.fr/franceculture/podcasts/toute-une-vie/habiba-msika-une-artiste-libre-aux-multiples-talents-6978561"
"France Culture (FR)";"FR";"2026-09-20";"Hans le Malin, le cheval qui savait lire et compter";"https://radiofrance.fr/franceculture/podcasts/serie-hans-le-malin-le-cheval-qui-savait-lire-et-compter"
"France Culture (FR)";"FR";"2026-09-20";"Les ultras de la collaboration";"https://radiofrance.fr/franceculture/podcasts/serie-les-ultras-de-la-collaboration"
"France Culture (FR)";"FR";"2026-09-20";"Catholiques de France, la tentation radicale";"https://radiofrance.fr/franceculture/podcasts/serie-catholiques-de-france-la-tentation-radicale"
"France Culture (FR)";"FR";"2026-09-20";"L'effet chat";"https://radiofrance.fr/franceculture/podcasts/serie-l-effet-chat"
"France Culture (FR)";"FR";"2026-09-20";"La trilogie des ""J'ai trop..."" de David Lescot";"https://radiofrance.fr/franceculture/podcasts/serie-la-trilogie-des-j-ai-trop-de-david-lescot"
"France Culture (FR)";"FR";"2026-09-20";"""Les Malheurs de Sophie, une comédie musicale"" de Sabine Zovighian et Michael Liot - Saison 2";"https://radiofrance.fr/franceculture/podcasts/serie-les-malheurs-de-sophie-une-comedie-musicale-de-sabine-zovighian-et-michael-liot-saison-2"
"France Culture (FR)";"FR";"2026-09-20";"""Le Petit Chaperon rouge"" de Pierre Senges, d’après le conte de Charles Perrault";"https://radiofrance.fr/franceculture/podcasts/fictions-theatre-et-cie/le-petit-chaperon-rouge-concert-fiction-de-pierre-senges-d-apres-le-conte-de-charles-perrault-1991892"
"France Culture (FR)";"FR";"2026-09-20";"Le Trésor de Rackham le Rouge : les Aventures de Tintin";"https://radiofrance.fr/franceculture/podcasts/serie-le-tresor-de-rackham-le-rouge-les-aventures-de-tintin"
"France Culture (FR)";"FR";"2026-09-20";"Alzheimer : comment faire face ?";"https://radiofrance.fr/franceculture/podcasts/serie-alzheimer-comment-faire-face"
"France Culture (FR)";"FR";"2026-09-20";"Fiction Lab";"https://radiofrance.fr/franceculture/podcasts/fictions-samedi-noir"
"France Culture (FR)";"FR";"2026-09-20";"LSD, la série documentaire";"https://radiofrance.fr/franceculture/podcasts/lsd-la-serie-documentaire"
"France Culture (FR)";"FR";"2026-09-20";"L'Instant poésie";"https://radiofrance.fr/franceculture/podcasts/l-instant-poesie"
"France Culture (FR)";"FR";"2026-09-20";"Des tatouages particuliers";"https://radiofrance.fr/franceculture/podcasts/les-pieds-sur-terre/des-tatouages-particuliers-4256770"
"France Culture (FR)";"FR";"2026-09-20";"Les Pieds sur terre";"https://radiofrance.fr/franceculture/podcasts/les-pieds-sur-terre"
"France Culture (FR)";"FR";"2026-09-20";"Tous égaux quand on a chaud ?";"https://radiofrance.fr/franceculture/podcasts/les-pieds-sur-terre/tous-egaux-quand-on-a-chaud-4385604"
"France Culture (FR)";"FR";"2026-09-20";"Les nouveaux réservistes";"https://radiofrance.fr/franceculture/podcasts/les-pieds-sur-terre/les-nouveaux-reservistes-7883240"
"France Culture (FR)";"FR";"2026-09-20";"Le bal du collège de Plestin-les-Grèves 2";"https://radiofrance.fr/franceculture/podcasts/les-pieds-sur-terre/le-bal-du-college-de-plestin-les-greves-2-1684626"
"France Culture (FR)";"FR";"2026-09-20";"Héroïne, le temps des seringues";"https://radiofrance.fr/franceculture/podcasts/serie-heroine-le-temps-des-seringues"
"France Culture (FR)";"FR";"2026-09-20";"Même pas mort";"https://radiofrance.fr/franceculture/podcasts/serie-meme-pas-mort"
"France Culture (FR)";"FR";"2026-09-20";"""Les Eloignés"" de Sophie Maurer";"https://radiofrance.fr/franceculture/podcasts/serie-les-eloignes-de-sophie-maurer"
"France Culture (FR)";"FR";"2026-09-20";"Vie de chien";"https://radiofrance.fr/franceculture/podcasts/serie-vie-de-chien"
"France Culture (FR)";"FR";"2026-09-20";"Mes années Boum, une enquête algérienne";"https://radiofrance.fr/franceculture/podcasts/serie-mes-annees-boum-une-enquete-algerienne"
"France Culture (FR)";"FR";"2026-09-20";"Concert-fiction : Blanche-Neige & sortilèges";"https://radiofrance.fr/franceculture/podcasts/fictions-theatre-et-cie/concert-fiction-blanche-neige-sortileges-3143340"
"France Culture (FR)";"FR";"2026-09-20";"Le journal de ma vie";"https://radiofrance.fr/franceculture/podcasts/serie-le-journal-de-ma-vie"
"France Culture (FR)";"FR";"2026-09-20";"""L'Homme invisible"" de H. G. Wells";"https://radiofrance.fr/franceculture/podcasts/serie-l-homme-invisible-de-h-g-wells"
"France Culture (FR)";"FR";"2026-09-20";"""AfficheTonEx"" de Romain Weber et Constance Vilanova";"https://radiofrance.fr/franceculture/podcasts/serie-affichetonex-ecrit-par-romain-weber"
"France Culture (FR)";"FR";"2026-09-20";"Fureurs";"https://radiofrance.fr/franceculture/podcasts/serie-fureurs"
"France Culture (FR)";"FR";"2026-09-20";"Nicéphore Niépce : sur les pas de l'inventeur français de la photographie";"https://radiofrance.fr/franceculture/podcasts/l-info-culturelle-reportages-enquetes-analyses/nicephore-niepce-sur-les-pas-de-l-inventeur-francais-de-la-photographie-6667801"
"France Culture (FR)";"FR";"2026-09-20";"Rentrée littéraire : le verdict des libraires";"https://radiofrance.fr/franceculture/podcasts/le-point-culture-xxl-l-entretien/rentree-litteraire-le-verdict-des-libraires-1280810"
"France Culture (FR)";"FR";"2026-09-20";"Le Point culture";"https://radiofrance.fr/franceculture/podcasts/affaire-en-cours"
"France Culture (FR)";"FR";"2026-09-20";"L'agenda culturel de la semaine avec l'écrivain Thélyson Orélien";"https://radiofrance.fr/franceculture/podcasts/le-point-culture-xxl-l-agenda/l-agenda-culturel-de-la-semaine-avec-l-ecrivain-thelyson-orelien-3337565"
"France Culture (FR)";"FR";"2026-09-20";"Les finances, l’argent et les femmes";"https://radiofrance.fr/franceculture/podcasts/divers-aspects-de-la-pensee-contemporaine/les-finances-l-argent-et-les-femmes-8588308"
"France Culture (FR)";"FR";"2026-09-20";"Divers aspects de la pensée contemporaine";"https://radiofrance.fr/franceculture/podcasts/divers-aspects-de-la-pensee-contemporaine"
"France Culture (FR)";"FR";"2026-09-20";"Retrouver la parole, retrouver l’humain";"https://radiofrance.fr/franceculture/podcasts/solae-le-rendez-vous-protestant/retrouver-la-parole-retrouver-l-humain-7520611"
"France Culture (FR)";"FR";"2026-09-20";"Solaé, le rendez-vous protestant";"https://radiofrance.fr/franceculture/podcasts/service-protestant"
"France Culture (FR)";"FR";"2026-09-20";"Éphrem de Philothéou et d'Arizona";"https://radiofrance.fr/franceculture/podcasts/orthodoxie/ephrem-de-philotheou-et-d-arizona-7129502"
"France Culture (FR)";"FR";"2026-09-20";"Orthodoxie";"https://radiofrance.fr/franceculture/podcasts/orthodoxie"
"France Culture (FR)";"FR";"2026-09-20";"Chagall et le sens de la fête";"https://radiofrance.fr/franceculture/podcasts/talmudiques/chagall-et-le-sens-de-la-fete-2580836"
"France Culture (FR)";"FR";"2026-09-20";"Talmudiques";"https://radiofrance.fr/franceculture/podcasts/talmudiques"
"France Culture (FR)";"FR";"2026-09-20";"Vladimir Poutine est-il ""désespéré"" après 4 ans et demi de guerre ? / Blocage de Bab-el-Mandeb : quelles conséquences ?";"https://radiofrance.fr/franceculture/podcasts/l-esprit-public/vladimir-poutine-est-il-desespere-apres-4-ans-et-demi-de-guerre-blocage-de-bab-el-mandeb-quelles-consequences-1289394"
"France Culture (FR)";"FR";"2026-09-20";"L'Esprit public";"https://radiofrance.fr/franceculture/podcasts/l-esprit-public"
"France Culture (FR)";"FR";"2026-09-20";"Averroès, neuf siècles d’histoire";"https://radiofrance.fr/franceculture/podcasts/questions-d-islam/averroes-neuf-siecles-d-histoire-1215499"
"France Culture (FR)";"FR";"2026-09-20";"Questions d'islam";"https://radiofrance.fr/franceculture/podcasts/questions-d-islam"
"France Culture (FR)";"FR";"2026-09-20";"Le Congrès des écrivains et artistes noirs de 1956, un héritage vivant";"https://radiofrance.fr/franceculture/podcasts/les-nuits-de-france-culture/le-congres-des-ecrivains-et-artistes-noirs-de-1956-un-heritage-vivant-8550123"
"France Culture (FR)";"FR";"2026-09-20";"Les Nuits de France Culture";"https://radiofrance.fr/franceculture/podcasts/les-nuits-de-france-culture"
"France Culture (FR)";"FR";"2026-09-20";"Alioune Diop, fondateur de ""Présence africaine"" : une voix qui rassemble";"https://radiofrance.fr/franceculture/podcasts/les-nuits-de-france-culture/alioune-diop-fondateur-de-presence-africaine-une-voix-qui-rassemble-3925460"
"France Culture (FR)";"FR";"2026-09-20";"Frantz Fanon, ""Racisme et culture""";"https://radiofrance.fr/franceculture/podcasts/les-nuits-de-france-culture/frantz-fanon-racisme-et-culture-2703342"
"France Culture (FR)";"FR";"2026-09-20";"L'espèce humaine doit-elle retourner dans les arbres ?";"https://radiofrance.fr/franceculture/podcasts/l-invite-e-des-matins-d-apres/l-espece-humaine-doit-elle-retourner-dans-les-arbres-1316743"
"France Culture (FR)";"FR";"2026-09-20";"L'Invité(e) des Matins d'après";"https://radiofrance.fr/franceculture/podcasts/l-invite-e-de-et-maintenant"
"France Culture (FR)";"FR";"2026-09-20";"Le cargo à voile va-t-il décarboner le transport maritime ?";"https://radiofrance.fr/franceculture/podcasts/l-invention/le-cargo-a-voile-va-t-il-decarboner-le-transport-maritime-3144929"
"France Culture (FR)";"FR";"2026-09-20";"L'Invention";"https://radiofrance.fr/franceculture/podcasts/l-invention"
"France Culture (FR)";"FR";"2026-09-20";"Vladimir Poutine est-il ""désespéré"" après 4 ans et demi de guerre ?";"https://radiofrance.fr/franceculture/podcasts/l-esprit-public/vladimir-poutine-est-il-desespere-apres-4-ans-et-demi-de-guerre-8737070"
"France Culture (FR)";"FR";"2026-09-20";"Ventriloque. Un jour leur ventre a parlé";"https://radiofrance.fr/franceculture/podcasts/l-experience/ventriloque-un-jour-leur-ventre-a-parle-6288010"
"France Culture (FR)";"FR";"2026-09-20";"L'Expérience";"https://radiofrance.fr/franceculture/podcasts/l-experience"
"France Culture (FR)";"FR";"2026-09-20";"Orgasme : un plaisir caché dans l'histoire des sciences";"https://radiofrance.fr/franceculture/podcasts/sciences-chrono/orgasme-la-petite-mort-dans-l-angle-mort-de-l-histoire-des-sciences-4564893"
"France Culture (FR)";"FR";"2026-09-20";"Sciences chrono";"https://radiofrance.fr/franceculture/podcasts/sciences-chrono"
"France Culture (FR)";"FR";"2026-09-20";"""Présence africaine"", une histoire des lettres noires";"https://radiofrance.fr/franceculture/podcasts/les-nuits-de-france-culture/presence-africaine-une-histoire-des-lettres-noires-9565926"
"France Culture (FR)";"FR";"2026-09-20";"1956 : Paris, les droits civiques et les écrivains noirs américains";"https://radiofrance.fr/franceculture/podcasts/les-nuits-de-france-culture/1956-paris-les-droits-civiques-et-les-ecrivains-noirs-americains-5308821"
"France Culture (FR)";"FR";"2026-09-20";"Trente ans après le premier Congrès des écrivains et artistes noirs";"https://radiofrance.fr/franceculture/podcasts/les-nuits-de-france-culture/trente-ans-apres-le-premier-congres-des-ecrivains-et-artistes-noirs-2883874"
"France Culture (FR)";"FR";"2026-09-20";"Présentation - 70 ans du congrès des écrivains et artistes noirs à la Sorbonne";"https://radiofrance.fr/franceculture/podcasts/les-nuits-de-france-culture/presentation-70-ans-du-congres-des-ecrivains-et-artistes-noirs-a-la-sorbonne-1ere-diffusion-20-09-2026-6803748"
"ARTE (FR)";"FR";"2026-09-20";"Guide TV";"https://www.arte.tv/fr/guide/"
"ARTE (FR)";"FR";"2026-09-20";"[Vidéo/Article] La Derniere Heure";"https://www.arte.tv/fr/videos/RC-028079/la-derniere-heure/"
"ARTE (FR)";"FR";"2026-09-20";"En intégralitéLa dernière heureLa dernière heureUn huit-clos familialA peine arrivée dans son pays d’origine, Billie doit fuir. Elle a une heure pour percer ses secrets familiaux.Série";"https://www.arte.tv/fr/videos/RC-028079/la-derniere-heure/"
"ARTE (FR)";"FR";"2026-09-20";"Regarder";"https://www.arte.tv/fr/videos/RC-028079/la-derniere-heure/"
"ARTE (FR)";"FR";"2026-09-20";"Info";"https://www.arte.tv/fr/videos/info-et-societe/"
"ARTE (FR)";"FR";"2026-09-20";"Documentaires";"https://www.arte.tv/fr/videos/documentaires-et-reportages/"
"ARTE (FR)";"FR";"2026-09-20";"Séries";"https://www.arte.tv/fr/videos/series-et-fictions/"
"ARTE (FR)";"FR";"2026-09-20";"Émissions";"https://www.arte.tv/fr/videos/emissions/"
"ARTE (FR)";"FR";"2026-09-20";"Concert";"https://www.arte.tv/fr/videos/132676-000-A/raye-guests/"
"ARTE (FR)";"FR";"2026-09-20";"Raye & guestsAu Montreux Jazz Festival 2026À l'occasion de la 60e édition du Montreux Jazz Festival, Raye invite sur scène plusieurs stars internationales de la pop.115 minConcertSous-titres. Sous-titresVersion originale. Version originale";"https://www.arte.tv/fr/videos/132676-000-A/raye-guests/"
"ARTE (FR)";"FR";"2026-09-20";"Regarder";"https://www.arte.tv/fr/videos/132676-000-A/raye-guests/"
"ARTE (FR)";"FR";"2026-09-20";"Bande-annonce";"https://www.arte.tv/fr/videos/132676-000-A/?trailer=true"
"ARTE (FR)";"FR";"2026-09-20";"Concert";"https://www.arte.tv/fr/videos/134165-001-A/yael-naim-orange-blossom-et-robinson-khoury/"
"ARTE (FR)";"FR";"2026-09-20";"Les Concerts VolantsNouvelle soirée tout en couleursYael Naim, Orange Blossom et Robinson Khoury : trois univers musicaux métissés pour ce voyage avec les Concerts Volants.127 minConcert";"https://www.arte.tv/fr/videos/134165-001-A/yael-naim-orange-blossom-et-robinson-khoury/"
"ARTE (FR)";"FR";"2026-09-20";"Regarder";"https://www.arte.tv/fr/videos/134165-001-A/yael-naim-orange-blossom-et-robinson-khoury/"
"ARTE (FR)";"FR";"2026-09-20";"Série";"https://www.arte.tv/fr/videos/RC-024574/de-grace/"
"ARTE (FR)";"FR";"2026-09-20";"De grâceAvec Olivier Gourmet et Panayotis PascotUne tragédie familiale dans l’univers des dockers du Havre. Avec Olivier Gourmet.Série";"https://www.arte.tv/fr/videos/RC-024574/de-grace/"
"ARTE (FR)";"FR";"2026-09-20";"Regarder";"https://www.arte.tv/fr/videos/RC-024574/de-grace/"
"ARTE (FR)";"FR";"2026-09-20";"Bande-annonce";"https://www.arte.tv/fr/videos/RC-024574/?trailer=true"
"ARTE (FR)";"FR";"2026-09-20";"Concert";"https://www.arte.tv/fr/videos/133232-004-A/marguerite/"
"ARTE (FR)";"FR";"2026-09-20";"MargueriteLa révélation pop au Cabaret VertRévélée par la Star Academy, Marguerite livre une performance mêlant sensibilité, franchise et espièglerie.52 minConcert";"https://www.arte.tv/fr/videos/133232-004-A/marguerite/"
"ARTE (FR)";"FR";"2026-09-20";"Regarder";"https://www.arte.tv/fr/videos/133232-004-A/marguerite/"
"ARTE (FR)";"FR";"2026-09-20";"Concert";"https://www.arte.tv/fr/videos/133654-000-A/selah-sue-and-the-gallands/"
"ARTE (FR)";"FR";"2026-09-20";"Selah Sue and the GallandsSession en plein air au lac LémanPour sa 60e édition, le Montreux Jazz Festival dévoile une session live d’exception avec Selah Sue & The Gallands. 34 minConcert";"https://www.arte.tv/fr/videos/133654-000-A/selah-sue-and-the-gallands/"
"ARTE (FR)";"FR";"2026-09-20";"Regarder";"https://www.arte.tv/fr/videos/133654-000-A/selah-sue-and-the-gallands/"
"ARTE (FR)";"FR";"2026-09-20";"Votre prochaine série vous attend";"https://www.arte.tv/fr/videos/series-et-fictions/"
"ARTE (FR)";"FR";"2026-09-20";"Voir tout";"https://www.arte.tv/fr/videos/series-et-fictions/"
"ARTE (FR)";"FR";"2026-09-20";"Nos films à l'affiche";"https://www.arte.tv/fr/videos/cinema/"
"ARTE (FR)";"FR";"2026-09-20";"Voir tout";"https://www.arte.tv/fr/videos/cinema/"
"ARTE (FR)";"FR";"2026-09-20";"Journées européennes du patrimoine";"https://www.arte.tv/fr/videos/RC-026847/journees-europeennes-du-patrimoine/"
"ARTE (FR)";"FR";"2026-09-20";"Voir tout";"https://www.arte.tv/fr/videos/RC-026847/journees-europeennes-du-patrimoine/"
"ARTE (FR)";"FR";"2026-09-20";"Les documentaires à ne pas manquer";"https://www.arte.tv/fr/videos/documentaires-et-reportages/"
"ARTE (FR)";"FR";"2026-09-20";"Voir tout";"https://www.arte.tv/fr/videos/documentaires-et-reportages/"
"ARTE (FR)";"FR";"2026-09-20";"Culture";"https://www.arte.tv/fr/videos/culture-et-pop/"
"ARTE (FR)";"FR";"2026-09-20";"Voir tout";"https://www.arte.tv/fr/videos/culture-et-pop/"
"ARTE (FR)";"FR";"2026-09-20";"Nos émissions en un coup d'œil";"https://www.arte.tv/fr/videos/emissions/"
"ARTE (FR)";"FR";"2026-09-20";"Voir tout";"https://www.arte.tv/fr/videos/emissions/"
"ARTE (FR)";"FR";"2026-09-20";"Histoire";"https://www.arte.tv/fr/videos/histoire/"
"ARTE (FR)";"FR";"2026-09-20";"Voir tout";"https://www.arte.tv/fr/videos/histoire/"
"ARTE (FR)";"FR";"2026-09-20";"Sciences et technologies";"https://www.arte.tv/fr/videos/sciences/"
"ARTE (FR)";"FR";"2026-09-20";"Voir tout";"https://www.arte.tv/fr/videos/sciences/"
"ARTE (FR)";"FR";"2026-09-20";"Les vidéos les plus vues";"https://www.arte.tv/fr/videos/plus-vues/"
"ARTE (FR)";"FR";"2026-09-20";"Voir tout";"https://www.arte.tv/fr/videos/plus-vues/"
"ARTE (FR)";"FR";"2026-09-20";"Catastrophe - Une série british sur les affres du couple";"https://www.arte.tv/fr/videos/RC-027959/catastrophe/"
"ARTE (FR)";"FR";"2026-09-20";"Taxe-moi, si tu peux ! - Les astuces fiscales des super-riches";"https://www.arte.tv/fr/videos/RC-027810/taxe-moi-si-tu-peux/"
"Time Magazine World (EN)";"EN";"2026-09-20";"How a New Trump Administration Rule Is Set to Restrict Green Card Access";"https://time.com/article/2026/09/18/trump-green-card-public-assistance-benefits-immigration/"
"Time Magazine World (EN)";"EN";"2026-09-20";"Trump Bans CNN, Politico and MS NOW From the White House";"https://time.com/article/2026/09/18/trump-bans-3-news-organizations-from-white-house/"
"Time Magazine World (EN)";"EN";"2026-09-20";"Can Kevin Warsh Change the Federal Reserve?";"https://time.com/article/2026/09/19/can-kevin-warsh-change-the-federal-reserve-/"
"Time Magazine World (EN)";"EN";"2026-09-20";"U.S. May Have Committed War Crimes in Iran, U.N. Report Says";"https://time.com/article/2026/09/18/us-iran-israel-war-crimes-strike-minab-school-un-report/"
"Time Magazine World (EN)";"EN";"2026-09-20";"A Genetic Mutation May Help Explain Lung Cancer in Nonsmokers";"https://time.com/article/2026/09/17/genetic-mutation-lung-cancer-nonsmokers/"
"Time Magazine World (EN)";"EN";"2026-09-20";"Russia Sanctions Bill Could 'Harm' Americans, Say Democratic Leaders";"https://time.com/article/2026/09/17/russian-sanctions-bill-trump-new-tariffs-power-democrats-backlash/"
"Time Magazine World (EN)";"EN";"2026-09-20";"What 1,000 Women Workers Can Teach Us About Surviving Extreme Heat";"https://time.com/article/2026/09/19/what-1000-women-workers-can-teach-us-about-surviving-extreme-heat/"
"Time Magazine World (EN)";"EN";"2026-09-20";"The 100 Most Influential People in Art of 2026";"https://time.com/collection/time100-art/2026/"
"Time Magazine World (EN)";"EN";"2026-09-20";"More Americans Are Eating Fruit—But Fewer Are Eating Vegetables";"https://time.com/article/2026/09/15/americans-eating-fruit-vegetables/"
"Time Magazine World (EN)";"EN";"2026-09-20";"How 'The Early Spring' Ends";"https://time.com/article/2026/09/08/breaking-down-the-ending-of-netflix-s-chinese-drama-the-early-spring/"
"Time Magazine World (EN)";"EN";"2026-09-20";"The Best Ways to Stop Yourself From Crying";"https://time.com/article/2026/09/16/how-to-stop-yourself-from-crying/"
"Time Magazine World (EN)";"EN";"2026-09-20";"Get Stronger With These 5 Movements";"https://time.com/article/2026/09/15/5-get-stronger-with-these-5-movements/"
"Time Magazine World (EN)";"EN";"2026-09-20";"Amy Sherald Would Rather Walk Away Than Water Down Her ArtAmy Sherald Would Rather Walk Away Than Water Down Her Art";"https://time.com/collection/time100-art/2026/amy-sherald/"
"Time Magazine World (EN)";"EN";"2026-09-20";"Joseph Gordon-Levitt";"https://time.com/collection/time100-ai/2026/joseph-gordon-levitt/"
"Time Magazine World (EN)";"EN";"2026-09-20";"The Politicization of ‘DEI’ Bike Lanes";"https://time.com/article/2026/09/16/the-politicization-of-dei-bike-lanes/"
"Time Magazine World (EN)";"EN";"2026-09-20";"How to Govern the Existential Risk of AI";"https://time.com/article/2026/09/17/how-to-govern-the-existential-risk-of-ai/"
"Time Magazine World (EN)";"EN";"2026-09-20";"Attacks Against Judges Are an Attack Against America’s Constitution";"https://time.com/article/2026/09/17/attacks-against-judges-are-an-attack-against-america-s-constitution/"
"Time Magazine World (EN)";"EN";"2026-09-20";"Why the U.S. Urgently Needs More Platelet Donors";"https://time.com/article/2026/09/17/why-the-us-urgently-needs-more-platelet-donors/"
"Time Magazine World (EN)";"EN";"2026-09-20";"TIME100 Art 2026";"https://time.com/collection/time100-art/2026/"
"Time Magazine World (EN)";"EN";"2026-09-20";"Your Shoe Size Can Change as You Age. Here's Why";"https://time.com/article/2026/09/18/your-shoe-size-can-change-as-you-age/"
"Time Magazine World (EN)";"EN";"2026-09-20";"South Korea Set to Approve Abortion Pills Next Year";"https://time.com/article/2026/09/18/south-korea-abortion-pill-mifepristone-misoprostol/"
"Time Magazine World (EN)";"EN";"2026-09-20";"Having Health Insurance Doesn’t Prevent Medical Debt";"https://time.com/article/2026/09/17/having-health-insurance-doesnt-prevent-medical-debt/"
"Time Magazine World (EN)";"EN";"2026-09-20";"The Surprising Health Benefits of Reading a Book";"https://time.com/article/2026/09/16/health-benefits-reading-books-for-pleasure/"
"Time Magazine World (EN)";"EN";"2026-09-20";"World's Top HealthTech Companies 2026";"https://time.com/article/2026/09/16/worlds-top-healthtech-companies-2026/"
"Time Magazine World (EN)";"EN";"2026-09-20";"'Monster: The Lizzie Borden Story' Disappoints";"https://time.com/article/2026/09/18/monster-lizzie-borden-review/"
"Time Magazine World (EN)";"EN";"2026-09-20";"Resident Evil Is a Fleet, Entertaining Reboot";"https://time.com/article/2026/09/18/resident-evil-review/"
"Time Magazine World (EN)";"EN";"2026-09-20";"Review: The History of Concrete";"https://time.com/article/2026/09/15/the-history-of-concrete-review-john-wilson/"
"Time Magazine World (EN)";"EN";"2026-09-20";"Breaking Down the Ending of 'The Scandal'";"https://time.com/article/2026/09/18/breaking-down-the-ending-of-the-scandal/"
"Time Magazine World (EN)";"EN";"2026-09-20";"Breaking Down the Brutal Ending of 'Resident Evil'";"https://time.com/article/2026/09/16/resident-evil-zach-cregger-ending-explained/"
"Time Magazine World (EN)";"EN";"2026-09-20";"Inside 'Best of the Best'";"https://time.com/article/2026/09/16/best-of-the-best-netflix-hasan-minhaj-maitreyi-ramakrishnan/"
"Time Magazine World (EN)";"EN";"2026-09-20";"Sharon Horgan's 'Youth': TV Review";"https://time.com/article/2026/09/11/youth-review-sharon-horgan-hbo/"
"Time Magazine World (EN)";"EN";"2026-09-20";"Americans Are Increasingly Worried About AI's Environmental Impact";"https://time.com/article/2026/09/16/majority-americans-worried-ai-environment-impact/"
"Time Magazine World (EN)";"EN";"2026-09-20";"Why AI Makes Customer Service Worse, And What Companies Can Do To Fix It";"https://time.com/article/2026/09/16/why-ai-makes-customer-service-worse-and-what-companies-can-do-to-fix-it/"
"Time Magazine World (EN)";"EN";"2026-09-20";"TIME100 AI Honorees Speak to Perils and Promise of the Technology";"https://time.com/article/2026/09/14/ai-impact-dinner-toasts-joseph-gordon-levitt/"
"Time Magazine World (EN)";"EN";"2026-09-20";"Panelists Discuss AI’s Potential Impacts, for Better or Worse, on the Economy";"https://time.com/article/2026/09/14/ai-impact-dinner-panel-intelligent-economy/"
"Time Magazine World (EN)";"EN";"2026-09-20";"What Is Actually New About the AI Revolution?";"https://time.com/article/2026/09/14/what-is-actually-new-about-the-ai-revolution-/"
"Time Magazine World (EN)";"EN";"2026-09-20";"AI Should Be a Wake-Up Call For Universities";"https://time.com/article/2026/09/10/ai-should-be-a-wake-up-call-for-universities/"
"Time Magazine World (EN)";"EN";"2026-09-20";"The Earthshot Prize Is Embracing the Idea of Positive Tipping Points";"https://time.com/article/2026/09/18/earthshot-prize-finalists-2026-tipping-points/"
"Time Magazine World (EN)";"EN";"2026-09-20";"What Science Says About the Health Impact of Carbon Pollution";"https://time.com/article/2026/09/15/trump-power-plant-emissions-climate-health-impact/"
"Time Magazine World (EN)";"EN";"2026-09-20";"The U.S. Is Having One of Its Most Active Wildfire Seasons. Here’s How the Costs Are Adding Up";"https://time.com/article/2026/09/12/the-u-s-is-on-track-for-a-record-wildfire-season-here-s-what-it-could-cost-americans/"
"Time Magazine World (EN)";"EN";"2026-09-20";"Will Africa's Next Growth Story Start on the Farm?";"https://time.com/article/2026/09/11/future-africa-farming-sustainability/"
"Time Magazine World (EN)";"EN";"2026-09-20";"What El Niño Means for Fall and Winter Weather";"https://time.com/article/2026/09/11/el-nino-fall-winter-weather-us/"
"Time Magazine World (EN)";"EN";"2026-09-20";"Stop Making These Recycling Mistakes";"https://time.com/article/2026/09/09/easy-recycling-mistakes-to-avoid/"
"Icilome (FR)";"FR";"2026-09-20";"Togo / Scandale au Ministère du Tourisme: Les Secrets bien gardés d’un Hold-up en bande organisée";"https://icilome.com/2026/09/togo-scandale-au-ministere-du-tourisme-les-secrets-bien-gardes-dun-hold-up-en-bande-organisee/"
"Icilome (FR)";"FR";"2026-09-20";"Abdoul Aziz Goma, le «good samaritan» mis à l´honneur par Freedom Now";"https://icilome.com/2026/09/abdoul-aziz-goma-le-good-samaritan-mis-a-lhonneur-par-freedom-now/"
"Icilome (FR)";"FR";"2026-09-20";"Rentrée scolaire sur fond de la hausse du prix du carburant : Un pouvoir INSENSIBLE";"https://icilome.com/2026/09/rentree-scolaire-sur-fond-de-la-hausse-du-prix-du-carburant-un-pouvoir-insensible/"
"Icilome (FR)";"FR";"2026-09-20";"Togo- Roger Folikoué : « La démocratie est le sursaut du pluriel contre l’irrésistible tentation de l’un »";"https://icilome.com/2026/09/togo-roger-folikoue-la-democratie-est-le-sursaut-du-pluriel-contre-lirresistible-tentation-de-lun/"
"Icilome (FR)";"FR";"2026-09-20";"Togo – Nouvelle flambée des prix du carburant, la colère des consommateurs monte";"https://icilome.com/2026/09/togo-nouvelle-flambee-des-prix-du-carburant-la-colere-des-consommateurs-monte/"
"Icilome (FR)";"FR";"2026-09-20";"Togo- Hausse des prix du carburant : Deux Togolais s’affrontent, le virtuel et le réel";"https://icilome.com/2026/09/togo-hausse-des-prix-du-carburant-deux-togolais-saffrontent-le-virtuel-et-le-reel/"
"Icilome (FR)";"FR";"2026-09-20";"Togo – Hausse du prix du carburant : La DMK appelle à une mobilisation pacifique";"https://icilome.com/2026/09/togo-hausse-du-prix-du-carburant-la-dmk-appelle-a-une-mobilisation-pacifique/"
"Icilome (FR)";"FR";"2026-09-20";"Pendant que des tonnes de riz Kovié pourrissent dans les magasins, le gouvernement commercialise du riz japonais";"https://icilome.com/2026/09/pendant-que-des-tonnes-de-riz-kovie-pourrissent-dans-les-magasins-le-gouvernement-commercialise-du-riz-japonais/"
"Icilome (FR)";"FR";"2026-09-20";"La campagne contemporaine « Correct the Map » n’est pas née au Togo";"https://icilome.com/2026/09/la-campagne-contemporaine-correct-the-map-nest-pas-nee-au-togo/"
"Icilome (FR)";"FR";"2026-09-20";"Togo- Classement Lloyd’s List 2026 : le Port de Lomé grimpe au 91ᵉ rang mondial";"https://icilome.com/2026/09/togo-classement-lloyds-list-2026-le-port-de-lome-grimpe-au-91%e1%b5%89-rang-mondial/"
"Icilome (FR)";"FR";"2026-09-20";"ABM-TOGO : Quatre ans d’actions, des acquis et des chantiers à poursuivre";"https://icilome.com/2026/09/abm-togo-quatre-ans-dactions-des-acquis-et-des-chantiers-a-poursuivre/"
"Icilome (FR)";"FR";"2026-09-20";"« Le peuple ne mange pas les notations » : Oligui Nguema dans le concret, Faure Gnassingbé dans les chiffres fabriqués";"https://icilome.com/2026/09/le-peuple-ne-mange-pas-les-notations-oligui-nguema-dans-le-concret-faure-gnassingbe-dans-les-chiffres-fabriques/"
"Icilome (FR)";"FR";"2026-09-20";"Au Togo, la télédermatologie s’impose comme une réponse au déficit de dermatologues";"https://icilome.com/2026/09/au-togo-la-teledermatologie-simpose-comme-une-reponse-au-deficit-de-dermatologues/"
"Icilome (FR)";"FR";"2026-09-20";"Togo – Noces de cristal du SYNJIT : hommage aux pionniers et cap sur l’avenir";"https://icilome.com/2026/09/togo-noces-de-cristal-du-synjit-hommage-aux-pionniers-et-cap-sur-lavenir/"
"Icilome (FR)";"FR";"2026-09-20";"Togo – SYNJIT : 15 ans d’engagement syndical, un webinaire pour remobiliser les journalistes togolais";"https://icilome.com/2026/08/togo-synjit-15-ans-dengagement-syndical-un-webinaire-pour-remobiliser-les-journalistes-togolais/"
"Icilome (FR)";"FR";"2026-09-20";"Édito- Au Togo, on n’arrête plus les voleurs, on arrête les vendeurs de journaux";"https://icilome.com/2026/08/edito-au-togo-on-narrete-plus-les-voleurs-on-arrete-les-vendeurs-de-journaux/"
"Icilome (FR)";"FR";"2026-09-20";"Togo- Le PPT dénonce une « caporalisation » de la presse après l’interpellation musclée d’un vendeur de journaux";"https://icilome.com/2026/08/togo-le-ppt-denonce-une-caporalisation-de-la-presse-apres-linterpellation-musclee-dun-vendeur-de-journaux/"
"Icilome (FR)";"FR";"2026-09-20";"Oration On Liberty! Addressed to the People and Governors of Togo";"https://icilome.com/2026/07/oration-on-liberty-addressed-to-the-people-and-governors-of-togo/"
"Icilome (FR)";"FR";"2026-09-20";"Togo- Le SYNJIT prépare ses 15 ans avec de nouvelles cartes de membres";"https://icilome.com/2026/07/togo-le-synjit-prepare-ses-15-ans-avec-de-nouvelles-cartes-de-membres/"
"Icilome (FR)";"FR";"2026-09-20";"Video: Abdoul Aziz Goma Addresses the UN on Repression in Togo";"https://icilome.com/2026/03/video-abdoul-aziz-goma-addresses-the-un-on-repression-in-togo/"
"Icilome (FR)";"FR";"2026-09-20";"Togo – Enquête, pressions et refus de l’exil : le message fort de Roger Amemavoh (Vidéo)";"https://icilome.com/2026/02/togo-enquete-pressions-et-refus-de-lexil-le-message-fort-de-roger-amemavor-video/"
"Icilome (FR)";"FR";"2026-09-20";"Bénin : Le président Talon s’adresse à la nation après la tentative de coup d’État (vidéo)";"https://icilome.com/2025/12/benin-le-president-talon-sadresse-a-la-nation-apres-la-tentative-de-coup-detat-video/"
"Icilome (FR)";"FR";"2026-09-20";"Yves Edoh Agbodjan, alias Togbevi Kpéssé précise les objectifs de la délégation du M66 à New York (Interview)";"https://icilome.com/2025/09/yves-edoh-agbodjan-alias-togbevi-kpesse-precise-les-objectifs-de-la-delegation-du-m66-a-new-york-interview/"
"Icilome (FR)";"FR";"2026-09-20";"Vidéo – Le MO5 rejoint l’appel à la mobilisation du 30 août au Togo";"https://icilome.com/2025/08/video-le-mo5-rejoint-lappel-a-la-mobilisation-du-30-aout-au-togo/"
"Icilome (FR)";"FR";"2026-09-20";"Tribune | Changement de Constitution au Togo – une énormité historique devenue une jurisprudence et un cas d’école";"https://icilome.com/2026/09/tribune-changement-de-constitution-au-togo-une-enormite-historique-devenue-une-jurisprudence-et-un-cas-decole/"
"Icilome (FR)";"FR";"2026-09-20";"« La seule voie pacifique » : l’appel de Nathaniel Olympio au Togo";"https://icilome.com/2026/09/la-seule-voie-pacifique-lappel-de-nathaniel-olympio-au-togo/"
"Icilome (FR)";"FR";"2026-09-20";"À Paris, la création togolaise s’invite à ArtTrip grâce à Kokou Ekouagou";"https://icilome.com/2026/09/a-paris-la-creation-togolaise-sinvite-a-arttrip-grace-a-kokou-ekouagou/"
"Icilome (FR)";"FR";"2026-09-20";"Togo – La HARC convoque les créateurs de contenu, quels enjeux derrière cette réunion ?";"https://icilome.com/2026/09/togo-la-harc-convoque-les-createurs-de-contenu-quels-enjeux-derriere-cette-reunion/"
"Icilome (FR)";"FR";"2026-09-20";"Togo- Jean-Pierre Fabre: « Le gouvernement doit cesser de faire payer aux togolais le prix de son incapacité »";"https://icilome.com/2026/09/togo-jean-pierre-fabre-le-gouvernement-doit-cesser-de-faire-payer-aux-togolais-le-prix-de-son-incapacite/"
"Icilome (FR)";"FR";"2026-09-20";"La politique de l´autruche d´un Faure Gnassingbé aux antipodes des réalités politiques de son pays.";"https://icilome.com/2026/09/la-politique-de-lautruche-dun-faure-gnassingbe-aux-antipodes-des-realites-politiques-de-son-pays/"
"Icilome (FR)";"FR";"2026-09-20";"Au Togo, Le Trompe-l’œil de la nouvelle Constitution";"https://icilome.com/2026/09/au-togo-le-trompe-loeil-de-la-nouvelle-constitution/"
"Icilome (FR)";"FR";"2026-09-20";"Togo- Tribune : « On ne soigne pas à la tête du client »";"https://icilome.com/2026/09/togo-tribune-on-ne-soigne-pas-a-la-tete-du-client/"
"Icilome (FR)";"FR";"2026-09-20";"Togo – Hausse du prix du carburant : le MMLK demande la baisse des frais de péage";"https://icilome.com/2026/09/togo-hausse-du-prix-du-carburant-le-mmlk-demande-la-baisse-des-frais-de-peage/"
"Icilome (FR)";"FR";"2026-09-20";"QNET lève le voile sur son catalogue produits, loin des clichés sur la vente pyramidale";"https://icilome.com/2026/09/qnet-leve-le-voile-sur-son-catalogue-produits-loin-des-cliches-sur-la-vente-pyramidale/"
"Icilome (FR)";"FR";"2026-09-20";"V-Convention : À Penang, QNET célèbre 28 ans de vente directe devant des milliers de distributeurs";"https://icilome.com/2026/09/v-convention-a-penang-qnet-celebre-28-ans-de-vente-directe-devant-des-milliers-de-distributeurs/"
"Icilome (FR)";"FR";"2026-09-20";"Même Messi abandonne l’Argentine : Et FAURE ?";"https://icilome.com/2026/09/meme-messi-abandonne-largentine-et-faure/"
"Icilome (FR)";"FR";"2026-09-20";"Résolution de l’ONU sur les cartes du monde : au Togo, l’ANC dénonce une « manœuvre de diversion »";"https://icilome.com/2026/09/resolution-de-lonu-sur-les-cartes-du-monde-au-togo-lanc-denonce-une-manoeuvre-de-diversion/"
"Icilome (FR)";"FR";"2026-09-20";"Rentrée scolaire 2026-2027 : le gouvernement reconduit et renforce le dispositif « Rentrée scolaire sûre »";"https://icilome.com/2026/09/rentree-scolaire-2026-2027-le-gouvernement-reconduit-et-renforce-le-dispositif-rentree-scolaire-sure/"
"Icilome (FR)";"FR";"2026-09-20";"TRIBUNE | Éducation au Togo : le plaidoyer de Helly GBENE pour une école pilotée par la donnée";"https://icilome.com/2026/09/tribune-education-au-togo-le-plaidoyer-de-helly-gbene-pour-une-ecole-pilotee-par-la-donnee/"
"Icilome (FR)";"FR";"2026-09-20";"Hausse du carburant au Togo : l’opposition dénonce une « asphyxie financière » des ménages";"https://icilome.com/2026/09/hausse-du-carburant-au-togo-lopposition-denonce-une-asphyxie-financiere-des-menages/"
"Icilome (FR)";"FR";"2026-09-20";"QNET ouvre les portes de son siège à des journalistes africains, en Malaisie";"https://icilome.com/2026/09/face-aux-accusations-qnet-ouvre-les-portes-de-son-siege-a-des-journalistes-africains-en-malaisie/"
"Icilome (FR)";"FR";"2026-09-20";"Togo- Pollution plastique : ZDP-Togo entre en action sur le littoral de Lomé";"https://icilome.com/2026/09/togo-pollution-plastique-zdp-togo-entre-en-action-sur-le-littoral-de-lome/"
"Icilome (FR)";"FR";"2026-09-20";"Nucléaire : le Togo se positionne, Lomé accueillera le sommet africain NEISA en 2027";"https://icilome.com/2026/09/nucleaire-le-togo-se-positionne-lome-accueillera-le-sommet-africain-neisa-en-2027/"
"Icilome (FR)";"FR";"2026-09-20";"Énergie : pourquoi le nucléaire pourrait changer l’avenir énergétique de l’Afrique et du Togo";"https://icilome.com/2026/09/energie-pourquoi-le-nucleaire-pourrait-changer-lavenir-energetique-de-lafrique-et-du-togo/"
"Icilome (FR)";"FR";"2026-09-20";"Méchanceté gratuite à la Plage";"https://icilome.com/2026/09/mechancete-gratuite-a-la-plage/"
"Icilome (FR)";"FR";"2026-09-20";"Togo – Cyberescroquerie : trois suspects interpellés à Afagnan";"https://icilome.com/2026/09/togo-cyberescroquerie-trois-suspects-interpelles-a-afagnan/"
"Icilome (FR)";"FR";"2026-09-20";"Togo : les prix des produits pétroliers repartent à la hausse";"https://icilome.com/2026/09/togo-les-prix-des-produits-petroliers-repartent-a-la-hausse/"
"Icilome (FR)";"FR";"2026-09-20";"Togo- Jean-Pierre Fabre veut « rendre au peuple la Constitution qu’on lui a volée »";"https://icilome.com/2026/09/togo-jean-pierre-fabre-veut-rendre-au-peuple-la-constitution-quon-lui-a-volee/"
"Icilome (FR)";"FR";"2026-09-20";"Les artistes togolais annoncent des sit-in en octobre";"https://icilome.com/2026/09/les-artistes-togolais-annoncent-des-sit-in-en-octobre/"
"Icilome (FR)";"FR";"2026-09-20";"Togo – Journaliste enlevé et violenté à Guérin-Kouka : le PPT interpelle les autorités";"https://icilome.com/2026/09/togo-journaliste-enleve-et-violente-a-guerin-kouka-le-ppt-interpelle-les-autorites/"
"Icilome (FR)";"FR";"2026-09-20";"Togo- Biologie médicale : Du laboratoire aux politiques de santé, les professionnels veulent franchir un cap";"https://icilome.com/2026/09/togo-biologie-medicale-du-laboratoire-aux-politiques-de-sante-les-professionnels-veulent-franchir-un-cap/"
"Icilome (FR)";"FR";"2026-09-20";"Yas Hackathon 2026 : 48 heures pour faire émerger les talents numériques de demain";"https://icilome.com/2026/09/yas-hackathon-2026-48-heures-pour-faire-emerger-les-talents-numeriques-de-demain/"
"Icilome (FR)";"FR";"2026-09-20";"Togo : un journaliste de Tampa Express enlevé et séquestré à Guérin-Kouka, le SYNJIT dénonce un « acte de gangstérisme »";"https://icilome.com/2026/09/togo-un-journaliste-de-tampa-express-enleve-et-sequestre-a-guerin-kouka-le-synjit-denonce-un-acte-de-gangsterisme/"
"Icilome (FR)";"FR";"2026-09-20";"Togo- La liberté de la presse en question, la souveraineté numérique en construction Spécial";"https://icilome.com/2026/09/togo-la-liberte-de-la-presse-en-question-la-souverainete-numerique-en-construction-special/"
"Icilome (FR)";"FR";"2026-09-20";"Togo / « Les routes de l’impossible »: Et si le vrai problème n’était pas le visa, mais ce que les caméras allaient montrer?";"https://icilome.com/2026/09/togo-les-routes-de-limpossible-et-si-le-vrai-probleme-netait-pas-le-visa-mais-ce-que-les-cameras-allaient-montrer/"
"Icilome (FR)";"FR";"2026-09-20";"Togo- Port, OTR et SOTOPLA faciliteraient-ils le vol des voitures à Lomé ?";"https://icilome.com/2026/09/togo-port-otr-et-sotopla-faciliteraient-elles-le-vol-des-voitures-a-lome/"
"Icilome (FR)";"FR";"2026-09-20";"Togo- Enquêtes sur la pauvreté : les Togolais végètent dans la misère, le gouvernement s’intéresse aux chiffres";"https://icilome.com/2026/09/togo-enquetes-sur-la-pauvrete-les-togolais-vegetent-dans-la-misere-le-gouvernement-sinteresse-aux-chiffres/"
"Icilome (FR)";"FR";"2026-09-20";"Togo- Compte rendu du Conseil des ministres Lomé, 7 septembre 2026";"https://icilome.com/2026/09/togo-compte-rendu-du-conseil-des-ministres-lome-7-septembre-2026/"
"Icilome (FR)";"FR";"2026-09-20";"Le Togo intensifie la lutte contre les faux médicaments";"https://icilome.com/2026/09/le-togo-intensifie-la-lutte-contre-les-faux-medicaments/"
"Icilome (FR)";"FR";"2026-09-20";"Faure Gnassingbé à Londres pour accélérer le développement du nucléaire civil";"https://icilome.com/2026/09/faure-gnassingbe-a-londres-pour-accelerer-le-developpement-du-nucleaire-civil/"
"Icilome (FR)";"FR";"2026-09-20";"Nuisances sonores : le défi de faire respecter le calme";"https://icilome.com/2026/09/nuisances-sonores-le-defi-de-faire-respecter-le-calme/"
"Icilome (FR)";"FR";"2026-09-20";"Rapport 2026 Institut V-Dem sur l’état de la démocratie : Togo parmi les pays très actifs dans le recul";"https://icilome.com/2026/09/rapport-2026-institut-v-dem-sur-letat-de-la-democratie-togo-parmi-les-pays-tres-actifs-dans-le-recul/"
"Icilome (FR)";"FR";"2026-09-20";"CIIE 2026 : le CETEF lance un appel à candidature pour sélectionner les exposants togolais";"https://icilome.com/2026/09/ciie-2026-le-cetef-lance-un-appel-a-candidature-pour-selectionner-les-exposants-togolais/"
"Icilome (FR)";"FR";"2026-09-20";"Togo – L’arrêt de la CEDEAO vu par l’ancien ministre malien de la Justice Ismaïla Konaté";"https://icilome.com/2026/09/togo-larret-de-la-cedeao-vu-par-lancien-ministre-malien-de-la-justice-ismaila-konate/"
"Icilome (FR)";"FR";"2026-09-20";"Niger – Les institutions fonctionnent et le pays reste concentré sur sa stabilité malgré tout";"https://icilome.com/2026/09/niger-les-institutions-fonctionnent-et-le-pays-reste-concentre-sur-sa-stabilite-malgre-tout/"
"Icilome (FR)";"FR";"2026-09-20";"« Correct The Map » : l’Union africaine salue le leadership togolais à l’ONU";"https://icilome.com/2026/09/correct-the-map-lunion-africaine-salue-le-leadership-togolais-a-lonu/"
"Icilome (FR)";"FR";"2026-09-20";"Togo : Le tango juridique de maître Gil-Benoit Afangbédji et la déchéance de l’engagement citoyen";"https://icilome.com/2026/09/togo-le-tango-juridique-de-maitre-gil-benoit-afangbedji-et-la-decheance-de-lengagement-citoyen/"
"Icilome (FR)";"FR";"2026-09-20";"Togo- Golfe 1 installe son Cadre de Concertation sur les systèmes alimentaires territorialisés";"https://icilome.com/2026/09/togo-golfe-1-installe-son-cadre-de-concertation-sur-les-systemes-alimentaires-territorialises/"
"Icilome (FR)";"FR";"2026-09-20";"Togo – Madi Djabakate face aux critiques sur l’interprétation de l’arrêt de la CEDEAO";"https://icilome.com/2026/09/togo-madi-djabakate-face-aux-critiques-sur-linterpretation-de-larret-de-la-cedeao/"
"Icilome (FR)";"FR";"2026-09-20";"Prof Wolou : « Si ce régime a un petit amour pour le Togo, il ne doit pas faire de Ferdinand Ayité un ennemi »";"https://icilome.com/2026/09/prof-wolou-si-ce-regime-a-un-petit-amour-pour-le-togo-il-ne-doit-pas-faire-de-ferdinand-ayite-un-ennemi/"
"Icilome (FR)";"FR";"2026-09-20";"Diplomatie : À l’ONU, le Togo fait adopter une résolution pour « corriger la carte » du monde";"https://icilome.com/2026/09/diplomatie-a-lonu-le-togo-fait-adopter-une-resolution-pour-corriger-la-carte-du-monde/"
"Togo First (FR)";"FR";"2026-09-20";"« Nous voulons bâtir une marque laitière africaine à partir du wangash togolais », Assaba Akouétévi, promotrice de ROSHTA Wangash";"https://www.togofirst.com/fr/agro/1909-20108-nous-voulons-batir-une-marque-laitiere-africaine-a-partir-du-wangash-togolais-assaba-akouetevi-promotrice-de-roshta-wangash"
"Togo First (FR)";"FR";"2026-09-20";"Yedau OGOUNDELE, directrice générale d’AFINHAB, ex- CRRH-UEMOA";"https://www.togofirst.com/fr/trombinoscope/1909-20112-yedau-ogoundele-directrice-generale-d-afinhab-ex-crrh-uemoa"
"Togo First (FR)";"FR";"2026-09-20";"Ekpao ADJABO, Directeur Général du Trésor et de la Comptabilité Publique du Togo";"https://www.togofirst.com/fr/trombinoscope/1909-20111-ekpao-adjabo-directeur-general-du-tresor-et-de-la-comptabilite-publique-du-togo"
"Togo First (FR)";"FR";"2026-09-20";"Dr Isdine LAOUROU, Directeur général, UbiPharm Togo";"https://www.togofirst.com/fr/trombinoscope/1909-20110-dr-isdine-laourou-directeur-general-ubipharm-togo"
"Togo First (FR)";"FR";"2026-09-20";"Gregory Costamagna, Cofondateur, Gozem Super App";"https://www.togofirst.com/fr/trombinoscope/1909-20109-gregory-costamagna-cofondateur-gozem-super-app"
"Togo First (FR)";"FR";"2026-09-20";"Togo : la CCI-Togo lance la formation de femmes aux métiers du transport";"https://www.togofirst.com/fr/gouvernance-economique/1809-20107-togo-la-cci-togo-lance-la-formation-de-femmes-aux-metiers-du-transport"
"Togo First (FR)";"FR";"2026-09-20";"Togo : l’exécutif appelle les banques à renforcer leur soutien à l’agriculture et aux TPME";"https://www.togofirst.com/fr/gouvernance-economique/1809-20100-togo-l-executif-appelle-les-banques-a-renforcer-leur-soutien-a-l-agriculture-et-aux-tpme"
"Togo First (FR)";"FR";"2026-09-20";"21è Foire internationale de Lomé : l’Inde sera le pays invité d’honneur";"https://www.togofirst.com/fr/gouvernance-economique/1809-20097-21e-foire-internationale-de-lome-l-inde-sera-le-pays-invite-d-honneur"
"Togo First (FR)";"FR";"2026-09-20";"Togo : le budget vert passe de l’expérimentation à un cadre obligatoire";"https://www.togofirst.com/fr/finances-publiques/1809-20096-togo-le-budget-vert-passe-de-l-experimentation-a-un-cadre-obligatoire"
"Togo First (FR)";"FR";"2026-09-20";"ASKY et Ethiopian Airlines préparent un centre de maintenance d’avions de 100 millions $ à Lomé";"https://www.togofirst.com/fr/transport/1809-20095-asky-et-ethiopian-airlines-preparent-un-centre-de-maintenance-d-avions-de-100-millions-a-lome"
"Togo First (FR)";"FR";"2026-09-20";"Togo : plus de 3000 enseignants définitivement admis au concours de recrutement 2026";"https://www.togofirst.com/fr/education/1809-20094-togo-plus-de-3000-enseignants-definitivement-admis-au-concours-de-recrutement-2026"
"Togo First (FR)";"FR";"2026-09-20";"Appui aux entrepreneurs : l’ADTPME recrute à des postes de direction";"https://www.togofirst.com/fr/gouvernance-economique/1809-20093-appui-aux-entrepreneurs-l-adtpme-recrute-a-des-postes-de-direction"
"Togo First (FR)";"FR";"2026-09-20";"Au Togo, le secteur privé identifie ses besoins en recherche et innovation filière par filière";"https://www.togofirst.com/fr/gouvernance-economique/1809-20092-au-togo-le-secteur-prive-identifie-ses-besoins-en-recherche-et-innovation-filiere-par-filiere"
"Togo First (FR)";"FR";"2026-09-20";"Togo : le BIC prépare une plateforme pour faciliter le financement des PME";"https://www.togofirst.com/fr/gouvernance-economique/1709-20090-togo-le-bic-prepare-une-plateforme-pour-faciliter-le-financement-des-pme"
"Togo First (FR)";"FR";"2026-09-20";"Feuille de route 2026-2031 : l’exécutif recueille les dernières suggestions avant finalisation";"https://www.togofirst.com/fr/gestion-publique/1709-20086-feuille-de-route-2026-2031-l-executif-recueille-les-dernieres-suggestions-avant-finalisation"
"Togo First (FR)";"FR";"2026-09-20";"Togo : l'OTR lance e-TPU pour déclarer et payer la TPU en ligne";"https://www.togofirst.com/fr/gouvernance-economique/1709-20085-togo-lotr-lance-e-tpu-pour-declarer-et-payer-la-tpu-en-ligne"
"Togo First (FR)";"FR";"2026-09-20";"Togo : le Patronat lance un programme d’immersion professionnelle pour 600 jeunes";"https://www.togofirst.com/fr/gouvernance-economique/1709-20084-togo-le-patronat-lance-un-programme-d-immersion-professionnelle-pour-600-jeunes"
"Togo First (FR)";"FR";"2026-09-20";"Leadership politique : 323 femmes formées au Togo depuis 2020";"https://www.togofirst.com/fr/politique/1609-20081-leadership-politique-323-femmes-formees-au-togo-depuis-2020"
"Togo First (FR)";"FR";"2026-09-20";"Salim Tebonou (HORI) : « J'ai dû démissionner moi-même de la structure que j'avais créée pour repartir de zéro »";"https://www.togofirst.com/fr/gouvernance-economique/0208-19767-salim-tebonou-hori-jai-du-demissionner-moi-meme-de-la-structure-que-javais-creee-pour-repartir-de-zero"
"Togo First (FR)";"FR";"2026-09-20";"FIL 2026 : 70 % de réduction sur les stands pour les femmes et jeunes entrepreneurs";"https://www.togofirst.com/fr/gouvernance-economique/2707-19692-fil-2026-70-de-reduction-sur-les-stands-pour-les-femmes-et-jeunes-entrepreneurs"
"Togo First (FR)";"FR";"2026-09-20";"Togo : plus de 8000 entreprises créées en six mois, un rebond après deux années de recul";"https://www.togofirst.com/fr/gouvernance-economique/0707-19479-togo-plus-de-8000-entreprises-creees-en-six-mois-un-rebond-apres-deux-annees-de-recul"
"Togo First (FR)";"FR";"2026-09-20";"Togo : à Di-Kéti, la certification s'impose comme un levier de croissance pour les TPME";"https://www.togofirst.com/fr/gouvernance-economique/0407-19449-togo-a-di-keti-la-certification-simpose-comme-un-levier-de-croissance-pour-les-tpme"
"Togo First (FR)";"FR";"2026-09-20";"Togo : un fonds de 655 millions FCFA pour financer l’installation des diplômés de l’IFAD-Aquaculture";"https://www.togofirst.com/en/gouvernance-economique/0406-19143-togo-un-fonds-de-655-millions-fcfa-pour-financer-l-installation-des-diplomes-de-l-ifad-aquaculture"
"Togo First (FR)";"FR";"2026-09-20";"Togo : après la hausse du prix du carburant, le gouvernement baisse les tarifs de péage";"https://www.togofirst.com/fr/transport/0207-19428-togo-apres-la-hausse-du-prix-du-carburant-le-gouvernement-baisse-les-tarifs-de-peage"
"Togo First (FR)";"FR";"2026-09-20";"Togo : les résultats des examens désormais accessibles gratuitement via le Web, WhatsApp et Telegram";"https://www.togofirst.com/fr/education/0806-19171-togo-les-resultats-des-examens-desormais-accessibles-gratuitement-via-le-web-whatsapp-et-telegram"
"Togo First (FR)";"FR";"2026-09-20";"Le Togolais Kodjo Akpatigbe prend la tête de Deloitte au Togo et au Bénin";"https://www.togofirst.com/fr/finance/0207-19423-le-togolais-kodjo-akpatigbe-prend-la-tete-de-deloitte-au-togo-et-au-benin"
"Togo First (FR)";"FR";"2026-09-20";"Gouvernance et financement du secteur routier : le Togo crée l’AGEROUTE et la SONAFIR";"https://www.togofirst.com/fr/transport/2906-19371-gouvernance-et-financement-du-secteur-routier-le-togo-cree-l-ageroute-et-la-sonafir"
"Togo First (FR)";"FR";"2026-09-20";"Lancement d’une mission d’élaboration des normes de certification pour les entreprises de BTP";"https://www.togofirst.com/"
"Togo First (FR)";"FR";"2026-09-20";"Logement : à Kpomé-Dalavé, Adedze annonce le passage du programme des 20 000 unités à sa phase opérationnelle";"https://www.togofirst.com/fr/gouvernance-economique/1206-19219-logement-a-kpome-dalave-adedze-annonce-le-passage-du-programme-des-20-000-unites-a-sa-phase-operationnelle"
"Togo First (FR)";"FR";"2026-09-20";"Togo : pour une fonction publique plus performante, le gouvernement entend mettre en place un plan national";"https://www.togofirst.com/"
"Togo First (FR)";"FR";"2026-09-20";"Restauration des terres : la FAO lance un appel à projets pour des subventions pouvant atteindre 50 000 $";"https://www.togofirst.com/fr/agro/1506-19233-restauration-des-terres-la-fao-lance-un-appel-a-projets-pour-des-subventions-pouvant-atteindre-50-000"
"Togo First (FR)";"FR";"2026-09-20";"Agriculture : météo, prix, intrants, le SIHAM veut faciliter l’accès des producteurs à l’information";"https://www.togofirst.com/fr/agro/1609-20071-agriculture-meteo-prix-intrants-le-siham-veut-faciliter-l-acces-des-producteurs-a-l-information"
"Togo First (FR)";"FR";"2026-09-20";"Couverture sanitaire universelle : Lomé réunit 16 pays africains autour du diagnostic";"https://www.togofirst.com/fr/sante/1609-20070-couverture-sanitaire-universelle-lome-reunit-16-pays-africains-autour-du-diagnostic"
"Togo First (FR)";"FR";"2026-09-20";"Enseignement supérieur : Moscou veut renforcer sa coopération avec les universités togolaises";"https://www.togofirst.com/fr/formation/1509-20066-enseignement-superieur-moscou-veut-renforcer-sa-cooperation-avec-les-universites-togolaises"
"Togo First (FR)";"FR";"2026-09-20";"Togo : après les étudiants, la SOTRAL prépare l’extension du paiement digital des tickets";"https://www.togofirst.com/fr/transport/1509-20065-togo-apres-les-etudiants-la-sotral-prepare-l-extension-du-paiement-digital-des-tickets"
"Togo First (FR)";"FR";"2026-09-20";"Le Togo et ses voisins organisent le retour volontaire des réfugiés burkinabè";"https://www.togofirst.com/fr/social/1509-20062-le-togo-et-ses-voisins-organisent-le-retour-volontaire-des-refugies-burkinabe"
"Togo First (FR)";"FR";"2026-09-20";"Togo : à Togodo, les investissements du WACA ouvrent la voie à l’écotourisme";"https://www.togofirst.com/fr/agro/1509-20060-togo-a-togodo-les-investissements-du-waca-ouvrent-la-voie-a-l-ecotourisme"
"Togo First (FR)";"FR";"2026-09-20";"Au Togo, l’Université de Datcha ouvre ses premières formations et lance le recrutement des étudiants";"https://www.togofirst.com/fr/formation/1509-20059-au-togo-l-universite-de-datcha-ouvre-ses-premieres-formations-et-lance-le-recrutement-des-etudiantsau-togo-l-universite-de-datcha-situee-a-environ-130-km-au-nord-de-lome-franchit-une-nouvelle-etape-avant-l-ouverture-de-"
"Togo First (FR)";"FR";"2026-09-20";"Mobilité électrique : Spiro s’allie au chinois Yadea pour accélérer son expansion";"https://www.togofirst.com/fr/transport/1509-20058-mobilite-electrique-spiro-s-allie-au-chinois-yadea-pour-accelerer-son-expansion"
"Togo First (FR)";"FR";"2026-09-20";"Exportations agricoles : au Togo, le cacao dope les recettes avant le retournement de 2026";"https://www.togofirst.com/fr/agro/1409-20055-exportations-agricoles-au-togo-le-cacao-dope-les-recettes-avant-le-retournement-de-2026"
"Togo First (FR)";"FR";"2026-09-20";"Togo : 2,9 millions d’élèves retrouvent les classes, avec de nouvelles réformes";"https://www.togofirst.com/fr/education/1409-20053-togo-2-9-millions-d-eleves-retrouvent-les-classes-avec-de-nouvelles-reformes"
"Togo First (FR)";"FR";"2026-09-20";"Téléradiologie : la startup togolaise Clinicaa présente X-rayVision";"https://www.togofirst.com/fr/sante/1409-20051-teleradiologie-la-startup-togolaise-clinicaa-presente-x-rayvision"
"Togo First (FR)";"FR";"2026-09-20";"AMU : de nouveaux bureaux de proximité installés dans le Grand Lomé";"https://www.togofirst.com/fr/social/1409-20048-amu-de-nouveaux-bureaux-de-proximite-installes-dans-le-grand-lome"
"Togo First (FR)";"FR";"2026-09-20";"Le Togolais Palokinam Pitché prend la tête de l’Organisation ouest-africaine de la santé";"https://www.togofirst.com/fr/sante/1409-20046-le-togolais-palokinam-pitche-prend-la-tete-de-l-organisation-ouest-africaine-de-la-sante"
"Togo First (FR)";"FR";"2026-09-20";"Togo : les entreprises se préparent au passage à la facture électronique certifiée";"https://www.togofirst.com/fr/gouvernance-economique/1409-20045-togo-les-entreprises-se-preparent-au-passage-a-la-facture-electronique-certifiee"
"Togo First (FR)";"FR";"2026-09-20";"Togo-Égypte : une nouvelle ambassadrice pour accélérer les relations économiques entre Lomé et Le Caire";"https://www.togofirst.com/fr/politique/1409-20044-togo-egypte-une-nouvelle-ambassadrice-pour-accelerer-les-relations-economiques-entre-lome-et-le-caire"
"Togo First (FR)";"FR";"2026-09-20";"« Le temps de l’improvisation administrative est définitivement révolu », Yawo Agbessi Tsogbe, président du GNEBTP";"https://www.togofirst.com/fr/btp/1209-20039-le-temps-de-l-improvisation-administrative-est-definitivement-revolu-yawo-agbessi-tsogbe-president-du-gnebtp"
"Togo First (FR)";"FR";"2026-09-20";"À l’Université de Lomé, l’apprentissage des langues étrangères s’élargit dès la rentrée 2026-2027";"https://www.togofirst.com/fr/education/1109-20035-a-l-universite-de-lome-l-apprentissage-des-langues-etrangeres-s-elargit-des-la-rentree-2026-2027"
"Togo First (FR)";"FR";"2026-09-20";"Togo : les recettes fiscales atteignent 507 milliards FCFA à fin juin 2026 en hausse de 14,3%";"https://www.togofirst.com/fr/finances-publiques/1109-20032-togo-les-recettes-fiscales-atteignent-507-milliards-fcfa-a-fin-juin-2026-en-hausse-de-14-3"
"Togo First (FR)";"FR";"2026-09-20";"Le Togo renforce la surveillance de sa sécurité aéroportuaire avec l’appui de l’OACI";"https://www.togofirst.com/fr/transport/1109-20029-le-togo-renforce-la-surveillance-de-sa-securite-aeroportuaire-avec-l-appui-de-l-oaci"
"Togo First (FR)";"FR";"2026-09-20";"Propriété industrielle : l’INPIT appelle les entreprises à protéger leurs actifs immatériels";"https://www.togofirst.com/fr/gouvernance-economique/1109-20028-propriete-industrielle-l-inpit-appelle-les-entreprises-a-proteger-leurs-actifs-immateriels"
"Togo First (FR)";"FR";"2026-09-20";"UEMOA : la BCEAO maintient son taux directeur à 3% malgré la remontée des prix";"https://www.togofirst.com/fr/gouvernance-economique/1109-20027-uemoa-la-bceao-maintient-son-taux-directeur-a-3-malgre-la-remontee-des-prix"
"Togo First (FR)";"FR";"2026-09-20";"Togo : nouvelle hausse des prix à la pompe, le super-sans plomb passe à 817 FCFA";"https://www.togofirst.com/fr/energies/1109-20025-togo-nouvelle-hausse-des-prix-a-la-pompe-le-super-sans-plomb-passe-a-817-fcfa"
"Togo First (FR)";"FR";"2026-09-20";"Badanam Patoki : « Les PPP sont un gage de bonne gouvernance et une garantie pour les investisseurs »";"https://www.togofirst.com/fr/gouvernance-economique/1009-20023-badanam-patoki-les-ppp-sont-un-gage-de-bonne-gouvernance-et-une-garantie-pour-les-investisseurs"
"Togo First (FR)";"FR";"2026-09-20";"Incendie du marché de Kpalimé : d’importants dégâts matériels enregistrés, selon un premier bilan";"https://www.togofirst.com/fr/economie/1009-20021-incendie-du-marche-de-kpalime-d-importants-degats-materiels-enregistres-selon-un-premier-bilan"
"Togo First (FR)";"FR";"2026-09-20";"Au Togo, les importateurs de pagnes plaident pour une meilleure régulation du secteur";"https://www.togofirst.com/fr/gouvernance-economique/1009-20015-au-togo-les-importateurs-de-pagnes-plaident-pour-une-meilleure-regulation-du-secteur"
"Togo First (FR)";"FR";"2026-09-20";"Sécurité alimentaire : la Banque mondiale appuie le Laboratoire national phytosanitaire des aliments";"https://www.togofirst.com/fr/sante/1009-20014-securite-alimentaire-la-banque-mondiale-appuie-le-laboratoire-national-phytosanitaire-des-aliments"
"L'Alternative (TG)";"FR";"2026-09-20";"Accueil";"https://lalternative.info/"
"L'Alternative (TG)";"FR";"2026-09-20";"A propos";"https://lalternative.info/about-us/"
"L'Alternative (TG)";"FR";"2026-09-20";"Abonnement";"https://lalternative.info/abonnez-vous-a-votre-journal/"
"L'Alternative (TG)";"FR";"2026-09-20";"Togo- Primature, ministère des Enseignements, brigade pour mineurs, CNDH passifs sur...";"https://lalternative.info/2024/09/14/togo-primature-ministere-des-enseignements-brigade-pour-mineurs-cndh-passifs-sur-le-viol-sur-une-petite-fille-a-lecole-la-madone/"
"L'Alternative (TG)";"FR";"2026-09-20";"Togo- Kao Baobadi, l’architecte de l’immeuble défectueux de la LONATO, ses...";"https://lalternative.info/2024/05/15/togo-kao-baobadi-larchitecte-de-limmeuble-defectueux-de-la-lonato-ses-deux-appartements-a-dubai/"
"L'Alternative (TG)";"FR";"2026-09-20";"Un appartement d’Yvonne Bawizibadi Gnassingbé à Dubaï au cœur d’une lutte...";"https://lalternative.info/2024/05/17/un-appartement-dyvonne-bawizibadi-gnassingbe-a-dubai-au-coeur-dune-lutte-de-succession/"
"L'Alternative (TG)";"FR";"2026-09-20";"Togo- Vague d’arrestations en cours au sein des FAT";"https://lalternative.info/2024/07/16/togo-vague-darrestations-en-cours-au-sein-des-fat/"
"L'Alternative (TG)";"FR";"2026-09-20";"Togo- Vote de moins de 50 députés, procurations fabriquées au nom...";"https://lalternative.info/2024/03/31/togo-vote-de-moins-de-50-deputes-procurations-fabriquees-au-nom-des-absents-voici-comment-le-coup-detat-constitutionnel-sest-passe-lundi/"
"L'Alternative (TG)";"FR";"2026-09-20";"Togo-La CEET installe un groupe de 14 millions chez la ministre...";"https://lalternative.info/2024/03/15/togo-la-ceet-installe-un-groupe-de-14-millions-chez-la-ministre-de-lenergie-et-des-mines/"
"L'Alternative (TG)";"FR";"2026-09-20";"Togo- Football : Qui est Nibombé Daré, le nouveau sélectionneur des Eperviers ?";"https://lalternative.info/2024/07/15/togo-football-qui-est-nibombe-dare-le-nouveau-selectionneur-des-eperviers/"
"L'Alternative (TG)";"FR";"2026-09-20";"Togo- Justice : Mandat d’arrêt international contre le Cdt Olivier Amah...";"https://lalternative.info/2024/08/07/togo-justice-mandat-darret-international-contre-le-cdt-olivier-amah-et-le-journaliste-ferdinand-ayite/"
"L'Alternative (TG)";"FR";"2026-09-20";"Togo- CEET: Voici les 3 étapes pour mettre à jour son...";"https://lalternative.info/2024/06/27/togo-ceet-voici-les-3-etapes-pour-mettre-a-jour-son-compteur-cash-power/"
"L'Alternative (TG)";"FR";"2026-09-20";"Togo- Arrestations à Kara : incertitude sur le sort du capitaine...";"https://lalternative.info/2024/07/23/togo-arrestations-a-kara-incertitude-sur-le-sort-du-capitaine-dare-kondi-photo/"
"L'Alternative (TG)";"FR";"2026-09-20";"Togo- Kpendjal : Inhumation sans hommage des militaires tombés au front";"https://lalternative.info/2024/07/29/togo-kpendjal-inhumation-sans-hommage-des-militaires-tombes-au-front/"
"L'Alternative (TG)";"FR";"2026-09-20";"NOUS SOUTENIR";"/donate"
"L'Alternative (TG)";"FR";"2026-09-20";"À propos";"https://lalternative.info/about-us/"
"L'Alternative (TG)";"FR";"2026-09-20";"Faire un don";"https://lalternative.info/donate/"
"L'Alternative (TG)";"FR";"2026-09-20";"Abonnez-vous à votre journal";"https://lalternative.info/abonnez-vous-a-votre-journal/"
"L'Alternative (TG)";"FR";"2026-09-20";"Journal L'alternative";"https://lalternative.info/author/lalternative24/"
"L'Alternative (TG)";"FR";"2026-09-20";"Togo- Journaliste kidnappé, torturé puis jeté dans la brousse… à qui profite le crime ?";"https://lalternative.info/2026/09/09/togo-journaliste-kidnappe-torture-puis-jete-dans-la-brousse-a-qui-profite-le-crime/"
"L'Alternative (TG)";"FR";"2026-09-20";"Diplomatie : deux français arrêtés au Togo, Faure Gnassingbé veut l’extradition de Ferdinand AYITE contre leur libération";"https://lalternative.info/2026/08/18/diplomatie-deux-francais-arretes-au-togo-faure-gnassingbe-veut-lextradition-de-ferdinand-ayite-contre-leur-liberation/"
"L'Alternative (TG)";"FR";"2026-09-20";"Mahama décide de consulter le peuple pour la révision constitutionnelle";"https://lalternative.info/2026/08/16/mahama-decide-de-consulter-le-peuple-pour-la-revision-constitutionnelle/"
"L'Alternative (TG)";"FR";"2026-09-20";"Togo- Tribune : La Cour de justice de la CEDEAO face à un pouvoir qui s’entête à ne jamais avoir tort";"https://lalternative.info/2026/08/10/togo-tribune-la-cour-de-justice-de-la-cedeao-face-a-un-pouvoir-qui-sentete-a-ne-jamais-avoir-tort/"
"L'Alternative (TG)";"FR";"2026-09-20";"La révision constitutionnelle ravive les tensions politiques";"https://lalternative.info/2026/08/08/la-revision-constitutionnelle-ravive-les-tensions-politiques/"
"L'Alternative (TG)";"FR";"2026-09-20";"Togo-Tribune : Moscou tisse sa toile à Lomé";"https://lalternative.info/2026/07/30/togo-tribune-moscou-tisse-sa-toile-a-lome/"
"L'Alternative (TG)";"FR";"2026-09-20";"Togo- Hausse des prix du carburant : Deux Togolais s’affrontent, le virtuel et le réel";"https://lalternative.info/2026/09/16/togo-hausse-des-prix-du-carburant-deux-togolais-saffrontent-le-virtuel-et-le-reel/"
"L'Alternative (TG)";"FR";"2026-09-20";"Togo- Tribune : « On ne soigne pas à la tête du client »";"https://lalternative.info/2026/09/12/togo-tribune-on-ne-soigne-pas-a-la-tete-du-client/"
"L'Alternative (TG)";"FR";"2026-09-20";"Togo- Tribune : Nous voulons savoir ce que vous reprochez à Fred Vedomey";"https://lalternative.info/2026/08/28/togo-tribune-nous-voulons-savoir-ce-que-vous-reprochez-a-fred-vedomey/"
"L'Alternative (TG)";"FR";"2026-09-20";"TRIBUNE- Coupe du monde 2026 : Pourquoi les sélections africaines s’effondrent en fin de match";"https://lalternative.info/2026/07/05/tribune-coupe-du-monde-2026-pourquoi-les-selections-africaines-seffondrent-en-fin-de-match/"
"L'Alternative (TG)";"FR";"2026-09-20";"Togo- Une augmentation de 137 F CFA sur le litre du super sans plomb en 3 mois";"https://lalternative.info/2026/09/11/togo-une-augmentation-de-137-f-cfa-sur-le-litre-du-super-sans-plomb-en-3-mois/"
"L'Alternative (TG)";"FR";"2026-09-20";"« Le peuple ne mange pas les notations » : Oligui Nguema dans le concret, Faure Gnassingbé dans les chiffres fabriqués";"https://lalternative.info/2026/09/10/le-peuple-ne-mange-pas-les-notations-oligui-nguema-dans-le-concret-faure-gnassingbe-dans-les-chiffres-fabriques/"
"L'Alternative (TG)";"FR";"2026-09-20";"Togo- Enquêtes sur la pauvreté : les Togolais végètent dans la misère, le gouvernement s’intéresse aux chiffres";"https://lalternative.info/2026/09/08/togo-enquetes-sur-la-pauvrete-les-togolais-vegetent-dans-la-misere-le-gouvernement-sinteresse-aux-chiffres/"
"L'Alternative (TG)";"FR";"2026-09-20";"Togo- OTR : Éric Amouzou Folly le mari d’une des inspectrices, arrêté";"https://lalternative.info/2026/09/07/togo-otr-eric-amouzou-folly-le-mari-dune-des-inspectrices-arrete/"
"L'Alternative (TG)";"FR";"2026-09-20";"Togo- Les dirigeants africains en chantiers, Faure Gnassingbé fête la correction du « Map »";"https://lalternative.info/2026/09/13/togo-quand-les-dirigeants-africains-sont-sur-les-chantiers-faure-gnassingbe-fete-la-correction-du-map/"
"L'Alternative (TG)";"FR";"2026-09-20";"Togo- Encore un scandale à l’OTR : des cadres de la DGI en garde à vue à la DCPJ";"https://lalternative.info/2026/09/06/togo-encore-un-scandale-a-lotr-des-cadres-de-la-dgi-en-garde-a-vue-a-la-dcpj/"
"L'Alternative (TG)";"FR";"2026-09-20";"Togo- Des partis politiques et OSC apportent leur soutien à Ferdinand Ayité et autres activistes en danger";"https://lalternative.info/2026/09/03/togo-des-partis-politiques-et-osc-apportent-leur-soutien-a-ferdinand-ayite-et-autres-activistes-en-danger/"
"L'Alternative (TG)";"FR";"2026-09-20";"Offre d’emploi/L’ALTERNATIVE";"https://lalternative.info/2024/03/07/offre-demploi-lalternative/"
"L'Alternative (TG)";"FR";"2026-09-20";"Les conseils d’administration de 10 sociétés d’Etat dissous, Mahama met en garde ministres et directeurs de sociétés";"https://lalternative.info/2026/09/03/les-conseils-dadministration-de-10-societes-detat-dissous-mahama-met-en-garde-ministres-et-directeurs-de-societes/"
"L'Alternative (TG)";"FR";"2026-09-20";"Isidore kouwonou";"https://lalternative.info/author/ksisdore/"
"L'Alternative (TG)";"FR";"2026-09-20";"Kossi LAMBA";"https://lalternative.info/author/kossi-lamba/"
"L'Alternative (TG)";"FR";"2026-09-20";"L'Alternative";"https://lalternative.info/author/equipeedito/"
"L'Alternative (TG)";"FR";"2026-09-20";"La CCJA condamne définitivement l’UTB à verser plus de 2,5 milliards de FCFA à TMI";"https://lalternative.info/2026/07/22/la-ccja-condamne-definitivement-lutb-a-verser-plus-de-25-milliards-de-fcfa-a-tmi/"
"L'Alternative (TG)";"FR";"2026-09-20";"Togo- Scandale à l’OTR : Donko Bileyo et Klouvi Dedegan inculpées par le doyen des juges";"https://lalternative.info/2026/05/17/togo-scandale-a-lotr-donko-bileyo-et-klouvi-dedegan-inculpees-par-le-doyen-des-juges/"
"L'Alternative (TG)";"FR";"2026-09-20";"Togo- OTR : Donko Bileyo virée, plainte contre Ferdinand Ayité retirée";"https://lalternative.info/2026/04/19/togo-otr-donko-bileyo-viree-plainte-contre-ferdinand-ayite-retiree/"
"L'Alternative (TG)";"FR";"2026-09-20";"Togo- OTR : le CENTIF saisit le procureur, le doyen des juges d’instruction ouvre une enquête, un autre compte de 530 millions découverts à NSIA";"https://lalternative.info/2026/04/05/togo-otr-le-centif-saisit-le-procureur-le-doyen-des-juges-dinstruction-ouvre-une-enquete-un-autre-compte-de-530-millions-decouverts-a-nsia/"
"L'Alternative (TG)";"FR";"2026-09-20";"John Mahama offre des billets de la Coupe du monde à la diaspora ghanéenne";"https://lalternative.info/2026/06/01/john-mahama-offre-des-billets-de-la-coupe-du-monde-a-la-diaspora-ghaneenne/"
"L'Alternative (TG)";"FR";"2026-09-20";"View all posts";"https://lalternative.info/author/lalternative24/"
"L'Alternative (TG)";"FR";"2026-09-20";"Facebook";"https://www.facebook.com/sharer/sharer.php?u=https://lalternative.info/"
"L'Alternative (TG)";"FR";"2026-09-20";"Twitter";"https://twitter.com/intent/tweet?text=Check%20out%20this%20article:%20Accueil%20-%20https://lalternative.info/"
"L'Alternative (TG)";"FR";"2026-09-20";"Pinterest";"https://www.pinterest.com/pin/create/button/?url=https%3A%2F%2Flalternative.info%2F&description=Accueil"
"L'Alternative (TG)";"FR";"2026-09-20";"Whatsapp";"https://api.whatsapp.com/send?text=Accueil %0A%0A https%3A%2F%2Flalternative.info%2F"
"L'Alternative (TG)";"FR";"2026-09-20";"Telegram";"https://telegram.me/share/url?url=https%3A%2F%2Flalternative.info%2F&text=Accueil"
"L'Alternative (TG)";"FR";"2026-09-20";"Email";"mailto:?subject=Accueil&BODY=https://lalternative.info/"
"L'Alternative (TG)";"FR";"2026-09-20";"À propos";"/about-us"
"L'Alternative (TG)";"FR";"2026-09-20";"Politique de confidentialité";"/privacy-policy"
"L'Alternative (TG)";"FR";"2026-09-20";"Conditions d'utilisation";"/conditions-dutilisation"
"L'Alternative (TG)";"FR";"2026-09-20";"Règlementation européenne";"https://lalternative.info/reglementation-europeenneeu/"
"L'Alternative (TG)";"FR";"2026-09-20";"Facebook";"https://www.facebook.com/profile.php?id=61556605160366"
"L'Alternative (TG)";"FR";"2026-09-20";"Twitter";"https://twitter.com/lalternative_of"
"L'Alternative (TG)";"FR";"2026-09-20";"Instagram";"https://www.instagram.com/lalternative_of/"
"L'Alternative (TG)";"FR";"2026-09-20";"Youtube";"https://www.youtube.com/channel/UCk6JMYUcGDarZYNb-mPPLPA"
"L'Alternative (TG)";"FR";"2026-09-20";"Gérer les options";"#"
"L'Alternative (TG)";"FR";"2026-09-20";"Gérer les services";"#"
"L'Alternative (TG)";"FR";"2026-09-20";"Gérer {vendor_count} fournisseurs";"#"
"L'Alternative (TG)";"FR";"2026-09-20";"En savoir plus sur ces finalités";"https://cookiedatabase.org/tcf/purposes/"
"L'Alternative (TG)";"FR";"2026-09-20";"Voir les préférences";"#"
"L'Alternative (TG)";"FR";"2026-09-20";"{title}";"#"
"L'Alternative (TG)";"FR";"2026-09-20";"Queue";"#"
"L'Alternative (TG)";"FR";"2026-09-20";"Flash plugin";"http://get.adobe.com/flashplayer/"
"Laabali (TG)";"FR";"2026-09-20";"Africa-Newsroom";"https://laabali.com/africa-newsroom/"
"Laabali (TG)";"FR";"2026-09-20";"...";"#"
"Laabali (TG)";"FR";"2026-09-20";"Inspection de Tone 2: Les populations apportent leurs contributions";"https://laabali.com/post/15567/inspection-de-tone-2-les-populations-apportent-leurs-contributions/ "
"Laabali (TG)";"FR";"2026-09-20";"« Mais aujourd'hui, est-ce que nous sommes à la fin du terrorisme ? Personne ne saurait dire oui, parce que c'est une guerre asymétrique », Lorimpo Tchabli, Président du Mouvement en Marche";"https://laabali.com/post/15563/mais-aujourdhui-est-ce-que-nous-sommes-a-la-fin-du-terrorisme-personne-ne-saurait-dire-oui-parce-que-cest-une-guerre-asymetrique-lorimpo-tchabli-president-du-mouvement-en/ "
"Laabali (TG)";"FR";"2026-09-20";"Harmonisations terminologiques dans les langues Moba et Gulmancema : Pr Kantchoa Laré mobilise les personnes ressources";"https://laabali.com/post/15556/harmonisations-terminologiques-dans-les-langues-moba-et-gulmancema-pr-kantchoa-lare-mobilise-les-personnes-ressources/ "
"Laabali (TG)";"FR";"2026-09-20";"La Fédération nationale des maisons familiales de formation rurale du Togo lance un appel à projet de Construction de 50 poulaillers traditionnels améliorés au profit des bénéficiaires de l’IFAD Elevage Barkoissi et 30 poulaillers améliorés au profit des bénéficiaires de la FMFRT";"https://laabali.com/post/15553/la-federation-nationale-des-maisons-familiales-de-formation-rurale-du-togo-lance-un-appel-a-projet-de-construction-de-50-poulaillers-traditionnels-ameliores-au-profit-des-beneficiaires-de-lif/ "
"Laabali (TG)";"FR";"2026-09-20";"La Fédération nationale des maisons familiales de formation rurale du Togo lance un appel à projet de Construction de 50 poulaillers traditionnels améliorés au profit des bénéficiaires de l’IFAD Elevage Barkoissi et 30 poulaillers améliorés au profit des bénéficiaires de la FMFRT";"https://laabali.com/?p=15553"
"Laabali (TG)";"FR";"2026-09-20";"Enfants en situation de handicap: Aphmoto soutient en kits scolaires à Dapaong";"https://laabali.com/?p=15515"
"Laabali (TG)";"FR";"2026-09-20";"Ponio : 30 femmes formées aux activités génératrices de revenus";"https://laabali.com/?p=15505"
"Laabali (TG)";"FR";"2026-09-20";"Accès à l’eau potable : Lancement d’un projet d’adduction d’eau et d’assainissement à Tidjoate-Lambounte";"https://laabali.com/?p=15461"
"Laabali (TG)";"FR";"2026-09-20";"Violences basées sur le genre : AFE sensibilise les communautés à Cinkassé";"https://laabali.com/?p=15384"
"Laabali (TG)";"FR";"2026-09-20";"INADES-Formation : 4 sites maraichers/champs écoles remis aux Scoops dans les savanes";"https://laabali.com/?p=15139"
"Laabali (TG)";"FR";"2026-09-20";"JII 2026 : Dans les Savanes, les infirmiers célébrés pour leur résilience";"https://laabali.com/?p=15103"
"Laabali (TG)";"FR";"2026-09-20";"Dapaong : A2FHV-S sensibilise des acteurs du bâtiment à l’accessibilité des infrastructures publiques";"https://laabali.com/?p=15076"
"Laabali (TG)";"FR";"2026-09-20";"Nadjoundi: ""Les droits de femmes ne donnent pas droit aux femmes de frapper leurs maris""";"https://laabali.com/?p=14881"
"Laabali (TG)";"FR";"2026-09-20";"Yark Damehamme: L’insubmersible général qui murmure aux oreilles de Faure Gnassimgbé";"https://laabali.com/?p=14271"
"Laabali (TG)";"FR";"2026-09-20";"Dapaong : les défis de l’assainissement toujours présents !";"https://laabali.com/?p=13413"
"Laabali (TG)";"FR";"2026-09-20";"Accès à l’eau potable : L’ONG MECAP cultive l’espoir pour la fin de la soif dans les Savanes";"https://laabali.com/?p=13297"
"Laabali (TG)";"FR";"2026-09-20";"Sanloaga (Togo): «Ils enlèvent nos jeunes garçons pour en faire des combattants» 15049 vues";"
                                        https://laabali.com/post/6306/sanloaga-togo-ils-enlevent-nous-jeunes-garcons-pour-en-faire-des-combattants/                                        
                                        "
"Laabali (TG)";"FR";"2026-09-20";"Dapaong: Ouverture du 1e Forum des producteurs agricoles (FOPAT) 13844 vues";"
                                        https://laabali.com/post/6477/dapaong-ouverture-du-1e-forum-des-producteurs-agricoles-fopat/                                        
                                        "
"Laabali (TG)";"FR";"2026-09-20";"TGI/Dapaong: Le départ du président et son équipe fait des mécontents 12864 vues";"
                                        https://laabali.com/post/192/tgi-dapaong-le-depart-du-president-et-son-equipe-fait-des-mecontents/                                        
                                        "
"Laabali (TG)";"FR";"2026-09-20";"Savanes: Les FAT repoussent une attaque, deux assaillants neutralisés 7376 vues";"
                                        https://laabali.com/post/5663/savanes-les-fat-repoussent-une-attaque-deux-assaillants-neutralises/                                        
                                        "
"Laabali (TG)";"FR";"2026-09-20";"Contre le terrorisme: Le Togo fait appel à ses anciens soldats 4294 vues";"
                                        https://laabali.com/post/6743/contre-le-terrorisme-le-togo-fait-appel-a-ses-anciens-soldats/                                        
                                        "
"Laabali (TG)";"FR";"2026-09-20";"Le Maire Monoka Laré et la commune de Tandjouaré 1";"https://laabali.com/post/12171/monoka-lare/"
"Laabali (TG)";"FR";"2026-09-20";"par Edouard Samboe";"#"
"Laabali (TG)";"FR";"2026-09-20";"Suka ou l'art divinatoire: Foi ou culture moba ?";"https://laabali.com/post/12078/suka-ou-lart-divinatoire-foi-ou-culture-moba/"
"Laabali (TG)";"FR";"2026-09-20";"Togo/Education: Diagnostic d'un secteur en panne de repères";"https://laabali.com/post/6749/togo-education-diagnostic-dun-secteur-en-pannes-de-reperes/"
"Laabali (TG)";"FR";"2026-09-20";"Contre le terrorisme: Le Togo fait appel à ses anciens soldats";"https://laabali.com/post/6743/contre-le-terrorisme-le-togo-fait-appel-a-ses-anciens-soldats/"
"Laabali (TG)";"FR";"2026-09-20";"«Le pouvoir doit faire en sorte qu'il y ait moins de frustrations sur les plans politiques et économiques», Pr David Dosseh, OSC";"https://laabali.com/post/6688/le-pouvoir-doit-faire-en-sorte-quil-y-ait-moins-de-frustrations-sur-les-plans-politiques-et-economiques-pr-david-dosseh-osc/"
"Laabali (TG)";"FR";"2026-09-20";"FOPAT: A Dapaong , les producteurs veulent des usines de transformations de tomates";"https://laabali.com/post/6533/fopat-a-dapaong-les-producteurs-veulent-des-usines-de-transformations-de-tomates/"
"Laabali (TG)";"FR";"2026-09-20";"Dapaong: Ouverture du 1e Forum des producteurs agricoles (FOPAT)";"https://laabali.com/post/6477/dapaong-ouverture-du-1e-forum-des-producteurs-agricoles-fopat/"
"Laabali (TG)";"FR";"2026-09-20";"Frontière Burkina-Togo: Le durcissement des mesures sécuritaires impacte Kompienga";"https://laabali.com/post/6464/frontiere-burkina-togo-le-durcissement-des-mesures-securitaires-impacte-kompienga/"
"Laabali (TG)";"FR";"2026-09-20";"Sanloaga (Togo): «Ils enlèvent nos jeunes garçons pour en faire des combattants» 15049 vues";" https://laabali.com/post/6306/sanloaga-togo-ils-enlevent-nous-jeunes-garcons-pour-en-faire-des-combattants/ "
"Laabali (TG)";"FR";"2026-09-20";"Dapaong: Ouverture du 1e Forum des producteurs agricoles (FOPAT) 13844 vues";" https://laabali.com/post/6477/dapaong-ouverture-du-1e-forum-des-producteurs-agricoles-fopat/ "
"Laabali (TG)";"FR";"2026-09-20";"TGI/Dapaong: Le départ du président et son équipe fait des mécontents 12864 vues";" https://laabali.com/post/192/tgi-dapaong-le-depart-du-president-et-son-equipe-fait-des-mecontents/ "
"Laabali (TG)";"FR";"2026-09-20";"CrEaT";""
"Fraternité Matin (CI)";"FR";"2026-09-20";"Dr Bamba Maférima Fouété, maire de Séguéla : les derniers chapitres d’une vie au service des autres";"https://www.fratmat.info/article/2644650/societe/dr-bamba-maferima-fouete-maire-de-seguela-les-derniers-chapitres-dune-vie-au-service-des-autres"
"Fraternité Matin (CI)";"FR";"2026-09-20";"Bocuse d’Or Afrique 2026 : La participation historique de la Côte d’Ivoire compromise, un SOS lancé";"https://www.fratmat.info/article/2644646/culture/bocuse-dor-afrique-2026-la-participation-historique-de-la-cote-divoire-compromise-un-sos-lance"
"Fraternité Matin (CI)";"FR";"2026-09-20";"Intelligence artificielle : La Chine construit des robots au service des populations";"https://www.fratmat.info/article/2644644/economie/intelligence-artificielle-la-chine-construit-des-robots-au-service-des-populations"
"Fraternité Matin (CI)";"FR";"2026-09-20";"19 septembre 2002 : 24 ans après, la Côte d’Ivoire se souvient de la nuit qui a brisé l’unité du pays";"https://www.fratmat.info/article/2644636/politique/19-septembre-2002-24-ans-apres-la-cote-divoire-se-souvient-de-la-nuit-qui-a-brise-lunite-du-pays"
"Fraternité Matin (CI)";"FR";"2026-09-20";"Traitement de l’eau usée, eau de mer, fleuve, lagune… : Un groupe chinois s’intéresse à l’Afrique";"https://www.fratmat.info/article/2644634/economie/traitement-de-leau-usee-eau-de-mer-fleuve-lagune-un-groupe-chinois-sinteresse-a-lafrique"
"Fraternité Matin (CI)";"FR";"2026-09-20";"Coopération ONU-Côte d’Ivoire : Nialé Kaba appelle à plus de synergie";"https://www.fratmat.info/article/2644628/politique/cooperation-onu-cote-divoire-niale-kaba-appelle-a-plus-de-synergie"
"Le Faso (BF)";"FR";"2026-09-20";"Contact";"https://lefaso.net/spip.php?article64819"
"Le Faso (BF)";"FR";"2026-09-20";"Contactez-nous";"https://lefaso.net/spip.php?article64819"
"Le Faso (BF)";"FR";"2026-09-20";"Burkina Faso–Niger : Ouagadougou réaffirme sa solidarité avec Niamey";"https://lefaso.netspip.php?article149352"
"Le Faso (BF)";"FR";"2026-09-20";"Musée national : L’exposition « Rupture » invite à repenser l’art et le rapport à la société";"https://lefaso.netspip.php?article149350"
"Le Faso (BF)";"FR";"2026-09-20";"Espace AES : Les régulateurs des médias créent une plateforme pour renforcer la souveraineté informationnelle";"https://lefaso.net/spip.php?article149342"
"Le Faso (BF)";"FR";"2026-09-20";"Lutte contre le terrorisle au Mali : L’Armée annonce la destruction de plusieurs positions de groupes armés";"https://lefaso.net/spip.php?article149345"
"Le Faso (BF)";"FR";"2026-09-20";"Paix et cohésion sociale au Burkina Faso : L’organisation “GRET” partage ses travaux avec le ministère de la Famille";"https://lefaso.net/spip.php?article149341"
"Le Faso (BF)";"FR";"2026-09-20";"Burkina Faso/ Enseignement militaire supérieur : Le Premier ministre, Rimtalba Jean Emmanuel Ouédraogo ouvre officiellement l’École de guerre";"https://lefaso.net/spip.php?article149320"
"Le Faso (BF)";"FR";"2026-09-20";"Affaire Lionel Bilgo : Le blanchiment de capitaux conduit le TGI de Bobo-Dioulasso à se dessaisir au profit du pôle ECOFI";"https://lefaso.net/spip.php?article149318"
"Le Faso (BF)";"FR";"2026-09-20";"Affaire Lionel Bilgo : Le Parquet demande le dessaisissement du TGI au profit du pôle ECOFI";"https://lefaso.net/spip.php?article149318"
"Le Faso (BF)";"FR";"2026-09-20";"Révolution progressiste populaire : Une nuit de célébration annoncée le 30 septembre au Burkina";"https://lefaso.net/spip.php?article149306"
"Le Faso (BF)";"FR";"2026-09-20";"Administration publique : Une Inspection générale pour mieux gérer les ressources humaines";"https://lefaso.net/spip.php?article149309"
"Le Faso (BF)";"FR";"2026-09-20";"SITHO 2026 : « Il y a un potentiel énorme à présenter aux investisseurs », affirme le directeur général de Faso Tourisme";"https://lefaso.netspip.php?article149351"
"Le Faso (BF)";"FR";"2026-09-20";"Volontariat national : Le Burkina Faso ambitionne de constituer un vivier d’un million de réservistes en cinq ans";"https://lefaso.netspip.php?article149349"
"Le Faso (BF)";"FR";"2026-09-20";"Burkina/Solidarité : Action contre la faim réaffirme son soutien aux populations vulnérables";"https://lefaso.netspip.php?article149348"
"Le Faso (BF)";"FR";"2026-09-20";"Résultats du tirage du Faso Loto MAGIC du Samedi du 19 septembre 2026";"https://lefaso.netspip.php?article149347"
"Le Faso (BF)";"FR";"2026-09-20";"Comment le Burkina finance sa lutte contre le terrorisme";"https://lefaso.netspip.php?article149346"
"Le Faso (BF)";"FR";"2026-09-20";"Lutte contre le terrorisle au Mali : L’Armée annonce la destruction de plusieurs positions de groupes armés";"https://lefaso.netspip.php?article149345"
"Le Faso (BF)";"FR";"2026-09-20";"‎In memoria : Madame OUEDRAOGO Rose épouse FOROGO ‎";"https://lefaso.netspip.php?article149353"
"Le Faso (BF)";"FR";"2026-09-20";"Espace AES : Les régulateurs des médias créent une plateforme pour renforcer la souveraineté informationnelle";"https://lefaso.netspip.php?article149342"
"Le Faso (BF)";"FR";"2026-09-20";"Dynamiques organisationnelles et interactions des acteurs de la filière bétail-viande au Burkina Faso";"https://lefaso.netspip.php?article149344"
"Le Faso (BF)";"FR";"2026-09-20";"SAMAO 2026 : Quatre recommandations stratégiques pour un secteur extractif souverain";"https://lefaso.netspip.php?article149343"
"Le Faso (BF)";"FR";"2026-09-20";"Burkina/Numérique : Taw Taw, vers une nouvelle expérience du e-commerce et des services du quotidien";"https://lefaso.netspip.php?article149340"
"Le Faso (BF)";"FR";"2026-09-20";"Burkina : Le projet de promotion de l’emploi des jeunes dans la filière lait local referme ses portes";"https://lefaso.netspip.php?article149330"
"Le Faso (BF)";"FR";"2026-09-20";"Burkina : Ibrahim Traoré à Bobo-Dioulasso pour inaugurer deux infrastructures stratégiques";"https://lefaso.netspip.php?article149097"
"Le Faso (BF)";"FR";"2026-09-20";"‎Burkina : La Présidence du Faso lance le concours Hakili Mousso pour détecter les talents scientifiques féminins";"https://lefaso.netspip.php?article148857"
"Le Faso (BF)";"FR";"2026-09-20";"Immersion patriotique obligatoire 2026 : Le capitaine Ibrahim Traoré exhorte les jeunes à éviter le chemin de la facilité et à servir la patrie";"https://lefaso.netspip.php?article148839"
"Le Faso (BF)";"FR";"2026-09-20";"Assemblée législative du peuple : Mathieu Boro fait ses premiers pas à l’hémicycle et promet de porter la voix des Burkinabè";"https://lefaso.netspip.php?article148412"
"Le Faso (BF)";"FR";"2026-09-20";"Commémoration du 5 août : Le Chef de l’Etat appelle à un engagement collectif pour un Burkina Faso libre et souverain";"https://lefaso.netspip.php?article148401"
"Le Faso (BF)";"FR";"2026-09-20";"Commémoration du 4 août 2026 : Le capitaine Ibrahim Traoré invite les Burkinabè à poursuivre l’idéal révolutionnaire ‎";"https://lefaso.netspip.php?article148380"
"Le Faso (BF)";"FR";"2026-09-20";"Burkina/Contrat d’objectifs 2026 : Le ministre de l’Économie et des Finances affiche un taux d’exécution de 60,66 % à mi-parcours";"https://lefaso.netspip.php?article148277"
"Le Faso (BF)";"FR";"2026-09-20";"Paix et cohésion sociale au Burkina Faso : L’organisation “GRET” partage ses travaux avec le ministère de la Famille";"https://lefaso.netspip.php?article149341"
"Le Faso (BF)";"FR";"2026-09-20";"Burkina Faso : La Gendarmerie nationale recherche Pierre Zida alias “Le Maire”";"https://lefaso.netspip.php?article149336"
"Le Faso (BF)";"FR";"2026-09-20";"Affaire Lionel Bilgo : Le blanchiment de capitaux conduit le TGI de Bobo-Dioulasso à se dessaisir au profit du pôle ECOFI";"https://lefaso.netspip.php?article149318"
"Le Faso (BF)";"FR";"2026-09-20";"Les 100 Visages du Burkina Digital : Manegaouindé Roland Tougma, l’intelligence artificielle à l’épreuve du terrain";"https://lefaso.netspip.php?article149329"
"Le Faso (BF)";"FR";"2026-09-20";"Burkina/Santé : « Il ne faut jamais appliquer d’eau glacée sur une brûlure », prévient Dr Gérard Sanou, chirurgien pédiatre";"https://lefaso.netspip.php?article149322"
"Le Faso (BF)";"FR";"2026-09-20";"Burkina/Enseignement militaire supérieur : Le Premier ministre, Rimtalba Jean Emmanuel Ouédraogo ouvre officiellement l’École de guerre";"https://lefaso.netspip.php?article149320"
"Le Faso (BF)";"FR";"2026-09-20";"SAMAO 2026 : Le Burkina Faso plaide pour une gouvernance souveraine et intégrée des ressources minières";"https://lefaso.netspip.php?article149332"
"Le Faso (BF)";"FR";"2026-09-20";"Burkina : Le ministère de l’Économie alerte contre une arnaque sur la plateforme “PrimeAura”";"https://lefaso.netspip.php?article149337"
"Le Faso (BF)";"FR";"2026-09-20";"Microfinance : CODEC-Ouaga se conforme aux nouvelles règlementations";"https://lefaso.netspip.php?article149310"
"Le Faso (BF)";"FR";"2026-09-20";"FIPE-UEMOA : Un Prix Abdoulaye Diop et une journée dédiée à l’UEMOA annoncés pour la prochaine édition";"https://lefaso.netspip.php?article149276"
"Le Faso (BF)";"FR";"2026-09-20";"UEMOA : Le président de la commission, Abdoulaye Diop, invite les journalistes économiques à aller au-delà du simple compte rendu";"https://lefaso.netspip.php?article149277"
"Le Faso (BF)";"FR";"2026-09-20";"UEMOA : Les journalistes des huit États membres appelés à mieux faire connaître les chantiers de l’organisation";"https://lefaso.netspip.php?article149215"
"Le Faso (BF)";"FR";"2026-09-20";"FIFA : Gianni Infantino entraîne Samuel Eto’o dans sa chute inexorable";"https://lefaso.netspip.php?article149333"
"Le Faso (BF)";"FR";"2026-09-20";"Irié, Traoré, Bansé, Zongo : Amir Abdou explique les forfaits et fixe ses critères de sélection";"https://lefaso.netspip.php?article149285"
"Le Faso (BF)";"FR";"2026-09-20";"Ouagadougou : La BMCRF scelle cinq commerces pour hausse illicite des prix";"https://lefaso.netspip.php?article149286"
"Le Faso (BF)";"FR";"2026-09-20";"Burkina : L’ambassadeur pour le Sport, Charles Kaboré, lance un tournoi de détection de talents pour les moins de 18 ans";"https://lefaso.netspip.php?article149235"
"Le Faso (BF)";"FR";"2026-09-20";"Football : « Les conditions de travail et de rémunération des footballeurs ne sont pas du tout satisfaisantes », déplore Ardjouma Sirima, président de l’AFBF";"https://lefaso.netspip.php?article149207"
"Le Faso (BF)";"FR";"2026-09-20";"Burkina / Femmes leaders : Africa Mousso célèbre une décennie d’engagement";"https://lefaso.netspip.php?article149291"
"Le Faso (BF)";"FR";"2026-09-20";"RIPO 2026 : Une 6ᵉ édition placée sous le signe de l’art face aux mutations de l’écosystème numérique";"https://lefaso.netspip.php?article149136"
"Le Faso (BF)";"FR";"2026-09-20";"Burkina/Cinéma : « Tilaï » d’Idrissa Ouédraogo ouvre la 8ᵉ édition de la SECRICO";"https://lefaso.netspip.php?article149131"
"Le Faso (BF)";"FR";"2026-09-20";"Burkina/ Religion : La Mission jeunes de la Communauté du chemin neuf célèbre 25 ans de grâces, de mission et d’espérance";"https://lefaso.netspip.php?article149040"
"Le Faso (BF)";"FR";"2026-09-20";"Semaine de l’hôtelier 2026 : Bobo-Dioulasso accueille dix jours de formation, d’innovation et de réseautage";"https://lefaso.netspip.php?article149010"
"Le Faso (BF)";"FR";"2026-09-20";"Crise sécuritaire : Le Burkina et le HCR saluent le retour de plus d’1,4 million de déplacés internes";"https://lefaso.netspip.php?article149289"
"Le Faso (BF)";"FR";"2026-09-20";"Coopération Burkina-Chine : Des Burkinabè s’approprient la technologie de juncao pour la production de fourrage et de champignons comestibles";"https://lefaso.netspip.php?article149278"
"Le Faso (BF)";"FR";"2026-09-20";"Burkina : Le passeport burkinabè offre l’accès à 37 destinations africaines et à 64 autres à travers le monde sans visa classique";"https://lefaso.netspip.php?article149242"
"Le Faso (BF)";"FR";"2026-09-20";"XVIIIe Sommet des BRICS : L’Union africaine plaide pour l’accès durable à l’eau et un partenariat renforcé entre l’Afrique et les pays émergents";"https://lefaso.netspip.php?article149212"
"Le Faso (BF)";"FR";"2026-09-20";"Coopération Burkina - Chine : Un colloque pour tirer les leçons de l’expérience chinoise";"https://lefaso.netspip.php?article149186"
"Le Faso (BF)";"FR";"2026-09-20";"Les 100 Visages du Burkina Digital : Serge Alias Wilfried KY, un bâtisseur de plateformes numériques au rayonnement régional";"https://lefaso.netspip.php?article149193"
"Le Faso (BF)";"FR";"2026-09-20";"Principales fonctionnalités IA sur le CAMON SLIM";"https://lefaso.netspip.php?article149190"
"Le Faso (BF)";"FR";"2026-09-20";"Burkina/Photographie : Ces femmes qui forcent l’admiration derrière leurs appareils photos";"https://lefaso.netspip.php?article149149"
"Le Faso (BF)";"FR";"2026-09-20";"Les 100 Visages du Burkina Digital : Allassani Ouédraogo, un pionnier de l’informatique administrative burkinabè";"https://lefaso.netspip.php?article149138"
"Le Faso (BF)";"FR";"2026-09-20";"Comment protéger votre vie privée face au traçage massif sur Internet ?";"https://lefaso.netspip.php?article149122"
"Le Faso (BF)";"FR";"2026-09-20";"Offre de formation en cybersécurité du 15 mai au 20 juillet 2024";"https://lefaso.netspip.php?article130136"
"Le Faso (BF)";"FR";"2026-09-20";"Vœux de nouvel an de Dre Lydia ROUAMBA, Directrice Générale du Centre national de l’Information, de l’Orientation Scolaire et Professionnelle, et des Bourses (CIOSPB)";"https://lefaso.netspip.php?article118725"
"Le Faso (BF)";"FR";"2026-09-20";"CIOSPB : La République de la Tunisie met à la disposition du Burkina Faso des bourses études pour l’année académique 2022-2023";"https://lefaso.netspip.php?article115137"
"Le Faso (BF)";"FR";"2026-09-20";"7e édition de la Semaine nationale de l’Information et de l’Orientation (SIO) : Le Centre National des Œuvres Universitaires (CENOU) communique sur ses prestations aux nouveaux bacheliers";"https://lefaso.netspip.php?article114708"
"Le Faso (BF)";"FR";"2026-09-20";"Année académique 2022-2023 : Le Royaume du Maroc met à la disposition du Burkina Faso, cent-vingt (120) bourses d’études";"https://lefaso.netspip.php?article113781"
"Le Faso (BF)";"FR";"2026-09-20";"Décès de Mardia Alain Bruno SANGLI : Faire part et remerciements";"https://lefaso.netspip.php?article147027"
"Le Faso (BF)";"FR";"2026-09-20";"Les filières pour la rentrée académique 2026-2027 à l’école supérieure de commerce de Ouagadougou";"https://lefaso.netspip.php?article148486"
"Le Faso (BF)";"FR";"2026-09-20";"Nouveauté ! Le Faso Loto 5/90, c’est désormais tous les jours du lundi au dimanche";"https://lefaso.netspip.php?article148865"
"Le Faso (BF)";"FR";"2026-09-20";"Bobo-Dioulasso : L’université Nazi-Boni s’offre un complexe pédagogique moderne";"https://lefaso.netspip.php?article149179"
"Le Faso (BF)";"FR";"2026-09-20";"Bobo-Dioulasso : Lancement de la 2ᵉ édition de la Semaine de l’hôtellerie sous le signe de l’innovation et de la souveraineté";"https://lefaso.netspip.php?article149177"
"Le Faso (BF)";"FR";"2026-09-20";"Musique : L’artiste Tim Winsey dévoile deux nouveaux albums à Ouagadougou";"https://lefaso.netspip.php?article144306"
"Le Faso (BF)";"FR";"2026-09-20";"Burkina/Littérature : L’ancien maire de Falagountou, Saïdou Maïga, livre les coulisses de son expérience d’élu local dans un ouvrage";"https://lefaso.netspip.php?article149251"
"Le Faso (BF)";"FR";"2026-09-20";"Avis de recrutement de d’un Administrateur délégué H/F";"https://lefaso.netspip.php?article149295"
"Le Faso (BF)";"FR";"2026-09-20";"SUNU assurances vie Burkina Faso : Avis aux assurés et ayants droit dont les contrats sont arrivés à échéance";"https://lefaso.netspip.php?article149233"
"Le Faso (BF)";"FR";"2026-09-20";"Résultats du tirage du Faso Loto ETOILE BONHEUR du 17 septembre 2026";"https://lefaso.netspip.php?article149294"
"Le Faso (BF)";"FR";"2026-09-20";"Résultats du tirage du Faso Loto KOUNANDIA du mercredi 16 septembre 2026";"https://lefaso.netspip.php?article149265"
"Le Faso (BF)";"FR";"2026-09-20";"Rentrée académique 2026-2027 : les inscriptions sont ouvertes à l’ISCOM";"https://lefaso.netspip.php?article149248"
"Le Faso (BF)";"FR";"2026-09-20";"Année scolaire 2026-2027 : Inscriptions et réinscriptions ouvertes à l’école bilingue ""La Grâce Divine Internationale""";"https://lefaso.netspip.php?article149246"
"Le Faso (BF)";"FR";"2026-09-20";"Avis d’appel à proposition : Location de matériel et d’équipement pour la foire transfrontalière SKBOWA à Bobo-Dioulasso";"https://lefaso.netspip.php?article149232"
"Le Faso (BF)";"FR";"2026-09-20";"Décès de Madame ZOUNGRANA/KABORÉ Dakiswinigda Rose Aïda : Remerciements";"https://lefaso.netspip.php?article148376"
"Le Faso (BF)";"FR";"2026-09-20";"Messe de requiem de Dima Fidéle";"https://lefaso.netspip.php?article148292"
"Le Faso (BF)";"FR";"2026-09-20";"Décès de Sompagnimdi Philippe Honoré OUEDRAOGO : REMERCIEMENTS & FAIRE-PART";"https://lefaso.netspip.php?article148049"
"Le Faso (BF)";"FR";"2026-09-20";"Programme des obsèques de Tapsoba née Nikiema G. Rosalie";"https://lefaso.netspip.php?article148026"
"Le Faso (BF)";"FR";"2026-09-20";"Décès de Zongo Kouma Bernard : Remerciements";"https://lefaso.netspip.php?article149331"
"Le Faso (BF)";"FR";"2026-09-20";"Décès de Ouédraogo née Séré Kortimi Josiane : Faire part";"https://lefaso.netspip.php?article149325"
"Le Faso (BF)";"FR";"2026-09-20";"Décès de Ouédraogo née Banaba Tilado Hadissa Valérie : Faire-part";"https://lefaso.netspip.php?article149334"
"Le Faso (BF)";"FR";"2026-09-20";"Décès de Irène ZONGO née OUÉDRAOGO : Remerciements & faire-part";"https://lefaso.netspip.php?article149312"
"Le Faso (BF)";"FR";"2026-09-20";"Décès de OUEDRAOGO Boureima : Remerciements";"https://lefaso.netspip.php?article149221"
"Le Faso (BF)";"FR";"2026-09-20";"Décès de SOW Hyacinthe : REMERCIEMENTS ET FAIRE PART";"https://lefaso.netspip.php?article149335"
"Le Faso (BF)";"FR";"2026-09-20";"Décès de Somé Kamalo Théodore : Faire-part";"https://lefaso.netspip.php?article149305"
"Le Faso (BF)";"FR";"2026-09-20";"Décès de Joséphine Marie Françoise OUÉDRAOGO : Remerciements";"https://lefaso.netspip.php?article149266"
"Le Faso (BF)";"FR";"2026-09-20";"Natation : Imann Firdaous Kouraogo, de l’amour pour l’eau aux podiums africains";"https://lefaso.netspip.php?article148974"
"Le Faso (BF)";"FR";"2026-09-20";"Coopération : Evelyne Dabiré nommée ambassadrice extraordinaire  et plénipotentiaire du Canada près le Bénin";"https://lefaso.netspip.php?article147766"
"Le Faso (BF)";"FR";"2026-09-20";"Fraude financière : La BCEAO alerte sur une fausse vidéo utilisant l’image de son gouverneur, Jean-Claude Kassi Brou";"https://lefaso.netspip.php?article149324"
"Le Faso (BF)";"FR";"2026-09-20";"Niger : Valse au sommet de l’armée deux semaines après la mutinerie de Niamey";"https://lefaso.netspip.php?article149185"
"Le Faso (BF)";"FR";"2026-09-20";"Diaspora burkinabè : L’ambassadeur Kassoum Coulibaly invite ses compatriotes du Nebraska à garder confiance dans la marche du pays et à (…)";"https://lefaso.netspip.php?article149133"
"Le Faso (BF)";"FR";"2026-09-20";"Résilience climatique et souveraineté financière : Les Tannounyan au cœur de la vulgarisation de l’assurance agropastorale";"https://lefaso.netspip.php?article148990"
"Le Faso (BF)";"FR";"2026-09-20";"Comment s’adapter aux effets des changements climatiques dans la commune rurale de Koumbia au Burkina Faso";"https://lefaso.netspip.php?article149339"
"Le Faso (BF)";"FR";"2026-09-20";"Perceptions et stratégies d’adaptation des agropasteurs du changement climatique au Burkina Faso";"https://lefaso.netspip.php?article149338"
"Le Faso (BF)";"FR";"2026-09-20";"Mise à échelle des pratiques agroforestières et forestières : cas de l’Association pour la Promotion de l’Agroforesterie et de la (…)";"https://lefaso.netspip.php?article149319"
"Le Faso (BF)";"FR";"2026-09-20";"Affaire Lionel Bilgo : Le blanchiment de capitaux conduit le TGI de Bobo-Dioulasso à se dessaisir au profit du pôle ECOFI";"https://lefaso.netspip.php?article149318#forum"
"Le Faso (BF)";"FR";"2026-09-20";"Samendéni Beach : Quand le personnel de Lefaso.net troque les flashs et les articles pour une parenthèse de détente";"https://lefaso.netspip.php?article149252#forum"
"Le Faso (BF)";"FR";"2026-09-20";"Burkina : Le ministère de l’Économie alerte contre une arnaque sur la plateforme “PrimeAura”";"https://lefaso.netspip.php?article149337#forum"
"Le Faso (BF)";"FR";"2026-09-20";"FIFA : Gianni Infantino entraîne Samuel Eto’o dans sa chute inexorable";"https://lefaso.netspip.php?article149333#forum"
"Le Faso (BF)";"FR";"2026-09-20";"Tourisme interne : De la solidarité à la découverte, Lefaso.net explore les richesses du Guiriko";"https://lefaso.netspip.php?article149313#forum"
"Le Faso (BF)";"FR";"2026-09-20";"Programme électronucléaire de l’AES : Dr Karim Kaboré plaide pour une synergie fondée sur la complémentarité des États";"https://lefaso.netspip.php?article149315#forum"
"Le Faso (BF)";"FR";"2026-09-20";"Fraude financière : La BCEAO alerte sur une fausse vidéo utilisant l’image de son gouverneur, Jean-Claude Kassi Brou";"https://lefaso.netspip.php?article149324#forum"
"Le Faso (BF)";"FR";"2026-09-20";"Burkina/Enseignement militaire supérieur : Le Premier ministre, Rimtalba Jean Emmanuel Ouédraogo ouvre officiellement l’École de guerre";"https://lefaso.netspip.php?article149320#forum"
"Le Faso (BF)";"FR";"2026-09-20";"Tribune : Plaidoyer pour une seconde chance aux jeunes égarés ou découragés";"https://lefaso.netspip.php?article149301#forum"
"Le Faso (BF)";"FR";"2026-09-20";"Mogtédo : Le chef d’État-Major de la gendarmerie exhorte à l’intégrité et à la fin des tracasseries";"https://lefaso.netspip.php?article149283#forum"
"Le Faso (BF)";"FR";"2026-09-20";"Burkina Faso/ Enseignement militaire supérieur : Le Premier ministre, Rimtalba Jean Emmanuel Ouédraogo ouvre officiellement l’École de guerre";"https://lefaso.netspip.php?article149320#forum"
"Le Faso (BF)";"FR";"2026-09-20";"Crise sécuritaire : Le Burkina et le HCR saluent le retour de plus d’1,4 million de déplacés internes";"https://lefaso.netspip.php?article149289#forum"
"Le Faso (BF)";"FR";"2026-09-20";"Mariage monogamique ou polygamique : Un choix désormais illusoire au Burkina Faso, selon Dre Lydia Rouamba";"https://lefaso.netspip.php?article141271#forum"
"Le Faso (BF)";"FR";"2026-09-20";"Administration publique : Une Inspection générale pour recenser et contrôler les agents de l’État";"https://lefaso.netspip.php?article149297#forum"
"Le Faso (BF)";"FR";"2026-09-20";"Irié, Traoré, Bansé, Zongo : Amir Abdou explique les forfaits et fixe ses critères de sélection";"https://lefaso.netspip.php?article149285#forum"
"Le Faso (BF)";"FR";"2026-09-20";"Les 100 Visages du Burkina Digital : Macaire Zongo, vingt ans à tisser les réseaux du Burkina";"https://lefaso.netspip.php?article149234#forum"
"Le Faso (BF)";"FR";"2026-09-20";"Burkina : Samdpawendé Ouédraogo réaffirme son attachement aux idéaux de la RDP et de la RPP";"https://lefaso.netspip.php?article149296#forum"
"Le Faso (BF)";"FR";"2026-09-20";"Burkina : Samdpawendé Ouédraogo invité à clarifier sa position vis-à-vis de la RPP";"https://lefaso.netspip.php?article149282#forum"
"Le Faso (BF)";"FR";"2026-09-20";"A propos...";"https://lefaso.net/spip.php?article29&rubrique17"
"Le Faso (BF)";"FR";"2026-09-20";"Publicité";"https://lefaso.net/spip.php?article5736&rubrique17t"
"Le Faso (BF)";"FR";"2026-09-20";"Partenariat";"https://lefaso.net/spip.php?article30&rubrique17"
"Le Faso (BF)";"FR";"2026-09-20";"Nous contacter";"https://lefaso.net/spip.php?article32&rubrique17"
"La Nation (BJ)";"FR";"2026-09-20";"Salon régional de l'Actionnariat: Fabien Cohovi HOUNYOVI évoque les grands enjeux";"https://lanation.bj/economie/salon-regional-de-lactionnariat-fabien-cohovi-hounyovi-evoque-les-grands-enjeux"
"La Nation (BJ)";"FR";"2026-09-20";"Salon régional de l'Actionnariat: Fabien Cohovi HOUNYOVI évoque les grands enjeux
                                                                    Lecture de 3 min";"https://lanation.bj/economie/salon-regional-de-lactionnariat-fabien-cohovi-hounyovi-evoque-les-grands-enjeux"
"La Nation (BJ)";"FR";"2026-09-20";"Électricité : le Sénégal mise sur le gaz pour réduire les factures";"https://lanation.bj/economie/electricite-le-senegal-mise-sur-le-gaz-pour-reduire-les-factures"
"La Nation (BJ)";"FR";"2026-09-20";"Politique communautaire de la concurrence de l'Uemoa: Renforcer les règles pour un marché commun plus équitable
                            
                                                            Lecture de 3 min";"https://lanation.bj/economie/politique-communautaire-de-la-concurrence-de-luemoa-renforcer-les-regles-pour-un-marche-commun-plus-equitable"
"La Nation (BJ)";"FR";"2026-09-20";"Obtention de crédit bancaire au Bénin : Quelle peine encourt l’emprunteur qui affecte son prêt à un autre projet ?
                            
                                                            Lecture de 3 min";"https://lanation.bj/economie/obtention-de-credit-bancaire-au-benin-quelle-peine-encourt-lemprunteur-qui-affecte-son-pret-a-un-autre-projet"
"La Nation (BJ)";"FR";"2026-09-20";"Salon régional de l'Actionnariat: Fabien Cohovi HOUNYOVI évoque les grands enjeux
                            
                                                            Lecture de 3 min";"https://lanation.bj/economie/salon-regional-de-lactionnariat-fabien-cohovi-hounyovi-evoque-les-grands-enjeux"
"La Nation (BJ)";"FR";"2026-09-20";"Réponse de la Bad face aux chocs énergétiques: Un appui d'environ 5,1 milliards de dollars aux économies";"https://lanation.bj/economie/reponse-de-la-bad-face-aux-chocs-energetiques-un-appui-denviron-51-milliards-de-dollars-aux-economies"
"Malijet (ML)";"FR";"2026-09-20";"Politique";"https://malijet.com/actualite-politique-au-mali"
"Malijet (ML)";"FR";"2026-09-20";"Economie";"https://malijet.com/actualite_economique_du_mali"
"Malijet (ML)";"FR";"2026-09-20";"Sports";"https://malijet.com/actualite_sportive_au_mali"
"Malijet (ML)";"FR";"2026-09-20";"Culture";"https://malijet.com/actualite_culturelle_au_mali"
"Malijet (ML)";"FR";"2026-09-20";"International";"https://malijet.com/actualite_internationale"
"Malijet (ML)";"FR";"2026-09-20";"AES";"https://malijet.com/actualite-sur-aes"
"Malijet (ML)";"FR";"2026-09-20";"Afrique";"https://malijet.com/actualite-sur-afrique"
"Malijet (ML)";"FR";"2026-09-20";"Mali : le projet de loi de finances 2027 prévoit 3 866 milliards de FCFA de recettes";"https://malijet.com/actualite_economique_du_mali/311920-mali-le-projet-de-loi-de-finances-2027-prevoit-3-866-milli.html"
"Malijet (ML)";"FR";"2026-09-20";"Urgence médicale : Le concert de Sidiki Diabaté à l’Accor Arena reporté";"https://malijet.com/actualite_musicale_malienne/311915-urgence-medicale-le-concert-de-sidiki-diabate-a-laccor-ar.html"
"Malijet (ML)";"FR";"2026-09-20";"Énergie et Mines : L’AES scelle sa souveraineté économique lors de la 1re Semaine de l’Énergie, des Mines et des Hydrocarbures";"https://malijet.com/actualite-sur-aes/311896-energie-et-mines-laes-scelle-sa-souverainete-economique-l.html"
"Malijet (ML)";"FR";"2026-09-20";"Frontières de l’AES : Le Burkina, le Mali et le Niger transforment leurs limites en espaces de paix et de coopération";"https://malijet.com/actualite-sur-aes/311857-frontieres-de-laes-le-burkina-le-mali-et-le-niger-transf.html"
"Malijet (ML)";"FR";"2026-09-20";"Football : Deux forfaits dans la liste d’Anthony Da Silva";"https://malijet.com/actualite_sportive_au_mali/311934-football-deux-forfaits-dans-la-liste-danthony-da-silva.html"
"Malijet (ML)";"FR";"2026-09-20";"Lions du Sénégal : Patrick Vieira expose son projet de quatre ans à la ministre des sports";"https://malijet.com/actualite_sportive_au_mali/311925-lions-du-senegal-patrick-vieira-expose-son-projet-de-quatr.html"
"Malijet (ML)";"FR";"2026-09-20";"Mali : le Conseil des ministres approuve la Politique nationale pénitentiaire 2026-2030";"https://malijet.com/actualite-politique-au-mali/311924-mali-le-conseil-des-ministres-approuve-la-politique-nation.html"
"Malijet (ML)";"FR";"2026-09-20";"Sénégal : Sadio Mané dévoile son projet agro-industriel SM10 Agro de 11,7 milliards de FCFA à Bambali";"https://malijet.com/actualite_economique_du_mali/311923-senegal-sadio-mane-devoile-son-projet-agro-industriel-sm10.html"
"Malijet (ML)";"FR";"2026-09-20";"Voir tout →";"https://malijet.com/actualite-politique-au-mali"
"Malijet (ML)";"FR";"2026-09-20";"CEDEAO : Birame Diop échange avec les ambassadeurs du Qatar et du Soudan";"https://malijet.com/actualite-politique-au-mali/311919-cedeao-birame-diop-echange-avec-les-ambassadeurs-du-qatar.html"
"Malijet (ML)";"FR";"2026-09-20";"Coopération : Le Mali appelle l’UNFPA à aligner ses actions sur les priorités nationales et la dynamique de l’AES";"https://malijet.com/actualite-politique-au-mali/311903-cooperation-le-mali-appelle-lunfpa-a-aligner-ses-actions.html"
"Malijet (ML)";"FR";"2026-09-20";"Mali : des OPJ formés aux nouveaux Codes pénal et de procédure pénale";"https://malijet.com/actualite-politique-au-mali/311902-mali-des-opj-formes-aux-nouveaux-codes-penal-et-de-procedu.html"
"Malijet (ML)";"FR";"2026-09-20";"Voir tout →";"https://malijet.com/actualite_economique_du_mali"
"Malijet (ML)";"FR";"2026-09-20";"Énergie et Mines : Le Mali conforte sa souveraineté énergétique au cœur de la 1re SEMH-AES à Ouagadougou";"https://malijet.com/actualite_economique_du_mali/311906-energie-et-mines-le-mali-conforte-sa-souverainete-energeti.html"
"Malijet (ML)";"FR";"2026-09-20";"Financement des entreprises : le CNPM et la BAD renforcent leur alliance pour booster le secteur privé malien";"https://malijet.com/actualite_economique_du_mali/311874-financement-des-entreprises-le-cnpm-et-la-bad-renforcent-l.html"
"Malijet (ML)";"FR";"2026-09-20";"Voir tout →";"https://malijet.com/actualite_sportive_au_mali"
"Malijet (ML)";"FR";"2026-09-20";"Stade Malien : Sghir Hammadi limogé après l’élimination en Ligue des Champions";"https://malijet.com/actualite_sportive_au_mali/311904-stade-malien-sghir-hammadi-limoge-apres-lelimination-en-l.html"
"Malijet (ML)";"FR";"2026-09-20";"2e Jeux de la Confédération de l’AES : le Burkina Faso détrône le Mali";"https://malijet.com/actualite_sportive_au_mali/311899-2e-jeux-de-la-confederation-de-laes-le-burkina-faso-detro.html"
"Malijet (ML)";"FR";"2026-09-20";"Voir tout →";"https://malijet.com/actualite_internationale"
"Malijet (ML)";"FR";"2026-09-20";"Sénégal-Émirats arabes unis : le président Faye et le cheikh Mohammed ben Zayed renforcent leur partenariat stratégique";"https://malijet.com/actualite_internationale/311881-senegal-emirats-arabes-unis-le-president-faye-et-le-cheikh.html"
"Malijet (ML)";"FR";"2026-09-20";"Deux militaires russes de retour au pays après 755 jours de détention";"https://malijet.com/actualite_internationale/311847-deux-militaires-russes-de-retour-au-pays-apres-755-jours-de.html"
"Malijet (ML)";"FR";"2026-09-20";"Guerre en Iran: le Pentagone contredit Trump et reconnaît une pénurie de munitions";"https://malijet.com/actualite_internationale/311838-guerre-en-iran-le-pentagone-contredit-trump-et-reconnait-un.html"
"Malijet (ML)";"FR";"2026-09-20";"Xi Jinping affirme que les pays des BRICS devraient jouer un rôle de pionniers en matière d'amélioration de la gouvernance mondiale";"https://malijet.com/actualite_internationale/311799-xi-jinping-affirme-que-les-pays-des-brics-devraient-jouer-un.html"
"Malijet (ML)";"FR";"2026-09-20";"Voir tout →";"https://malijet.com/actualite-sur-aes"
"Malijet (ML)";"FR";"2026-09-20";"Diplomatie : Le Mali et le Niger renforcent leur coordination au sein de l’AES à Riyad";"https://malijet.com/actualite-sur-aes/311901-diplomatie-le-mali-et-le-niger-renforcent-leur-coordinatio.html"
"Malijet (ML)";"FR";"2026-09-20";"Egypte : le Burkina Faso renforce la coordination de l’AES au Caire";"https://malijet.com/actualite-sur-aes/311642-egypte-le-burkina-faso-renforce-la-coordination-de-laes-a.html"
"Malijet (ML)";"FR";"2026-09-20";"La revue de Presse du quotidien en ligne Malijet du 10 septembre 2026
                il y a 1 semaine";"https://malijet.com/actualite_en_video/311764-la-revue-de-presse-du-quotidien-en-ligne-malijet-du-10-septe.html"
"Malijet (ML)";"FR";"2026-09-20";"Programme Tounkaranké : les 12 maires de Yélimané s’engagent pour six mois d’actions en faveur du développement local
                
                                        1 commentaire
                                    
                il y a 6 jours";"https://malijet.com/actualite_economique_du_mali/311800-programme-tounkaranke-les-12-maires-de-yelimane-sengagent.html"
"Malijet (ML)";"FR";"2026-09-20";"Le Président de la République du Bénin, Romuald Wadagni, poursuit sa visite de travail en République du Congo.
                                        il y a 1 jour";"https://malijet.com/actualite-sur-afrique/311911-le-president-de-la-republique-du-benin-romuald-wadagni-pou.html"
"Malijet (ML)";"FR";"2026-09-20";"Soudan : au moins 82 morts dans l’effondrement d’une mine d’or
                                        il y a 1 jour";"https://malijet.com/actualite-sur-afrique/311909-soudan-au-moins-82-morts-dans-leffondrement-dune-mine-d.html"
"Malijet (ML)";"FR";"2026-09-20";"Dangote révèle l’erreur commerciale qui lui a coûté des milliards il y a 30 ans
                                        il y a 1 jour";"https://malijet.com/actualite-sur-afrique/311908-dangote-revele-lerreur-commerciale-qui-lui-a-coute-des-mill.html"
"Malijet (ML)";"FR";"2026-09-20";"Médias : La HAC de Guinée interdit la diffusion de France 24 sur tout le territoire national
                                        il y a 2 jours";"https://malijet.com/actualite-sur-afrique/311885-medias-la-hac-de-guinee-interdit-la-diffusion-de-france-24.html"
"Malijet (ML)";"FR";"2026-09-20";"Soudan-Niger : Le général al-Burhan et le président Tiani conviennent de renforcer leur coopération sécuritaire et politique
                                        il y a 3 jours";"https://malijet.com/actualite-sur-afrique/311876-soudan-niger-le-general-al-burhan-et-le-president-tiani-co.html"
"Malijet (ML)";"FR";"2026-09-20";"Bénin-Rwanda : Le président Romuald Wadagni entame une visite officielle de deux jours à Kigali
                                        il y a 3 jours";"https://malijet.com/actualite-sur-afrique/311869-benin-rwanda-le-president-romuald-wadagni-entame-une-visit.html"
"Malijet (ML)";"FR";"2026-09-20";"Algérie : Tebboune reçoit Massad Boulos, conseiller de Trump
                                        il y a 3 jours";"https://malijet.com/actualite-sur-afrique/311863-algerie-tebboune-recoit-massad-boulos-conseiller-de-trump.html"
"Malijet (ML)";"FR";"2026-09-20";"Cap-Vert : le président José Maria Neves candidat à sa propre succession
                                        il y a 5 jours";"https://malijet.com/actualite-sur-afrique/311841-cap-vert-le-president-jose-maria-neves-candidat-a-sa-propr.html"
"Malijet (ML)";"FR";"2026-09-20";"Dangote révèle avoir eu son premier jet privé à 22 ans et demi et conseille ceux qui en possèdent
                                        il y a 5 jours";"https://malijet.com/actualite-sur-afrique/311837-dangote-revele-avoir-eu-son-premier-jet-prive-a-22-ans-et-de.html"
"Malijet (ML)";"FR";"2026-09-20";"Côte d’Ivoire-Guinée : Les présidents Ouattara et Doumbouya réaffirment l’excellence de leur partenariat
                                        il y a 6 jours";"https://malijet.com/actualite-sur-afrique/311807-cote-divoire-guinee-les-presidents-ouattara-et-doumbouya.html"
"Malijet (ML)";"FR";"2026-09-20";"Sénégal-Émirats arabes unis : le président Faye et le cheikh Mohammed ben Zayed renforcent leur partenariat stratégique
                                        il y a 3 jours";"https://malijet.com/actualite_internationale/311881-senegal-emirats-arabes-unis-le-president-faye-et-le-cheikh.html"
"Malijet (ML)";"FR";"2026-09-20";"Deux militaires russes de retour au pays après 755 jours de détention
                                        il y a 4 jours";"https://malijet.com/actualite_internationale/311847-deux-militaires-russes-de-retour-au-pays-apres-755-jours-de.html"
"Malijet (ML)";"FR";"2026-09-20";"Guerre en Iran: le Pentagone contredit Trump et reconnaît une pénurie de munitions
                                        il y a 5 jours";"https://malijet.com/actualite_internationale/311838-guerre-en-iran-le-pentagone-contredit-trump-et-reconnait-un.html"
"Malijet (ML)";"FR";"2026-09-20";"Xi Jinping affirme que les pays des BRICS devraient jouer un rôle de pionniers en matière d'amélioration de la gouvernance mondiale
                                        il y a 6 jours";"https://malijet.com/actualite_internationale/311799-xi-jinping-affirme-que-les-pays-des-brics-devraient-jouer-un.html"
"Malijet (ML)";"FR";"2026-09-20";"L’Algérie va fermer son espace aérien aux aéronefs immatriculés aux Émirats après la rupture des relations diplomatiques
                                        il y a 1 semaine";"https://malijet.com/actualite_internationale/311784-lalgerie-va-fermer-son-espace-aerien-aux-aeronefs-immatricu.html"
"Malijet (ML)";"FR";"2026-09-20";"CGTN Sondage | Pourquoi la « solution de l'OCS » pour la gouvernance mondiale suscite-t-elle une large attention ?
                                        il y a 1 semaine";"https://malijet.com/actualite_internationale/311750-cgtn-sondage-pourquoi-la-solution-de-locs-pour-la-gou.html"
"Malijet (ML)";"FR";"2026-09-20";"Lavrov : la Russie et la Chine ne se cachent aucun secret technologique
                                        1 commentaire
                                        il y a 1 semaine";"https://malijet.com/actualite_internationale/311736-lavrov-la-russie-et-la-chine-ne-se-cachent-aucun-secret-te.html"
"Malijet (ML)";"FR";"2026-09-20";"Tour Eiffel : des salariées écartées, une enquête annoncée
                                        il y a 1 semaine";"https://malijet.com/actualite_internationale/311731-tour-eiffel-des-salariees-ecartees-une-enquete-annoncee.html"
"Malijet (ML)";"FR";"2026-09-20";"Japon : 41 blessés après de pluies torrentielles dans la ville de Nagoya
                                        il y a 1 semaine";"https://malijet.com/actualite_internationale/311729-japon-41-blesses-apres-de-pluies-torrentielles-dans-la-vil.html"
"Malijet (ML)";"FR";"2026-09-20";"France : les prix des carburants atteignent de nouveaux records sur fond de tensions au Moyen-Orient
                                        il y a 1 semaine";"https://malijet.com/actualite_internationale/311728-france-les-prix-des-carburants-atteignent-de-nouveaux-reco.html"
"Malijet (ML)";"FR";"2026-09-20";"BSIC et Programme Tounkaranké : un partenariat au service de l’économie locale à Yélimané
                    2 commentaires
                    il y a 3 jours";"https://malijet.com/actualite_economique_du_mali/311872-bsic-et-programme-tounkaranke-un-partenariat-au-service-de.html"
"Malijet (ML)";"FR";"2026-09-20";"Financement des entreprises : le CNPM et la BAD renforcent leur alliance pour booster le secteur privé malien
                    1 commentaire
                    il y a 3 jours";"https://malijet.com/actualite_economique_du_mali/311874-financement-des-entreprises-le-cnpm-et-la-bad-renforcent-l.html"
"Malijet (ML)";"FR";"2026-09-20";"Économie";"https://malijet.com/actualite_economique_du_mali"
